Iteration,Elapsed,Running,Creating,Terminating,Total Active Memory,Total Free Memory, Active,0,1,2,3,Free,0,1,2,3
0,2,27,0,32,46385124,49738472,,18454436,8648684,11972224,7309780,,11196632,11458684,7643840,19439316
1,1,0,1,28,22331604,89721008,,3573044,3986532,7193040,7578988,,26257368,24741116,19545840,19176684
2,10,2,0,23,22908188,89105704,,3578768,3694944,7761236,7873240,,26246136,25049284,18953796,18856488
3,9,3,0,23,23656904,88327496,,4126080,3683108,7855284,7992432,,25701980,25033448,18855140,18736928
4,9,4,0,19,24553416,87447408,,4231316,4230380,7977600,8114120,,25575932,24500480,18748920,18622076
5,12,5,0,19,25305728,86703516,,4330348,4333936,7895228,8746216,,25483968,24402312,18814076,18003160
6,8,6,0,19,26392416,85593184,,4434564,4431816,8572212,8953824,,25376796,24304224,18135184,17776980
7,9,7,0,19,27627820,84347328,,5097660,4538280,8794652,9197228,,24709424,24189912,17916532,17531460
8,8,8,0,19,28853140,83067236,,5302408,5202092,9008444,9340196,,24499300,23502664,17696384,17368888
9,10,9,0,19,30311348,81600160,,5517136,5406228,9208772,10179212,,24263028,23320080,17491800,16525252
10,8,10,0,19,31835600,80101920,,5731120,5613056,9999912,10491512,,24066844,23123812,16695584,16215680
11,7,11,0,19,33260296,78666624,,6421532,5819504,10217376,10801884,,23355692,22918764,16472632,15919536
12,10,12,0,19,35135740,76746744,,6787428,6585388,10627980,11134944,,22973544,22133776,16070688,15568736
13,10,13,0,19,36921496,74921936,,7102204,6895680,11499232,11424380,,22676336,21801800,15163060,15280740
14,8,14,0,19,38825264,72997404,,7411952,7204016,11911200,12298096,,22367500,21488624,14755980,14385300
15,9,15,0,19,40883748,70923976,,8283204,7522920,12360780,12716844,,21476000,21186816,14298584,13962576
16,10,16,0,19,43191972,68606100,,8790728,8449684,12794472,13157088,,20959020,20248892,13872024,13526164
17,8,17,0,19,45392152,66405204,,9208344,8871452,13748532,13563824,,20564640,19824544,12894028,13121992
18,8,18,0,19,47539856,64205972,,9521936,9247240,14260456,14510224,,20223952,19440436,12380716,12160868
19,8,19,0,19,49953012,61827692,,10493452,9634112,14797388,15028060,,19262272,19054280,11864080,11647060
20,7,20,0,19,52109016,59632520,,10898300,10600624,15224064,15386028,,18857172,18078164,11406160,11291024
21,10,21,0,19,55272176,56428232,,11582544,11221572,15838624,16629436,,18146328,17460888,10801028,10019988
22,8,22,0,19,57989380,53690188,,12125556,11733388,16901712,17228724,,17626680,16934408,9713416,9415684
23,8,23,0,19,60647572,51004952,,13145844,12150396,17517992,17833340,,16601424,16516284,9086520,8800724
24,1,23,0,19,60827020,50822828,,13207932,12253556,17523500,17842032,,16525020,16403600,9102664,8791544
25,0,23,0,19,61020736,50621144,,13317360,12260368,17523916,17919092,,16410876,16393296,9093244,8723728
26,0,23,0,19,61287856,50358096,,13422048,12367232,17530604,17967972,,16303148,16286648,9087888,8680412
27,0,23,0,19,62379168,49261568,,13528376,12564448,17932408,18353936,,16197732,16096016,8679544,8288276
28,0,23,0,19,63181056,48487832,,13836672,12769972,18142532,18431880,,15895236,15901224,8477524,8213848
29,0,23,0,19,63355012,48284520,,13939092,12774244,18145224,18496452,,15783912,15888272,8473244,8139092
30,0,23,0,19,63432300,48207936,,13941324,12778784,18152788,18559404,,15780916,15890728,8461324,8074968
31,1,23,0,19,64128032,47515388,,14142784,12881004,18356124,18748120,,15575108,15786932,8264744,7888604
32,0,23,0,19,65096108,46558048,,14345748,13181204,18568176,19000980,,15376408,15493556,8058268,7629816
33,0,23,0,19,65534272,46120300,,14474268,13282268,18766164,19011572,,15248180,15390224,7857680,7624216
34,0,23,0,19,65714740,45955492,,14553776,13290276,18777628,19093060,,15186740,15374004,7844788,7549960
35,0,23,0,19,65966872,45702852,,14679396,13392144,18784444,19110888,,15060548,15270712,7838376,7533216
36,0,23,0,19,66679308,44954908,,14768180,13597412,18977452,19336264,,14957068,15067600,7623940,7306300
37,0,23,0,19,67734824,43913148,,15068236,13799956,19252464,19614168,,14655204,14863152,7365920,7028872
38,0,23,0,19,68085260,43551820,,15170136,13803044,19384672,19727408,,14549112,14859644,7233020,6910044
39,0,23,0,19,68206952,43419056,,15279968,13802516,19406100,19718368,,14438624,14851132,7208692,6920608
40,0,23,0,19,68727496,42911752,,15375876,13931860,19478652,19941108,,14352892,14731460,7138636,6688764
41,0,23,0,19,69707588,41926388,,15582064,14188140,19716372,20221012,,14139652,14476496,6906560,6403680
42,1,23,0,19,70208220,41418632,,15681980,14313988,19917440,20294812,,14031040,14361428,6695400,6330764
43,0,23,0,19,70492704,41126216,,15792456,14320852,20020092,20359304,,13925480,14336600,6582956,6281180
44,0,23,0,19,70912212,40688728,,15994568,14422240,20020652,20474752,,13723220,14234316,6578584,6152608
45,0,23,0,19,71556604,40079680,,16181708,14524832,20121624,20728440,,13547808,14131820,6494752,5905300
46,0,23,0,19,72333124,39307956,,16300500,14724084,20412648,20895892,,13425396,13937700,6205352,5739508
47,0,23,0,19,72700300,38920512,,16403208,14829616,20464692,21002784,,13322076,13818876,6144564,5634996
48,0,23,0,19,73072252,38555576,,16509556,14881700,20572696,21108300,,13215284,13785856,6030428,5524008
49,0,23,0,19,73476972,38141168,,16612160,14934688,20650232,21279892,,13125076,13732236,5946684,5337172
50,0,23,0,19,74408120,37195196,,16911428,15138840,20847844,21510008,,12806636,13521044,5761120,5106396
51,1,23,0,19,74892220,36702576,,17015348,15297996,20994012,21584864,,12702924,13365128,5607028,5027496
52,0,23,0,19,75268756,36330780,,17124288,15346484,21202644,21595340,,12595068,13320068,5394076,5021568
53,0,23,0,19,75708660,35875224,,17227808,15446500,21218024,21816328,,12480828,13220556,5374028,4799812
54,0,23,0,19,76368808,35215928,,17517552,15545440,21317732,21988084,,12188444,13110184,5277444,4639856
55,0,23,0,19,77077356,34521700,,17585184,15752584,21520348,22219240,,12129872,12901736,5076096,4413996
56,0,23,0,19,77548280,34059384,,17745616,15858484,21718364,22225816,,11967108,12794740,4890500,4407036
57,0,23,0,19,77634920,33957272,,17751684,15856324,21720868,22306044,,11954728,12792036,4889488,4321020
58,1,23,0,19,78403040,33214152,,18014792,15967988,21887056,22533204,,11694760,12692016,4725816,4101560
59,0,23,0,19,79103560,32470220,,18155640,16171840,21935268,22840812,,11551400,12476440,4663204,3779176
60,0,23,0,19,79694768,31876208,,18268032,16269488,22327468,22829780,,11440576,12381356,4270640,3783636
61,0,23,0,19,79956084,31618420,,18364636,16372656,22366620,22852172,,11342360,12282348,4226396,3767316
62,0,23,0,19,80399712,31164120,,18464932,16374692,22424820,23135268,,11237536,12280136,4158628,3487820
63,0,23,0,19,81380008,30182260,,18772140,16578660,22573040,23456168,,10930628,12070584,4020632,3160416
64,0,23,0,19,81799696,29754236,,18879340,16777124,22673172,23470060,,10823132,11867260,3925032,3138812
65,0,23,0,19,82249292,29325276,,18987732,16787332,22988556,23485672,,10715496,11852420,3616496,3140864
66,0,23,0,19,82633556,28912916,,18990020,16887008,22989964,23766564,,10722076,11750920,3584964,2854956
67,1,23,0,19,83417312,28143972,,19399184,16916332,23090660,24011136,,10321756,11730064,3489036,2603116
68,0,23,0,19,83916936,27615744,,19402288,17193292,23201272,24120084,,10299136,11446172,3378460,2491976
69,1,23,0,19,84347956,27198308,,19595252,17288660,23340720,24123324,,10108680,11354852,3247296,2487480
70,0,23,0,19,84631004,26939396,,19603860,17292508,23574308,24160328,,10097836,11351324,3034192,2456044
71,0,23,0,19,85005044,26582256,,19870588,17395908,23575948,24162600,,9845892,11257640,3029516,2449208
72,1,23,0,19,85505556,26074204,,20014188,17594368,23728764,24168236,,9697728,11055536,2865024,2455916
73,0,23,0,19,85838720,25730652,,20116700,17698856,23852408,24170756,,9593216,10938184,2747292,2451960
74,0,23,0,19,86155016,25393204,,20222632,17805280,23957568,24169536,,9480796,10832848,2630280,2449280
75,1,23,0,19,86260256,25287444,,20323272,17809664,23956480,24170840,,9367540,10834896,2632832,2452176
76,0,23,0,19,86362628,25187624,,20347336,17919316,23954836,24141140,,9336856,10737368,2633492,2479908
77,1,23,0,19,86646888,24900928,,20341772,18207080,23954280,24143756,,9344584,10449400,2630496,2476448
78,0,23,0,19,86785680,24767296,,20343104,18331336,23954120,24157120,,9333456,10332392,2635808,2465640
79,0,23,0,19,86787580,24779356,,20346312,18331980,23954224,24155064,,9352232,10329412,2628784,2468928
80,0,23,0,19,86780500,24757052,,20344368,18338500,23954044,24143588,,9355600,10314664,2621964,2464824
81,0,23,0,19,86936392,24604676,,20341400,18498404,23944896,24151692,,9353332,10158992,2628188,2464164
82,0,23,0,19,87194744,24351252,,20340832,18755564,23945784,24152564,,9353208,9903016,2640072,2454956
83,0,23,0,19,87289016,24250540,,20341628,18851000,23951476,24144912,,9362292,9799820,2637416,2451012
84,1,22,0,19,82152624,29389296,,20340960,18848664,23953692,19009308,,9361816,9788888,2645200,7593392
85,0,21,0,19,82494716,29039896,,20342012,18851916,23956544,19344244,,9358848,9795044,2634640,7251364
86,1,21,0,19,82961168,28572232,,20343200,19254892,23970140,19392936,,9352260,9393888,2619928,7206156
87,0,21,0,19,78909060,32637476,,20342136,19360592,19478672,19727660,,9358200,9289340,7128208,6861728
88,0,21,0,19,78085240,33448116,,18855176,19364724,20138768,19726572,,10849132,9274668,6434388,6889928
89,0,20,0,19,78859736,32631968,,19478608,19364220,20280356,19736552,,10216116,9275804,6271960,6868088
90,0,20,0,19,79044044,32481864,,19536316,19413420,20369304,19725004,,10158736,9231244,6207988,6883896
91,1,22,0,19,79984120,31539512,,19709492,19768556,20502272,20003800,,9985356,8879480,6067620,6607056
92,0,23,0,19,80371684,31127180,,19708456,19869028,20751576,20042624,,9978708,8758872,5820420,6569180
93,0,23,0,19,80393296,31112960,,19716940,19876140,20752060,20048156,,9976308,8747224,5838240,6551188
94,1,23,0,19,80606140,30915276,,19817004,19877780,20853176,20058180,,9874300,8753624,5736228,6551124
95,0,23,0,19,81288656,30220376,,20119064,20022832,20882864,20263896,,9574732,8602448,5704840,6338356
96,0,23,0,19,81878368,29627988,,20121228,20382208,21105660,20269272,,9564124,8247436,5480712,6335716
97,1,23,0,19,82049156,29437604,,20127112,20381528,21168284,20372232,,9570536,8241176,5405968,6219924
98,0,23,0,19,82158016,29333016,,20127760,20383188,21273108,20373960,,9566292,8237932,5309568,6219224
99,0,23,0,19,82526056,28949948,,20371804,20389392,21288284,20476576,,9321296,8233652,5274376,6120624
100,1,23,0,19,82771100,28712864,,20371932,20421432,21402324,20575412,,9326336,8202444,5157780,6026304
101,0,23,0,19,83070564,28449868,,20372532,20422276,21595016,20680740,,9324352,8212876,4981464,5931176
102,0,23,0,19,83089552,28433748,,20370988,20422792,21619152,20676620,,9319844,8228416,4960804,5924684
103,1,23,0,19,83163864,28361876,,20363804,20423076,21721444,20655540,,9348832,8222468,4840948,5949628
104,0,23,0,19,83503520,28028348,,20364840,20423436,21945104,20770140,,9346708,8222220,4629476,5829944
105,1,23,0,19,83717500,27813180,,20361984,20422732,22056660,20876124,,9345532,8229172,4517172,5721304
106,0,23,0,19,83814184,27701924,,20360928,20423916,22064992,20964348,,9342016,8228196,4496168,5635544
107,0,23,0,19,83898532,27619260,,20362400,20417164,22140172,20978796,,9341064,8227272,4424668,5626256
108,1,23,0,19,84105096,27376504,,20363668,20419700,22239640,21082088,,9327360,8221836,4316732,5510576
109,0,23,0,19,84335536,27156276,,20362908,20423912,22379928,21168788,,9335956,8206608,4182164,5431548
110,1,23,0,19,84519880,26998460,,20363880,20418168,22453652,21284180,,9333716,8213364,4131812,5319568
111,0,23,0,19,84527352,26988032,,20363412,20421176,22460084,21282680,,9331488,8221172,4124140,5311232
112,0,23,0,19,84710592,26781836,,20363408,20421460,22658268,21267456,,9322064,8218696,3916820,5324256
113,0,21,0,19,79737868,31810008,,17049412,18445068,22758428,21484960,,12674500,10213700,3805260,5116548
114,0,21,0,19,80346980,31162712,,17360588,18653656,22859272,21473464,,12360016,9987572,3709312,5105812
115,1,21,0,19,80435004,31037836,,17409372,18673004,22865364,21487264,,12279036,9954412,3695376,5109012
116,0,21,0,19,80604328,30905524,,17407940,18726400,22964744,21505244,,12294984,9928216,3594520,5087804
117,0,23,0,19,81127568,30390740,,17576928,18849528,23107416,21593696,,12124432,9795548,3459324,5011436
118,1,23,0,19,81425992,30077600,,17576832,18849744,23290616,21708800,,12136256,9792780,3264928,4883636
119,0,23,0,19,81435068,30058284,,17579836,18848588,23294596,21712048,,12130012,9788896,3251872,4887504
120,0,23,0,19,81651788,29855244,,17778376,18854060,23294468,21724884,,11927844,9785144,3253200,4889056
121,0,23,0,19,81987076,29502528,,17879452,18957812,23423848,21725964,,11823724,9680588,3132036,4866180
122,0,23,0,19,82377632,29103984,,17885508,18952492,23612920,21926712,,11818940,9677816,2941500,4665728
123,1,23,0,19,82488396,28985608,,17888900,18958212,23715368,21925916,,11813676,9669720,2838404,4663808
124,0,23,0,19,82771804,28703124,,18089100,19019608,23729344,21933752,,11606232,9609492,2828984,4658416
125,0,23,0,19,83011132,28449104,,18181244,19060672,23836096,21933120,,11511740,9565140,2722008,4650216
126,1,23,0,19,83238472,28247264,,18186712,19060288,23957528,22033944,,11503708,9571272,2606220,4566064
127,0,23,0,19,83379876,28086356,,18193120,19063960,23984992,22137804,,11492276,9572808,2565076,4456196
128,0,23,0,19,83592704,27882628,,18403792,19063824,23984672,22140416,,11297212,9566296,2562724,4456396
129,0,23,0,19,83676212,27803752,,18408524,19164660,23985212,22117816,,11293616,9468800,2571408,4469928
130,0,23,0,19,83790920,27677636,,18512192,19165112,23985268,22128348,,11184720,9463916,2567224,4461776
131,1,23,0,19,84073168,27413988,,18584748,19163256,23986976,22338188,,11104860,9486740,2558432,4263956
132,0,23,0,19,84202488,27296468,,18720640,19168476,23988452,22324920,,10974100,9481992,2556872,4283504
133,0,23,0,19,84272628,27221360,,18720292,19217864,23991612,22342860,,10964752,9428860,2571644,4256104
134,1,23,0,19,84435156,27052900,,18822052,19275132,23988516,22349456,,10875804,9365480,2570648,4240968
135,0,23,0,19,84605856,26881592,,18928464,19268128,23976516,22432748,,10766212,9370396,2584368,4160616
136,0,23,0,19,84828000,26654168,,19030292,19271716,23977192,22548800,,10672876,9365576,2569636,4046080
137,1,23,0,19,84840732,26638352,,19029480,19272444,23985228,22553580,,10665264,9362580,2574140,4036368
138,0,23,0,19,84983744,26503616,,19084580,19373580,23985948,22539636,,10620352,9261392,2574808,4047064
139,0,23,0,19,85141300,26342064,,19231668,19372008,23984360,22553264,,10468440,9260384,2580868,4032372
140,0,23,0,19,84145584,27340740,,19333848,19375844,22695660,22740232,,10375936,9250268,3869680,3844856
141,0,21,0,19,82138852,29308676,,19335304,19374612,20675696,22753240,,10353472,9245004,5871640,3838560
142,1,21,0,19,82488868,28972748,,19384616,19452976,20902380,22748896,,10302508,9174696,5644228,3851316
143,0,21,0,19,82690868,28755904,,19543372,19476876,20934772,22735848,,10146400,9157572,5604380,3847552
144,0,22,0,19,83174632,28285444,,19651480,19476708,21098672,22947772,,10039368,9161024,5437112,3647940
145,0,22,0,19,83288952,28169416,,19653800,19482096,21199216,22953840,,10029552,9155732,5356504,3627628
146,0,22,0,19,83379512,28081972,,19654392,19485812,21277732,22961576,,10017064,9148772,5284056,3632080
147,1,22,0,19,83584704,27861848,,19755608,19581152,21284696,22963248,,9917048,9043684,5283572,3617544
148,0,22,0,19,84027824,27432844,,19961116,19583400,21392216,23091092,,9714188,9039872,5174544,3504240
149,0,22,0,19,84123892,27323428,,19964824,19589356,21397652,23172060,,9717124,9035120,5162144,3409040
150,1,22,0,19,84490616,26951016,,19964636,19589400,21754552,23182028,,9716932,9032632,4802884,3398568
151,0,23,0,19,84712068,26698904,,20060548,19691660,21775624,23184236,,9617020,8928404,4766020,3387460
152,1,23,0,19,85089716,26334668,,20267776,19691388,21876248,23254304,,9413728,8927308,4674212,3319420
153,0,23,0,19,85320816,26120072,,20269928,19686904,21979996,23383988,,9414812,8928568,4579464,3197228
154,0,23,0,19,85557044,25887556,,20275704,19687864,22186940,23406536,,9408568,8927336,4362060,3189592
155,1,23,0,19,85624836,25842780,,20340712,19711624,22193152,23379348,,9337228,8923592,4365412,3216548
156,0,23,0,19,85852504,25571472,,20390004,19788468,22292556,23381476,,9279292,8840380,4243320,3208480
157,1,23,0,19,86065960,25366816,,20390712,19790660,22291256,23593332,,9278060,8848288,4239612,3000856
158,0,23,0,19,86268920,25176884,,20390792,19789660,22491412,23597056,,9293096,8845292,4048116,2990380
159,0,23,0,19,86283340,25154992,,20390748,19792852,22497540,23602200,,9299240,8833252,4041564,2980936
160,0,23,0,19,86472812,24944800,,20389424,19891608,22585168,23606612,,9298484,8726492,3949036,2970788
161,0,23,0,19,86717924,24698144,,20389360,19891528,22674464,23762572,,9295992,8724848,3866604,2810700
162,1,23,0,19,86889772,24513644,,20388812,19896180,22808220,23796560,,9284048,8722104,3717828,2789664
163,0,23,0,19,86899656,24513116,,20388640,19897328,22812112,23801576,,9289744,8720832,3721888,2780652
164,1,23,0,19,86994964,24448396,,20389484,20000328,22813532,23791620,,9287028,8627184,3738772,2795412
165,0,23,0,19,87132580,24282268,,20388340,20001540,22915216,23827484,,9284884,8615336,3640324,2741724
166,0,23,0,19,87424188,23986488,,20380924,20003752,23045308,23994204,,9307384,8612148,3488312,2578644
167,1,23,0,19,87530836,23894628,,20381368,20003824,23130488,24015156,,9316464,8621588,3400952,2555624
168,0,22,0,19,83949908,27461352,,16692348,20105296,23132448,24019816,,13018636,8517268,3393824,2531624
169,1,22,0,19,84318780,27111768,,16967652,20106556,23233856,24010716,,12742408,8517504,3288584,2563272
170,0,22,0,19,84679556,26729840,,17017972,20110348,23334524,24216712,,12653980,8516748,3205024,2354088
171,0,23,0,19,84953240,26496496,,17189148,20104124,23436820,24223148,,12504696,8528140,3104500,2359160
172,1,23,0,19,85087188,26373220,,17191248,20206940,23465788,24223212,,12512148,8436572,3077632,2346868
173,0,23,0,19,85296512,26158472,,17294892,20209796,23564508,24227316,,12409108,8430360,2970100,2348904
174,1,23,0,19,85435272,26027752,,17308544,20212596,23667932,24246200,,12390988,8424564,2871240,2340960
175,0,23,0,19,85630684,25811460,,17397956,20214452,23773592,24244684,,12297196,8422548,2756868,2334848
176,0,23,0,19,85716856,25717388,,17401632,20285188,23781488,24248548,,12303948,8351996,2743000,2318444
177,0,23,0,19,85853012,25574328,,17507900,20316588,23780488,24248036,,12195436,8314440,2741628,2322824
178,0,23,0,19,86061012,25370176,,17512472,20315440,23982460,24250640,,12183056,8309652,2550520,2326948
179,1,23,0,19,86166240,25258128,,17603900,20318264,23984068,24260008,,12082928,8317132,2540616,2317452
180,0,23,0,19,86229424,25195340,,17604820,20323128,24045048,24256428,,12087748,8308868,2477404,2321320
181,1,23,0,19,86436268,25012152,,17709552,20417776,24047988,24260952,,11993424,8218352,2481352,2319024
182,0,23,0,19,86412132,25025832,,17713600,20420228,24048112,24230192,,11986940,8212876,2485652,2340364
183,1,23,0,19,86528628,24921616,,17814772,20419084,24048716,24246056,,11882672,8213972,2497072,2327900
184,0,23,0,19,86547524,24892848,,17816136,20422888,24049032,24259468,,11871496,8210704,2493904,2316744
185,1,23,0,19,86667808,24752400,,17917688,20454608,24055356,24240156,,11769216,8169804,2490800,2322580
186,0,23,0,19,86668996,24739736,,17924104,20454780,24039940,24250172,,11763196,8189500,2492136,2294904
187,1,22,0,19,84612452,26824548,,18026020,20456584,24044428,22085420,,11662844,8184532,2488264,4488908
188,0,22,0,19,84749992,26633756,,18026752,20468324,24044500,22210416,,11654492,8159508,2482368,4337388
189,1,22,0,19,84854884,26562508,,18126956,20455888,24045552,22226488,,11554252,8174064,2490892,4343300
190,1,22,0,19,84869660,26566936,,18133556,20467856,24047260,22220988,,11536964,8161960,2500880,4367132
191,1,22,0,19,84959764,26476344,,18237000,20455760,24045516,22221488,,11434948,8181816,2508132,4351448
192,0,22,0,19,84119828,27303928,,18237720,20462652,23214340,22205116,,11447156,8178952,3322088,4355732
193,1,21,0,19,84449012,26981936,,18340332,20471016,23421276,22216388,,11346356,8168008,3112324,4355248
194,0,21,0,19,84474848,26924120,,18342296,20456060,23452968,22223524,,11333416,8187292,3050580,4352832
195,1,21,0,19,84454896,26990160,,18341724,20469576,23435992,22207604,,11336140,8171604,3105580,4376836
196,0,21,0,19,84713300,26701108,,18439396,20462964,23506176,22304764,,11236348,8162116,3044012,4258632
197,0,22,0,19,85009164,26389908,,18543200,20455356,23610792,22399816,,11132804,8174240,2924356,4158508
198,0,21,0,19,79305288,32133204,,18546852,14747420,23601848,22409168,,11133748,13891328,2950620,4157508
199,0,20,0,19,79780484,31644468,,18548632,15216936,23604684,22410232,,11129652,13422632,2937900,4154284
200,0,20,0,19,79973184,31468992,,18652296,15298476,23607084,22415328,,11026084,13326144,2948144,4168620
201,0,20,0,19,80453772,30982216,,18749012,15473212,23712656,22518892,,10926164,13164260,2832564,4059228
202,1,21,0,19,80445620,30995300,,18751204,15456708,23714768,22522940,,10933932,13176816,2838940,4045612
203,0,21,0,19,80458472,30993156,,18759144,15465936,23715328,22518064,,10925980,13169948,2836560,4060668
204,1,21,0,19,80749712,30637856,,18859100,15470632,23888800,22531180,,10823488,13153848,2629488,4031032
205,0,22,0,19,81018340,30394388,,18957624,15535964,23891692,22633060,,10724972,13098808,2642752,3927856
206,0,22,0,19,81164948,30253956,,18960168,15576184,23993972,22634624,,10721232,13062912,2539544,3930268
207,0,22,0,19,81258440,30154664,,18964332,15673512,23996528,22624068,,10716276,12961812,2533484,3943092
208,0,23,0,19,81555412,29853392,,19064660,15768604,24098796,22623352,,10630940,12857680,2426648,3938124
209,1,23,0,19,81732884,29683916,,19164824,15840136,24103004,22624920,,10531692,12780220,2426644,3945360
210,0,23,0,19,81781736,29647908,,19167344,15860332,24141672,22612388,,10527924,12767724,2385712,3966548
211,1,23,0,19,81860224,29589256,,19169680,15933744,24147592,22609208,,10516540,12704928,2386452,3981336
212,0,23,0,19,81996556,29458644,,19267528,15970844,24146228,22611956,,10409060,12682120,2394144,3973320
213,0,23,0,19,82095192,29365072,,19370060,15975596,24145908,22603628,,10306020,12680556,2392948,3985548
214,1,23,0,19,82303856,29116252,,19366220,16077340,24148004,22712292,,10299564,12568128,2381588,3866972
215,0,23,0,19,82366860,29025984,,19368736,16143872,24145764,22708488,,10294460,12503328,2367720,3860476
216,1,23,0,19,82467512,28911992,,19468484,16134700,24146816,22717512,,10198028,12499916,2366544,3847504
217,0,23,0,19,82576764,28808264,,19558104,16146256,24146596,22725808,,10106592,12482376,2374284,3845012
218,1,23,0,19,82668132,28726732,,19573432,16233816,24149772,22711112,,10090744,12399348,2377380,3859260
219,0,23,0,19,82696876,28718400,,19576352,16247136,24149380,22724008,,10103288,12387152,2381316,3846644
220,0,23,0,19,83030580,28373552,,19678480,16366316,24150516,22835268,,10001368,12256792,2378192,3737200
221,0,23,0,19,83049512,28354904,,19709804,16357420,24147724,22834564,,9971412,12255388,2388688,3739416
222,0,23,0,19,83173312,28240344,,19784068,16397008,24149160,22843076,,9895560,12225300,2392012,3727472
223,1,22,0,19,81671680,29741012,,19786640,16440648,22629832,22814560,,9897188,12186520,3903152,3754152
224,0,22,0,19,82184324,29236708,,19887964,16551880,22816688,22927792,,9794072,12078248,3721048,3643340
225,1,22,0,19,82304732,29098452,,19986760,16563032,22822148,22932792,,9692292,12069124,3690540,3646496
226,0,22,0,19,82295216,29118840,,19986748,16549800,22823128,22935540,,9687348,12083292,3710848,3637352
227,1,22,0,19,82411508,28991564,,19991400,16664960,22820700,22934448,,9673296,11980972,3707812,3629484
228,0,22,0,19,82622892,28790264,,20091720,16768696,22821304,22941172,,9570668,11869328,3727232,3623036
229,0,22,0,19,82812584,28574664,,20192212,16759616,22820948,23039808,,9465344,11889436,3704212,3515672
230,0,22,0,19,82832120,28540584,,20195572,16773000,22819784,23043764,,9461816,11863728,3695568,3519472
231,0,22,0,19,82926532,28484156,,20199080,16861828,22820024,23045600,,9467344,11787180,3700712,3528920
232,0,22,0,19,83077936,28312812,,20292192,16916764,22820896,23048084,,9378792,11724148,3699208,3510664
233,0,22,0,19,83346428,28062408,,20405932,16984392,22812296,23143808,,9265444,11656776,3716548,3423640
234,1,22,0,19,83337552,28061136,,20406360,16991320,22813000,23126872,,9261480,11638512,3712100,3449044
235,0,22,0,19,83510880,27870324,,20408004,16996876,22988980,23117020,,9254156,11635292,3530372,3450504
236,1,23,0,19,83641136,27739328,,20411484,17100788,22989792,23139072,,9263032,11528156,3522016,3426124
237,0,23,0,19,83764680,27609808,,20422332,17210052,22988884,23143412,,9252236,11418024,3513328,3426220
238,1,23,0,19,83860876,27522976,,20425540,17213492,22993180,23228664,,9244284,11409884,3526380,3342428
239,0,23,0,19,83987704,27389668,,20425640,17215964,23098816,23247284,,9238696,11415624,3425684,3309664
240,0,23,0,19,84071696,27304364,,20419248,17318096,23099596,23234756,,9248104,11310224,3418916,3327120
241,0,23,0,19,84101196,27265416,,20419552,17339476,23099308,23242860,,9256372,11280448,3400884,3327712
242,0,23,0,19,84280516,27083296,,20416228,17413184,23099704,23351400,,9253124,11198212,3413628,3218332
243,1,23,0,19,84375936,26991108,,20417968,17419268,23198108,23340592,,9245472,11197736,3328172,3219728
244,0,23,0,19,84445632,26957380,,20418252,17491044,23180764,23355572,,9249516,11135108,3357708,3215048
245,1,23,0,19,84455664,26959672,,20417752,17492704,23184884,23360324,,9257212,11135232,3363556,3203672
246,0,23,0,19,84547920,26834104,,20417864,17608164,23180952,23340940,,9255516,11027652,3342048,3208888
247,1,23,0,19,84744248,26660276,,20425824,17588880,23279968,23449576,,9254056,11056984,3248580,3100656
248,0,23,0,19,84754432,26665508,,20418768,17608092,23287032,23440540,,9258108,11039824,3240348,3127228
249,0,23,0,19,84857044,26542804,,20416912,17706948,23285304,23447880,,9256888,10925968,3242840,3117108
250,0,22,0,19,83180816,28217460,,18643848,17797528,23285868,23453572,,11036752,10842904,3235628,3102176
251,0,22,0,19,83483632,27921176,,18789272,17807328,23333036,23553996,,10880172,10831344,3187440,3022220
252,1,22,0,19,83579552,27837380,,18814428,17813280,23392500,23559344,,10872060,10833912,3123548,3007860
253,0,22,0,19,83673832,27699296,,18812944,17902860,23394288,23563740,,10850964,10727604,3122316,2998412
254,1,22,0,19,83787280,27577208,,18809288,18014768,23394600,23568624,,10849200,10602428,3124964,3000616
255,0,22,0,19,83848376,27497996,,18807880,18003172,23395476,23641848,,10849452,10622456,3122724,2903364
256,1,22,0,19,84000312,27370604,,18808428,18015080,23498156,23678648,,10857040,10606548,3026528,2880488
257,0,22,0,19,84119000,27247800,,18807644,18132876,23498344,23680136,,10851680,10484648,3034148,2877324
258,0,22,0,19,84168492,27204788,,18807144,18185204,23491696,23684448,,10860936,10443888,3028216,2871748
259,0,23,0,19,84380960,26991788,,18980192,18218004,23494748,23688016,,10684284,10405592,3026440,2875472
260,0,23,0,19,84559852,26800576,,18980548,18225536,23603232,23750536,,10673572,10401840,2909600,2815564
261,0,23,0,19,84563048,26805976,,18981196,18227300,23602768,23751784,,10680368,10405880,2909048,2810680
262,0,23,0,19,84692992,26687324,,18986736,18331136,23603744,23771376,,10686544,10298212,2913572,2788996
263,0,23,0,19,84918688,26462540,,19094312,18439144,23607016,23778216,,10577660,10183680,2913068,2788132
264,0,23,0,19,84925956,26421648,,19087012,18441016,23616812,23781116,,10573340,10182420,2886608,2779280
265,1,23,0,19,85118132,26261312,,19094008,18443528,23705268,23875328,,10579620,10187284,2798480,2695928
266,0,23,0,19,85191556,26196032,,19083400,18550524,23698280,23859352,,10603684,10074636,2824980,2692732
267,1,23,0,19,85400916,26007364,,19170504,18654512,23700624,23875276,,10526340,9970056,2819524,2691444
268,0,23,0,19,85413228,25993980,,19182256,18648916,23703548,23878508,,10514164,9969048,2834800,2675968
269,1,23,0,19,85545252,25866916,,19182540,18653340,23806164,23903208,,10510576,9965264,2729548,2661528
270,0,23,0,19,85675200,25737584,,19170144,18719776,23800452,23984828,,10522680,9908288,2727848,2578768
271,1,23,0,19,85887172,25525424,,19288092,18831560,23801856,23965664,,10402312,9797216,2723908,2601988
272,0,23,0,19,85926216,25466100,,19290328,18844452,23809500,23981936,,10393720,9783480,2704356,2584544
273,0,23,0,19,86038668,25359940,,19283524,18852016,23915244,23987884,,10417532,9761556,2605508,2575344
274,0,23,0,19,86066568,25304740,,19289712,18835020,23912852,24028984,,10404596,9790904,2582848,2526392
275,0,23,0,19,86226144,25144316,,19276860,18951448,23913404,24084432,,10424520,9668480,2588556,2462760
276,1,23,0,19,86458856,24916720,,19388872,19054720,23913336,24101928,,10294996,9567708,2603372,2450644
277,0,23,0,19,86512664,24858964,,19396936,19046800,23977776,24091152,,10282548,9584164,2537432,2454820
278,1,23,0,19,86553608,24802400,,19385096,19061036,24014540,24092936,,10295064,9567800,2486316,2453220
279,0,23,0,19,86762624,24587996,,19397632,19151860,24016092,24197040,,10282112,9482392,2478056,2345436
280,1,23,0,19,86991560,24395088,,19502036,19267528,24015860,24206136,,10185124,9363864,2496992,2349108
281,0,23,0,19,87025556,24349604,,19500928,19270028,24047948,24206652,,10187344,9353564,2464008,2344688
282,0,23,0,19,87093784,24285088,,19503948,19258032,24124636,24207168,,10185888,9372276,2388184,2338740
283,0,23,0,19,87230540,24158760,,19504504,19369016,24123320,24233700,,10184164,9265932,2401860,2306804
284,1,23,0,19,87489600,23859532,,19609336,19466752,24150956,24262556,,10069876,9166924,2353888,2268844
285,0,23,0,19,87501884,23881464,,19611972,19470884,24153992,24265036,,10075304,9160560,2362508,2283092
286,1,23,0,19,87535228,23861568,,19614428,19491132,24153136,24276532,,10070228,9144244,2366500,2280596
287,0,23,0,19,87529824,23827900,,19614392,19474788,24160356,24280288,,10067736,9137392,2351796,2270976
288,1,23,0,19,87653008,23669920,,19635056,19580620,24160448,24276884,,10043956,9025152,2337020,2263792
289,0,23,0,19,87859680,23467992,,19715396,19681136,24181528,24281620,,9959592,8922300,2333316,2252784
290,1,23,0,19,87824456,23551008,,19691024,19685824,24181148,24266460,,9995484,8928820,2346020,2280684
291,0,23,0,19,87850028,23509708,,19699524,19689668,24182112,24278724,,9986124,8924536,2331580,2267468
292,0,23,0,19,87960732,23380084,,19709284,19783432,24183256,24284760,,9965960,8829308,2321704,2263112
293,0,23,0,19,88061780,23285536,,19810116,19786052,24183596,24282016,,9868752,8830440,2319576,2266768
294,0,23,0,19,88171204,23163396,,19806868,19887328,24189800,24287208,,9878296,8725288,2310352,2249460
295,1,23,0,19,88165980,23176876,,19814628,19884476,24191108,24275768,,9865612,8717944,2319696,2273624
296,0,23,0,19,82411496,28951820,,19800200,19994032,20582740,22034524,,9871320,8622212,5932348,4525940
297,1,21,0,19,82935352,28444032,,19911944,19996132,20763464,22263812,,9759584,8622508,5752860,4309080
298,0,21,0,19,83057260,28279864,,19917480,20064556,20781616,22293608,,9762172,8559984,5714752,4242956
299,1,21,0,19,83239500,28126372,,19898332,20081380,20957892,22301896,,9788792,8541036,5559740,4236804
300,0,22,0,19,83388196,27981168,,19911476,20124152,21041592,22310976,,9773520,8500520,5478440,4228688
301,0,22,0,19,83561940,27796556,,20018828,20171080,21060868,22311164,,9659520,8448328,5455072,4233636
302,0,22,0,19,83668356,27694968,,20005868,20288452,21060240,22313796,,9673216,8332240,5461020,4228492
303,0,22,0,19,83776372,27587504,,20016480,20292296,21159004,22308592,,9664864,8326976,5357020,4238644
304,0,22,0,19,83864916,27505304,,20025076,20286268,21255940,22297632,,9647124,8337448,5254440,4266292
305,0,22,0,19,84185652,27206032,,20115632,20397920,21261540,22410560,,9569428,8231028,5247132,4158444
306,0,23,0,19,84257820,27114460,,20126024,20385728,21270628,22475440,,9561060,8232568,5238356,4082476
307,0,23,0,19,84469324,26902900,,20129472,20490872,21375796,22473184,,9558568,8124416,5143736,4076180
308,1,23,0,19,84569356,26820872,,20133860,20492816,21470636,22472044,,9565276,8119088,5048784,4087724
309,0,23,0,19,84640564,26743484,,20241272,20480340,21474944,22444008,,9449056,8128384,5046556,4119488
310,1,23,0,19,84774928,26577044,,20245344,20493332,21478092,22558160,,9442756,8112376,5026476,3995436
311,0,23,0,19,84891548,26455232,,20249428,20497720,21583744,22560656,,9436300,8111492,4918300,3989140
312,1,23,0,19,84876000,26472400,,20254344,20486776,21584712,22550168,,9425332,8131616,4915268,4000184
313,0,23,0,19,85169428,26158440,,20360564,20491708,21684916,22632240,,9317488,8113276,4811780,3915896
314,1,23,0,19,85189960,26124120,,20362860,20490800,21687236,22649064,,9307436,8107192,4807960,3901532
315,0,23,0,19,85194276,26126360,,20349664,20493124,21689556,22661932,,9305420,8106212,4819876,3894852
316,1,23,0,19,85294048,26013084,,20324052,20492812,21803400,22673784,,9339980,8100156,4693464,3879484
317,0,23,0,19,85479372,25868692,,20425468,20497684,21893144,22663076,,9247296,8128572,4610472,3882352
318,1,23,0,19,85596212,25767592,,20432788,20499356,21894832,22769236,,9241744,8130276,4619340,3776232
319,0,23,0,19,85578612,25781360,,20420880,20495000,21903040,22759692,,9253752,8128064,4608276,3791268
320,0,23,0,19,83062380,28276524,,20431076,17785932,22079764,22765608,,9250268,10823536,4424552,3778168
321,0,22,0,19,83362460,27999672,,20434224,18045444,22100460,22782332,,9242044,10575612,4409516,3772500
322,0,22,0,19,83579204,27781508,,20420460,18087900,22101376,22969468,,9261200,10521656,4411968,3586684
323,0,22,0,19,83599912,27768220,,20432724,18089504,22100112,22977572,,9256788,10522036,4415384,3574012
324,0,22,0,19,83760472,27575816,,20431340,18054164,22302580,22972388,,9240644,10569660,4215084,3550428
325,0,22,0,19,83870672,27499244,,20422404,18165140,22304880,22978248,,9264844,10456844,4220700,3556856
326,0,22,0,19,83995872,27384720,,20432548,18172192,22308076,23083056,,9244524,10467292,4206836,3466068
327,0,22,0,19,84071280,27321688,,20415744,18159632,22308532,23187372,,9268440,10477968,4214572,3360708
328,0,22,0,19,84353124,27033524,,20426352,18278220,22453636,23194916,,9262300,10360184,4050436,3360604
329,0,22,0,19,84415336,26951976,,20412940,18288836,22514848,23198712,,9275232,10332148,3988696,3355900
330,0,22,0,19,83513452,27836428,,19439976,18361736,22515548,23196192,,10244888,10263444,3988296,3339800
331,1,22,0,19,83247504,28097916,,18869544,18462380,22517800,23397780,,10802860,10172032,3987048,3135976
332,0,22,0,19,83413664,27942856,,18937052,18554656,22523020,23398936,,10729628,10078172,3989376,3145680
333,1,22,0,19,83696296,27645944,,18945976,18559172,22724672,23466476,,10716664,10061240,3781420,3086620
334,0,22,0,19,83888296,27446088,,18950948,18632720,22727380,23577248,,10722044,9985700,3769668,2968676
335,1,22,0,19,84028236,27308720,,18955860,18656924,22724800,23690652,,10713072,9955060,3787616,2852972
336,0,22,0,19,84235384,27094828,,18957428,18766940,22722928,23788088,,10700024,9846080,3775304,2773420
337,1,22,0,19,84635900,26732152,,19046620,18756508,22924784,23907988,,10644444,9876004,3571572,2640132
338,0,22,0,19,84684548,26684016,,19041144,18821956,22924696,23896752,,10647208,9809316,3579876,2647616
339,1,22,0,19,85023924,26345960,,19044048,18856480,23020100,24103296,,10644940,9775200,3482192,2443628
340,0,22,0,19,85223252,26143252,,19044208,18950832,23020964,24207248,,10629376,9675224,3488168,2350484
341,1,22,0,19,85257624,26132056,,19046984,18951728,23060432,24198480,,10639820,9670472,3453252,2368512
342,0,22,0,19,85472248,25896764,,19020364,18956544,23223664,24271676,,10674624,9671788,3279840,2270512
343,1,22,0,19,85740580,25628420,,19121996,19090348,23224588,24303648,,10576612,9543272,3277200,2231336
344,0,22,0,19,85862908,25484756,,19179244,19173440,23228092,24282132,,10504664,9455596,3268988,2255508
345,0,23,0,19,86114924,25220304,,19314056,19277244,23228192,24295432,,10362496,9337568,3277308,2242932
346,0,23,0,19,86467064,24855768,,19397064,19279056,23509016,24281928,,10280324,9329656,2990420,2255368
347,1,23,0,19,86617784,24703924,,19406416,19381748,23533536,24296084,,10271004,9225316,2961940,2245664
348,0,23,0,19,86765456,24564528,,19457560,19484904,23529508,24293484,,10218600,9133112,2973448,2239368
349,1,23,0,19,86917380,24419348,,19590840,19492972,23533456,24300112,,10098276,9120756,2966520,2233796
350,0,23,0,19,87272460,24075564,,19611148,19511508,23841688,24308116,,10069592,9117604,2669908,2218460
351,1,23,0,19,87446668,23901640,,19617168,19672592,23847320,24309588,,10067828,8956244,2659952,2217616
352,0,23,0,19,87647576,23686056,,19708212,19780072,23848324,24310968,,9971300,8851412,2648324,2215020
353,1,23,0,19,87773224,23550708,,19818756,19789572,23852756,24312140,,9867508,8825272,2646308,2211620
354,0,23,0,19,88153340,23170756,,19823100,19889984,24127188,24313068,,9862512,8722076,2374072,2212096
355,1,23,0,19,84670320,26683296,,19816664,19929692,24155368,20768596,,9872500,8682480,2341860,5786456
356,0,22,0,19,85342856,25999296,,19888556,20090056,24155888,21208356,,9808252,8528924,2338992,5323128
357,1,22,0,19,85635624,25704400,,20012864,20180124,24159456,21283180,,9673304,8434108,2343988,5253000
358,0,22,0,19,85828760,25482700,,20018512,20190728,24192648,21426872,,9657836,8437364,2288520,5098980
359,1,23,0,19,85957712,25340260,,20027736,20298132,24193616,21438228,,9647600,8323448,2287220,5081992
360,0,23,0,19,86245276,25072672,,20112572,20489128,24196692,21446884,,9555204,8138820,2297596,5081052
361,1,23,0,19,86358236,24960800,,20228192,20499200,24196204,21434640,,9453108,8121824,2293916,5091952
362,0,23,0,19,86556404,24753892,,20230980,20502332,24197432,21625660,,9444076,8120920,2290236,4898660
363,1,23,0,19,86676556,24637584,,20327144,20497432,24194664,21657316,,9357072,8128224,2288096,4864192
364,0,23,0,19,86685820,24651984,,20332272,20504200,24196596,21652752,,9335092,8118960,2310004,4887928
365,1,23,0,19,86785764,24555532,,20435628,20485752,24198832,21665552,,9234188,8143148,2304800,4873396
366,0,23,0,19,86952604,24387216,,20436636,20496664,24204756,21814548,,9232704,8126584,2304588,4723340
367,0,23,0,19,87003376,24327792,,20439684,20502972,24195112,21865608,,9229204,8123840,2300392,4674356
368,1,23,0,19,87010540,24323656,,20441592,20505308,24200052,21863588,,9219752,8123112,2293388,4687404
369,0,23,0,19,87045752,24287996,,20443196,20507168,24197740,21897648,,9230072,8112824,2280492,4664608
370,1,23,0,19,87186972,24158868,,20449464,20509616,24199152,22028740,,9233672,8100916,2301492,4522788
371,0,22,0,19,83787984,27514888,,20449876,20514808,20755164,22068136,,9220192,8101272,5747652,4445772
372,1,22,0,19,83918028,27408404,,20440492,20517428,20900832,22059276,,9232080,8100800,5591364,4484160
373,0,22,0,19,84221636,27080776,,20447288,20517828,21088928,22167592,,9211380,8105936,5402484,4360976
374,1,21,0,19,75953000,35365056,,20446492,12252396,21087288,22166824,,9208384,16389324,5401772,4365576
375,0,20,0,19,76797996,34528120,,20416264,12995448,21114400,22271884,,9247824,15643244,5384168,4252884
376,0,20,0,19,77022916,34268272,,20425932,13132732,21087428,22376824,,9245440,15465500,5404496,4152836
377,1,20,0,19,77381144,33945924,,20431436,13280324,21289860,22379524,,9244936,15347168,5206520,4147300
378,0,21,0,19,77387436,33910156,,20433600,13292248,21285472,22376116,,9242696,15333172,5193468,4140820
379,1,20,0,19,74860444,36453576,,17725528,13298772,21289732,22546412,,11948192,15324060,5197416,3983908
380,0,20,0,19,75063860,36256536,,17902092,13284572,21295300,22581896,,11767100,15348104,5183660,3957672
381,1,20,0,19,75292356,36025412,,17908916,13403088,21395488,22584864,,11752080,15230596,5106048,3936688
382,0,20,0,19,75746972,35577768,,18089152,13572312,21498100,22587408,,11597936,15051784,4998724,3929324
383,0,22,0,19,76007512,35315492,,18180444,13565244,21501924,22759900,,11489072,15061780,4983828,3780812
384,1,22,0,19,76096564,35225372,,18186336,13639444,21504548,22766236,,11496680,14990588,4972736,3765368
385,0,22,0,19,76121912,35216904,,18188952,13652696,21502016,22778248,,11483632,14986584,4998960,3747728
386,1,22,0,19,76562376,34771784,,18289108,13706360,21704864,22862044,,11393920,14929148,4783812,3664904
387,0,22,0,19,76826628,34511228,,18396476,13744920,21809392,22875840,,11282468,14884708,4689776,3654276
388,1,22,0,19,76953460,34371956,,18390684,13763128,21810944,22988704,,11277792,14866408,4685404,3542352
389,0,22,0,19,77034540,34273180,,18401248,13840808,21814604,22977880,,11269084,14787640,4669964,3546492
390,1,22,0,19,77554408,33755080,,18504456,13947724,22027888,23074340,,11167064,14675908,4463540,3448568
391,0,22,0,19,77660372,33623204,,18610828,13943484,22024396,23081664,,11052276,14675524,4451080,3444324
392,1,22,0,19,77769164,33548596,,18617296,13952256,22027012,23172600,,11047892,14683828,4446452,3370424
393,0,23,0,19,78161612,33168480,,18615828,14228496,22127644,23189644,,11046140,14406076,4378380,3337884
394,1,23,0,19,78657812,32663956,,18715844,14334096,22328668,23279204,,10954428,14296304,4167012,3246212
395,0,23,0,19,78778816,32543728,,18819724,14338176,22331300,23289616,,10840080,14298828,4169760,3235060
396,0,23,0,19,78927712,32404040,,18827280,14358008,22343720,23398704,,10848824,14280940,4156356,3117920
397,0,23,0,19,79196536,32094664,,18826868,14546080,22431844,23391744,,10842808,14091952,4048832,3111072
398,0,23,0,19,79553476,31750012,,18930056,14554348,22569772,23499300,,10742264,14076984,3903128,3027636
399,1,23,0,19,79798496,31484304,,19005680,14649124,22639844,23503848,,10660408,13975960,3839256,3008680
400,0,23,0,19,80029684,31292900,,19069876,14714636,22740136,23505036,,10611324,13922312,3737704,3021560
401,1,23,0,19,80210280,31113088,,19124944,14811368,22736316,23537652,,10552544,13825864,3741516,2993164
402,0,23,0,19,80602160,30727880,,19224516,14861016,22880172,23636456,,10460496,13777580,3603236,2886568
403,1,23,0,19,80982604,30309856,,19328556,14965956,23050036,23638056,,10339824,13671956,3422756,2875320
404,0,23,0,19,81049364,30225536,,19331056,14980308,23063500,23674500,,10328856,13647540,3401880,2847260
405,0,23,0,19,81302368,30006960,,19425304,15048728,23079804,23748532,,10246116,13580852,3413444,2766548
406,1,23,0,19,81913736,29391772,,19627616,15162440,23278416,23845264,,10035740,13470528,3212516,2672988
407,0,23,0,19,82102768,29224580,,19620988,15269036,23360228,23852516,,10062140,13367704,3126628,2668108
408,1,23,0,19,82192592,29123228,,19735500,15261900,23362688,23832504,,9942288,13372520,3121476,2686944
409,0,23,0,19,82605176,28723884,,19739704,15371652,23559824,23933996,,9927964,13276364,2922540,2597016
410,0,23,0,19,82997788,28327564,,19933668,15463460,23556320,24044340,,9743916,13183560,2919884,2480204
411,0,23,0,19,83320116,28020820,,20053052,15576180,23661268,24029616,,9619096,13065780,2830864,2505080
412,0,23,0,19,83447508,27866344,,20057336,15586928,23758816,24044428,,9602808,13042352,2732472,2488712
413,1,23,0,19,83618984,27693392,,20050452,15671880,23761400,24135252,,9624532,12957256,2721712,2389892
414,0,23,0,19,84040548,27264724,,20260864,15681840,23860224,24237620,,9413304,12953296,2616852,2281272
415,1,23,0,19,84351256,26931184,,20373996,15828372,23906536,24242352,,9290020,12810964,2565160,2265040
416,0,23,0,19,84652160,26656132,,20449292,15888020,24079872,24234976,,9224076,12743040,2394384,2294632
417,0,23,0,19,84771864,26541844,,20456344,15993928,24074056,24247536,,9210248,12637780,2405196,2288620
418,1,23,0,19,84806608,26473368,,20455508,15986800,24174344,24189956,,9204852,12642224,2299320,2326972
419,0,23,0,19,84987644,26298428,,20449348,16099380,24231800,24207116,,9204616,12534592,2238936,2320284
420,1,23,0,19,85091120,26153660,,20450812,16201704,24233380,24205224,,9202852,12429908,2226444,2294456
421,0,23,0,19,85170676,26111404,,20451616,16287196,24222824,24209040,,9199324,12348424,2257756,2305900
422,0,23,0,19,85198284,26108896,,20456716,16305716,24223540,24212312,,9205972,12324540,2258888,2319496
423,1,23,0,19,85305828,25998052,,20459396,16421908,24225080,24199444,,9201924,12212356,2254320,2329452
424,0,23,0,19,85429660,25859628,,20464440,16514736,24235996,24214488,,9199656,12099900,2249376,2310696
425,0,23,0,19,85412408,25882880,,20464668,16520704,24228656,24198380,,9198396,12107560,2254288,2322636
426,1,23,0,19,82149072,29141320,,20464684,16636720,24229640,20818028,,9187220,11994696,2248852,5710552
427,0,22,0,19,82552172,28748664,,20465256,16732704,24229844,21124368,,9202808,11897348,2236704,5411804
428,1,22,0,19,82678940,28587556,,20437448,16834624,24231952,21174916,,9229008,11781292,2237520,5339736
429,0,22,0,19,81068392,30242364,,18569792,16840360,24231036,21427204,,11115164,11780972,2249568,5096660
430,0,22,0,19,79466936,31800816,,16908352,16912392,24231996,21414196,,12749696,11719400,2243616,5088104
431,1,22,0,19,76416872,34876044,,16995428,17016000,20970300,21435144,,12669620,11610272,5515244,5080908
432,0,22,0,19,76984692,34315732,,17166132,17130676,21246144,21441740,,12507388,11486564,5233000,5088780
433,0,22,0,19,77111820,34164800,,17180304,17118020,21281044,21532452,,12489596,11494356,5183680,4997168
434,0,22,0,19,77222948,34063968,,17185632,17230888,21261024,21545404,,12482240,11393204,5217848,4970676
435,0,22,0,19,77698700,33570816,,17375668,17339548,21437496,21545988,,12300204,11272304,5038572,4959736
436,1,23,0,19,77900512,33401596,,17481256,17427468,21446844,21544944,,12191556,11194420,5046200,4969420
437,0,23,0,19,78105536,33189324,,17465656,17447888,21454376,21737616,,12211180,11176696,5034360,4767088
438,1,23,0,19,78220616,33040560,,17482516,17556360,21441152,21740588,,12181440,11071176,5017828,4770116
439,0,23,0,19,78617608,32682424,,17686028,17643148,21542836,21745596,,11975612,10983740,4958484,4764588
440,0,23,0,19,78830776,32471028,,17783568,17756308,21542040,21748860,,11884504,10873484,4942680,4770360
441,1,23,0,19,79041244,32225476,,17790116,17755848,21546000,21949280,,11871296,10869480,4938948,4545752
442,0,23,0,19,79124424,32151328,,17781052,17848460,21547504,21947408,,11878244,10782092,4937712,4553280
443,1,23,0,19,79505548,31785660,,17992892,17894748,21645216,21972692,,11667736,10738684,4845920,4533320
444,0,23,0,19,79870584,31425468,,18097388,18047512,21647864,22077820,,11570444,10577252,4835268,4442504
445,1,23,0,19,79890736,31372196,,18099992,18061400,21650592,22078752,,11566836,10569404,4823460,4412496
446,0,23,0,19,80111600,31164784,,18207304,18072804,21648800,22182692,,11464304,10550476,4822980,4327024
447,0,23,0,19,80520752,30748440,,18314308,18177252,21746408,22282784,,11357988,10440288,4714748,4235416
448,1,23,0,19,80711984,30533328,,18416860,18271652,21738656,22284816,,11256208,10328804,4732780,4215536
449,0,23,0,19,80830924,30419260,,18420616,18376208,21746832,22287268,,11250728,10229768,4732780,4205984
450,1,23,0,19,81122456,30138500,,18526632,18381452,21748080,22466292,,11150276,10224768,4736792,4026664
451,0,23,0,19,81355180,29907984,,18624432,18485684,21748244,22496820,,11046228,10119148,4734272,4008336
452,0,23,0,19,81759920,29486824,,18721028,18595380,21950596,22492916,,10947752,10017312,4517496,4004264
453,1,23,0,19,81884460,29344732,,18730824,18698876,21956956,22497804,,10934272,9913848,4504068,3992544
454,0,23,0,19,82161756,29080052,,18803784,18701540,21958164,22698268,,10863244,9905700,4512816,3798292
455,1,23,0,19,82390868,28836320,,18918880,18806692,21959468,22705828,,10741000,9805500,4502616,3787204
456,0,23,0,19,82494584,28740828,,18924072,18801564,22060440,22708508,,10739492,9809176,4398880,3793280
457,1,23,0,19,82946016,28323728,,19014524,18960060,22163712,22807720,,10648724,9654728,4320544,3699732
458,0,23,0,19,83207044,28072148,,19130080,19001688,22165120,22910156,,10554624,9610640,4315164,3591720
459,0,23,0,19,83375084,27883016,,19238388,19054568,22170356,22911772,,10438832,9549556,4301632,3592996
460,1,23,0,19,83712916,27574240,,19224196,19100384,22373404,23014932,,10454404,9521468,4108428,3489940
461,0,23,0,19,83939984,27315728,,19343396,19208296,22375852,23012440,,10336980,9407716,4089376,3481656
462,1,23,0,19,84226420,27014468,,19445032,19291804,22376376,23113208,,10228324,9321008,4084896,3380240
463,0,23,0,19,84330180,26928568,,19531260,19306772,22379860,23112288,,10139080,9307516,4089568,3392404
464,0,23,0,19,84724516,26509256,,19544760,19414656,22554396,23210704,,10113004,9192796,3915668,3287788
465,1,23,0,19,84957492,26279636,,19653512,19500780,22588388,23214812,,10009396,9115988,3873348,3280904
466,0,23,0,19,85267080,25968728,,19750964,19608792,22593060,23314264,,9919108,8999432,3877172,3173016
467,1,23,0,19,85543132,25704396,,19759644,19661072,22695480,23426936,,9906012,8945860,3771876,3080648
468,0,23,0,19,85679652,25557272,,19845956,19708680,22698240,23426776,,9824388,8897188,3769204,3066492
469,0,23,0,19,86007820,25225924,,19959972,19817132,22803828,23426888,,9695636,8786980,3678320,3064988
470,1,23,0,19,86310048,24921068,,20066284,19906768,22806148,23530848,,9602020,8701680,3655456,2961912
471,0,23,0,19,86441244,24802876,,20066592,19922056,22912476,23540120,,9598784,8696628,3556572,2950892
472,0,23,0,19,86742588,24499560,,20171388,20023316,22916728,23631156,,9486512,8591044,3554092,2867912
473,1,23,0,19,86943276,24288080,,20279184,20026900,23005884,23631308,,9380664,8592784,3453372,2861260
474,0,23,0,19,87357212,23859668,,20385228,20230780,23010324,23730880,,9275144,8370592,3452940,2760992
475,0,23,0,19,87477824,23735548,,20389748,20235928,23110500,23741648,,9264104,8359860,3361432,2750152
476,0,23,0,19,87779148,23433264,,20482600,20338952,23114100,23843496,,9172340,8260836,3342532,2657556
477,0,23,0,19,87892752,23291468,,20485808,20342284,23216336,23848324,,9161728,8255288,3241812,2632640
478,1,23,0,19,88236168,22970644,,20487032,20536284,23263424,23949428,,9153124,8072224,3197508,2547788
479,0,23,0,19,88390840,22807144,,20487608,20534668,23315660,24052904,,9151332,8065396,3149324,2441092
480,0,23,0,19,88397220,22799600,,20488468,20536372,23320016,24052364,,9146452,8076776,3138672,2437700
481,1,23,0,19,88541740,22665436,,20459856,20536300,23418936,24126648,,9185296,8067836,3034484,2377820
482,0,23,0,19,88660916,22538876,,20463852,20538248,23511720,24147096,,9179296,8055924,2953324,2350332
483,0,23,0,19,88750992,22471936,,20474168,20509344,23515180,24252300,,9169844,8097616,2956540,2247936
484,1,23,0,19,88722708,22486160,,20476152,20522960,23474516,24249080,,9169420,8081352,2988656,2246732
485,0,23,0,19,88825976,22404628,,20465340,20529980,23576424,24254232,,9196788,8077228,2875716,2254896
486,0,23,0,19,88925496,22280112,,20468024,20524296,23677012,24256164,,9185196,8075204,2773952,2245760
487,1,23,0,19,88935380,22303604,,20472624,20528704,23676652,24257400,,9191472,8072712,2791468,2247952
488,0,23,0,19,88919504,22312296,,20467688,20512392,23676636,24262788,,9194936,8100820,2792952,2223588
489,1,22,0,19,86889488,24335264,,18319180,20524640,23778188,24267480,,11339544,8093644,2685104,2216972
490,1,22,0,19,81648936,29577864,,18544576,14957328,23879136,24267896,,11105828,13671904,2582364,2217768
491,0,20,0,19,82133652,29079960,,18559800,15424748,23877812,24271292,,11081464,13205444,2577232,2215820
492,0,20,0,19,82206212,28977228,,18562268,15489760,23882832,24271352,,11087096,13103768,2573688,2212676
493,1,20,0,19,82316916,28925472,,18612304,15485912,23946440,24272260,,11051404,13132788,2528028,2213252
494,0,20,0,19,82593592,28623952,,18663964,15562544,24094176,24272908,,10998460,13048916,2366432,2210144
495,1,20,0,19,82618064,28578360,,18666516,15589832,24078548,24283168,,10985256,13021136,2375152,2196816
496,0,20,0,19,82654480,28558732,,18723404,15580764,24082524,24267788,,10932344,13042692,2372560,2211136
497,0,21,0,19,82889436,28329088,,18948860,15585808,24097264,24257504,,10702832,13030008,2377256,2218992
498,1,21,0,19,81819276,29430288,,18948264,15976188,24191344,22703480,,10699628,12651080,2275044,3804536
499,0,21,0,19,81975024,29238904,,18935176,15977048,24191964,22870836,,10708788,12649596,2267156,3613364
500,1,21,0,19,82077480,29111828,,19047460,15949524,24191292,22889204,,10590212,12670276,2264732,3586608
501,1,21,0,19,82338456,28873380,,19130872,16126168,24191924,22889492,,10514908,12496368,2260308,3601796
502,0,22,0,19,82654752,28556328,,19143208,16330612,24186092,22994840,,10508828,12290008,2260928,3496564
503,1,22,0,19,82662932,28549016,,19145532,16335420,24185396,22996584,,10509152,12281176,2263028,3495660
504,0,22,0,19,82763464,28460500,,19250700,16334712,24182104,22995948,,10409004,12292932,2259864,3498700
505,0,22,0,19,83061876,28159600,,19352616,16444040,24188752,23076468,,10306944,12184152,2263052,3405452
506,1,22,0,19,83519572,27704308,,19355236,16746268,24191820,23226248,,10310816,11883080,2258592,3251820
507,0,23,0,19,83564760,27658620,,19358164,16733496,24182252,23290848,,10302812,11898992,2261440,3195376
508,1,23,0,19,83875708,27343256,,19571168,16829860,24184092,23290588,,10090564,11793736,2276560,3182396
509,0,23,0,19,83995472,27210808,,19581588,16938852,24186264,23288768,,10075776,11672664,2270540,3191828
510,0,23,0,19,82475324,28759580,,19581528,17127064,22369172,23397560,,10069916,11492972,4099252,3097440
511,1,22,0,19,82809808,28392356,,19585788,17236392,22564600,23423028,,10062600,11383064,3882144,3064548
512,0,22,0,19,83119772,28073916,,19760832,17325820,22588704,23444416,,9892088,11294848,3852312,3034668
513,0,22,0,19,83340940,27874080,,19758768,17542428,22592756,23446988,,9894764,11075196,3866244,3037876
514,1,22,0,19,83543968,27688996,,19763568,17655652,22594020,23530728,,9887124,10963580,3864372,2973920
515,0,22,0,19,83526000,27675328,,19751340,17649924,22594928,23529808,,9900200,10961140,3860380,2953608
516,0,22,0,19,83943144,27287000,,19965500,17847800,22599332,23530512,,9699148,10770908,3865556,2951388
517,1,22,0,19,84189616,27055644,,19969420,17938556,22762752,23518888,,9692376,10693232,3699716,2970320
518,0,23,0,19,84402760,26819512,,19956924,18056064,22764240,23625532,,9710968,10574960,3679184,2854400
519,0,23,0,19,84618892,26573680,,20067588,18158948,22766032,23626324,,9594756,10457304,3670664,2850956
520,1,23,0,19,84757076,26459724,,20151488,18217420,22764252,23623916,,9507984,10419716,3683440,2848584
521,0,23,0,19,85017552,26195944,,20164364,18361116,22867912,23624160,,9490992,10268448,3569008,2867496
522,1,23,0,19,85343528,25887264,,20171700,18564836,22873864,23733128,,9486752,10073148,3563368,2763996
523,1,23,0,19,85436076,25791928,,20265624,18567488,22871328,23731636,,9395292,10057080,3570560,2768996
524,0,23,0,19,85723988,25499492,,20387304,18732900,22871768,23732016,,9275064,9889212,3582672,2752544
525,1,23,0,19,85852900,25369016,,20372860,18772064,22975732,23732244,,9296628,9843592,3473788,2755008
526,0,23,0,19,86052236,25174952,,20381476,18880012,22955208,23835540,,9274836,9736480,3503828,2659808
527,0,23,0,19,86147312,25067696,,20478432,18875272,22957688,23835920,,9183904,9724788,3497612,2661392
528,1,23,0,19,86248668,24940564,,20480480,18986992,22949696,23831500,,9179912,9610312,3491620,2658720
529,0,23,0,19,86476388,24730752,,20481304,19102884,23053468,23838732,,9183976,9505984,3397212,2643580
530,0,23,0,19,86646452,24587512,,20479668,19203968,23060092,23902724,,9173292,9413924,3409076,2591220
531,1,23,0,19,86694164,24515000,,20486468,19204480,23060444,23942772,,9170336,9412544,3385236,2546884
532,1,23,0,19,86827112,24390100,,20492036,19328644,23056136,23950296,,9166684,9287332,3393556,2542528
533,0,23,0,19,87012976,24193672,,20493492,19395308,23162188,23961988,,9157524,9221816,3289488,2524844
534,1,23,0,19,87185172,24018032,,20494272,19500084,23155532,24035284,,9153580,9114216,3299804,2450432
535,1,23,0,19,87254348,23963744,,20490688,19498544,23155888,24109228,,9164768,9112684,3290208,2396084
536,0,23,0,19,87468112,23730844,,20492936,19706404,23159332,24109440,,9159220,8904512,3296232,2370880
537,1,23,0,19,87564744,23623188,,20494048,19693656,23264324,24112716,,9152172,8930076,3179708,2361232
538,1,23,0,19,87645264,23554084,,20462304,19802680,23266428,24113852,,9185028,8815564,3191684,2361808
539,0,23,0,19,86218860,25027120,,18925060,19808052,23272520,24213228,,10766228,8809808,3185212,2265872
540,1,22,0,19,83926372,27283868,,16447984,20003780,23263380,24211228,,13196696,8616788,3193344,2277040
541,1,22,0,19,84116532,27073496,,16521016,20014552,23366668,24214296,,13117400,8597220,3092320,2266556
542,0,22,0,19,84227928,26998912,,16542016,20102672,23367848,24215392,,13123880,8521216,3087360,2266456
543,0,22,0,19,84326796,26875240,,16526588,20116676,23368724,24314808,,13148884,8489324,3076648,2160384
544,1,22,0,19,84539240,26670268,,16536896,20305768,23376756,24319820,,13128588,8309776,3077580,2154324
545,0,22,0,19,84766532,26430124,,16548880,20420172,23480876,24316604,,13111604,8194464,2970400,2153656
546,0,22,0,19,84736852,26462548,,16515796,20424356,23481076,24315624,,13148940,8186768,2973556,2153284
547,1,22,0,19,84821660,26376028,,16522116,20428140,23482028,24389376,,13138228,8191312,2969284,2077204
548,0,22,0,19,84949764,26255680,,16523148,20536440,23498940,24391236,,13146148,8079820,2954592,2075120
549,0,22,0,19,85028080,26190444,,16507616,20539164,23589784,24391516,,13169712,8081924,2864040,2074768
550,1,22,0,19,85041476,26167772,,16519188,20541568,23588832,24391888,,13165960,8066864,2860740,2074208
551,0,22,0,19,85032544,26198364,,16525928,20533156,23591464,24381996,,13157104,8077336,2866424,2097500
552,0,22,0,19,85128500,26092480,,16508212,20537936,23696732,24385620,,13173300,8060800,2763100,2095280
553,1,22,0,19,85145484,26062384,,16516676,20540728,23701244,24386836,,13165504,8068788,2747484,2080608
554,1,22,0,19,85148940,26053136,,16518364,20545488,23701180,24383908,,13162356,8064644,2744244,2081892
555,0,22,0,19,85124328,26091492,,16504048,20543888,23695084,24381308,,13167580,8058624,2766216,2099072
556,0,22,0,19,85255680,25954808,,16522156,20547908,23797300,24388316,,13149328,8055064,2662996,2087420
557,1,23,0,19,85437104,25744572,,16697452,20551032,23796672,24391948,,12972544,8053836,2643256,2074936
558,0,23,0,19,85375512,25819920,,16682680,20514052,23797380,24381400,,12989896,8085100,2649376,2095548
559,0,23,0,19,85404476,25802536,,16696980,20527276,23799424,24380796,,12973332,8086068,2649740,2093396
560,1,23,0,19,78227188,32992728,,16697868,14751996,23902524,22874800,,12966396,13864984,2557020,3604328
561,0,20,0,19,79282712,31934168,,16796188,15327396,23895592,23263536,,12872516,13302616,2540828,3218208
562,0,20,0,19,79501696,31681452,,16804600,15476116,23901368,23319612,,12865676,13121288,2541844,3152644
563,1,20,0,19,79473936,31737568,,16790304,15463364,23900032,23320236,,12888856,13140924,2544432,3163356
564,0,20,0,19,79632484,31618428,,16802796,15477960,24032840,23318888,,12870180,13150740,2427596,3169912
565,0,20,0,19,79708808,31499056,,16887568,15481236,24016928,23323076,,12783532,13134480,2427080,3153964
566,1,20,0,19,79703448,31474684,,16899736,15465440,24017124,23321148,,12764376,13153624,2412544,3144140
567,0,20,0,19,79715672,31492048,,16903684,15476432,24023520,23312036,,12772012,13145748,2418908,3155380
568,0,20,0,19,79806496,31392200,,16903452,15445140,24125700,23332204,,12774428,13173016,2307456,3137300
569,1,20,0,19,79895060,31307628,,17011344,15440620,24126016,23317080,,12668364,13182156,2297964,3159144
570,0,20,0,19,80012100,31195388,,17015200,15454136,24125868,23416896,,12655384,13171220,2319120,3049664
571,0,20,0,19,80017276,31188052,,17017288,15438812,24142956,23418220,,12648912,13181748,2301112,3056280
572,1,20,0,19,80078500,31124192,,17020656,15436700,24203760,23417384,,12644088,13185052,2242404,3052648
573,0,20,0,19,80447320,30740392,,17124944,15444292,24205188,23672896,,12538968,13163876,2233624,2803924
574,1,21,0,19,80456148,30714556,,17125380,15446068,24208152,23676548,,12533864,13161664,2227812,2791216
575,1,21,0,19,80460312,30710416,,17125656,15449912,24207364,23677380,,12529828,13168720,2227968,2783900
576,0,21,0,19,80568416,30639556,,17129948,15452116,24207860,23778492,,12527084,13167896,2245536,2699040
577,0,21,0,19,80760556,30444572,,17224120,15454084,24200032,23882320,,12449064,13164648,2242756,2588104
578,1,22,0,19,81026028,30190880,,17207168,15627420,24201076,23990364,,12465416,12992924,2243136,2489404
579,0,22,0,19,81024064,30182732,,17203664,15628996,24200976,23990428,,12472180,12995252,2247856,2467444
580,0,22,0,19,81091772,30117728,,17219284,15632684,24197684,24042120,,12454676,12996552,2245780,2420720
581,1,22,0,19,81322840,29856872,,17306260,15633568,24206448,24176564,,12355540,12990020,2221708,2289604
582,1,22,0,19,81451192,29750572,,17320440,15752720,24197720,24180312,,12342908,12878864,2227892,2300908
583,0,22,0,19,79596920,31596592,,17307784,15714372,22373804,24200960,,12362608,12907944,4057624,2268416
584,0,21,0,19,80048680,31129800,,17321732,15723652,22604200,24399096,,12344152,12897212,3821732,2066704
585,1,21,0,19,80118304,31058040,,17358844,15729044,22632548,24397868,,12306788,12897640,3788428,2065184
586,1,21,0,19,80267344,30951176,,17418580,15817200,22632668,24398896,,12261356,12815724,3810688,2063408
587,0,21,0,19,80282372,30910972,,17428448,15826040,22630996,24396888,,12243780,12795440,3810412,2061340
588,0,21,0,19,80270192,30908352,,17408672,15831116,22631172,24399232,,12255368,12782012,3812008,2058964
589,1,21,0,19,80279352,30894628,,17421788,15822832,22628624,24406108,,12241644,12797260,3806556,2049168
590,0,21,0,19,80493288,30702284,,17525840,15932432,22628408,24406608,,12150396,12684780,3818400,2048708
591,0,21,0,19,80643308,30556460,,17519964,16084148,22630560,24408636,,12160924,12543716,3805224,2046596
592,1,22,0,19,80835804,30344300,,17528668,16092416,22805220,24409500,,12143148,12537724,3619136,2044292
593,1,23,0,19,80822748,30390112,,17534064,16090564,22788404,24409716,,12135664,12548404,3659892,2046152
594,0,23,0,19,81041180,30159456,,17639800,16199888,22791752,24409740,,12033352,12426244,3656088,2043772
595,0,23,0,19,81194380,29983360,,17643468,16297840,22842756,24410316,,12026736,12325900,3588164,2042560
596,1,23,0,19,80753512,30485304,,17646504,16292564,22892920,23921524,,12030272,12341792,3556748,2556492
597,0,22,0,19,80993760,30224412,,17649836,16300076,22894624,24149224,,12019060,12326924,3553644,2324784
598,0,22,0,19,81217200,29994196,,17757268,16403420,22897600,24158912,,11912188,12224024,3551212,2306772
599,1,22,0,19,81430280,29783140,,17760180,16508024,22998816,24163260,,11915640,12117460,3448036,2302004
600,1,22,0,19,81427696,29762348,,17753448,16508640,23001020,24164588,,11908012,12125208,3440028,2289100
601,0,22,0,19,81442420,29723052,,17755516,16516936,23003988,24165980,,11892012,12099212,3449972,2281856
602,0,22,0,19,81604892,29564028,,17827476,16606868,23004924,24165624,,11828536,12012068,3429116,2294308
603,1,22,0,19,81820364,29363832,,17831320,16711600,23110256,24167188,,11841600,11901276,3334944,2286012
604,1,22,0,19,81824344,29341576,,17842760,16716676,23112232,24152676,,11820644,11897060,3320804,2303068
605,0,22,0,19,81927996,29228088,,17932936,16716164,23126960,24151936,,11732696,11895476,3305760,2294156
606,0,22,0,19,81961332,29192432,,17936696,16754292,23124120,24146224,,11733912,11856952,3303904,2297664
607,1,22,0,19,82261884,28887792,,17950184,16929760,23231304,24150636,,11725856,11683604,3192660,2285672
608,0,22,0,19,82236268,28933296,,17956092,16902640,23229920,24147616,,11715440,11722460,3193448,2301948
609,0,22,0,19,82441300,28747984,,18045436,16909660,23337116,24149088,,11630300,11699560,3108552,2309572
610,0,22,0,19,82478048,28703844,,18058092,16921192,23348640,24150124,,11602924,11697148,3089384,2314388
611,1,22,0,19,82763036,28395168,,18041908,17124824,23451628,24144676,,11611504,11502100,2973584,2307980
612,0,22,0,19,82777308,28392492,,18062900,17116996,23451588,24145824,,11594776,11508684,2980632,2308400
613,0,22,0,19,82973260,28202064,,18092916,17125428,23451588,24303328,,11566324,11495284,2977008,2163448
614,1,23,0,19,83141020,28043472,,18254476,17114096,23453280,24319168,,11409548,11515012,2977336,2141576
615,1,23,0,19,83641316,27527184,,18259548,17327544,23652108,24402116,,11403840,11297500,2768496,2057348
616,0,23,0,19,83629388,27565412,,18250996,17328516,23647788,24402088,,11419140,11291984,2798848,2055440
617,1,23,0,19,83675216,27525132,,18305184,17322988,23651772,24395272,,11363600,11307444,2789384,2064704
618,1,23,0,19,83902448,27286148,,18370488,17335692,23798588,24397680,,11290928,11291980,2639684,2063556
619,0,23,0,19,84264304,26900100,,18470688,17519700,23873480,24400436,,11185584,11090072,2570272,2054172
620,0,23,0,19,84287220,26856292,,18478512,17532032,23874332,24402344,,11178492,11072800,2553316,2051684
621,1,23,0,19,84399732,26749828,,18481352,17543628,23977044,24397708,,11175508,11064928,2452156,2057236
622,0,23,0,19,84626836,26526932,,18693140,17535196,23994640,24403860,,10970644,11082280,2430764,2043244
623,0,23,0,19,84923972,26205320,,18692916,17741912,24082392,24406752,,10960336,10865928,2341584,2037472
624,1,23,0,19,85036444,26091132,,18699872,17742696,24184576,24409300,,10945752,10859908,2251048,2034424
625,1,23,0,19,85133064,25988000,,18787248,17749636,24186608,24409572,,10856560,10857388,2238944,2035108
626,0,23,0,19,85306212,25825704,,18888048,17751624,24258208,24408332,,10768132,10853916,2168580,2035076
627,0,23,0,19,83580912,27606056,,18923420,17949180,24265652,22442660,,10744432,10662528,2168912,4030184
628,0,22,0,19,83934964,27206260,,18963940,17952620,24255840,22762564,,10700612,10655548,2164068,3686032
629,1,22,0,19,84072408,27111520,,19014748,17959312,24260080,22838268,,10660272,10667584,2172480,3611184
630,0,22,0,19,84410784,26752376,,19174528,17962092,24264616,23009548,,10484112,10656284,2168700,3443280
631,0,23,0,19,84618280,26554424,,19178272,18164740,24265232,23010036,,10490852,10449232,2166948,3447392
632,1,23,0,19,84618580,26546012,,19182636,18169516,24265448,23000980,,10481340,10440848,2155784,3468040
633,0,23,0,19,84666692,26475776,,19229928,18165124,24265064,23006576,,10414196,10454328,2155544,3451708
634,0,23,0,19,84903668,26249996,,19387124,18140932,24265108,23110504,,10261668,10476096,2154872,3357360
635,1,23,0,19,85123656,26020792,,19391064,18355836,24264676,23112080,,10272840,10253976,2152236,3341740
636,1,23,0,19,85224512,25913704,,19485604,18360224,24262556,23116128,,10172016,10243116,2154780,3343792
637,0,23,0,19,85430692,25709176,,19601940,18347616,24262812,23218324,,10070512,10251704,2148752,3238208
638,0,23,0,19,84995348,26173880,,19688016,18365876,23721940,23219516,,9988020,10241560,2707908,3236392
639,1,22,0,19,84725036,26432964,,19697324,18547536,23267436,23212740,,9974548,10066584,3155620,3236212
640,1,22,0,19,84854628,26292520,,19763648,18561840,23314584,23214556,,9895772,10053444,3104668,3238636
641,0,22,0,19,85002700,26160816,,19796028,18570244,23314512,23321916,,9861280,10041428,3128820,3129288
642,0,22,0,19,85108108,26028852,,19903708,18566084,23316704,23321612,,9754648,10042952,3104716,3126536
643,1,22,0,19,85315744,25805512,,19906212,18779036,23317724,23312772,,9756220,9827684,3098968,3122640
644,1,22,0,19,85508884,25612056,,20104948,18765012,23317416,23321508,,9546452,9851368,3096872,3117364
645,0,22,0,19,85633552,25526956,,20109692,18780704,23317656,23425500,,9550812,9845648,3110148,3020348
646,0,22,0,19,85746804,25396664,,20214796,18788000,23318848,23425160,,9448128,9821004,3094156,3033376
647,1,22,0,19,86154280,24986532,,20424816,18976644,23323972,23428848,,9223928,9643600,3094292,3024712
648,1,22,0,19,86164344,24953628,,20432144,18984592,23338064,23409544,,9205448,9624696,3076412,3047072
649,0,22,0,19,86329272,24771312,,20445052,18981428,23392748,23510044,,9194580,9619032,3024744,2932956
650,0,22,0,19,86390968,24740080,,20492824,18986836,23400612,23510696,,9144508,9641204,3016428,2937940
651,0,22,0,19,86598768,24551580,,20495056,19200260,23388408,23515044,,9157688,9427472,3027716,2938704
652,1,22,0,19,86605312,24528936,,20496516,19203704,23390060,23515032,,9158332,9407872,3027840,2934892
653,0,22,0,19,86675260,24477568,,20466960,19210796,23391476,23606028,,9191304,9402708,3023588,2859968
654,0,22,0,19,86684824,24458384,,20470548,19210076,23388452,23615748,,9183992,9394208,3031228,2848956
655,1,23,0,19,87085436,24065552,,20487212,19416572,23560536,23621116,,9165832,9189864,2866748,2843108
656,1,23,0,19,87081832,24051804,,20489188,19413296,23560648,23618700,,9159068,9195312,2859148,2838276
657,0,23,0,19,87153644,23982672,,20475908,19421164,23560836,23695736,,9174556,9183428,2854736,2769952
658,0,23,0,19,87230792,23894868,,20477600,19421108,23609232,23722852,,9173924,9182196,2796296,2742452
659,0,23,0,19,87451608,23714200,,20464660,19619124,23639988,23727836,,9210300,8999276,2780632,2723992
660,1,23,0,19,87423716,23746228,,20479256,19585864,23643388,23715208,,9196648,9029976,2778000,2741604
661,1,23,0,19,84817288,26359800,,17773380,19594636,23650528,23798744,,11910404,9011444,2778976,2658976
662,0,22,0,19,85479668,25675472,,18137396,19676228,23844056,23821988,,11521600,8942172,2570028,2641672
663,0,22,0,19,85663240,25476248,,18200412,19795316,23843776,23823736,,11452208,8821208,2570944,2631888
664,1,22,0,19,85665744,25475704,,18187828,19804488,23847236,23826192,,11470440,8813312,2571276,2620676
665,1,22,0,19,85774836,25375536,,18205072,19792668,23849068,23928028,,11444760,8829252,2572648,2528876
666,0,22,0,19,86107564,25050852,,18209700,20006672,23954732,23936460,,11448324,8614980,2470164,2517384
667,0,22,0,19,86207516,24939608,,18203332,20013720,24053944,23936520,,11454496,8607456,2360028,2517628
668,0,22,0,19,86212624,24922372,,18211052,20012268,24054952,23934352,,11447416,8600928,2359580,2514448
669,1,22,0,19,86324096,24825720,,18213468,20009596,24056480,24044552,,11449432,8592104,2362280,2421904
670,0,22,0,19,86721764,24437572,,18217420,20207904,24260464,24035976,,11445468,8400204,2160556,2431344
671,0,22,0,19,86736348,24404220,,18219468,20216252,24264324,24036304,,11443228,8391896,2154132,2414964
672,1,22,0,19,86717140,24414044,,18221104,20200468,24266536,24029032,,11442232,8415112,2147824,2408876
673,1,22,0,19,86901784,24241684,,18224556,20211336,24331216,24134676,,11432868,8403172,2081212,2324432
674,0,22,0,19,87108480,24026056,,18225856,20422268,24332704,24127652,,11422944,8191760,2078768,2332584
675,0,22,0,19,87113388,24013144,,18222772,20427380,24332712,24130524,,11429932,8166096,2095624,2321492
676,1,22,0,19,87109708,23999048,,18225248,20428844,24334824,24120792,,11417168,8162064,2081900,2337916
677,1,22,0,19,87302148,23825172,,18202120,20535408,24335216,24229404,,11437916,8062288,2088060,2236908
678,0,22,0,19,87291948,23835032,,18190964,20537588,24334472,24228924,,11464768,8055500,2090640,2224124
679,0,22,0,19,87309592,23802288,,18202568,20540816,24336276,24229932,,11453644,8046924,2081796,2219924
680,1,22,0,19,87291840,23814868,,18187612,20535680,24337500,24231048,,11481528,8045984,2061364,2225992
681,1,22,0,19,87408260,23691628,,18203332,20537840,24333508,24333580,,11453880,8056572,2064392,2116784
682,0,22,0,19,87417328,23704948,,18208300,20540280,24334156,24334592,,11456348,8063972,2071348,2113280
683,0,22,0,19,87249192,23867520,,18198876,20513772,24200356,24336188,,11465644,8093436,2196784,2111656
684,1,22,0,19,87262092,23836048,,18201808,20514712,24203356,24342216,,11444548,8092260,2198888,2100352
685,1,22,0,19,85541900,25580688,,18189252,20528344,22404724,24419580,,11471180,8074656,4011696,2023156
686,0,21,0,19,85757308,25351648,,18200652,20529608,22610072,24416976,,11452296,8077456,3799812,2022084
687,0,21,0,19,85911500,25155008,,18196780,20522164,22785068,24407488,,11449748,8080132,3601256,2023872
688,0,22,0,19,85969740,25117560,,18192784,20525656,22837916,24413384,,11453896,8089804,3556544,2017316
689,1,20,0,19,80498636,30589060,,18204744,15037832,22840404,24415656,,11443024,13574176,3556652,2015208
690,1,20,0,19,80905264,30191232,,18190724,15458564,22840584,24415392,,11466672,13156516,3553760,2014284
691,0,20,0,19,81044008,30044912,,18199292,15491180,22941532,24412004,,11463524,13108968,3458544,2013876
692,0,20,0,19,81072212,30025684,,18203992,15508932,22946348,24412940,,11458524,13100436,3455268,2011456
693,1,20,0,19,81243200,29837576,,18374088,15509708,22945720,24413684,,11282096,13095564,3449144,2010772
694,1,21,0,19,81281840,29800460,,18381964,15501300,22983464,24415112,,11273472,13102352,3417072,2007564
695,0,21,0,19,81387640,29704548,,18383004,15513796,23082800,24408040,,11284760,13085848,3322456,2011484
696,0,21,0,19,81400876,29690824,,18390324,15517912,23082732,24409908,,11275684,13077724,3326536,2010880
697,0,21,0,19,76311024,34821664,,18493468,15506196,23090788,19220572,,11171132,13096452,3307252,7246828
698,1,19,0,19,76817180,34277420,,18494996,15513264,23165692,19643228,,11155104,13090604,3227012,6804700
699,1,19,0,19,76856064,34264804,,18493384,15473656,23192632,19696392,,11174724,13152000,3208312,6729768
700,1,19,0,19,77032892,34081984,,18489120,15477960,23192788,19873024,,11167472,13134448,3225996,6554068
701,0,20,0,19,77159316,33964000,,18592372,15482984,23209868,19874092,,11063360,13131956,3204408,6564276
702,0,20,0,19,77156116,33961996,,18561828,15488668,23206092,19899528,,11096984,13125364,3206612,6533036
703,1,20,0,19,77192012,33977284,,18570620,15486608,23231712,19903072,,11099628,13143020,3184640,6549996
704,1,20,0,19,77583544,33566176,,18685408,15489528,23238300,20170308,,10990984,13124968,3185128,6265096
705,0,21,0,19,77556092,33597868,,18668752,15491508,23223128,20172704,,11000596,13122196,3195364,6279712
706,0,21,0,19,77606704,33533312,,18682236,15492776,23256248,20175444,,10978008,13128904,3152884,6273516
707,0,21,0,19,77682092,33466568,,18685604,15495024,23327820,20173644,,10970944,13142336,3078696,6274592
708,1,21,0,19,77877268,33269184,,18708964,15467356,23331684,20369264,,10948392,13176016,3074736,6070040
709,1,21,0,19,77968048,33179904,,18786788,15468668,23338176,20374416,,10866844,13173524,3061108,6078428
710,0,21,0,19,78090284,33057192,,18790848,15482324,23438356,20378756,,10863564,13152628,2974316,6066684
711,0,21,0,19,78084384,33059924,,18781476,15485172,23443952,20373784,,10884832,13146856,2974348,6053888
712,0,21,0,19,78286860,32879712,,18790720,15478124,23445940,20572076,,10865772,13161160,2983284,5869496
713,1,21,0,19,78364832,32776252,,18876192,15480972,23447388,20560280,,10764052,13152816,2969936,5889448
714,1,21,0,19,78467688,32650724,,18889544,15466048,23547620,20564476,,10762092,13167116,2852060,5869456
715,0,21,0,19,78487472,32636464,,18894072,15476852,23552484,20564064,,10759096,13157580,2856216,5863572
716,0,21,0,19,78696704,32424684,,18885468,15478860,23568648,20763728,,10773044,13149996,2819364,5682280
717,1,21,0,19,78808392,32327280,,18990072,15473832,23575516,20768972,,10681996,13146108,2822188,5676988
718,1,21,0,19,78918196,32222396,,18992052,15482792,23673552,20769800,,10675024,13130984,2734756,5681632
719,0,21,0,19,78916336,32208648,,19000896,15466492,23682436,20766512,,10665732,13153644,2712760,5676512
720,0,21,0,19,79144516,31976696,,19002936,15480112,23683876,20977592,,10662864,13141436,2714936,5457460
721,0,21,0,19,79444120,31702008,,19106692,15626860,23729264,20981304,,10553548,13012092,2676700,5459668
722,1,22,0,19,79529468,31616448,,19111920,15647652,23786632,20983264,,10547240,12991016,2613768,5464424
723,1,22,0,19,79552356,31606544,,19116468,15652092,23788856,20994940,,10545548,12982412,2618672,5459912
724,1,22,0,19,79810624,31323964,,19178900,15655516,23787456,21188752,,10483072,12969084,2615616,5256192
725,0,22,0,19,80059604,31059412,,19220640,15761824,23886108,21191032,,10437468,12861060,2518264,5242620
726,0,22,0,19,80068480,31056176,,19241252,15766120,23874948,21186160,,10414536,12860080,2527212,5254348
727,1,22,0,19,80175772,30987488,,19291780,15771228,23877392,21235372,,10376684,12854248,2542344,5214212
728,1,22,0,19,80443744,30700380,,19395332,15775104,23876608,21396700,,10273052,12837388,2528680,5061260
729,0,22,0,19,80652824,30448812,,19407456,15876288,23977680,21391400,,10252612,12728520,2419144,5048536
730,0,22,0,19,80660192,30431688,,19404888,15879364,23979864,21396076,,10260296,12735532,2401440,5034420
731,1,22,0,19,80855544,30241984,,19398828,15882248,24082044,21492424,,10260316,12732420,2302648,4946600
732,1,22,0,19,81248364,29864412,,19606540,15850828,24184572,21606424,,10047644,12759188,2223748,4833832
733,1,22,0,19,81346344,29771000,,19588232,15959860,24192100,21606152,,10077848,12665356,2196416,4831380
734,0,22,0,19,81369660,29760384,,19601580,15963712,24194068,21610300,,10061928,12652288,2208288,4837880
735,0,22,0,19,81586176,29552320,,19706336,15969576,24197568,21712696,,9958320,12644656,2204520,4744824
736,1,22,0,19,81856668,29272880,,19794836,15986216,24261372,21814244,,9873308,12636476,2134408,4628688
737,1,22,0,19,81946824,29187800,,19807104,16067260,24253220,21819240,,9859092,12548520,2153364,4626824
738,1,22,0,19,82043388,29071604,,19917832,16050504,24255276,21819776,,9737952,12569404,2146640,4617608
739,0,22,0,19,82143684,28970116,,19905280,16061800,24255152,21921452,,9752308,12552716,2146448,4518644
740,0,22,0,19,82429716,28659140,,19981668,16169484,24255124,22023440,,9676620,12438368,2135196,4408956
741,1,22,0,19,82463256,28624464,,20027456,16163272,24254388,22018140,,9624644,12451396,2151496,4396928
742,1,22,0,19,82560652,28523004,,20115752,16168128,24256008,22020764,,9530156,12452980,2146820,4393048
743,0,22,0,19,82745284,28357396,,20125232,16152940,24256040,22211072,,9521124,12473320,2146544,4216408
744,0,22,0,19,82903260,28210492,,20160084,16260172,24256188,22226816,,9489876,12361876,2144112,4214628
745,1,22,0,19,83079784,28054644,,20333160,16263544,24255276,22227804,,9316332,12362560,2153460,4222292
746,1,22,0,19,83141728,27973272,,20334804,16256196,24256876,22293852,,9312592,12366504,2138828,4155348
747,0,22,0,19,83296496,27822488,,20338188,16267700,24254648,22435960,,9313476,12360168,2136736,4012108
748,0,22,0,19,81965232,29153404,,20492736,16373020,22665296,22434180,,9154880,12252592,3746300,3999632
749,1,21,0,19,82372584,28720992,,20493852,16551440,22894680,22432612,,9144168,12055524,3505400,4015900
750,1,22,0,19,82487088,28563248,,20485296,16555064,22909812,22536916,,9152628,12044300,3471472,3894848
751,0,22,0,19,82603692,28491628,,20487692,16561428,22915588,22638984,,9157320,12049792,3488696,3795820
752,0,22,0,19,82747256,28361176,,20489348,16695124,22927916,22634868,,9166380,11919060,3480436,3795300
753,0,22,0,19,82894216,28202904,,20456468,16771188,22927340,22739220,,9198544,11843096,3478996,3682268
754,0,22,0,19,83100048,28008540,,20460896,16774764,22918596,22945792,,9194804,11840084,3487344,3486308
755,1,22,0,19,83113288,28012472,,20473372,16772244,22921248,22946424,,9191928,11848288,3479044,3493212
756,1,22,0,19,83307308,27813580,,20458624,16977840,22921432,22949412,,9193788,11643016,3480504,3496272
757,1,22,0,19,83502912,27577172,,20472032,16978416,23100836,22951628,,9180108,11629308,3301700,3466056
758,0,23,0,19,83791184,27283516,,20475676,16950376,23112456,23252676,,9173240,11664372,3281432,3164472
759,0,23,0,19,83880864,27197836,,20469240,17064336,23092632,23254656,,9188704,11548300,3277368,3183464
760,1,23,0,19,84093856,26972892,,20475628,17171956,23196824,23249448,,9179072,11437072,3176560,3180188
761,1,21,0,19,80398656,30708228,,16673268,17162036,23204108,23359244,,13002476,11452600,3183760,3069392
762,1,21,0,19,80833896,30199004,,16898040,17172620,23205504,23557732,,12713712,11438704,3178392,2868196
763,0,22,0,19,81173580,29891148,,17097088,17275008,23206684,23594800,,12551104,11348208,3173996,2817840
764,0,22,0,19,81402252,29682916,,17052384,17375412,23307096,23667360,,12613096,11237040,3082928,2749852
765,1,22,0,19,81513600,29594972,,17057472,17361904,23307280,23786944,,12603896,11261760,3090788,2638528
766,1,22,0,19,81593632,29529124,,17053316,17371936,23296784,23871596,,12606120,11267204,3105464,2550336
767,1,22,0,19,81907188,29205252,,17155852,17475212,23298220,23977904,,12503536,11144900,3112556,2444260
768,0,22,0,19,82103292,29020320,,17160276,17566456,23395964,23980596,,12498460,11056220,3007596,2458044
769,0,22,0,19,82322696,28788640,,17167896,17580548,23402472,24171780,,12489856,11046416,3000036,2252332
770,0,22,0,19,82626068,28439012,,17269592,17669912,23403616,24282948,,12373236,10951520,2979540,2134716
771,1,22,0,19,82739012,28343364,,17267612,17782456,23405976,24282968,,12372508,10828804,3007364,2134688
772,1,22,0,19,82844520,28236228,,17273564,17787564,23507548,24275844,,12373316,10824344,2893048,2145520
773,1,22,0,19,82956532,28128436,,17379208,17791776,23507412,24278136,,12270268,10819080,2889796,2149292
774,0,22,0,19,83354408,27751304,,17485660,17895756,23509112,24463880,,12174084,10722580,2887892,1966748
775,0,22,0,19,83466996,27629136,,17489744,18000244,23513284,24463724,,12164800,10617948,2880900,1965488
776,1,22,0,19,83570492,27536736,,17483056,18008468,23615060,24463908,,12179316,10606600,2788620,1962200
777,1,22,0,19,83755244,27335632,,17558560,18112296,23619068,24465320,,12105416,10498720,2770808,1960688
778,1,22,0,19,83973076,27134656,,17664512,18222492,23619476,24466596,,11996784,10397216,2781108,1959548
779,0,22,0,19,84185492,26917552,,17677108,18325484,23719936,24462964,,11991204,10287308,2677032,1962008
780,0,22,0,19,84238544,26885728,,17719276,18334284,23720132,24464852,,11958800,10281764,2686632,1958532
781,1,22,0,19,84300040,26808816,,17775360,18337256,23721728,24465696,,11901464,10268140,2680656,1958556
782,1,22,0,19,84561800,26543740,,17862092,18511548,23720860,24467300,,11815384,10095720,2680580,1952056
783,1,22,0,19,84763116,26324564,,17871384,18610700,23826224,24454808,,11801080,9997092,2564360,1962032
784,0,22,0,19,84888000,26186276,,17979784,18620408,23825828,24461980,,11673260,9987576,2569776,1955664
785,0,22,0,19,82855108,28253092,,17976004,18719996,23827504,22331604,,11683040,9899448,2566096,4104508
786,1,21,0,19,83370580,27747172,,18086324,18816324,23831012,22636920,,11575184,9805732,2584136,3782120
787,1,21,0,19,83686084,27395956,,18174924,18896776,23930844,22683540,,11488672,9727352,2459824,3720108
788,0,21,0,19,83821468,27287968,,18188136,19014228,23933156,22685948,,11462108,9612876,2461672,3751312
789,0,21,0,19,83816752,27265320,,18175368,19029284,23927308,22684792,,11480908,9580620,2466760,3737032
790,0,21,0,19,84140288,26945264,,18394820,19127476,23931060,22686932,,11268848,9465072,2467092,3744252
791,1,21,0,19,84545924,26534660,,18400444,19329148,24029876,22786456,,11259060,9278028,2365656,3631916
792,1,21,0,19,84545208,26516160,,18390232,19333400,24033372,22788204,,11259812,9255592,2361540,3639216
793,0,21,0,19,84818220,26249600,,18497340,19324056,24036792,22960032,,11161300,9277748,2347780,3462772
794,0,22,0,19,85124128,25919060,,18593484,19502268,24060276,22968100,,11062128,9097240,2323052,3436640
795,0,22,0,19,85349692,25733956,,18600204,19627688,24158644,22963156,,11052008,8981776,2238412,3461760
796,1,22,0,19,85433028,25652412,,18604468,19636580,24158040,23033940,,11058940,8963952,2247616,3381904
797,1,22,0,19,85778620,25307348,,18809688,19642208,24161724,23165000,,10851268,8965764,2240048,3250268
798,0,22,0,19,85968628,25097180,,18800656,19852724,24163116,23152132,,10859156,8755112,2225136,3257776
799,0,22,0,19,86174472,24909776,,18808148,19948024,24265332,23152968,,10843768,8670216,2133532,3262260
800,1,22,0,19,86460100,24620644,,18897088,19952628,24260060,23350324,,10759864,8659308,2137920,3063552
801,1,22,0,19,86756296,24331876,,19008664,20135952,24262948,23348732,,10654080,8479632,2141444,3056720
802,1,22,0,19,86842136,24222684,,19008844,20174304,24307512,23351476,,10637416,8441332,2078528,3065408
803,0,22,0,19,86955492,24085832,,19010284,20269644,24322784,23352780,,10645880,8332052,2053908,3053992
804,0,22,0,19,87353040,23692068,,19115092,20370752,24308912,23558284,,10538268,8235324,2056820,2861656
805,1,22,0,19,87533564,23498136,,19196552,20471712,24309152,23556148,,10450192,8122416,2055168,2870360
806,1,22,0,19,87523148,23506404,,19199004,20454776,24309820,23559548,,10449336,8146800,2054848,2855420
807,0,22,0,19,87724104,23309392,,19303832,20538016,24309468,23572788,,10342740,8069192,2053920,2843540
808,0,22,0,19,87920492,23100972,,19305536,20542760,24308696,23763500,,10340528,8056948,2051884,2651612
809,0,22,0,19,88013412,23004640,,19405896,20532428,24308796,23766292,,10236664,8063408,2051116,2653452
810,1,22,0,19,88028320,23002856,,19408888,20541728,24309304,23768400,,10231120,8060084,2050832,2660820
811,1,22,0,19,88210568,22813700,,19514176,20529292,24297584,23869516,,10128588,8067988,2067584,2549540
812,1,22,0,19,88332388,22712916,,19514076,20540552,24303344,23974416,,10120552,8064612,2083896,2443856
813,0,22,0,19,88425500,22644400,,19615332,20525764,24306028,23978376,,10028420,8096096,2079500,2440384
814,0,22,0,19,86895880,24186700,,19718668,20538600,22657912,23980700,,9938336,8074040,3728152,2446172
815,0,21,0,19,87266876,23778796,,19721980,20523620,22941152,24080124,,9932848,8075556,3435532,2334860
816,1,21,0,19,87421908,23618368,,19715120,20538096,22981552,24187140,,9926976,8073076,3391412,2226904
817,1,21,0,19,87527776,23503484,,19818976,20536456,22981108,24191236,,9812692,8075404,3400144,2215244
818,1,21,0,19,86008208,25015376,,19923668,18810112,22984048,24290380,,9707676,9803868,3387992,2115840
819,1,20,0,19,86279696,24742200,,19932304,19037512,22986124,24323756,,9692968,9566256,3383968,2099008
820,0,21,0,19,86658244,24369744,,20198924,19064188,22998408,24396724,,9433684,9543420,3374636,2018004
821,0,21,0,19,86828312,24208428,,20307620,19065956,23061656,24393080,,9327872,9542712,3319476,2018368
822,0,21,0,19,86942240,24079344,,20310212,19073676,23096084,24462268,,9333572,9525416,3282756,1937600
823,1,21,0,19,87062272,23957744,,20409256,19075468,23112672,24464876,,9239908,9519080,3265440,1933316
824,1,21,0,19,87305664,23728632,,20475220,19080696,23281732,24468016,,9175240,9511304,3110888,1931200
825,1,22,0,19,87308972,23692152,,20475072,19080660,23281876,24471364,,9171528,9502752,3092340,1925532
826,0,22,0,19,87286732,23706904,,20472136,19081324,23273024,24460248,,9179264,9505972,3089440,1932228
827,0,22,0,19,87376456,23625804,,20480740,19081648,23342188,24471880,,9171252,9500168,3035420,1918964
828,0,22,0,19,87464420,23540784,,20481336,19035168,23474016,24473900,,9165032,9556156,2903048,1916548
829,0,22,0,19,87466408,23523188,,20479448,19037028,23477620,24472312,,9162292,9557208,2880272,1923416
830,1,22,0,19,87558360,23485164,,20479672,19051652,23555444,24471592,,9158408,9558480,2827624,1940652
831,1,22,0,19,87656768,23389684,,20474960,19043584,23665436,24472788,,9164400,9567472,2714500,1943312
832,1,22,0,19,87752780,23286884,,20475532,19053428,23758220,24465600,,9163448,9554876,2627132,1941428
833,1,22,0,19,84678544,26349596,,20475800,19056048,23757936,21388760,,9169488,9547188,2612912,5020008
834,1,21,0,19,84845620,26167640,,20475824,19052576,23764576,21552644,,9152292,9559060,2604364,4851924
835,1,21,0,19,81708816,29369436,,17118780,19053848,23965308,21570880,,12543660,9554492,2430300,4840984
836,0,19,0,19,82282604,28782152,,17707016,19040332,23970180,21565076,,11959908,9561008,2413664,4847572
837,0,19,0,19,82437196,28582628,,17832420,19052632,23979136,21573008,,11796432,9549876,2396980,4839340
838,0,20,0,19,82738512,28304756,,18006768,19053876,24102368,21575500,,11644832,9546456,2284512,4828956
839,0,20,0,19,82974720,28086800,,18008040,19045956,24184916,21735808,,11634044,9565860,2207148,4679748
840,1,21,0,19,82986044,28068856,,18008436,19047504,24186624,21743480,,11636136,9564164,2201232,4667324
841,1,21,0,19,83162256,27893012,,18107076,19041268,24289392,21724520,,11532884,9565932,2092312,4701884
842,1,21,0,19,83137456,27896484,,18108000,19051180,24253880,21724396,,11531692,9552964,2115692,4696136
843,0,21,0,19,83294284,27723972,,18108024,19053336,24313388,21819536,,11530964,9560948,2043468,4588592
844,0,21,0,19,83362152,27662224,,18149640,19060108,24329524,21822880,,11500768,9555128,2029880,4576448
845,0,21,0,19,83414872,27590716,,18215440,19062172,24314388,21822872,,11420944,9552052,2041812,4575908
846,0,21,0,19,83535848,27494688,,18216596,19069120,24326888,21923244,,11413252,9532836,2059176,4489424
847,1,21,0,19,83537276,27493756,,18220280,19065616,24331848,21919532,,11418828,9533592,2042240,4499096
848,1,21,0,19,83627672,27409096,,18312516,19062904,24326524,21925728,,11342108,9532860,2044704,4489424
849,1,21,0,19,83600988,27469392,,18281792,19062136,24331056,21926004,,11384188,9540848,2038312,4506044
850,1,21,0,19,83660356,27409868,,18285124,19062752,24326992,21985488,,11381800,9535876,2047580,4444612
851,0,21,0,19,83720080,27319372,,18293612,19066092,24334708,22025668,,11367600,9544348,2035528,4371896
852,0,21,0,19,83779872,27287908,,18393872,19037244,24323416,22025340,,11271352,9580272,2059776,4376508
853,0,21,0,19,83891124,27191704,,18489968,19046336,24331480,22023340,,11181668,9577876,2037628,4394532
854,0,21,0,19,83990104,27059604,,18492492,19050368,24318160,22129084,,11170548,9562900,2047592,4278564
855,0,19,0,19,80098500,30943848,,18495108,19039452,20434996,22128944,,11161816,9573720,5940004,4268308
856,0,19,0,19,80520200,30522488,,18596548,19049664,20748340,22125648,,11068264,9547008,5614740,4292476
857,1,19,0,19,80542844,30470652,,18590116,19037440,20785156,22130132,,11057680,9560572,5577004,4275396
858,1,19,0,19,80776328,30225996,,18695400,19049436,20789788,22241704,,10955000,9548100,5562812,4160084
859,1,19,0,19,80957660,30056828,,18695404,19053472,20964312,22244472,,10949512,9550072,5401860,4155384
860,1,20,0,19,81054872,29957424,,18800052,19047436,20967444,22239940,,10846724,9569048,5389904,4151748
861,1,20,0,19,81162584,29876640,,18903184,19051476,20969844,22238080,,10752900,9566304,5390260,4167176
862,0,20,0,19,81249776,29774116,,18904700,19038896,20972484,22333696,,10742632,9568184,5386744,4076556
863,0,20,0,19,81461984,29564788,,18993056,19054984,21080072,22333872,,10654740,9559100,5284520,4066428
864,0,20,0,19,81568820,29458344,,19108972,19049484,21075664,22334700,,10538820,9558344,5279336,4081844
865,0,20,0,19,81541252,29468816,,19109332,19048500,21051296,22332124,,10526532,9553232,5315536,4073516
866,0,20,0,19,81817576,29208564,,19214996,19052684,21116120,22433776,,10430300,9546908,5268428,3962928
867,0,20,0,19,81948576,29079024,,19314632,19043080,21153700,22437164,,10325856,9560984,5233484,3958700
868,1,20,0,19,81959028,29070236,,19306884,19049836,21165152,22437156,,10355268,9553892,5209856,3951220
869,1,20,0,19,82017000,29032924,,19409640,19037452,21151284,22418624,,10239436,9574864,5223832,3994792
870,1,20,0,19,82251864,28777876,,19411564,19047768,21271812,22520720,,10229144,9552768,5095444,3900520
871,1,20,0,19,82366788,28689196,,19515324,19052448,21275812,22523204,,10148228,9550780,5097148,3893040
872,0,21,0,19,82598948,28469124,,19625256,19047096,21402160,22524436,,10037760,9561336,4985340,3884688
873,0,21,0,19,82612892,28452260,,19627908,19050116,21409704,22525164,,10035044,9561916,4970460,3884840
874,0,21,0,19,82727668,28338328,,19667984,19033836,21401036,22624812,,9996768,9577412,4980752,3783396
875,1,21,0,19,83108996,27941296,,19826908,19051492,21603336,22627260,,9821848,9560736,4790984,3767728
876,1,21,0,19,83089832,27955740,,19829452,19039524,21593716,22627140,,9809652,9577612,4804388,3764088
877,1,21,0,19,83222584,27814980,,19834248,19050180,21609564,22728592,,9812080,9556172,4775008,3671720
878,1,21,0,19,83418836,27655924,,20035312,19054256,21597340,22731928,,9615880,9561336,4792392,3686316
879,0,21,0,19,83687932,27366932,,20086508,19048568,21812908,22739948,,9563764,9569664,4575344,3658160
880,0,21,0,19,83733156,27320204,,20137212,19057144,21800700,22738100,,9507064,9553880,4580364,3678896
881,1,21,0,19,83929180,27116192,,20236200,19039704,21815040,22838236,,9408588,9562752,4573184,3571668
882,1,21,0,19,84130200,26915932,,20436812,19042088,21808380,22842920,,9218460,9561016,4576848,3559608
883,1,21,0,19,84367952,26690452,,20441132,19039116,22045296,22842408,,9213944,9572072,4347392,3557044
884,1,21,0,19,84428232,26612564,,20478008,19040088,22060668,22849468,,9184364,9558876,4314824,3554500
885,0,21,0,19,84511976,26519912,,20478108,19041884,22059172,22932812,,9180132,9556860,4313404,3469516
886,0,21,0,19,84608108,26428620,,20479800,19038204,22154980,22935124,,9185560,9557444,4222444,3463172
887,0,21,0,19,84694488,26328648,,20468756,19038188,22253768,22933776,,9183108,9569528,4118712,3457300
888,0,21,0,19,84800636,26227032,,20467268,19036396,22265244,23031728,,9180728,9585028,4110324,3350952
889,1,21,0,19,84807552,26224980,,20471752,19036264,22260348,23039188,,9167652,9581052,4111692,3364584
890,1,21,0,19,84917108,26108996,,20471832,19037484,22366904,23040888,,9166956,9579792,4005656,3356592
891,1,21,0,19,85020092,26016164,,20470048,19036924,22471092,23042028,,9160936,9581552,3911456,3362220
892,0,21,0,19,85133204,25896260,,20472048,19042216,22476460,23142480,,9170048,9576796,3880000,3269416
893,0,21,0,19,85147740,25885824,,20473100,19044828,22481636,23148176,,9177652,9573152,3874804,3260216
894,0,21,0,19,85252264,25813436,,20471672,19045796,22586260,23148536,,9185148,9581600,3794620,3252068
895,1,21,0,19,85397064,25642888,,20472584,19044076,22679120,23201284,,9183684,9567880,3689132,3202192
896,1,20,0,19,81606140,29417624,,16627012,19046820,22686952,23245356,,13027828,9563628,3681376,3144792
897,1,20,0,19,81933096,29092784,,16840172,19047472,22794184,23251268,,12821200,9559224,3564884,3147476
898,1,20,0,19,81994652,29055236,,16858944,19047396,22836480,23251832,,12804036,9559896,3541012,3150292
899,0,21,0,19,82205216,28845848,,17034860,19042008,22879884,23248464,,12616236,9579328,3499480,3150804
900,0,21,0,19,82322672,28714928,,17047576,19044020,22872400,23358676,,12595624,9576136,3514820,3028348
901,0,21,0,19,82431468,28594932,,17042060,19043920,22986104,23359384,,12603788,9566012,3393432,3031700
902,0,21,0,19,82622332,28401352,,17144776,19041476,23075324,23360756,,12498536,9566408,3308892,3027516
903,1,21,0,19,82748812,28257252,,17144648,19042760,23097732,23463672,,12497068,9564248,3268064,2927872
904,0,21,0,19,82798084,28203512,,17148820,19044592,23137172,23467500,,12488060,9559172,3230016,2926264
905,1,21,0,19,82866096,28154528,,17149732,19044980,23204184,23467200,,12496112,9564524,3177024,2916868
906,1,21,0,19,83044328,28019648,,17250832,19050432,23282616,23460448,,12407640,9568820,3098636,2944552
907,1,21,0,19,83168348,27892580,,17252184,19051252,23299100,23565812,,12411832,9574988,3079340,2826420
908,1,21,0,19,83273392,27761952,,17254616,19048432,23404896,23565448,,12409088,9558512,2967196,2827156
909,1,21,0,19,83355100,27649712,,17251384,19050484,23499172,23554060,,12405184,9554312,2866880,2823336
910,0,21,0,19,83567244,27455348,,17354804,19047756,23606664,23558020,,12303244,9553808,2749248,2849048
911,0,21,0,19,83662224,27360928,,17341880,19047928,23612852,23659564,,12315052,9571960,2743788,2730128
912,0,21,0,19,83756284,27263224,,17344492,19042008,23708772,23661012,,12308300,9560300,2654824,2739800
913,0,21,0,19,83865268,27151912,,17344916,19041080,23818036,23661236,,12305020,9566780,2532024,2748088
914,1,21,0,19,83988732,27039004,,17433940,19036664,23819644,23698484,,12224896,9567940,2536892,2709276
915,1,21,0,19,84176656,26840704,,17447400,19040824,23925208,23763224,,12216568,9578420,2422448,2623268
916,1,21,0,19,84316748,26691912,,17446444,19036396,24069892,23764016,,12214832,9585256,2270516,2621308
917,0,21,0,19,84362816,26687996,,17448684,19039584,24109328,23765220,,12211872,9581756,2268344,2626024
918,0,21,0,19,84626508,26405616,,17510124,19041560,24207664,23867160,,12149648,9563144,2168380,2524444
919,0,21,0,19,84692080,26313328,,17555620,19041952,24228912,23865596,,12098812,9568336,2126804,2519376
920,1,21,0,19,84838580,26160788,,17552688,19043428,24373580,23868884,,12094272,9565620,1974272,2526624
921,1,21,0,19,84844148,26152200,,17556308,19038168,24374448,23875224,,12086872,9567868,1967368,2530092
922,1,21,0,19,85028796,25950704,,17656012,19038004,24356436,23978344,,11982096,9578764,1973328,2416516
923,1,21,0,19,85054548,25932068,,17658028,19040396,24377088,23979036,,11991516,9574120,1951876,2414556
924,1,21,0,19,85039788,25952824,,17657560,19041304,24360448,23980476,,11995392,9580436,1966616,2410380
925,0,21,0,19,85081924,25935516,,17658412,19067252,24373364,23982896,,12012772,9534456,1991604,2396684
926,0,22,0,19,85416152,25592812,,17762188,19209304,24361896,24082764,,11909244,9379324,1988624,2315620
927,0,22,0,19,85415832,25605224,,17762052,19210732,24369080,24073968,,11908572,9378344,1994124,2324184
928,0,22,0,19,85410836,25610728,,17762952,19210896,24358120,24078868,,11899712,9381772,2008276,2320968
929,1,22,0,19,85524220,25493504,,17764480,19308416,24370880,24080444,,11894432,9294844,1995120,2309108
930,1,22,0,19,85736976,25266624,,17862800,19313916,24377840,24182420,,11789164,9278652,1995280,2203528
931,1,22,0,19,85742404,25250028,,17869600,19314312,24382284,24176208,,11788548,9288176,1970352,2202952
932,1,22,0,19,84063968,26919112,,17864360,19311280,22706212,24182116,,11781020,9275160,3640492,2222440
933,0,21,0,19,84403740,26580844,,17864392,19416160,22935596,24187592,,11790984,9173856,3411736,2204268
934,0,21,0,19,84616184,26375584,,17966644,19414192,22948972,24286376,,11687372,9193704,3394864,2099644
935,0,21,0,19,84605200,26392488,,17965528,19417644,22934012,24288016,,11682652,9188596,3425748,2095492
936,0,21,0,19,84734256,26275112,,17966792,19423532,23042548,24301384,,11679164,9189896,3325468,2080584
937,1,21,0,19,84932064,26060100,,17966748,19524384,23043016,24397916,,11676924,9083652,3320320,1979204
938,1,21,0,19,85208276,25795100,,18068068,19525696,23209000,24405512,,11583564,9082424,3160836,1968276
939,1,21,0,19,85460384,25538000,,18073720,19525024,23450932,24410708,,11580860,9076172,2918432,1962536
940,1,22,0,19,85661708,25326644,,18073996,19627056,23542312,24418344,,11574656,8979468,2817372,1955148
941,1,22,0,19,85938964,25059316,,18240452,19627252,23596116,24475144,,11421276,8983344,2758756,1895940
942,0,23,0,19,86232380,24763636,,18344840,19627564,23782036,24477940,,11303500,8978816,2586972,1894348
943,0,23,0,19,86446084,24549280,,18336632,19632332,24004552,24472568,,11299228,8982332,2368068,1899652
944,0,23,0,19,86561140,24436264,,18339064,19736348,24012468,24473260,,11307228,8879556,2354396,1895084
945,0,23,0,19,87000064,23982156,,18528272,19737020,24258364,24476408,,11124156,8870812,2095020,1892168
946,1,23,0,19,87138464,23844688,,18545044,19734884,24381776,24476760,,11105508,8874764,1973208,1891208
947,1,23,0,19,87145560,23836616,,18545552,19737532,24386084,24476392,,11100500,8863292,1982812,1890012
948,1,23,0,19,87346988,23635532,,18647244,19835780,24389728,24474236,,10995152,8780288,1970048,1890044
949,1,23,0,19,87439276,23558352,,18747288,19837004,24381672,24473312,,10912132,8773576,1982240,1890404
950,1,23,0,19,87457700,23509660,,18752576,19839400,24389908,24475816,,10904124,8757032,1960688,1887816
951,1,23,0,19,87529296,23427188,,18756648,19942464,24364496,24465688,,10901824,8646920,1983312,1895132
952,1,23,0,19,87638728,23333752,,18848948,19942264,24376468,24471048,,10813636,8657992,1974064,1888060
953,1,23,0,19,84644876,26336432,,18951400,19940992,24374084,21378400,,10705624,8658748,1967252,5004808
954,1,22,0,19,84844200,26157268,,18955144,19941968,24381276,21565812,,10705176,8655568,1974548,4821976
955,1,22,0,19,84968396,26016336,,18960068,20044984,24381284,21582060,,10691872,8557172,1965476,4801816
956,0,22,0,19,85180824,25823776,,19165220,20045884,24379956,21589764,,10489104,8561552,1964340,4808780
957,1,22,0,19,83717716,27277776,,19171200,20040004,22916788,21589724,,10485324,8551740,3434256,4806456
958,1,21,0,19,83926924,27061832,,19171512,20046544,23119192,21589676,,10478708,8558108,3230116,4794900
959,0,21,0,19,84083000,26896740,,19197880,20148532,23144980,21591608,,10453128,8445152,3205024,4793436
960,0,22,0,19,84441128,26523168,,19374104,20148520,23284824,21633680,,10270820,8439896,3066528,4745924
961,0,22,0,19,84684544,26271116,,19375328,20151020,23392636,21765560,,10266724,8436624,2959652,4608116
962,0,23,0,19,84718248,26253056,,19378388,20176796,23402208,21760856,,10276964,8410948,2934076,4631068
963,1,23,0,19,85014784,26003172,,19513120,20249636,23491116,21760912,,10150584,8344520,2868180,4639888
964,1,23,0,19,85317492,25668764,,19589808,20252208,23611072,21864404,,10071020,8330096,2734568,4533080
965,1,23,0,19,85287228,25700860,,19588668,20255172,23597648,21845740,,10069580,8328612,2745852,4556816
966,1,23,0,19,85405744,25595984,,19590264,20359732,23609116,21846632,,10069004,8240680,2732912,4553388
967,1,23,0,19,85805128,25201376,,19790544,20352548,23813032,21849004,,9878192,8237948,2542332,4542904
968,1,23,0,19,85927648,25068848,,19794096,20357828,23827360,21948364,,9867736,8233200,2512952,4454960
969,1,23,0,19,85928340,25031452,,19797944,20357664,23820928,21951804,,9852276,8226200,2514032,4438944
970,1,23,0,19,86191652,24768444,,19870272,20458896,23912900,21949584,,9782248,8130480,2424976,4430740
971,0,23,0,19,86415744,24544412,,19995836,20460708,24017228,21941972,,9650984,8130856,2339784,4422788
972,0,23,0,19,86531548,24437988,,19996444,20461012,24028608,22045484,,9640808,8129132,2321256,4346792
973,0,23,0,19,86546644,24409900,,19999916,20472360,24031384,22042984,,9645472,8129044,2295344,4340040
974,0,23,0,19,86802556,24184552,,20101568,20517156,24136584,22047248,,9560288,8086556,2209936,4327772
975,0,23,0,19,87277440,23696628,,20205520,20519728,24239544,22312648,,9444268,8083600,2098760,4070000
976,0,23,0,19,87303824,23669516,,20208504,20516972,24225696,22352652,,9449476,8077588,2119524,4022928
977,1,23,0,19,87483144,23506312,,20274632,20519780,24336000,22352732,,9384992,8078624,2011292,4031404
978,1,23,0,19,87779592,23201576,,20413092,20511384,24392992,22462124,,9244692,8080444,1941928,3934512
979,1,23,0,19,87880424,23071536,,20413736,20516636,24389564,22560488,,9232216,8074932,1937116,3827272
980,1,23,0,19,87884360,23065572,,20418400,20518320,24362516,22585124,,9224208,8060476,1983844,3797044
981,1,23,0,19,88133556,22830512,,20476908,20518808,24374292,22763548,,9170712,8070232,1974816,3614752
982,1,23,0,19,88158632,22822008,,20479092,20518180,24364460,22796900,,9173668,8077664,1985324,3585352
983,1,23,0,19,88421612,22564688,,20479340,20518676,24370384,23053212,,9177580,8077728,1983500,3325880
984,1,23,0,19,86614424,24356476,,20478184,18689612,24374840,23071788,,9171096,9907688,1972180,3305512
985,1,22,0,19,86943584,24019892,,20481252,19000184,24370764,23091384,,9166516,9603980,1962636,3286760
986,1,22,0,19,87325636,23622288,,20477464,19073416,24379228,23395528,,9166284,9527512,1960660,2967832
987,1,22,0,19,87321464,23656592,,20481940,19069124,24374412,23395988,,9165080,9539352,1976564,2975596
988,1,22,0,19,87418528,23549560,,20480232,19073344,24374568,23490384,,9164380,9535436,1970476,2879268
989,1,22,0,19,87524532,23458836,,20479760,19078436,24367008,23599328,,9161920,9531152,1987316,2778448
990,1,21,0,19,86963252,23970944,,20478064,19078804,23705884,23700500,,9159736,9503832,2629692,2677684
991,1,21,0,19,85795092,25176144,,18973264,19179760,23835248,23806820,,10689484,9420704,2506292,2559664
992,0,20,0,19,86222368,24712292,,19274380,19176648,23852908,23918432,,10362708,9414416,2479248,2455920
993,0,20,0,19,86343460,24582312,,19328432,19162076,23855632,23997320,,10289564,9451856,2477488,2363404
994,0,20,0,19,86450220,24505324,,19312964,19157808,23861100,24118348,,10340136,9448556,2465240,2251392
995,0,20,0,19,86562280,24392328,,19313376,19158772,23861232,24228900,,10338440,9444564,2472632,2136692
996,0,20,0,19,86553284,24393432,,19314072,19160088,23847612,24231512,,10328224,9440880,2498168,2126160
997,0,20,0,19,87022440,23920808,,19314160,19252440,24022872,24432968,,10326728,9348484,2326816,1918780
998,0,21,0,19,87091720,23855084,,19316564,19258116,24020308,24496732,,10334232,9355412,2311972,1853468
999,0,21,0,19,87121332,23837652,,19314972,19294072,24019152,24493136,,10348632,9319444,2314796,1854780
