Start,GetPodsTime,Wanted,Running,Creating,Pending,Terminating,Error,Total Active Memory,Total Free Memory,Total Available,Total Buffers,Total Cached,Active,0,1,2,3,Free,0,1,2,3,Available,0,1,2,3,Buffers,0,1,2,3,Cached,0,1,2,3
0,1,0,0,0,0,1,0,17007908,94527540,102050428,128,8577312,,3668040,4356280,4900972,4082616,,24528924,21257084,24255900,24485632,,26903232,22320332,25645580,27181284,,32,32,32,32,,2544000,1411344,1775532,2846436
3,0,1,0,1,0,0,0,17263864,94220904,101749052,128,8760508,,3675520,4359704,4895680,4332960,,24522428,21251936,24241536,24205004,,26898796,22315988,25633348,26900920,,32,32,32,32,,2546052,1412112,1777708,3024636
5,0,2,0,2,0,0,0,17352636,94140156,101676288,128,8896340,,3716496,4361796,4897836,4376508,,24479460,21264216,24236348,24160132,,26860284,22330156,25629980,26855868,,32,32,32,32,,2550592,1414008,1779484,3152256
7,1,3,0,3,0,0,0,17810496,93677336,101213992,128,9259868,,3996068,4362116,5045932,4406380,,24193692,21256896,24107028,24119720,,26574532,22322948,25500788,26815724,,32,32,32,32,,2792468,1414112,1864600,3188688
10,0,4,1,3,0,0,0,18219032,93258332,100832500,128,9619080,,4078516,4469392,5253332,4417792,,24097052,21149588,23896004,24115688,,26478032,22248708,25294060,26811700,,32,32,32,32,,2869624,1492400,2068156,3188900
12,0,5,1,4,0,0,0,18487352,93001904,100589860,128,9906796,,4110328,4659952,5295040,4422032,,24079424,20967732,23844832,24109916,,26463704,22077260,25242952,26805944,,32,32,32,32,,2885628,1711624,2115436,3194108
14,0,6,1,5,0,0,0,18980760,92483516,100075140,128,10319368,,4392892,4728192,5453156,4406520,,23782256,20894032,23689820,24117408,,26167740,22003676,25088424,26815300,,32,32,32,32,,3131284,1774568,2212412,3201104
16,1,7,3,4,0,0,0,19534084,91892884,99494008,128,10795424,,4456932,4759212,5663484,4654456,,23716948,20834012,23465924,23876000,,26102532,21950568,24866944,26573964,,32,32,32,32,,3208956,1804072,2414228,3368168
19,0,8,4,4,0,0,0,19815336,91638880,99245512,128,11080772,,4441240,4850240,5708620,4815236,,23756608,20757160,23409256,23715856,,26142388,21878520,24810576,26414028,,32,32,32,32,,3235216,1864600,2461932,3519024
21,0,9,5,4,0,0,0,20291760,91145724,98754488,128,11508088,,4448712,5075056,5722988,5045004,,23728164,20530376,23411288,23475896,,26113964,21652012,24814348,26174164,,32,32,32,32,,3243276,2074692,2480128,3709992
23,0,10,6,4,0,0,0,20694360,90729988,98345672,128,11843628,,4459752,5148628,5879592,5206388,,23726788,20444960,23233900,23324340,,26112596,21570920,24637644,26024512,,32,32,32,32,,3253608,2150896,2571732,3867392
25,1,11,7,4,0,0,0,21027612,90401408,98018080,128,12128368,,4499776,5153576,6110580,5263680,,23698872,20442864,23012084,23247588,,26084840,21569388,24416040,25947812,,32,32,32,32,,3263072,2171744,2773688,3919864
28,0,12,9,3,0,0,0,21493372,89927448,97546720,128,12504476,,4786260,5291188,6158256,5257668,,23407172,20316268,22946800,23257208,,25793204,21444992,24350868,25957656,,32,32,32,32,,3512960,2233488,2828704,3929324
30,0,13,9,4,0,0,0,21874284,89545900,97169348,128,12858892,,4887932,5520532,6185188,5280632,,23292840,20091184,22924636,23237240,,25679016,21221352,24331276,25937704,,32,32,32,32,,3602272,2456976,2856784,3942860
32,1,14,11,3,0,0,0,22464096,88909120,96533260,128,13359708,,5199008,5581300,6188316,5495472,,22967920,20010792,22919040,23011368,,25354204,21141228,24325748,25712080,,32,32,32,32,,3868012,2529688,2866048,4095960
35,0,15,12,3,0,0,0,22906740,88506280,96135048,128,13739192,,5279568,5629096,6330928,5667148,,22898428,19972696,22774572,22860584,,25284852,21105768,24183104,25561324,,32,32,32,32,,3964232,2554216,2945532,4275212
37,0,16,12,3,1,0,0,23312204,88061492,95692896,128,14098072,,5318444,5723716,6557936,5712108,,22856500,19861468,22554464,22789060,,25242964,20995000,23963068,25491864,,32,32,32,32,,3999572,2600180,3172856,4325464
39,0,17,13,4,0,0,0,23831972,87519440,95157976,128,14576220,,5331612,5927560,6613300,5959500,,22830952,19660508,22480300,22547680,,25217848,20796220,23893136,25250772,,32,32,32,32,,4018772,2818500,3233604,4505344
41,1,18,13,5,0,0,0,24250076,87130740,94772096,128,14958580,,5347452,6000364,6805820,6096440,,22820836,19586748,22300176,22422980,,25208868,20723316,23713780,25126132,,32,32,32,32,,4031604,2901408,3362616,4662952
44,0,19,15,4,0,0,0,24633308,86707728,94356888,128,15291380,,5403112,6062328,7018416,6149452,,22770564,19509848,22077076,22350240,,25160960,20647884,23493068,25054976,,32,32,32,32,,4056080,2947120,3574888,4713292
46,0,20,16,4,0,0,0,25114364,86191264,93842764,128,15680620,,5697300,6187740,7062848,6166476,,22469612,19372004,22003160,22346488,,24861000,20510532,23419656,25051576,,32,32,32,32,,4305104,3009244,3626068,4740204
48,1,21,17,4,0,0,0,25526372,85821576,93482548,128,16074640,,5818872,6408020,7091912,6207568,,22351304,19165752,22000944,22303576,,24742740,20308400,23418436,25012972,,32,32,32,32,,4409420,3245968,3655172,4764080
51,0,22,18,4,0,0,0,26205752,85072452,92736420,128,16661988,,6136812,6480420,7122280,6466240,,22006508,19079120,21956768,22030056,,24398920,20222096,23375876,24739528,,32,32,32,32,,4702180,3318028,3681432,4960348
53,0,23,19,4,0,0,0,26636160,84626164,92296444,128,17074072,,6216072,6516780,7299468,6603840,,21934068,19047184,21772080,21872832,,24328568,20191692,23192016,24584168,,32,32,32,32,,4792840,3357216,3806628,5117388
55,0,24,21,3,0,0,0,27126952,84138440,91810600,128,17470632,,6274236,6677188,7499932,6675596,,21876976,18889268,21571024,21801172,,24272972,20033148,22991232,24513248,,32,32,32,32,,4840568,3444516,4017216,5168332
58,0,25,22,3,0,0,0,27687640,83552540,91224272,128,17962640,,6305064,6896012,7565296,6921268,,21847748,18653036,21496168,21555588,,24243752,19794084,22916452,24269984,,32,32,32,32,,4868976,3659976,4085560,5348128
60,0,26,22,4,0,0,0,27571680,83691900,91367440,128,17851372,,6365176,6979864,7596476,6630164,,21786528,18560852,21480780,21863740,,24184744,19702924,22901636,24578136,,32,32,32,32,,4900504,3748196,4115960,5086712
62,0,27,22,4,0,0,1,27937968,82826368,90505628,128,18565164,,6663016,6540400,7770840,6963712,,21491152,18533772,21293072,21508372,,23889440,19676960,22714860,24224368,,32,32,32,32,,5165720,3787224,4233436,5378784
64,1,28,23,4,0,0,1,28945064,82235988,89926036,128,19069544,,6743928,7148720,7991384,7061032,,21402152,18373844,21071404,21388588,,23800576,19525904,22494960,24104596,,32,32,32,32,,5259992,3878380,4443976,5487196
67,0,29,24,4,0,0,1,29319668,81822300,89516088,128,19437240,,6809936,7378240,8037500,7093992,,21330704,18127360,21009796,21354440,,23732232,19279776,22433388,24070692,,32,32,32,32,,5294364,4110576,4498196,5534104
69,0,30,26,3,0,0,1,29937944,81234220,88929960,128,19942640,,7115992,7455924,8082380,7283648,,21014788,18067944,20978228,21173260,,23416764,19220808,22402792,23889596,,32,32,32,32,,5558776,4190436,4540148,5653280
71,1,31,25,4,0,0,2,30109332,81040488,88736680,128,20035428,,6806920,7498596,8276492,7527324,,21316640,18025128,20771652,20927068,,23719792,19175836,22196312,23644740,,32,32,32,32,,5234248,4225980,4677504,5897696
74,0,32,27,4,0,0,1,30838028,80281096,87985272,128,20728784,,7126836,7622376,8489972,7598844,,20997256,17885296,20562084,20836460,,23401904,19040316,21986948,23556104,,32,32,32,32,,5558640,4319524,4891220,5959400
76,0,33,28,4,0,0,1,31371976,79717036,87422684,128,21211440,,7191716,7858948,8695156,7626156,,20927828,17653504,20324712,20810992,,23333596,18807164,21750300,23531624,,32,32,32,32,,5632628,4545844,5039336,5993632
78,1,34,29,5,0,0,0,31145928,79967020,87672780,128,20960408,,7240092,7952244,8462324,7491268,,20885828,17560072,20570388,20950732,,23292908,18711324,21996996,23671552,,32,32,32,32,,5679872,4636116,4845768,5798652
81,0,35,28,5,0,0,2,31936208,79127684,86837016,128,21665700,,7308116,7965316,8778872,7883904,,20796936,17534692,20247296,20548760,,23204196,18687644,21675768,23269408,,32,32,32,32,,5717768,4663248,5104352,6180332
83,0,36,29,5,0,0,2,31740296,79349888,87069928,128,21408860,,7616276,7683288,8923164,7517568,,20487540,17827388,20121416,20913544,,22894752,18985340,21551176,23638660,,32,32,32,32,,5989800,4304480,5257152,5857428
85,1,37,31,3,0,0,3,32398124,78641108,86364240,128,21973368,,7235772,8172800,9002072,7987480,,20884720,17321008,20021196,20414184,,23292052,18479524,21451924,23140740,,32,32,32,32,,5655672,4782612,5331992,6203092
88,0,38,31,4,0,0,3,33008404,78091380,85760492,128,22506208,,7543368,8108808,9028912,8327316,,20559328,17391676,20000376,20140000,,22966780,18550252,21431164,22812296,,32,32,32,32,,5876456,4776444,5358740,6494568
90,0,39,31,4,0,0,4,33764868,77278436,84959820,128,23114304,,7948532,8190904,9198604,8426828,,20148156,17294836,19818092,20017352,,22559112,18457584,21251564,22691560,,32,32,32,32,,6267516,4775688,5475464,6595636
92,1,40,32,4,0,0,4,33782316,77257052,84946140,128,23046436,,8099784,8444004,9159920,8078608,,19973032,17033668,19867260,20383092,,22388084,18198832,21300860,23058364,,32,32,32,32,,6421156,4965668,5415232,6244380
95,0,41,34,4,0,0,3,34858384,76157920,83854116,128,24058436,,8159932,8726316,9381324,8590812,,19929012,16753096,19609136,19866676,,22345928,17921624,21044540,22542024,,32,32,32,32,,6479064,5259416,5631840,6688116
97,0,42,37,3,0,0,2,34354908,76649228,84351312,128,23638228,,7742732,8819292,8977940,8814944,,20351232,16653260,20023572,19621164,,22772276,17821932,21460392,22296712,,32,32,32,32,,6081816,5357876,5279348,6919188
100,0,43,36,4,0,0,3,34298708,76691352,84407132,128,23338696,,7788932,8516844,9437852,8555080,,20301292,16958492,19541924,19889644,,22722552,18133448,20983188,22567944,,32,32,32,32,,6069016,5016624,5620688,6632368
102,0,44,36,3,0,0,5,35774188,75199476,82919452,128,24710072,,8318076,8871312,9748304,8836496,,19748240,16599080,19239204,19612952,,22172716,17774708,20680560,22291468,,32,32,32,32,,6540536,5328852,5938204,6902480
104,1,45,37,3,0,0,5,36377024,74498240,82226732,128,25200532,,8497476,9174320,9515168,9190060,,19555472,16272500,19431900,19238368,,21982564,17448304,20877240,21918624,,32,32,32,32,,6727864,5620944,5672968,7178756
107,0,46,37,4,0,0,5,36626112,74256644,81992108,128,25407340,,8592724,8910760,9775092,9347536,,19455608,16526796,19209800,19064440,,21884044,17706432,20655596,21746036,,32,32,32,32,,6782764,5343256,5934588,7346732
109,0,47,41,3,0,0,3,37139352,73755400,81497868,128,25828556,,8448940,9219908,10024592,9445912,,19609688,16227240,18947932,18970540,,22039648,17408300,20394176,21655744,,32,32,32,32,,6633932,5622276,6136564,7435784
112,0,48,40,4,0,0,4,37452028,73408064,81153560,128,25963192,,8850976,9427944,10025552,9147556,,19186824,16006880,18943400,19270960,,21616796,17188396,20392172,21956196,,32,32,32,32,,6995828,5765580,6108340,7093444
114,0,49,40,4,0,0,5,37964580,72844184,80596448,128,26452808,,8656048,9664312,10226916,9417304,,19363192,15767552,18710752,19002688,,21794712,16950900,20161028,21689808,,32,32,32,32,,6755960,6005972,6313756,7377120
116,1,50,41,3,0,0,6,38479152,72326832,80079444,128,26819312,,9222780,9471760,10026748,9757864,,18798292,15953264,18922264,18653012,,21229888,17136180,20373176,21340200,,32,32,32,32,,7280336,5782996,6106020,7649960
119,0,51,42,4,0,0,5,39114608,71658200,79420716,128,27351532,,9391344,9739948,10370152,9613164,,18614200,15686096,18570616,18787288,,21046852,16871276,20022444,21480144,,32,32,32,32,,7441500,6041432,6392836,7475764
121,1,52,45,4,0,0,3,39474580,70802908,78567944,128,28125192,,9479268,9445256,10627416,9922640,,18539008,15490204,18305996,18467700,,20973488,16673684,19758828,21161944,,32,32,32,32,,7515004,6165420,6661988,7782780
124,0,53,47,5,0,0,1,40072736,70183264,77951712,128,28650724,,9593760,9718644,10730972,10029360,,18411084,15212936,18199408,18359836,,20847100,16396520,19653856,21054236,,32,32,32,32,,7579836,6431676,6751972,7887240
126,0,54,49,4,0,0,1,39593596,70689208,78462116,128,28099708,,9472008,9366196,10815316,9940076,,18535572,15567376,18126444,18459816,,20971976,16750516,19581948,21157676,,32,32,32,32,,7451988,6100460,6829280,7717980
128,1,55,49,3,0,0,3,41458344,69275216,77055284,128,29344356,,9893160,10157408,11028748,10379028,,18112612,15249824,17898844,18013936,,20548792,16439672,19354808,20712012,,32,32,32,32,,7802300,6394428,6977164,8170464
131,0,56,49,3,0,0,4,41982432,68682120,76468076,128,29775344,,10071280,10127780,11282264,10501108,,17920756,15269744,17631112,17860508,,20359256,16462940,19087136,20558744,,32,32,32,32,,7974808,6289632,7225296,8285608
133,1,57,48,4,0,0,5,42383256,68272136,76062868,128,30089120,,9887204,10578636,11348044,10569372,,18090880,14805512,17564800,17810944,,20531084,16000228,19021052,20510504,,32,32,32,32,,7710192,6736548,7295800,8346580
136,0,58,51,4,0,0,3,42595372,68057988,75853120,128,30211624,,10422624,10721740,10967204,10483804,,17556704,14656980,17970856,17873448,,19998188,15853432,19427876,20573624,,32,32,32,32,,8215300,6878976,6924036,8193312
138,0,59,50,4,0,0,5,43102912,67511876,75309860,128,30624212,,10376924,10752364,11463440,10510184,,17588804,14639576,17456916,17826580,,20030068,15837716,18915060,20527016,,32,32,32,32,,8144396,6954428,7312784,8212604
141,0,60,51,3,0,0,6,43331964,67234464,75035208,128,30793360,,10533676,10930392,11294712,10573184,,17439304,14421572,17606872,17766716,,19881080,15620136,19066768,20467224,,32,32,32,32,,8315124,7059068,7179620,8239548
143,0,61,50,4,0,0,7,44550728,65984496,73792552,128,31917636,,10603484,11206820,11668520,11071904,,17366408,14169536,17205924,17242628,,19811628,15367080,18667480,19946364,,32,32,32,32,,8402828,7335620,7476932,8702256
145,1,62,54,3,0,0,5,44477520,66055112,73865808,128,31765740,,10647308,11287920,11588988,10953304,,17318304,14088024,17279292,17369492,,19763648,15285868,18741712,20074580,,32,32,32,32,,8458216,7442500,7315804,8549220
148,0,63,52,4,0,0,7,44782408,65720456,73538836,128,32013120,,10458472,10903052,12140956,11279928,,17518540,14454984,16718664,17028268,,19969956,15650232,18183720,19734928,,32,32,32,32,,8217544,7083652,7843152,8868772
150,0,64,55,3,0,0,6,44862880,65587188,73424128,128,31886284,,10963116,10578548,12301016,11020200,,16997700,14756560,16557628,17275300,,19449316,15969464,18023236,19982112,,32,32,32,32,,8687464,6588436,8002180,8608204
153,0,65,53,3,0,0,9,46114296,64290784,72128960,128,33155472,,11010044,11410252,12379636,11314364,,16913568,13916304,16469536,16991376,,19365256,15129424,17935884,19698396,,32,32,32,32,,8753940,7430664,8082436,8888432
155,0,66,54,3,0,0,9,45827820,64544696,72396156,128,32716428,,11278000,11660500,12470124,10419196,,16659392,13624976,16385816,17874512,,19113972,14842572,17858028,20581584,,32,32,32,32,,8929920,7682776,8168844,7934888
158,0,67,51,3,0,0,13,45581784,64832464,72687416,128,32355328,,11102724,11418548,11755404,11305108,,16825968,13907660,17105108,16993728,,19280548,15128056,18577700,19701112,,32,32,32,32,,8736820,7417568,7414376,8786564
160,0,68,52,3,0,0,13,46804920,63558928,71421248,128,33556800,,11447320,11774724,11983396,11599480,,16475472,13544484,16874676,16664296,,18932992,14765900,18349340,19373016,,32,32,32,32,,9080516,7735824,7654852,9085608
163,0,69,55,3,0,0,11,47688108,62630792,70496256,128,34329356,,11592480,11620244,12565944,11909440,,16337420,13668116,16263384,16361872,,18795996,14889768,17738184,19072308,,32,32,32,32,,9226292,7583152,8169088,9350824
165,0,70,55,3,0,0,12,47537344,62765624,70637440,128,34110884,,11232800,12012768,12167552,12124224,,16697076,13264080,16663988,16140480,,19156988,14486564,18139988,18853900,,32,32,32,32,,8867048,7951252,7745364,9547220
168,0,71,55,3,0,0,13,48541388,61745072,69621620,128,34974352,,11506596,12240260,12577024,12217508,,16404208,13054572,16248632,16037660,,18866112,14277392,17725452,18752664,,32,32,32,32,,9033888,8146068,8149144,9645252
170,0,72,57,3,0,0,12,49169268,61070588,68948896,128,35539184,,11922260,12521308,12457900,12267800,,15954448,12774400,16355636,15986104,,18416472,13998976,17832332,18701116,,32,32,32,32,,9448216,8416996,7955908,9718064
172,1,73,56,4,0,0,13,48004260,62222496,70108312,128,34347624,,11588756,11983940,12991076,11440488,,16301264,13273236,15817180,16830816,,18765576,14498944,17297592,19546200,,32,32,32,32,,9147080,7842192,8460868,8897484
175,0,74,56,3,0,0,15,49294068,60874288,68764500,128,35353336,,11922140,12436220,13305420,11630288,,15963016,12826612,15458552,16626108,,18427688,14053240,16939640,19343932,,32,32,32,32,,9342200,8310000,8713696,8987440
177,1,75,55,4,0,0,16,50144616,59973052,67869316,128,36199048,,12299688,12604124,12880588,12360216,,15555732,12643052,15913324,15860944,,18020504,13872760,17394612,18581440,,32,32,32,32,,9757584,8465644,8301988,9673832
180,0,76,59,4,0,0,13,50834188,59241556,67146620,128,36758304,,11994436,12809496,13367280,12662976,,15841576,12439384,15408776,15551820,,18311740,13669188,16891888,18273804,,32,32,32,32,,9455844,8583984,8739676,9978800
182,1,77,61,4,0,0,12,50360948,59249936,67162316,128,36697588,,11515088,12316204,13529684,12999972,,16355072,12455328,15238252,15201284,,18826672,13683304,16721984,17930356,,32,32,32,32,,8961188,8525004,8928448,10282948
185,0,78,62,3,0,0,13,50383864,59766868,67678160,128,36279184,,11707136,12287684,13620768,12768276,,16161244,12964888,15163368,15477368,,18632352,14190528,16649552,18205728,,32,32,32,32,,9110428,8028876,9015256,10124624
187,1,79,61,4,0,0,14,52326524,57717864,65637000,128,38034288,,12511140,12869816,13855176,13090392,,15318088,12356528,14912668,15130580,,17789132,13588364,16399692,17859812,,32,32,32,32,,9834964,8566420,9187392,10445512
190,0,80,64,3,0,0,13,52260708,57737172,65662764,128,37947464,,12249388,13141336,13690388,13179596,,15573988,12034064,15080316,15048804,,18046328,13268732,16567588,17780116,,32,32,32,32,,9599844,8787968,8995304,10564348
192,0,81,63,3,0,0,15,52547312,57456948,65388832,128,38058744,,12654296,12586664,13813392,13492960,,15159012,12620456,14946816,14730664,,17635060,13856100,16434220,17463452,,32,32,32,32,,9945324,8197084,9108492,10807844
195,0,82,64,4,0,0,14,52747516,57240232,65224248,128,38222680,,12462088,13210008,13666544,13408876,,15349852,11966432,15087632,14836316,,17827236,13205500,16620664,17570848,,32,32,32,32,,9708888,8824136,9002764,10686892
197,1,83,66,4,0,0,13,53730424,55804360,63797296,128,39666524,,13078804,12938408,14004816,13708396,,14730824,11805680,14740852,14527004,,17209584,13048672,16275936,17263104,,32,32,32,32,,10296304,9083968,9290708,10995544
200,0,84,68,3,0,0,13,53628788,56349592,64344396,128,39061728,,12925532,13742904,14372640,12587712,,14862348,11478076,14358292,15650876,,17342344,12719276,15895864,18386912,,32,32,32,32,,10129420,9401116,9603596,9927596
202,1,85,69,4,0,0,12,54403348,55563640,63565204,128,39823664,,13094808,13861900,14245188,13201452,,14747892,11349016,14468864,14997868,,17227968,12592708,16009712,17734816,,32,32,32,32,,10438784,9524708,9481400,10378772
205,0,86,73,3,0,0,10,55153896,54787824,62797716,128,40486964,,13248984,13470448,14640616,13793848,,14578828,11753616,14061500,14393880,,17061860,13000176,15603660,17132020,,32,32,32,32,,10551012,9189400,9842528,10904024
208,0,87,73,3,0,0,11,55251116,54714032,62737976,128,40436028,,13647004,13448048,14471452,13684612,,14180164,11784432,14247828,14501608,,16664516,13037680,15793948,17241832,,32,32,32,32,,10908476,9103976,9647084,10776492
210,0,88,74,3,0,0,11,56039148,53842000,61868192,128,40990048,,13809060,13919092,14201660,14109336,,14016040,11266380,14495180,14064400,,16500552,12521364,16041324,16804952,,32,32,32,32,,11095040,9501124,9265172,11128712
213,0,89,72,3,0,0,14,56875116,52990204,61019420,128,41784792,,13650760,14289140,14882964,14052252,,14184016,10903736,13793788,14108664,,16670592,12159028,15340568,16849232,,32,32,32,32,,10907976,9864580,9979068,11033168
215,0,90,73,4,0,0,13,55806788,54067400,62103896,128,40719608,,13065060,13534868,15143184,14063676,,14767120,11654672,13536064,14109544,,17253972,12913056,15088080,16848788,,32,32,32,32,,10318656,9149980,10206908,11044064
218,0,91,72,4,0,0,15,57790872,52003836,60044864,128,42408836,,13992644,13863140,15376788,14558300,,13804632,11327536,13283084,13588584,,16292856,12586920,14836000,16329088,,32,32,32,32,,11170416,9364388,10382540,11491492
220,0,92,75,3,0,0,14,58784492,51030736,59080904,128,43557976,,14246796,14271260,15570464,14695972,,13533020,10905948,13144632,13447136,,16026828,12166220,14697532,16190324,,32,32,32,32,,11445240,9764748,10682244,11665744
223,0,93,79,3,0,0,11,58617112,51179380,59232820,128,43264844,,13618520,14665972,15666040,14666580,,14162548,10491308,13047856,13477668,,16658904,11753052,14600888,16219976,,32,32,32,32,,10800388,10144180,10776040,11544236
225,0,94,80,3,0,0,11,59822264,49955080,58011772,128,44434100,,14166080,14824472,15751860,15079852,,13617560,10322088,12954540,13060892,,16116172,11581460,14509244,15804896,,32,32,32,32,,11290280,10312196,10863940,11967684
227,1,95,80,4,0,0,11,60126720,49605980,57665116,128,44528024,,14641196,14514636,16019440,14951448,,13117980,10634280,12688368,13165352,,15616672,11895300,14243656,15909488,,32,32,32,32,,11707472,9959928,11066688,11793936
230,0,96,79,3,0,0,14,59746692,49961848,58024784,128,44097624,,14470168,14936512,15473044,14866968,,13275524,10195240,13241500,13249584,,15773136,11461912,14795956,15993780,,32,32,32,32,,11530664,10353012,10524560,11689388
232,1,97,77,3,0,0,17,60935616,48750556,56816360,128,45210444,,14835392,15311452,15596616,15192156,,12921448,9819284,13088144,12921680,,15420352,11081560,14646680,15667768,,32,32,32,32,,11841060,10717244,10640680,12011460
235,0,98,79,4,0,0,15,60552276,49081844,57167108,128,44793816,,15237220,14592404,15614344,15108308,,12509000,10536348,13045292,12991204,,15009068,11807848,14604312,15745880,,32,32,32,32,,12237624,10032500,10623092,11900600
238,0,99,79,3,0,0,17,59961444,49678052,57777112,128,44174732,,15354824,14694592,15242904,14669124,,12394936,10430896,13409492,13442728,,14897292,11711640,14968144,16200036,,32,32,32,32,,12379688,10108012,10236908,11450124
240,0,100,79,3,0,0,18,61628928,47933464,56033940,128,45562796,,15457136,15295136,15841120,15035536,,12281612,9809988,12807128,13034736,,14785444,11091272,14366388,15790836,,32,32,32,32,,12486272,10587112,10745372,11744040
243,0,101,78,4,0,0,19,61104488,48488104,56598860,128,45047124,,14341808,15315744,16317460,15129476,,13408852,9789164,12349840,12940248,,15918116,11071868,13910072,15698804,,32,32,32,32,,11417688,10639904,11236732,11752800
245,1,102,76,5,0,0,21,60013376,49601328,57717448,128,43975340,,13423024,14846284,16127408,15616660,,14326252,10240184,12516840,12518052,,16832028,11528900,14078328,15278192,,32,32,32,32,,10419344,10141660,10989756,12424580
248,1,103,72,4,0,0,27,62488472,47040108,55166784,128,46197912,,14516272,15659740,16555972,15756488,,13183512,9425932,12091224,12339440,,15690152,10718308,13655112,15103212,,32,32,32,32,,11335876,10907240,11357648,12597148
251,0,104,77,5,0,0,22,63983392,45533772,53669592,128,47597452,,15278832,15994956,16853448,15856156,,12396544,9056288,11802288,12278652,,14905656,10354092,13367008,15042836,,32,32,32,32,,12105772,11167264,11643344,12681072
254,0,105,83,3,0,0,19,63554708,45918392,54074156,128,47185648,,15511420,15830388,17019380,15193520,,12153344,9227948,11623152,12913948,,14665300,10527464,13197544,15683848,,32,32,32,32,,12320052,11047988,11813620,12003988
256,0,106,84,4,0,0,18,64721416,44256512,52420000,128,48639172,,15897184,15781956,17128764,15913512,,11763756,8772928,11526608,12193220,,14278332,10075404,13102840,14963424,,32,32,32,32,,12659856,11449760,11905984,12623572
259,0,107,87,4,0,0,16,63310864,45719592,53885488,128,47332448,,15159288,15414396,16859208,15877972,,12513504,9213428,11776916,12215744,,15026904,10517888,13353596,14987100,,32,32,32,32,,11935848,11189536,11612332,12594732
261,1,108,84,4,0,0,20,64595060,44891880,53071488,128,47881688,,15081612,15942148,17461460,16109840,,12586004,9153680,11194032,11958164,,15099540,10463744,12773464,14734740,,32,32,32,32,,11838120,11171752,12104016,12767800
264,0,109,87,3,0,0,19,66479460,43017972,51207296,128,49760476,,15546364,16612000,17724628,16596468,,12174644,8475044,10901828,11466456,,14688824,9785488,12484992,14247992,,32,32,32,32,,12451520,11795348,12301292,13212316
266,1,110,88,4,0,0,18,66596628,42880948,51078508,128,49831956,,15779552,16508936,17880312,16427828,,11921128,8561672,10742884,11655264,,14437104,9876732,12326900,14437772,,32,32,32,32,,12647164,11683992,12438148,13062652
269,0,111,94,4,0,0,13,67137224,42367372,50540352,128,50132436,,16174392,16007556,18134180,16821096,,11531556,9067632,10520044,11248140,,14051424,10384416,12070488,14034024,,32,32,32,32,,13020216,11116920,12585092,13410208
271,1,112,93,3,0,0,16,66349628,43092192,51266972,128,49218592,,16009208,16384968,17987096,15968356,,11681312,8663976,10663240,12083664,,14201568,9983304,12213316,14868784,,32,32,32,32,,12836820,11421940,12416076,12543756
274,0,113,91,3,0,0,19,67050196,42378168,50561876,128,49887000,,15872096,16584300,17687540,16906260,,11823712,8459356,10966580,11128520,,14345440,9778556,12522136,13915744,,32,32,32,32,,12739668,11629768,12128204,13389360
277,0,114,88,3,0,0,23,67280384,42040228,50229084,128,49989468,,15579364,17103324,17340192,17257504,,12094324,7919840,11288928,10737136,,14614388,9242024,12848288,13524384,,32,32,32,32,,12331700,12120248,11770712,13766808
279,1,115,87,4,0,0,24,68814248,40553408,48748516,128,51517488,,16069896,17274380,18037856,17432116,,11602828,7739032,10630292,10581256,,14122456,9066596,12189540,13369924,,32,32,32,32,,12811380,12282332,12500616,13923160
282,0,116,93,3,0,0,20,68440540,40421020,48624252,128,51543960,,16204648,17008056,18067432,17160404,,11446932,7537516,10584464,10852108,,13969396,8865444,12145268,13644144,,32,32,32,32,,12891976,12465300,12566288,13620396
285,0,117,96,3,0,0,18,70178700,38656756,46868736,128,53242932,,16666724,17275940,18484932,17751104,,10969580,7250456,10160424,10276296,,13498908,8577268,11722492,13070068,,32,32,32,32,,13359880,12776100,12931544,14175408
287,1,118,92,4,0,0,22,69445304,39354048,47572640,128,52312872,,16493288,16580552,18678668,17692796,,11130704,7934260,9989248,10299836,,13660196,9263400,11555180,13093864,,32,32,32,32,,13132492,11973848,13131028,14075504
290,0,119,93,3,0,0,23,70031160,39221616,47451832,128,52395436,,17118408,17005144,18303296,17604312,,10519576,7966296,10356196,10379548,,13049116,9296528,11923156,13183032,,32,32,32,32,,13732120,11832280,12801772,14029264
292,1,120,97,4,0,0,19,70388768,38806624,47054976,128,52590416,,16993404,17489356,18390728,17515280,,10608556,7477416,10249704,10470948,,13142380,8809580,11822652,13280364,,32,32,32,32,,13586104,12305228,12771076,13928008
295,1,121,97,3,0,0,21,71646320,37517496,45770460,128,53770952,,17368032,17528320,18658788,18091180,,10249384,7390608,9991952,9885552,,12784828,8724268,11566048,12695316,,32,32,32,32,,13936960,12370216,13019880,14443896
298,0,122,99,4,0,0,19,72955864,36160516,44421348,128,54966816,,17788448,17955148,19129736,18082532,,9816924,6964160,9497296,9882136,,12355788,8300048,11074464,12691048,,32,32,32,32,,14335716,12750240,13458732,14422128
300,1,123,104,3,0,0,16,73426344,35676132,43944248,128,55343792,,17992540,18184020,19018216,18231568,,9622048,6751944,9595080,9707060,,12163704,8090632,11172896,12517016,,32,32,32,32,,14548508,12976232,13310300,14508752
303,0,124,105,3,0,0,16,73498532,35575424,43852480,128,55348636,,18138696,17618896,19573472,18167468,,9463848,7313836,9012284,9785456,,12009668,8655824,10591288,12595700,,32,32,32,32,,14690512,12351800,13823356,14482968
306,0,125,106,3,0,0,16,73175036,35943728,44222104,128,55080280,,18247828,18032304,19018056,17876848,,9350744,6889084,9562892,10141008,,11896708,8233004,11143680,12948712,,32,32,32,32,,14811916,12725400,13297308,14245656
308,1,126,100,3,0,0,23,73626236,35428088,43708692,128,55396456,,18002488,17844092,19442900,18336756,,9586180,7025652,9145476,9670780,,12132548,8371096,10726464,12478584,,32,32,32,32,,14516100,12493484,13697932,14688940
311,0,127,98,4,0,0,25,74194024,34836460,43123788,128,55960240,,17742692,18466884,19233456,18750992,,9855500,6409400,9336476,9235084,,12403104,7760232,10917532,12042920,,32,32,32,32,,14281032,13113452,13424944,15140812
314,0,128,99,4,0,0,25,75202492,33753216,42046364,128,56654752,,18482544,18721988,19939488,18058472,,9077276,6141288,8614224,9920428,,11624944,7494988,10196224,12730208,,32,32,32,32,,14929432,13317436,14043000,14364884
316,1,129,99,3,0,0,27,73863492,35102512,43399476,128,55223676,,17567468,18767276,19502744,18026004,,9995440,6102984,9038716,9965372,,12544388,7458524,10623788,12772776,,32,32,32,32,,14044284,13335520,13541840,14302032
319,0,130,97,4,0,0,29,76067036,32893056,41191992,128,57437596,,18618708,18849044,19723532,18875752,,8904012,6104292,8806992,9077760,,11452972,7460224,10392348,11886448,,32,32,32,32,,14950952,13667560,13725760,15093324
322,0,131,101,3,0,0,27,77621060,31316436,39628672,128,58920164,,19137468,19004616,20317168,19161808,,8381972,5960628,8196460,8777376,,10931080,7322376,9785084,11590132,,32,32,32,32,,15487556,13829920,14212476,15390212
324,1,132,109,4,0,0,19,77257580,31751280,40070228,128,58578276,,19138236,19221532,19852044,19045768,,8443792,5735608,8670372,8901508,,10994012,7097960,10260016,11718240,,32,32,32,32,,15648696,13984456,13713712,15231412
327,1,133,104,3,0,0,26,75461820,33520128,41834012,128,56648720,,18564380,19393212,19759376,17744852,,9012612,5563204,8742248,10202064,,11560272,6924736,10330796,13018208,,32,32,32,32,,14977908,14138956,13526040,14005816
330,0,134,101,4,0,0,29,75423516,32999236,41320288,128,56839660,,18588408,18885628,19973604,17975876,,8976924,5570964,8517236,9934112,,11523876,6935496,10107748,12753168,,32,32,32,32,,14961792,14059868,13721812,14096188
333,0,135,99,3,0,0,33,76444348,31437164,39760776,128,58118204,,18869356,18746120,20267332,18561540,,8673404,5232844,8189788,9341128,,11219368,6599464,9782952,12158992,,32,32,32,32,,15189628,14410168,13911568,14606840
336,0,136,97,3,0,0,36,77347676,30949340,39285312,128,58495444,,18870332,18757144,20503840,19216360,,8638072,5685968,7962612,8662688,,11188572,7054920,9558216,11483604,,32,32,32,32,,15250164,13827216,14156552,15261512
338,1,137,96,3,0,0,38,76384704,31897096,40243244,128,57532036,,18616788,18849032,20320400,18598484,,8896632,5537008,8191552,9271904,,11447316,6905936,9794028,12095964,,32,32,32,32,,14865664,13904732,14146244,14615396
341,1,138,97,4,0,0,37,77671076,30633888,38985088,128,58583124,,18597860,18716776,20772408,19584032,,8915048,5703132,7736964,8278744,,11465064,7073788,9342028,11104208,,32,32,32,32,,14844188,13583184,14604148,15551604
344,1,139,100,3,0,0,36,79521984,28719132,37086396,128,60186344,,19404020,19497060,20730120,19890784,,8079356,4907492,7778764,7953520,,10635200,6280608,9388368,10782220,,32,32,32,32,,15567272,14310572,14480132,15828368
347,0,140,104,3,0,0,33,80406692,27783108,36167256,128,61078616,,19181956,19910220,21319860,19994656,,8296188,4461224,7188980,7836716,,10855012,5842604,8802820,10666820,,32,32,32,32,,15392716,14694876,15054512,15936512
350,0,141,106,3,0,0,32,79070208,29143752,37524344,128,59686188,,19597408,19809748,20794080,18868972,,7886980,4576988,7708128,8971656,,10444948,5951096,9322792,11805508,,32,32,32,32,,15718984,14608532,14493440,14865232
352,1,142,109,3,0,0,30,81259772,26892792,35283996,128,61731844,,19681024,20294644,21370052,19914052,,7797060,4072912,7104080,7918740,,10357100,5449764,8723900,10753232,,32,32,32,32,,15786100,15088236,15111688,15745820
355,1,143,110,3,0,0,30,80711284,26919388,35309992,128,61543484,,19740088,19974860,20897868,20098468,,7714176,3929556,7572228,7703428,,10273332,5303520,9194560,10538580,,32,32,32,32,,15808084,15243532,14570100,15921768
358,0,144,106,3,0,0,35,80518036,28037128,36430968,128,60343824,,19413912,19852032,21167496,20084596,,8033096,4999088,7312212,7692732,,10593504,6373764,8934064,10529636,,32,32,32,32,,15443572,14192480,14822292,15885480
361,0,145,105,3,0,0,37,81702304,26778460,35180132,128,61306016,,20104560,19875120,21238168,20484456,,7325864,4945276,7218664,7288656,,9890220,6322272,8840864,10126776,,32,32,32,32,,16107260,14037572,14869808,16291376
363,1,146,110,3,0,0,33,82684988,25771828,34187240,128,62242568,,20121528,19982460,21605912,20975088,,7297204,4818880,6860228,6795516,,9864820,6199036,8486748,9636636,,32,32,32,32,,16132780,14151172,15228932,16729684
367,0,147,113,4,0,0,30,83401380,25057204,33477900,128,63079856,,20181552,20808140,21948540,20463148,,7210600,3954912,6489184,7402508,,9778092,5342584,8116092,10241132,,32,32,32,32,,16168664,14912756,15506128,16492308
369,1,148,114,3,0,0,31,83776064,24673060,33101796,128,63329960,,20149548,21156444,22003968,20466104,,7245148,3590976,6434096,7402840,,9813984,4984908,8061216,10241688,,32,32,32,32,,16144036,15229744,15533160,16423020
372,0,149,113,3,0,0,33,84375792,24079596,32518044,128,63793864,,20276388,21516196,21865140,20718068,,7117892,3236592,6574720,7150392,,9688144,4635604,8203684,9990612,,32,32,32,32,,16178644,15573688,15389000,16652532
375,0,150,116,3,0,0,31,84955396,23448504,31896972,128,64296392,,20055692,21701172,22338200,20860332,,7321940,3043600,6100028,6982936,,9894764,4444808,7731976,9825424,,32,32,32,32,,15932576,15765440,15822028,16776348
377,1,151,117,3,0,0,31,84209124,24241172,32690980,128,63583064,,19930828,20842972,22010124,21425200,,7452936,3983768,6401664,6402804,,10025048,5384328,8033656,9247948,,32,32,32,32,,15775576,15102872,15417688,17286928
380,0,152,118,3,0,0,31,85346676,23073840,31526196,128,64701864,,19892224,21075948,22737560,21640944,,7447504,3770904,5666464,6188968,,10018564,5170376,7300404,9036852,,32,32,32,32,,15705872,15312208,16145816,17537968
383,0,153,119,4,0,0,30,85708296,22645508,31094000,128,64876844,,20658076,21785396,22082108,21182716,,6659204,3033596,6297628,6655080,,9232660,4437020,7921604,9502716,,32,32,32,32,,16391996,15991000,15495496,16998352
385,1,154,120,4,0,0,30,86404252,22090704,30542492,128,65886164,,20700480,21539672,22222216,21941884,,6773368,3258772,6171596,5886968,,9351048,4659500,7797472,8734472,,32,32,32,32,,16778012,15785764,15598572,17723816
388,0,155,120,3,0,0,32,85978396,22461888,30918488,128,65404348,,21137308,21709732,21835084,21296272,,6316284,3085024,6549124,6511456,,8894052,4491480,8173248,9359708,,32,32,32,32,,17161824,15841992,15236080,17164452
391,0,156,117,3,0,0,36,86762368,21629464,30089552,128,65840608,,21319356,21217940,22432444,21792628,,6135748,3577048,5923708,5992960,,8713660,4983832,7548676,8843384,,32,32,32,32,,17360400,15326432,15657012,17496764
393,1,157,117,3,0,0,37,87720540,20591532,29061892,128,66748416,,21159804,22043328,22645672,21871736,,6290132,2722756,5676068,5902576,,8872368,4133656,7303816,8752052,,32,32,32,32,,17163684,16074568,15927160,17583004
396,0,158,116,4,0,0,38,88303148,19954912,28427892,128,67123256,,21353324,21977304,23104708,21867812,,6093532,2765124,5204040,5892216,,8675924,4177556,6832644,8741768,,32,32,32,32,,17325340,15988688,16322996,17486232
399,0,159,116,3,0,0,40,89068900,19195740,27680536,128,67787224,,21840960,21881328,23526272,21820340,,5591764,2874376,4792672,5936928,,8175468,4292384,6425876,8786808,,32,32,32,32,,17783628,15912984,16687788,17402824
401,1,160,118,4,0,0,38,89125164,19155344,27650752,128,67947860,,22107212,21971472,22898924,22147556,,5324024,2746184,5510248,5574888,,7914016,4164316,7144308,8428112,,32,32,32,32,,18055616,15930068,16258016,17704160
404,0,161,120,4,0,0,37,89682936,18588244,27092636,128,68369728,,22028096,22697260,22155676,22801904,,5392004,2044808,6234968,4916464,,7986012,3465516,7867508,7773600,,32,32,32,32,,17926248,16603164,15537308,18303008
407,0,162,119,3,0,0,40,88444596,19740484,28260572,128,66923536,,21263116,22598964,22235004,22347512,,6140124,2116692,6123076,5360592,,8732512,3545968,7762248,8219844,,32,32,32,32,,17090360,16517864,15457332,17857980
410,0,163,122,3,0,0,38,89606500,18555176,27081172,128,67951804,,21593988,22500336,22967688,22544488,,5800808,2215344,5378588,5160436,,8392288,3646748,7019928,8022208,,32,32,32,32,,17359304,16426776,16121396,18044328
413,0,164,122,3,0,0,39,91502040,16566000,25097904,128,69640356,,22439224,22742512,23694060,22626244,,4939800,1944724,4639228,5042248,,7531920,3377792,6283908,7904284,,32,32,32,32,,18207032,16571196,16826424,18035704
415,1,165,121,4,0,0,40,90229812,17790624,26328876,128,68318916,,21365988,22934136,23499716,22429972,,5997228,1748328,4802724,5242344,,8591336,3180712,6450776,8106052,,32,32,32,32,,17106472,16769740,16637164,17805540
418,1,166,122,4,0,0,40,91904512,16077344,24623012,128,69811896,,22106044,22950548,23700608,23147312,,5249376,1696956,4611824,4519188,,7842464,3132716,6261684,7386148,,32,32,32,32,,17794916,16772612,16757236,18487132
421,0,167,127,3,0,0,37,92115080,15811620,24362876,128,69867424,,22751340,22954360,22919116,23490264,,4581864,1701628,5373328,4154800,,7176136,3143336,7021560,7021844,,32,32,32,32,,18400772,16685452,15942068,18839132
424,0,168,125,4,0,0,39,92474368,15415904,23974916,128,70097740,,23005572,23620500,22667844,23180452,,4319868,1004732,5636932,4454372,,6914224,2452636,7284824,7323232,,32,32,32,32,,18667184,17316508,15588204,18525844
426,1,169,122,4,0,0,43,92202156,15766604,24325828,128,69893572,,21990312,24133796,23042852,23035196,,5330976,483880,5211512,4740236,,7934208,1923056,6861300,7607264,,32,32,32,32,,17617396,17806976,15818648,18650552
429,1,170,122,4,0,0,44,93705224,14259460,22829140,128,71294020,,23104872,24048148,23858564,22693640,,4211164,583872,4393596,5070828,,6816104,2029128,6045512,7938396,,32,32,32,32,,18672900,17697844,16630532,18292744
432,1,171,129,3,0,0,39,93337904,14579648,23151112,128,70829188,,21723380,24250008,24325240,23039276,,5565600,389192,3920040,4704816,,8173184,1831012,5575972,7570944,,32,32,32,32,,17362064,17946128,16990256,18530740
435,0,172,125,3,0,0,44,92500768,15410056,23944464,128,69643820,,21263432,24157380,24728692,22351264,,6008876,518392,3487400,5395388,,8613520,1937576,5140976,8252392,,32,32,32,32,,16776496,17718764,17310124,17838436
438,1,173,126,3,0,0,44,94557936,13450880,21953756,128,71656180,,22832668,24299776,24926644,22498848,,4415460,460036,3298768,5276616,,7023524,1874160,4963092,8092980,,32,32,32,32,,18233632,18078532,17501368,17842648
441,1,174,130,4,0,0,40,94691600,13291408,21788244,128,71770384,,23118384,24281196,25045760,22246260,,4125176,485220,3172584,5508428,,6732552,1901944,4826584,8327164,,32,32,32,32,,18510904,18099336,17605488,17554656
444,1,175,129,4,0,0,42,95790872,12230392,20722844,128,72976292,,23346476,24292576,25308032,22843788,,3999256,460180,2876552,4894404,,6608184,1877480,4516680,7720500,,32,32,32,32,,19020936,18099920,17803968,18051468
447,0,176,132,3,0,0,40,96222836,11774112,20270428,128,73443388,,23446060,24300740,25159772,23316264,,3902996,449916,3033944,4387256,,6514412,1867544,4674772,7213700,,32,32,32,32,,19138564,18100232,17675908,18528684
450,0,177,133,5,0,0,39,96731572,11232172,19728412,128,73849000,,23487284,24367012,25135644,23741632,,3872160,369060,3037360,3953592,,6483732,1788132,4670412,6786136,,32,32,32,32,,19138764,18101696,17632056,18976484
453,0,178,135,5,0,0,38,97739704,10207348,18713288,128,74658108,,23510452,24408660,25648800,24171792,,3849420,329156,2509896,3518876,,6470220,1748804,4142136,6352128,,32,32,32,32,,19143608,18102084,18080484,19331932
456,0,179,141,5,0,0,33,96752952,10691584,19134244,128,74119124,,23494940,23929908,25156812,24171292,,3847008,335604,2991640,3517332,,6468564,1690148,4623144,6352388,,32,32,32,32,,19143336,18037604,17597272,19340912
458,1,180,140,6,0,0,34,96171180,10019972,18343184,128,74909220,,23495404,22459712,26047724,24168340,,3853700,544764,2095564,3525944,,6476704,1775180,3727456,6363844,,32,32,32,32,,19143408,17998264,18426300,19341248
461,1,181,141,7,0,0,33,96055808,10234000,18570052,128,74937468,,23504400,22530040,25778236,24243132,,3850388,469616,2483288,3430708,,6474768,1711516,4114804,6268964,,32,32,32,32,,19144668,18009824,18441572,19341404
464,1,182,141,8,0,0,33,96107328,10149096,18492576,128,74942836,,23527844,22569080,25777320,24233084,,3816848,425380,2480304,3426564,,6444020,1667988,4111944,6268624,,32,32,32,32,,19147424,18010540,18441716,19343156
467,1,183,141,9,0,0,33,96184540,10054248,18402604,128,74946380,,23566824,22581844,25816492,24219380,,3782888,406364,2424420,3440576,,6412828,1650044,4056928,6282804,,32,32,32,32,,19148768,18011640,18442600,19343372
470,1,184,141,10,0,0,33,96123848,10216572,18524304,128,74766204,,23554672,22524152,25822620,24222404,,3821576,546956,2413108,3434932,,6407056,1791644,4048216,6277388,,32,32,32,32,,19104328,17873740,18444536,19343600
473,1,185,133,11,0,0,41,92321236,14715768,23039688,128,70341700,,23558472,18645876,25814600,24302288,,3817128,5110860,2419108,3368672,,6405636,6365596,4055296,6213160,,32,32,32,32,,19107328,13443320,18445584,19345468
477,0,186,131,12,0,0,43,93948268,13021176,21355588,128,71398044,,23637304,20207636,25810876,24292452,,3736460,3481928,2428120,3374668,,6330488,4738904,4066780,6219416,,32,32,32,32,,19111600,14492728,18448052,19345664
480,1,187,121,13,0,0,53,91423596,15571136,23896884,128,69017780,,19095168,22178280,25854008,24296140,,8309836,1500516,2384740,3376044,,10896080,2753132,4025360,6222312,,32,32,32,32,,14780532,16442056,18449252,19345940
484,0,188,130,13,0,0,45,93319320,14227540,22562868,128,69920028,,20580312,23121032,25877040,23740936,,6750812,1181784,2356680,3938264,,9340340,2432740,4003296,6786492,,32,32,32,32,,15832248,16784080,18455080,18848620
487,0,189,130,14,0,0,45,94970140,12596592,20915876,128,71481364,,22762452,23877448,25863776,22466464,,4544320,427408,2369428,5255436,,7135372,1664984,4016276,8099244,,32,32,32,32,,18037912,17462552,18455412,17525488
490,1,190,137,14,0,0,39,93531880,10568792,18532164,128,73588608,,23264408,20469564,25584228,24213680,,4030236,399456,2639056,3500044,,6625584,1276320,4286168,6344092,,32,32,32,32,,18519004,17528368,18211144,19330092
493,1,191,139,15,0,0,37,91599068,10613616,18422552,128,73307980,,23855156,18566928,24932688,24244296,,3430324,444628,3277804,3460860,,6032868,1157184,4925688,6306812,,32,32,32,32,,19011640,17486396,17462140,19347804
496,1,192,142,15,0,0,35,92828920,9387104,17227840,128,74414632,,23942320,18632784,25994796,24259020,,3336552,435880,2185876,3428796,,5942420,1169624,3835680,6280116,,32,32,32,32,,19124148,17507644,18429672,19353168
499,1,193,144,15,0,0,34,92932924,9482768,17344764,128,74464204,,23987840,18694468,26015156,24235460,,3274856,575824,2170144,3461944,,5882856,1327600,3820828,6313480,,32,32,32,32,,19125940,17524788,18460096,19353380
503,0,194,144,16,0,0,34,93074024,9315268,17205692,128,74492472,,24010616,18726500,26086836,24250072,,3248260,543184,2082748,3441076,,5856420,1319380,3736064,6293828,,32,32,32,32,,19125920,17549152,18462768,19354632
506,0,195,144,17,0,0,34,93015452,9477780,17373592,128,74496000,,23839964,18752080,26110848,24312560,,3493292,569492,2042292,3372704,,6102020,1347148,3696132,6228292,,32,32,32,32,,19125352,17549956,18463216,19357476
509,0,196,144,18,0,0,34,93088536,9415236,17320412,128,74500800,,23849328,18833852,26102044,24303312,,3471800,495552,2065920,3381964,,6084976,1277960,3719936,6237540,,32,32,32,32,,19125440,17554504,18463372,19357484
512,0,197,144,19,0,0,34,93081260,9407988,17323600,128,74509504,,23776692,18874632,26082760,24347176,,3549836,460116,2082712,3315324,,6164436,1250416,3737364,6171384,,32,32,32,32,,19125544,17562144,18463924,19357892
515,1,198,143,20,0,0,35,92160256,10322204,18262792,128,73478272,,23845416,17912244,26054140,24348456,,3480164,1414292,2108824,3318924,,6095128,2225648,3765536,6176480,,32,32,32,32,,19125980,16528184,18465960,19358148
518,1,199,146,20,0,0,33,93053564,9404420,17347768,128,74304300,,23876392,18741636,26152844,24282692,,3433176,572696,2007900,3390648,,6050100,1384636,3664820,6248212,,32,32,32,32,,19128016,17352016,18466120,19358148
521,1,200,147,21,0,0,32,93345664,9119240,17069088,128,74542316,,23857896,19029200,26093692,24364876,,3445336,261552,2096568,3315784,,6067120,1073940,3753792,6174236,,32,32,32,32,,19132896,17584472,18466264,19358684
524,1,201,149,21,1,0,30,90832220,11719460,19641352,128,71986320,,22960524,19058224,26105688,22707784,,4357968,318468,2077180,4965844,,6985684,1094364,3734756,7826548,,32,32,32,32,,18171292,17548164,18466612,17800252
528,1,202,148,23,0,0,31,92361252,10101252,18030576,128,73282364,,23984308,19041636,26072476,23262832,,3294072,327168,2109508,4370504,,5922044,1106444,3770376,7231712,,32,32,32,32,,19138980,17551300,18469900,18122184
532,0,203,150,23,0,0,30,93816500,8677724,16624308,128,74535992,,23983616,19041452,26237144,24554288,,3293428,363744,1944000,3076552,,5923488,1147448,3609132,5944240,,32,32,32,32,,19141040,17555856,18474660,19364436
535,0,204,155,23,0,0,26,93842300,8584912,16536732,128,74538268,,24005032,19071080,26229408,24536780,,3282380,292964,1941792,3067776,,5912584,1077420,3607312,5939416,,32,32,32,32,,19141180,17556120,18475000,19365968
537,1,205,155,24,0,0,26,94169816,8830820,16684536,128,74348268,,23805152,19537096,26225232,24602336,,3490300,390180,1953408,2996932,,6120568,1073652,3621204,5869112,,32,32,32,32,,19049032,17455564,18477264,19366408
540,0,206,155,25,0,0,26,93703752,9244928,17163676,128,73847880,,23988360,19545728,25583512,24586152,,3266744,395468,2584956,2997760,,5897228,1141240,4255208,5870000,,32,32,32,32,,19141404,17518008,17822052,19366416
543,0,207,154,26,0,0,27,94488060,8416896,16370024,128,74540168,,23975664,19602640,26312120,24597636,,3267948,319928,1839288,2989732,,5898680,1098472,3510476,5862396,,32,32,32,32,,19141684,17551180,18480672,19366632
546,0,208,154,27,0,0,27,94533264,8279228,16340828,128,74648544,,24046724,19608268,26284836,24593436,,3183792,333820,1764084,2997532,,5814636,1122384,3533212,5870596,,32,32,32,32,,19141720,17561452,18578524,19366848
549,0,209,154,28,0,0,27,94439848,8441200,16515292,128,74660792,,24048264,19664916,26253920,24472748,,3188148,274020,1800884,3178148,,5819668,1071956,3570332,6053336,,32,32,32,32,,19142192,17571316,18578800,19368484
551,1,210,154,29,0,0,27,94515724,7730048,16421780,128,75277744,,24100856,19659296,26296324,24459248,,3136508,273988,1150152,3169400,,5769096,1074028,3533836,6044820,,32,32,32,32,,19143100,17573416,19192380,19368848
554,1,211,153,30,0,0,28,94415064,7556220,16832776,128,75419816,,24085580,19593940,26296696,24438848,,3144252,645172,570540,3196256,,5777612,1453224,3526668,6075272,,32,32,32,32,,19143932,17139364,19764156,19372364
557,1,212,152,30,1,0,29,95001232,7278388,16747888,128,75430132,,23653548,20616068,26244128,24487488,,3551908,317988,259004,3149488,,6186964,914196,3613672,6033056,,32,32,32,32,,18636224,17377568,20039716,19376624
561,1,213,154,31,0,0,28,95555332,6911900,16356228,128,75910956,,24135012,20560648,26334980,24524692,,3058052,392988,356112,3104748,,5694696,1009756,3663492,5988284,,32,32,32,32,,19144968,17397672,19991440,19376876
564,0,214,154,32,0,0,28,90829508,13465184,21110780,128,69601112,,24203796,20562820,26308128,19754764,,2970416,386484,2187372,7920912,,5609140,1006880,3697904,10796856,,32,32,32,32,,19145452,17401344,18198976,14855340
568,0,215,146,33,0,0,36,89350392,14998264,22659160,128,68028736,,24135108,20596852,26459256,18159176,,3072396,391884,2023776,9510208,,5711172,1024220,3542092,12381676,,32,32,32,32,,19145344,17411600,18207032,13264760
572,0,216,141,34,0,0,41,90771504,13424976,21099612,128,68687744,,24126468,20629432,26540724,19474880,,3077120,371468,1932020,8044368,,5711616,1016876,3454000,10917120,,32,32,32,32,,19139848,17423924,18210584,13913388
575,0,217,139,35,0,0,43,91602640,12999032,20679508,128,69163524,,24163516,20928716,25923608,20586800,,3064504,432828,2565256,6936444,,5692308,1083564,4088132,9815504,,32,32,32,32,,19133088,17299472,17616404,15114560
578,1,218,141,35,1,0,41,94348900,10179252,17869484,128,71683632,,24190192,21028068,26629148,22501492,,3043328,313108,1828420,4994396,,5671476,967068,3352976,7877964,,32,32,32,32,,19133376,17432124,18213168,16904964
581,1,219,143,35,2,0,39,95818996,8779152,16482224,128,73200364,,24165236,21058368,26602964,23992428,,3073672,327472,1880924,3497084,,5702992,991520,3406776,6380936,,32,32,32,32,,19134392,17442060,18213128,18410784
585,0,220,143,35,3,0,39,96737152,7861320,15566704,128,74180344,,24071368,21093636,26588260,24983888,,3197580,277984,1877696,2508060,,5828136,941156,3403916,5393496,,32,32,32,32,,19135628,17441248,18213556,19389912
588,1,221,144,35,4,0,38,96787980,7802980,15517636,128,74186700,,24221524,21029692,26555260,24981504,,3022912,341852,1932348,2505868,,5653892,1009596,3462468,5391680,,32,32,32,32,,19135504,17445628,18214648,19390920
591,0,222,146,34,5,0,37,96798672,7778448,15503080,128,74194108,,24167260,21083040,26595384,24952988,,3071180,315220,1852540,2539508,,5703528,988040,3386184,5425328,,32,32,32,32,,19136192,17450672,18216316,19390928
594,0,223,146,34,6,0,37,96257688,8356152,16090224,128,73667076,,24167520,21082732,26051416,24956020,,3075480,323564,2431824,2525284,,5710012,999444,3967980,5412788,,32,32,32,32,,19138376,17453700,17682404,19392596
597,0,224,149,33,7,0,35,96607652,7979020,15726740,128,73948252,,24218852,21132012,26301428,24955360,,3019008,277700,2165736,2516576,,5653648,953964,3714792,5404336,,32,32,32,32,,19138488,17454140,17962768,19392856
599,1,225,150,33,8,0,34,96719240,7851732,15607628,128,74152928,,24210224,21080764,26496224,24932028,,3015936,323640,1963044,2549112,,5650784,1005648,3514036,5437160,,32,32,32,32,,19138640,17459616,18161680,19392992
602,0,226,151,33,9,0,33,96812552,7773112,15546360,128,74240768,,24199796,21134968,26556680,24921108,,3016164,289504,1897676,2569768,,5655332,978828,3454076,5458124,,32,32,32,32,,19142880,17467424,18237380,19393084
605,0,227,150,33,10,0,34,96828760,7752836,15536072,128,74166960,,24203088,21148928,26561868,24914876,,3015048,279676,1875936,2582176,,5656352,974660,3434332,5470728,,32,32,32,32,,19144936,17389780,18239000,19393244
607,1,228,151,33,11,0,33,93711704,8563148,16228420,128,73806404,,24102192,18664076,26199840,24745596,,3149568,340312,2270832,2802436,,5791024,915956,3830512,5690928,,32,32,32,32,,19145044,17350572,17917964,19392824
611,0,229,150,33,12,0,34,94148168,8088496,15781448,128,74155700,,24229928,18681896,26593572,24642772,,3018496,303840,1838024,2928136,,5661280,905988,3397880,5816300,,32,32,32,32,,19145364,17376804,18241416,19392116
613,1,230,150,33,13,0,34,94128548,8139788,15868576,128,74191096,,24234532,18642636,26541300,24710080,,3011348,360884,1903712,2863844,,5655596,996732,3463728,5752520,,32,32,32,32,,19146460,17410424,18241572,19392640
616,0,231,152,33,14,0,32,92922172,9352524,17097752,128,72958772,,24104524,18721704,26580200,23515744,,3111516,285620,1873476,4081912,,5757124,934384,3434380,6971864,,32,32,32,32,,18970752,17423412,18242476,18322132
619,0,232,151,33,15,0,33,85264072,15109712,22726424,128,68109332,,24261784,16549264,26585688,17867336,,2959080,400524,1859864,9890244,,5604860,919252,3421260,12781052,,32,32,32,32,,19147932,17293860,18242960,13424580
622,0,233,151,33,16,0,33,86648928,13603912,21242260,128,68767320,,24240616,16555208,26391600,19461504,,2997052,380056,2065068,8161736,,5643108,912232,3628884,11058036,,32,32,32,32,,19148200,17306924,18102052,14210144
625,0,234,151,33,17,0,33,88007044,12249348,19892360,128,70117112,,24285320,16562216,26487016,20672492,,2948640,390344,1957092,6953272,,5594588,926220,3520096,9851456,,32,32,32,32,,19148112,17310632,18155592,15502776
628,0,235,150,33,18,0,34,89646700,10639756,18299620,128,71665332,,24232160,16574280,26567960,22272300,,3007724,431936,1857420,5342676,,5653644,982852,3419764,8243360,,32,32,32,32,,19148028,17325668,18181932,17009704
630,1,236,150,33,19,0,34,91011312,9225932,16898748,128,72925276,,24238496,16678984,26632024,23461808,,2988756,316620,1781104,4139452,,5634820,887828,3335700,7040400,,32,32,32,32,,19148172,17346208,18246660,18184236
633,1,237,150,33,20,0,34,91876808,8742312,16456156,128,73502164,,24099424,16852012,26586380,24338992,,3119900,508944,1855844,3257624,,5768744,1113672,3411112,6162628,,32,32,32,32,,19048664,17135316,18247340,19070844
636,1,238,151,33,21,0,33,92602732,7979888,15702336,128,73942876,,24255428,17114776,26470332,24762196,,2939204,260344,1957872,2822468,,5591660,868052,3513400,5729224,,32,32,32,32,,19154524,17382396,18000096,19405860
639,0,239,152,33,22,0,32,92665396,8125472,15771628,128,73740952,,24253884,17290364,26381600,24739548,,2950804,327384,2025984,2821300,,5603452,862680,3577548,5727948,,32,32,32,32,,19154692,17310088,17870292,19405880
641,1,240,152,33,23,0,32,92778116,8096956,15755124,128,73996728,,24213644,17304300,26532700,24727472,,2978364,332296,1939192,2847104,,5632080,877028,3491764,5754252,,32,32,32,32,,19155764,17319564,18115308,19406092
644,0,241,152,33,24,0,32,92229884,8615244,16289144,128,73419312,,23789352,17296468,26400448,24743616,,3395108,361680,2035032,2823424,,6049792,917596,3590076,5731680,,32,32,32,32,,18696160,17330664,17985528,19406960
647,0,242,151,33,25,0,33,92782304,8073696,15757904,128,74031676,,24289500,17133356,26666792,24692656,,2881960,540868,1781124,2869744,,5536976,1104536,3337148,5779244,,32,32,32,32,,19159236,17212184,18252244,19408012
649,1,243,152,32,26,0,33,92847700,8028468,15759008,128,74099644,,24270804,17240380,26660616,24675900,,2885520,455768,1795324,2891856,,5540700,1059536,3355888,5802884,,32,32,32,32,,19159376,17275116,18256848,19408304
652,1,244,152,32,27,0,33,92897440,7994896,15741796,128,74141392,,24274508,17281712,26670392,24670828,,2884892,409316,1779488,2921200,,5540080,1025032,3343900,5832784,,32,32,32,32,,19159384,17312472,18260728,19408808
655,1,245,152,32,28,0,33,92617964,8260140,16009796,128,74006732,,24172392,17259652,26487428,24698492,,2977992,438984,1975008,2868156,,5633320,1055320,3539988,5781168,,32,32,32,32,,19159524,17318820,18118156,19410232
658,0,246,153,32,29,0,32,92849488,7987596,15782180,128,74221012,,24212420,17319244,26615032,24702792,,2939836,387292,1802440,2858028,,5595128,1006308,3409584,5771160,,32,32,32,32,,19159360,17347832,18303528,19410292
660,1,247,153,32,30,0,32,92956628,7896196,15656792,128,74197884,,24296228,17305516,26620112,24734772,,2859240,382220,1826560,2828176,,5514920,1008172,3392348,5741352,,32,32,32,32,,19159760,17365740,18262076,19410308
663,1,248,153,32,31,0,32,93024008,7825228,15588964,128,74235552,,24275668,17384984,26627732,24735624,,2868468,308032,1827388,2821340,,5524308,935440,3394316,5734900,,32,32,32,32,,19159904,17401896,18263228,19410524
666,0,249,153,32,32,0,32,92972204,7776632,15622920,128,74317928,,24269868,17374636,26624660,24703040,,2865912,263052,1816012,2831656,,5521780,971868,3383852,5745420,,32,32,32,32,,19159920,17483156,18264104,19410748
669,0,250,153,32,33,0,32,88474244,13011856,21107272,128,69841532,,24250384,17824748,26630500,19768612,,2957936,352836,1803964,7897120,,5613924,1313596,3372084,10807668,,32,32,32,32,,19159984,17390052,18264392,15027104
672,2,251,149,32,34,0,36,89128252,12599248,20424808,128,69600552,,23921932,18117364,26685904,20403052,,3287460,344312,1760672,7206804,,5944772,1024356,3332732,10122948,,32,32,32,32,,18854456,17354184,18266680,15125232
676,1,252,152,29,35,0,36,91118500,10681240,18426168,128,71299436,,24030468,18264584,26688732,22134716,,3175044,289172,1752788,5464236,,5833764,884500,3325692,8382212,,32,32,32,32,,18858468,17369624,18267964,16803380
679,1,253,152,29,36,0,36,93209072,9199892,16995024,128,72906652,,24024564,18884664,26688652,23611192,,3180724,299920,1752608,3966640,,5841152,938976,3330288,6884608,,32,32,32,32,,18955884,17417192,18272700,18260876
682,1,254,154,27,36,0,36,94449104,8569332,16386256,128,73633860,,24301028,19501052,25973908,24673116,,2877604,300252,2488648,2902828,,5542204,953336,4069032,5821684,,32,32,32,32,,19169132,17435792,17637932,19391004
685,1,255,153,27,38,0,37,94806756,7878404,15724640,128,74323512,,24250336,19204124,26669828,24682468,,2970796,260660,1775052,2871896,,5635468,938320,3358888,5791964,,32,32,32,32,,19168932,17459708,18277744,19417128
688,1,256,155,26,39,0,36,94876556,7882364,15775008,128,74367232,,24240740,19284812,26659492,24691512,,2969396,256316,1784540,2872112,,5636208,975676,3368896,5794228,,32,32,32,32,,19171112,17498720,18278232,19419168
691,1,257,155,26,40,0,36,94297924,7952304,15701840,128,74222992,,24255744,18693652,26656004,24692524,,2935048,357708,1787588,2871960,,5601920,929248,3372348,5798324,,32,32,32,32,,19171144,17349772,18278628,19423448
694,0,258,155,26,41,0,36,94617276,7810600,15602360,128,74213608,,24238276,18828708,26724328,24825964,,2978848,385468,1712032,2734252,,5645864,997044,3298436,5661016,,32,32,32,32,,19171288,17338384,18280216,19423720
696,1,259,156,26,42,0,35,92212948,7877696,15597864,128,74190748,,24226960,16492916,26726164,24766908,,2996632,367616,1705388,2808060,,5664836,905444,3292480,5735104,,32,32,32,32,,19171340,17314768,18280736,19423904
699,1,260,156,26,42,0,35,90824280,7955192,15786616,128,74087808,,24228912,15283736,26528136,24783496,,2997216,264032,1893220,2800724,,5665916,913312,3479472,5727916,,32,32,32,32,,19171524,17427160,18065168,19423956
702,1,261,155,26,44,0,36,91024236,7871144,15700852,128,74300936,,24245144,15392592,26708696,24677804,,2976532,284416,1725820,2884376,,5646464,926968,3313652,5813768,,32,32,32,32,,19172656,17420880,18281240,19426160
705,1,262,156,26,45,0,35,92014732,8148644,15859412,128,74180732,,24181224,16505076,26605136,24723296,,3060060,406988,1837556,2844040,,5731768,926384,3426052,5775208,,32,32,32,32,,19174272,17296788,18281712,19427960
708,1,263,157,26,46,0,34,91918564,8251200,15962996,128,73912236,,24274492,16566628,26648220,24429224,,2952876,389464,1771544,3137316,,5624272,906644,3361144,6070936,,32,32,32,32,,19174148,17295152,18282884,19160052
712,0,264,155,26,47,0,36,90723680,7614644,15509648,128,74363132,,24264428,14905192,26698504,24855556,,2936504,252360,1737680,2688100,,5607968,941588,3328948,5631144,,32,32,32,32,,19174156,17470256,18284552,19434168
715,1,265,156,26,47,0,35,90542016,8514808,16461192,128,73479412,,24230008,15627676,25982296,24702036,,2987512,255636,2459516,2812144,,5659376,984568,4051200,5766048,,32,32,32,32,,19174572,17507592,17577472,19219776
718,1,266,165,25,49,0,27,91301760,7136956,15852628,128,74973756,,24266288,15751332,26389936,24894204,,2959260,347764,2067300,1762632,,5630976,979452,3659268,5582932,,32,32,32,32,,19174460,17411336,18084856,20303104
721,1,267,164,25,49,0,28,91739380,5737944,15839288,128,76247732,,24182480,15967724,26721408,24867768,,3021416,485416,1653196,577916,,5693152,1224556,3312628,5608952,,32,32,32,32,,19132304,17250688,18352880,21511860
724,0,268,164,25,51,0,28,91869400,4733796,15865264,128,77207320,,24180976,16162244,26729088,24797092,,3029508,424784,814300,465204,,5701392,1193204,3291064,5679604,,32,32,32,32,,19137804,17304204,19168344,21596968
727,1,269,164,25,52,0,28,93264324,6430788,15867908,128,75542216,,24237252,17852716,26301676,24872680,,2971912,268696,576796,2613384,,5643872,922896,3699040,5602100,,32,32,32,32,,19174644,17433552,19462752,19471268
730,1,270,163,25,52,0,29,93402832,6217560,15856928,128,75991000,,24180560,17914900,26486192,24821180,,3019108,269752,241844,2686856,,5694164,1000760,3484932,5677072,,32,32,32,32,,19177764,17509376,19832356,19471504
733,1,271,163,25,54,0,29,91761364,7682460,15538652,128,74297448,,24257048,16020652,26711704,24771960,,2942388,285524,1723312,2731236,,5620380,926564,3269920,5721788,,32,32,32,32,,19180748,17420732,18224320,19471648
736,1,272,163,25,55,0,29,91657428,7879144,15759092,128,74030612,,24259652,16149008,26710344,24538424,,2928812,266908,1705356,2978068,,5611688,922500,3255848,5969056,,32,32,32,32,,19160120,17434144,18226944,19209404
739,0,273,165,25,56,0,27,92381872,7780472,15628000,128,74246348,,24334700,16675436,26638992,24732744,,2835028,391072,1786860,2767512,,5523744,1008076,3337636,5758544,,32,32,32,32,,19190096,17355512,18227408,19473332
742,0,274,165,25,57,0,27,91957888,6358804,15558556,128,75637432,,24326236,16291764,26645688,24694200,,1473480,279336,1788396,2817592,,5529072,879724,3341088,5808672,,32,32,32,32,,20556544,17378216,18229316,19473356
744,1,275,165,25,58,0,27,92613352,5615320,15645552,128,76469196,,24310044,16998352,26629792,24675164,,612628,358960,1775740,2867992,,5565060,890704,3329104,5860684,,32,32,32,32,,21451284,17312968,18229988,19474956
747,1,276,165,25,59,0,27,92407344,8057324,15959616,128,73971108,,24309076,17087004,26290452,24720812,,2836660,284196,2133356,2803112,,5561404,916128,3686072,5796012,,32,32,32,32,,19225892,17413060,17856884,19475272
750,0,277,167,24,60,0,26,91297236,7870464,15750848,128,74225216,,24320376,15762228,26562020,24652612,,2813616,319652,1852836,2884360,,5542588,923484,3407592,5877184,,32,32,32,32,,19230136,17380732,18139236,19475112
753,0,278,168,24,61,0,25,90941368,8283008,16212928,128,73984552,,24207876,15394228,26628712,24710552,,2940032,727464,1790220,2825292,,5669040,1379520,3346008,5818360,,32,32,32,32,,19230168,17046720,18232204,19475460
756,0,279,167,24,62,0,26,93563820,7577088,15475776,128,74287188,,24327604,17843516,26655880,24736820,,2765204,278860,1758340,2774684,,5496400,896032,3315360,5767984,,32,32,32,32,,19232380,17394088,18233388,19427332
759,0,280,167,24,63,0,26,91412900,7342248,15239612,128,74346340,,24309632,15529676,26720384,24853208,,2797708,324868,1606216,2613456,,5529048,884084,3219364,5607116,,32,32,32,32,,19232524,17336016,18301752,19476048
761,1,281,167,24,64,0,26,91152760,5434464,15678676,128,76349660,,24299724,15680436,26382736,24789864,,2802196,302888,1150944,1178436,,5534704,887132,3584808,5672032,,32,32,32,32,,19233672,17360932,18833640,20921416
764,1,282,166,24,65,0,27,91504680,3816520,15495392,128,78104404,,24295348,15712760,26614912,24881660,,2817336,282180,353264,363740,,5550324,901380,3395740,5647948,,32,32,32,32,,19234112,17395808,19714864,21759620
767,1,283,166,24,66,0,27,91878936,3732236,15430240,128,78122328,,24332976,15734824,26642896,25168240,,2782024,251196,373232,325784,,5515876,891352,3352156,5670856,,32,32,32,32,,19235016,17416692,19651580,21819040
770,1,284,165,24,67,0,28,91592276,4017984,15873676,128,77805572,,24115764,15693312,26647256,25135944,,2973212,342496,355840,346436,,5706044,1111748,3335588,5720296,,32,32,32,32,,19012284,17353884,19652312,21787092
773,0,285,165,24,68,0,28,92378424,5276436,15642524,128,76647436,,24243132,16305800,26663544,25165948,,2932656,240660,1766960,336160,,5665660,950008,3314868,5711988,,32,32,32,32,,19135912,17485284,18224012,21802228
776,0,286,165,24,69,0,28,92233044,5131968,15516488,128,76810436,,24363900,16104532,26660920,25103692,,2811760,260496,1760188,299524,,5544780,986408,3308484,5676816,,32,32,32,32,,19235356,17502256,18224388,21848436
778,1,287,165,24,70,0,28,92353528,5329580,15684752,128,76782876,,24344752,16633992,26567036,24807748,,2820784,325320,1875100,308376,,5553956,1000788,3425792,5704216,,32,32,32,32,,19235532,17452316,18226776,21868252
782,0,288,165,24,71,0,28,91490088,7972108,15862120,128,74088400,,24293964,15772712,26653484,24769928,,2873872,468404,1790432,2839400,,5606980,1227360,3339084,5688696,,32,32,32,32,,19235444,17298456,18224800,19329700
784,1,289,164,24,72,0,29,91720712,8054648,15996536,128,73930904,,24299420,16120504,26652600,24648188,,2873584,466228,1771344,2943492,,5606860,1269920,3321944,5797812,,32,32,32,32,,19235632,17270300,18226736,19198236
787,0,290,166,23,73,0,28,91794896,6668556,15613260,128,75380352,,24277024,16100032,26658264,24759576,,1725684,347372,1764568,2830932,,5616324,992080,3319392,5685464,,32,32,32,32,,20392764,17421696,18230960,19334932
790,0,291,166,23,73,0,28,90712788,5526208,15509112,128,76417232,,24275280,14948388,26713872,24775248,,635824,318452,1759668,2812264,,5631372,897296,3313632,5666812,,32,32,32,32,,21495520,17356640,18230128,19334944
793,1,292,166,23,75,0,28,92035280,6403276,15548104,128,75578756,,24270700,16311772,26703780,24749028,,1520864,262708,1757784,2861920,,5624084,890584,3315416,5718020,,32,32,32,32,,20603224,17406216,18232780,19336536
798,1,293,166,23,76,0,28,92964928,7925232,15668928,128,74068364,,24312444,17405232,26569584,24677668,,2831708,280636,1889756,2923132,,5587320,853648,3447732,5780228,,32,32,32,32,,19257816,17355296,18117876,19337376
801,1,294,167,23,77,0,27,93077792,7828176,15686200,128,74145376,,24314348,17363136,26724732,24675576,,2840128,334052,1716020,2937976,,5596016,1019668,3276012,5794504,,32,32,32,32,,19258024,17315080,18235400,19336872
804,0,295,167,23,78,0,27,92881776,7819920,15641808,128,74261424,,24344112,17247036,26626540,24664088,,2801420,245156,1844092,2929252,,5561652,887540,3404944,5787672,,32,32,32,32,,19262384,17424000,18236244,19338796
807,0,296,167,23,79,0,27,90390932,8501496,16343188,128,73630520,,24315688,15439164,26310844,24325236,,2833664,238872,2148468,3280492,,5593832,901204,3709156,6138996,,32,32,32,32,,19262296,17443668,17932752,18991804
809,1,297,166,23,80,0,28,89989712,7894788,15680364,128,74118256,,24308192,14394596,26557464,24729460,,2843132,293208,1898044,2860404,,5603444,898912,3459000,5719008,,32,32,32,32,,19262440,17385188,18131448,19339180
812,0,298,166,23,81,0,28,88712372,7851444,15671556,128,74257656,,24283556,13064156,26648924,24715736,,2877284,285552,1821088,2867520,,5639664,922960,3382608,5726324,,32,32,32,32,,19264500,17416452,18237328,19339376
815,0,299,166,23,82,0,28,89376708,7744224,15558616,128,74251576,,24302836,13645880,26654920,24773072,,2854112,276128,1797568,2816416,,5616632,905656,3360984,5675344,,32,32,32,32,,19264648,17408300,18239124,19339504
817,1,300,166,23,83,0,28,88961576,8134452,15974288,128,73896500,,24103760,13677864,26415228,24764724,,3054100,247264,2015648,2817440,,5816636,903164,3578072,5676416,,32,32,32,32,,19159836,17433000,17964144,19339520
820,1,301,165,23,84,0,29,92123444,7621720,15480240,128,74293888,,24282852,16338064,26742028,24760500,,2878548,238456,1691788,2812928,,5641968,910524,3255636,5672112,,32,32,32,32,,19265464,17449024,18239676,19339724
823,0,302,166,23,85,0,28,93815924,7631324,15464048,128,74269628,,24352332,17983828,26720392,24759372,,2801820,296332,1724864,2808308,,5566136,939036,3290920,5667956,,32,32,32,32,,19266388,17421240,18241744,19340256
826,0,303,167,23,86,0,27,92510028,7605056,15423792,128,74255368,,24373424,16619464,26754188,24762952,,2783144,322864,1690076,2808972,,5548628,947904,3256960,5670300,,32,32,32,32,,19267548,17403560,18242524,19341736
828,1,304,167,23,87,0,27,89285752,7651244,15411532,128,74196408,,24307920,13480380,26735128,24762324,,2811532,331280,1707076,2801356,,5577260,894876,3274476,5664920,,32,32,32,32,,19266496,17342864,18243048,19344000
831,1,305,167,23,88,0,27,89553716,7693068,15595672,128,74150012,,24382840,13669564,26737948,24763364,,2757964,417424,1716684,2800996,,5523796,1116032,3289948,5665896,,32,32,32,32,,19267856,17289204,18248872,19344080
834,0,306,168,23,89,0,26,89648620,6306384,15462944,128,75591484,,24364804,13760636,26735248,24787932,,1524008,291528,1702648,2788200,,5524832,1005372,3276748,5655992,,32,32,32,32,,20502824,17492960,18249720,19345980
836,1,307,168,23,90,0,26,89823052,5360752,15472732,128,76545216,,24350460,14000248,26690400,24781944,,510984,301976,1751660,2796132,,5520912,958416,3329080,5664324,,32,32,32,32,,21509600,17436552,18253012,19346052
839,1,308,168,23,90,0,26,89850476,5340308,15518508,128,76610100,,24355116,14057848,26687948,24749564,,529120,236664,1741404,2833120,,5539180,951812,3321908,5705608,,32,32,32,32,,21509728,17493948,18256068,19350356
842,1,309,168,23,92,0,26,91236900,7633208,15622904,128,74421904,,24297060,15469232,26669008,24801600,,2821704,254252,1788540,2768712,,5607364,1001496,3372808,5641236,,32,32,32,32,,19287468,17525644,18258412,19350380
845,0,310,167,23,93,0,27,91855796,7872924,15858364,128,74099988,,24295080,16129524,26640228,24790964,,2822392,479724,1804372,2766436,,5608196,1220224,3390688,5639256,,32,32,32,32,,19287612,17228212,18233572,19350592
847,1,311,167,23,94,0,27,93140964,7961596,15815352,128,74089812,,24222256,17661928,26578672,24678108,,2886764,337864,1831556,2905412,,5677212,939880,3418052,5780208,,32,32,32,32,,19291512,17379700,18066112,19352488
850,1,312,166,23,95,0,28,93475200,7601580,15528428,128,74359488,,24327564,17742800,26766104,24638732,,2768440,255376,1647312,2930452,,5559484,929420,3234060,5805464,,32,32,32,32,,19291720,17451576,18263524,19352668
853,1,313,166,23,96,0,28,93357484,7514088,15442336,128,74361360,,24296056,17513744,26823500,24724184,,2800172,249960,1582612,2881344,,5592360,919544,3172120,5758312,,32,32,32,32,,19292864,17447592,18266228,19354676
856,1,314,168,23,97,0,26,89936392,7727712,15605100,128,73963268,,23956116,14323564,26867180,24789532,,3139504,264028,1538508,2785672,,5931916,881540,3128784,5662860,,32,32,32,32,,18945920,17395500,18266988,19354860
859,0,315,168,23,98,0,26,90430712,7429016,15279260,128,74284932,,24347852,14490852,26878356,24713652,,2734364,293492,1540112,2861048,,5527084,882756,3131068,5738352,,32,32,32,32,,19294280,17367992,18267688,19354972
861,1,316,168,23,99,0,26,90535812,7319264,15240528,128,74356372,,24397556,14519988,26916252,24702016,,2681672,245552,1508852,2883188,,5474420,902152,3103460,5760496,,32,32,32,32,,19294464,17435300,18271640,19354968
864,0,317,168,23,100,0,26,92861604,7521848,15377116,128,74230152,,24401760,16964912,26790212,24704720,,2677172,328360,1638800,2877516,,5470100,914724,3235592,5756700,,32,32,32,32,,19294616,17365580,18213076,19356880
867,0,318,169,23,101,0,25,92936828,7403880,15332092,128,74362064,,24411988,17038372,26798248,24688220,,2645260,244776,1618576,2895268,,5438196,901768,3217632,5774496,,32,32,32,32,,19294576,17435816,18274780,19356892
869,1,319,169,23,102,0,25,94602552,7515032,15403328,128,74321632,,24377312,18718880,26794864,24711496,,2732308,280044,1631004,2871676,,5525408,896168,3230604,5751148,,32,32,32,32,,19294732,17394452,18275332,19357116
872,0,320,169,23,103,0,25,93587240,7741904,15721184,128,74125316,,24389040,17661700,26768728,24767772,,2738256,541636,1655472,2806540,,5531404,1246232,3257372,5686176,,32,32,32,32,,19294720,17195860,18277488,19357248
875,0,321,168,23,104,0,26,91869200,7481280,15438092,128,74267932,,24323116,15985056,26821120,24739908,,2789040,259832,1600496,2831912,,5582308,937512,3206448,5711824,,32,32,32,32,,19294628,17334228,18281560,19357516
877,1,322,168,23,105,0,26,90969940,7835520,15673856,128,73920448,,24373392,15388732,26461576,24746240,,2753440,289660,1962964,2829456,,5546772,849808,3567896,5709380,,32,32,32,32,,19294916,17319268,17948732,19357532
880,1,323,167,23,106,0,27,93010760,7526772,15376104,128,74182360,,24360584,17090976,26807332,24751868,,2769704,342172,1594388,2820508,,5565780,910204,3199476,5700644,,32,32,32,32,,19297664,17352596,18174360,19357740
883,0,324,168,22,107,0,27,91811816,7509780,15330720,128,74261480,,24343896,15909208,26840704,24718008,,2781900,279688,1591060,2857132,,5578592,814508,3200340,5737280,,32,32,32,32,,19298260,17319312,18286156,19357752
886,0,325,167,22,108,0,28,90695980,8026188,15850700,128,73731676,,24244028,15292492,26839488,24319972,,2870508,314896,1587400,3253384,,5671612,846540,3197120,6135428,,32,32,32,32,,19152688,17313840,18286588,18978560
888,1,326,166,22,109,0,29,90487856,8246056,16091500,128,73506020,,24371044,15314576,26837916,23964320,,2764516,280416,1583016,3618108,,5565684,834808,3193188,6497820,,32,32,32,32,,19299848,17335172,18287036,18583964
891,0,327,165,22,110,0,30,90627028,7467136,15304916,128,74218084,,24369484,14693252,26840144,24724148,,2760636,293912,1579720,2832868,,5561944,837700,3191504,5713768,,32,32,32,32,,19303808,17323828,18288612,19301836
893,1,328,164,22,111,0,31,90345368,8414884,16272992,128,73370804,,24347176,15353500,25859488,24785204,,2765692,300824,2582112,2766256,,5567408,862272,4195232,5648080,,32,32,32,32,,19304180,17300364,17403420,19362840
896,1,329,163,22,112,0,32,93211180,7911432,15679924,128,73878620,,24404296,17663628,26422840,24720416,,2706636,342780,2012084,2849932,,5510220,810752,3626172,5732780,,32,32,32,32,,19306048,17248052,17960664,19363856
899,1,330,164,22,113,0,31,91485404,7358864,15293480,128,74375200,,24354040,15522596,26837004,24771764,,2767172,245544,1567336,2778812,,5570916,874148,3182660,5665756,,32,32,32,32,,19306200,17410080,18291308,19367612
903,1,331,164,22,113,0,31,90031592,7110724,15787520,128,74715264,,24171752,14248408,26778848,24832584,,2953584,228044,1631072,2298024,,5757308,1183676,3249972,5596564,,32,32,32,32,,19175780,17465972,18294832,19778680
907,1,332,165,21,115,0,31,89555304,5705516,16035040,128,76109448,,24312556,14310348,26118532,24813868,,2806332,259716,2305996,333472,,5610216,858404,3923856,5642564,,32,32,32,32,,19306304,17380964,17638032,21784148
910,1,333,163,21,116,0,33,92699100,5055860,15178888,128,76556804,,24304888,16639816,26932396,24822000,,2813824,286004,1435136,520896,,5618372,856816,3054176,5649524,,32,32,32,32,,19306956,17353740,18295596,21600512
913,1,334,165,21,116,0,31,92409492,5133416,15234332,128,76533068,,24332116,16397944,26926328,24753104,,2792716,330000,1441864,568836,,5597960,873572,3064808,5697992,,32,32,32,32,,19307648,17326984,18297904,21600532
916,0,335,165,21,118,0,31,93139792,4971600,15175312,128,76633460,,24343932,17061932,26935708,24798220,,2722140,278480,1447100,523880,,5605016,839036,3070904,5660356,,32,32,32,32,,19385244,17342924,18298680,21606612
919,0,336,165,21,119,0,31,92648216,5243600,15653140,128,76476844,,24338608,17080968,26872044,24356596,,2524008,244772,1513768,961052,,5594188,823412,3138016,6097524,,32,32,32,32,,19572512,17359452,18299056,21245824
922,0,337,165,21,120,0,31,93005448,4009460,15385184,128,77596984,,24350380,17164992,26966452,24523624,,1927152,268288,1415316,398704,,5561180,872752,3046140,5905112,,32,32,32,32,,20136068,17383268,18305492,21772156
925,0,338,166,20,121,0,31,92848452,5908756,15384188,128,75704840,,24363776,16973084,26805184,24706408,,1269992,242856,1553836,2842072,,5551784,905088,3182076,5745240,,32,32,32,32,,20783572,17441272,18128660,19351336
928,1,339,168,19,121,0,30,93105444,6032572,15637872,128,75611464,,24366000,17400624,26993828,24344992,,1158300,271704,1379872,3222696,,5564276,928048,3013272,6132276,,32,32,32,32,,20907328,17426708,18311472,18965956
939,1,340,168,19,123,0,30,88473776,7418732,15444512,128,74245508,,24293476,12617236,26993116,24569948,,2779712,257376,1385424,2996220,,5629360,890068,3019256,5905828,,32,32,32,32,,19350120,17388492,18311760,19195136
943,0,341,169,18,124,0,30,93571132,7504132,15569312,128,74256020,,24399476,17806792,26792756,24572108,,2653996,211236,1629660,3009240,,5504980,879772,3263416,5921144,,32,32,32,32,,19351128,17452764,18226792,19225336
945,1,342,169,18,125,0,30,91932460,8587856,16568320,128,73271500,,23163892,17180760,26951524,24636284,,3879024,324572,1437940,2946320,,6733368,900496,3072664,5861792,,32,32,32,32,,18206216,17360132,18312508,19392644
949,1,343,169,18,126,0,30,92944380,7708708,15598716,128,73867480,,23980340,17255300,26938500,24770240,,3043768,403476,1463240,2798224,,5898492,887912,3098304,5714008,,32,32,32,32,,18893508,17268224,18312860,19392888
952,1,344,169,18,127,0,30,93300912,7466840,15538652,128,74175492,,24130540,17510992,26901704,24757676,,2901104,272956,1491608,2801172,,5757920,933556,3129048,5718128,,32,32,32,32,,19080140,17386020,18315276,19394056
955,1,345,169,18,128,0,30,90524016,7336876,15391592,128,74218588,,24466340,14646928,26645764,24764984,,2543672,252080,1750108,2791016,,5400688,894284,3387904,5708716,,32,32,32,32,,19359064,17421068,18043676,19394780
958,0,346,169,18,129,0,30,88637524,7439352,15462164,128,74390520,,24165516,12820452,26895864,24755692,,2859444,301452,1476204,2802252,,5716364,908316,3114284,5723200,,32,32,32,32,,19290832,17385748,18315908,19398032
960,1,347,168,18,130,0,31,89117880,7376140,15457124,128,74249848,,24433428,13032180,26885800,24766472,,2631116,464120,1484688,2796216,,5488340,1128048,3123564,5717172,,32,32,32,32,,19359472,17175600,18316740,19398036
963,1,348,168,18,131,0,31,89465020,5727104,15371408,128,76016780,,24414072,13438032,26890352,24722564,,1013660,378668,1486476,2848300,,5510640,965344,3125976,5769448,,32,32,32,32,,20998180,17303124,18317300,19398176
966,1,349,168,18,131,0,31,89490516,5074504,15374992,128,76707436,,24319304,13510800,26873240,24787172,,521736,291076,1491768,2769924,,5625300,923864,3132612,5693216,,32,32,32,32,,21603236,17385156,18318704,19400340
969,1,350,168,18,133,0,31,93260380,7371188,15426896,128,74407716,,24311884,17221100,26951656,24775740,,2751752,444492,1396076,2778868,,5627320,1058480,3037336,5703760,,32,32,32,32,,19377600,17310512,18318992,19400612
972,1,351,168,18,134,0,31,89178752,7243924,15276392,128,74467524,,24373840,13122496,26934800,24747616,,2674704,344300,1428204,2796716,,5552092,937884,3060160,5726256,,32,32,32,32,,19378612,17375328,18309576,19404008
975,1,352,168,18,135,0,31,91902824,7136820,15179772,128,74485428,,24383864,15827876,26935812,24755272,,2672260,243976,1422988,2797596,,5550808,844684,3055720,5728560,,32,32,32,32,,19379756,17389848,18310396,19405428
979,0,353,168,18,136,0,31,93060788,7320208,15305852,128,74286004,,24417956,17099744,26928032,24615056,,2679140,280336,1423988,2936744,,5505324,876944,3057552,5866032,,32,32,32,32,,19327468,17385340,18311220,19261976
983,1,354,169,18,137,0,30,92300972,7156692,15145860,128,74434860,,24434828,16118576,26931320,24816248,,2658308,342712,1419964,2735708,,5484776,938444,3055712,5666928,,32,32,32,32,,19327624,17385952,18313380,19407904
987,0,355,168,18,138,0,31,88665580,7360388,15383836,128,74253088,,24364000,12755832,26749032,24796716,,2766748,286256,1635524,2671860,,5593528,848004,3271304,5671000,,32,32,32,32,,19327992,17348588,18100696,19475812
989,1,356,168,18,139,0,31,93853908,6834720,15193184,128,74796340,,24326768,17749908,26979892,24797340,,2814992,323512,1391760,2304456,,5642052,854992,3028464,5667676,,32,32,32,32,,19327924,17314000,18314480,19839936
992,1,357,169,18,140,0,30,91734468,5621784,15204320,128,76020016,,24400484,15667864,26968724,24697396,,2715784,301636,1399732,1204632,,5544556,872284,3039416,5748064,,32,32,32,32,,19329748,17354824,18317468,21017976
996,0,358,169,18,141,0,30,88061620,5578324,15402484,128,75913540,,24087256,12168456,26966456,24839452,,3017136,260916,1413232,887040,,5849656,871156,3054296,5627376,,32,32,32,32,,18985788,17394640,18318808,21214304
999,1,359,170,17,141,0,30,91226420,4859496,15061592,128,76620748,,24425052,15000084,26971940,24829344,,2660016,337768,1399300,462412,,5496752,881360,3044548,5638932,,32,32,32,32,,19337424,17310736,18323004,21649584
1002,1,360,170,17,143,0,30,92492708,7023744,15061724,128,74471640,,24418916,16267828,26980996,24824968,,2670304,286060,1399412,2667968,,5508324,874496,3047024,5631880,,32,32,32,32,,19338980,17370716,18322828,19439116
1005,1,361,170,17,144,0,30,92685608,7077188,15086972,128,74446180,,24445528,16427624,26972944,24839512,,2648528,350504,1421148,2657008,,5489852,905008,3069724,5622388,,32,32,32,32,,19342260,17337192,18326136,19440592
1008,0,362,170,17,145,0,30,92523396,7221140,15264992,128,74293252,,24414896,16464920,26974376,24669204,,2673368,309028,1412536,2826208,,5516144,895264,3062996,5790588,,32,32,32,32,,19342440,17368100,18326516,19256196
1010,1,363,169,17,146,0,31,91722956,6977768,15009316,128,74463544,,24435848,15426064,26986632,24874412,,2629628,306548,1393248,2648344,,5472616,877380,3044216,5615104,,32,32,32,32,,19342468,17351744,18326728,19442604
1013,0,364,169,17,147,0,31,91599672,7118488,15188256,128,74500332,,24409084,15449100,26869892,24871596,,2670344,287848,1524316,2635980,,5513544,893388,3177760,5603564,,32,32,32,32,,19342644,17384524,18329176,19443988
1016,0,365,169,17,148,0,31,88639064,7602944,15649208,128,74013296,,24461824,12761740,26568072,24847428,,2620892,500284,1821012,2660756,,5464152,1081436,3474452,5629168,,32,32,32,32,,19342676,17280032,17945772,19444816
1019,0,366,168,17,149,0,32,92703220,7434552,15890180,128,74076352,,24424272,16831572,26870880,24576496,,2644476,364468,1498628,2926980,,5488636,1351424,3154472,5895648,,32,32,32,32,,19343120,17420372,18193192,19119668
1022,1,367,168,17,150,0,32,92655364,6876428,15065748,128,74593320,,24413720,16417356,26977456,24846832,,2660096,215352,1370700,2630280,,5504772,934432,3027316,5599228,,32,32,32,32,,19343012,17507260,18308992,19434056
1025,1,368,169,17,151,0,31,88656160,6058424,16046460,128,75664980,,24364600,12415208,27097380,24778972,,2709732,274104,344408,2730180,,5554464,1793748,2998796,5699452,,32,32,32,32,,19342928,17562248,19314256,19445548
1034,1,369,168,17,151,0,32,90818364,6659048,16643540,128,75309900,,24362600,15020428,27157136,24278200,,2724428,306504,346004,3282112,,5571508,1819248,3000316,6252468,,32,32,32,32,,19345148,17553748,19313092,19097912
1040,0,370,169,17,153,0,31,90924072,7261288,15167160,128,74324804,,24465296,14846100,27056028,24556648,,2583152,440508,1233740,3003888,,5429720,834388,2929212,5973840,,32,32,32,32,,19336536,17182024,18359092,19447152
1042,1,371,169,17,154,0,31,91209916,7015448,15013272,128,74425924,,24473092,14924564,27033376,24778884,,2587180,413636,1262716,2751916,,5433932,895700,2960500,5723140,,32,32,32,32,,19346048,17269900,18361396,19448580
1045,1,372,169,17,155,0,31,91361628,6987340,15138148,128,74465720,,24481420,15068392,27029748,24782068,,2569688,382768,1288380,2746504,,5423040,1008148,2988340,5718620,,32,32,32,32,,19352616,17299964,18363728,19449412
1048,0,373,169,17,156,0,31,92817952,7112280,15264808,128,74440824,,24415428,16711784,26905272,24785468,,2654068,325448,1401916,2730848,,5507476,919792,3134364,5703176,,32,32,32,32,,19352568,17379412,18259220,19449624
1051,0,374,168,17,157,0,32,92570860,7321988,15538780,128,74286028,,24266424,16487116,27028388,24788932,,2787692,512540,1294576,2727180,,5640920,1202992,2995336,5699532,,32,32,32,32,,19352308,17119604,18364484,19449632
1053,1,375,169,17,158,0,31,91436224,6914992,15073744,128,74445080,,24438772,15102712,27037184,24857556,,2607816,348640,1295892,2662644,,5462980,977284,2998160,5635320,,32,32,32,32,,19354412,17274732,18365972,19449964
1056,0,376,169,17,159,0,31,91490412,6791660,14994264,128,74540888,,24443832,15180432,27043012,24823136,,2585232,254740,1279084,2672604,,5442808,924324,2981744,5645388,,32,32,32,32,,19356712,17367864,18366348,19449964
1059,0,377,170,17,160,0,30,88121204,6941904,15065768,128,74477820,,24391296,11833772,27039724,24856412,,2710376,311868,1277468,2642192,,5568116,908020,2980392,5609240,,32,32,32,32,,19356820,17310136,18366616,19444248
1061,1,378,170,17,161,0,30,88197780,7036536,15240396,128,74518180,,24391504,11975616,26996172,24834488,,2721860,283388,1350632,2680656,,5584312,950664,3053696,5651724,,32,32,32,32,,19361580,17341656,18366704,19448240
1064,1,379,170,17,162,0,30,89685332,6897264,14978108,128,74499308,,24438740,13364780,27055472,24826340,,2664060,294500,1269616,2669088,,5527024,836840,2972900,5641344,,32,32,32,32,,19362160,17320728,18367000,19449420
1067,1,380,170,17,163,0,30,89411596,7199648,15357072,128,74190216,,24442128,13418904,27041884,24508680,,2659800,287144,1276604,2976100,,5525484,902604,2980764,5948220,,32,32,32,32,,19364896,17397404,18368140,19059776
1070,0,381,169,17,164,0,31,89611668,7001200,15123216,128,74404924,,24440128,13446780,26990356,24734404,,2651308,256512,1340672,2752708,,5517036,835856,3045480,5724844,,32,32,32,32,,19364908,17369244,18368424,19302348
1072,1,382,169,17,165,0,31,90940320,7023188,15130824,128,74439564,,24439964,14728388,26998072,24773896,,2659920,323056,1326748,2713464,,5526196,883640,3033620,5687368,,32,32,32,32,,19365524,17338016,18370560,19365464
1075,1,383,169,17,166,0,31,91252580,7535868,15731852,128,73910468,,24106368,15632800,26638848,24874564,,2993820,252440,1663100,2626508,,5863768,897104,3369480,5601500,,32,32,32,32,,19041788,17423096,17993124,19452460
1078,0,384,169,17,167,0,31,92221528,7085948,15198152,128,74337232,,24388088,16069576,26898756,24865108,,2714172,327680,1424792,2619304,,5584080,886084,3133476,5594512,,32,32,32,32,,19289052,17336928,18258572,19452680
1080,1,385,169,17,168,0,31,92349712,6944540,15094412,128,74516796,,24416864,16110164,26950044,24872640,,2681048,298172,1350808,2614512,,5555500,889320,3059864,5589728,,32,32,32,32,,19373552,17368568,18321996,19452680
1083,0,386,168,17,169,0,32,91320144,8409964,16703424,128,73309760,,24471708,15156532,27040340,24651564,,2610060,1672244,1285136,2842524,,5484724,2398904,3001580,5818216,,32,32,32,32,,19373788,16280972,18380208,19274792
1086,1,387,168,17,170,0,32,92366792,7330756,15730780,128,74327412,,24363464,16280280,27077024,24646024,,2738972,580512,1137620,2873652,,5615988,1338800,2924872,5851120,,32,32,32,32,,19310240,17111436,18450916,19454820
1089,0,388,170,16,171,0,31,90384084,5873512,15034312,128,75574064,,24440724,13969464,27113376,24860520,,2665708,248456,326336,2633012,,5542864,914972,2965572,5610904,,32,32,32,32,,19376304,17444516,19297980,19455264
1091,1,389,170,16,171,0,31,89631552,6109624,15319472,128,75470792,,24228792,13474632,27105216,24822912,,2874860,245696,309884,2679184,,5756700,948604,2951728,5662440,,32,32,32,32,,19230296,17480640,19300508,19459348
1094,1,390,168,16,172,0,33,88941672,6633656,15727556,128,74842620,,24111744,13233292,27041356,24555280,,2981968,370612,327776,2953300,,5863476,910220,3014336,5939524,,32,32,32,32,,19017420,17318396,19320092,19186712
1097,1,391,168,16,174,0,33,88957120,7536072,15733256,128,73962584,,24279312,13332312,27056620,24288876,,2827440,250540,1261568,3196524,,5709584,853996,2988564,6181112,,32,32,32,32,,19310716,17381832,18390304,18879732
1100,1,392,166,16,175,0,35,88842712,6860768,15152284,128,74369776,,24537828,12724764,27056776,24523344,,2322456,337024,1252332,2948956,,5421372,818164,2979828,5932920,,32,32,32,32,,19600148,17260124,18390792,19118712
1103,0,393,166,15,176,0,36,89469968,4503120,14897672,128,76822836,,24833564,12748984,27069884,24817536,,284884,321456,1226864,2669916,,5449424,835996,2956464,5655788,,32,32,32,32,,21671552,17293136,18392900,19465248
1106,0,394,166,15,177,0,36,89430580,4313084,14857460,128,76958276,,24601320,12813532,27145936,24869792,,298360,250552,1155344,2608828,,5545300,831852,2885504,5594804,,32,32,32,32,,21739964,17359172,18393448,19465692
1109,1,395,166,15,178,0,36,91087532,4433704,14958332,128,76937460,,24516024,14600924,27107600,24862984,,278684,339300,1199968,2615752,,5509468,915696,2931208,5601960,,32,32,32,32,,21723268,17353792,18394496,19465904
1113,1,396,166,15,179,0,36,91234356,4266816,14791008,128,76932808,,24835376,14298864,27181104,24919012,,355720,235468,1104220,2571408,,5526908,869540,2836624,5557936,,32,32,32,32,,21659452,17411552,18395572,19466232
1117,0,397,166,15,180,0,36,90130664,4294320,14740416,128,77172496,,23513088,14536732,27161864,24918980,,365044,269152,1109372,2550752,,5512444,847632,2842732,5537608,,32,32,32,32,,21953284,17356288,18396460,19466464
1121,1,398,166,15,181,0,36,89916480,5576048,14910344,128,75905516,,23258916,14564244,27162868,24930452,,1692116,234148,1108704,2541080,,5698468,840504,2842064,5529308,,32,32,32,32,,20658308,17384092,18396500,19466616
1124,1,399,166,15,182,0,36,87677020,7673088,15241492,128,73738360,,23332124,12623760,27135256,24585880,,3587324,286476,1127644,2671644,,5638108,865480,2861472,5876432,,32,32,32,32,,18665912,17356928,18396932,19318588
1127,1,400,167,15,183,0,35,87712096,6598348,15222376,128,74879916,,23481752,12651928,26974480,24603936,,3440528,252408,1307800,1597612,,5491568,853188,3042460,5835160,,32,32,32,32,,18861280,17378604,18283568,20356464
1130,1,401,166,15,183,0,36,86803256,9398256,16861008,128,72373308,,23074168,11985748,27101284,24642056,,3830760,1550688,1161808,2855000,,5883900,2265928,2900824,5810356,,32,32,32,32,,18575016,16265156,18402116,19131020
1134,0,402,165,15,185,0,37,88879520,7300520,14779436,128,74100680,,23525444,13295864,27113408,24944804,,3349964,255068,1152232,2543256,,5403624,980668,2894396,5500748,,32,32,32,32,,18863508,17393820,18405252,19438100
1137,0,403,165,15,186,0,37,88792492,7330048,14683912,128,74085628,,23517512,13203340,27104524,24967116,,3375640,287112,1159972,2507324,,5429652,882960,2904368,5466932,,32,32,32,32,,18863704,17374240,18407492,19440192
1139,1,404,165,15,187,0,37,88561832,7535812,14933808,128,73982324,,23503664,13227096,26875500,24955572,,3372124,280276,1381320,2502092,,5430408,913780,3127912,5461708,,32,32,32,32,,18867940,17411240,18262956,19440188
1142,1,405,165,15,188,0,37,90758060,7413736,14944804,128,74045012,,23498904,15134528,27160148,24964480,,3385968,505820,1016012,2505936,,5444452,1160080,2874500,5465772,,32,32,32,32,,18867956,17215152,18521480,19440424
1145,1,406,165,15,189,0,37,91262316,6594564,14795404,128,74926000,,23470692,15575644,27268568,24947412,,3415176,340048,290844,2548496,,5476156,904648,2905436,5509164,,32,32,32,32,,18870308,17342076,19273132,19440484
1148,1,407,166,15,190,0,36,91289416,5414484,14809008,128,76118244,,23462364,15646400,27266556,24914096,,2306312,272048,261220,2574904,,5472984,898096,2901252,5536676,,32,32,32,32,,19976016,17403356,19298120,19440752
1151,1,408,166,15,191,0,36,91476296,4615052,14973760,128,77082460,,23467476,15943388,27261088,24804344,,1148396,358948,374352,2733356,,5456580,932348,2889512,5695320,,32,32,32,32,,21117348,17351256,19173204,19440652
1154,1,409,165,15,192,0,37,91419448,4671972,15092028,128,77012328,,23336240,16017760,27267096,24798352,,1289060,289892,358096,2734924,,5598508,918592,2877936,5696992,,32,32,32,32,,20987256,17406492,19177856,19440724
1157,1,410,165,15,193,0,37,88616412,6099100,14988860,128,75619724,,23600928,13010208,27199960,24805316,,2682028,247556,449688,2719828,,5462748,871596,2971060,5683456,,32,32,32,32,,19590116,17407996,19179320,19442292
1160,1,411,165,15,194,0,37,88930948,6661088,14979484,128,75049176,,23627524,13296216,27251924,24755284,,3332892,313236,233276,2781684,,5417164,937676,2879388,5745256,,32,32,32,32,,18893680,17409180,19304112,19442204
1163,0,412,165,15,195,0,37,89823012,7632892,14958132,128,74059532,,23612888,14306720,27176452,24726952,,3378756,324568,1132820,2796748,,5463028,839552,2894352,5761200,,32,32,32,32,,18893696,17298628,18424124,19443084
1166,0,413,164,15,196,0,38,88569340,8570196,15910812,128,73049492,,23614564,13988032,26612580,24354164,,3381484,309364,1678384,3200964,,5465908,841248,3437620,6166036,,32,32,32,32,,18893844,17315140,17795448,19045060
1169,0,414,165,15,197,0,37,89470432,7632976,15034872,128,73907640,,23619896,14038412,27043480,24768644,,3387456,235892,1232172,2777456,,5471860,827104,2991840,5744068,,32,32,32,32,,18893760,17372096,18245180,19396604
1171,1,415,166,15,198,0,36,90559960,7638352,14921228,128,73940880,,23560780,15026240,27128180,24844760,,3433040,381884,1138924,2684504,,5517624,851916,2898980,5652708,,32,32,32,32,,18893904,17250212,18351836,19444928
1174,0,416,167,15,199,0,35,90542316,7632780,15035692,128,73937408,,23541384,15149100,27001348,24850484,,3452624,242224,1269624,2668308,,5537232,830332,3031668,5636460,,32,32,32,32,,18893852,17368616,18229984,19444956
1177,0,417,167,15,200,0,35,87408904,7754172,16924776,128,74052624,,23577068,12034064,27201020,24596752,,3400388,2051764,1094852,1207168,,5485240,2655444,2857460,5926632,,32,32,32,32,,18894068,15701700,18427744,21029112
1180,1,418,165,15,200,0,37,88729688,5170716,15687152,128,76284304,,23580264,13109948,27236068,24803408,,3394824,965320,357820,452752,,5480224,1724332,2795504,5687092,,32,32,32,32,,18894628,16580084,19101484,21708108
1183,0,419,164,15,201,0,38,89216536,7225224,15480464,128,74153304,,22920092,14206708,27242172,24847564,,4049636,270304,303140,2602144,,6135212,865400,2865552,5614300,,32,32,32,32,,18177772,17263468,19224408,19487656
1186,1,420,163,15,202,0,39,88476436,6633220,15071480,128,74874856,,23517880,13067180,27054960,24836416,,3427288,233988,358808,2613136,,5512024,773972,3158428,5627056,,32,32,32,32,,18745856,17316996,19323204,19488800
1189,1,421,167,13,204,0,37,88922972,7705496,15137992,128,73804200,,23444936,13634628,27149108,24694300,,3524180,296504,1121104,2763708,,5608980,836648,2913412,5778952,,32,32,32,32,,18787872,17251760,18456980,19307588
1192,0,422,171,13,205,0,33,89780668,7287820,14687512,128,74133644,,23681080,14093540,27139460,24866588,,3295800,285768,1120024,2586228,,5380748,789572,2914352,5602840,,32,32,32,32,,18894960,17288288,18458988,19491408
1194,1,423,172,13,206,0,32,89650560,6056708,14723000,128,75400984,,23668852,13955816,27139188,24886704,,2106460,246548,1133664,2570036,,5387956,818012,2928676,5588356,,32,32,32,32,,20091532,17356588,18459684,19493180
1197,1,424,172,13,207,0,32,89574288,5165932,14886424,128,76374684,,23666720,14026988,27138488,24742092,,1047840,263636,1132388,2722068,,5395276,822892,2927632,5740624,,32,32,32,32,,21157328,17345808,18459928,19411620
1200,1,425,171,13,208,0,33,89913752,5198052,15027060,128,76256708,,23565428,14248232,27185016,24915076,,1132956,419040,1079184,2566872,,5480536,1083604,2877424,5585496,,32,32,32,32,,21116148,17184208,18462912,19493440
1203,0,426,170,13,209,0,34,92396836,7255324,14920984,128,74370092,,23559756,16687480,27241944,24907656,,3374728,287492,1014212,2578892,,5496660,1013360,2813136,5597828,,32,32,32,32,,18931748,17480988,18463692,19493664
1206,0,427,170,13,210,0,34,89012856,7223668,14669736,128,74182848,,23616268,13231424,27255032,24910132,,3317940,334392,1002668,2568668,,5442120,829532,2807032,5591052,,32,32,32,32,,18934052,17282704,18469028,19497064
1209,0,428,170,13,211,0,34,88134444,7071364,14570328,128,74236740,,23606752,12255048,27355488,24917156,,3335672,284968,891952,2558772,,5459888,832368,2696708,5581364,,32,32,32,32,,18934088,17335936,18469448,19497268
1212,1,429,170,13,211,0,34,90401712,7124900,14659632,128,74272416,,23602232,14620276,27346324,24832880,,3322836,244120,889148,2668796,,5448328,825820,2693972,5691512,,32,32,32,32,,18935360,17370304,18469516,19497236
1215,0,430,170,13,213,0,34,91560724,7017296,14499908,128,74219528,,23654748,15694552,27348376,24863048,,3265480,223272,894600,2633944,,5396040,743668,2701972,5658228,,32,32,32,32,,18940480,17308164,18472068,19498816
1218,0,431,170,13,214,0,34,92048408,7146316,14594360,128,74168936,,23677456,16284408,27349276,24737268,,3233684,264372,891652,2756608,,5366660,746660,2699824,5781216,,32,32,32,32,,18942900,17268268,18472856,19484912
1220,1,432,170,13,215,0,34,89044540,7745404,15195364,128,73680952,,23611468,13762460,26858028,24812584,,3314656,354768,1387720,2688260,,5447652,795056,3239712,5712944,,32,32,32,32,,18942904,17225588,18013360,19499100
1223,1,433,169,13,216,0,35,89323384,6289276,14969308,128,75146896,,23678204,13806616,27261696,24576868,,3239308,304100,977024,1768844,,5372464,793284,2833776,5969784,,32,32,32,32,,18943076,17274360,18384744,20544716
1226,0,434,169,13,217,0,35,88214356,5028112,14710176,128,76411848,,23642280,12429244,27439032,24703800,,3260644,375988,811156,580324,,5393912,800528,2668416,5847320,,32,32,32,32,,18943108,17207984,18521900,21738856
1229,0,435,169,13,218,0,35,88475632,4706856,14498344,128,76518428,,23647068,12537464,27422128,24868972,,3251840,252308,807496,395212,,5385120,781340,2665988,5665896,,32,32,32,32,,18943124,17309620,18523116,21742568
1232,0,436,169,13,219,0,35,90337004,7245484,14786476,128,74172560,,23629636,14599256,27265672,24842440,,3261980,332340,1001316,2649848,,5395392,836208,2860336,5694540,,32,32,32,32,,18943264,17284384,18426096,19518816
1235,0,437,169,13,220,0,35,92988216,6962636,14557588,128,74317856,,23630324,17060864,27449140,24847888,,3260240,268680,805656,2628060,,5393668,822580,2666532,5674808,,32,32,32,32,,18943272,17328204,18525516,19520864
1238,0,438,169,13,221,0,35,87116168,6954836,14479288,128,74261888,,23651900,11182632,27427840,24853796,,3265480,267272,803220,2618864,,5399076,749988,2664396,5665828,,32,32,32,32,,18943452,17271564,18525792,19521080
1241,0,439,169,13,222,0,35,91713996,5957104,14557960,128,75338176,,23606948,15841336,27415176,24850536,,2257524,247424,827072,2625084,,5418556,776660,2690684,5672060,,32,32,32,32,,19970956,17317872,18528256,19521092
1244,1,440,169,13,222,0,35,90928420,5131172,14918336,128,76209652,,23661792,15387792,27438068,24440768,,958812,317320,791472,3063568,,5370264,772132,2657460,6118480,,32,32,32,32,,21221284,17241080,18530612,19216676
1247,0,441,168,13,224,0,36,89894408,7944436,15773692,128,73437856,,23256056,14937340,27374372,24326640,,3574124,339712,871620,3158980,,5761656,1060276,2738452,6213308,,32,32,32,32,,18627144,17193932,18531400,19085380
1250,0,442,167,13,225,0,37,89239036,6983240,14697060,128,74322992,,23669732,13451028,27387152,24731124,,3155460,252328,855088,2720364,,5346820,849452,2726044,5774744,,32,32,32,32,,19001736,17337392,18535516,19448348
1252,1,443,167,13,226,0,37,92457360,5944776,14698132,128,75491288,,23690628,16592236,27372192,24802304,,2099472,300028,882612,2662664,,5392380,829896,2756856,5719000,,32,32,32,32,,20102980,17319084,18537932,19531292
1256,1,444,168,12,226,0,37,90626256,4650888,14754764,128,76841764,,23657864,14652496,27486648,24829248,,959484,333428,724504,2633472,,5421476,1040448,2600152,5692688,,32,32,32,32,,21272076,17496256,18539256,19534176
1262,1,445,168,12,228,0,37,89720456,6779180,14903624,128,74633360,,23612556,13683792,27545080,24879028,,3251440,292272,662296,2573172,,5482708,1180500,2615288,5625128,,32,32,32,32,,19041296,17448612,18616524,19526928
1265,0,446,167,12,229,0,38,91002576,7043972,15186860,128,74345356,,23610540,14947120,27603260,24841656,,3249508,539736,622028,2632700,,5480784,1405480,2615880,5684716,,32,32,32,32,,19041296,17119736,18657384,19526940
1268,0,447,166,12,230,0,39,92390764,7086392,14911884,128,74273868,,23559448,16672664,27278856,24879796,,3319036,240356,945848,2581152,,5550432,784740,2943156,5633556,,32,32,32,32,,19041408,17332612,18372676,19527172
1270,1,448,167,12,231,0,38,89637808,7287660,15066064,128,74092124,,23310564,14038852,27454760,24833632,,3580136,333104,760812,2613608,,5812752,827364,2758124,5667824,,32,32,32,32,,18874316,17283336,18458156,19476316
1273,1,449,166,12,232,0,39,90796072,6699236,14516912,128,74551720,,23610556,14728680,27650304,24806532,,3245704,238668,551604,2663260,,5478440,768212,2551368,5718892,,32,32,32,32,,19042788,17316756,18661540,19530636
1276,1,450,166,12,233,0,39,90170996,6826848,14467440,128,74372460,,23610964,14097156,27642316,24820560,,3237112,362944,558256,2668536,,5471108,709332,2558620,5728380,,32,32,32,32,,19044064,17131464,18662080,19534852
1279,1,451,166,12,234,0,39,88300580,6756548,14514020,128,74490840,,23668252,12263428,27558672,24810228,,3185448,259072,650408,2661620,,5419524,721544,2651276,5721676,,32,32,32,32,,19044180,17249060,18662536,19535064
1282,0,452,166,12,235,0,39,91351092,6861256,14594628,128,74405348,,23490520,15388516,27650968,24821088,,3385928,289420,529804,2656104,,5620060,723244,2534964,5716360,,32,32,32,32,,18980380,17222860,18666836,19535272
1285,0,453,166,12,236,0,39,89740936,6614524,14371728,128,74492656,,23715432,13581388,27643392,24800724,,3134600,266092,537020,2676812,,5368864,721236,2542860,5738768,,32,32,32,32,,19044412,17243760,18667508,19536976
1288,0,454,166,12,237,0,39,90772836,4142812,14396528,128,76990136,,23627344,14621232,27646028,24878232,,756940,255784,535736,2594352,,5472068,721736,2546068,5656656,,32,32,32,32,,21525200,17255680,18671956,19537300
1291,0,455,166,12,237,0,39,92229056,4021220,14636368,128,77095688,,23684088,16014824,27643736,24886408,,620932,287776,527644,2584868,,5706172,743996,2539004,5647196,,32,32,32,32,,21639676,17245932,18672764,19537316
1294,1,456,166,12,239,0,39,91552744,3877344,14762208,128,77264500,,23542712,15502056,27643668,24864308,,445080,310680,525148,2596436,,5833544,731416,2538264,5658984,,32,32,32,32,,21842452,17210036,18674480,19537532
1297,1,457,166,12,239,0,39,89398240,4555984,15473812,128,76755328,,23684900,13902736,26932436,24878168,,422696,259404,1295172,2578712,,5685944,836312,3310076,5641480,,32,32,32,32,,21817704,17356796,18043076,19537752
1301,1,458,166,12,240,0,39,88345196,4479468,15258156,128,76678880,,23248468,12755088,27479212,24862428,,854444,299152,719580,2606292,,6118844,734532,2735712,5669068,,32,32,32,32,,21394612,17225688,18520820,19537760
1304,1,459,167,12,241,0,38,91313928,7652360,15566676,128,73688296,,23687704,16005980,27523636,24096608,,3288680,267352,722228,3374100,,5645592,744032,2738824,6438228,,32,32,32,32,,18911784,17264244,18679036,18833232
1307,1,460,166,12,243,0,39,90032836,7170948,15058236,128,74126116,,23672932,14233088,27517856,24608960,,3308920,269948,730608,2861472,,5665968,720456,2747688,5924124,,32,32,32,32,,18911940,17242168,18679508,19292500
1310,1,461,165,12,244,0,40,90203268,7147216,15228108,128,74234088,,23672968,14251780,27521260,24757260,,3321896,402388,720248,2702684,,5678952,1045540,2738064,5765552,,32,32,32,32,,18911944,17159924,18680224,19481996
1313,0,462,165,12,245,0,40,91366304,6850820,14909512,128,74500340,,23673112,15289556,27522644,24880992,,3313960,237532,715916,2583412,,5671160,854568,2735556,5648228,,32,32,32,32,,18912088,17364108,18682064,19542080
1316,0,463,165,12,246,0,40,89796776,7335192,15332884,128,74154576,,23690016,14163364,27286440,24656956,,3288520,254548,956108,2836016,,5645704,809480,2976260,5901440,,32,32,32,32,,18912032,17343884,18458668,19439992
1319,0,464,166,12,247,0,39,91648740,6826104,14810656,128,74463456,,23710708,15482052,27628708,24827272,,3235728,335904,595720,2658752,,5593168,874388,2616500,5726600,,32,32,32,32,,18912412,17323428,18683260,19544356
1321,1,465,166,12,248,0,39,91307184,4684716,15190664,128,76575268,,23679436,15115260,27628596,24883892,,2458236,662400,571864,992216,,5633420,1311224,2593260,5652760,,32,32,32,32,,19730136,17025416,18683840,21135876
1324,1,466,165,12,249,0,40,92030296,2155896,14872396,128,79027124,,23635716,15818252,27633652,24942676,,1080184,235804,560100,279808,,5684336,1005080,2583436,5599544,,32,32,32,32,,21159080,17388684,18685788,21793572
1327,1,467,166,12,249,0,39,89363492,4480068,14774880,128,76752328,,23581728,13216424,27639464,24925876,,1098504,302052,556988,2522524,,5728940,870116,2582112,5593712,,32,32,32,32,,21185376,17355408,18662264,19549280
1331,0,468,167,12,251,0,38,93511044,6627188,14692436,128,74547576,,23630396,17291668,27665608,24923372,,3278316,288720,530832,2529320,,5684932,850772,2556208,5600524,,32,32,32,32,,18961600,17350224,18686456,19549296
1334,0,469,167,12,252,0,38,90547688,6462808,14822532,128,74843004,,23561192,14492044,27645200,24849252,,2989500,296684,566328,2610296,,5757204,787856,2592208,5685264,,32,32,32,32,,19322732,17280312,18686980,19552980
1337,1,470,166,12,253,0,39,90231408,4776916,14968020,128,76296900,,23623100,14416740,27659012,24532556,,1023544,284748,538020,2930604,,5674760,720296,2566736,6006228,,32,32,32,32,,21117152,17223208,18689708,19266832
1340,1,471,167,12,254,0,38,91301488,6501516,14976196,128,74516692,,23688716,15531652,27673304,24407816,,2699476,250260,516348,3035432,,5592400,727736,2546448,6109612,,32,32,32,32,,19448564,17265052,18690980,19112096
1343,0,472,169,12,255,0,36,91197868,4409004,14610512,128,76582536,,23643828,15070880,27672844,24810316,,961700,314052,507508,2625744,,5639428,729916,2539300,5701868,,32,32,32,32,,21233232,17202592,18692556,19454156
1346,1,473,169,12,256,0,36,90401444,4282588,14580268,128,76672884,,23699828,14220788,27517712,24963116,,863280,286980,665892,2466436,,5594356,739736,2702352,5543824,,32,32,32,32,,21286584,17241036,18589780,19555484
1349,0,474,170,12,257,0,35,90563500,6374836,14490016,128,74558924,,23596320,14321504,27681992,24963684,,3173736,231924,503492,2465684,,5685024,721424,2540284,5543284,,32,32,32,32,,19030716,17275068,18697452,19555688
1352,0,475,169,12,258,0,36,92332100,6261916,14674176,128,74660032,,23661176,16048712,27671168,24951044,,3044924,251996,491496,2473500,,5625924,966172,2530956,5551124,,32,32,32,32,,19136580,17267680,18700072,19555700
1354,1,476,169,12,259,0,36,91921404,4065820,14376984,128,76798140,,23649924,15640504,27679908,24951068,,877544,241300,479336,2467640,,5629608,681324,2520572,5545480,,32,32,32,32,,21307644,17232692,18701880,19555924
1357,1,477,169,12,259,0,36,92503748,4279192,14817184,128,76697324,,23647180,16272084,27682068,24902416,,872568,419584,475648,2511392,,5648208,1062048,2516984,5589944,,32,32,32,32,,21331212,17107880,18701972,19556260
1361,0,478,170,12,261,0,35,90788160,6502716,14613100,128,74455652,,23674436,14719652,27496620,24897452,,3070488,220668,680704,2530856,,5622100,659648,2722212,5609140,,32,32,32,32,,19107168,17228420,18563788,19556276
1363,1,479,170,12,262,0,35,90115488,6832848,14897040,128,74413108,,23578748,14210708,27433656,24892376,,3251544,300180,728608,2552516,,5808468,685648,2770332,5632592,,32,32,32,32,,19112224,17175864,18567032,19557988
1366,1,480,169,12,263,0,36,89375828,6380852,14803460,128,74754976,,23573680,13383952,27526440,24891756,,3230232,281080,648260,2221280,,5787772,688876,2690800,5636012,,32,32,32,32,,18964168,17195116,18703096,19892596
1369,1,481,170,11,264,0,36,90671052,4433896,14735888,128,76776488,,23720172,14582524,27503432,24864924,,3077268,279932,668708,407988,,5636992,680128,2711448,5707320,,32,32,32,32,,19116020,17186824,18703300,21770344
1372,0,482,170,11,265,0,36,91735880,4386488,14854796,128,76859036,,23707036,15625876,27536416,24866552,,3089608,322324,632168,342388,,5649464,826200,2677052,5702080,,32,32,32,32,,19116176,17206740,18705432,21830688
1375,1,483,170,11,266,0,36,91491420,4426148,14732892,128,76783348,,23664616,15296204,27638744,24891856,,3153256,295472,561368,416052,,5713620,767808,2607164,5644300,,32,32,32,32,,19116576,17261064,18706440,21699268
1378,1,484,171,11,267,0,35,91910004,6428244,14609020,128,74662252,,23717308,15612452,27639300,24940944,,3070060,293740,557628,2506816,,5630084,777808,2603492,5597636,,32,32,32,32,,19116352,17275140,18706508,19564252
1381,0,485,171,11,268,0,35,90773208,6467432,14676988,128,74690232,,23703660,14510956,27642184,24916408,,3081336,314264,552916,2518916,,5641376,824068,2599560,5611984,,32,32,32,32,,19116356,17300140,18707228,19566508
1384,0,486,171,11,269,0,35,90553412,6751836,14963136,128,74541000,,23465024,14547992,27643480,24896916,,3350520,323476,549432,2528408,,5911072,832824,2597648,5621592,,32,32,32,32,,18967516,17298192,18708772,19566520
1386,1,487,171,11,270,0,35,93609932,6651376,14900948,128,74564264,,23609820,17572212,27522696,24905204,,3198908,278324,650692,2523452,,5759460,824192,2700428,5616868,,32,32,32,32,,19116768,17331604,18549156,19566736
1389,1,488,170,11,271,0,36,88499884,6796396,14985772,128,74422780,,23625908,12607412,27374308,24892256,,3174856,267320,817388,2536832,,5735176,751644,2868480,5630472,,32,32,32,32,,19116584,17272472,18466780,19566944
1392,1,489,172,11,272,0,34,92520928,6671740,14904468,128,74690664,,23634196,16457516,27617968,24811248,,3175820,278896,563408,2653616,,5737452,801380,2616660,5748976,,32,32,32,32,,19117872,17313688,18690576,19568528
1395,1,490,172,11,273,0,34,91586916,6856868,14935816,128,74274220,,23622140,15713764,27667812,24583200,,3185256,309960,496696,2864956,,5748000,675320,2550928,5961568,,32,32,32,32,,19109512,17157120,18712868,19294720
1398,0,491,171,11,274,0,35,90635712,6421696,14571752,128,74586684,,23748412,14402740,27662332,24822228,,3041872,260336,504660,2614828,,5604896,696056,2559348,5711452,,32,32,32,32,,19119388,17226164,18713348,19527784
1400,1,492,171,11,275,0,35,89938716,4753696,14467416,128,76188968,,23737008,13649760,27694104,24857844,,1450176,257340,464860,2581320,,5611872,652484,2524284,5678776,,32,32,32,32,,20718072,17182048,18718100,19570748
1403,1,493,172,11,276,0,34,90148236,4185904,14584660,128,76874320,,23722148,13900736,27686668,24838684,,847308,254684,480660,2603252,,5654628,685548,2542108,5702376,,32,32,32,32,,21363556,17218300,18720016,19572448
1406,1,494,172,11,276,0,34,91701696,6383188,14533012,128,74626520,,23651828,15426252,27684168,24939448,,3137716,264584,474680,2506208,,5720920,669728,2536720,5605644,,32,32,32,32,,19139348,17193928,18720464,19572780
1409,0,495,173,11,278,0,33,91436076,6747708,14841236,128,74430992,,23556656,15440752,27595292,24843376,,3248116,327984,571292,2600316,,5831116,678112,2631688,5700320,,32,32,32,32,,19139064,17137112,18653792,19501024
1412,0,496,173,11,279,0,33,90922364,6392592,14631392,128,74598352,,23541164,14737360,27691592,24952248,,3242432,263740,480204,2406216,,5827612,685748,2541496,5576536,,32,32,32,32,,19024980,17206184,18723588,19643600
1414,1,497,173,11,280,0,33,91874084,4636376,14523556,128,76361172,,23656440,15614372,27698708,24904564,,3129296,299036,459200,748844,,5714616,658452,2522288,5628200,,32,32,32,32,,19141488,17143048,18725392,21351244
1417,1,498,173,11,281,0,33,90228840,4321948,14643124,128,76576840,,23647652,14110560,27516128,24954500,,3119908,241660,639060,321320,,5709476,672328,2701924,5559396,,32,32,32,32,,19145744,17213972,18509756,21707368
1421,0,499,172,11,282,0,34,90128768,6606844,14766908,128,74499688,,23628444,13974616,27586152,24939556,,3149364,297792,560588,2599100,,5739524,813268,2623644,5590472,,32,32,32,32,,19146324,17228068,18663184,19462112
1424,0,500,172,11,283,0,34,91658824,6346256,14552500,128,74684732,,23685176,15473888,27605016,24894744,,3064012,264164,387032,2631048,,5654888,653016,2621764,5622832,,32,32,32,32,,19147032,17178520,18896840,19462340
1426,1,501,171,11,283,0,35,85289468,6383148,14820208,128,74666896,,23447896,15389624,21486084,24965864,,3293324,251924,279820,2558080,,5886952,674772,2705028,5553456,,32,32,32,32,,18857692,17212900,19142036,19454268
1438,1,502,171,11,284,0,35,83812636,5518308,14803168,128,75822544,,23665948,14429448,20760892,24956348,,3083908,293400,371448,1769552,,5677776,794092,2765948,5565352,,32,32,32,32,,19150596,17287076,19117288,20267584
1442,0,503,169,11,286,0,37,84543712,4122848,15090548,128,77131004,,23686940,15118192,20769952,24968628,,3045336,421616,319172,336724,,5639592,1152536,2707432,5590988,,32,32,32,32,,19151040,17145796,19111008,21723160
1445,1,504,169,11,286,0,37,82967660,4264328,14715032,128,76998784,,23667948,14826560,19502808,24970344,,3058816,244412,230332,730768,,5653036,791260,2711256,5559480,,32,32,32,32,,19150956,17329692,19220588,21297548
1448,1,505,169,11,288,0,37,80881692,7516660,14664520,128,73711324,,23650724,12808764,19465916,24956288,,3068784,332116,1574716,2541044,,5663152,733656,2703788,5563924,,32,32,32,32,,19151100,17188992,17876988,19494244
1451,0,506,169,11,289,0,37,80732140,7591372,14865836,128,73791736,,23651560,12750824,19492100,24837656,,3058156,280824,1549988,2702404,,5653016,776476,2710928,5725416,,32,32,32,32,,19151596,17237876,17908004,19494260
1454,0,507,169,11,290,0,37,85552604,7889348,15011764,128,73358824,,23652980,17833720,19188532,24877372,,3063808,309476,1839736,2676328,,5661924,632936,3016428,5700476,,32,32,32,32,,19154848,17114296,17594328,19495352
1457,0,508,170,11,291,0,36,81812692,7557656,14811416,128,73772564,,23703368,13807160,19586592,24715572,,2997256,247612,1478752,2834036,,5599248,637860,2715416,5858892,,32,32,32,32,,19159096,17180700,17936768,19496000
1459,1,509,173,11,292,0,33,85545592,5455780,14645396,128,75752768,,23740436,17323012,19624444,24857700,,1643104,280456,1428416,2103804,,5645904,640248,2668316,5690928,,32,32,32,32,,20559640,17150552,17984124,20058452
1462,1,510,173,11,293,0,33,84819640,3257928,14812152,128,77898536,,23731272,16348936,19815208,24924224,,816444,307556,1584856,549072,,5667168,660152,2852580,5632252,,32,32,32,32,,21407544,17141076,17797208,21552708
1466,1,511,173,11,293,0,33,83689128,5372332,14870848,128,76009600,,23734828,15185076,19849468,24919756,,3038296,323308,1621316,389412,,5663416,660464,2889260,5657708,,32,32,32,32,,19181880,17122788,17968040,21736892
1469,1,512,173,11,295,0,33,82382684,7325892,14784304,128,73841852,,23731708,13687332,20054300,24909344,,3020724,257092,1384416,2663660,,5646004,821440,2660308,5656552,,32,32,32,32,,19182040,17175308,18020688,19463816
1473,0,513,174,11,296,0,32,82889868,7353660,14601744,128,73808732,,23731744,14201376,20040860,24915888,,3025564,274448,1408896,2644752,,5651052,625328,2687508,5637856,,32,32,32,32,,19182196,17139240,18023268,19464028
1476,0,514,174,11,297,0,32,82527120,7511636,14774236,128,73691860,,23540668,14005404,20062144,24918904,,3228072,263992,1380220,2639352,,5853508,624948,2663312,5632468,,32,32,32,32,,19050616,17149516,18027688,19464040
1478,1,515,174,11,298,0,32,84039516,7301020,14622052,128,73879344,,23711968,15278668,20123100,24925780,,3056148,249788,1361628,2633456,,5681792,638220,2673204,5628836,,32,32,32,32,,19182384,17174468,18056188,19466304
1481,1,516,174,11,299,0,32,82770236,7488820,14766792,128,73836256,,23717392,14124752,20049744,24878348,,3028060,293872,1472988,2693900,,5654852,637856,2784684,5689400,,32,32,32,32,,19183528,17130056,18056252,19466420
1484,0,517,174,11,300,0,32,84303328,7937288,15214184,128,73479092,,23328496,16037852,20049092,24887888,,3444176,306452,1504032,2682628,,6071704,641404,2817140,5683936,,32,32,32,32,,18826248,17123060,18057572,19472212
1487,1,518,173,11,301,0,33,83429800,7486172,14989524,128,73972536,,23698180,14832536,20029908,24869176,,3026516,234648,1530692,2694316,,5682264,766776,2844648,5695836,,32,32,32,32,,19213272,17228420,18058420,19472424
1490,1,519,174,10,302,0,33,82542648,7456824,14772044,128,73877640,,23733404,13858704,20078576,24871964,,3013844,265280,1487656,2690044,,5651920,624140,2804408,5691576,,32,32,32,32,,19195280,17148816,18061108,19472436
1493,0,520,174,10,303,0,33,83487096,7418288,14778920,128,73922896,,23717608,14787996,20134532,24846960,,3023652,264068,1422580,2707988,,5661852,662640,2744244,5710184,,32,32,32,32,,19195420,17188324,18066052,19473100
1495,1,521,174,10,304,0,33,82708172,7656068,14964700,128,73467108,,23722440,14239976,19868624,24877132,,3020780,319372,1653188,2662728,,5661064,661028,2975448,5667160,,32,32,32,32,,19197480,17132568,17744672,19392388
1498,1,522,173,10,305,0,34,82657692,7274212,14674420,128,73963596,,23711864,13799648,20213172,24933008,,3023136,335188,1307744,2608144,,5665912,760752,2634936,5612820,,32,32,32,32,,19199992,17215156,18071724,19476724
1501,0,523,173,10,306,0,34,84422240,7441288,14811476,128,73911276,,23655360,15695892,20215340,24855648,,3081092,375112,1303644,2681440,,5724440,769284,2631428,5686324,,32,32,32,32,,19200408,17184348,18072364,19454156
1503,1,524,173,10,307,0,34,82700044,7548444,14992220,128,74002340,,23621848,14119704,20229252,24729240,,3131168,314720,1293712,2808844,,5778892,772168,2627424,5813736,,32,32,32,32,,19204824,17242464,18078224,19476828
1506,1,525,173,10,308,0,34,84042180,7240316,14703076,128,74021888,,23668348,15217036,20226648,24930148,,3079240,283440,1283756,2593880,,5727048,759004,2617892,5599132,,32,32,32,32,,19204960,17260928,18078764,19477236
1509,0,526,173,10,309,0,34,82774328,7368956,14697960,128,73892732,,23658708,14001908,20230724,24882988,,3097580,318384,1266328,2686664,,5747580,657788,2600768,5691824,,32,32,32,32,,19207152,17129380,18079036,19477164
1511,1,527,173,10,310,0,34,84439048,7352236,14697272,128,73911764,,23669028,15695144,20203344,24871532,,3087024,262308,1307108,2695796,,5738168,616348,2641588,5701168,,32,32,32,32,,19208292,17147016,18079076,19477380
1514,1,528,172,10,311,0,35,83032212,7781460,15246356,128,73495316,,23459328,14525896,20215152,24831836,,3283032,489932,1285772,2722724,,5934864,961668,2621312,5728512,,32,32,32,32,,18966672,16970932,18080108,19477604
1517,1,529,172,10,312,0,35,83829572,7201712,14522272,128,73887348,,23767080,14999012,20225568,24837912,,2950344,268024,1271736,2711608,,5602444,593596,2607468,5718764,,32,32,32,32,,19209948,17118024,18080400,19478976
1520,0,530,172,10,313,0,35,83880320,6660276,14738008,128,74414200,,23746448,15270100,20224928,24638844,,2172464,286612,1279352,2921848,,5598056,595884,2615620,5928448,,32,32,32,32,,19983468,17102640,18080904,19247188
1523,1,531,171,10,313,0,36,85102988,4851780,14449432,128,76163524,,23758844,16196236,20210820,24937088,,692100,263544,1299068,2597068,,5606536,595892,2640896,5606108,,32,32,32,32,,21472216,17123716,18086456,19481136
1526,1,532,172,10,315,0,35,85285504,6710724,14474332,128,74327484,,23717060,16414876,20225448,24928120,,2501284,337156,1276132,2596152,,5652904,597952,2618244,5605232,,32,32,32,32,,19709392,17050196,18086748,19481148
1529,0,533,172,10,316,0,35,84200004,4985800,14485564,128,76063952,,23731024,15331828,20215568,24921584,,731168,350108,1285124,2619400,,5634980,594104,2627780,5628700,,32,32,32,32,,21461544,17033688,18087372,19481348
1532,0,534,172,10,317,0,35,83867612,5126460,14940392,128,75920028,,23611660,15107536,20222852,24925564,,806004,423148,1279460,2617848,,5749520,940904,2622612,5627356,,32,32,32,32,,21389252,16961440,18087780,19481556
1535,0,535,171,10,318,0,36,85928004,5308304,14708736,128,75736804,,23717188,17200728,20092660,24917428,,1036528,271224,1395624,2604928,,5623612,728888,2740708,5615528,,32,32,32,32,,21144772,17070304,18040100,19481628
1538,0,536,171,10,319,0,36,84558516,7100752,14468244,128,73930932,,23714736,15681024,20239148,24923608,,2912860,316116,1249512,2622264,,5633596,604828,2596576,5633244,,32,32,32,32,,19277360,17080016,18091712,19481844
1540,1,537,171,10,320,0,36,85548996,7309704,14614212,128,73773840,,23708756,16871288,20197580,24771372,,2915920,334980,1280916,2777888,,5636852,560332,2628168,5788860,,32,32,32,32,,19277668,17018920,18091884,19385368
1543,0,538,171,10,321,0,36,83463932,7682756,15087492,128,73557512,,23706892,15171292,19781756,24803992,,2904984,323604,1728780,2725388,,5626908,642700,3080320,5737564,,32,32,32,32,,19278656,17055580,17789000,19434276
1546,0,539,171,10,322,0,36,83915748,7851556,15152088,128,73266388,,23474632,15745656,19796296,24899164,,3152856,329692,1728808,2640200,,5875872,538660,3081072,5656484,,32,32,32,32,,18987512,17003192,17789816,19485868
1549,0,540,172,10,323,0,35,83124436,7030200,15430328,128,74219704,,23372660,15152548,19700820,24898408,,3262168,325520,1893912,1548600,,5987376,545844,3246692,5650416,,32,32,32,32,,18943096,17012976,17692292,20571340
1551,1,541,172,10,324,0,35,84895012,5053792,14712548,128,76107404,,23798964,16130480,20005284,24960284,,2800968,317584,1589288,345952,,5526396,602428,2946496,5637228,,32,32,32,32,,19282220,17079068,17987852,21758264
1555,0,542,172,10,325,0,35,82738032,6953856,14388396,128,74001968,,23790116,13675972,20312924,24959020,,2803820,358064,1241140,2550832,,5533352,639368,2598848,5616828,,32,32,32,32,,19286324,17078296,18102444,19534904
1558,0,543,172,10,326,0,35,84604656,6947532,14432904,128,74049672,,23781680,15551176,20284640,24987160,,2799728,355472,1286424,2505908,,5529408,684996,2644284,5574216,,32,32,32,32,,19286464,17123400,18102636,19537172
1560,1,544,172,10,327,0,35,83129172,7218612,14818528,128,73987296,,23788672,14197052,20170740,24972708,,2799412,474580,1440332,2504288,,5529104,916520,2800288,5572616,,32,32,32,32,,19286480,17058992,18104644,19537180
1563,1,545,172,10,328,0,35,84219488,7063888,14559932,128,74057776,,23753716,15188880,20302612,24974280,,2905524,376824,1266816,2514724,,5638240,710540,2627872,5583280,,32,32,32,32,,19288712,17125792,18105880,19537392
1566,1,546,173,10,329,0,34,85227696,6539472,14511516,128,74535792,,23735080,16245140,20303980,24943496,,2349040,382248,1257008,2551176,,5641632,631024,2619116,5619744,,32,32,32,32,,19848540,17042920,18106928,19537404
1569,0,547,173,10,330,0,34,82608412,5208616,14866528,128,75891892,,23723364,13987816,19992156,24905076,,703544,338508,1564980,2601584,,5684280,584208,2927700,5670340,,32,32,32,32,,21536752,17039880,17777656,19537604
1572,0,548,173,9,331,0,35,84410300,4761872,14541216,128,76299508,,23706844,15543964,20271396,24888096,,600488,272840,1277888,2610656,,5696452,524796,2640384,5679584,,32,32,32,32,,21651884,17051432,18058452,19537740
1575,0,549,173,9,332,0,35,86198384,6112328,14506572,128,74956148,,23744320,17270132,20319984,24863948,,1880816,383560,1222828,2625124,,5645660,579688,2586084,5695140,,32,32,32,32,,20320836,16988616,18107912,19538784
1578,1,550,173,9,333,0,35,83416320,5193168,14810612,128,75825788,,23781200,14779784,20322500,24532836,,648728,356692,1230100,2957648,,5612056,576132,2593968,6028456,,32,32,32,32,,21503456,17012712,18108772,19200848
1581,1,551,172,9,334,0,36,82469428,7059024,15085664,128,74117212,,23756888,13970288,19946064,24796188,,2398096,333908,1641328,2685692,,5653832,667224,3007912,5756696,,32,32,32,32,,19811776,17032868,17804460,19468108
1584,1,552,172,9,335,0,36,84599692,4771856,14523788,128,76276264,,23807048,15619352,20218444,24954848,,591044,317336,1341236,2522240,,5591964,628700,2708092,5595032,,32,32,32,32,,21557024,17104820,18072812,19541608
1587,2,553,172,9,336,0,36,85078196,5123468,14554340,128,75943176,,23732336,16174760,20233860,24937240,,2884196,344404,1320136,574732,,5659672,596392,2687208,5611068,,32,32,32,32,,19331424,17042376,18065156,21504220
1591,1,554,172,9,336,0,36,84065112,4771604,14529196,128,76312104,,23736512,15145304,20260140,24923156,,2890460,296140,1294968,290036,,5665880,575632,2656692,5630992,,32,32,32,32,,19331364,17065796,18107340,21807604
1595,0,555,173,9,338,0,35,85142976,7362028,14840336,128,73697696,,23308180,16546144,20359392,24929260,,3340548,324464,1204728,2492288,,6116136,563028,2570064,5591108,,32,32,32,32,,18986808,17032500,18110928,19567460
1598,0,556,173,9,339,0,35,82518924,7334320,14762552,128,73990944,,23665068,13767752,20322804,24763300,,2974256,376804,1237280,2745980,,5750192,564644,2602920,5844796,,32,32,32,32,,19331832,16980408,18111212,19567492
1601,0,557,173,9,340,0,35,83645856,7296084,14775948,128,74030856,,23741608,14915456,20167712,24821080,,2898844,331836,1400904,2664500,,5675752,567304,2767172,5765720,,32,32,32,32,,19332864,17028988,18099016,19569988
1604,0,558,172,9,341,0,36,83584868,7640496,15073152,128,73645632,,23403256,15149292,20152008,24880312,,3225128,375544,1434968,2604856,,6003752,556704,2801716,5710980,,32,32,32,32,,18982992,16975568,18112176,19574896
1606,1,559,172,9,342,0,36,82883776,7953032,15371232,128,73258264,,23686092,14767408,20163532,24266744,,2935744,384820,1435232,3197236,,5715516,550596,2802644,6302476,,32,32,32,32,,19257636,16964328,18112804,18923496
1609,1,560,171,9,343,0,37,83229568,7406880,14945052,128,73754584,,23769348,14692852,20162732,24604636,,2847216,289484,1401420,2868760,,5627152,573964,2769228,5974708,,32,32,32,32,,19336396,17079068,18113224,19225896
1612,1,561,170,9,344,0,38,82453008,6309708,14485720,128,74710196,,23748268,13474028,20252288,24978424,,2088852,422544,1333268,2465044,,5637148,571896,2703144,5573532,,32,32,32,32,,20104772,16945404,18115352,19544668
1615,1,562,171,9,345,0,37,83343500,4649204,14480080,128,76395936,,23718164,14290764,20312740,25021832,,621696,323556,1280252,2423700,,5661396,633060,2653140,5532484,,32,32,32,32,,21596144,17101204,18118424,19580164
1618,1,563,171,9,345,0,37,84187552,4611456,14485112,128,76451108,,23699304,15144392,20345728,24998128,,631604,318416,1229440,2431996,,5693972,647456,2602676,5541008,,32,32,32,32,,21618788,17133140,18118804,19580376
1622,0,564,171,9,347,0,37,83923740,6827256,14472004,128,74209252,,23751296,14821252,20346428,25004764,,2813408,356944,1235124,2421780,,5634196,690828,2613164,5533816,,32,32,32,32,,19377244,17125120,18123468,19583420
1624,1,565,171,9,348,0,37,83679932,7222476,14743788,128,73708200,,23652036,14944492,20077520,25005884,,2922648,393516,1485836,2420476,,5744752,598548,2867928,5532560,,32,32,32,32,,19312612,16998388,17813760,19583440
1627,1,566,172,9,349,0,36,84669080,6886724,14451380,128,73964300,,23699344,15618296,20344332,25007108,,2864660,394976,1216764,2410324,,5686928,642868,2598952,5522632,,32,32,32,32,,19377588,16936388,18066680,19583644
1630,1,567,172,9,350,0,36,81968904,6954588,14570776,128,74017892,,23708940,13061688,20241572,24956704,,2855592,322216,1296480,2480300,,5678016,616936,2678416,5597408,,32,32,32,32,,19377764,17088864,17962888,19588376
1633,0,568,172,9,351,0,36,83581544,6966752,14459640,128,74032652,,23728968,14591932,20373092,24887552,,2833620,351688,1200084,2581360,,5676592,502332,2582208,5698508,,32,32,32,32,,19398264,16949208,18096940,19588240
1636,0,569,172,9,352,0,36,84959340,6900616,14481064,128,74012464,,23685556,15969360,20411436,24892988,,2861632,307348,1148332,2583304,,5711520,536564,2531424,5701556,,32,32,32,32,,19270196,17023156,18129164,19589948
1638,1,570,171,9,353,0,37,81747640,7228072,14820828,128,73768892,,23788128,13024452,20394824,24540236,,2751036,361636,1168556,2946844,,5601080,599164,2551972,6068612,,32,32,32,32,,19405836,16945588,18129504,19287964
1641,0,571,171,9,354,0,37,83477864,7272972,14756812,128,73821552,,23509284,14775856,20339840,24852884,,3020160,405164,1229824,2617824,,5870604,531604,2616064,5738540,,32,32,32,32,,19171644,16924768,18132216,19592924
1644,0,572,171,9,355,0,37,84465764,7094296,14570624,128,74045136,,23758700,15546064,20345572,24815428,,2756440,450260,1231532,2656064,,5607072,558484,2620236,5784832,,32,32,32,32,,19406376,16903156,18134652,19600952
1647,0,573,171,9,356,0,37,84387200,6854188,14355184,128,74069500,,23776960,15304988,20336116,24969136,,2754156,421400,1218680,2459952,,5604820,553596,2607848,5588920,,32,32,32,32,,19406400,16926828,18135116,19601156
1649,1,574,171,9,357,0,37,80855932,7068572,14721632,128,73872192,,23769060,11768120,20340696,24978056,,2736708,643436,1226640,2461788,,5587468,923228,2619968,5590968,,32,32,32,32,,19406456,16725140,18139204,19601392
1652,1,575,170,9,358,0,38,83720820,7107512,14892104,128,73858892,,23750764,14679620,20333004,24957432,,2756872,643168,1242572,2464900,,5607660,1054236,2635924,5594284,,32,32,32,32,,19406480,16711568,18139244,19601600
1655,1,576,169,9,359,0,39,84836584,6961728,14714932,128,74106084,,23772196,15826036,20290592,24947760,,2802916,381500,1301896,2475416,,5655924,754624,2699572,5604812,,32,32,32,32,,19408700,16952564,18143216,19601604
1658,1,577,169,9,360,0,39,81959060,6934932,14462720,128,74067072,,23760000,12981200,20345136,24872724,,2829144,373816,1195284,2536688,,5682292,515380,2596692,5668356,,32,32,32,32,,19408856,16936048,18147352,19574816
1661,1,578,169,9,361,0,39,83794412,7005964,14616764,128,74178380,,23719172,14904148,20288872,24882220,,2876932,306964,1276408,2545660,,5733528,526708,2677996,5678532,,32,32,32,32,,19412228,17014616,18147520,19604016
1664,0,579,170,9,362,0,38,83714144,6944576,14531320,128,74156652,,23788624,14734104,20264756,24926660,,2790156,325708,1326880,2501832,,5646664,518048,2728740,5637868,,32,32,32,32,,19412196,16990824,18147676,19605956
1667,0,580,170,9,363,0,38,81782860,7592424,15172472,128,73534880,,23774632,13420996,19658992,24928240,,2812912,335360,1946948,2497204,,5670636,513928,3352592,5635316,,32,32,32,32,,19413344,16971300,17542216,19608020
1669,1,581,169,9,364,0,39,82250456,7058836,14702836,128,74092652,,23762108,13355632,20155212,24977504,,2833168,332204,1419512,2473952,,5695184,569588,2825704,5612360,,32,32,32,32,,19417592,17031764,18034948,19608348
1672,1,582,170,9,365,0,38,81696912,6913976,14664576,128,74229728,,23753968,12679872,20276392,24986680,,2833128,331104,1293672,2456072,,5700204,666932,2702640,5594800,,32,32,32,32,,19421596,17062240,18137252,19608640
1675,1,583,171,9,366,0,37,83206472,6761912,14407528,128,74211664,,23781340,13976120,20466000,24983012,,2804040,395436,1098940,2463496,,5674920,616504,2508112,5607992,,32,32,32,32,,19425392,17015548,18156380,19614344
1678,0,584,172,9,367,0,36,82802836,6008788,14823264,128,75107476,,23773900,13712192,20438556,24878188,,2806860,258392,374872,2568664,,5677752,885292,2546612,5713608,,32,32,32,32,,19425404,17236228,18914824,19531020
1688,1,585,173,9,368,0,35,84103960,5901764,14417792,128,74971540,,23711876,14956116,20436320,24999648,,2886340,266688,299152,2449584,,5767360,508072,2547652,5594708,,32,32,32,32,,19329416,17035776,18991488,19614860
1691,0,586,173,9,369,0,35,82430536,6831600,14481464,128,74215360,,23837220,13346220,20435692,24811404,,2766084,234604,1165548,2665364,,5649132,477456,2544260,5810616,,32,32,32,32,,19437540,17037592,18125444,19614784
1694,1,587,173,9,370,0,35,82121012,6705352,14341432,128,74199860,,23813768,12956252,20443588,24907404,,2762832,247608,1143128,2551784,,5646676,473580,2522400,5698776,,32,32,32,32,,19438340,17018932,18126056,19616532
1698,0,588,173,9,371,0,35,84183888,6764032,14421032,128,74152228,,23822276,15052172,20435292,24874148,,2761572,238896,1156708,2606856,,5648088,482464,2537572,5752908,,32,32,32,32,,19441004,17038312,18127612,19545300
1701,0,589,172,9,372,0,36,83704168,6990776,14866048,128,74232252,,23718928,14687460,20367184,24930596,,2884276,342800,1232132,2531568,,5770932,800200,2617092,5677824,,32,32,32,32,,19441120,17042440,18131712,19616980
1704,1,590,173,9,373,0,35,84191368,6676292,14366052,128,74256968,,23839552,14963888,20362828,25025100,,2756764,252232,1229532,2437764,,5647780,498160,2632248,5587864,,32,32,32,32,,19445540,17041212,18149384,19620832
1707,1,591,173,9,374,0,35,83803224,7362248,15045764,128,73614536,,23785804,15241912,19773368,25002140,,2811824,301640,1801456,2447328,,5703300,536444,3208368,5597652,,32,32,32,32,,19445856,17033812,17513808,19621060
1710,1,592,172,9,375,0,36,83081760,6856796,14534672,128,74058904,,23818044,14036628,20257280,24969808,,2757112,289716,1317996,2491972,,5648772,517960,2725436,5642504,,32,32,32,32,,19446032,17026004,17965612,19621256
1713,1,593,172,9,376,0,36,82253996,6787284,14448996,128,74204076,,23747500,13111952,20419360,24975184,,2844480,320344,1152888,2469572,,5736252,524696,2563820,5624228,,32,32,32,32,,19446096,16998684,18133932,19625364
1716,1,594,172,9,377,0,36,83581452,6995520,14862952,128,74031244,,23696328,14501444,20445096,24938584,,2879532,464644,1131428,2519916,,5771476,873716,2543036,5674724,,32,32,32,32,,19408144,16843940,18153672,19625488
1719,1,595,171,9,378,0,37,83102896,6814020,14743316,128,74327452,,23730024,14086896,20349284,24936692,,2782768,281312,1232292,2517648,,5732272,694580,2643996,5672468,,32,32,32,32,,19503856,17039300,18158796,19625500
1722,1,596,171,9,379,0,37,83946956,5236148,14443324,128,75773696,,23823996,14845292,20349412,24928256,,1221616,259844,1224960,2529728,,5628672,493104,2636788,5684760,,32,32,32,32,,20961216,17027892,18158876,19625712
1725,1,597,171,9,379,0,37,85364748,4820180,14780112,128,76248172,,23817456,16456820,20335060,24755412,,476948,293020,1354572,2695640,,5648188,511056,2767304,5853564,,32,32,32,32,,21725404,17016252,18159624,19346892
1729,0,598,170,9,381,0,38,82849212,6764052,14495064,128,74298344,,23832360,13689296,20331392,24996164,,2682016,299840,1355004,2427192,,5628568,513248,2768048,5585200,,32,32,32,32,,19500748,17007844,18159980,19629772
1731,1,599,170,9,382,0,38,84346908,7638420,15627044,128,73662932,,23802960,15594836,20022988,24926124,,2701372,756552,1656752,2523744,,5649916,1221996,3073152,5681980,,32,32,32,32,,19502748,16781520,17809040,19569624
1734,1,600,169,9,383,0,39,82439808,6739416,14663372,128,74227924,,23524884,13396420,20500964,25017540,,2948900,248784,1140872,2400860,,5897624,646080,2557880,5561788,,32,32,32,32,,19241624,17190800,18163744,19631756
1737,1,601,172,9,384,0,36,82478720,6783040,14714316,128,74170472,,23791652,13486932,20531804,24668332,,2666880,268536,1092760,2754864,,5615600,673704,2509884,5915128,,32,32,32,32,,19502880,17198888,18163908,19304796
1740,1,602,172,9,385,0,36,83910080,6523592,14354800,128,74396280,,23835928,14536796,20487736,25049620,,2622004,368652,1156484,2376452,,5570896,672780,2574236,5536888,,32,32,32,32,,19503092,17096668,18164528,19631992
1743,0,603,172,9,386,0,36,84604464,6076768,14394420,128,74880536,,23801420,15276024,20505048,25021972,,2637276,304580,1137696,1997216,,5588316,677900,2556188,5572016,,32,32,32,32,,19505292,17163552,18165280,20046412
1746,0,604,172,9,387,0,36,83080688,4376996,14575864,128,76481260,,23776808,13772520,20517332,25014028,,2667364,274436,1113028,322168,,5618464,822244,2533020,5602136,,32,32,32,32,,19505308,17059972,18166780,21749200
1749,0,605,171,9,388,0,37,81264432,4467860,14503340,128,76599116,,23695016,12045968,20523128,25000320,,2765784,207824,1106308,387944,,5716968,643652,2526424,5616296,,32,32,32,32,,19505352,17229304,18166900,21697560
1751,1,606,171,9,388,0,37,83991644,4836908,14476260,128,76213896,,23819036,14872664,20410988,24888956,,2636640,300084,1243016,657168,,5593124,469468,2665348,5748320,,32,32,32,32,,19510716,16974140,18168968,21560072
1755,0,607,170,9,390,0,38,84079916,7277744,14952400,128,73655428,,23209568,15397344,20554204,24918800,,3316076,285220,1065100,2611348,,6272728,488784,2488136,5702752,,32,32,32,32,,18922332,17000544,18169836,19562716
1758,0,608,169,9,391,0,39,84651780,6991340,14654884,128,73887572,,23858040,15683812,20549524,24560404,,2647576,317564,1058988,2967212,,5607428,502472,2487056,6057928,,32,32,32,32,,19514544,16978500,18174900,19219628
1761,0,609,168,9,392,0,40,85578556,6639596,14326256,128,74194948,,23852596,16290548,20542816,24892596,,2666388,296900,1064068,2612240,,5626484,502856,2493208,5703708,,32,32,32,32,,19514328,16999872,18175964,19504784
1763,1,610,168,9,393,0,40,83927180,6611208,14360356,128,74313488,,23849340,14595416,20500136,24982288,,2660756,278128,1138856,2533468,,5621000,540024,2572652,5626680,,32,32,32,32,,19514492,17054544,18179428,19565024
1766,1,611,169,9,394,0,39,85565004,6677172,14412428,128,74291096,,23796964,16265272,20476716,25026052,,2726480,297564,1172692,2480436,,5686696,544976,2606864,5573892,,32,32,32,32,,19514360,17031680,18179752,19565304
1769,1,612,169,9,395,0,39,85542424,6828484,14498464,128,74026684,,23808124,16395620,20324464,25014216,,2717684,343316,1288476,2479008,,5678036,523208,2724740,5572480,,32,32,32,32,,19514500,16973408,17973456,19565320
1772,1,613,169,9,396,0,39,83462912,6935048,14666496,128,74078772,,23791796,14444860,20536724,24689532,,2728152,298888,1082604,2825404,,5688528,540428,2519664,5917876,,32,32,32,32,,19514528,17035088,18183184,19345972
1775,0,614,170,8,397,0,39,83780268,7052976,14907244,128,73892880,,23809896,14634540,20604564,24731268,,2714752,549924,1015344,2772956,,5675304,910684,2454028,5867228,,32,32,32,32,,19514704,16810716,18184800,19382660
1778,0,615,171,8,398,0,38,83622248,7273804,15490788,128,73623512,,23793904,14937464,20222348,24668532,,2709236,316740,1404820,2843008,,5669808,1035564,2847892,5937524,,32,32,32,32,,19514708,16998908,17773144,19336752
1781,0,616,171,8,399,0,38,83015576,6846928,14901916,128,74187744,,23600840,13924680,20551688,24938368,,2952828,254136,1061584,2578380,,5914652,809524,2504820,5672920,,32,32,32,32,,19350996,17083624,18189252,19563872
1783,1,617,171,8,400,0,38,82718596,6661624,14483120,128,74385220,,23766700,13450576,20569420,24931900,,2748500,238548,1091484,2583092,,5710536,556788,2536588,5679208,,32,32,32,32,,19516168,17112556,18191048,19565448
1786,1,618,171,8,401,0,38,84028452,6603680,14330220,128,74289712,,23793228,14617260,20556196,25061768,,2722976,340916,1095388,2444400,,5686256,559076,2543552,5541336,,32,32,32,32,,19517416,17012440,18194108,19565748
1789,1,619,171,8,402,0,38,85787316,6358436,14309376,128,74514792,,23781972,16351880,20617104,25036360,,2738040,284676,1048732,2286988,,5701452,555968,2497140,5554816,,32,32,32,32,,19517564,17065796,18194404,19737028
1792,1,620,171,8,403,0,38,82269832,4924568,14954828,128,76059292,,23785572,13138320,20300984,25044956,,2746152,348196,1383640,446580,,5709572,866224,2834136,5544896,,32,32,32,32,,19517572,17119688,17855768,21566264
1795,1,621,170,8,404,0,39,83259652,4380816,14588876,128,76768492,,23724264,13769876,20733164,25032348,,2821940,323228,933620,302028,,5785492,835928,2384448,5583008,,32,32,32,32,,19517688,17305224,18197528,21748052
1799,0,622,170,8,405,0,39,83871876,6460804,14347932,128,74449176,,23806888,14339376,20684444,25041168,,2711060,289224,989824,2470696,,5672164,667332,2441024,5567412,,32,32,32,32,,19515256,17170412,18197792,19565716
1802,0,623,170,8,406,0,39,81757224,7002652,14868588,128,74024648,,23285348,12685252,20739348,25047276,,3246608,365248,932148,2458648,,6208200,720836,2383996,5555556,,32,32,32,32,,19112248,17147920,18198552,19565928
1804,1,624,171,8,407,0,38,83099956,6629288,14531140,128,74288736,,23575368,13742964,20741412,25040212,,2953736,285740,936940,2452872,,5916040,670588,2390608,5553904,,32,32,32,32,,19339844,17178492,18200368,19570032
1808,0,625,171,8,408,0,38,85224324,6384036,14210504,128,74392436,,23744504,15686364,20745080,25048376,,2755744,254960,928284,2445048,,5718080,561856,2382240,5548328,,32,32,32,32,,19515132,17104356,18200652,19572296
1810,1,626,171,8,409,0,38,84564680,6451172,14279988,128,74392044,,23752444,15091896,20742116,24978224,,2760248,258320,911124,2521480,,5723608,566520,2365124,5624736,,32,32,32,32,,19516256,17102856,18200708,19572224
1813,1,627,174,8,410,0,35,82278808,6533040,14299636,128,74330648,,23772372,12843020,20717068,24946348,,2719436,270884,984440,2558280,,5683244,519800,2434420,5662172,,32,32,32,32,,19516668,17044524,18196696,19572760
1817,1,628,174,8,410,0,35,82199832,7523588,15191704,128,73360692,,23814892,13651344,20559660,24173936,,2661024,346208,1120748,3395608,,5626020,545632,2571652,6448400,,32,32,32,32,,19517928,16994452,18011160,18837152
1820,1,629,174,8,412,0,35,84272516,6666996,14428904,128,74055628,,23807908,14972348,20742832,24749428,,2687220,260456,921244,2798076,,5654384,549784,2375116,5849620,,32,32,32,32,,19490228,17084396,18199532,19281472
1823,2,630,174,8,413,0,35,82792340,5302080,14242780,128,75437156,,23825088,13277484,20649020,25040748,,1396544,359800,1046320,2499416,,5609900,576228,2503708,5552944,,32,32,32,32,,20765056,17011504,18136716,19523880
1828,6,631,174,8,413,0,35,83788808,4310776,14683284,128,76578420,,23799144,14320620,20756624,24912420,,397756,332524,910848,2669648,,5654300,916716,2386136,5726132,,32,32,32,32,,21807012,17026140,18220900,19524368
1836,1,632,173,8,414,0,36,85019160,2002592,14411888,128,78879900,,23792280,15542352,20678896,25005632,,310832,297764,976612,417384,,5639844,605884,2454212,5711948,,32,32,32,32,,21878232,17018340,18223184,21760144
1840,2,633,173,8,415,0,36,83619696,5105376,14407792,128,76114828,,23772224,14287452,20608052,24951968,,3130820,328252,1104392,541912,,5416460,668796,2583536,5739000,,32,32,32,32,,19093696,17135816,18223392,21661924
1845,4,634,174,8,417,0,35,85840148,5787436,13931204,128,74954388,,23878264,16288368,20602672,25070844,,2980940,311000,1078840,1416656,,5267940,532728,2559372,5571164,,32,32,32,32,,19095316,17016624,18224724,20617724
1851,0,635,174,8,418,0,35,84693744,6880384,13947920,128,73881812,,23866428,15143368,20662360,25021588,,2997264,324248,1003312,2555560,,5284412,579452,2485508,5598548,,32,32,32,32,,19095464,17049748,18226444,19510156
1854,0,636,174,8,419,0,35,83428284,6779636,13965772,128,74000680,,23838324,13793620,20772080,25024260,,3040544,262344,936216,2540532,,5327856,636776,2416016,5585124,,32,32,32,32,,19095628,17169136,18224156,19511760
1857,0,637,174,8,420,0,35,83258128,6877644,14045560,128,73978404,,23845572,13612316,20766948,25033292,,3096516,329388,927012,2524728,,5383904,682712,2407116,5571828,,32,32,32,32,,19095716,17143912,18224460,19514316
1860,0,638,174,8,421,0,35,84917336,6993080,14192804,128,74012876,,23772300,15374452,20763488,25007096,,3170620,340944,920600,2560916,,5460124,723332,2401268,5608080,,32,32,32,32,,19097728,17175800,18225016,19514332
1863,0,639,175,8,422,0,34,84546108,6920280,14143808,128,74037672,,23783360,14989272,20765348,25008128,,3157524,293340,928240,2541176,,5447092,698572,2409592,5588552,,32,32,32,32,,19097844,17199636,18225648,19514544
1866,0,640,175,8,423,0,34,84210052,6969028,14222404,128,74036696,,23675548,14730348,20787428,25016728,,3277816,251204,900068,2539940,,5571572,675964,2387536,5587332,,32,32,32,32,,19071456,17219008,18231672,19514560
1869,1,641,175,8,424,0,34,82038180,7883952,14882796,128,72861084,,23784684,13349264,20308532,24595700,,3175616,339828,1400108,2968400,,5469568,513292,2887144,6012792,,32,32,32,32,,19102240,16967672,17713812,19077360
1872,1,642,172,8,425,0,37,82425948,5898492,14437712,128,74867284,,23287904,13337968,20843712,24956364,,2130828,295188,852984,2619492,,5961228,468424,2344104,5663956,,32,32,32,32,,20138032,16978728,18235840,19514684
1875,2,643,171,8,426,0,38,82609448,6806284,13814392,128,73837724,,23898916,12910424,20838368,24961740,,2982288,361700,854860,2607436,,5325320,487596,2347884,5653592,,32,32,32,32,,19151576,16932756,18237024,19516368
1879,1,644,171,8,427,0,38,83740572,6811380,13869776,128,73876396,,23889480,14070048,20840792,24940252,,3009596,317980,859256,2624548,,5352348,493832,2352796,5670800,,32,32,32,32,,19151316,16970932,18237540,19516608
1882,1,645,171,8,428,0,38,86125780,6420284,13804912,128,74213244,,23903220,16427316,20801132,24994112,,2985084,279012,888812,2267376,,5327848,502368,2384628,5590068,,32,32,32,32,,19151332,17029112,18239868,19792932
1885,1,646,171,8,429,0,38,85855072,5468656,13950908,128,75141756,,23869764,16115560,20851512,25018236,,3023404,314564,842492,1288196,,5366312,677460,2338672,5568464,,32,32,32,32,,19151480,16999432,18240160,20750684
1888,1,647,170,8,430,0,39,83659428,4511492,13880108,128,76185780,,23838164,13946200,20858444,25016620,,3065244,316616,839256,290376,,5408088,544176,2338172,5589672,,32,32,32,32,,19151320,17023784,18242896,21767780
1891,2,648,170,8,430,0,39,83826332,4710800,14049400,128,76158288,,23791228,14220856,20797832,25016416,,3114636,265000,911096,420068,,5458008,537960,2411312,5642120,,32,32,32,32,,19151440,17072256,18243848,21690744
1895,1,649,170,8,432,0,39,83812840,6768768,13887924,128,73936576,,23782436,14174304,20940616,24915484,,3124836,273152,785432,2585348,,5468456,461228,2286836,5671404,,32,32,32,32,,19151632,16983380,18245348,19556216
1898,1,650,170,8,433,0,39,83476296,6849492,13975176,128,73892008,,23686860,13915520,20956688,24917228,,3224924,279800,762560,2582208,,5569876,472612,2264204,5668484,,32,32,32,32,,19102384,16987656,18245536,19556432
1901,1,651,171,8,434,0,38,85707248,6774840,13942756,128,73984540,,23755152,16108852,20944612,24898632,,3158688,253832,780456,2581864,,5504832,483584,2282116,5672224,,32,32,32,32,,19154156,17024328,18245524,19560532
1904,1,652,171,8,435,0,38,84438208,7263344,14357756,128,73453812,,23819788,15160052,20711824,24746544,,3097980,325024,1049452,2790888,,5444188,479916,2551388,5882264,,32,32,32,32,,19154228,16948056,18046000,19305528
1908,0,653,170,8,436,0,39,84370276,6525924,13654916,128,73929488,,23888148,14443960,20976564,25061604,,3010548,280612,771492,2463272,,5357576,459136,2278040,5560164,,32,32,32,32,,19155084,16973568,18235656,19565180
1911,0,654,172,8,437,0,37,84947172,6803964,13990048,128,73634068,,23887608,15373032,20637716,25048816,,3001524,235592,1107232,2459616,,5352812,465580,2615136,5556520,,32,32,32,32,,19159356,17025948,17883568,19565196
1914,0,655,170,8,438,0,39,84866736,6323084,13591932,128,74082836,,23888804,14803132,21122184,25052616,,3001556,244784,615476,2461268,,5353108,549616,2129128,5560080,,32,32,32,32,,19159568,17099996,18256172,19567100
1916,1,656,170,8,439,0,39,85461836,6364556,13695368,128,74144376,,23893016,15412028,21102212,25054580,,2991568,276124,632240,2464624,,5343032,642784,2146104,5563448,,32,32,32,32,,19159536,17161076,18256656,19567108
1919,1,657,170,8,440,0,39,84381516,6636376,14200364,128,73859396,,23710244,14506272,21108968,25056032,,3173508,380928,619164,2462776,,5527420,975604,2135532,5561808,,32,32,32,32,,18997708,17035192,18259180,19567316
1922,1,658,169,8,441,0,40,85116516,6312464,13745260,128,74124336,,23873588,15083444,21100680,25058804,,2990996,252216,615544,2453708,,5345652,714120,2132720,5552768,,32,32,32,32,,19162092,17134972,18259944,19567328
1925,0,659,169,8,442,0,40,85216592,6541680,13770292,128,74033500,,23772768,15333128,21118484,24992212,,3100396,294884,598756,2547644,,5454876,550560,2117628,5647228,,32,32,32,32,,19161856,17042320,18261552,19567772
1928,0,660,172,8,443,0,37,85426684,6013540,13541688,128,74337384,,23876656,15399336,21108612,25042080,,2977496,251912,583148,2200984,,5332164,546664,2103520,5559340,,32,32,32,32,,19162140,17086832,18261892,19826520
1931,1,661,172,8,444,0,37,85650184,4240428,13766944,128,76199564,,23878144,15556864,21111952,25103224,,2972516,275836,600540,391536,,5328252,653712,2121356,5663624,,32,32,32,32,,19163216,17035892,18262204,21738252
1936,0,662,174,8,445,0,35,83341352,4213752,13602744,128,76197868,,23906436,13235716,21120656,25078544,,2946800,278812,583196,404944,,5304036,514656,2104856,5679196,,32,32,32,32,,19164716,17029748,18263028,21740376
1939,1,663,175,8,446,0,34,82298048,6413608,13666344,128,74064236,,23915016,12362076,21032680,24988276,,2906516,265028,691468,2550596,,5263952,533876,2213620,5654896,,32,32,32,32,,19164864,17063768,18263364,19572240
1943,0,664,175,8,447,0,34,85222476,4728908,13478816,128,75560844,,23896748,15147332,21139948,25038448,,1348196,309776,566136,2504800,,5282032,495868,2090780,5610136,,32,32,32,32,,20741348,16980472,18265964,19573060
1946,0,665,175,8,448,0,34,84651144,4231064,13573104,128,76153168,,23846204,14683800,21084628,25036512,,775760,357312,611352,2486640,,5345984,497820,2136300,5593000,,32,32,32,32,,21377656,16934996,18266256,19574260
1949,1,666,175,8,448,0,34,82890708,6593696,14134760,128,73881484,,23804772,13501400,20734776,24849760,,2650992,305312,963896,2673496,,5384520,480580,2489584,5780076,,32,32,32,32,,19540824,16968996,17919272,19452392
1952,1,667,175,8,450,0,34,85118516,6685536,14244360,128,73743464,,23781100,15533248,21014340,24789828,,2980396,294976,669200,2740964,,5390784,808732,2195332,5849512,,32,32,32,32,,19217668,16952448,18148092,19425256
1955,1,668,174,8,451,0,35,83902496,6508500,13766732,128,74061796,,23786832,14158204,21026048,24931412,,2975240,237812,689204,2606244,,5385784,448948,2216952,5715048,,32,32,32,32,,19217824,17005224,18262140,19576608
1958,1,669,175,8,452,0,34,83475980,6859384,14111380,128,73819656,,23768728,14020556,20767932,24918764,,2994692,259116,985244,2620332,,5407368,461548,2513324,5729140,,32,32,32,32,,19219988,16997404,18025632,19576632
1961,1,670,175,8,453,0,34,84751072,6585800,13811988,128,74037296,,23819768,14998868,21001156,24931280,,2953780,292204,738492,2601324,,5369092,463756,2266612,5712528,,32,32,32,32,,19222620,16966324,18269324,19579028
1964,0,671,175,8,454,0,34,84257344,6514164,13796428,128,74092608,,23827396,14460076,20916600,25053272,,2933696,246028,873660,2460780,,5351784,462720,2403984,5577940,,32,32,32,32,,19225400,17010804,18271336,19585068
1967,0,672,175,8,455,0,34,85582424,6579764,13859824,128,74051620,,23796160,15791576,20960700,25033988,,3053100,253176,802028,2471460,,5474548,463388,2333220,5588668,,32,32,32,32,,19179568,17014712,18272260,19585080
1969,1,673,175,8,456,0,34,84936752,6687608,13938068,128,73969700,,23873544,15206980,21050460,24805768,,2967840,302400,711024,2706344,,5390732,476748,2246824,5823764,,32,32,32,32,,19230264,16967700,18276960,19494776
1972,1,674,175,8,457,0,34,81957168,6807204,14111248,128,73881544,,23770688,12273192,20880688,25032600,,3094012,337356,876676,2499160,,5519160,555820,2415432,5620836,,32,32,32,32,,19232420,17012536,18047092,19589496
1975,1,675,174,8,458,0,35,84640136,6444296,13741080,128,74106328,,23873356,14585284,21149400,25032096,,2965476,384816,606220,2487784,,5390668,596228,2144864,5609320,,32,32,32,32,,19232600,17004548,18279856,19589324
1978,0,676,174,8,459,0,35,82715512,6186272,13757260,128,74377584,,23876424,12645760,21135784,25057544,,2962192,314752,620104,2289224,,5391524,607260,2161252,5597224,,32,32,32,32,,19236712,17082736,18282364,19775772
1981,0,677,174,8,460,0,35,83494220,4552396,13796056,128,76041720,,23879740,13423676,21150348,25040456,,2977888,272908,594312,707288,,5407360,639820,2136028,5612848,,32,32,32,32,,19236856,17148772,18282928,21373164
1984,0,678,174,8,461,0,35,86155008,4160832,13760172,128,76403388,,23869920,15712248,21141052,25431788,,2985224,297104,609568,268936,,5416940,575972,2152572,5614688,,32,32,32,32,,19239136,17071424,18284216,21808612
1986,2,679,174,8,462,0,35,86390472,2727000,13896500,128,77971964,,23899496,16290752,21028128,25172096,,1379588,317260,742668,287484,,5357188,631492,2287300,5620520,,32,32,32,32,,20785048,17106416,18285816,21794684
1990,1,680,174,8,462,0,35,85697164,2656240,13525192,128,77904952,,23886036,15602480,21169808,25038840,,1335932,285772,600876,433660,,5386768,547964,2145864,5444596,,32,32,32,32,,20858224,17057044,18286208,21703476
1994,1,681,174,8,463,0,35,84237840,2018244,13477604,128,78493644,,23907176,14132760,21145956,25051948,,678856,316844,608448,414096,,5364404,529652,2153740,5429808,,32,32,32,32,,21492924,17005688,18286504,21708528
1997,1,682,174,8,465,0,35,84584856,2045504,13657748,128,78417436,,23919092,14490740,21154632,25020392,,861964,291828,595668,296044,,5352732,472960,2142804,5689252,,32,32,32,32,,21298108,16976160,18287380,21855788
2001,0,683,174,8,466,0,35,85108196,6539600,13751524,128,73847656,,23882316,15153924,21161528,24910428,,2941816,335176,584948,2677660,,5401072,471164,2133172,5746116,,32,32,32,32,,19266568,16915664,18288252,19377172
2004,0,684,174,8,467,0,35,82823420,6319244,13615216,128,74105084,,23892468,12701712,21176000,25053240,,2929888,291484,564024,2533848,,5389148,507876,2114204,5603988,,32,32,32,32,,19266564,17010724,18290232,19537564
2006,1,685,174,8,468,0,35,85110296,6483252,13754520,128,73996168,,23860752,15108024,21099828,25041692,,2970216,312312,661244,2539480,,5429564,503144,2211976,5609836,,32,32,32,32,,19266632,16982428,18209324,19537784
2009,1,686,175,8,469,0,34,85359156,6549040,13779436,128,74037856,,23893532,15394360,21111232,24960032,,2925544,346988,629704,2646804,,5384948,496680,2180736,5717072,,32,32,32,32,,19266740,16942464,18291064,19537588
2012,1,687,175,8,470,0,34,86593928,6701956,13976160,128,73905428,,23618828,16835560,21169904,24969636,,3185712,309604,577824,2628816,,5645196,502192,2129480,5699292,,32,32,32,32,,19084976,16990996,18291660,19537796
2015,1,688,175,8,471,0,34,85072108,6551572,13876104,128,74132880,,23810068,15243784,21071468,24946788,,2982488,258348,659856,2650880,,5442056,499176,2213300,5721572,,32,32,32,32,,19266840,17034752,18293276,19538012
2018,0,689,175,8,472,0,34,84334192,7003984,14344488,128,73758252,,23837432,14983292,20579660,24933808,,2947632,254880,1132988,2668484,,5407340,511300,2686572,5739276,,32,32,32,32,,19267000,17050748,17902432,19538072
2021,0,690,175,8,473,0,34,85108688,6600872,13917912,128,73975972,,23845908,15361680,20883416,25017684,,2928020,280944,832804,2559104,,5388956,510164,2388584,5630208,,32,32,32,32,,19268200,17021780,18147536,19538456
2023,1,691,175,8,474,0,34,84483060,6563572,13882260,128,74069388,,23850188,14675904,20950524,25006444,,2934636,275232,803716,2549988,,5395680,503704,2360036,5622840,,32,32,32,32,,19268308,17022692,18238192,19540196
2026,1,692,175,8,475,0,34,83936676,6271800,13663652,128,74189052,,23901920,13828548,21148696,25057512,,2883260,286280,604740,2497520,,5347644,578344,2166976,5570688,,32,32,32,32,,19271656,17076024,18300896,19540476
2029,1,693,177,8,476,0,32,84875476,5948472,13701452,128,74560896,,23893472,14746852,21215384,25019768,,2888444,262164,255124,2542740,,5352888,581976,2150668,5615920,,32,32,32,32,,19271764,17114812,18633836,19540484
2032,1,694,177,8,477,0,32,87587104,5948700,13675484,128,74573544,,23920004,13990512,24639772,25036816,,2847272,285628,295820,2519980,,5311868,594828,2174508,5594280,,32,32,32,32,,19271920,17102696,18657324,19541604
2035,1,695,177,8,478,0,32,87498500,6035332,13862540,128,74675064,,23918276,14030036,24496936,25053252,,2848272,296508,380516,2510036,,5316948,600760,2357460,5587372,,32,32,32,32,,19276020,17098536,18755868,19544640
2039,0,696,177,8,479,0,32,88453904,6735388,13783044,128,73895848,,23866096,15280044,24261196,25046568,,2893388,284912,1043128,2513960,,5362180,599816,2229688,5591360,,32,32,32,32,,19276092,17105700,17969400,19544656
2042,1,697,177,8,480,0,32,87652320,6676584,13717508,128,73890704,,23912984,14431768,24253056,25054512,,2865624,280652,1016804,2513504,,5336668,585160,2204540,5591140,,32,32,32,32,,19278368,17096864,17970608,19544864
2045,1,698,177,8,481,0,32,89626632,6920036,13908908,128,73559960,,23925832,16650496,24264812,24785492,,2835256,282772,1037548,2764460,,5306328,528624,2227344,5846612,,32,32,32,32,,19278408,17040472,17972672,19268408
2048,0,699,177,8,482,0,32,86600860,6926992,13792516,128,73628544,,23910108,13520916,24252416,24917420,,2844444,398536,1032412,2651600,,5315688,520348,2222916,5733564,,32,32,32,32,,19278560,16920880,17972772,19456332
2051,0,700,176,8,483,0,33,88782880,6967296,13898732,128,73518424,,23729956,15854652,24246768,24951504,,2998368,336740,1044940,2587248,,5470584,522796,2235928,5669424,,32,32,32,32,,19053652,16981192,17972980,19510600
2053,1,701,176,8,484,0,33,89337708,6780368,13768024,128,73774352,,23884304,16226484,24258816,24968104,,2856912,282140,1055056,2586260,,5329152,522096,2245356,5671420,,32,32,32,32,,19249836,17034664,17963696,19526156
2056,0,702,176,8,485,0,33,88293708,6714380,13717032,128,73828924,,23936780,15164168,24217328,24975432,,2711232,317236,1102080,2583832,,5278752,468160,2298860,5671260,,32,32,32,32,,19375116,16945720,17978200,19529888
2059,1,703,177,8,486,0,32,88082684,5598196,13768976,128,74870752,,23767208,15057136,24283700,24974640,,1682908,305840,1036348,2573100,,5409948,468844,2229628,5660556,,32,32,32,32,,20399596,16958000,17974756,19538400
2062,1,704,177,8,487,0,32,87961384,5860120,13662416,128,74649688,,23895704,14858956,24280872,24925852,,1936456,297328,1010000,2616336,,5274980,476064,2206708,5704664,,32,32,32,32,,20145308,16972244,17978204,19553932
2065,1,705,177,8,488,0,32,87839528,6673384,13714708,128,73889208,,23788264,14727680,24284616,25038968,,2890216,300484,1013548,2469136,,5401776,478824,2211632,5622476,,32,32,32,32,,19318508,16972280,17979548,19618872
2068,0,706,177,8,489,0,32,86243216,5517900,13725508,128,75055852,,23894924,13048532,24282284,25017476,,2877356,353432,1009292,1277820,,5393560,478804,2209852,5643292,,32,32,32,32,,19323232,16919728,17981904,20830988
2071,0,707,177,8,490,0,32,88458120,4755968,13993800,128,76047744,,23859044,15458032,24174464,24966580,,2917476,301012,1150944,386536,,5433820,482204,2348232,5729544,,32,32,32,32,,19323376,16976124,17941596,21806648
2074,1,708,177,8,490,0,32,88569440,4747448,13982472,128,76054592,,23809356,15613440,24193764,24952880,,2978844,258124,1130756,379724,,5495164,430164,2334564,5722580,,32,32,32,32,,19323288,16971268,17953384,21806652
2077,0,709,177,8,492,0,32,88020004,6968996,14053592,128,73905968,,23767648,15103280,24195728,24953348,,3022828,203552,1131660,2610956,,5542992,448148,2335748,5726704,,32,32,32,32,,19327092,17039016,17958580,19581280
2080,0,710,177,8,493,0,32,89166008,7082892,14068024,128,73809736,,23815056,16260480,24149304,24941168,,2971344,308656,1179640,2623252,,5491580,453396,2384024,5739024,,32,32,32,32,,19327192,16939344,17961884,19581316
2083,1,711,177,8,493,0,32,88410532,7093876,14233772,128,73628912,,23531920,15590072,24236768,25051772,,3228784,252308,1129496,2483288,,5750344,546848,2335476,5601104,,32,32,32,32,,18966900,17091472,17987220,19583320
2087,1,712,177,8,495,0,32,88464340,6120028,13709004,128,74436168,,23965144,15147672,24304196,25047328,,2796572,256332,579972,2487152,,5321656,536196,2245872,5605280,,32,32,32,32,,19332120,17073136,18447284,19583628
2090,1,713,177,8,495,0,32,87984580,5868140,13787964,128,74770808,,23966736,15265200,23700500,25052144,,2805148,294904,276412,2491676,,5330512,588316,2254776,5614360,,32,32,32,32,,19332408,17086928,18763248,19588224
2094,0,714,177,8,497,0,32,88551436,5954508,13813040,128,74709304,,23902328,15818828,23755516,25074764,,2863828,257304,372040,2461336,,5389076,594780,2243520,5585664,,32,32,32,32,,19332284,17131616,18655576,19589828
2097,1,715,177,8,498,0,32,88982072,7671324,14341496,128,72847988,,23953576,16188020,24222252,24618224,,2808452,243944,1724160,2894768,,5333856,582792,2402412,6022436,,32,32,32,32,,19332448,17132972,17294784,19087784
2100,0,716,175,8,499,0,34,89957128,7160252,13793968,128,73388372,,23937088,16601216,24420324,24998500,,2833264,273808,1513620,2539560,,5358692,570088,2197920,5667268,,32,32,32,32,,19332484,17091076,17470216,19494596
2103,0,717,175,8,500,0,34,91128692,7096660,13731500,128,73437952,,23944964,17742136,24359644,25081948,,2813160,295924,1560616,2426960,,5338732,589668,2248200,5554900,,32,32,32,32,,19332628,17084972,17472840,19547512
2105,1,718,175,8,501,0,34,87975612,7098904,13692492,128,73378596,,23888012,14563336,24442524,25081740,,2890020,273812,1500192,2434880,,5415868,525364,2188272,5562988,,32,32,32,32,,19303892,17053908,17472764,19548032
2108,1,719,175,8,502,0,34,91590356,7178000,13739216,128,73353732,,23947404,18207132,24438092,24997728,,2818148,339084,1481972,2538796,,5345868,555008,2171396,5666944,,32,32,32,32,,19334868,17009000,17473468,19536396
2111,1,720,175,8,503,0,34,91056032,7263588,13824596,128,73412084,,23818412,17743880,24418120,25075620,,2949404,341196,1506284,2466704,,5478452,554164,2196872,5595108,,32,32,32,32,,19336040,17006908,17474492,19594644
2114,1,721,174,8,504,0,35,88209440,6291356,13617808,128,74179832,,23970216,14795088,24429532,25014604,,2764104,257656,1492400,1777196,,5298536,482916,2183408,5652948,,32,32,32,32,,19341560,17021532,17474808,20341932
2117,1,722,174,8,505,0,35,87960804,5729816,13633236,128,74757676,,23956908,14547824,24438992,25017080,,2795556,254496,1480492,1199272,,5330136,487368,2174448,5641284,,32,32,32,32,,19341696,17030112,17477684,20908184
2120,1,723,174,8,506,0,35,87954996,5142100,13696356,128,75395080,,23955816,14386520,24436520,25176140,,2795100,351840,1477796,517364,,5329688,538808,2174208,5653652,,32,32,32,32,,19341712,16972432,17480052,21600884
2124,0,724,174,8,507,0,35,88814808,4862516,13574560,128,75561440,,23943684,15096516,24562656,25211952,,2822616,298464,1437020,304416,,5359440,485508,2137056,5592556,,32,32,32,32,,19343900,16981704,17483744,21752092
2127,0,725,174,8,508,0,35,90624888,7041304,13693332,128,73504104,,23945736,17091008,24581080,25007064,,2815996,245004,1454040,2526264,,5352876,505832,2187460,5647164,,32,32,32,32,,19343876,17056284,17517016,19586928
2130,1,726,174,8,509,0,35,91165924,7258568,13921184,128,73512844,,23853304,17676344,24668364,24967912,,2889224,361932,1435704,2571708,,5426204,557636,2243856,5693488,,32,32,32,32,,19343896,16990176,17591696,19587076
2135,0,727,174,8,510,0,35,88748212,7203560,13829856,128,73477456,,23920904,15220168,24647980,24959160,,2828596,313368,1469128,2592468,,5365620,467808,2280120,5716308,,32,32,32,32,,19343980,16949824,17594516,19589136
2138,0,728,174,8,511,0,35,88881048,7212868,13839984,128,73477576,,23922452,15349996,24643644,24964956,,2818452,345244,1473516,2575656,,5355632,497996,2286648,5699708,,32,32,32,32,,19344124,16947456,17596648,19589348
2140,1,729,174,8,512,0,35,88201896,7204072,13846720,128,73493264,,23863480,14707272,24642068,24989076,,2888224,296972,1470764,2548112,,5426416,463992,2284128,5672184,,32,32,32,32,,19345096,16961884,17596908,19589376
2143,1,730,174,8,513,0,35,89648756,7145464,13914288,128,73463076,,23924708,16193072,24449680,25081296,,2805916,227316,1690132,2422100,,5344400,513068,2505832,5550988,,32,32,32,32,,19345444,17080712,17442640,19594280
2147,1,731,174,8,513,0,35,87235064,7459636,14222504,128,72968700,,23941660,14088088,24714928,24490388,,2778672,246440,1395120,3039404,,5318616,525488,2211804,6166596,,32,32,32,32,,19346900,17073748,17600340,18947712
2150,1,732,173,8,515,0,36,89163600,7159072,13934920,128,73440620,,23788116,15651192,24702832,25021460,,2934584,295328,1427188,2501972,,5474536,583268,2245896,5631220,,32,32,32,32,,19265924,17082820,17602300,19489576
2153,1,733,174,8,516,0,35,89905620,6885696,13709232,128,73646368,,23885320,16165556,24739684,25115060,,2840588,269684,1375748,2399676,,5380724,601692,2195072,5531744,,32,32,32,32,,19347100,17126536,17602980,19569752
2156,0,734,175,8,517,0,34,87821900,7071988,13854912,128,73577280,,23948272,14178120,24791440,24904068,,2766184,302232,1354164,2649408,,5306476,596556,2170004,5781876,,32,32,32,32,,19347272,17087028,17599540,19543440
2159,0,735,175,8,518,0,34,90202692,7245692,13943012,128,73228336,,23565468,16754512,24754332,25128380,,3125272,295928,1385052,2439440,,5665580,555792,2202120,5519520,,32,32,32,32,,19026128,17053568,17600704,19547936
2162,1,736,175,8,519,0,34,87597660,6908108,13639436,128,73582424,,23911844,13808060,24743720,25134036,,2784468,272236,1411544,2439860,,5324948,565108,2229480,5519900,,32,32,32,32,,19347452,17085544,17601548,19547880
2165,0,737,175,8,520,0,34,89206636,7250200,13963656,128,73176200,,23907936,15800904,24344376,25153420,,2784052,259688,1796708,2409752,,5324544,529320,2618676,5491116,,32,32,32,32,,19347468,17068260,17212512,19547960
2168,0,738,174,8,521,0,35,88770104,7297508,13923712,128,73079452,,23896480,15329240,24651076,24893308,,2783724,362768,1463488,2687528,,5326408,543572,2285780,5767952,,32,32,32,32,,19349660,16975828,17442524,19311440
2171,0,739,174,8,522,0,35,88494612,7005948,13647576,128,73425656,,23921916,14769128,24719172,25084396,,2831352,278240,1394068,2502288,,5374656,472308,2216652,5583960,,32,32,32,32,,19350260,16988600,17538736,19548060
2174,0,740,174,8,523,0,35,86822660,7126636,13727112,128,73347004,,23888476,13126192,24751868,25056124,,2885528,336680,1351196,2553232,,5433412,473984,2183084,5636632,,32,32,32,32,,19292904,16931348,17572904,19549848
2176,1,741,175,8,524,0,34,87210824,7232660,13884384,128,73268944,,23943908,13722212,24673208,24871496,,2804284,298540,1425468,2704368,,5353316,485668,2258264,5787136,,32,32,32,32,,19356212,16980796,17593920,19338016
2179,1,742,174,8,525,0,35,88513528,7276692,14027896,128,73271284,,23948808,15024668,24813656,24726396,,2797596,318968,1296328,2863800,,5348840,600272,2131908,5946876,,32,32,32,32,,19358424,17075168,17619092,19218600
2182,1,743,174,8,526,0,35,87453752,6810128,13541196,128,73584416,,23895288,13605408,24793260,25159796,,2858888,314324,1228992,2407924,,5410240,493076,2146012,5491868,,32,32,32,32,,19358568,16973912,17700344,19551592
2185,0,744,174,8,527,0,35,88843956,5841972,13567736,128,74561672,,23965916,14942112,24787248,25148680,,2790960,329088,312260,2409664,,5342376,585420,2145568,5494372,,32,32,32,32,,19358584,17034324,18616544,19552220
2188,1,745,174,8,528,0,35,88725624,5920308,13783868,128,74709820,,23921556,15076752,24702760,25024556,,2841988,242800,277064,2558456,,5393472,508972,2238084,5643340,,32,32,32,32,,19358568,17056992,18742008,19552252
2192,1,746,174,8,529,0,35,88989036,7176948,13900308,128,73579288,,23836328,15493328,24635752,25023628,,2932720,278676,1404144,2561408,,5484304,504620,2264880,5646504,,32,32,32,32,,19358612,17024172,17644040,19552464
2196,0,747,174,8,530,0,35,89144968,7059804,13815548,128,73607864,,23884112,15605280,24623592,25031984,,2859364,257440,1414668,2528332,,5411016,513572,2276380,5614580,,32,32,32,32,,19358736,17051568,17645024,19552536
2199,0,748,174,8,531,0,35,88582572,7081880,13809032,128,73578876,,23872004,15014764,24642572,25053232,,2885612,288476,1396200,2511592,,5437440,513396,2258044,5600152,,32,32,32,32,,19358916,17019900,17645188,19554872
2202,0,749,174,8,532,0,35,89699004,7217904,13968072,128,73601208,,23912156,16235984,24606444,24944420,,2812736,326360,1432416,2646392,,5415444,522776,2294600,5735252,,32,32,32,32,,19409788,16991076,17645476,19554868
2205,0,750,175,8,533,0,34,90034056,6396052,14199880,128,74251344,,23427732,16792448,24658036,25155840,,2358760,280896,1363272,2393124,,5909956,575284,2226360,5488280,,32,32,32,32,,19958064,17085380,17646428,19561472
2208,1,751,175,8,533,0,34,88770172,4901656,13948776,128,75599796,,23930300,15285700,24686824,24867348,,569660,299140,1336152,2696704,,5394128,562092,2199800,5792756,,32,32,32,32,,21630800,17057568,17647076,19264352
2212,0,752,174,8,535,0,35,88863372,6755048,13650040,128,73744608,,23917372,15034992,24704668,25206340,,2795028,285572,1321280,2353168,,5394888,617376,2187112,5450664,,32,32,32,32,,19406180,17125432,17649216,19563780
2214,1,753,174,8,536,0,35,89951532,6830712,13681884,128,73701056,,23901792,16133388,24719888,25196464,,2800832,365552,1314500,2349828,,5400700,655556,2176568,5449060,,32,32,32,32,,19406192,17083892,17645492,19565480
2217,1,754,174,8,537,0,35,89037556,6761468,13667796,128,73754420,,23909512,15184180,24747088,25196776,,2802160,319976,1296524,2342808,,5402152,668244,2155136,5442264,,32,32,32,32,,19406340,17140312,17642068,19565700
2220,1,755,174,8,538,0,35,90498952,6638296,13744840,128,73783360,,23909952,16654716,24735692,25198592,,2789976,235236,1280952,2332132,,5392040,769652,2151544,5431604,,32,32,32,32,,19408436,17155204,17654016,19565704
2223,0,756,174,8,539,0,35,90171472,6880744,13750876,128,73699300,,23830000,16458756,24682020,25200696,,2886332,319084,1331980,2343348,,5488584,614712,2204536,5443044,,32,32,32,32,,19408584,17088656,17636136,19565924
2226,0,757,174,8,540,0,35,89014220,6875724,13822544,128,73733484,,23880060,15278396,24795800,25059964,,2819028,281076,1278528,2497092,,5425404,652456,2147740,5596944,,32,32,32,32,,19412704,17165812,17652572,19502396
2229,0,758,174,8,541,0,35,88570368,5982364,13763688,128,74591996,,23810180,14926000,24739600,25094588,,2892324,260800,377672,2451568,,5498860,509596,2203652,5551580,,32,32,32,32,,19412860,17043596,18607468,19528072
2232,1,759,175,8,541,0,34,89336876,5775868,13619888,128,74658376,,23913932,15578844,24749184,25094916,,2777016,264772,273792,2460288,,5384824,503204,2171344,5560516,,32,32,32,32,,19414152,17032668,18677948,19533608
2235,0,760,174,8,543,0,35,87044276,7569956,14348892,128,72958984,,23243992,14034652,24744964,25020668,,3447828,251148,1319604,2551376,,6058328,447440,2189984,5653140,,32,32,32,32,,18781000,16989100,17653444,19535440
2238,0,761,173,8,544,0,36,89479224,6920968,13738224,128,73572864,,23960420,15812216,24663580,25043008,,2712752,254596,1407256,2546364,,5323476,492060,2274352,5648336,,32,32,32,32,,19417176,17031636,17568616,19555436
2240,1,762,173,8,545,0,36,88946308,6847160,13616128,128,73608968,,23963448,15200324,24758688,25023848,,2702064,291068,1286976,2567052,,5312816,479356,2154916,5669040,,32,32,32,32,,19417632,16982540,17651172,19557624
2243,0,763,173,8,546,0,36,89745332,6780292,13618148,128,73672044,,23908540,15987624,24734324,25114844,,2761212,347280,1296624,2375176,,5372120,511360,2166032,5568636,,32,32,32,32,,19401756,16958084,17652640,19659564
2246,0,764,173,8,547,0,36,88737456,6249540,13974108,128,74207312,,23955572,15316644,24409016,25056224,,2696072,254124,1670504,1628840,,5307016,495660,2539672,5631760,,32,32,32,32,,19417824,17035860,17284468,20469160
2248,2,765,172,8,548,0,37,89349348,4959236,13837972,128,75728096,,23906944,15784884,24773216,24884304,,2749248,381736,1268456,559796,,5360276,488380,2148104,5841212,,32,32,32,32,,19417828,16901468,17663084,21745716
2252,1,766,173,7,549,0,37,88395892,5929388,13913140,128,74833080,,23924236,14885392,24661164,24925100,,2740892,344968,1409124,1434404,,5352080,498868,2293228,5768964,,32,32,32,32,,19417616,16949488,17667412,20798564
2256,0,767,173,7,550,0,37,90568576,6486204,13983412,128,74151924,,23895936,17210472,24690684,24771484,,2104748,248636,1351808,2781012,,5346284,496024,2239636,5901468,,32,32,32,32,,20048340,17042428,17671088,19390068
2258,1,768,173,7,551,0,37,87434016,4998036,14116856,128,75593460,,23902176,14182244,24284748,25064848,,389172,354740,1771676,2482448,,5351980,499924,2659732,5605220,,32,32,32,32,,21769432,16939468,17295968,19588592
2262,1,769,172,7,551,0,38,90151260,4796612,14002464,128,75775760,,23880428,16468596,24707900,25094336,,755232,258464,1348200,2434716,,5653244,556268,2235292,5557660,,32,32,32,32,,21446796,17092672,17647588,19588704
2265,1,770,172,7,553,0,38,90229120,7014588,14327036,128,73542084,,23936620,16422012,24757632,25112856,,2796988,463856,1320604,2433140,,5572988,987652,2208376,5558020,,32,32,32,32,,19324796,16955520,17671160,19590608
2268,0,771,172,7,554,0,38,85751652,7045396,14281852,128,73403672,,23944500,12188792,24762528,24855832,,2799428,271088,1303312,2671568,,5575572,715196,2191420,5799664,,32,32,32,32,,19324940,17104572,17671504,19302656
2271,0,772,171,7,555,0,39,90320192,6929828,14019412,128,73601736,,23921620,16551384,24759560,25087628,,2897120,303332,1278728,2450648,,5675584,596280,2168764,5578784,,32,32,32,32,,19327200,17057880,17673452,19543204
2274,0,773,171,7,556,0,39,89151212,6813736,13938444,128,73704864,,23946996,15271428,24775560,25157228,,2863512,308320,1265984,2375920,,5646208,627936,2157188,5507112,,32,32,32,32,,19331492,17112916,17674652,19585804
2276,1,774,173,7,557,0,37,87489296,6870392,14036604,128,73753224,,23914720,13588288,24821432,25164856,,2911528,346884,1225584,2386396,,5694200,705656,2117108,5519640,,32,32,32,32,,19331420,17153796,17675036,19592972
2280,0,775,173,7,557,0,37,90510484,6789576,14045008,128,73756936,,23941444,16707572,24685344,25176124,,2868540,221340,1344644,2355052,,5653140,661924,2241224,5488720,,32,32,32,32,,19333400,17248000,17576104,19599432
2286,1,776,173,7,559,0,37,87166996,7009292,14128124,128,73462984,,23659920,13554280,24830136,25122660,,3150832,268372,1197436,2392652,,5937944,569184,2094672,5526324,,32,32,32,32,,19088672,17094112,17680804,19599396
2289,1,777,175,7,560,0,35,87507864,6765888,13839428,128,73675760,,23858128,13706172,24819436,25124128,,2943772,248928,1179744,2393444,,5733580,497236,2081316,5527296,,32,32,32,32,,19336288,17054796,17685116,19599560
2292,1,778,175,7,561,0,35,88168452,7072316,14105736,128,73333008,,23911872,14629420,24489988,25137172,,2907816,274244,1501920,2388336,,5702188,472064,2409084,5522400,,32,32,32,32,,19340864,16993260,17399108,19599776
2295,1,779,176,7,562,0,34,86057708,6947640,13991428,128,73583016,,23934504,12362800,24716592,25043812,,2885580,292568,1275776,2493716,,5682964,495788,2183252,5629424,,32,32,32,32,,19343884,16997664,17640144,19601324
2298,1,780,176,7,563,0,34,89300584,6811068,13874540,128,73639660,,23923876,15489192,24759560,25127956,,2871848,271868,1239564,2427788,,5669752,487316,2153660,5563812,,32,32,32,32,,19344404,17010656,17682860,19601740
2301,0,781,177,7,564,0,33,85807200,6937988,13988836,128,73504436,,23952040,12097864,24786140,24971156,,2848860,285760,1210272,2593096,,5647240,483972,2128476,5729148,,32,32,32,32,,19344900,16993124,17697672,19468740
2304,0,782,177,7,565,0,33,90850932,6777224,13833724,128,73647388,,23954144,16965696,24811860,25119232,,2849884,303564,1186068,2437708,,5655724,496580,2105648,5575772,,32,32,32,32,,19352636,16988100,17703024,19603628
2306,1,783,177,7,566,0,33,87970216,6881456,13886644,128,73595388,,23946132,14141020,24810148,25072916,,2847836,370408,1179572,2483640,,5653992,511420,2099528,5621704,,32,32,32,32,,19352656,16936028,17703116,19603588
2309,1,784,175,7,567,0,35,88297624,7003460,14419304,128,73541936,,23874100,14641180,24698260,25084084,,2938880,296628,1299096,2468856,,5745128,847752,2219324,5607100,,32,32,32,32,,19352640,16942352,17643188,19603756
2312,1,785,175,7,568,0,35,90115548,7102524,14049140,128,73481032,,23942284,16460720,24638128,25074416,,2871028,354340,1398728,2478428,,5678160,434700,2319600,5616680,,32,32,32,32,,19353608,16874708,17648956,19603760
2315,0,786,175,7,569,0,35,88281300,7032808,14094128,128,73602336,,23931052,14631664,24655508,25063076,,2886480,244148,1404216,2497964,,5695704,435148,2326848,5636428,,32,32,32,32,,19355656,16986472,17656236,19603972
2318,0,787,175,7,570,0,35,88905956,6905712,13879764,128,73563652,,23915884,15092844,24735972,25161256,,2880700,335176,1309728,2380108,,5690104,438116,2232692,5518852,,32,32,32,32,,19355820,16897344,17706164,19604324
2321,0,788,175,7,571,0,35,88821096,6804564,13842656,128,73627672,,23940052,14959356,24726036,25195652,,2861696,274404,1307396,2361068,,5675908,433960,2230404,5502384,,32,32,32,32,,19360516,16954032,17706240,19606884
2323,1,789,175,7,572,0,35,90251104,6827932,13883496,128,73645616,,23920580,16428568,24734012,25167944,,2887388,267196,1296696,2376652,,5702280,441412,2219956,5519848,,32,32,32,32,,19361132,16969212,17706496,19608776
2326,1,790,175,7,573,0,35,88866376,7092284,14140284,128,73341288,,23646512,15253556,24788044,25178264,,3160280,300108,1257940,2373956,,5976552,460600,2181852,5521280,,32,32,32,32,,19065572,16955648,17707180,19612888
2329,0,791,174,7,574,0,36,89867320,6776056,13835268,128,73647756,,23995144,15993336,24718580,25160260,,2791040,279424,1326712,2378880,,5607232,448476,2253144,5526416,,32,32,32,32,,19362576,16962372,17709708,19613100
2332,0,792,174,7,575,0,36,89009964,6731220,13826844,128,73685408,,23975960,15111336,24778896,25143772,,2798156,275104,1256724,2401236,,5614428,477924,2185712,5548780,,32,32,32,32,,19362632,16997352,17712316,19613108
2334,1,793,174,7,576,0,36,87426496,6743968,13815600,128,73661984,,23965940,13447736,24831696,25181124,,2797036,364576,1204372,2377984,,5613448,539760,2133508,5528884,,32,32,32,32,,19362764,16970244,17712520,19616456
2337,1,794,174,7,577,0,36,87444444,7175760,14298036,128,73363180,,23936672,13884796,24812076,24810900,,2854880,367052,1212328,2741500,,5671328,589136,2145900,5891672,,32,32,32,32,,19362780,17017156,17717016,19266228
2340,1,795,173,7,578,0,37,87000052,6786776,13999416,128,73694664,,23933260,13159336,24815900,25091556,,2837668,308768,1214924,2425416,,5654248,620364,2148980,5575824,,32,32,32,32,,19362860,17103772,17717436,19510596
2343,0,796,173,7,579,0,37,90511976,6827872,14023828,128,73761376,,23922900,16693092,24827468,25068516,,2838024,308016,1196504,2485328,,5654624,599100,2131624,5638480,,32,32,32,32,,19362876,17084052,17718500,19595948
2346,0,797,173,7,580,0,37,88233548,6794920,13973448,128,73769084,,23929120,14430436,24824632,25049360,,2832396,270012,1198788,2493724,,5651200,538016,2137228,5647004,,32,32,32,32,,19365084,17062520,17721824,19619656
2348,1,798,173,7,581,0,37,89613640,5638228,13873440,128,74826156,,23882304,15813276,24779324,25138736,,2864128,282524,1234144,1257432,,5683076,467788,2172832,5549744,,32,32,32,32,,19365224,16980188,17722012,20758732
2351,1,799,173,7,582,0,37,89385284,5013748,14222540,128,75377368,,23563612,15868512,24781184,25171976,,3200968,261648,1235404,315728,,6020544,497280,2174124,5530592,,32,32,32,32,,19036416,16939756,17722056,21679140
2354,1,800,172,7,583,0,38,90430132,5086948,14431144,128,75167716,,23944908,16478496,24780300,25226428,,2789976,626864,1219076,451032,,5610884,1293380,2158540,5368340,,32,32,32,32,,19367540,16605696,17722800,21471680
2358,0,801,172,7,584,0,38,89457304,6613576,13573148,128,73640996,,23980316,15494068,24779828,25203092,,2769860,249368,1216748,2377600,,5590984,423428,2156912,5401824,,32,32,32,32,,19367952,16969132,17723484,19580428
2361,0,802,172,7,585,0,38,89465104,6563308,13496152,128,73616544,,23986528,15451024,24818172,25209380,,2745288,273216,1185636,2359168,,5568480,415536,2127804,5384332,,32,32,32,32,,19370036,16940480,17725532,19580496
2363,1,803,172,7,586,0,38,88447296,6723144,13721340,128,73678592,,23944048,14530880,24858456,25113912,,2860168,275588,1129280,2458108,,5683528,476492,2072412,5488908,,32,32,32,32,,19370180,16995872,17726516,19586024
2367,0,804,172,7,587,0,38,88978364,6416220,13757492,128,74022296,,23969720,15095036,24796792,25116816,,2826968,325152,813748,2450352,,5654436,487392,2132168,5483496,,32,32,32,32,,19374324,16957840,18101772,19588360
2369,1,805,172,7,588,0,38,90341684,5929908,13897692,128,74645276,,23873592,16567260,24784848,25115984,,2953264,265172,260268,2451204,,5780740,469180,2163204,5484568,,32,32,32,32,,19374216,16997604,18684872,19588584
2372,1,806,172,7,589,0,38,89352272,6314568,14259088,128,74322588,,23605308,15934572,24726388,25086004,,3210408,303264,305784,2495112,,6041284,459228,2230084,5528492,,32,32,32,32,,19078552,16950892,18704552,19588592
2376,0,807,172,7,590,0,38,87535324,6909412,13823448,128,73511804,,23936044,13882716,24625428,25091136,,2855272,270428,1310840,2472872,,5688260,332396,2296328,5506464,,32,32,32,32,,19379780,16856780,17686440,19588804
2379,0,808,172,7,591,0,38,89091060,6598680,13527196,128,73607860,,23939248,15195444,24750416,25205952,,2851952,251068,1117080,2378580,,5686264,257500,2168224,5415208,,32,32,32,32,,19381108,16800632,17834200,19591920
2382,0,809,172,7,592,0,38,87634988,6458572,14152412,128,73690340,,23248804,14218228,24991500,25176456,,3579832,197700,284608,2396432,,6415276,143236,2156708,5437192,,32,32,32,32,,18747320,16747036,18652164,19543820
2389,0,810,171,7,593,0,39,90402880,6925984,14142384,128,73144512,,24007888,16825848,24440728,25128416,,2777828,239120,1438672,2470364,,5615408,521708,2484244,5521024,,32,32,32,32,,19383908,16761024,17467844,19531736
2395,1,811,169,7,594,0,41,90577856,6698524,13914248,128,73334388,,23993548,16529472,24793576,25261260,,2785720,206228,1461836,2244740,,5625664,417556,2504412,5366616,,32,32,32,32,,19386268,16859028,17412008,19677084
2398,1,812,171,7,595,0,39,90956020,4559524,13653532,128,75592196,,23999584,16436508,25113156,25406772,,2796712,202304,1159880,400628,,5636796,305572,2205024,5506140,,32,32,32,32,,19386404,16898440,17738680,21568672
2402,1,813,172,7,595,0,38,89136648,4817588,13818532,128,75434204,,23915748,14863348,25152624,25204928,,2895100,315168,1088680,518640,,5735576,405664,2134832,5542460,,32,32,32,32,,19386684,16770780,17789816,21486924
2405,1,814,172,7,597,0,38,87399676,6520900,13650996,128,73691048,,23974196,13101928,25138532,25185020,,2824436,201688,1117288,2377488,,5664692,277744,2169096,5539464,,32,32,32,32,,19386488,16873580,17800024,19630956
2409,1,815,172,7,598,0,38,87903440,6535100,13565036,128,73607020,,23921300,13628248,25167704,25186188,,2867700,198876,1102308,2366216,,5708092,174232,2154304,5528408,,32,32,32,32,,19386580,16771800,17817464,19631176
2413,0,816,172,7,599,0,38,87261316,5919668,13750032,128,74173844,,23717632,13153396,25171104,25219184,,3080828,197396,325852,2315592,,5922220,194624,2154492,5478696,,32,32,32,32,,19138596,16792832,18610464,19631952
2417,1,817,171,7,600,0,39,91450548,6320272,13415768,128,73625416,,24007516,17046052,25134120,25262860,,2761420,199228,1078432,2281192,,5602620,196588,2172420,5444140,,32,32,32,32,,19386824,16794560,17810712,19633320
2424,1,818,170,7,601,0,40,88451440,6397648,13506916,128,73709368,,24000972,14116348,25170012,25164108,,2772420,202152,1040000,2383076,,5616588,204988,2135036,5550304,,32,32,32,32,,19389816,16804268,17877792,19637492
2430,1,819,171,7,602,0,39,90733760,7052332,14196884,128,73200048,,23377352,17058908,25131036,25166464,,3397424,197584,1084496,2372828,,6242232,234064,2180320,5540268,,32,32,32,32,,18849688,16834152,17878504,19637704
2434,1,820,171,7,603,0,39,88196488,6917860,14674284,128,73241400,,23928388,14316400,24776904,25174796,,2834956,288892,1424760,2369252,,5679948,930880,2522676,5540780,,32,32,32,32,,19390496,16676996,17532100,19641808
2438,0,821,168,7,604,0,42,88665996,5965592,13051808,128,73688168,,23938024,13789936,25646360,25291676,,2809008,206680,676448,2273456,,5656068,168676,1808332,5418732,,32,32,32,32,,19392552,16772836,17914812,19607968
2600,2,822,174,6,604,0,37,87321456,13661768,21828032,128,67034908,,24116552,12821996,25752692,24630216,,2674092,7468604,611692,2907380,,5581588,8441868,1749252,6055324,,32,32,32,32,,19447992,10692580,17921540,18972796
2606,0,823,171,6,606,0,40,89358612,11873216,20118724,128,68197984,,24142312,14249796,25759336,25207168,,2629188,6306636,599076,2338316,,5539756,7353784,1737848,5487336,,32,32,32,32,,19451056,11266656,17922372,19557900
2609,1,824,156,6,607,0,55,90939332,10511724,18773832,128,69075516,,24116700,15766720,25804672,25251240,,2663264,4991228,562612,2294620,,5573884,6038124,1715480,5446344,,32,32,32,32,,19451204,12074796,17936240,19613276
2613,1,825,157,6,608,0,54,92460096,9124880,17415856,128,70023184,,24065248,17301736,25802252,25290860,,2708420,3598204,563580,2254676,,5619160,4671808,1718160,5406728,,32,32,32,32,,19451272,13020576,17937712,19613624
2616,1,826,157,6,609,0,54,93537256,8048004,16333516,128,70840944,,23870892,18578272,25722972,25365120,,2898268,2327104,653012,2169620,,5809048,3396516,1805892,5322060,,32,32,32,32,,19285828,14150660,17790508,19613948
2620,0,827,156,6,610,0,55,95010768,6497124,14779320,128,72251272,,24077304,19728036,25855348,25350080,,2673568,1175116,491864,2156576,,5584540,2237748,1645780,5311252,,32,32,32,32,,19451512,15246868,17936884,19616008
2623,0,828,156,6,611,0,55,91021896,5811248,13585128,128,73188592,,24088844,15854032,25854328,25224692,,2662056,280396,500092,2368704,,5574120,832876,1654120,5524012,,32,32,32,32,,19452588,16182472,17937000,19616532
2626,1,829,156,6,612,0,55,84369828,20020920,28289920,128,67418204,,24086200,9167304,25926712,25189612,,2655044,14465984,535492,2364400,,5568488,15456336,1710616,5554480,,32,32,32,32,,19453996,10356852,17954316,19653040
2755,1,830,154,6,613,0,57,86401552,17817808,26421964,128,68263672,,24076156,11240148,25875936,25209312,,2642244,12210056,610036,2355472,,5594856,13491520,1788508,5547080,,32,32,32,32,,19491100,11234108,17884448,19654016
2758,1,831,155,6,614,0,56,88310828,15857720,24477600,128,69935080,,24063544,13067820,25948968,25230496,,2653248,10352260,531096,2321116,,5606236,11648744,1709644,5512976,,32,32,32,32,,19491072,12831652,17957572,19654784
2761,1,832,155,6,615,0,56,90119704,14028468,22666368,128,71757612,,24046852,14952608,25942136,25178108,,2667244,8444204,537328,2379692,,5620100,9759872,1714876,5571520,,32,32,32,32,,19491136,14655176,17956596,19654704
2764,0,833,155,6,616,0,56,91932468,12210992,20875660,128,73343068,,24105084,16781396,25905440,25140548,,2605444,6583828,554080,2467640,,5558492,7922320,1733084,5661764,,32,32,32,32,,19491384,16236692,17957996,19656996
2767,1,834,155,6,617,0,56,92675912,11375872,20071140,128,73785900,,24056768,17930396,25905560,24783188,,2653176,5374684,549856,2798156,,5606240,6739004,1729136,5996760,,32,32,32,32,,19491392,17189416,17958292,19146800
2770,1,835,155,6,618,0,56,94244284,9762020,18491748,128,75167300,,24135596,18896956,25907772,25303960,,2560992,4368184,543188,2289656,,5514284,5766148,1722840,5488476,,32,32,32,32,,19491660,18055488,17958540,19661612
2773,0,836,155,6,619,0,56,94533340,9433492,18189112,128,75317052,,24120236,19223904,25910680,25278520,,2570620,4012516,541844,2308512,,5524004,5435960,1721596,5507552,,32,32,32,32,,19491668,18204932,17958632,19661820
2776,0,837,155,6,620,0,56,94589816,9293884,18134456,128,75401652,,24081944,19256024,25969184,25282664,,2621988,3889828,483988,2298080,,5576652,5395632,1665036,5497136,,32,32,32,32,,19492872,18287012,17959936,19661832
2778,1,838,155,6,621,0,56,94544704,8891220,18160896,128,75830624,,24138412,19258780,25935504,25212008,,2533528,3454184,533588,2369920,,5488260,5386764,1714668,5571204,,32,32,32,32,,19492976,18713696,17959932,19664020
2781,1,839,155,6,622,0,56,94501448,8331484,18323024,128,76551408,,24133548,19283364,25916112,25168424,,2632776,2729928,547468,2421312,,5587668,5383564,1729264,5622528,,32,32,32,32,,19493136,19433564,17960800,19663908
2784,1,840,155,6,623,0,56,94578040,7498812,18214932,128,77274452,,24078328,19371196,25938792,25189724,,2685376,1903220,512900,2397316,,5640668,5282396,1691436,5600432,,32,32,32,32,,19493484,20157356,17957808,19665804
2787,1,841,155,6,624,0,56,94439244,7206352,18402148,128,77466200,,24089200,19527112,25920624,24902308,,2680532,1284392,539268,2702160,,5637556,5141464,1718456,5904672,,32,32,32,32,,19495272,20634168,17958464,19378296
2790,0,842,154,6,625,0,57,95075592,8814556,17831144,128,75578772,,24137924,19721312,25972696,25243660,,2649220,3305272,531204,2328860,,5606488,4984772,1708500,5531384,,32,32,32,32,,19495516,18460004,17957144,19666108
2793,0,843,153,6,626,0,58,95071788,8770548,17816504,128,75459408,,24126212,19860020,25824260,25261296,,2637356,3143588,682656,2306948,,5594628,4855892,1856488,5509496,,32,32,32,32,,19495532,18492736,17804996,19666144
2795,1,844,153,6,627,0,58,95279732,8589388,17652728,128,75625360,,24067032,19937536,25961252,25313912,,2718328,3067432,547720,2255908,,5679800,4794132,1719996,5458800,,32,32,32,32,,19499676,18507184,17952020,19666480
2798,0,845,153,6,628,0,58,95316332,8519100,17592944,128,75636060,,24078592,19960044,25962692,25315004,,2705740,3042160,523592,2247608,,5667232,4777172,1698016,5450524,,32,32,32,32,,19499696,18515444,17954444,19666476
2801,0,846,153,6,629,0,58,88546344,15392164,24490300,128,69809156,,24065204,13401876,25826904,25252360,,2728488,9681724,670044,2311908,,5690104,11440460,1844700,5515036,,32,32,32,32,,19499840,12779872,17862760,19666684
2804,0,847,153,6,630,0,58,88029688,15829996,25038488,128,68772316,,23885580,12870284,25961652,25312172,,2908304,10155164,524840,2241688,,5873212,12017620,1702632,5445024,,32,32,32,32,,19349120,11798700,17957580,19666916
2807,1,848,153,6,631,0,58,90151296,13492832,22810432,128,70375076,,24094208,14841540,25942844,25272704,,2606180,8052356,548680,2285616,,5641816,9952256,1727368,5488992,,32,32,32,32,,19573888,13175980,17958288,19666920
2810,1,849,153,6,632,0,58,92176388,9490336,20772468,128,74282828,,24154220,16896448,25965292,25160428,,606152,5949152,532028,2403004,,5570848,7881916,1713116,5606588,,32,32,32,32,,21503004,15152664,17960116,19667044
2813,1,850,153,6,632,0,58,93129016,8296312,19880752,128,75478884,,24091468,18274312,25979784,24783452,,417864,4582012,498508,2797928,,5651084,6538980,1682924,6007764,,32,32,32,32,,21771476,16533080,17963360,19210968
2817,0,851,153,6,634,0,58,94891284,8735816,18134564,128,74764776,,24092736,19535136,25981200,25282212,,2644600,3303224,485284,2302708,,5653148,5294812,1670056,5516548,,32,32,32,32,,19546796,17577060,17963644,19677276
2819,1,852,153,6,635,0,58,95628236,7876048,17348140,128,75468328,,24088892,20289468,25976808,25273068,,2640952,2462404,479044,2293648,,5649648,4526288,1664512,5507692,,32,32,32,32,,19546932,18279624,17964296,19677476
2822,1,853,153,6,636,0,58,95983436,7627468,17061564,128,75872904,,24056712,20758796,25908532,25259396,,2692260,2032380,594936,2307892,,5701324,4059384,1778908,5521948,,32,32,32,32,,19547252,18685416,17962752,19677484
2825,1,854,153,6,637,0,58,96270940,7320472,16786688,128,76023496,,24108388,20918664,25934888,25309000,,2621704,1834560,595464,2268744,,5630940,3894844,1777856,5483048,,32,32,32,32,,19547476,18837124,17961172,19677724
2828,1,855,153,6,638,0,58,96311960,7171200,16672972,128,76059336,,24153648,20990448,25818736,25349128,,2559616,1696888,698152,2216544,,5568944,3794208,1878652,5431168,,32,32,32,32,,19547624,18874188,17959508,19678016
2831,1,856,154,6,639,0,57,96320920,7146728,16664012,128,75797040,,24072428,21009392,25910836,25328264,,2655468,1633688,621840,2235732,,5664916,3749384,1799340,5450372,,32,32,32,32,,19547680,18614336,17957008,19678016
2835,0,857,161,6,640,0,50,97015508,6351544,15911452,128,76117432,,24124608,21759212,25860952,25270736,,2582460,818920,649800,2300364,,5593200,2975384,1827692,5515176,,32,32,32,32,,19549020,18932880,17957480,19678052
2838,0,858,161,6,641,0,50,97142440,6195932,15794844,128,75977204,,24140428,22028612,25753624,25219776,,2562340,503756,782380,2347456,,5573140,2701576,1957888,5562240,,32,32,32,32,,19549084,18974164,17775992,19677964
2841,0,859,171,6,642,0,40,97390968,5905088,15343132,128,75910800,,24105484,22226180,25889200,25170104,,2590868,290516,616352,2407352,,5601800,2324412,1794644,5622276,,32,32,32,32,,19549232,18798048,17885440,19678080
2844,0,860,172,6,643,0,39,97153416,6308424,15535992,128,75399716,,23733688,22284104,25969256,25166368,,2974008,392740,533240,2408436,,5986640,2213440,1710644,5625268,,32,32,32,32,,19181452,18580596,17957684,19679984
2846,1,861,171,6,644,0,40,97457736,5935652,15176864,128,75666680,,24088796,22297548,25884748,25186644,,2600080,343380,590388,2401804,,5612768,2177240,1768188,5618668,,32,32,32,32,,19475456,18593088,17918116,19680020
2850,0,862,171,6,645,0,40,97757964,5633104,14893128,128,75800284,,24114564,22353660,26019448,25270292,,2582704,300672,471376,2278352,,5596696,2154540,1646360,5495532,,32,32,32,32,,19551600,18612728,17955528,19680428
2852,1,863,172,5,646,0,40,92838084,5518220,14991164,128,76019588,,24059944,22355004,21165248,25257888,,2628260,274696,317676,2297588,,5646352,2142176,1687860,5514776,,32,32,32,32,,19555640,18626164,18157328,19680456
2856,1,864,172,5,646,0,40,90895096,5627916,14936836,128,75861536,,24052636,22355380,19175160,25311920,,2618340,425636,329936,2254004,,5636612,2152944,1675840,5471440,,32,32,32,32,,19555812,18485976,18139036,19680712
2859,1,865,172,5,648,0,40,89412760,7751208,16467484,128,73946088,,24046836,22351348,19197376,23817200,,2641748,415348,933860,3760252,,5662224,2145076,1679940,6980244,,32,32,32,32,,19558012,18488640,17541140,18358296
2862,1,866,172,5,649,0,40,90962312,6196572,14918444,128,75274128,,24074916,22363900,19197016,25326480,,2620532,396540,946068,2233432,,5642160,2131984,1690856,5453444,,32,32,32,32,,19559144,18494116,17537700,19683168
2865,0,867,172,5,650,0,40,90983620,6092936,14885360,128,75305480,,24130352,22301076,19200460,25351732,,2558040,451232,925892,2157772,,5581092,2187644,1677092,5439532,,32,32,32,32,,19560568,18459012,17541000,19744900
2867,1,868,172,5,651,0,40,90863984,5777416,15025328,128,75621216,,24128200,22326024,19209436,25200324,,2548540,448384,910480,1870012,,5571468,2184736,1670276,5598848,,32,32,32,32,,19560464,18464228,17548672,20047852
2870,1,869,171,5,652,0,41,91298604,3948732,14668048,128,77240976,,24162720,22460396,19282208,25393280,,2508172,306456,853468,280636,,5531312,2043316,1673500,5419920,,32,32,32,32,,19560712,18471880,17606820,21601564
2873,1,870,171,5,653,0,41,91230400,4025820,14706752,128,77225244,,24063888,22507808,19303784,25354920,,2608872,262776,853504,300668,,5632032,1945628,1675128,5453964,,32,32,32,32,,19560568,18441188,17608244,21615244
2876,1,871,171,5,654,0,41,90127040,4630152,15148480,128,76666252,,24092112,21449616,19241580,25343732,,2562308,764448,964932,338464,,5585652,2310248,1785212,5467368,,32,32,32,32,,19560792,17908096,17606780,21590584
2879,1,872,171,5,655,0,41,90444464,6199136,14849432,128,74809020,,24123772,21563964,19406472,25350256,,2526788,611540,840500,2220308,,5550300,2183576,1657956,5457600,,32,32,32,32,,19560968,17937992,17604012,19706048
2882,0,873,171,5,656,0,41,90218716,5869748,14258588,128,74960524,,24143144,21336852,19386008,25352712,,2487844,322032,860004,2199868,,5511420,1631384,1678404,5437380,,32,32,32,32,,19565880,18083664,17604716,19706264
2885,0,874,171,5,657,0,41,84072648,6057124,14188956,128,74519104,,24126444,15297840,19229012,25419352,,2496148,373444,1068828,2118704,,5519900,1417976,1894564,5356516,,32,32,32,32,,19566096,17816636,17429784,19706588
2887,1,875,170,5,658,0,42,89003300,6057792,13955160,128,74306380,,24071256,20152320,19404720,25375004,,2641616,338252,916088,2161836,,5668836,1146584,1740080,5399660,,32,32,32,32,,19414064,17588732,17596984,19706600
2891,0,876,171,5,659,0,41,85920476,5801540,13320744,128,74102432,,24201312,16940644,19418748,25359772,,2485772,244688,897412,2173668,,5514276,673128,1721640,5411700,,32,32,32,32,,19569740,17215120,17610760,19706812
2894,0,877,171,5,660,0,41,89619036,6086776,13485808,128,73920292,,24222744,20852396,19284168,25259728,,2469896,278096,1037620,2301164,,5498700,584280,1861964,5540864,,32,32,32,32,,19570040,17098368,17543432,19708452
2897,1,878,171,5,661,0,41,83552120,6022708,13437464,128,73991832,,24200060,14704104,19395068,25252888,,2509956,296404,926224,2290124,,5544152,615548,1747800,5529964,,32,32,32,32,,19570652,17109588,17607988,19703604
2900,1,879,171,5,662,0,41,83594904,6082824,13418144,128,73914112,,24166120,14732184,19460600,25236000,,2552288,361852,871056,2297628,,5586640,601892,1692128,5537484,,32,32,32,32,,19570632,17032520,17607340,19703620
2903,1,880,171,5,663,0,41,83294808,6107856,13529732,128,73874572,,24217860,14574124,19294260,25208564,,2485916,276648,1019556,2325736,,5522224,598048,1842216,5567244,,32,32,32,32,,19572500,17112848,17483948,19705276
2906,1,881,171,5,664,0,41,86851888,8337172,15782676,128,71988372,,24175256,20261588,19323348,23091696,,2532972,261780,1007368,4535052,,5569360,606900,1830668,7775748,,32,32,32,32,,19572644,17133092,17469760,17812876
2909,1,882,170,5,665,0,42,84766132,6100932,13517092,128,73751356,,24195096,15990168,19493440,25087428,,2516480,290468,822112,2471872,,5554984,603412,1645840,5712856,,32,32,32,32,,19574728,17100852,17609848,19465928
2912,1,883,170,5,666,0,42,83079996,5918912,13367308,128,74025800,,24149360,14165732,19478028,25286876,,2568220,260764,819232,2270696,,5606832,604016,1644504,5511956,,32,32,32,32,,19574780,17133332,17611484,19706204
2915,0,884,170,5,667,0,42,91009868,5951872,13415900,128,74042612,,24110256,22109280,19504560,25285772,,2621164,249072,810896,2270740,,5663444,599828,1640492,5512136,,32,32,32,32,,19578432,17142064,17615820,19706296
2918,0,885,169,5,668,0,43,82805488,5358080,13260720,128,74481684,,24154296,13800804,19517128,25333260,,2565892,213400,821440,1757348,,5611040,552140,1651416,5446124,,32,32,32,32,,19581268,17130316,17616112,20153988
2921,0,886,169,5,669,0,43,88270428,4048596,13370880,128,75899684,,24066336,19138072,19528868,25537152,,2660628,223584,800076,364308,,5706912,540788,1639456,5483724,,32,32,32,32,,19582340,17109760,17625416,21582168
2924,1,887,168,5,670,0,44,89757820,4730892,14180544,128,75250404,,24192448,20291004,19464476,25809892,,2528744,1026880,872068,303200,,5583200,1415052,1711648,5470644,,32,32,32,32,,19590936,16403856,17625452,21630160
2927,2,888,168,5,670,0,44,86735956,3859700,13442712,128,75967812,,24230196,17364664,19539436,25601660,,2469384,293216,823720,273380,,5526112,778760,1666440,5471400,,32,32,32,32,,19593244,17084196,17628700,21661672
2931,1,889,167,5,672,0,45,83043280,5799580,13286876,128,73967480,,24224736,13952844,19548264,25317436,,2463548,315644,799204,2221184,,5521480,648884,1644052,5472460,,32,32,32,32,,19594476,17025060,17630924,19717020
2934,1,890,169,5,673,0,43,84784736,6359068,13915784,128,73697436,,23670784,16225280,19576764,25311908,,3029536,331820,769868,2227844,,6087400,726176,1621384,5480824,,32,32,32,32,,19167980,17173184,17637548,19718724
2937,0,891,169,5,674,0,43,86863684,6017268,14108688,128,74247236,,23676468,18298796,19574696,25313724,,3042412,346572,407184,2221100,,6100412,907428,1624500,5476348,,32,32,32,32,,19168288,17350484,18007472,19720992
2940,1,892,169,5,675,0,43,84808452,5754968,14217496,128,74553752,,23687852,13463152,22342056,25315392,,3033144,272728,234556,2214540,,6093336,900328,1754036,5469796,,32,32,32,32,,19170516,17411640,18250592,19721004
2943,1,893,169,5,675,0,43,88986076,6643352,14097324,128,73608328,,23654956,17537736,22439128,25354256,,3072832,307688,1084284,2178548,,6133044,844540,1685372,5434368,,32,32,32,32,,19172868,17326032,17387912,19721516
2946,1,894,169,5,677,0,43,90409072,5990424,13445824,128,74018656,,24234736,18332008,22449144,25393184,,2457228,336488,1058588,2138120,,5519696,872200,1659940,5393988,,32,32,32,32,,19589776,17319004,17388320,19721556
2949,1,895,169,5,678,0,43,88712680,6108736,13485824,128,73953404,,24230852,16740616,22414080,25327132,,2454204,358188,1090652,2205692,,5516720,812084,1695432,5461588,,32,32,32,32,,19599088,17241044,17391720,19721552
2952,1,896,169,5,679,0,43,83140388,8295548,15466092,128,71769320,,24234832,13360172,22320040,23225344,,2450908,342336,1199632,4302672,,5518796,569240,1819352,7558704,,32,32,32,32,,19604452,17019512,17343088,17802268
2955,1,897,169,5,680,0,43,83502592,7636988,14900292,128,72348492,,24259280,13037184,22377332,23828796,,2432528,279864,1171232,3753364,,5501440,577688,1809860,7011304,,32,32,32,32,,19605476,17088236,17362740,18292040
2958,1,898,170,5,681,0,42,88699040,6185264,13411632,128,73806740,,24260312,16711448,22477200,25250080,,2423892,350892,1086232,2324248,,5493080,606612,1729732,5582208,,32,32,32,32,,19605756,17046880,17430524,19723580
2962,0,899,170,5,682,0,42,86729168,6181168,13592264,128,73874696,,24235876,14824204,22418256,25250832,,2453784,287544,1130672,2309168,,5523108,722184,1779352,5567620,,32,32,32,32,,19605848,17109024,17435720,19724104
2965,0,900,169,5,683,0,43,88710916,6227304,13581756,128,73784960,,24249564,16460856,22806280,25194216,,2431116,349304,1081532,2365352,,5500480,725836,1730236,5625204,,32,32,32,32,,19605884,17048996,17404664,19725416
2968,0,901,169,5,684,0,43,85544064,6279840,13691260,128,73710132,,23975824,13380704,22879432,25308104,,2705252,310868,1010192,2253528,,5774680,746112,1659692,5510776,,32,32,32,32,,19444880,17105204,17436924,19723124
2971,0,902,169,5,685,0,43,87123708,6199860,13526368,128,73791376,,24137732,14839908,22863720,25282348,,2533592,330580,1018484,2317204,,5603168,732340,1665088,5525772,,32,32,32,32,,19606088,17077192,17433960,19674136
2973,1,903,169,5,686,0,43,85719580,6118052,13396856,128,73752572,,24133764,13342628,22944600,25298588,,2522696,331272,969932,2294152,,5592944,677856,1623320,5502736,,32,32,32,32,,19606424,17031188,17440812,19674148
2976,1,904,169,5,687,0,43,90986028,5996152,13184628,128,73666584,,24192688,18529532,22971460,25292348,,2437924,302664,942460,2313104,,5507740,556556,1598180,5522152,,32,32,32,32,,19606292,16942604,17443096,19674592
2979,1,905,169,5,688,0,43,86212760,6254060,13406820,128,73352748,,24185312,14072388,22606556,25348504,,2472112,239864,1306132,2235952,,5541944,458000,1961972,5444904,,32,32,32,32,,19606300,16936436,17135516,19674496
2982,1,906,169,5,689,0,43,84351144,5996356,12948544,128,73391820,,24240876,11890976,22853372,25365920,,2407432,267656,1095572,2225696,,5478608,281344,1753712,5434880,,32,32,32,32,,19607700,16806672,17302732,19674716
2985,1,907,167,5,690,0,45,86125148,6272772,13215292,128,73084900,,23856052,13905908,22980052,25383136,,2769676,308464,977192,2217440,,5843664,305044,1636216,5430368,,32,32,32,32,,19169964,16790428,17446048,19678460
2988,0,908,168,5,691,0,44,86833612,5947684,12965240,128,73533772,,24212300,14313820,22984832,25322660,,2408808,284096,985616,2269164,,5482812,352336,1647832,5482260,,32,32,32,32,,19543804,16862048,17449356,19678564
2991,0,909,169,5,692,0,43,85034044,5804520,13165768,128,73767860,,24045976,12711724,22995480,25280864,,2566684,252464,662916,2322456,,5643292,346960,1639992,5535524,,32,32,32,32,,19437400,16887704,17764248,19678508
2994,0,910,170,5,693,0,42,86048964,5808024,13460048,128,73806052,,24105192,14029600,22962984,24951188,,2525376,276632,349492,2656524,,5606472,336828,1643212,5873536,,32,32,32,32,,19531664,16853176,18080744,19340468
2997,1,911,168,5,694,0,44,86031260,5189440,13075568,128,74464460,,24217504,13502328,22968444,25342984,,2414028,244376,286772,2244264,,5548288,406828,1656692,5463760,,32,32,32,32,,19669204,16955316,18154824,19685116
3001,1,912,167,5,695,0,45,90237212,3217212,13267084,128,76412484,,24201268,17712496,22895604,25427844,,366892,355572,342692,2152056,,5608240,565524,1719348,5373972,,32,32,32,32,,21776560,16841216,18107156,19687552
3004,1,913,167,5,696,0,45,90784540,3851016,12970480,128,75549780,,24247348,18303340,22916156,25317696,,363504,244488,990724,2252300,,5527036,257688,1706004,5479752,,32,32,32,32,,21698244,16805748,17474652,19571136
3008,1,914,175,3,697,0,39,90301040,6317536,13309224,128,73183232,,24183624,18222016,22463192,25432208,,2516884,241012,1441224,2118416,,5601956,204192,2156964,5346112,,32,32,32,32,,19619828,16754936,17120140,19688328
3012,1,915,175,3,698,0,39,89661728,5892224,12894392,128,73583416,,24259924,17213428,22922944,25265432,,2447008,202816,958880,2283520,,5533416,165024,1684688,5511264,,32,32,32,32,,19621192,16761072,17512844,19688308
3017,1,916,174,3,699,0,40,91175544,5913800,12903708,128,73457604,,24182088,18777112,22944232,25272112,,2508552,199168,910532,2295548,,5595832,142892,1638376,5526608,,32,32,32,32,,19505712,16745420,17514980,19691492
3027,1,917,174,3,700,0,40,86097900,5741316,12753856,128,73458668,,24217488,13455844,23040196,25384372,,2494176,212012,882876,2152252,,5581728,180276,1607820,5384032,,32,32,32,32,,19622664,16643464,17500216,19692324
3032,0,918,174,3,701,0,40,85325576,6990548,14321728,128,72341600,,24223056,13822344,23101816,24178360,,2479184,264468,823524,3423372,,5566788,504328,1573400,6677212,,32,32,32,32,,19622636,16529364,17536784,18652816
3084,1,919,169,3,702,0,45,82669732,19769088,27791060,128,66651316,,24265232,9270068,23410096,25724336,,2371696,14210772,1231844,1954776,,5452712,15194188,1960576,5183584,,32,32,32,32,,19615076,10190392,17165520,19680328
4033,1,920,129,1,756,53,34,83751620,19110412,27234928,128,67034700,,24359644,10015104,23648424,25728448,,2529076,13651692,993380,1936264,,5567736,14771412,1730484,5165296,,32,32,32,32,,19565268,10388688,17400176,19680568
4037,1,921,131,1,757,47,32,82343800,23444132,31854904,128,62778920,,24099080,8650716,23832680,25761324,,2862952,17855012,810788,1915380,,5903088,19233868,1571220,5146728,,32,32,32,32,,19215788,6329492,17550800,19682840
4043,1,922,130,23,736,45,33,81615156,26232004,34724112,128,59697864,,24427264,7632024,23863152,25692716,,2545436,20937856,792684,1956028,,5585824,22380488,1564248,5193552,,32,32,32,32,,19567044,2880236,17561596,19688988
4049,1,923,130,31,729,29,33,83598492,24163268,32727244,128,60847604,,24488660,9578312,23852732,25678788,,2447060,18948756,793844,1973608,,5489736,20456116,1570252,5211140,,32,32,32,32,,19569396,4022824,17566396,19688988
4053,1,924,130,31,730,29,33,85434368,22263552,30844392,128,62397416,,24472268,11454368,23819708,25688024,,2462604,17032644,816132,1952172,,5509532,18548152,1594452,5192256,,32,32,32,32,,19573628,5563928,17568320,19691540
4056,1,925,130,32,730,29,33,86961900,20711420,29326580,128,63704468,,24439072,12930088,23831376,25761364,,2509016,15513260,810780,1878364,,5556032,17062380,1589708,5118460,,32,32,32,32,,19573688,6870236,17568928,19691616
4059,1,926,130,32,731,28,33,88929416,18677660,27309976,128,65535188,,24446248,14957592,23799208,25726368,,2502744,13458516,825172,1891228,,5549796,15022308,1606544,5131328,,32,32,32,32,,19573700,8698604,17571276,19691608
4063,0,927,130,32,732,28,33,90186088,17463436,26108892,128,66756500,,24435184,16253296,23833568,25664040,,2520456,12180716,796312,1965952,,5569716,13754580,1578384,5206212,,32,32,32,32,,19575888,9916972,17571912,19691728
4066,0,928,130,32,733,28,33,89793176,17989764,26642068,128,66522932,,24138704,17402280,23839708,24412484,,2813364,11053728,811176,3311496,,5863004,12632116,1596404,6550544,,32,32,32,32,,19226256,11063832,17574916,18657928
4069,0,929,128,32,734,28,35,91240252,16560428,25218800,128,67796884,,24516572,18434088,23652812,24636780,,2423300,10037536,1012448,3087144,,5473164,11620848,1798384,6326404,,32,32,32,32,,19577248,12001860,17322028,18895748
4071,1,930,128,32,735,24,35,92616908,15155824,23828580,128,69037504,,24515484,19287020,23959828,24854576,,2421204,9187560,702296,2844764,,5471208,10779192,1493304,6084876,,32,32,32,32,,19577436,12847524,17566404,19046140
4074,1,931,129,32,736,24,34,93749792,14027400,22724040,128,70116396,,24522696,20123204,24007288,25096604,,2415376,8345496,652524,2614004,,5465400,9953948,1448680,5856012,,32,32,32,32,,19577456,13694644,17585780,19258516
4077,1,932,129,32,737,24,34,94714360,13010652,21722032,128,71023684,,24409356,20936808,24057448,25310748,,2517792,7516300,605228,2371332,,5567956,9137404,1401712,5614960,,32,32,32,32,,19513648,14536400,17586152,19387484
4080,1,933,130,32,738,23,33,96425556,11293536,20065652,128,72550596,,24553408,22148916,23937856,25785376,,2400508,6315936,699760,1877332,,5450700,7993836,1499740,5121376,,32,32,32,32,,19577624,15759096,17514404,19699472
4083,1,934,130,32,739,23,33,97085912,7838684,19518004,128,76175620,,24128592,23121184,24074160,25761976,,1278552,5324668,589132,646332,,5877308,7090604,1391472,5158620,,32,32,32,32,,20917004,16699288,17592024,20967304
4086,2,935,130,32,740,23,33,98592148,5646568,18155492,128,78183596,,24457416,24183624,24133648,25817460,,541760,4222948,514364,367496,,5555252,6022204,1323216,5254820,,32,32,32,32,,21545464,17695440,17602620,21340072
4090,3,936,130,33,740,22,33,92897568,15032940,23952308,128,69793432,,24398172,18685932,24112868,25700596,,2554008,9963532,533320,1982080,,5595692,11790548,1342768,5223300,,32,32,32,32,,19573000,12920708,17603320,19696404
4095,1,937,130,37,737,19,33,85623112,22527008,31485636,128,62955840,,24504092,11313296,24107076,25698648,,2418616,17580616,562800,1964976,,5461636,19444684,1373040,5206276,,32,32,32,32,,19574436,6085716,17604104,19691584
4099,1,938,130,41,734,18,33,83297732,25244096,34269124,128,61108408,,24469800,8988068,24140692,25699172,,2454476,20290592,528136,1970892,,5497664,22213932,1340992,5216536,,32,32,32,32,,19569756,4235980,17606744,19695928
4104,0,939,133,47,726,4,33,84587588,24275548,33410752,128,61492380,,24472312,10054376,24414896,25646004,,2458952,19153728,601500,2061368,,5504344,21181920,1415588,5308900,,32,32,32,32,,19571972,4735056,17487608,19697744
4108,0,940,133,50,723,4,34,87151880,21389856,30555100,128,62710564,,24551516,12390540,24525452,25684372,,2363296,16539312,484708,2002540,,5408972,18594104,1299692,5252332,,32,32,32,32,,19572232,5829356,17608960,19700016
4111,0,941,134,49,724,4,34,87733660,20777296,29965324,128,63132820,,24521472,13582944,24517160,25112084,,2390152,15340724,496032,2550388,,5440128,17413960,1311832,5799404,,32,32,32,32,,19576404,6847748,17609692,19098976
4114,1,942,132,49,725,4,36,89435308,19076736,28282224,128,64783208,,24376088,14781388,24510760,25767072,,2549580,14133928,489848,1903380,,5599540,16223956,1306036,5152692,,32,32,32,32,,19472448,8005440,17610084,19695236
4117,0,943,134,48,726,4,35,90735072,17732352,26952908,128,65897208,,24367832,16031452,24512380,25823408,,2539580,12883464,486132,1823176,,5589684,14988236,1302564,5072424,,32,32,32,32,,19477760,9108604,17610368,19700476
4120,0,944,134,48,727,4,35,92088444,16402280,25636120,128,67100988,,24346480,17413188,24514204,25814572,,2570600,11514360,488980,1828340,,5622772,13628720,1306560,5078068,,32,32,32,32,,19485048,10303848,17611408,19700684
4123,0,945,134,48,728,4,35,93627060,14856012,24095404,128,68723588,,24365608,19385344,24486112,25389996,,2544876,9518512,521348,2271276,,5597184,11637812,1339268,5521140,,32,32,32,32,,19498356,12223592,17611744,19389896
4126,1,946,134,48,729,4,35,95871896,12581904,21836692,128,71072336,,24543156,21617516,24444692,25266532,,2345864,7283072,564816,2388152,,5399556,9411440,1386948,5638748,,32,32,32,32,,19580108,14452124,17615756,19424348
4129,0,947,136,48,730,2,33,97056184,11426636,20690832,128,72301212,,24089972,23188708,24461908,25315596,,2806868,5687460,576252,2356056,,5860564,7824380,1399016,5606872,,32,32,32,32,,19259104,15931200,17616456,19494452
4132,0,948,136,48,731,1,33,98677944,9743656,19015328,128,73895536,,24517084,24188180,24448708,25523972,,2338104,4693992,568820,2142740,,5392008,6835100,1394072,5394148,,32,32,32,32,,19580324,16994824,17618876,19701512
4135,0,949,136,48,732,1,33,99663612,6821772,18011928,128,76787324,,24526996,25164972,24432884,25538760,,414292,3693664,588872,2124944,,5370868,5848744,1414660,5377656,,32,32,32,32,,21483012,17982060,17619436,19702816
4138,1,950,136,48,733,1,33,100479456,5885516,17222352,128,77723660,,24529016,25951696,24305676,25693068,,325348,2871116,741528,1947524,,5406436,5047176,1568096,5200644,,32,32,32,32,,21607104,18793088,17620108,19703360
4142,1,951,136,48,733,1,33,100749552,7686584,16982904,128,75844184,,24415688,26118228,24446740,25768896,,2572712,2676324,587296,1850252,,5590924,4874144,1414364,5103472,,32,32,32,32,,19544460,18975420,17620804,19703500
4145,1,952,136,48,735,1,33,100734988,7729820,17043612,128,75861484,,24410332,26106260,24500616,25717780,,2575180,2666216,533080,1955344,,5593400,4880720,1360716,5208776,,32,32,32,32,,19544460,18991972,17621444,19703608
4148,0,953,136,48,736,1,33,100706612,7741240,17074584,128,75880812,,24401160,26113436,24489844,25702172,,2590284,2651248,534208,1965500,,5610704,4880736,1364200,5218944,,32,32,32,32,,19546664,19006756,17623772,19703620
4151,1,954,136,48,737,1,33,95498956,12998676,22352064,128,71179816,,24428404,20852324,24491412,25726816,,2577344,7975008,521724,1924600,,5597884,10224080,1351808,5178292,,32,32,32,32,,19546844,14305232,17623868,19703872
4155,1,955,136,48,738,1,33,85629632,23022504,32412180,128,61957896,,24466252,10883764,24520992,25758624,,2521956,18111304,505044,1884200,,5547784,20380748,1343372,5140276,,32,32,32,32,,19552160,5067304,17632176,19706256
4158,1,956,138,47,739,1,32,81458940,22519312,32298496,128,62276760,,24462552,11415868,19983456,25597064,,2516932,17657368,269824,2075188,,5542916,20017344,1404328,5333908,,32,32,32,32,,19552316,5162580,17926124,19635740
4162,1,957,138,47,739,1,32,84354280,19579140,29606512,128,62926816,,24457724,14069372,20140244,25686940,,2551532,14718732,310468,1998408,,5579712,17155408,1610224,5261168,,32,32,32,32,,19554508,5818688,17840824,19712796
4165,1,958,137,47,741,1,33,85731940,18690952,28140072,128,63533144,,24331720,15333244,20388804,25678172,,2641636,13426416,623284,1999616,,5669784,15868288,1339412,5262588,,32,32,32,32,,19355668,6983480,17481000,19712996
4168,1,959,137,47,742,1,33,87658032,16740756,26205556,128,65443500,,24501168,17443432,20410916,25302516,,2486228,11296832,605756,2351940,,5517776,13749712,1323500,5614568,,32,32,32,32,,19557976,9085284,17510916,19289324
4171,1,960,135,47,743,1,35,89927772,14455712,23936708,128,67746316,,24391648,19422964,20405544,25707616,,2590220,9307416,611772,1946304,,5623992,11769316,1331836,5211564,,32,32,32,32,,19501164,11033488,17511804,19699860
4174,1,961,136,47,744,1,34,91986460,12359100,21877756,128,69781972,,24122052,21643360,20426920,25794128,,2853676,7061580,591080,1852764,,5918624,9532152,1308632,5118348,,32,32,32,32,,19333212,13223084,17508724,19716952
4177,1,962,136,47,745,1,34,92674600,7574492,19270104,128,74434628,,24455724,23646636,18721136,25851104,,434476,5040840,305024,1794152,,5378496,7520500,1307112,5063996,,32,32,32,32,,21726148,15194412,17792896,19721172
4180,1,963,136,47,745,1,34,95708636,6062508,17832360,128,75838524,,24772776,25110268,19973076,25852516,,375212,3560064,339104,1788128,,5398456,6048820,1326832,5058252,,32,32,32,32,,21711692,16626744,17778680,19721408
4183,2,964,136,47,747,1,34,97522960,5178388,17134152,128,77197400,,24771456,26394884,20717012,25639608,,509460,2234152,393060,2041716,,5578744,4742360,1499104,5313944,,32,32,32,32,,21589540,17987840,17896752,19723268
4189,1,965,136,47,748,1,34,99066944,4210164,15706092,128,77976436,,24851960,27649400,20985640,25579944,,343420,945148,810448,2111148,,5477892,3493580,1351080,5383540,,32,32,32,32,,21654988,19266972,17331104,19723372
4192,1,966,136,47,748,1,34,97076644,4285440,16057556,128,78058816,,22916232,27691944,21024576,25443892,,429688,861888,776444,2217420,,5775848,3431068,1357280,5493360,,32,32,32,32,,21896932,19342236,17371252,19448396
4198,1,967,136,47,750,1,34,96875732,4003872,15908000,128,78455924,,22437748,27708136,20976712,25753136,,397500,842292,876832,1887248,,5859112,3421764,1463996,5163128,,32,32,32,32,,22019312,19352420,17358336,19725856
4202,0,968,137,47,751,1,33,97137828,3856932,15444104,128,78460872,,22470436,27721900,21099780,25845712,,455512,834740,782508,1784172,,5566920,3414580,1402216,5060388,,32,32,32,32,,21971888,19352668,17410116,19726200
4205,1,969,137,47,752,1,33,91977664,8744732,20795332,128,78144312,,22470804,22655052,21077076,25774732,,388476,6201400,299540,1855316,,5773220,8504920,1385468,5131724,,32,32,32,32,,22040564,18516708,17876400,19710640
4208,1,970,137,49,750,1,33,76965044,25410676,35353268,128,62918800,,22437180,8038092,20631148,25858624,,1742384,21636808,268668,1762816,,5898656,23051316,1363796,5039500,,32,32,32,32,,20710128,4595764,17886308,19726600
4212,1,971,138,46,754,3,33,78326624,26117860,34972248,128,62079856,,22180324,8869124,21437860,25839316,,3317340,20971052,836980,992488,,6140916,22387172,1378388,5065772,,32,32,32,32,,19101624,5121912,17333120,20523200
4216,0,972,138,46,755,3,33,80937444,22774380,32088944,128,64236708,,22527604,11020340,21445620,25943880,,2971632,18563212,814132,425404,,5796404,19985784,1363388,4943368,,32,32,32,32,,19381748,6309144,17340792,21205024
4219,1,973,138,46,755,3,33,83311528,20625460,30167684,128,65933372,,22176400,13491956,21409884,26233288,,3291860,16062736,851668,419196,,6118332,17486468,1427556,5135328,,32,32,32,32,,19021436,8415068,17333712,21163156
4223,0,974,137,46,757,3,34,85507888,19283796,27535872,128,67219468,,22582316,15630888,21557884,25736800,,2840260,13919584,612388,1911564,,5672080,15345368,1332648,5185776,,32,32,32,32,,19388540,10596072,17511188,19723668
4226,1,975,139,46,758,3,32,87741580,16722260,25269500,128,69737528,,22615872,17859228,21540024,25726456,,2788020,11680556,324664,1929020,,5619832,13106500,1339652,5203516,,32,32,32,32,,19388552,12819404,17805652,19723920
4229,2,976,139,46,759,3,32,90257152,14540508,22735420,128,71881640,,22589844,20411772,21531536,25724000,,2823744,9099304,690432,1927028,,5655784,10529348,1348580,5201708,,32,32,32,32,,19388700,15320384,17448428,19724128
4233,1,977,139,46,760,3,32,91663832,13087544,21305520,128,73269560,,22565408,21766552,21542044,25789828,,2844920,7733712,670880,1838032,,5684640,9166868,1341216,5112796,,32,32,32,32,,19396272,16688412,17460632,19724244
4236,1,978,139,46,761,3,32,92401524,12423044,20640068,128,73969628,,22540624,22413808,21620464,25826628,,2868808,7094564,660692,1798980,,5708700,8526828,1328496,5076044,,32,32,32,32,,19396284,17388660,17458108,19726576
4239,1,979,139,46,762,2,32,93239564,11562404,19787380,128,74792820,,22562664,23229312,21609192,25838396,,2847056,6282864,654040,1778444,,5687196,7721992,1322652,5055540,,32,32,32,32,,19396436,18210828,17458924,19726632
4242,1,980,139,46,763,2,32,92843052,12052076,20289872,128,74596224,,22580100,23218404,21613848,25430700,,2862240,6285140,643992,2260704,,5704604,7724532,1318820,5541916,,32,32,32,32,,19398628,18211020,17465128,19521448
4245,1,981,139,46,764,2,32,93062540,11874964,20119964,128,74793588,,22656452,23219948,21601504,25584636,,2774748,6287820,692772,2119624,,5618416,7729176,1371428,5400944,,32,32,32,32,,19399952,18212908,17449992,19730736
4248,1,982,140,46,765,2,31,93098232,11833872,20091804,128,74825192,,22654176,23210304,21673812,25559940,,2770068,6289652,645836,2128316,,5618444,7731320,1332428,5409612,,32,32,32,32,,19404552,18213132,17476784,19730724
4251,0,983,140,46,766,2,31,92668764,11499496,20173352,128,75241024,,22641796,23220080,21263020,25543868,,2796132,6278568,277064,2147732,,5646936,7720404,1376768,5429244,,32,32,32,32,,19406960,18213300,17889824,19730940
4254,1,984,140,46,766,2,31,91124624,11579404,20191632,128,75079704,,22618672,23203944,19727068,25574940,,2835772,6287100,382948,2073584,,5686720,7729012,1416636,5359264,,32,32,32,32,,19407092,18213312,17824836,19634464
4257,1,985,139,46,768,2,32,91238120,11876564,20042220,128,74679528,,22624196,23216676,19634960,25762288,,2872652,6279868,834460,1889584,,5726288,7721948,1418636,5175348,,32,32,32,32,,19355592,18213480,17374936,19735520
4260,1,986,139,46,769,2,32,84221704,18994372,27174196,128,68705016,,22525892,16240956,19639244,25815612,,2991832,13353528,811692,1837320,,5845488,14797748,1407592,5123368,,32,32,32,32,,19303840,12278900,17386616,19735660
4264,1,987,141,45,770,1,31,76581072,26966704,35160292,128,61950544,,22591408,8520364,19715784,25753516,,2942664,21393612,729896,1900532,,5796532,22835312,1341872,5186576,,32,32,32,32,,19374376,5437852,17402736,19735580
4267,1,988,142,44,771,1,31,79147532,23940884,32291728,128,63394672,,22526320,11086596,19717288,25817328,,2863256,18503964,739120,1834544,,5871124,19947832,1351928,5120844,,32,32,32,32,,19564536,6690736,17403508,19735892
4271,1,989,142,44,772,1,31,81219000,19216912,30152104,128,67313368,,22581540,13140068,19688540,25808852,,713040,16417552,238764,1847556,,5792032,17873788,1352188,5134096,,32,32,32,32,,21635888,8037260,17904108,19736112
4276,2,990,142,44,772,1,31,83878016,15597600,26506256,128,70997572,,22139260,17241376,18663100,25834280,,1146432,12297868,333456,1819844,,6257336,13758684,1383580,5106656,,32,32,32,32,,21324108,12096008,17841112,19736344
4280,2,991,141,44,774,1,32,86721648,14887868,23733528,128,71596508,,22711528,19811476,18471048,25727596,,2758648,9713576,488188,1927456,,5644840,11175692,1698592,5214404,,32,32,32,32,,19443860,14595132,17821056,19736460
4285,0,992,140,44,775,1,33,88575564,13700112,21901748,128,72413364,,22691200,21681800,18457672,25744892,,2783912,7816612,1165272,1934316,,5670244,9281300,1724648,5225556,,32,32,32,32,,19444004,16281848,16946772,19740740
4288,1,993,139,44,776,1,34,92462584,11752496,20342172,128,74254016,,22682820,22826988,21216240,25736536,,2791228,6672800,349828,1938640,,5677704,8141868,1290620,5231980,,32,32,32,32,,19444148,17335152,17731908,19742808
4292,1,994,139,44,777,1,34,93022016,10713412,19446452,128,75290936,,22603104,23818556,20770940,25829416,,2909692,5680096,303948,1819676,,5796212,7157700,1380288,5112252,,32,32,32,32,,19444052,18245468,17858220,19743196
4295,1,995,139,44,778,1,34,93268212,10470124,19277216,128,75374616,,22591840,23889980,20904316,25882076,,2928108,5591956,811656,1138404,,5814636,7071308,1328376,5062896,,32,32,32,32,,19444056,18247156,17308300,20375104
4298,1,996,139,44,779,1,34,93542584,9047056,19232652,128,76749948,,22601808,23970780,20933056,26036940,,2929688,5517624,267752,331992,,5810640,6998504,1336268,5087240,,32,32,32,32,,19438440,18248408,17859868,21203232
4301,1,997,139,44,780,1,34,93178224,8947256,19574252,128,76831836,,22706760,24098408,20928720,25444336,,2823348,5380604,358984,384320,,5708944,6861972,1344584,5658752,,32,32,32,32,,19443080,18248720,17776880,21363156
4304,1,998,139,44,781,1,34,93476716,10432192,19091960,128,75123640,,22722316,24292728,20937240,25524432,,2809604,5187096,335896,2099596,,5696540,6669748,1322408,5403264,,32,32,32,32,,19444248,18249860,17777776,19651756
4307,1,999,139,44,782,1,34,93582520,10752808,18973092,128,74745220,,22720404,24362432,20924864,25574820,,2788304,5110452,814792,2039260,,5675408,6594644,1359912,5343128,,32,32,32,32,,19444576,18251376,17336172,19713096
4310,1,1000,139,44,783,1,34,93624472,10783008,19017900,128,74678568,,22599224,24498308,20942724,25584216,,2912488,4959240,844444,2066836,,5799624,6445312,1400880,5372084,,32,32,32,32,,19348784,18253128,17347416,19729240
4313,1,1001,140,44,784,1,33,88014628,16283132,24710308,128,69823048,,22631420,18721836,20973032,25688340,,2686260,10834684,833192,1928996,,5757876,12322868,1393540,5236024,,32,32,32,32,,19629144,13086392,17351320,19756192
4317,0,1002,141,43,785,1,33,80283380,20514904,32676004,128,66312076,,22708968,10807380,20956088,25810944,,512976,19032228,273544,696156,,5643780,20522660,1413416,5096148,,32,32,32,32,,21688264,5843596,17930844,20849372
4320,2,1003,141,43,786,1,33,83057308,17278052,29710192,128,67867904,,22710600,13460528,20962756,25923424,,496460,16078632,260672,442288,,5655508,17578112,1392528,5084044,,32,32,32,32,,21716536,7138728,17922792,21089848
4324,1,1004,141,43,787,1,33,85039324,16290624,28778676,128,68868796,,22168900,14965376,22040140,25864908,,1023024,14552860,268992,445748,,6182168,16056420,1388372,5151716,,32,32,32,32,,21294600,8510928,17910444,21152824
4328,1,1005,141,43,788,1,33,87587088,13539856,26492228,128,71637300,,22557284,17647868,21513392,25868544,,643124,11852956,655460,388316,,5806488,13357056,2256524,5072160,,32,32,32,32,,21656908,11135992,17714028,21130372
4333,0,1006,141,43,789,1,33,91659504,13991136,22418708,128,70824908,,22595008,20803908,22424472,25836116,,2808516,8672780,740172,1769668,,5750116,10180392,1417628,5070572,,32,32,32,32,,19499052,14177480,17398492,19749884
4336,1,1007,141,43,790,1,33,93393200,12278468,20714388,128,72542060,,22644896,22601268,22478440,25668596,,2765944,6865084,660232,1987208,,5708752,8374276,1339304,5292056,,32,32,32,32,,19500212,15990280,17470084,19581484
4339,1,1008,141,43,791,1,33,94686084,11026728,19459780,128,73846264,,22669604,23732244,22492632,25791604,,2734664,5732372,680352,1879340,,5677656,7242976,1354992,5184156,,32,32,32,32,,19500440,17126472,17465632,19753720
4342,1,1009,141,43,792,1,33,95390136,9650340,18771356,128,75197804,,22726976,24726500,22197924,25738736,,2680628,4738848,959876,1270988,,5623772,6251072,1647708,5248804,,32,32,32,32,,19500692,18107304,17163148,20426660
4345,1,1010,140,43,793,1,34,95977320,8453212,18272836,128,76377396,,22706056,24936992,22534504,25799768,,2696204,4511496,629696,615816,,5639404,6024844,1322024,5286564,,32,32,32,32,,19500704,18279952,17478136,21118604
4348,2,1011,140,43,793,1,34,96183752,8335800,18260424,128,76485712,,22638404,24999420,22535216,26010712,,2774240,4445628,600284,515648,,5717592,5960708,1296648,5285476,,32,32,32,32,,19500748,18281628,17487064,21216272
4352,1,1012,140,43,795,1,34,96317328,8205580,18020020,128,76480300,,22611736,25006036,22539760,26159796,,2783652,4438916,631744,351268,,5727144,5954488,1325292,5013096,,32,32,32,32,,19500892,18282072,17484208,21213128
4355,2,1013,140,43,795,1,34,95971752,9678644,18159616,128,74977776,,22509332,25019240,22561668,25881512,,2893804,4426096,590996,1767748,,5837528,5943692,1298768,5079628,,32,32,32,32,,19434936,18283912,17498336,19760592
4359,1,1014,139,43,797,1,35,95985200,9589388,18135680,128,75108980,,22626524,25023144,22573216,25762316,,2713776,4422620,562336,1890656,,5709708,5941136,1282324,5202512,,32,32,32,32,,19553240,18284792,17510436,19760512
4362,1,1015,140,43,798,1,34,95973996,7855752,18269988,128,76974356,,22690816,25066316,22565020,25651844,,875144,4371836,583928,2024844,,5739172,5893584,1300428,5336804,,32,32,32,32,,21421328,18285652,17506932,19760444
4365,2,1016,139,43,799,1,35,83282412,21001092,31818032,128,65547908,,23174244,11954820,22534016,25619332,,469192,17844756,615308,2071836,,5715864,19375844,1340524,5385800,,32,32,32,32,,21804792,6465152,17515512,19762452
4373,1,1017,141,41,800,1,35,85020584,20830216,29175796,128,64147768,,22567572,14187128,22503080,25762804,,2991620,15305988,643036,1889572,,5754288,16843612,1372540,5205356,,32,32,32,32,,19325424,7538220,17519760,19764364
4376,1,1018,143,41,801,1,33,86702776,19136804,27484824,128,65570608,,22767544,15946788,22142624,25845820,,2788532,13535416,1024960,1787896,,5551480,15073932,1755384,5104028,,32,32,32,32,,19425880,9128652,17251252,19764824
4379,1,1019,143,41,802,1,33,89219440,16584600,24989896,128,68106424,,22720332,18149844,22517088,25832176,,2821480,11332864,611820,1818436,,5584552,12877908,1392864,5134572,,32,32,32,32,,19426024,11344212,17571368,19764820
4383,0,1020,143,41,803,1,33,91010896,14819908,23193556,128,69947572,,22676176,20275268,22510060,25549392,,2884360,9183624,631932,2119992,,5647452,10730336,1379472,5436296,,32,32,32,32,,19425980,13458308,17537804,19525480
4386,1,1021,143,41,804,1,33,92901808,12922136,21302708,128,71686112,,22656012,22281884,22209484,25754428,,2909240,7175024,955240,1882632,,5672480,8726892,1703872,5199464,,32,32,32,32,,19426124,15307164,17231732,19721092
4389,1,1022,143,40,805,1,34,94769036,10906656,19429588,128,73496784,,22619888,23670412,22637672,25841064,,2949128,5780572,542296,1634660,,5712440,7333672,1291656,5091820,,32,32,32,32,,19426176,16625300,17539488,19905820
4392,1,1023,143,40,806,1,34,95507056,9120128,18659600,128,75397960,,22215420,24663072,22627476,26001088,,3359008,4774796,553064,433260,,6123464,6330076,1302772,4903288,,32,32,32,32,,19072152,17610948,17540316,21174544
4395,1,1024,142,40,807,1,35,96269376,8798848,18395708,128,75539356,,22302964,25367560,22633524,25965328,,3248728,4063348,541264,945508,,6013860,5622576,1296460,5462812,,32,32,32,32,,19061924,18319696,17545816,20611920
4399,1,1025,140,40,808,1,37,96266732,9349272,17970044,128,74975928,,22780500,25326488,22623476,25536268,,2753056,4077148,554384,1964684,,5518448,5638292,1312208,5501096,,32,32,32,32,,19428944,18321412,17548272,19677300
4402,1,1026,139,40,809,1,38,96353064,9422652,17844740,128,75065984,,22630804,25320120,22641164,25760976,,2930496,4095640,528184,1868332,,5696124,5659388,1288872,5200356,,32,32,32,32,,19409796,18323932,17551040,19781216
4405,1,1027,140,40,810,1,37,96446196,9274964,17704456,128,75092548,,22765560,25311184,22608240,25761212,,2756772,4091812,564460,1861920,,5524568,5656196,1329564,5194128,,32,32,32,32,,19431416,18324432,17555300,19781400
4408,1,1028,140,40,811,1,37,96385788,9421964,17861736,128,75102564,,22678320,25304196,22645472,25757800,,2897056,4131536,536116,1857256,,5669008,5701172,1301880,5189676,,32,32,32,32,,19435432,18329560,17555960,19781612
4411,1,1029,140,40,812,1,37,96487304,9289940,17735780,128,75108608,,22696048,25330736,22632932,25827588,,2872940,4096424,529660,1790916,,5644884,5666848,1295816,5128232,,32,32,32,32,,19435428,18330260,17556368,19786552
4414,1,1030,140,40,813,1,37,96344984,9438792,17888796,128,74894112,,22684700,25092176,22631956,25936152,,2870028,4349448,554736,1664580,,5642116,5921752,1323332,5001596,,32,32,32,32,,19435580,18113444,17558824,19786264
4418,1,1031,139,40,814,1,38,88473092,17317996,25774132,128,68232532,,22710632,17346040,22633032,25783388,,2828920,12150240,534364,1804472,,5603224,13723760,1303528,5143620,,32,32,32,32,,19437780,11447112,17559396,19788244
4422,1,1032,141,38,815,1,38,84790780,21175668,29640132,128,64319272,,22721152,14078924,22311728,25678976,,2832256,15566392,847952,1929068,,5612096,17141784,1617912,5268340,,32,32,32,32,,19443344,7829316,17258356,19788256
4426,0,1033,142,37,816,1,38,86854424,18936356,27425136,128,65497464,,22750632,16085516,22695436,25322840,,2794416,13378000,475236,2288704,,5575312,14960064,1261120,5628640,,32,32,32,32,,19444872,9016524,17576328,19459740
4429,1,1034,141,37,817,1,39,88879536,16572660,25363040,128,67849120,,22738708,17804924,22633196,25702708,,2786112,11651796,246688,1888064,,5567204,13234300,1331236,5230300,,32,32,32,32,,19445020,10738940,17874908,19790252
4432,1,1035,142,37,818,1,38,86567800,14741176,23456996,128,69710012,,22738004,20080816,18336632,25412348,,2794668,9367056,374996,2204456,,5575884,10951736,1381212,5548164,,32,32,32,32,,19445156,13041468,17797456,19425932
4436,1,1036,142,37,819,1,38,89222264,12041468,20843084,128,72214892,,22716580,22213612,18406172,25885900,,2825448,7225720,265924,1724376,,5606684,8811356,1356168,5068876,,32,32,32,32,,19445164,15095788,17881008,19792932
4439,1,1037,144,37,820,1,36,90432760,11234404,19524896,128,72956172,,22438848,23720884,18358800,25914228,,3086644,5702772,706464,1738524,,5868012,7291456,1331644,5033784,,32,32,32,32,,19213884,16582672,17415976,19743640
4443,0,1038,144,37,821,1,36,91565880,10103224,18405320,128,74211752,,22640016,24711128,18364140,25850596,,2880132,4719600,695792,1807700,,5661668,6310728,1329764,5103160,,32,32,32,32,,19445476,17597760,17424744,19743772
4446,0,1039,147,36,822,1,34,92216548,9432392,17747536,128,74890428,,22522600,25464016,18385780,25844152,,2991140,3954752,673752,1812748,,5772664,5549364,1317276,5108232,,32,32,32,32,,19364832,18347512,17434296,19743788
4448,1,1040,147,36,823,1,34,92083108,9566132,17885900,128,74820856,,22346092,25464744,18389956,25882316,,3181224,3935124,669524,1780260,,5962864,5530460,1316492,5076084,,32,32,32,32,,19289792,18349172,17437788,19744104
4451,1,1041,147,36,824,1,34,92457736,9171500,17496440,128,74982084,,22705324,25469940,18390220,25892252,,2818328,3936696,655992,1760484,,5601120,5532852,1305648,5056820,,32,32,32,32,,19446768,18349988,17440436,19744892
4454,1,1042,147,36,825,1,34,92417704,9208468,17539112,128,74987256,,22678216,25373060,18419780,25946648,,2823372,4033468,646832,1704796,,5609816,5630476,1296908,5001912,,32,32,32,32,,19450312,18350764,17440792,19745388
4458,0,1043,147,36,826,1,34,92386904,9339704,17676552,128,74993380,,22782652,25424200,18394388,25785664,,2780640,3977976,681384,1899704,,5569288,5575076,1334552,5197636,,32,32,32,32,,19452680,18350860,17443876,19745964
4461,1,1044,147,36,827,1,34,92361344,9380612,17741328,128,75017084,,22788996,25418656,18416132,25737560,,2774944,3979748,656804,1969116,,5567576,5577504,1329264,5266984,,32,32,32,32,,19456656,18351480,17463156,19745792
4464,1,1045,147,36,828,1,34,92373636,9339156,17706436,128,75023656,,22784048,25411520,18437716,25740352,,2782864,3974848,628548,1952896,,5575636,5572904,1305240,5252656,,32,32,32,32,,19456812,18351748,17467408,19747688
4468,0,1046,147,36,829,1,34,91454572,10296408,18667760,128,74118156,,22775216,25413584,17743548,25522224,,2800404,3987312,1337024,2171668,,5593188,5586048,2015808,5472716,,32,32,32,32,,19456820,18352368,16820420,19488548
4471,0,1047,145,36,830,1,36,81085220,20894276,29254512,128,64840128,,22665752,14114524,18464588,25840356,,2910108,15419540,718936,1845692,,5705168,17007096,1395408,5146840,,32,32,32,32,,19396168,8311500,17382272,19750188
4474,1,1048,144,36,831,1,37,81741764,20146364,28637424,128,64699876,,22657632,14595072,18558812,25930248,,2915404,14948152,539792,1743016,,5714704,16536652,1337528,5048540,,32,32,32,32,,19400456,7952012,17592768,19754640
4478,0,1049,144,36,832,1,37,87028720,18024172,26701056,128,66413112,,22623972,16595820,22034060,25774868,,2945500,12839300,358044,1881328,,5744944,14430264,1338892,5186956,,32,32,32,32,,19409156,9477160,17772228,19754568
4481,2,1050,144,36,833,1,37,89169144,15888748,24716588,128,68666596,,22680420,18867152,22148104,25473468,,2911004,10533916,266560,2177268,,5713624,12127776,1390100,5485088,,32,32,32,32,,19426888,11750096,17922784,19566828
4485,1,1051,144,36,833,1,37,92322956,12912748,21668468,128,71419360,,22633344,21679052,22338300,25672260,,2939348,7723500,277884,1972016,,5743564,9318512,1323824,5282568,,32,32,32,32,,19307692,14513136,17840104,19758428
4489,1,1052,144,36,835,1,37,94391464,10790624,19603764,128,73493984,,22782964,23563272,22325872,25719356,,2783996,5826136,260776,1919716,,5588132,7425476,1359600,5230556,,32,32,32,32,,19468004,16377264,17889960,19758756
4492,1,1053,144,36,836,1,37,95538528,10232052,18478400,128,74054128,,22770364,24648596,22351856,25767712,,2803728,4748368,813684,1866272,,5607880,6348496,1343848,5178176,,32,32,32,32,,19468024,17503868,17322284,19759952
4495,1,1054,144,36,837,1,37,96206740,9579236,17831884,128,74795664,,22563032,25502668,22357232,25783808,,3036284,3889516,799692,1853744,,5840500,5491880,1332972,5166532,,32,32,32,32,,19354244,18355612,17325016,19760792
4498,1,1055,144,36,838,1,37,96386596,9382840,17643580,128,74916028,,22707140,25509476,22352224,25817756,,2888056,3880196,811108,1803480,,5692444,5484012,1350496,5116628,,32,32,32,32,,19468228,18355732,17330952,19761116
4501,1,1056,144,36,839,1,37,95959108,9821184,18093648,128,74618824,,22613388,25176124,22366352,25803244,,2982352,4210248,794344,1834240,,5786720,5814812,1344704,5147412,,32,32,32,32,,19468160,18047868,17341672,19761124
4504,1,1057,144,35,840,1,38,96039336,9735068,18013484,128,74662068,,22604376,25490172,22100972,25843816,,2987196,3876352,1090032,1781488,,5791664,5482408,1644512,5094900,,32,32,32,32,,19468236,18359064,17073396,19761372
4507,1,1058,143,35,841,1,39,96275548,9496244,17779360,128,74641924,,22668652,25567824,22163184,25875888,,2916848,3797348,1033076,1748972,,5721388,5406140,1589172,5062660,,32,32,32,32,,19468368,18361724,17050156,19761676
4510,1,1059,143,35,842,1,39,96399992,9366700,17653400,128,74724468,,22652176,25554964,22262512,25930340,,2930956,3815556,928540,1691648,,5735620,5425124,1487168,5005488,,32,32,32,32,,19468520,18362532,17131624,19761792
4513,1,1060,144,35,843,1,38,96611432,9101572,17391460,128,74950288,,22674108,25555960,22472244,25909120,,2897528,3798824,714388,1690832,,5703524,5408920,1274104,5004912,,32,32,32,32,,19469884,18362992,17355396,19762016
4516,1,1061,144,35,844,1,38,96480276,9310040,17613408,128,74845888,,22735208,25547044,22346696,25851328,,2825632,3801548,864136,1818724,,5632784,5414252,1431912,5134460,,32,32,32,32,,19471056,18365616,17245600,19763616
4519,1,1062,144,35,845,1,38,96449404,9403876,17701984,128,74702220,,22799504,25511884,22606904,25531112,,2746344,3858368,647340,2151824,,5553776,5471220,1209876,5467112,,32,32,32,32,,19471328,18365704,17361892,19503296
4522,1,1063,144,35,846,1,38,85020324,20767268,29481040,128,64821880,,22776908,13688028,22778224,25777164,,2787032,15826676,267596,1885964,,5594616,17443856,1239292,5203276,,32,32,32,32,,19471336,7822604,17762576,19765364
4525,2,1064,145,35,847,1,37,79486800,19602056,28360028,128,65583312,,22811364,14857100,16040776,25777560,,2739000,14737180,248660,1877216,,5548772,16355384,1260692,5195180,,32,32,32,32,,19473524,8540652,17803340,19765796
4530,1,1065,145,35,848,1,37,79658696,17515268,26405596,128,66629408,,22057080,17352388,14334028,25915200,,3493560,12071064,212684,1737960,,6303244,13692192,1351824,5058336,,32,32,32,32,,18802240,10108132,17950748,19768288
4535,1,1066,144,35,849,1,38,89779972,13675060,22422420,128,70311348,,22589236,20660216,20613376,25917144,,2934496,8731068,283312,1726184,,5748496,10354272,1273064,5046588,,32,32,32,32,,19351888,13410708,17780444,19768308
4538,1,1067,144,35,850,1,38,91242276,12685212,21107468,128,71415124,,22638412,22723500,20059548,25820816,,2884048,6642168,1320776,1838220,,5698100,8265660,1982892,5160816,,32,32,32,32,,19391172,15496024,16757540,19770388
4542,0,1068,145,35,851,1,37,93129420,10848980,19286484,128,73265400,,22587780,24166136,20623400,25752104,,2926320,5206464,781232,1934964,,5743956,6830888,1453932,5257708,,32,32,32,32,,19352588,16893960,17248352,19770500
4545,0,1069,145,35,852,1,37,94406544,9563192,18029108,128,74582724,,22776256,25105088,20817912,25707288,,2738576,4268980,567652,1987984,,5557308,5897944,1257728,5316128,,32,32,32,32,,19482660,17875928,17448284,19775852
4548,1,1070,145,35,853,1,37,94806920,9207564,17688660,128,74850380,,22776520,25621252,20879740,25529408,,2732752,3729368,605380,2140064,,5551564,5362628,1304040,5470428,,32,32,32,32,,19482828,18385440,17490524,19491588
4551,1,1071,145,35,854,1,37,94993444,8908632,17489676,128,75237048,,22783372,25534856,20884848,25790368,,2711572,3822052,494920,1880088,,5530648,5456180,1292676,5210172,,32,32,32,32,,19482972,18385952,17589168,19778956
4554,1,1072,145,35,855,1,37,96545744,8562596,17439636,128,75533960,,22775876,25588612,22352584,25828672,,2709780,3760228,259864,1832724,,5529064,5398576,1342432,5169564,,32,32,32,32,,19483252,18390412,17874528,19785768
4558,1,1073,145,35,856,1,37,96977680,8560448,17407084,128,75503832,,22727708,25561976,22782588,25905408,,2754048,3782208,274664,1749528,,5576240,5422044,1322080,5086720,,32,32,32,32,,19486080,18391624,17840040,19786088
4562,1,1074,144,35,857,1,38,96801292,8737964,17700420,128,75521024,,22743244,25480612,22682048,25895388,,2826880,3873112,284612,1753360,,5649244,5517288,1442336,5091552,,32,32,32,32,,19486308,18394024,17853600,19787092
4565,1,1075,145,35,858,1,37,96845836,9165680,17664952,128,74891908,,22702192,25524936,22970720,25647988,,2870660,3791124,529864,1974032,,5693176,5462420,1196596,5312760,,32,32,32,32,,19486356,18420236,17458744,19526572
4568,1,1076,145,35,859,1,37,95238044,8715240,17466884,128,75280472,,22757992,25416492,21115728,25947832,,2795820,3981968,263548,1673904,,5622840,5597884,1228524,5017636,,32,32,32,32,,19490916,18240044,17756932,19792580
4572,2,1077,147,32,859,1,38,90272096,9643656,18396744,128,74519028,,22747208,24486548,17029376,26008964,,2816616,4885448,313676,1627916,,5644876,6510016,1268764,4973088,,32,32,32,32,,19492136,17485340,17747572,19793980
4576,1,1078,148,30,861,1,39,83572548,16823384,25247820,128,67830648,,22546164,18277944,17074276,25674164,,3009664,11197912,639108,1976700,,5842068,12825128,1257260,5323364,,32,32,32,32,,19212692,11643356,17410524,19564076
4579,1,1079,152,25,862,1,40,86080136,14230272,22686128,128,69664944,,22885228,20215756,17152616,25826536,,2654600,9152596,596896,1826180,,5487204,10781300,1241380,5176244,,32,32,32,32,,19497532,12930828,17436880,19799704
4583,0,1080,153,24,863,1,40,87812968,12513612,21011952,128,71410544,,22878388,21889324,17235040,25810216,,2648480,7475364,544104,1845664,,5481100,9104884,1228380,5197588,,32,32,32,32,,19497548,14634872,17476612,19801512
4586,0,1081,153,24,864,1,40,89738996,10561016,19066476,128,73325464,,22885048,23808932,17236052,25808964,,2641424,5541880,534584,1843128,,5474184,7174208,1223016,5195068,,32,32,32,32,,19497684,16545436,17480816,19801528
4589,0,1082,153,24,865,1,40,90847384,9485908,18007748,128,74432324,,22740132,24996484,17236224,25874544,,2815628,4360076,534048,1776156,,5648424,5997144,1229740,5132440,,32,32,32,32,,19434376,17704136,17487868,19805944
4592,0,1083,154,24,866,1,39,91599976,8707136,17249832,128,75185016,,22793084,25654200,17255616,25897076,,2753476,3702712,510580,1740368,,5586300,5344244,1222552,5096736,,32,32,32,32,,19497660,18377196,17504092,19806068
4595,0,1084,154,24,867,1,39,91183564,9173584,17742368,128,74795208,,22732012,25334804,17338456,25778292,,2819424,4004324,507532,1842304,,5652452,5652196,1237952,5199768,,32,32,32,32,,19497900,18072140,17522480,19702688
4598,0,1085,155,23,868,1,39,90518996,9841736,18415380,128,74302968,,22703380,24989924,16969972,25855720,,2864012,4347264,868312,1762148,,5697004,5998652,1599940,5119784,,32,32,32,32,,19497832,17818948,17179648,19806540
4601,0,1086,156,19,869,1,42,91501500,8844072,17435492,128,75141144,,22768664,25739032,17270796,25723008,,2792900,3568312,545856,1937004,,5626388,5235840,1278644,5294620,,32,32,32,32,,19498376,18387004,17449392,19806372
4604,1,1087,159,16,870,1,42,91196460,9145572,17757776,128,74884424,,22773196,25741424,17355816,25326024,,2780532,3562712,456252,2346076,,5615488,5236984,1200668,5704636,,32,32,32,32,,19499928,18387676,17528096,19468724
4607,1,1088,158,16,871,1,43,91634624,8677460,17301876,128,75243176,,22775192,25728144,17353160,25778128,,2788108,3560900,455392,1873060,,5625840,5236088,1206816,5233132,,32,32,32,32,,19502672,18388248,17543364,19808892
4610,1,1089,159,16,872,1,42,91786056,8610164,17304492,128,75278096,,22812156,25733284,17400044,25840572,,2653896,3555304,577536,1823428,,5556832,5233132,1331248,5183280,,32,32,32,32,,19567944,18390296,17511144,19808712
4613,1,1090,159,16,873,1,42,91731984,8767048,17428016,128,75173964,,22754956,25725884,17569872,25681272,,2786600,3553076,434056,1993316,,5639360,5231776,1201872,5355008,,32,32,32,32,,19517664,18390796,17559484,19706020
4616,1,1091,160,16,874,1,41,92048696,8431112,17102548,128,75288268,,22787992,25743684,17546232,25970788,,2753832,3538052,450680,1688548,,5610912,5221696,1219364,5050576,,32,32,32,32,,19521904,18395252,17560256,19810856
4619,1,1092,160,16,875,1,41,92062116,7260556,17028160,128,76640656,,22755584,25709952,17555612,26040968,,2777584,3585368,464008,433596,,5634880,5270572,1235328,4887380,,32,32,32,32,,19522064,18396676,17562876,21159040
4622,1,1093,160,16,876,1,41,91975012,7262964,17257776,128,76603048,,22754356,25750796,17559616,25910244,,2789284,3535000,458020,480660,,5648632,5221308,1233272,5154564,,32,32,32,32,,19524108,18397300,17566820,21114820
4625,2,1094,158,16,876,1,43,90176576,7446096,17887856,128,76754412,,22447600,25826376,17554728,24347872,,3091988,3434616,471340,448152,,5950652,5130928,1252968,5553308,,32,32,32,32,,19166084,18400592,17572888,21614848
4629,1,1095,173,2,878,1,42,90519336,7068352,17514496,128,77117072,,22793768,25815976,17584344,24325248,,2725340,3451776,445476,445760,,5584152,5149140,1227452,5553752,,32,32,32,32,,19524508,18401328,17573560,21617676
4632,1,1096,173,2,879,1,42,90250672,7301268,17756200,128,76898452,,22534116,25808468,17576012,24332076,,2989000,3436400,439660,436208,,5848952,5134832,1227624,5544792,,32,32,32,32,,19298468,18402168,17579524,21618292
4635,1,1097,172,2,880,1,43,90367296,9356596,17695484,128,74789020,,22581340,25800944,17595420,24389592,,2936208,3453136,407020,2560232,,5796896,5152052,1196936,5549600,,32,32,32,32,,19301632,18402440,17581464,19503484
4639,0,1098,172,2,881,1,43,90557284,9168156,17518288,128,75025568,,22841976,25800020,17596500,24318788,,2634828,3461116,422308,2649904,,5495696,5160492,1222636,5639464,,32,32,32,32,,19527292,18402824,17591868,19503584
4642,1,1099,172,2,882,1,43,90205620,9533836,17889584,128,74692592,,22902992,25758952,17252868,24290808,,2559448,3517964,774664,2681760,,5421164,5217808,1577580,5673032,,32,32,32,32,,19527500,18392768,17267300,19505024
4645,1,1100,171,2,883,1,44,90114504,9574024,17940844,128,74597972,,22873936,25686236,17266668,24287664,,2590372,3582068,737124,2664460,,5452180,5284348,1544276,5660040,,32,32,32,32,,19527584,18357144,17203640,19509604
4648,1,1101,169,2,884,1,46,90692952,8934548,17364940,128,75105388,,22890096,25809996,17651144,24341716,,2567500,3397588,339920,2629540,,5429352,5162736,1147492,5625360,,32,32,32,32,,19527672,18468416,17599384,19509916
4651,1,1102,169,2,885,1,46,89923840,9466860,18187716,128,74729368,,22826292,25446724,17670824,23980000,,2681788,3480196,321312,2983564,,5543556,5527064,1135580,5981516,,32,32,32,32,,19527440,18396532,17606144,19199252
4654,1,1103,168,2,886,1,47,90176996,7997592,17980196,128,76214708,,22815948,25386880,17685984,24288184,,2755940,2279016,298428,2664208,,5617864,5585268,1114616,5662448,,32,32,32,32,,19527592,19566768,17608048,19512300
4657,2,1104,167,2,886,1,48,90767556,8952960,17383752,128,75104936,,22821300,25923096,17699640,24323520,,2745376,3280388,300284,2626912,,5607400,5021688,1126340,5628324,,32,32,32,32,,19527612,18443828,17617964,19515532
4661,1,1105,167,2,888,1,48,90594388,9058268,17570932,128,75186428,,22792688,25942828,17705228,24153644,,2792060,3186544,283496,2796168,,5654608,5008620,1110156,5797548,,32,32,32,32,,19528160,18524588,17618520,19515160
4664,1,1106,167,2,889,1,48,90698488,8168472,17460760,128,75966376,,22859992,25929712,17691908,24216876,,2716604,2434940,299040,2717888,,5582432,5031032,1126104,5721192,,32,32,32,32,,19531420,19298636,17618944,19517376
4667,1,1107,167,2,890,1,48,90688448,7291064,17495228,128,76876000,,22898288,25889244,17697152,24203764,,2664288,1560576,345336,2720864,,5530992,5066572,1173464,5724200,,32,32,32,32,,19532356,20206412,17619852,19517380
4670,2,1108,168,2,890,1,47,90823904,8878776,17382772,128,75140296,,22897500,25883584,17731288,24311532,,2643360,3292580,327308,2615528,,5516432,5087540,1157932,5620868,,32,32,32,32,,19536860,18461668,17622312,19519456
4674,1,1109,169,2,892,1,46,90985416,9089528,17597604,128,74858536,,22878472,25923416,17746636,24436892,,2671364,3237564,685456,2495144,,5544620,5033704,1516812,5502468,,32,32,32,32,,19537020,18497512,17302460,19521544
4677,1,1110,168,2,893,1,47,91371200,8711796,17223812,128,75183220,,22897388,25915676,18136756,24421380,,2662396,3258128,286632,2504640,,5537696,5054528,1119448,5512140,,32,32,32,32,,19539040,18497788,17624672,19521720
4680,1,1111,170,2,894,1,45,91069652,9009268,17526312,128,75015024,,22640960,25931384,18128844,24368464,,2923620,3231100,278148,2576400,,5801156,5028968,1112100,5584088,,32,32,32,32,,19368308,18499252,17625604,19521860
4683,1,1112,171,2,895,1,44,91056800,9009064,17529892,128,74833344,,22899572,25552664,18165260,24439304,,2647116,3616132,256092,2489724,,5524740,5415824,1091768,5497560,,32,32,32,32,,19541320,18142720,17627280,19522024
4686,1,1113,170,2,896,1,45,90379720,9042152,17437864,128,74813796,,22777684,25858704,17475860,24267472,,2758556,3304404,324524,2654668,,5636232,5104624,1034308,5662700,,32,32,32,32,,19541240,18371244,17501700,19399612
4689,1,1114,170,2,897,1,45,90764620,8618232,17014264,128,75031168,,22849888,25938520,17519564,24456648,,2693272,3196920,261072,2466968,,5571068,4997856,969788,5475552,,32,32,32,32,,19541412,18462284,17504672,19522800
4692,1,1115,171,2,898,1,44,89772788,9786888,18206460,128,74154428,,22778180,25620260,16938908,24435440,,2796992,3550844,892828,2546224,,5676036,5355392,1620428,5554604,,32,32,32,32,,19542608,18152380,16936812,19522628
4695,1,1116,171,2,899,1,44,89371712,10111328,18540140,128,73689584,,22060092,26017688,17204348,24089584,,3500028,3128988,606360,2875952,,6379516,4938664,1335724,5886236,,32,32,32,32,,18808324,18510032,17199688,19171540
4698,1,1117,169,2,900,1,46,89928996,7283760,17941120,128,76431732,,22874900,25997200,17245136,23811760,,2656376,902128,554600,3170656,,5537076,4934288,1289284,6180472,,32,32,32,32,,19490200,20729276,17256188,18956068
4701,1,1118,171,2,900,1,44,90188184,6952888,17677904,128,76793048,,22942720,25919756,17290332,24035376,,2581524,908892,515088,2947384,,5462384,5005100,1257340,5953080,,32,32,32,32,,19544440,20772664,17302408,19173536
4705,0,1119,170,2,902,1,45,90906592,8556400,17065152,128,75143896,,22958016,25954232,17600804,24393540,,2566880,3155712,244484,2589324,,5447808,5020208,998864,5598272,,32,32,32,32,,19544456,18564532,17550372,19484536
4708,0,1120,170,2,903,1,45,90255776,8534656,16988852,128,75125204,,22974448,25994960,16866116,24420252,,2561008,3121348,306760,2545540,,5442080,4985888,1006380,5554504,,32,32,32,32,,19544608,18564632,17491516,19524448
4710,1,1121,170,2,904,1,45,89920992,8902000,17362444,128,74815376,,22893324,25730812,16861300,24435556,,2673248,3381548,294736,2552468,,5554400,5247636,998800,5561608,,32,32,32,32,,19544560,18250172,17495972,19524672
4713,1,1122,169,2,905,1,46,90202468,8634040,17101504,128,75136864,,22857564,25985428,16866004,24493472,,2728732,3103632,317540,2484136,,5609860,4975356,1022928,5493360,,32,32,32,32,,19544484,18570236,17497336,19524808
4716,1,1123,169,2,906,1,46,89967240,8852620,17325644,128,74924332,,22842484,25952556,16738996,24433204,,2738584,3143628,435452,2534956,,5621892,5016132,1143264,5544356,,32,32,32,32,,19546672,18506972,17345780,19524908
4719,1,1124,169,2,907,1,46,90000708,8804064,17295256,128,75129236,,22851004,26063424,16808360,24277920,,2735632,3011080,343252,2714100,,5618964,4893032,1059808,5723452,,32,32,32,32,,19546684,18580536,17477232,19524784
4722,1,1125,169,2,908,1,46,90124200,6429664,17241528,128,77430796,,22827368,26055112,16906692,24335028,,2750852,760740,250076,2667996,,5635420,4900404,1028100,5677604,,32,32,32,32,,19547956,20833976,17523856,19525008
4725,2,1126,169,2,908,1,46,89243796,8914800,17414688,128,74935172,,22660908,26059172,16206964,24316752,,2924456,3000544,307216,2682584,,5814476,4918016,985632,5696564,,32,32,32,32,,19319684,18615568,17470496,19529424
4729,0,1127,168,2,910,1,47,88961256,9185732,17718528,128,74624084,,22951300,26043776,16228116,23738064,,2573436,2992192,341624,3278480,,5467628,4909864,1049524,6291512,,32,32,32,32,,19555752,18615780,17499804,18952748
4732,0,1128,167,2,911,1,48,89610936,8550584,17095624,128,75213144,,22902168,26047776,16268600,24392392,,2615600,3016288,292200,2626496,,5509892,4934572,1011368,5639792,,32,32,32,32,,19555800,18616388,17511068,19529888
4735,0,1129,168,2,912,1,47,89843388,8269816,16825972,128,75224444,,22953912,26050912,16273188,24565376,,2556004,2998964,280156,2434692,,5450404,4917752,1003868,5453948,,32,32,32,32,,19555944,18616880,17515580,19536040
4737,1,1130,168,2,913,1,47,89439480,7182840,17239368,128,76498428,,22953528,25718892,16265104,24501956,,2559464,3347460,285748,990168,,5454008,5266496,1010380,5508484,,32,32,32,32,,19556080,18390684,17516512,21035152
4741,2,1131,168,2,914,1,47,89666052,6326256,16998896,128,77217776,,22797368,26062576,16275668,24530440,,2712628,2968808,281728,363092,,5607348,4891460,1007456,5492632,,32,32,32,32,,19434928,18619040,17517504,21646304
4745,1,1132,171,2,915,1,44,89734588,8375032,16925980,128,75174860,,22853756,26065064,16281780,24533988,,2651756,2961984,272312,2488980,,5546712,4886240,1000164,5492864,,32,32,32,32,,19514024,18620652,17519580,19520604
4748,1,1133,171,2,916,1,44,89499048,8541596,17183428,128,75096488,,22942780,26077512,15941876,24536880,,2481384,2971108,609004,2480100,,5459380,4895884,1343828,5484336,,32,32,32,32,,19637936,18621132,17316180,19521240
4752,1,1134,172,2,916,1,43,89685688,6168948,17005536,128,77292388,,22707636,26121840,16292232,24563980,,542612,2910968,285356,2430012,,5703092,4837384,1030300,5434760,,32,32,32,32,,21611088,18622772,17536696,19521832
4755,1,1135,171,2,918,1,44,89897080,8205532,16936184,128,75290772,,23002740,26108472,16281548,24504320,,2524128,2903272,281600,2496532,,5575380,4830184,1027672,5502948,,32,32,32,32,,19606472,18623004,17537856,19523440
4758,1,1136,172,2,919,1,43,89752444,7883376,17112748,128,75789724,,23014440,26094476,16257204,24386324,,1993400,2931844,310680,2647452,,5542224,4859012,1057436,5654076,,32,32,32,32,,20104440,18623288,17538496,19523500
4761,1,1137,172,2,920,1,43,89758356,6340428,17032520,128,77357084,,22988580,26101768,16279980,24388028,,501832,2918536,276580,2643480,,5507808,4846312,1028048,5650352,,32,32,32,32,,21666180,18623904,17543308,19523692
4765,1,1138,172,2,920,1,43,93293780,8267596,16872908,128,75270164,,23000100,26103320,19729808,24460552,,2511216,2907996,290700,2557684,,5469580,4838576,998308,5566444,,32,32,32,32,,19618500,18626544,17499480,19525640
4768,1,1139,172,2,922,1,43,93112792,7392728,17053076,128,76201572,,22978372,26088648,19583976,24461796,,2533164,1852652,459596,2547316,,5495952,4823988,1177040,5556096,,32,32,32,32,,19622920,19666060,17386932,19525660
4771,1,1140,172,2,923,1,43,93262772,6102924,16889988,128,77447844,,22963084,26104796,19729072,24465820,,2568420,633032,359724,2541748,,5531100,4813992,991880,5553016,,32,32,32,32,,19622756,20872792,17424112,19528184
4774,2,1141,172,2,923,1,43,92792048,8821052,17454544,128,74804504,,22974716,26123024,19794152,23900156,,2539428,2862720,283576,3135328,,5505076,4824264,978756,6146448,,32,32,32,32,,19625024,18657228,17487132,19035120
4778,1,1142,173,2,925,1,42,92680212,8989004,17633476,128,74799380,,22940672,26120788,19800936,23817816,,2590268,2877764,274912,3246060,,5556348,4839768,975920,6261440,,32,32,32,32,,19625440,18657756,17492956,19023228
4781,1,1143,173,2,926,1,42,92820384,8837332,17496848,128,75017668,,22980196,26118920,19799128,23922140,,2535424,2865612,279204,3157092,,5504712,4828292,991360,6172484,,32,32,32,32,,19628708,18658436,17504144,19226380
4784,1,1144,173,2,927,1,42,92640232,9094180,17760224,128,74763104,,22666320,25854744,19809632,24309536,,2843036,3178588,306824,2765732,,5816564,5141824,1018816,5783020,,32,32,32,32,,19295168,18429376,17504544,19534016
4787,1,1145,173,2,928,1,42,93297300,8384196,17067292,128,75347556,,22988672,26137968,19815328,24355332,,2525412,2867940,296252,2694592,,5499100,4831492,1014132,5722568,,32,32,32,32,,19633580,18659384,17509840,19544752
4790,1,1146,173,2,929,1,42,93294996,6538400,17058984,128,77182192,,22987372,26125172,19818464,24363988,,2508632,1048412,286688,2694668,,5484372,4838128,1013392,5723092,,32,32,32,32,,19635636,20482664,17518676,19545216
4793,1,1147,173,2,930,1,42,93406300,5946312,16920328,128,77634524,,22989580,26106028,19825456,24485236,,2521360,615412,265432,2544108,,5497260,4853240,996052,5573776,,32,32,32,32,,19635800,20929580,17522564,19546580
4796,2,1148,173,2,930,1,42,93409612,8244652,17004576,128,75423968,,22994064,26161416,19779292,24474840,,2515116,2798028,374624,2556884,,5495940,4808884,1112208,5587544,,32,32,32,32,,19640736,18706192,17529488,19547552
4800,1,1149,173,2,932,1,42,91362136,8132808,16926996,128,75467768,,22997604,26177748,17725496,24461288,,2495856,2789444,281448,2566060,,5479980,4801164,1049120,5596732,,32,32,32,32,,19643948,18707312,17568936,19547572
4803,2,1150,172,2,933,1,43,87645428,8190008,17474860,128,75441164,,22944388,25656840,14554012,24490188,,2159488,3301176,227288,2502056,,5567500,5314712,1059652,5532996,,32,32,32,32,,20067748,18191680,17633840,19547896
4807,1,1151,171,2,934,1,44,91166600,6694024,17328672,128,77014988,,22937308,25986896,17766900,24475496,,359928,2981448,798600,2554048,,5689804,4995656,1058068,5585144,,32,32,32,32,,21884708,18521260,17060920,19548100
4810,2,1152,171,2,935,1,44,91533476,6281472,17082000,128,77366784,,22935824,26237080,17883928,24476644,,354552,2718968,666860,2541092,,5690936,4737908,1080872,5572284,,32,32,32,32,,21891220,18713144,17214276,19548144
4814,1,1153,172,2,936,1,43,91147680,9419740,18032284,128,74393920,,22944984,26229980,17933352,24039364,,2561796,2716676,1147468,2993800,,5672004,4736064,1597412,6026804,,32,32,32,32,,19664980,18713560,16840324,19175056
4817,1,1154,173,2,937,1,42,91771536,8755092,17422576,128,74827920,,23025504,26225620,18484100,24036312,,2479892,2711360,591064,2972776,,5595384,4731296,1089804,6006092,,32,32,32,32,,19670324,18714108,17292520,19150968
4820,1,1155,171,2,938,1,44,91983608,8499968,17184676,128,75138328,,22786460,26222804,18552792,24421552,,2681440,2708876,526844,2582808,,5797832,4733036,1038180,5615628,,32,32,32,32,,19564440,18718296,17305428,19550164
4823,1,1156,173,2,939,1,42,92326852,9221148,17924384,128,74235180,,23045688,26225888,18571740,24483536,,2417528,2713284,1551400,2538936,,5534552,4738052,2075748,5576032,,32,32,32,32,,19670760,18718736,16290976,19554708
4826,1,1157,170,2,940,1,45,93183620,8333308,17048404,128,74981016,,23042672,26214856,19393852,24532240,,2406892,2717668,720508,2488240,,5523956,4744988,1251772,5527688,,32,32,32,32,,19670804,18721276,17031912,19557024
4829,1,1158,170,2,941,1,45,93398420,8087056,16803396,128,75180648,,23037244,26229212,19576068,24555896,,2388084,2704816,530476,2463680,,5505264,4733716,1061016,5503400,,32,32,32,32,,19670900,18722900,17229496,19557352
4833,0,1159,169,2,942,1,46,92913876,8592940,17334148,128,74638364,,23039588,25689796,19626036,24558456,,2404740,3248168,488904,2451128,,5522076,5276024,1040884,5495164,,32,32,32,32,,19663828,18151340,17261540,19561656
4836,0,1160,168,2,943,1,47,93514040,7297392,16744496,128,75933152,,23037540,26310596,19645836,24520068,,1721220,2613296,465224,2497652,,5525696,4643340,1033812,5541648,,32,32,32,32,,20358208,18725336,17288048,19561560
4839,1,1161,168,2,943,1,47,93501492,5984640,16868492,128,77382600,,23048944,26285084,19763060,24404404,,368560,2631856,381156,2603068,,5526404,4662732,1031936,5647420,,32,32,32,32,,21711296,18726152,17383348,19561804
4843,0,1162,168,2,945,1,47,93579732,8129912,16884200,128,75331680,,23004440,26265408,19954848,24355036,,2543800,2672680,257980,2655452,,5567628,4704304,910256,5702012,,32,32,32,32,,19577464,18726860,17463400,19563956
4846,1,1163,168,2,946,1,47,93671692,8824936,17592012,128,74630476,,22236176,26270384,20747436,24417696,,3310216,2659440,267992,2587288,,6334516,4692456,928912,5636128,,32,32,32,32,,18883308,18727012,17453904,19566252
4849,1,1164,167,2,947,1,48,94545232,7926776,16708364,128,75339440,,23081972,26278944,20747140,24437176,,2429748,2623064,308332,2565632,,5454352,4658588,980456,5614968,,32,32,32,32,,19578404,18729480,17464768,19566788
4852,1,1165,167,2,948,1,48,94566868,7886500,16678624,128,75350312,,23073076,26246948,20750416,24496428,,2428764,2673928,306624,2477184,,5453516,4709960,988056,5527092,,32,32,32,32,,19578924,18729940,17474020,19567428
4855,1,1166,167,2,949,1,48,94599316,7862396,16664636,128,75359252,,23070140,26238620,20734496,24556060,,2451428,2689012,306332,2415624,,5478232,4731316,988860,5466228,,32,32,32,32,,19580976,18734344,17475152,19568780
4858,0,1167,167,2,950,1,48,94460916,8068872,16874548,128,75151276,,23060440,26276364,20578212,24545900,,2454400,2610016,543528,2460928,,5481352,4652920,1228524,5511752,,32,32,32,32,,19581120,18735232,17265916,19569008
4861,0,1168,169,2,951,1,46,93696052,8877268,17696444,128,74542468,,23055488,25817776,20291088,24531700,,2453000,3104640,838996,2480632,,5479960,5150688,1534328,5531468,,32,32,32,32,,19581132,18337728,17054596,19569012
4863,1,1169,168,2,952,1,47,94622976,7937668,16755012,128,75198076,,23014480,26168124,20862056,24578316,,2491196,2727864,298536,2420072,,5522336,4772392,989104,5471180,,32,32,32,32,,19585268,18559132,17484328,19569348
4866,1,1170,169,2,953,1,46,94356660,8282872,17105352,128,75162520,,22884980,26342508,20819860,24309312,,2702072,2554496,326400,2699904,,5733360,4600588,1020252,5751152,,32,32,32,32,,19585376,18740900,17487632,19348612
4869,1,1171,169,2,954,1,46,94508224,8131668,16972500,128,75218876,,23033972,26350276,20831900,24292076,,2546296,2545276,342428,2697668,,5579692,4599184,1044700,5748924,,32,32,32,32,,19587524,18747084,17499500,19384768
4872,1,1172,169,2,955,1,46,94656212,8004124,16848100,128,75406516,,22987560,26358164,20830852,24479636,,2611416,2528440,335784,2528484,,5646404,4583144,1038584,5579968,,32,32,32,32,,19589152,18747708,17500020,19569636
4875,1,1173,168,2,956,1,47,94734924,7916444,16776212,128,75418328,,23061632,26354944,20807420,24510928,,2503340,2536916,364836,2511352,,5539984,4597192,1074472,5564564,,32,32,32,32,,19590268,18753160,17503516,19571384
4878,1,1174,169,2,957,1,46,94201600,8484744,17352640,128,75096640,,23039788,25943696,20817860,24400256,,2528316,2963276,352384,2640768,,5565136,5023720,1069652,5694132,,32,32,32,32,,19575088,18439700,17510460,19571392
4881,1,1175,171,2,958,1,44,94816928,7736664,16677372,128,75497112,,23112868,26350672,20888344,24465044,,2389472,2517412,259500,2570280,,5488284,4580460,984916,5623712,,32,32,32,32,,19651292,18755932,17518380,19571508
4884,1,1176,171,2,959,1,44,94740172,5802980,16814856,128,77567764,,23025700,26312632,20876340,24525500,,451820,2581620,275776,2493764,,5598868,4647316,1019676,5548996,,32,32,32,32,,21699520,18758440,17536440,19573364
4887,2,1177,171,2,959,1,44,94698676,5769080,16907224,128,77633356,,23064176,26326376,20735832,24572292,,296656,2592860,437556,2442008,,5565492,4661220,1182836,5497676,,32,32,32,32,,21821256,18761120,17477124,19573856
4891,1,1178,172,2,961,1,43,94841848,7847224,16762140,128,75471452,,23018464,26349616,20845232,24628536,,2573928,2559720,322328,2391248,,5614992,4631304,1066764,5449080,,32,32,32,32,,19593348,18764332,17537692,19576080
4894,1,1179,172,2,962,1,43,89166176,8221540,17078820,128,75252136,,22813176,26304948,15515092,24532960,,2781796,2593744,353096,2492904,,5823048,4666900,1031924,5556948,,32,32,32,32,,19422652,18765880,17481428,19582176
4898,0,1180,172,2,963,1,43,89353928,8147980,17020248,128,75396832,,23019844,26330320,15593708,24410056,,2586388,2578256,353708,2629628,,5627884,4656400,1042120,5693844,,32,32,32,32,,19593704,18770808,17489376,19542944
4902,1,1181,173,2,964,1,42,89303732,8112220,17023956,128,75474364,,23021700,26265052,15580004,24436976,,2557552,2670252,609724,2274692,,5600268,4749400,1013416,5660872,,32,32,32,32,,19594980,18771716,17203400,19904268
4905,1,1182,173,2,965,1,42,89431024,6366252,16883184,128,77075060,,23005508,26334612,15594472,24496432,,2578548,2569660,601612,616432,,5622324,4649376,1018892,5592592,,32,32,32,32,,19596040,18772288,17212424,21494308
4909,1,1183,173,2,965,1,42,89428636,6440776,17317700,128,76975456,,23023284,25864580,16032752,24508020,,2548680,3049452,516212,326432,,5592760,5129712,1008004,5587224,,32,32,32,32,,19596280,18313068,17286224,21779884
4912,1,1184,173,2,967,1,42,89709164,8316536,17042992,128,75187824,,22896576,26204080,16076016,24532492,,2709804,2686048,486296,2434388,,5751480,4766792,983540,5541180,,32,32,32,32,,19593776,18677064,17291080,19625904
4916,0,1185,173,2,968,1,42,89732736,8227124,17013620,128,75171068,,23021124,26300728,16111268,24299616,,2529152,2578496,471920,2647556,,5570940,4659688,1027752,5755240,,32,32,32,32,,19594008,18773704,17349628,19453728
4919,0,1186,173,2,969,1,42,89773080,8230556,17084448,128,75196604,,22791424,26317148,16182492,24482016,,2773640,2595396,402336,2459184,,5814376,4677452,1025484,5567136,,32,32,32,32,,19428552,18774596,17417008,19576448
4922,0,1187,173,2,970,1,42,89759100,8197480,17061176,128,75116768,,22975820,26065028,16197000,24521252,,2569576,2804652,399624,2423628,,5610444,4889600,1029540,5531592,,32,32,32,32,,19593048,18473012,17423660,19627048
4924,1,1188,172,2,971,1,43,89645992,8333860,17211444,128,75149600,,22874696,26023612,16216536,24531148,,2666408,2879456,374580,2413416,,5707348,4969776,1012676,5521644,,32,32,32,32,,19589440,18501048,17431760,19627352
4928,0,1189,174,2,972,1,41,90038800,7889388,16810220,128,75474900,,22916320,26390796,16221404,24510280,,2627692,2475536,370240,2415920,,5668816,4566684,1050404,5524316,,32,32,32,32,,19593256,18780436,17473732,19627476
4930,1,1190,174,2,973,1,41,89936668,6625972,16935560,128,76861244,,22861680,26380320,16221736,24472932,,2670712,1096980,391636,2466644,,5714852,4573012,1072640,5575056,,32,32,32,32,,19596224,20163004,17474544,19627472
4933,1,1191,174,2,974,1,41,90031640,5740240,16817072,128,77622456,,22938832,26370528,16226532,24495748,,2577732,348920,368900,2444688,,5622504,4585520,1054108,5554940,,32,32,32,32,,19596896,20917520,17478724,19629316
4937,2,1192,174,2,975,1,41,90216520,7879256,16740648,128,75411288,,23036000,26369400,16328944,24482176,,2476064,2592812,371924,2438456,,5526004,4606732,1058940,5548972,,32,32,32,32,,19602128,18699132,17480492,19629536
4941,1,1193,174,2,976,1,41,89119868,7999248,16904780,128,75293224,,22911988,26342152,15405104,24460624,,2604748,2637432,286532,2470536,,5654736,4651500,1017280,5581264,,32,32,32,32,,19437016,18699216,17527244,19629748
4945,1,1194,174,2,976,1,41,89186364,7766264,16637696,128,75394592,,23076892,26369164,15232884,24507424,,2434116,2578684,352476,2400988,,5486328,4595884,1042004,5513480,,32,32,32,32,,19604432,18702188,17490348,19597624
4948,1,1195,174,2,978,1,41,89270328,7573200,16626272,128,75609920,,23030992,26341312,15316464,24581560,,2480128,2618396,532844,1941832,,5532480,4636544,1033328,5423920,,32,32,32,32,,19604576,18703188,17300892,20001264
4951,1,1196,174,2,979,1,41,89033944,6563048,16947236,128,76618212,,23037172,26060888,15390152,24545732,,2475324,2914388,455456,717880,,5528268,4933240,1029848,5455880,,32,32,32,32,,19605164,18382208,17373752,21257088
4954,1,1197,173,2,980,1,42,89219572,6004560,16934688,128,77181816,,23035688,26409684,15242652,24531548,,2480496,2540704,632324,351036,,5533716,4561860,1333340,5505772,,32,32,32,32,,19605384,18706244,17196280,21673908
4958,1,1198,173,2,981,1,42,89408880,7775628,16722796,128,75431336,,22984716,26399672,15569024,24455468,,2523520,2555168,285796,2411144,,5576904,4577432,1022808,5545652,,32,32,32,32,,19539976,18706700,17531128,19653532
4961,0,1199,173,2,982,1,42,89504576,7749328,16728624,128,75528240,,23057396,26406632,15600364,24440184,,2534208,2537452,244132,2433536,,5588776,4560888,1010904,5568056,,32,32,32,32,,19606736,18707252,17560704,19653548
4964,0,1200,173,2,983,1,42,89046588,8223132,17206660,128,75070492,,22763064,26421880,15597720,24263924,,2818700,2518320,245800,2640312,,5872964,4542332,1014864,5776500,,32,32,32,32,,19308420,18707860,17562764,19491448
4966,1,1201,172,2,984,1,43,89491312,7795808,16782260,128,75444908,,22985128,26417936,15600304,24487944,,2585148,2520632,236032,2453996,,5640588,4545076,1006156,5590440,,32,32,32,32,,19517484,18708280,17563692,19655452
4969,1,1202,172,2,985,1,43,92864012,7833780,16752468,128,75467988,,23058880,26418872,18902044,24484216,,2497800,2514224,345444,2476312,,5555432,4539016,1045040,5612980,,32,32,32,32,,19610256,18708516,17493520,19655696
4972,1,1203,173,2,986,1,42,92925708,7792320,16730188,128,75486960,,23067496,26378516,18920504,24559192,,2513040,2581680,322444,2375156,,5570812,4606912,1037068,5515396,,32,32,32,32,,19610412,18708940,17508292,19659316
4975,1,1204,173,2,987,1,42,92944224,7739612,16683644,128,75493140,,23052156,26431876,18927640,24532552,,2520704,2512108,302664,2404136,,5582576,4537896,1018360,5544812,,32,32,32,32,,19614512,18709540,17509336,19659752
4978,1,1205,173,2,988,1,42,92832196,7876580,16826836,128,75499208,,23027172,26399968,18919524,24485532,,2548164,2559220,315380,2453816,,5610164,4586264,1035748,5594660,,32,32,32,32,,19614600,18710796,17513948,19659864
4981,1,1206,173,2,989,1,42,92900108,7805468,16761200,128,75504760,,23015160,26407460,18930956,24546532,,2556492,2551528,291672,2405776,,5618496,4578980,1012940,5550784,,32,32,32,32,,19614592,18711252,17514832,19664084
4984,0,1207,173,2,990,1,42,92885312,7840396,16832716,128,75541036,,22988596,26437452,18954072,24505192,,2579800,2505708,309872,2445016,,5644004,4529668,1068832,5590212,,32,32,32,32,,19616788,18707664,17552360,19664224
4987,0,1208,173,2,991,1,42,94020824,8410012,17456948,128,75125772,,22805988,25985836,20684448,24544552,,2820116,2959252,232764,2397880,,5884388,4984268,1045160,5543132,,32,32,32,32,,19469756,18385608,17606080,19664328
4990,2,1209,171,2,992,1,44,90053536,8253276,17323056,128,75244020,,22582256,26440880,16560880,24469520,,3031364,2495752,246856,2479304,,6097960,4519512,1078796,5626788,,32,32,32,32,,19264536,18710244,17626132,19643108
4994,1,1210,172,2,993,1,43,90241628,8385776,17159260,128,74969880,,23066608,26430472,16617980,24126568,,2539276,2494968,534928,2816604,,5607268,4519548,1066436,5966008,,32,32,32,32,,19619468,18711028,17325720,19313664
4997,1,1211,171,2,994,1,44,90669840,6773916,16804276,128,76581572,,23057596,26395740,16695452,24521052,,2541068,2543668,464096,1225084,,5609204,4568428,1068292,5558352,,32,32,32,32,,19619668,18711172,17398432,20852300
5000,1,1212,171,2,995,1,44,90616040,6320516,17148132,128,77085736,,23113056,26439964,16487616,24575404,,2490472,2478492,898572,452980,,5558676,4505592,1565404,5518460,,32,32,32,32,,19619792,18713572,17063660,21688712
5004,1,1213,171,2,996,1,44,91154168,7045300,16673924,128,76173236,,23064008,26419816,17088104,24582240,,2542064,2476136,269104,1757996,,5610372,4504096,981112,5578344,,32,32,32,32,,19614164,18714424,17506012,20338636
5007,1,1214,171,2,996,1,44,91233532,7653624,16544124,128,75441304,,23107280,26420556,17113080,24592616,,2502224,2474700,265600,2411100,,5570716,4507704,978764,5486940,,32,32,32,32,,19620112,18719352,17507096,19594744
5011,0,1215,171,2,998,1,44,90134200,8784708,17683456,128,74570356,,22644076,26448192,17120816,23921116,,2980048,2452768,252504,3099388,,6048380,4488752,971644,6174680,,32,32,32,32,,19301684,18722300,17513016,19033356
5014,0,1216,170,2,999,1,45,90370824,7900764,16766204,128,75206052,,23074216,26448372,16488268,24359968,,2517772,2451492,304132,2627368,,5588540,4488992,985712,5702960,,32,32,32,32,,19622324,18723760,17475772,19384196
5016,1,1217,171,2,1000,1,44,90183484,8162788,17011160,128,75221344,,23004220,26218472,16501224,24459568,,2575684,2717948,320248,2548908,,5646440,4735408,1004860,5624452,,32,32,32,32,,19622256,18525732,17478496,19594860
5019,1,1218,171,2,1001,1,44,90587888,7728108,16619244,128,75442156,,23046180,26567528,16540312,24433868,,2533300,2373816,259068,2561924,,5608316,4392272,980984,5637672,,32,32,32,32,,19626576,18704720,17515804,19595056
5023,0,1219,171,2,1002,1,44,90662952,7648904,16551420,128,75453320,,23074920,26610264,16536496,24441272,,2503584,2334156,264440,2546724,,5579752,4352844,991956,5626868,,32,32,32,32,,19627724,18704972,17521176,19599448
5025,1,1220,170,2,1003,1,45,90564312,7717840,16629068,128,75272768,,22959228,26594604,16546196,24464284,,2617468,2332980,241416,2525976,,5694572,4352216,973956,5608324,,32,32,32,32,,19439436,18705492,17526176,19601664
5028,1,1221,170,2,1004,1,45,90592848,8025704,16950024,128,75091136,,23121712,26592116,16413624,24465396,,2458276,2338748,720384,2508296,,5537568,4358372,1463720,5590364,,32,32,32,32,,19631212,18705880,17152668,19601376
5031,1,1222,170,2,1005,1,45,91262508,7538472,16484716,128,75497088,,23131196,26601840,17033968,24495504,,2446396,2355924,243828,2492324,,5525696,4377892,1002692,5578436,,32,32,32,32,,19631228,18708232,17552204,19605424
5034,1,1223,170,2,1006,1,45,93364564,7907976,16892868,128,75184204,,23087120,26204940,19531396,24541108,,2473888,2755812,231696,2446580,,5553356,4778292,1026684,5534536,,32,32,32,32,,19580892,18406532,17589460,19607320
5037,1,1224,170,2,1006,1,45,90837876,7649452,16674508,128,75542380,,23113676,26502156,16796756,24425288,,2432036,2447016,239124,2531276,,5511520,4470616,1072804,5619568,,32,32,32,32,,19631412,18674688,17628812,19607468
5044,1,1225,170,2,1007,1,45,89949516,7968268,16813396,128,75246888,,22923920,26482480,16062740,24480376,,2633128,2467568,402840,2464732,,5712812,4499928,1047404,5553252,,32,32,32,32,,19550456,18649744,17438744,19607944
5048,0,1226,170,2,1009,1,45,89406656,8734684,17537920,128,74550240,,22906972,26246340,15787740,24465604,,2653832,2680672,922744,2477436,,5733656,4713804,1524440,5566020,,32,32,32,32,,19555840,18343024,17043360,19608016
5051,0,1227,169,2,1009,1,46,90268676,7858964,16665048,128,75232292,,23015732,26541940,16235504,24475500,,2536424,2388804,470872,2462864,,5617736,4423016,1072624,5551672,,32,32,32,32,,19609820,18617900,17396328,19608244
5054,0,1228,169,2,1011,1,46,90397680,7731996,16552892,128,75331628,,23029568,26597040,16235536,24535536,,2494272,2328020,455544,2454160,,5575720,4362924,1069728,5544520,,32,32,32,32,,19633308,18680304,17408160,19609856
5057,0,1229,171,2,1012,1,44,90426392,7709328,16551880,128,75369924,,23038108,26613280,16247476,24527528,,2500612,2305284,451520,2451912,,5582948,4343720,1082504,5542708,,32,32,32,32,,19634232,18700520,17424892,19610280
5059,1,1230,171,2,1013,1,44,90550272,7627552,16514972,128,75425428,,23099928,26626388,16306896,24517060,,2478864,2287240,389732,2471716,,5561444,4326164,1064852,5562512,,32,32,32,32,,19634536,18711676,17468980,19610236
5062,1,1231,171,2,1014,1,44,91112164,7559688,16475280,128,75463948,,23096156,26628944,16878332,24508732,,2508240,2275988,306804,2468656,,5593012,4315452,1006860,5559956,,32,32,32,32,,19636736,18722232,17494240,19610740
5065,1,1232,171,2,1015,1,44,91144092,7535220,16465416,128,75478060,,23126348,26584088,16874348,24559308,,2465624,2331900,310160,2427536,,5550420,4372328,1022200,5520468,,32,32,32,32,,19636756,18723120,17505804,19612380
5068,1,1233,171,2,1016,1,44,91241492,7400652,16343012,128,75490228,,23092776,26637260,16872032,24639424,,2491252,2274732,308340,2326328,,5578380,4315760,1029516,5419356,,32,32,32,32,,19639088,18723756,17514804,19612580
5071,1,1234,171,2,1017,1,44,90106940,8560668,17514292,128,74450964,,22763220,25910876,16858156,24574688,,2832288,3001596,310068,2416716,,5923280,5045524,1033476,5512012,,32,32,32,32,,19296160,18023012,17516944,19614848
5074,1,1235,169,2,1018,1,46,91058636,7678532,16639592,128,75303116,,23094104,26494260,16892156,24578116,,2514204,2409932,344700,2409696,,5605420,4455772,1073436,5504964,,32,32,32,32,,19643148,18522932,17522272,19614764
5077,1,1236,169,2,1019,1,46,91658336,7557032,16511868,128,75438800,,23078476,26696344,17440040,24443476,,2520756,2197260,315156,2523860,,5612112,4247556,1028764,5623436,,32,32,32,32,,19643296,18733248,17507140,19555116
5080,1,1237,170,2,1020,1,45,91724568,7573696,16537412,128,75397448,,22996600,26719168,17499348,24509452,,2612932,2198596,285832,2476336,,5706368,4249836,1005292,5575916,,32,32,32,32,,19531388,18734200,17512892,19618968
5083,0,1238,170,2,1021,1,45,91781588,7469408,16439496,128,75517708,,23104192,26708532,17477216,24491648,,2501224,2190784,294976,2482424,,5595808,4242508,1018908,5582272,,32,32,32,32,,19646516,18734616,17517332,19619244
5086,0,1239,170,2,1022,1,45,91746724,7512624,16489672,128,75524508,,23105088,26711588,17485364,24444684,,2499324,2188880,276116,2548304,,5595188,4242948,1001520,5650016,,32,32,32,32,,19647788,18736908,17518760,19621052
5088,1,1240,170,2,1023,1,45,91787584,7501820,16474112,128,75519568,,23071924,26698348,17490060,24527252,,2529348,2219536,309872,2443064,,5625368,4273980,1027568,5547196,,32,32,32,32,,19647936,18737276,17510932,19623424
5091,1,1241,170,2,1024,1,45,91765692,7503204,16518060,128,75560700,,23084864,26658888,17527128,24494812,,2509084,2260704,254388,2479028,,5605112,4316996,1012868,5583084,,32,32,32,32,,19647952,18737612,17551688,19623448
5094,1,1242,170,2,1025,1,45,91673432,7427872,16665936,128,75684656,,23106932,26671288,17389240,24505972,,2491928,2039668,397060,2499216,,5590152,4306220,1164544,5605020,,32,32,32,32,,19650152,18946216,17463036,19625252
5097,1,1243,170,2,1026,1,45,89339320,5828264,16615260,128,77253336,,22970104,26652520,15212144,24504552,,2643324,417896,297668,2469376,,5741512,4300400,997932,5575416,,32,32,32,32,,19575124,20558712,17494020,19625480
5100,1,1244,170,2,1027,1,45,88152984,6462468,17430024,128,76790720,,23022992,25482668,15195376,24451948,,2585984,1046488,292340,2537656,,5688456,5098388,999360,5643820,,32,32,32,32,,19654336,20010424,17500464,19625496
5103,1,1245,168,2,1028,1,47,87848472,8977992,17746884,128,74298528,,22562024,25629192,15220080,24437176,,3051380,3103900,271588,2551124,,6153948,4948176,987460,5657300,,32,32,32,32,,19337580,17826048,17509392,19625508
5106,1,1246,170,2,1029,1,45,88829592,7977844,16784528,128,75001236,,22990760,26247848,15067772,24523212,,2628300,2462184,431180,2456180,,5730920,4306908,1184076,5562624,,32,32,32,32,,19654432,18380736,17339652,19626416
5109,1,1247,169,2,1030,1,46,88898216,7909892,16735320,128,75228028,,22918512,26127532,15253416,24598756,,2680360,2594012,276896,2358624,,5783096,4439356,1046876,5465992,,32,32,32,32,,19654496,18383272,17563384,19626876
5112,1,1248,169,2,1031,1,46,89205416,7550936,16375604,128,75369120,,23048984,26359276,15244992,24552164,,2528656,2341268,279924,2401088,,5632772,4183448,1050748,5508636,,32,32,32,32,,19655988,18521872,17564268,19626992
5115,1,1249,169,2,1032,1,46,89235656,7521972,16356524,128,75379044,,23067260,26368612,15246132,24553652,,2510368,2333492,272412,2405700,,5615656,4178020,1044524,5518324,,32,32,32,32,,19657164,18524236,17565576,19632068
5118,0,1250,169,2,1033,1,46,89055112,7671924,16515344,128,75185304,,22902192,26360064,15253564,24539292,,2673008,2343720,250464,2404732,,5778392,4190032,1029356,5517564,,32,32,32,32,,19456396,18524504,17572124,19632280
5121,0,1251,169,2,1034,1,46,91686752,7881596,16644832,128,74976436,,23103576,26352476,17870388,24360312,,2501680,2353708,444676,2581532,,5580244,4202324,1168128,5694136,,32,32,32,32,,19630496,18526808,17404668,19414464
5124,0,1252,169,2,1035,1,46,92021284,7447888,16226260,128,75307780,,23086732,26378716,17993564,24562272,,2506196,2302320,263000,2376372,,5584904,4157604,993080,5490672,,32,32,32,32,,19630632,18531660,17523808,19621680
5126,1,1253,172,2,1036,1,43,92993540,6293656,16262708,128,76401044,,22997488,26374860,18975624,24645568,,2576360,1062600,368024,2286672,,5655096,4164076,1042012,5401524,,32,32,32,32,,19521512,19775688,17468876,19634968
5129,2,1254,172,2,1036,1,43,91331324,6440924,17306576,128,76334444,,23092816,24560468,18985592,24692448,,2489976,1347296,329176,2274476,,5568856,5356916,1022928,5357876,,32,32,32,32,,19630812,19611768,17488296,19603568
5133,0,1255,169,2,1038,1,46,91515212,8450484,17139116,128,74263728,,23095216,25052492,19020816,24346688,,2477524,3074392,286148,2612420,,5556540,4869700,1016920,5695956,,32,32,32,32,,19630944,17731644,17525320,19375820
5136,0,1256,169,2,1039,1,46,92355144,7594028,16302172,128,75109052,,23079200,25649872,19043188,24582884,,2499464,2460268,252828,2381468,,5582440,4261656,992792,5465284,,32,32,32,32,,19634896,18335680,17534532,19603944
5138,1,1257,170,2,1040,1,45,92452364,7499884,16218904,128,75268612,,23077180,25805744,19048676,24520764,,2517308,2292180,261024,2429372,,5600436,4091576,1011648,5515244,,32,32,32,32,,19635064,18482392,17545168,19605988
5141,1,1258,171,2,1041,1,44,92640640,7518716,16242836,128,75276988,,23080412,25806256,19286116,24467856,,2507112,2284612,246500,2480492,,5591388,4086488,998468,5566492,,32,32,32,32,,19636196,18485092,17549692,19606008
5144,1,1259,172,2,1042,1,43,92676532,7464056,16201772,128,75289780,,23124704,25794752,19278868,24478208,,2448172,2311076,239136,2465672,,5537844,4113504,993932,5556492,,32,32,32,32,,19641596,18485660,17551588,19610936
5147,1,1260,172,2,1043,1,43,92344272,7821344,16563844,128,74858212,,23133976,25786016,19276536,24147744,,2414364,2319644,244720,2842616,,5506128,4122420,1001188,5934108,,32,32,32,32,,19643688,18485944,17552792,19175788
5150,1,1261,170,2,1044,1,45,92423936,7726276,16485024,128,75034844,,22753416,25785264,19269628,24615628,,2781860,2317664,261588,2365164,,5874288,4120680,1033836,5456220,,32,32,32,32,,19369848,18486184,17567128,19611684
5153,1,1262,169,2,1045,1,46,92649884,7557168,16367364,128,75297912,,23140364,25669116,19287356,24553048,,2476832,2430456,262288,2387592,,5568944,4234840,1036276,5527304,,32,32,32,32,,19644036,18424512,17568336,19661028
5156,1,1263,172,2,1046,1,43,92212380,7110960,16810320,128,75910752,,23035688,25461260,19280772,24434660,,2602336,2660224,242456,1605944,,5694388,4465520,1017724,5632688,,32,32,32,32,,19643852,18326932,17569224,20370744
5159,1,1264,171,2,1047,1,44,92298684,6095032,16696792,128,76840540,,23088132,25381428,19278304,24550820,,2547944,2731656,235616,579816,,5640188,4539264,1021600,5495740,,32,32,32,32,,19644096,18125940,17579480,21491024
5162,1,1265,170,2,1047,1,45,92688716,7797920,16518416,128,75215384,,22936628,25767352,19439028,24545708,,2711516,2319508,341396,2425500,,5803860,4127400,1044092,5543064,,32,32,32,32,,19589532,18490096,17496280,19639476
5165,1,1266,170,2,1049,1,45,92603784,7911888,16662096,128,74967828,,23036248,25465648,19467732,24634156,,2618020,2629004,334936,2329928,,5710412,4434580,1069260,5447844,,32,32,32,32,,19644188,18155920,17527884,19639836
5168,1,1267,169,2,1050,1,46,92679672,7838020,16587052,128,74968348,,23089192,25745212,19173244,24672024,,2556528,2325152,682160,2274180,,5649112,4131528,1414592,5391820,,32,32,32,32,,19644444,18452488,17231744,19639672
5171,1,1268,169,2,1051,1,46,92910936,7562932,16313036,128,75197144,,22906024,25838492,19460188,24706232,,2736424,2239796,362416,2224296,,5830164,4044536,1096188,5342148,,32,32,32,32,,19536000,18494032,17527196,19639916
5174,1,1269,169,2,1052,1,46,93095128,7399548,16156624,128,75313596,,23095440,25831516,19513968,24654204,,2537596,2261672,317124,2283156,,5632624,4068924,1052612,5402464,,32,32,32,32,,19646880,18496500,17528884,19641332
5177,1,1270,169,2,1053,1,46,93019488,7489696,16248676,128,75315284,,23157992,25827528,19500536,24533432,,2463004,2254732,324156,2447804,,5558240,4062260,1060588,5567588,,32,32,32,32,,19647144,18496572,17529772,19641796
5180,1,1271,169,2,1054,1,46,92860096,7658460,16431220,128,75132756,,23148464,25831084,19504784,24375764,,2470736,2251512,330212,2606000,,5570596,4063516,1071648,5725460,,32,32,32,32,,19651764,18501028,17534816,19445148
5183,0,1272,170,2,1055,1,45,92774152,7660324,16311208,128,75143312,,23153632,25680888,19374168,24565464,,2472648,2425644,365716,2396316,,5572644,4237928,984192,5516444,,32,32,32,32,,19651904,18437276,17411844,19642288
5186,1,1273,171,2,1056,1,44,92885696,7531848,16218788,128,75172984,,23165056,25814544,19294528,24611568,,2470152,2258380,433264,2370052,,5573748,4073440,1080124,5491476,,32,32,32,32,,19655500,18503932,17369952,19643600
5189,1,1274,171,2,1057,1,44,93002720,5723668,16108768,128,76869960,,23074700,25799264,19445136,24683620,,2527480,607768,317624,2270796,,5633672,4091356,991224,5392516,,32,32,32,32,,19585276,20173604,17467084,19643996
5192,0,1275,171,2,1058,1,44,92975036,5636008,16237736,128,77141100,,23066208,25814572,19424752,24669504,,2578568,425096,343932,2288412,,5684764,4124464,1018168,5410340,,32,32,32,32,,19657996,20371276,17467620,19644208
5195,2,1276,171,2,1058,1,44,92755268,5767316,16469952,128,76975484,,22796672,25828932,19495348,24634316,,2839644,368112,269680,2289880,,5946324,4099896,1010648,5413084,,32,32,32,32,,19392772,20403980,17534252,19644480
5199,1,1277,172,2,1060,1,43,92987256,7399252,16125188,128,75268644,,23184616,25724548,19502744,24575348,,2456536,2324404,254892,2363420,,5563200,4074400,998948,5488640,,32,32,32,32,,19658568,18426356,17537280,19646440
5202,1,1278,172,2,1061,1,43,92635076,7740264,16476684,128,75150968,,23105988,25501556,19511752,24515780,,2505376,2568780,239812,2426296,,5613268,4318960,992768,5551688,,32,32,32,32,,19659760,18298516,17546136,19646556
5205,1,1279,172,2,1062,1,43,89138112,8071660,16753936,128,74730972,,22764048,25564040,16279796,24530228,,2860804,2498808,304232,2407816,,5968784,4249596,1000688,5534868,,32,32,32,32,,19301640,18291468,17489608,19648256
5208,1,1280,172,2,1063,1,43,89460488,7772352,16465840,128,74919584,,23101152,25743684,16292352,24323300,,2523872,2327916,287628,2632936,,5631996,4080388,993164,5760292,,32,32,32,32,,19583884,18427380,17498692,19409628
5211,1,1281,172,2,1064,1,43,89549732,7623352,16331308,128,75074456,,22991452,25699004,16308016,24551260,,2595152,2370428,281168,2376604,,5704872,4127816,989540,5509080,,32,32,32,32,,19487672,18432336,17501480,19652968
5214,1,1282,173,2,1065,1,42,89326748,7875516,16591568,128,74977896,,23127840,25703052,15940500,24555356,,2465540,2358900,653816,2397260,,5577404,4116660,1366044,5531460,,32,32,32,32,,19664856,18432700,17225688,19654652
5217,1,1283,173,2,1066,1,42,89705212,7507724,16228448,128,75262248,,23123676,25708148,16342480,24530908,,2469124,2368312,283104,2387184,,5581008,4126504,997256,5523680,,32,32,32,32,,19664876,18433144,17507296,19656932
5220,0,1284,173,2,1067,1,42,89679908,7527332,16255792,128,75255020,,23093164,25711180,16345168,24530396,,2502720,2361504,279228,2383880,,5614752,4125000,995696,5520344,,32,32,32,32,,19650188,18438440,17509536,19656856
5223,0,1285,173,2,1068,1,42,89630072,7541308,16278748,128,75278804,,23028036,25712592,16343316,24546128,,2557060,2344596,267528,2372124,,5673156,4108312,988188,5509092,,32,32,32,32,,19669032,18438656,17513748,19657368
5225,1,1286,173,2,1069,1,42,89746512,7496388,16240040,128,75285044,,23018148,25788932,16341652,24597780,,2574892,2256392,293816,2371288,,5691132,4021980,1018620,5508308,,32,32,32,32,,19669172,18440516,17517884,19657472
5228,1,1287,173,2,1070,1,42,89831864,7394876,16146604,128,75293072,,23097944,25800092,16282188,24651640,,2486408,2252192,341804,2314472,,5604900,4018404,1071540,5451760,,32,32,32,32,,19671488,18441004,17522788,19657792
5231,1,1288,172,2,1071,1,43,89776568,7388820,16142936,128,75159380,,23120604,25763280,16172320,24720364,,2474424,2267132,435276,2211988,,5594124,4034476,1165224,5349112,,32,32,32,32,,19672684,18373676,17455280,19657740
5234,1,1289,171,2,1072,1,44,89379936,7843252,16601248,128,74724292,,23145788,25292628,16305756,24635764,,2455296,2753696,307524,2326736,,5575964,4520528,1040152,5464604,,32,32,32,32,,19673652,17866268,17525720,19658652
5237,1,1290,170,2,1073,1,45,89805648,7384960,16148480,128,75195716,,23165096,25754468,16289168,24596916,,2424360,2268844,324568,2367188,,5545388,4035764,1060976,5506352,,32,32,32,32,,19674020,18332524,17529520,19659652
5240,1,1291,170,2,1074,1,45,89580208,7191800,15904476,128,75226104,,23220848,25832172,15936068,24591120,,2333272,2180980,314532,2363016,,5455716,3948600,997972,5502188,,32,32,32,32,,19674628,18415280,17476632,19659564
5243,1,1292,171,2,1075,1,44,89212360,7593132,16318492,128,74949468,,22829828,25817444,15955304,24609784,,2726024,2223948,289328,2353832,,5848604,3992716,983464,5493708,,32,32,32,32,,19375592,18426256,17487332,19660288
5246,0,1293,172,2,1076,1,43,89173336,7710632,16443316,128,74664604,,23229940,25841760,15928808,24172828,,2391084,2198592,298536,2822420,,5513768,3970072,997076,5962400,,32,32,32,32,,19674852,18436240,17491760,19061752
5249,1,1294,169,2,1077,1,46,89605164,5552320,16040560,128,76908324,,23183920,25659900,15938316,24823028,,693200,2394264,285660,2179196,,5563052,4167292,989852,5320364,,32,32,32,32,,21421736,18327092,17497388,19662108
5252,1,1295,169,2,1078,1,46,89738520,5204172,15815488,128,77189872,,23168748,25808452,15951004,24810316,,549216,2203896,275720,2175340,,5506820,3982924,1009036,5316708,,32,32,32,32,,21614612,18386416,17526532,19662312
5255,1,1296,170,2,1079,1,45,89311640,7534096,16232740,128,74977784,,22642500,25888368,15974312,24806460,,2978772,2145440,236112,2173772,,6009372,3928864,979336,5315168,,32,32,32,32,,19322792,18456500,17536152,19662340
5258,1,1297,169,2,1080,1,46,89999692,7298704,16005336,128,75162284,,23136588,25881108,16229116,24752880,,2488916,2157616,409248,2242924,,5519688,3941308,1159880,5384460,,32,32,32,32,,19687772,18456792,17355280,19662440
5261,1,1298,169,2,1081,1,46,89815084,7472268,16192776,128,75139728,,23165268,25829040,16174236,24646540,,2449432,2195136,465112,2362588,,5481340,3979668,1227700,5504068,,32,32,32,32,,19688924,18457592,17330948,19662264
5264,1,1299,169,2,1082,1,46,87705468,7399420,16031332,128,75174092,,23008016,25890396,14162472,24644584,,2609108,2128604,310200,2351508,,5642232,3913668,979260,5496172,,32,32,32,32,,19581008,18458136,17469468,19665480
5267,1,1300,169,2,1083,1,46,87919472,7257164,15899788,128,75293476,,23182944,25881452,14211236,24643840,,2439348,2131932,327236,2358648,,5472576,3917364,1005576,5504272,,32,32,32,32,,19690228,18458356,17478468,19666424
5270,1,1301,168,2,1084,1,47,87710664,7458124,16114568,128,75142460,,23021844,25873788,14224276,24590756,,2582712,2131040,315704,2428668,,5617692,3916888,1003368,5576620,,32,32,32,32,,19527544,18458760,17487480,19668676
5273,1,1302,168,2,1085,1,47,87905852,7671056,16338336,128,75020720,,23078084,25822336,14383028,24622404,,2532592,2221780,530448,2386236,,5567668,4007816,1227148,5535704,,32,32,32,32,,19638804,18458936,17252780,19670200
5276,1,1303,168,2,1086,1,47,87363624,8332020,17044324,128,74602552,,23053920,25488932,14253664,24567108,,2567388,2576320,748508,2439804,,5606580,4363000,1481232,5593512,,32,32,32,32,,19651076,18182376,17094672,19674428
5279,1,1304,167,2,1087,1,48,87934064,7705752,16432392,128,75066756,,23070476,25822040,14432764,24608784,,2539644,2205600,574052,2386456,,5578980,3993664,1316968,5542780,,32,32,32,32,,19651304,18461040,17277364,19677048
5282,1,1305,167,2,1088,1,48,91110144,7689992,16268112,128,75109604,,22903444,25805728,17770476,24630496,,2729876,2222416,378664,2359036,,5769156,4010908,973092,5514956,,32,32,32,32,,19581992,18461432,17389056,19677124
5285,1,1306,166,2,1089,1,49,93387572,7550108,16330960,128,75234432,,22938688,25655704,20061424,24731756,,2681704,2381256,245076,2242072,,5723164,4170540,1033928,5403328,,32,32,32,32,,19699020,18268360,17584472,19682580
5290,1,1307,166,2,1090,1,49,88498376,8319804,17045056,128,74344168,,23064612,25909796,15885024,23638944,,2550524,2116328,330336,3322616,,5594448,3907192,1058552,6484864,,32,32,32,32,,19651756,18464884,17526056,18701472
5294,0,1308,167,2,1091,1,48,89298036,7387420,16245876,128,75109072,,23146820,25915540,15933956,24301720,,2307624,2093280,338932,2647584,,5503020,3886448,1044656,5811752,,32,32,32,32,,19851756,18467196,17502296,19287824
5297,2,1309,167,2,1092,1,48,89321788,5722824,16135640,128,76886424,,23198016,25786572,15951708,24385492,,479280,2193976,489340,2560228,,5331756,4027444,1048072,5728368,,32,32,32,32,,21661048,18413396,17354180,19457800
5301,1,1310,168,2,1093,1,47,89769172,5767532,16193692,128,76769508,,23173084,26067036,16100896,24428156,,2468216,334508,374184,2590624,,5581780,3878520,969340,5764052,,32,32,32,32,,19665040,20213908,17390044,19500516
5304,2,1311,169,2,1094,1,46,90457284,5426232,15920988,128,76850260,,23192528,26083608,16430688,24750460,,2429068,354408,403784,2238972,,5542800,3896856,1063860,5417472,,32,32,32,32,,19665200,20211816,17277124,19696120
5308,1,1312,170,2,1095,1,45,90593324,7159144,15962552,128,75128908,,23191732,25876456,16722004,24803132,,2423420,2145220,418632,2171872,,5537284,3951980,1122344,5350944,,32,32,32,32,,19665340,18480312,17286832,19696424
5311,1,1313,170,2,1096,1,45,87211684,7208320,15940064,128,75048088,,23070196,25801780,13552452,24787256,,2560684,2190204,261044,2196388,,5674484,3999344,890828,5375408,,32,32,32,32,,19556592,18370984,17424068,19696444
5314,1,1314,169,2,1097,1,46,90056096,7383524,16045820,128,74807880,,23187992,25558844,16516364,24792896,,2427256,2435588,344076,2176604,,5541236,4245836,900492,5358256,,32,32,32,32,,19665456,18091536,17351816,19699072
5317,1,1315,168,2,1098,1,47,90450312,7031672,15763468,128,75268604,,23177516,25949252,16582968,24740576,,2464032,2031520,284248,2251872,,5578160,3843140,908528,5433640,,32,32,32,32,,19665604,18484268,17419248,19699484
5320,1,1316,169,2,1099,1,46,90633224,7173508,15866980,128,75229880,,23148448,25937128,16876956,24670692,,2488184,2038084,330884,2316356,,5603196,3850444,915184,5498156,,32,32,32,32,,19666480,18485012,17379276,19699112
5324,0,1317,168,2,1100,1,47,90254968,7588008,16333720,128,74898464,,22905244,25816864,16905196,24627664,,2718780,2181060,307012,2381156,,5836796,3993864,934200,5568860,,32,32,32,32,,19386336,18384880,17422248,19705000
5327,0,1318,168,2,1101,1,47,90963448,7244384,15998036,128,75215740,,23129672,25943016,17341144,24549616,,2493048,1960144,333648,2457544,,5611748,3834508,906344,5645436,,32,32,32,32,,19611736,18547724,17367488,19688792
5330,0,1319,169,2,1102,1,46,92598856,5575532,16082060,128,77020912,,23124656,26193024,18684060,24597116,,2472848,370268,317296,2415120,,5592992,3882912,1001168,5604988,,32,32,32,32,,19652060,20177784,17483992,19707076
5340,1,1320,172,2,1103,1,43,92254276,7434140,16131476,128,75208736,,23093664,25866704,18711644,24582264,,2483776,2170612,365556,2414196,,5611384,3955720,960116,5604256,,32,32,32,32,,19677744,18428512,17395196,19707284
5343,1,1321,172,2,1104,1,43,92494864,7283532,15998972,128,75253364,,23096160,25910996,18727648,24760060,,2568208,2120900,346280,2248144,,5695992,3908996,955424,5438560,,32,32,32,32,,19677920,18456924,17410696,19707824
5346,1,1322,172,2,1105,1,43,92562408,7212048,15983940,128,75311256,,23132728,25909972,18775776,24743932,,2526172,2101288,328096,2256492,,5654040,3895020,987960,5446920,,32,32,32,32,,19678048,18462576,17462796,19707836
5349,1,1323,172,2,1106,1,43,92082672,7678636,16499168,128,74799820,,22733224,25973900,18641576,24733972,,2924228,2029296,470992,2254120,,6052268,3823812,1178328,5444760,,32,32,32,32,,19327016,18463204,17301548,19708052
5352,1,1324,171,2,1107,1,44,92627332,7125884,15952912,128,75339572,,23177828,25998184,18801436,24649884,,2479184,1996220,293700,2356780,,5608384,3793460,1001988,5549080,,32,32,32,32,,19679388,18466280,17484248,19709656
5355,0,1325,171,2,1108,1,44,92621228,7228668,16054216,128,75186012,,23235164,25986060,18754488,24645516,,2410028,2020072,458556,2340012,,5540552,3817872,1161620,5534172,,32,32,32,32,,19680752,18466540,17327264,19711456
5358,0,1326,172,2,1109,1,43,92525648,7338096,16176560,128,75178736,,23108128,25839872,18944508,24633140,,2537976,2163732,293668,2342720,,5668624,3961712,1009144,5537080,,32,32,32,32,,19581320,18364500,17521244,19711672
5361,0,1327,172,2,1110,1,43,89289716,7302232,16044484,128,75180032,,23207492,25851468,15597048,24633708,,2439144,2164144,358572,2340372,,5569864,3962528,977344,5534748,,32,32,32,32,,19680936,18373456,17413944,19711696
5363,1,1328,172,2,1111,1,43,89438924,7161968,15925232,128,75207504,,23199044,25835816,15650128,24753936,,2451300,2189016,301248,2220404,,5582164,3987736,939584,5415748,,32,32,32,32,,19681084,18380164,17433504,19712752
5366,1,1329,172,2,1112,1,43,89496392,7080780,15858732,128,75231520,,23194200,25869940,15652824,24779428,,2443044,2154632,294288,2188816,,5575056,3953936,942428,5387312,,32,32,32,32,,19682232,18390168,17443144,19715976
5369,1,1330,172,2,1113,1,43,89270776,7276368,16062916,128,74881384,,23199964,25801940,15649876,24618996,,2441512,2211340,287604,2335912,,5573664,4012024,942792,5534436,,32,32,32,32,,19682372,18240540,17450048,19508424
5372,1,1331,171,2,1114,1,44,89474180,7058564,15941928,128,75240260,,23202440,26003964,15482432,24785344,,2446904,1914420,524976,2172264,,5579144,3793436,1198600,5370748,,32,32,32,32,,19682376,18547552,17323480,19686852
5375,0,1332,171,2,1115,1,44,88854196,5468856,15767080,128,76698304,,23038440,26147948,14847648,24820160,,2613400,393224,338820,2123412,,5745792,3796916,897104,5327268,,32,32,32,32,,19555936,20068688,17353068,19720612
5378,0,1333,171,2,1116,1,44,91098552,5421332,15834376,128,76940412,,23146232,26205512,17028380,24718428,,2514040,356676,309720,2240896,,5652776,3789304,947612,5444684,,32,32,32,32,,19688792,20096992,17434140,19720488
5381,2,1334,172,2,1116,1,43,91297384,5668776,16086552,128,76667236,,22924044,26214708,17494296,24664336,,2730000,323768,332020,2282988,,5872056,3763688,961796,5489012,,32,32,32,32,,19414988,20103932,17425660,19722656
5386,0,1335,172,2,1118,1,43,91638176,5258828,15698200,128,76966036,,23276432,26218912,17481780,24661052,,2374004,318152,288756,2277916,,5517280,3760872,934212,5485836,,32,32,32,32,,19693384,20106744,17441360,19724548
5389,1,1336,172,2,1119,1,43,91343384,7068120,15811964,128,75262064,,23278108,26002272,17496276,24566728,,2368888,1971400,352148,2375684,,5514896,3775764,937728,5583576,,32,32,32,32,,19696116,18460528,17381032,19724388
5392,0,1337,172,2,1120,1,43,91347488,7111556,15878916,128,75297136,,23197748,25999140,17534412,24616188,,2448576,2015732,319980,2327268,,5594552,3820132,928800,5535432,,32,32,32,32,,19696028,18472620,17403764,19724724
5394,1,1338,172,2,1121,1,43,90967668,7540912,16324520,128,74965320,,22754172,25995736,17544372,24673388,,2893612,2020700,307464,2319136,,6044392,3827248,923860,5529020,,32,32,32,32,,19352760,18474772,17411276,19726512
5397,1,1339,172,2,1122,1,43,91667248,7200692,16042920,128,75267768,,23167040,25989520,17999724,24510964,,2452856,2029808,239868,2478160,,5603732,3838840,912108,5688240,,32,32,32,32,,19700928,18477256,17467076,19622508
5400,1,1340,171,2,1123,1,44,91555560,7343092,16194364,128,75103844,,23158188,26000916,17728588,24667868,,2476880,2031536,519656,2315020,,5628764,3841944,1198304,5525352,,32,32,32,32,,19701876,18478628,17196388,19726952
5403,1,1341,171,2,1124,1,44,92016380,6961364,15745844,128,75314604,,23148456,26026320,18071764,24769840,,2486404,1990620,279380,2204960,,5642812,3807424,880188,5415420,,32,32,32,32,,19706408,18485312,17395704,19727180
5406,1,1342,171,2,1125,1,44,87775984,6821884,15616452,128,75325884,,23209556,26065784,13732016,24768628,,2388000,1942732,288624,2202528,,5544448,3764544,894256,5413204,,32,32,32,32,,19706536,18490080,17401864,19727404
5409,1,1343,171,2,1126,1,44,87734624,6953348,15801172,128,75378484,,23211652,26054780,13816136,24652056,,2378392,1947064,294552,2333340,,5534980,3769936,952300,5543956,,32,32,32,32,,19706664,18491044,17453540,19727236
5412,1,1344,171,2,1127,1,44,86484492,6969760,15865316,128,75426492,,23187600,26064592,12593316,24638984,,2426316,1932164,272040,2339240,,5586404,3757672,970232,5551008,,32,32,32,32,,19710168,18493736,17494212,19728376
5417,0,1345,171,2,1128,1,44,86277444,7491288,16162528,128,74884048,,23268120,26023084,12631596,24354644,,2343340,1983936,523104,2640908,,5506236,3812296,990344,5853652,,32,32,32,32,,19713028,18496040,17263460,19411520
5420,0,1346,170,2,1129,1,45,86531864,7448536,16219460,128,74928276,,23252520,26017608,12983980,24277756,,2343416,1991684,396756,2716680,,5508796,3822156,959480,5929028,,32,32,32,32,,19715512,18498616,17358008,19356140
5422,1,1347,170,2,1130,1,45,91747540,7047000,15861056,128,75253492,,23226012,25998944,17891540,24631044,,2379656,2011904,317252,2338188,,5546064,3842796,919928,5552268,,32,32,32,32,,19716524,18499040,17398336,19639592
5425,2,1348,170,2,1130,1,45,93441476,6747724,15645248,128,75429180,,23247712,26005080,19360132,24828552,,2344420,2006324,260080,2136900,,5515108,3839816,938800,5351524,,32,32,32,32,,19720840,18501736,17474868,19731736
5429,1,1349,170,2,1132,1,45,92949940,7046100,15919664,128,75134892,,22898688,26072220,19147092,24831940,,2682084,1930252,287040,2146724,,5853404,3767572,937312,5361376,,32,32,32,32,,19451476,18505316,17446336,19731764
5432,1,1350,170,2,1133,1,45,93322180,6807028,15563560,128,75288088,,23250252,26056048,19213096,24802784,,2313744,1923672,411912,2157700,,5484632,3761332,947196,5370400,,32,32,32,32,,19721032,18505688,17331552,19729816
5435,1,1351,169,2,1134,1,46,93102196,7059652,15835536,128,75085480,,23258140,25844924,19249440,24749692,,2291164,2157816,386376,2224296,,5462216,4000908,935444,5436968,,32,32,32,32,,19721192,18289652,17344904,19729732
5438,1,1352,169,2,1135,1,46,93348844,6824572,15683040,128,75389976,,23260440,26054576,19336088,24697740,,2297024,1952624,296708,2278216,,5468224,3796204,927560,5491052,,32,32,32,32,,19721332,18512124,17426684,19729836
5441,1,1353,169,2,1136,1,46,92877308,7278360,16145708,128,75059728,,22810168,26095508,19337972,24633660,,2748336,1902060,287560,2340404,,5920600,3746404,925288,5553416,,32,32,32,32,,19383468,18512952,17433348,19729960
5444,0,1354,170,2,1137,1,45,88671848,6924188,15729276,128,75240276,,23280548,26086956,14767816,24536528,,2247284,1888112,347136,2441656,,5420936,3732768,917516,5658056,,32,32,32,32,,19723796,18513200,17365636,19637644
5447,0,1355,170,2,1138,1,45,88193972,7494972,16329744,128,74694328,,23268944,26075560,14636708,24212760,,2273672,1890636,540880,2789784,,5447340,3735888,1140380,6006136,,32,32,32,32,,19723804,18513796,17224612,19232116
5450,0,1356,169,2,1139,1,46,86960720,7202100,16008900,128,75215980,,23128284,26031528,13170952,24629956,,2515276,1961160,372492,2353172,,5689064,3806484,942792,5570560,,32,32,32,32,,19632832,18513816,17365960,19703372
5453,0,1357,169,2,1140,1,46,85727268,6936240,15858776,128,75453056,,23228688,26035060,11778608,24684912,,2427580,1949272,263480,2295908,,5601368,3794984,948240,5514184,,32,32,32,32,,19723864,18514204,17480284,19734704
5456,1,1358,169,2,1140,1,46,90648104,6993696,15896788,128,75434256,,23201824,26029092,16719860,24697328,,2434204,1955156,317776,2286560,,5609128,3801580,977672,5508408,,32,32,32,32,,19725016,18514924,17456052,19738264
5459,1,1359,169,2,1142,1,46,91280992,7136296,15869260,128,75264128,,23158240,26032036,17340940,24749776,,2489976,1963008,460036,2223276,,5665020,3810876,948172,5445192,,32,32,32,32,,19725068,18516388,17284280,19738392
5462,1,1360,168,2,1143,1,47,91131652,7268428,16033280,128,75098240,,23127944,25807160,17379572,24816976,,2518360,2157420,431588,2161060,,5695468,4004324,946404,5387084,,32,32,32,32,,19727136,18317908,17310564,19742632
5465,1,1361,168,2,1144,1,47,91527396,6947524,15780580,128,75364984,,23136956,26147924,17439404,24803112,,2512092,1830464,418100,2186868,,5689340,3692584,985552,5413104,,32,32,32,32,,19727272,18531812,17363056,19742844
5468,1,1362,168,2,1145,1,47,91509012,5485844,15815480,128,76791084,,23162068,26179368,17438208,24729368,,2472044,347880,410736,2255184,,5649492,3699828,982692,5483468,,32,32,32,32,,19679436,20018088,17367420,19726140
5471,1,1363,168,2,1146,1,47,91682164,5463116,15954416,128,77015860,,23217144,26324084,17436808,24704128,,2427464,360180,400832,2274640,,5610476,3862976,975224,5505740,,32,32,32,32,,19732812,20168344,17369548,19745156
5475,1,1364,169,2,1146,1,46,91371324,5786264,16259020,128,76738832,,22867180,26306184,17452044,24745916,,2787224,394636,378564,2225840,,5971180,3862688,966488,5458664,,32,32,32,32,,19475704,20133276,17382988,19746864
5478,1,1365,169,2,1148,1,46,91390700,7126212,15976832,128,75379284,,23280236,25973204,17474488,24662772,,2358912,2060420,366244,2340636,,5545216,3883588,975528,5572500,,32,32,32,32,,19736460,18492668,17404392,19745764
5481,1,1366,169,2,1149,1,46,90852744,7741248,16566516,128,74793180,,23281992,25354384,17561292,24655076,,2342456,2713732,265360,2419700,,5528788,4537784,894912,5605032,,32,32,32,32,,19736484,17932852,17424636,19699208
5484,1,1367,169,2,1150,1,46,91493576,7058320,15906500,128,75376480,,23274452,25905976,17569148,24744000,,2360632,2146416,249132,2302140,,5547112,3970400,899704,5489284,,32,32,32,32,,19736636,18493368,17445436,19701040
5487,1,1368,169,2,1151,1,46,91206892,7330996,16191848,128,75059556,,22829368,25971552,17573980,24831992,,2820736,2058004,247728,2204528,,6007144,3882532,910144,5392028,,32,32,32,32,,19406956,18493944,17457212,19701444
5490,1,1369,169,2,1152,1,46,92137956,6894712,15675912,128,75309436,,23268912,25998436,18054700,24815908,,2367336,2006460,318360,2202556,,5553992,3832452,899320,5390148,,32,32,32,32,,19736816,18495432,17375732,19701456
5493,1,1370,169,2,1153,1,46,91869776,7483600,16342776,128,74923196,,23267112,25986640,18135336,24480688,,2356444,2043656,524944,2558556,,5543232,3870648,1182564,5746332,,32,32,32,32,,19736948,18496408,17276620,19413220
5496,1,1371,170,2,1154,1,45,91922592,7810104,16678604,128,74586700,,23139732,25999580,18419696,24363584,,2488160,2025720,614884,2681340,,5674936,3853988,1280368,5869312,,32,32,32,32,,19654116,18497724,17101664,19333196
5499,0,1372,169,2,1155,1,46,92496016,7267592,16179984,128,75161584,,23279960,26002388,18780732,24432936,,2338088,2013480,294836,2621188,,5525036,3842108,1003660,5809180,,32,32,32,32,,19737128,18498032,17421656,19504768
5502,0,1373,168,2,1156,1,47,88818408,7466720,16345312,128,74939092,,22999612,26002188,15339932,24476676,,2623316,2020808,238236,2584360,,5810992,3850472,907876,5775972,,32,32,32,32,,19432868,18499076,17467332,19539816
5505,0,1374,169,2,1157,1,46,89041804,7283676,16167588,128,75200248,,23227668,25998504,15342352,24473280,,2397644,2040408,234256,2611368,,5586600,3870324,906020,5804644,,32,32,32,32,,19669696,18499332,17469228,19561992
5507,1,1375,169,2,1158,1,46,88462368,7843816,16732196,128,74764408,,23274580,25223108,15349424,24615256,,2340324,2826320,237880,2439292,,5530524,4656580,912308,5632784,,32,32,32,32,,19712604,17874204,17471668,19705932
5510,1,1376,170,2,1159,1,45,89134468,7151628,16066000,128,75325288,,23277492,25975228,15256108,24625640,,2329660,2046644,354360,2420964,,5519996,3876464,1050960,5618580,,32,32,32,32,,19717992,18499292,17397940,19710064
5513,1,1377,170,2,1160,1,45,90745228,7356084,16125244,128,75151276,,23062252,25939288,17053328,24690360,,2551096,2079692,362476,2362820,,5741536,3904928,916400,5562380,,32,32,32,32,,19594308,18494668,17350240,19712060
5516,1,1378,170,2,1161,1,45,90825864,7280132,16063320,128,75310940,,23190568,25930980,17059464,24644852,,2438412,2099348,335652,2406720,,5628880,3925140,902828,5606472,,32,32,32,32,,19739872,18495320,17363492,19712256
5519,0,1379,170,2,1162,1,45,90905544,7160248,15955148,128,75322548,,23221356,25929984,17070516,24683688,,2375064,2098488,320308,2366388,,5563748,3925604,897624,5568172,,32,32,32,32,,19738080,18496580,17373624,19714264
5522,0,1380,170,2,1163,1,45,90685152,7382624,16183052,128,75082404,,22885476,25931360,17069512,24798804,,2724956,2088660,347176,2221832,,5913844,3916228,929020,5423960,,32,32,32,32,,19492656,18496988,17378040,19714720
5525,0,1381,170,2,1164,1,45,90753300,7290252,16109216,128,75037164,,23217548,25679612,17061364,24794776,,2360420,2342148,363252,2224432,,5549300,4171592,961756,5426568,,32,32,32,32,,19738284,18190576,17393576,19714728
5528,0,1382,169,2,1165,1,46,90778468,7264680,16094576,128,75064040,,23271612,25706724,17066184,24733948,,2289216,2318264,364580,2292620,,5478176,4148900,972476,5495024,,32,32,32,32,,19738420,18207324,17403364,19714932
5531,1,1383,169,2,1166,1,46,91068468,6814040,15816964,128,75529060,,23301464,26021932,17088484,24656588,,2244464,1834252,371172,2364152,,5434764,3832568,983148,5566484,,32,32,32,32,,19739812,18667660,17406820,19714768
5534,1,1384,169,2,1167,1,46,90971104,5883776,16358312,128,76618960,,22926344,26264924,17103424,24676412,,2659864,423356,459016,2341540,,5851472,3866872,1095288,5544680,,32,32,32,32,,19429696,20108568,17365124,19715572
5537,2,1385,170,2,1167,1,45,91018504,5806408,16431516,128,76708612,,23287252,26253908,16954596,24522748,,2346904,307236,649392,2502876,,5540672,3857728,1325736,5707380,,32,32,32,32,,19743316,20216068,17197276,19551952
5541,1,1386,169,2,1169,1,46,90860576,7034676,15783148,128,75275112,,23299728,25943064,16883680,24734104,,2330248,2050144,390752,2263532,,5524056,3881112,909668,5468312,,32,32,32,32,,19743316,18500128,17314444,19717224
5545,0,1387,169,2,1170,1,46,91899216,6893052,15825480,128,75413292,,23284968,25941300,17825152,24847796,,2345544,2068040,297728,2181740,,5543612,3899500,993844,5388524,,32,32,32,32,,19747584,18500544,17445824,19719340
5550,1,1388,168,2,1171,1,47,91844092,7043768,15859556,128,75132084,,23269980,25798496,17942912,24832704,,2383356,2178056,302548,2179808,,5583672,4010168,879116,5386600,,32,32,32,32,,19749712,18290864,17372160,19719348
5553,1,1389,169,2,1172,1,46,92044192,7702420,16531396,128,74754332,,23258820,25347364,18737732,24700276,,2407716,2660704,320580,2313420,,5608196,4496552,906256,5520392,,32,32,32,32,,19749868,17988500,17381108,19634856
5557,0,1390,170,2,1173,1,45,92704176,7142096,15976084,128,75205748,,23266784,26030244,18803032,24604116,,2388976,1946704,361712,2444704,,5589460,3783204,948276,5655144,,32,32,32,32,,19749864,18505036,17303524,19647324
5560,0,1391,171,2,1174,1,44,85834964,7313988,16032100,128,75051592,,23066188,26018080,12160280,24590416,,2584880,1963516,320460,2445132,,5785420,3802780,788312,5655588,,32,32,32,32,,19622892,18507788,17268056,19652856
5562,1,1392,171,2,1175,1,44,85947852,7195984,15925132,128,75198652,,23197968,26012796,12205652,24531436,,2459104,1961516,269064,2506300,,5660936,3801404,745860,5716932,,32,32,32,32,,19751072,18508388,17277036,19662156
5565,1,1393,171,2,1176,1,44,86234988,6899332,15654956,128,75283964,,23306728,26017708,12219840,24690712,,2336872,1955856,245952,2360652,,5540056,3800344,737416,5577140,,32,32,32,32,,19752512,18512928,17290852,19727672
5568,1,1394,171,2,1177,1,44,86728176,7283000,16042332,128,75042240,,23009424,26010324,13076080,24632348,,2647312,1955052,247864,2432772,,5850832,3799788,742264,5649448,,32,32,32,32,,19509004,18513156,17292264,19727816
5571,1,1395,171,2,1178,1,44,89204360,6958440,15680468,128,75245776,,23269764,26036056,15225528,24673012,,2363372,1937616,292004,2365448,,5566760,3784468,744988,5584252,,32,32,32,32,,19752700,18513664,17249416,19729996
5574,1,1396,171,2,1179,1,44,89074644,7098336,15831428,128,75191712,,23226444,25923712,15227528,24696960,,2424700,2055344,275068,2343224,,5630352,3904744,732412,5563920,,32,32,32,32,,19754872,18451840,17253112,19731888
5577,1,1397,172,2,1180,1,43,89240100,6925544,15686660,128,75283816,,23199764,25999744,15251316,24789276,,2439924,1962380,273080,2250160,,5645556,3812176,757788,5471140,,32,32,32,32,,19754840,18516456,17280288,19732232
5580,1,1398,172,2,1181,1,43,87422648,7625268,16376880,128,74603416,,22838528,25754788,14011680,24817652,,2826252,2215552,373940,2209524,,6032280,4066380,847676,5430544,,32,32,32,32,,19443868,18222680,17204568,19732300
5583,1,1399,170,2,1182,1,45,92918372,7025732,15820956,128,75060380,,23228576,25812428,19047156,24830212,,2420728,2150648,262128,2192228,,5630748,4002800,773920,5413488,,32,32,32,32,,19759248,18260400,17308172,19732560
5586,1,1400,170,2,1183,1,45,93117596,6995412,15831168,128,75156784,,23282672,26009080,19104736,24721108,,2382020,1923524,374204,2315664,,5592104,3771964,930216,5536884,,32,32,32,32,,19759372,18465664,17241388,19690360
5589,1,1401,170,2,1184,1,45,93228108,6912940,15760420,128,75221704,,23222852,26020968,19267828,24716460,,2417344,1937820,244036,2313740,,5629672,3786840,808732,5535176,,32,32,32,32,,19691356,18479512,17359904,19690932
5592,0,1402,170,2,1185,1,45,93294812,6832992,15679928,128,75295800,,23348536,26020148,19260404,24665724,,2290300,1928508,254112,2360072,,5503652,3774484,820100,5581692,,32,32,32,32,,19762716,18480740,17361272,19691072
5594,1,1403,170,2,1186,1,45,94259800,6885708,15691168,128,75296332,,23342332,25977320,20211156,24728992,,2285332,1987788,296736,2315852,,5499952,3833980,818036,5539200,,32,32,32,32,,19764004,18481036,17316788,19734504
5597,1,1404,170,2,1187,1,45,94413712,6920376,15685904,128,75256404,,23313468,25970492,20417216,24712536,,2316476,1975280,295472,2333148,,5531124,3821912,776164,5556704,,32,32,32,32,,19764020,18481428,17276232,19734724
5600,0,1405,170,2,1188,1,45,94257920,7052412,15861776,128,75129728,,23309508,25741408,20440928,24766076,,2300776,2210864,271948,2268824,,5515564,4059680,794088,5492444,,32,32,32,32,,19764156,18313000,17317724,19734848
5603,1,1406,170,2,1189,1,45,92156340,6855056,15689276,128,75285980,,23322980,26030416,18015360,24787584,,2289652,1942336,372980,2250088,,5504452,3797524,911668,5475632,,32,32,32,32,,19764172,18529320,17255700,19736788
5606,1,1407,170,2,1190,1,45,88644756,6888828,15641632,128,75158952,,23138444,26027876,14592672,24885764,,2483680,1960492,303732,2140924,,5698600,3816808,759596,5366628,,32,32,32,32,,19640736,18529976,17251332,19736908
5609,1,1408,169,2,1191,1,46,88684684,6779572,15614912,128,75312572,,23221436,26023376,14648572,24791300,,2397092,1921660,238688,2222132,,5612140,3781404,773224,5448144,,32,32,32,32,,19764304,18533388,17330492,19684388
5612,0,1409,169,2,1192,1,46,86864716,6740164,15580652,128,75318292,,23334508,26022440,12767180,24740588,,2283884,1928004,244548,2283728,,5499076,3788044,783620,5509912,,32,32,32,32,,19764536,18533704,17335360,19684692
5615,0,1410,169,2,1193,1,46,86769084,7064396,15813740,128,74984004,,23052296,26027376,12968296,24721116,,2552648,1917148,310300,2284300,,5767992,3778812,756480,5510456,,32,32,32,32,,19521044,18535352,17242712,19684896
5617,1,1411,169,2,1194,1,46,87129832,6700000,15535048,128,75365172,,23338212,26025008,13041304,24725308,,2262992,1930620,235696,2270692,,5478380,3792852,766796,5497020,,32,32,32,32,,19764724,18535848,17327240,19737360
5620,1,1412,169,2,1195,1,46,91394992,6845880,15691936,128,75284916,,23341528,25898312,17443772,24711380,,2239864,2071692,243616,2290708,,5458188,3934660,779996,5519092,,32,32,32,32,,19767408,18444812,17333280,19739416
5623,1,1413,171,2,1196,1,44,92890996,6844380,15645880,128,75331664,,23319392,25989028,18887560,24695016,,2254112,1973520,297052,2319696,,5473000,3837160,783640,5552080,,32,32,32,32,,19768220,18537112,17282972,19743360
5626,1,1414,171,2,1197,1,44,92269868,7424696,16332180,128,74782488,,22983844,26047316,18894448,24344260,,2581208,1912216,272660,2658612,,5801228,3776548,859196,5895208,,32,32,32,32,,19467508,18537796,17329616,19447568
5629,1,1415,170,2,1198,1,45,93865676,6701880,15559088,128,75387128,,23277028,26025532,19812728,24750388,,2285792,1940776,236980,2238332,,5508568,3805212,770264,5475044,,32,32,32,32,,19772068,18537880,17329568,19747612
5632,1,1416,170,2,1199,1,45,88334660,6972704,15764496,128,75200244,,23248192,26012036,14328904,24745528,,2382812,1951224,387032,2251636,,5554136,3816044,904304,5490012,,32,32,32,32,,19720596,18538292,17191976,19749380
5635,1,1417,170,2,1200,1,45,87522380,6888496,15617852,128,75219248,,23118768,26011336,13592944,24799332,,2515304,1946268,259624,2167300,,5688744,3811588,711552,5405968,,32,32,32,32,,19658544,18538780,17272180,19749744
5638,1,1418,170,2,1201,1,45,86780992,6665304,15423892,128,75293652,,23214628,26026748,12678244,24861372,,2377232,1930208,256396,2101468,,5550840,3796700,733600,5342752,,32,32,32,32,,19722868,18539800,17278584,19752400
5641,1,1419,170,2,1202,1,45,86109692,6648424,15517700,128,75400612,,23208456,26033512,12007124,24860600,,2382960,1923444,280288,2061732,,5556604,3790804,816612,5353680,,32,32,32,32,,19722864,18540684,17333956,19803108
5644,1,1420,170,2,1203,1,45,90043036,5124448,15596804,128,77004516,,23204248,26036128,16002168,24800492,,2382984,1910760,286272,544432,,5556772,3779208,796068,5464756,,32,32,32,32,,19723012,18541760,17308304,21431440
5647,2,1421,170,2,1203,1,45,89997860,5119488,15750704,128,77027956,,23296412,25916820,16050816,24733812,,2278180,2038572,233648,569088,,5452248,3912808,801168,5584480,,32,32,32,32,,19723392,18413720,17364416,21526428
5652,0,1422,170,2,1205,1,45,88167652,6841612,15573568,128,75269252,,23321116,26006324,14108420,24731792,,2273432,1962184,299080,2306916,,5448604,3839808,738752,5546404,,32,32,32,32,,19724532,18550832,17243336,19750552
5655,0,1423,171,2,1206,1,44,88229064,6839368,15618464,128,75317192,,23326880,25995620,14149200,24757364,,2359088,1960016,242060,2278204,,5535572,3839440,724048,5519404,,32,32,32,32,,19725760,18552688,17286496,19752248
5657,1,1424,171,2,1207,1,44,87359152,7301968,16058708,128,74883140,,23351008,26007160,13687560,24313424,,2345864,1943388,289916,2722800,,5522404,3825732,744456,5966116,,32,32,32,32,,19725880,18555564,17256712,19344984
5660,1,1425,171,2,1208,1,44,87918552,7657640,16378288,128,74857392,,22938976,25984696,14511324,24483556,,2768324,1961680,386680,2540956,,5944872,3844124,792496,5796796,,32,32,32,32,,19482252,18555660,17205308,19614172
5663,1,1426,171,2,1209,1,44,88836052,6687592,15502252,128,75344540,,23361336,26033204,14593576,24847936,,2323604,1913588,290084,2160316,,5500308,3800808,780320,5420816,,32,32,32,32,,19726056,18560488,17288160,19769836
5667,0,1427,172,2,1210,1,43,89232984,6933988,15770072,128,75198000,,23318724,25842580,15245792,24825888,,2339792,2142340,271128,2180728,,5516624,4030044,782164,5441240,,32,32,32,32,,19726136,18393700,17308320,19769844
5669,1,1428,172,2,1211,1,43,89353216,6809640,15659668,128,75377676,,23328432,26007912,15254048,24762824,,2330944,1973956,249256,2255484,,5507956,3865240,770332,5516140,,32,32,32,32,,19726368,18564320,17317044,19769944
5672,1,1429,172,2,1212,1,43,89011568,7139332,16006556,128,75102896,,22929484,26057772,15263740,24760572,,2762992,1890500,240344,2245496,,5942004,3781872,776340,5506340,,32,32,32,32,,19436620,18564424,17331688,19770164
5675,1,1430,172,2,1213,1,43,91256856,7272064,16124632,128,74996460,,23322712,26052828,17293964,24587352,,2363648,1910780,560104,2437532,,5542900,3803752,1079628,5698352,,32,32,32,32,,19728608,18566048,16997384,19704420
5678,1,1431,172,2,1214,1,43,91520968,6940992,15900084,128,75411836,,23317048,26051304,17561844,24590772,,2358964,1908716,232520,2440792,,5544368,3802336,851556,5701824,,32,32,32,32,,19734764,18566696,17400432,19709944
5681,1,1432,172,2,1215,1,43,87594076,7106124,15967304,128,75277488,,23218380,26062552,13745264,24567880,,2473436,1895088,259260,2478340,,5660088,3789756,775412,5742048,,32,32,32,32,,19672084,18567764,17319972,19717668
5684,1,1433,172,2,1216,1,43,88572572,6983652,15792316,128,75329660,,23347560,26067452,14577316,24580244,,2333460,1884496,298032,2467664,,5521464,3779264,758340,5733248,,32,32,32,32,,19737340,18567824,17261144,19763352
5687,1,1434,172,2,1217,1,43,88198148,7328652,16257728,128,75078996,,23342876,26064316,14604748,24186208,,2345012,1875736,316868,2791036,,5533028,3771172,844692,6108836,,32,32,32,32,,19737348,18568472,17328028,19445148
5690,1,1435,172,2,1218,1,43,88125252,5094200,15693312,128,77129836,,23297936,26062176,14081724,24683416,,2373524,1869676,244368,606632,,5563728,3765244,771828,5592512,,32,32,32,32,,19739536,18568572,17326556,21495172
5693,2,1436,171,2,1219,1,44,91226980,5740936,16454980,128,76661284,,23227632,25369136,17879180,24751032,,2461664,2585956,344392,348924,,5656036,4482244,759540,5557160,,32,32,32,32,,19743596,17987472,17212748,21717468
5697,1,1437,171,2,1219,1,44,93340268,6875172,15688952,128,75338860,,23241184,26083232,19229572,24786280,,2449004,1844560,321052,2260556,,5643384,3741384,822584,5481600,,32,32,32,32,,19743604,18569748,17295128,19730380
5700,1,1438,171,2,1221,1,44,93305136,6903252,15728384,128,75369448,,23197244,26073552,19250272,24784068,,2499828,1857440,280552,2265432,,5696420,3755756,789600,5486608,,32,32,32,32,,19745812,18571228,17321944,19730464
5703,1,1439,171,2,1222,1,44,93559964,6772760,15684948,128,75440992,,23260012,26064052,19468312,24767588,,2402208,1846460,248268,2275824,,5598844,3747512,837280,5501312,,32,32,32,32,,19745856,18573960,17386408,19734768
5706,1,1440,171,2,1223,1,44,88785684,6854884,15703172,128,75283136,,23235180,26069144,14713996,24767364,,2415148,1837672,323760,2278304,,5612040,3740048,847276,5503808,,32,32,32,32,,19649856,18575288,17323208,19734784
5709,1,1441,171,2,1224,1,44,87297144,6851116,15729008,128,75410528,,23364428,26025624,13258376,24648716,,2285100,1886940,269416,2409660,,5483216,3794364,816124,5635304,,32,32,32,32,,19747452,18580280,17347972,19734824
5712,1,1442,171,2,1225,1,44,91411220,7194180,16043108,128,75129168,,23376732,25673936,17659448,24701104,,2250688,2320832,256604,2366056,,5449948,4228888,770452,5593820,,32,32,32,32,,19748608,18328172,17315400,19736988
5715,1,1443,171,2,1226,1,44,91911544,6849064,15607624,128,75287492,,23387880,26029680,17768476,24725508,,2240352,1920448,364148,2324116,,5440904,3831064,781876,5553780,,32,32,32,32,,19749904,18583460,17215236,19738892
5718,1,1444,171,2,1227,1,44,91569912,7182360,16040760,128,75095636,,22975536,26031880,17867760,24694736,,2651904,1914772,264484,2351200,,5852736,3825796,781148,5581080,,32,32,32,32,,19459136,18583860,17313580,19739060
5721,1,1445,171,2,1228,1,44,92776496,6794888,15568484,128,75302872,,23390400,26087060,18603840,24695196,,2226016,1849516,372200,2347156,,5426748,3761144,803548,5577044,,32,32,32,32,,19750084,18584420,17229304,19739064
5724,1,1446,171,2,1229,1,44,92975944,7029800,15985076,128,74898888,,23387960,26088164,18672400,24827420,,2242316,1839040,739736,2208708,,5443184,3751160,1350316,5440416,,32,32,32,32,,19750220,18584892,16822760,19741016
5727,1,1447,171,2,1230,1,44,91601616,6769468,15506360,128,75218920,,23363896,26070864,17450948,24715908,,2256676,1854088,346340,2312364,,5457552,3766504,737884,5544420,,32,32,32,32,,19750228,18585184,17192824,19690684
5730,1,1448,171,2,1231,1,44,91448096,6933860,15781304,128,74984872,,23384632,25768216,17579232,24716016,,2218408,2159652,241936,2313864,,5419444,4073860,742056,5545944,,32,32,32,32,,19750384,18242808,17300796,19690884
5733,1,1449,170,2,1232,1,45,91577288,7141464,15964948,128,74850420,,23367084,26056840,17903356,24250008,,2233096,1873276,266552,2768540,,5434204,3788096,741864,6000784,,32,32,32,32,,19750416,18523880,17276152,19299972
5736,1,1450,170,2,1233,1,45,93633128,7305820,16247224,128,74813888,,23338836,26090960,20060776,24142556,,2255784,1811780,331380,2906876,,5457024,3729616,921524,6139060,,32,32,32,32,,19750544,18572980,17190348,19300016
5739,1,1451,170,2,1234,1,45,86510780,7303464,16123072,128,74894368,,23343480,26093636,12979160,24094504,,2253588,1819624,275380,2954872,,5454988,3740444,740416,6187224,,32,32,32,32,,19750708,18576140,17267360,19300160
5742,0,1452,170,2,1235,1,45,87827280,7732560,16581564,128,74566076,,23333432,25717584,14710752,24065512,,2269448,2217776,251436,2993900,,5474080,4141464,739732,6226288,,32,32,32,32,,19753908,18221076,17290376,19300716
5745,0,1453,169,2,1236,1,46,90893896,7305812,16116808,128,74826072,,23001748,26173388,17357300,24361460,,2600024,1754396,269576,2681816,,5805912,3678300,716540,5916056,,32,32,32,32,,19389880,18595148,17247956,19593088
5747,1,1454,169,2,1237,1,46,87838128,6608824,15456152,128,75377988,,23340960,26150868,13674016,24672284,,2241556,1757744,264548,2344976,,5451560,3685848,739156,5579588,,32,32,32,32,,19759276,18599300,17275672,19743740
5751,0,1455,169,2,1238,1,46,88160168,6763548,15557056,128,75321776,,23343916,26149588,13978512,24688152,,2327832,1762700,354880,2318136,,5538088,3691112,774800,5553056,,32,32,32,32,,19759480,18599588,17218660,19744048
5753,1,1456,169,2,1239,1,46,87846040,7090628,15948288,128,75069964,,22977704,26150812,14030432,24687092,,2714108,1766592,293240,2316688,,5924396,3695488,769584,5558820,,32,32,32,32,,19543196,18600020,17273636,19653112
5756,1,1457,169,2,1240,1,46,87398452,6639280,15581232,128,75467608,,23279024,26156652,13167812,24794964,,2400448,1768976,281112,2188744,,5612932,3698516,835372,5434412,,32,32,32,32,,19761708,18600536,17351148,19754216
5759,1,1458,170,2,1241,1,45,87423764,6640528,15600016,128,75484712,,23292732,26182228,13167304,24781500,,2384532,1745920,312408,2197668,,5597116,3677088,882260,5443552,,32,32,32,32,,19761872,18601856,17366564,19754420
5762,1,1459,170,2,1242,1,45,91716444,5796124,15492628,128,76221540,,23337420,26212584,17383148,24783292,,2325572,938536,325596,2206420,,5538212,3619264,882732,5452420,,32,32,32,32,,19761984,19350520,17354476,19754560
5765,1,1460,170,2,1243,1,45,91689824,5369544,15792088,128,76657988,,23088876,26361140,17462464,24777344,,2595752,316332,239152,2218308,,5811096,3663632,852936,5464424,,32,32,32,32,,19488332,20004372,17410624,19754660
5769,1,1461,171,2,1243,1,44,90519336,5422624,15875036,128,76758708,,23389996,26278244,16190692,24660404,,2290516,396000,410408,2325700,,5507540,3716320,1079152,5572024,,32,32,32,32,,19766440,19975172,17262248,19754848
5772,1,1462,172,2,1245,1,43,93096672,5189664,15524056,128,76843932,,23381280,26164520,18832184,24718688,,2284332,396620,266372,2242340,,5502504,3741684,791220,5488648,,32,32,32,32,,19767592,19999112,17322428,19754800
5775,2,1463,171,2,1246,1,44,84921356,5579532,16066676,128,76620804,,22998312,22197716,14999136,24726192,,2659920,376612,288904,2254096,,5877948,3882312,804116,5502300,,32,32,32,32,,19317248,20233820,17313052,19756684
5779,1,1464,170,2,1247,1,45,81680884,7398592,15817256,128,74829796,,23434800,19481164,14212516,24552404,,2221364,2340576,400756,2435896,,5439540,3882652,811168,5683896,,32,32,32,32,,19769028,18279012,17207912,19573844
5782,1,1465,169,2,1248,1,46,81829688,7442652,16018828,128,74646004,,23441924,19552464,13980468,24854832,,2210784,2291364,833044,2107460,,5428964,3840624,1391764,5357476,,32,32,32,32,,19769028,18286116,16831860,19759000
5785,1,1466,168,2,1249,1,47,83078760,6836048,15361108,128,75128320,,23440960,19596124,15209696,24831980,,2220316,2234704,253708,2127320,,5443024,3787036,753632,5377416,,32,32,32,32,,19773560,18289252,17306500,19759008
5788,1,1467,168,2,1250,1,47,83957108,7140192,15681252,128,74811256,,23445276,19280432,16402728,24828672,,2201460,2557616,246404,2134712,,5424452,4113536,758232,5385032,,32,32,32,32,,19773896,17958744,17319400,19759216
5791,1,1468,169,2,1251,1,46,85510784,7201924,15727760,128,74936316,,23277988,19609528,17947936,24675332,,2409468,2218664,273352,2300440,,5636308,3774896,765796,5550760,,32,32,32,32,,19694708,18293224,17290124,19658260
5794,1,1469,169,2,1252,1,46,84786176,7224144,15720628,128,75011224,,23324540,19607312,17256556,24597768,,2362240,2223524,289924,2348456,,5589244,3781416,747916,5602052,,32,32,32,32,,19777360,18294896,17257772,19681196
5797,1,1470,170,2,1253,1,45,82446612,7281932,15736484,128,74975704,,23422532,19608548,14916784,24498748,,2254996,2215692,344840,2466404,,5481800,3774220,760484,5719980,,32,32,32,32,,19777508,18295544,17214232,19688420
5800,1,1471,170,2,1254,1,45,82499728,7244000,15789032,128,75083644,,23397412,19611644,14993164,24497508,,2262916,2203476,257496,2520112,,5491064,3763384,760696,5773888,,32,32,32,32,,19778900,18296940,17301388,19706416
5804,1,1472,170,2,1255,1,45,80945116,7179316,15821180,128,75234128,,23371284,19633316,13393280,24547236,,2188788,2183288,278496,2528744,,5516192,3743648,772980,5788360,,32,32,32,32,,19876108,18297376,17293480,19767164
5807,1,1473,170,2,1256,1,45,86465904,5392556,15864268,128,76910940,,23369668,19601256,18969384,24525596,,376756,2211480,283776,2520544,,5552752,3772044,759020,5780452,,32,32,32,32,,21724684,18297668,17272792,19615796
5810,1,1474,169,2,1257,1,46,86778980,4708040,15725144,128,77608828,,23298280,19549040,19114644,24817016,,287348,2286608,292648,1841436,,5615280,3847796,790260,5471808,,32,32,32,32,,21876540,18298284,17295772,20138232
5813,1,1475,169,2,1258,1,46,85279972,3920580,16276596,128,78341280,,22836244,19606356,17990536,24846836,,740396,2211200,372316,596668,,6068024,3773012,1036044,5399516,,32,32,32,32,,21417200,18298992,17209508,21415580
5817,1,1476,169,2,1258,1,46,81164716,7093136,15631872,128,75145612,,23327196,19600724,13412176,24824620,,2307416,2236916,364776,2184028,,5548896,3799572,920172,5363232,,32,32,32,32,,19790608,18299564,17263456,19791984
5821,1,1477,170,2,1260,1,45,80517660,7213140,15701724,128,74946976,,23107696,19630468,12965464,24814032,,2527336,2211748,230620,2243436,,5771044,3775600,776076,5379004,,32,32,32,32,,19555712,18301008,17342008,19748248
5824,1,1478,170,2,1261,1,45,81385296,6876440,15352776,128,75171580,,23452308,19642020,13477972,24812996,,2174192,2185740,271620,2244888,,5420620,3752720,798764,5380672,,32,32,32,32,,19793368,18304152,17325596,19748464
5827,1,1479,170,2,1262,1,45,86557432,6996984,15404536,128,75068164,,23444816,19635876,18736472,24740268,,2166060,2179780,351212,2299932,,5416656,3747632,804580,5435668,,32,32,32,32,,19797468,18305036,17252016,19713644
5830,1,1480,170,2,1263,1,45,86478504,6887388,15743908,128,75215284,,23449684,19587416,18676412,24764992,,2174092,2232208,468632,2012456,,5425120,3801408,1104340,5413040,,32,32,32,32,,19797900,18306328,17097824,20013232
5833,1,1481,170,2,1264,1,45,79727304,5916100,16049812,128,76217160,,23446932,18775144,12493116,25012112,,2175512,3044196,297760,398632,,5427472,4618308,708920,5295112,,32,32,32,32,,19798752,17542596,17213192,21662620
5837,0,1482,170,2,1265,1,45,80217464,5040684,15568552,128,77126672,,23463424,19613096,12379680,24761264,,2164136,2218736,281516,376296,,5419476,3797104,786712,5565260,,32,32,32,32,,19802088,18315588,17308176,21700820
5840,0,1483,171,2,1266,1,44,86421264,5093760,15547068,128,77029888,,23429040,19604272,18617420,24770532,,2233016,2220556,292032,348156,,5487424,3799348,718856,5541440,,32,32,32,32,,19783724,18316004,17229160,21701000
5843,1,1484,171,2,1267,1,44,86318224,6842732,15310000,128,75061924,,23499736,19670736,18289512,24858240,,2185536,2146408,339704,2171084,,5439996,3725692,706812,5437500,,32,32,32,32,,19802344,18316548,17168804,19774228
5846,1,1485,171,2,1268,1,44,81792836,7341896,15874380,128,74823384,,23193568,19646560,14295552,24657156,,2515072,2170440,280752,2375632,,5769620,3750276,711156,5643328,,32,32,32,32,,19648568,18317140,17230736,19626940
5849,0,1486,171,2,1269,1,44,81815848,6772596,15324820,128,75144108,,23497040,19663964,13790600,24864244,,2167844,2179240,267616,2157896,,5423740,3760508,714712,5425860,,32,32,32,32,,19802656,18318532,17247136,19775784
5852,1,1487,171,2,1270,1,44,80248892,7482340,16039532,128,74842856,,23479652,19489148,12878148,24401944,,2216228,2377948,273380,2614784,,5472224,3959444,725188,5882676,,32,32,32,32,,19802664,18318656,17250364,19471172
5855,1,1488,170,2,1271,1,45,85238684,7271840,15746976,128,74933860,,23484664,20020676,17298336,24435008,,2214240,2128120,345184,2584296,,5470384,3714812,709488,5852292,,32,32,32,32,,19802804,18324380,17163184,19643492
5858,1,1489,170,2,1272,1,45,85443188,7059132,15655000,128,75173000,,23477132,20015456,17408736,24541864,,2204480,2121884,242008,2490760,,5460636,3708952,726640,5758772,,32,32,32,32,,19802824,18324720,17282596,19762860
5861,1,1490,170,2,1273,1,45,83495340,7150296,15743060,128,75112724,,23370184,20013992,15553528,24557636,,2314204,2112024,264244,2459824,,5571640,3701196,741356,5728868,,32,32,32,32,,19734748,18326844,17275256,19775876
5864,0,1491,171,2,1274,1,44,82485336,7497848,16241924,128,74908316,,23378752,20038520,14522316,24545748,,2315156,2099532,612036,2471124,,5573740,3689120,1235008,5744056,,32,32,32,32,,19758392,18327248,17042956,19779720
5867,1,1492,172,2,1275,1,43,86042616,7030592,15575416,128,75104536,,23306020,20045132,17925908,24765556,,2391232,2076780,289564,2273016,,5649892,3666804,712844,5545876,,32,32,32,32,,19770956,18327684,17225760,19780136
5870,0,1493,171,2,1276,1,44,85173688,7131300,15649432,128,75089500,,23269900,20041180,17060180,24802428,,2437884,2092472,381400,2219544,,5696640,3682756,773212,5496824,,32,32,32,32,,19785760,18327936,17191100,19784704
5873,0,1494,170,2,1277,1,45,85342860,6947432,15572820,128,75209800,,23371936,20051660,17180384,24738880,,2330632,2091968,246360,2278472,,5589468,3682628,743308,5557416,,32,32,32,32,,19805404,18328308,17294792,19781296
5875,1,1495,170,2,1278,1,45,86128076,6302456,15765448,128,75886852,,23326156,20049616,17939456,24812848,,1550700,2081656,483192,2186908,,5623988,3675032,998260,5468168,,32,32,32,32,,20619848,18331036,17147280,19788688
5879,1,1496,170,2,1278,1,45,81618504,5928700,16535520,128,76324332,,23391024,19068700,14354496,24804284,,398272,3081852,250428,2198148,,5579796,4681008,795088,5479628,,32,32,32,32,,21728044,17463212,17344164,19788912
5882,1,1497,170,2,1280,1,45,84023800,7422576,16111704,128,74689424,,23442916,19480820,16299836,24800228,,2271140,2653572,295844,2202020,,5506936,4252744,868516,5483508,,32,32,32,32,,19782340,17742072,17376092,19788920
5886,1,1498,168,2,1280,1,47,82057808,6986740,15600732,128,75210968,,23401448,20083888,13880096,24692376,,2317516,2050356,294408,2324460,,5557584,3653436,783636,5606076,,32,32,32,32,,19786828,18341148,17294056,19788936
5890,1,1499,168,2,1282,1,47,81213236,6879280,15456400,128,75173636,,23470204,20063512,12928988,24750532,,2228552,2062408,333172,2255148,,5470888,3666696,781784,5537032,,32,32,32,32,,19788864,18342296,17253216,19789260
