Start,GetPodsTime,Wanted,Running,Creating,Pending,Terminating,Error,Total Active Memory,Total Free Memory,Total Available,Total Buffers,Total Cached,Active,0,1,2,3,Free,0,1,2,3,Available,0,1,2,3,Buffers,0,1,2,3,Cached,0,1,2,3
1,0,0,0,0,0,1,0,12924088,107693856,119980972,7920,14105568,,3984292,2291580,2852820,3795396,,26102468,28128956,26903112,26559320,,29191100,30843956,30479428,29466488,,1980,1980,1980,1980,,3468168,3417840,3938432,3281128
4,0,1,0,1,0,0,0,12626080,107966412,120253276,7920,13806548,,3984464,1995812,2853992,3791812,,26094744,28414600,26903040,26554028,,29183420,31129128,30479392,29461336,,1980,1980,1980,1980,,3468272,3118552,3938464,3281260
6,0,2,0,2,0,0,0,13089776,107513148,119846112,7920,14209820,,3979776,2224072,2854592,4031336,,26104016,28190896,26897816,26320420,,29192884,30905676,30474188,29273364,,1980,1980,1980,1980,,3468400,3346656,3938484,3456280
8,1,3,0,3,0,0,0,13508696,107095060,119476332,7920,14575180,,3979928,2274112,3053744,4200912,,26119084,28128064,26694152,26153760,,29207968,30843088,30318184,29107092,,1980,1980,1980,1980,,3468416,3404204,4076500,3626060
10,1,4,1,3,0,0,0,13777680,106814996,119212440,7920,14840732,,4017892,2286148,3261728,4211912,,26088104,28121012,26481632,26124248,,29186028,30838976,30105912,29081524,,1980,1980,1980,1980,,3477456,3429340,4283852,3650084
13,0,5,1,4,0,0,0,14267320,106167408,118705100,7920,15332932,,4344736,2418588,3286896,4217100,,25743132,27976128,26430724,26017424,,28877652,30694308,30055912,29077228,,1980,1980,1980,1980,,3765024,3498612,4316768,3752528
15,0,6,1,5,0,0,0,14777404,105371172,118174552,7920,15994436,,4412028,2654788,3450940,4259648,,25653560,27746176,26287020,25684416,,28791324,30464636,29912608,29005984,,1980,1980,1980,1980,,3840652,3729864,4416088,4007832
17,0,7,1,6,0,0,0,15052532,104889432,117888528,7920,16443812,,4462636,2692896,3648580,4248420,,25561192,27677388,25967732,25683120,,28747800,30396044,29697844,29046840,,1980,1980,1980,1980,,3899096,3781604,4714600,4048512
19,1,8,1,7,0,0,0,15449920,103810616,117436112,7920,17332468,,4772500,2705160,3697768,4274492,,25070044,27688984,25673220,25378368,,28424196,30408556,29621484,28981876,,1980,1980,1980,1980,,4296408,3794060,4958812,4283188
22,0,9,2,7,0,0,0,15934816,102949032,116916304,7920,18053280,,4838252,2824860,3703120,4568584,,24729372,27568524,25419364,25231772,,28333260,30288564,29629812,28664668,,1980,1980,1980,1980,,4625824,3851756,5211016,4364684
24,0,10,3,7,0,0,0,16409624,102565724,116445504,7920,18400260,,4847980,3056964,3860104,4644576,,24721680,27341108,25354816,25148120,,28337364,30061464,29465408,28581268,,1980,1980,1980,1980,,4654092,4084700,5212736,4448732
26,0,11,7,4,0,0,0,16970244,101964096,115847908,7920,18906656,,4864648,3113908,4075508,4916180,,24700216,27258240,25129804,24875836,,28317448,29978624,29241064,28310772,,1980,1980,1980,1980,,4670308,4151196,5427180,4657972
28,1,12,8,4,0,0,0,17211936,101709848,115596020,7920,19120856,,4909028,3135912,4116104,5050892,,24656076,27240364,25069864,24743544,,28273656,29961928,29181716,28178720,,1980,1980,1980,1980,,4680448,4173476,5475436,4791496
31,0,13,9,4,0,0,0,17632092,101283796,115176100,7920,19478064,,5190184,3263544,4116892,5061472,,24366168,27103756,25097140,24716732,,27984360,29825568,29211048,28155124,,1980,1980,1980,1980,,4930564,4221860,5492628,4833012
33,0,14,10,4,0,0,0,18092840,100783516,114678660,7920,19918460,,5251040,3492388,4273664,5075748,,24268172,26866212,24923760,24725372,,27886600,29588376,29038512,28165172,,1980,1980,1980,1980,,5018548,4467260,5582616,4850036
35,0,15,11,4,0,0,0,18674636,100187856,114085732,7920,20447788,,5274708,3556788,4510552,5332588,,24261412,26777744,24690324,24458376,,27881072,29500096,28805700,27898864,,1980,1980,1980,1980,,5049480,4539676,5817012,5041620
37,1,16,12,4,0,0,0,18963520,99888348,113788256,7920,20710232,,5326088,3590180,4557528,5489724,,24203644,26764976,24623824,24295904,,27823696,29488416,28739432,27736712,,1980,1980,1980,1980,,5070192,4571228,5870336,5198476
39,1,17,13,4,0,0,0,19425100,99395456,113298824,7920,21084244,,5599276,3718604,4580584,5526636,,23933904,26621608,24594652,24245292,,27554584,29345336,28712056,27686848,,1980,1980,1980,1980,,5309976,4638636,5894224,5241408
42,0,18,15,3,0,0,0,19965568,98842180,112747836,7920,21561316,,5697020,3967928,4749952,5550668,,23816304,26375192,24422912,24227772,,27437480,29099240,28540996,27670120,,1980,1980,1980,1980,,5416388,4886364,5998056,5260508
44,0,19,15,4,0,0,0,20594628,98171580,112080092,7920,22123056,,5741360,4033400,4980312,5839556,,23780388,26281120,24185960,23924112,,27402672,29005308,28304996,27367116,,1980,1980,1980,1980,,5455920,4957176,6227944,5482016
46,0,20,16,4,0,0,0,20870488,97894932,111805264,7920,22378796,,5800764,4069328,5035532,5964864,,23712072,26281480,24123180,23778200,,27334776,29006584,28242332,27221572,,1980,1980,1980,1980,,5480896,4990504,6293280,5614116
48,1,21,17,4,0,0,0,21386504,97392140,111306872,7920,22798148,,6090996,4215928,5066720,6012860,,23422576,26114744,24109400,23745420,,27045896,28840464,28230568,27189944,,1980,1980,1980,1980,,5741040,5073124,6323452,5660532
51,0,22,19,3,0,0,0,21406508,96858924,110773784,7920,23235348,,5695900,4479868,5200648,6030092,,23327688,25857448,23948716,23725072,,26948172,28585280,28070352,27169980,,1980,1980,1980,1980,,5827588,5325532,6400696,5681532
53,0,23,19,4,0,0,0,22012112,96203664,110120688,7920,23787032,,5734680,4532504,5449312,6295616,,23282996,25767200,23695292,23458176,,26903704,28495280,27817884,26903820,,1980,1980,1980,1980,,5864484,5394652,6647516,5880380
55,0,24,20,3,0,0,1,21072648,96163684,110072328,7920,23752784,,5801956,4275672,5031308,5963712,,23224876,26028216,23622984,23287608,,26841508,28756872,27742012,26731936,,1980,1980,1980,1980,,5887264,5114504,6716280,6034736
57,1,25,20,4,0,0,1,21811324,95447232,109347464,7920,24382444,,6117264,4587824,5077652,6028584,,22920596,25707492,23601320,23217824,,26535184,28436660,27718748,26656872,,1980,1980,1980,1980,,6164748,5376104,6755768,6085824
60,0,26,21,4,0,0,1,22384820,94887660,108786512,7920,24884052,,6200792,4861476,5270680,6051872,,22824720,25428700,23417992,23216248,,26434692,28158288,27537880,26655652,,1980,1980,1980,1980,,6249020,5649308,6876224,6109500
62,0,27,24,2,0,0,0,23462976,94230460,108129564,7920,25469148,,6674980,4928952,5502040,6357004,,22779656,25361248,23177116,22912440,,26385792,28092528,27297684,26353560,,1980,1980,1980,1980,,6305432,5721892,7103048,6338776
64,0,28,25,3,0,0,0,23704764,93955088,107849308,7920,25716748,,6701108,4967240,5563124,6473292,,22758556,25311356,23092992,22792184,,26364876,28044084,27206292,26234056,,1980,1980,1980,1980,,6331444,5760652,7158028,6466624
66,1,29,25,3,0,0,1,24050928,93609124,107508332,7920,25877176,,7063340,4857936,5598084,6531568,,22390052,25417876,23076140,22725056,,26005212,28150732,27189564,26162824,,1980,1980,1980,1980,,6597980,5571144,7191300,6516752
69,0,30,26,3,0,0,1,25218612,92851436,106759188,7920,26574308,,7157580,5265900,6224848,6570284,,22280264,25001812,22862728,22706632,,25896656,27735148,26987428,26139956,,1980,1980,1980,1980,,6715248,5979396,7330616,6549048
71,0,31,26,4,0,0,1,25395876,92662316,106582892,7920,26721036,,7211888,5370676,6459964,6353348,,22225580,24879844,22641220,22915672,,25843764,27614140,26765648,26359340,,1980,1980,1980,1980,,6770532,6084100,7558980,6307424
73,0,32,28,3,0,0,1,25611808,92887104,106809768,7920,26415280,,6484052,5425608,6513720,7188428,,22982548,24854600,22568056,22481900,,26605448,27590064,26692804,25921452,,1980,1980,1980,1980,,5988628,6135584,7619268,6671800
75,1,33,26,4,0,0,3,26765048,91687144,105609100,7920,27435568,,7281556,5551828,6556780,7374884,,22168412,24709580,22520960,22288192,,25792512,27445368,26642280,25728940,,1980,1980,1980,1980,,6707124,6202980,7662180,6863284
78,0,34,28,3,0,0,3,26982644,90906468,104840776,7920,28087132,,7471768,5835100,6738968,6936808,,21922132,24416204,22334216,22233916,,25546660,27152480,26465744,25675892,,1980,1980,1980,1980,,6914960,6485428,7779580,6907164
80,0,35,31,3,0,0,1,26709076,91669708,105618596,7920,27333868,,7543700,5901092,6013060,7251224,,21873756,24334992,23048584,22412376,,25501472,27071336,27189844,25855944,,1980,1980,1980,1980,,6984196,6565680,7137788,6646204
82,0,36,31,3,0,0,2,27182760,90743356,104695488,7920,28178156,,7634376,5954492,6338560,7255332,,21783660,24308316,22696308,21955072,,25412436,27045844,26838336,25398872,,1980,1980,1980,1980,,7036612,6617204,7427716,7096624
84,1,37,30,4,0,0,3,26612992,91284040,105239784,7920,27566508,,7613864,6103488,5512104,7383536,,21790328,24119832,23583544,21790336,,25419680,26857820,27725756,25236528,,1980,1980,1980,1980,,6972856,6699596,6665048,7229008
87,0,38,30,3,0,0,5,27585284,90323356,104289948,7920,28386080,,7913748,5901260,6070012,7700264,,21483016,24343032,23003272,21494036,,25113336,27080332,27148404,24947876,,1980,1980,1980,1980,,7275684,6532488,7100672,7477236
89,0,39,31,3,0,0,5,28273324,89571828,103543024,7920,28962880,,7991568,5963288,6468344,7850124,,21393132,24253280,22580908,21344508,,25025860,26990704,26727368,24799092,,1980,1980,1980,1980,,7359756,6517756,7450864,7634504
91,1,40,33,3,0,0,4,29054840,88751940,102731232,7920,29692172,,8095816,6284948,6764768,7909308,,21291656,23931992,22254120,21274172,,24926588,26670636,26403320,24730688,,1980,1980,1980,1980,,7427708,6832228,7738952,7693284
94,0,41,35,3,0,0,3,28379732,88901832,102886624,7920,29442628,,8416476,6482800,6383552,7096904,,20976144,23695372,22648392,21581924,,24612252,26436308,26799344,25038720,,1980,1980,1980,1980,,7715948,6973200,7374192,7379288
96,0,42,36,4,0,0,2,29454728,87817792,101808264,7920,30408912,,8503764,6759872,6848500,7342592,,20872360,23429488,22180676,21335268,,24508920,26171336,26335236,24792772,,1980,1980,1980,1980,,7814172,7250096,7718792,7625852
98,0,43,37,4,0,0,2,29799384,87932992,101926220,7920,30257048,,8145844,6854044,7169812,7629684,,21233268,23340828,21851272,21507624,,24871508,26083080,26006652,24964980,,1980,1980,1980,1980,,7440936,7354340,8051440,7410332
100,1,44,35,4,0,0,5,31251624,86941564,100947456,7920,31095476,,8742128,6910860,7265504,8333132,,20626184,23287568,21742128,21285684,,24270188,26031860,25899364,24746044,,1980,1980,1980,1980,,7968452,7408912,8157260,7560852
103,0,45,37,4,0,0,4,30776644,86870864,100881000,7920,31048772,,8190516,6631516,7314660,8639952,,20672060,23561268,21699172,20938364,,24315764,26305384,25858372,24401480,,1980,1980,1980,1980,,7895012,7082516,8202560,7868684
105,0,46,35,4,0,0,7,31282372,86340948,100358100,7920,31413752,,8392504,6524704,7374168,8990996,,20453028,23659088,21639740,20589092,,24101216,26401844,25799228,24055812,,1980,1980,1980,1980,,8101984,6906056,8257304,8148408
107,1,47,38,4,0,0,5,31413036,85671772,99686808,7920,31941292,,7975036,7069644,7572684,8795672,,20381076,23069896,21432092,20788708,,24023516,25814168,25592104,24257020,,1980,1980,1980,1980,,8158024,7449132,8391036,7943100
110,0,48,39,4,0,0,5,31796196,85245992,99279432,7920,32293904,,8149836,7226352,7321384,9098624,,20707800,22887200,21182060,20468932,,24359088,25636128,25343120,23941096,,1980,1980,1980,1980,,7788684,7610600,8647408,8247212
112,0,49,43,3,0,0,3,32720560,84380980,98411744,7920,33119496,,8730648,7408644,7406884,9174384,,20138384,22745636,21103196,20393764,,23785048,25495444,25264740,23866512,,1980,1980,1980,1980,,8331896,7731196,8729996,8326408
114,1,50,44,3,0,0,3,33058912,84485328,98519820,7920,32879100,,8895508,7251960,7656428,9255016,,19933916,22902692,21331020,20317700,,23579172,25651844,25494104,23794700,,1980,1980,1980,1980,,8499188,7556872,8418880,8404160
117,0,51,43,4,0,0,4,33322076,83233708,97271940,7920,34043996,,8964180,7599072,7683852,9074972,,19878996,22534308,20812304,20008100,,23526408,25284028,24975884,23485620,,1980,1980,1980,1980,,8574396,7906100,8922664,8640836
119,0,52,46,3,0,0,3,33400660,82632272,96675688,7920,34585208,,9069376,7727692,7340804,9262788,,19753780,22386700,20662844,19828948,,23412948,25138756,24823072,23300912,,1980,1980,1980,1980,,8651424,8036044,9067060,8830680
121,0,53,46,4,0,0,3,34542876,82418128,96466092,7920,34735596,,9391732,7916584,7418508,9816052,,19898564,22193884,20599360,19726320,,23558240,24947132,24763276,23197444,,1980,1980,1980,1980,,8517384,8159428,9142292,8916492
123,1,54,48,4,0,0,2,35528460,81386920,95443052,7920,35591892,,9785568,8207056,8119252,9416584,,19487724,21906216,20343156,19649824,,23148176,24662032,24510836,23122008,,1980,1980,1980,1980,,8858140,8443188,9307176,8983388
126,0,55,50,3,0,0,2,35365452,82002924,96072324,7920,34828200,,9947624,7896720,8036524,9484584,,19302744,22204884,20444668,20050628,,22965796,24960316,24615192,23531020,,1980,1980,1980,1980,,9023252,8128556,9195644,8480748
128,0,56,47,3,0,0,6,35834308,81022892,95096380,7920,35716856,,9690532,8185580,8341160,9617036,,19577952,21916112,20105084,19423744,,23241404,24673724,24276320,22904932,,1980,1980,1980,1980,,8713532,8416856,9494312,9092156
130,1,57,48,3,0,0,6,35975852,80362780,94440288,7920,36230804,,9790728,7973076,8440020,9772028,,19007340,22110912,20007360,19237168,,22670660,24868600,24180420,22720608,,1980,1980,1980,1980,,9249052,8122656,9609416,9249680
133,0,58,48,3,0,0,7,37158436,80096992,94176784,7920,36385364,,10001020,8174576,8666884,10315956,,19227120,21908636,19778656,19182580,,22889300,24668032,23949244,22670208,,1980,1980,1980,1980,,8974344,8320408,9779588,9311024
135,0,59,50,3,0,0,6,37906344,79835724,93921024,7920,36577816,,10348296,8556840,9033636,9967572,,18890832,21494604,19900328,19549960,,22556296,24254992,24074128,23035608,,1980,1980,1980,1980,,9301172,8700444,9651340,8924860
137,1,60,50,3,0,0,7,37510200,79695300,93785128,7920,36566024,,10312888,8696388,8911940,9588984,,18916816,21359504,19988424,19430556,,22578828,24125664,24161396,22919240,,1980,1980,1980,1980,,9239880,8841204,9514348,8970592
140,0,61,50,3,0,0,8,36772708,79910624,94005100,7920,36249464,,10700204,8121688,8329792,9621024,,18513284,21926776,20095408,19375156,,22183144,24692308,24269632,22860016,,1980,1980,1980,1980,,9596644,8160176,9452580,9040064
142,0,62,47,3,0,0,12,37717380,79391008,93491380,7920,36555236,,10605180,8868432,8260740,9983028,,18602752,21175412,20620028,18992816,,22273524,23942228,24791444,22484184,,1980,1980,1980,1980,,9475904,8923416,8810952,9344964
144,1,63,45,4,0,0,14,39076320,77958964,92067888,7920,37872380,,10798356,9068688,9230388,9978888,,18437532,20912984,19611372,18997076,,22109224,23681068,23785396,22492200,,1980,1980,1980,1980,,9712220,9128876,9712804,9318480
147,0,64,46,4,0,0,14,40014884,77486912,91603892,7920,38303196,,10887480,9099964,9460136,10567304,,18316892,20949260,19360624,18860136,,21988904,23720736,23537272,22356980,,1980,1980,1980,1980,,9780116,9211984,9948440,9362656
149,0,65,47,3,0,0,15,40456388,77057944,91185328,7920,38604776,,10627420,9286296,9562496,10980176,,18587488,20757892,19277244,18435320,,22260952,23531092,23457768,21935516,,1980,1980,1980,1980,,9450548,9330912,10048364,9774952
151,1,66,51,4,0,0,11,40550976,76481644,90612060,7920,39159188,,11081724,9574180,9293352,10601720,,18124500,20470280,19076508,18810356,,21799300,23244352,23257648,22310760,,1980,1980,1980,1980,,9899264,9616560,10198192,9445172
154,0,67,49,4,0,0,14,40759656,76676908,90813660,7920,38754344,,10786364,9448228,9798548,10726516,,18380232,20564696,19044892,18687088,,22058904,23337060,23227520,22190176,,1980,1980,1980,1980,,9616028,9474880,10191432,9472004
156,0,68,53,3,0,0,12,42093444,75346604,89490700,7920,40035064,,11179856,9646208,9971020,11296360,,18004316,20380568,18869760,18091960,,21685784,23155004,23053764,21596148,,1980,1980,1980,1980,,9959048,9681112,10401072,9993832
158,1,69,53,4,0,0,12,41331832,75535320,89686216,7920,39682292,,11103836,9354812,10067268,10805916,,17575732,20654552,18759224,18545812,,21257044,23428592,22949308,22051272,,1980,1980,1980,1980,,10325800,9373352,10495956,9487184
161,0,70,53,4,0,0,13,42056408,74841348,88993936,7920,40314572,,11229016,9662164,9848844,11316384,,17448364,20351956,18985212,18055816,,21129688,23125420,23175968,21562860,,1980,1980,1980,1980,,10462296,9603052,10253256,9995968
163,0,71,58,3,0,0,10,42108388,74266328,88428320,7920,40754732,,11338604,9648632,9954584,11166568,,17339352,20327316,18861280,17738380,,21026844,23100952,23052036,21248488,,1980,1980,1980,1980,,10569556,9561980,10302236,10320960
165,1,72,59,3,0,0,10,43184536,73152448,87320968,7920,41770784,,11409452,9999348,10379368,11396368,,17274252,19963484,18406140,17508572,,20957184,22741596,22599228,21022960,,1980,1980,1980,1980,,10633856,9909248,10712696,10514984
168,0,73,63,3,0,0,7,43361852,72993624,87173880,7920,41806732,,11335580,9754476,10483280,11788516,,16867364,20232812,18314160,17579288,,20560660,23011168,22508208,21093844,,1980,1980,1980,1980,,10958420,9646456,10834680,10367176
170,0,74,62,3,0,0,9,44574832,72748564,86935888,7920,42020464,,11472808,10336248,10785168,11980608,,17698672,19637032,18011540,17401320,,21391320,22419048,22208292,20917228,,1980,1980,1980,1980,,10222416,10165716,11068584,10563748
172,1,75,62,4,0,0,9,44828984,72443204,86632824,7920,42144960,,11449984,10521288,10532412,12325300,,17697336,19431756,18270276,17043836,,21391004,22213980,22466828,20561012,,1980,1980,1980,1980,,10075168,10360848,10866228,10842716
175,0,76,61,3,0,0,12,45039528,72178512,86377028,7920,42110424,,11639032,10375092,10859188,12166216,,17500120,19564836,17925796,17187760,,21194640,22350336,22125012,20707040,,1980,1980,1980,1980,,10141544,10179004,11129608,10660268
177,0,77,63,3,0,0,11,44200772,71544624,85741640,7920,42712432,,12263420,10142092,10248964,11546296,,16862324,19807800,18039268,16835232,,20558576,22594428,22233620,20355016,,1980,1980,1980,1980,,10777872,9955752,10989332,10989476
180,0,78,62,3,0,0,13,45174648,70475244,84669512,7920,43464632,,12188996,10539832,10081628,12364192,,16878316,19388780,17720992,16487156,,20575868,22177876,21911560,20004208,,1980,1980,1980,1980,,10651128,10249500,11295776,11268228
182,0,79,65,3,0,0,11,46138048,70482468,84693808,7920,43470816,,12446460,10662868,10469656,12559064,,16657256,19244616,17798348,16782248,,20358260,22032740,22000684,20302124,,1980,1980,1980,1980,,10913348,10361728,11130372,11065368
184,1,80,65,3,0,0,12,46393356,70632132,84851136,7920,43155888,,11644776,10626376,11425900,12696304,,17448832,19263728,17307856,16611716,,21148956,22055924,21506576,20139680,,1980,1980,1980,1980,,10127312,10305688,11615904,11106984
187,0,81,64,4,0,0,13,46793940,70198824,84419792,7920,43487484,,12093312,10058772,11620948,13020908,,16992920,19833420,17091772,16280712,,20690828,22626912,21290728,19811324,,1980,1980,1980,1980,,10475220,9768496,11807100,11436668
189,0,82,64,4,0,0,14,46885612,69582516,83810940,7920,43850328,,12654564,10046120,11052404,13132524,,16390764,19835944,17188880,16166928,,20090460,22626072,21394468,19699940,,1980,1980,1980,1980,,11021156,9658196,11623352,11547624
192,0,83,63,3,0,0,17,47977304,67955440,82187636,7920,45284020,,12587132,10904644,11513744,12971784,,16439316,18943548,16730512,15842064,,20144488,21734324,20934352,19374472,,1980,1980,1980,1980,,10927952,10459680,12091264,11805124
194,0,84,65,4,0,0,15,48939740,67892256,82130464,7920,45321932,,12822684,11189220,11750540,13177296,,16218456,18623316,16928832,16121652,,19924740,21415968,21136900,19652856,,1980,1980,1980,1980,,11176916,10741824,11830864,11572328
196,0,85,65,4,0,0,16,49022892,67336840,81582532,7920,45695728,,13204576,11397424,11627448,12793444,,15809572,18447332,16596464,16483472,,19519132,21244560,20806728,20012112,,1980,1980,1980,1980,,11492084,10887192,12184948,11131504
199,0,86,69,4,0,0,13,50018816,66785260,81042548,7920,46161152,,13369328,11711244,11957680,12980564,,15648516,18130212,16721900,16284632,,19360064,20928576,20934556,19819352,,1980,1980,1980,1980,,11665184,11200104,11965196,11330668
201,0,87,67,4,0,0,16,49918120,66817364,81081332,7920,45916012,,13057276,11447892,11728444,13684508,,15963244,18362844,16957644,15533632,,19677684,21163172,21169988,19070488,,1980,1980,1980,1980,,11324980,10909328,11770180,11911524
203,1,88,67,3,0,0,18,48753212,67068380,81332504,7920,45748248,,12919420,11779696,11419428,12634668,,16134616,18053508,16758688,16121568,,19847056,20856496,20968848,19660104,,1980,1980,1980,1980,,11225640,11257344,11895884,11369380
206,0,89,67,3,0,0,19,49979648,65289664,79565840,7920,47407612,,12855984,11875868,11922432,13325364,,15679860,17987976,16224820,15397008,,19394364,20792676,20442304,18936496,,1980,1980,1980,1980,,11601744,11453876,12361172,11990820
208,1,90,73,3,0,0,14,51182284,65004892,79287172,7920,47539036,,13241492,11855020,12348280,13737492,,15277480,18011640,16265804,15449968,,18993892,20822300,20482424,18988556,,1980,1980,1980,1980,,11984568,11411628,12236512,11906328
211,0,91,73,3,0,0,15,51928968,64707972,78994768,7920,47711672,,13503976,12229116,12409320,13786556,,15470560,17619392,16212472,15405548,,19188904,20431264,20427808,18946792,,1980,1980,1980,1980,,11752128,11780028,12279176,11900340
213,0,92,71,4,0,0,17,51777924,64876148,79163612,7920,47409396,,13504408,12392864,12000888,13879764,,15512488,17458164,16598184,15307312,,19229252,20273884,20812452,18848024,,1980,1980,1980,1980,,11684432,11938688,11865772,11920504
216,0,93,68,4,0,0,21,52024964,64190204,78484496,7920,48091156,,12546160,12627972,12474628,14376204,,15952708,17226688,16216052,14794756,,19667788,20043424,20434512,18338772,,1980,1980,1980,1980,,11167608,12122304,12432920,12368324
218,0,94,70,3,0,0,21,53101456,63024088,77321428,7920,49022608,,13367284,12554904,12876776,14302492,,15097856,17285736,15778696,14861800,,18813316,20102636,19998024,18407452,,1980,1980,1980,1980,,11936584,12028832,12779760,12277432
220,1,95,70,3,0,0,22,53664428,62405832,76704860,7920,49523872,,13571456,12468636,13162024,14462312,,14879044,17363128,15491104,14672556,,18593436,20179056,19713140,18219228,,1980,1980,1980,1980,,12146044,11956376,13060636,12360816
223,0,96,73,3,0,0,20,52901576,63279188,77593812,7920,48844556,,13769440,12471400,12777680,13883056,,14705144,17356972,15871876,15345196,,18429816,20174088,20095052,18894856,,1980,1980,1980,1980,,12240084,11941680,12722296,11940496
225,1,97,74,3,0,0,20,53349900,62790692,77106280,7920,49055112,,14125192,12252120,12416200,14556388,,14363976,17554720,16232196,14639800,,18091928,20369584,20455192,18189576,,1980,1980,1980,1980,,12605336,11650148,12258112,12541516
228,0,98,75,3,0,0,20,55393880,60678028,75000436,7920,51025512,,14279620,13181440,13210920,14721900,,14180640,16609740,15433672,14453976,,17910784,19424748,19657984,18006920,,1980,1980,1980,1980,,12766460,12509824,13001636,12747592
230,1,99,77,3,0,0,19,55132080,60874668,75206656,7920,50748112,,13918708,13027428,13105228,15080716,,14541076,16732392,15494260,14106940,,18274144,19548184,19720696,17663632,,1980,1980,1980,1980,,12425848,12348380,12932244,13041640
233,0,100,77,3,0,0,20,54580716,61434396,75769280,7920,50138148,,13778672,13390548,13527108,13884388,,15149416,16378448,15076844,14829688,,18880868,19196792,19306988,18384632,,1980,1980,1980,1980,,11765988,12704108,13298288,12369764
235,1,101,78,3,0,0,20,55389500,60093336,74432064,7920,51238280,,14871608,12659704,12752108,15106080,,14051912,17099952,14884756,14056716,,17785404,19917476,19118916,17610268,,1980,1980,1980,1980,,12734372,11993376,13508700,13001832
238,0,102,79,3,0,0,20,56694288,58711304,73054220,7920,52379044,,15216580,13099068,13036660,15341980,,13660604,16659500,14587152,13804048,,17395368,19475604,18823248,17360000,,1980,1980,1980,1980,,13100072,12310440,13720984,13247548
240,0,103,80,3,0,0,20,57507384,58324080,72673760,7920,52652244,,15036580,13738176,13518344,15214284,,13840360,15986624,14584716,13912380,,17578900,18805648,18815728,17473484,,1980,1980,1980,1980,,12891988,12944104,13703500,13112652
242,1,104,78,3,1,0,22,56525152,57856820,72211176,7920,52892520,,14493124,13647488,13323112,15061428,,13906908,16067696,14279872,13602344,,17646052,18888924,18511012,17165188,,1980,1980,1980,1980,,12735408,12832512,13991836,13332764
245,0,105,79,3,0,0,23,57813196,57484160,71852252,7920,53181532,,14694012,13593396,14158200,15367588,,13689756,16128848,14398300,13267256,,17429896,18954040,18635340,16832976,,1980,1980,1980,1980,,12970908,12705804,13844556,13660264
248,0,106,83,4,0,0,19,58386416,56855792,71234900,7920,53577952,,15186244,13797264,14201328,15201580,,13166560,15896932,14347020,13445280,,16912332,18721992,18587468,17013108,,1980,1980,1980,1980,,13410532,12893340,13812424,13461656
250,0,107,86,4,0,0,17,57437756,57768952,72156348,7920,52715000,,14926736,13318624,14254300,14938096,,13410024,16379632,13801772,14177524,,17158364,19205064,18044868,17748052,,1980,1980,1980,1980,,13178872,12473216,14345020,12717892
253,0,108,85,4,0,0,19,59053848,57028540,71418184,7920,53061936,,15065956,14003260,14062788,15921844,,13755928,15664696,14451048,13156868,,17502624,18493156,18692732,16729672,,1980,1980,1980,1980,,12768244,13057236,13692084,13544372
255,0,109,84,4,0,0,21,60798072,55199600,69602052,7920,54628984,,15295928,14440980,14715216,16345948,,13489896,15218320,13791460,12699924,,17237836,18050368,18037348,16276500,,1980,1980,1980,1980,,12922796,13437020,14290668,13978500
258,0,110,87,3,0,0,20,61888060,54070044,68477472,7920,55614404,,16007604,14289164,15074440,16516852,,12749408,15372264,13407348,12541024,,16498856,18204140,17657192,16117284,,1980,1980,1980,1980,,13568264,13302588,14595876,14147676
260,1,111,91,3,0,0,17,61636508,54306784,68722800,7920,55284732,,15776556,14052304,14906004,16901644,,12979272,15597216,13594284,12136012,,16730152,18429272,17845624,15717752,,1980,1980,1980,1980,,13353956,12995816,14473852,14461108
263,0,112,88,3,0,0,21,62015352,54011296,68431696,7920,55740916,,15961088,14422932,14844764,16786568,,12915680,15208772,13624204,12262640,,16669520,18040484,17876244,15845448,,1980,1980,1980,1980,,13682424,13352384,14375496,14330612
265,1,113,86,3,0,0,24,61297132,53745864,68164104,7920,55900288,,15952604,14140504,14080532,17123492,,12435560,15483044,13923628,11903632,,16190108,18311812,18171664,15490520,,1980,1980,1980,1980,,14129572,13031816,14073416,14665484
268,0,114,87,3,0,0,24,62598612,52955068,67375676,7920,56859632,,16588212,14629776,14664288,16716336,,12242664,15100512,13797444,11814448,,15995116,17932260,18046116,15402184,,1980,1980,1980,1980,,14294976,13720280,14171504,14672872
270,1,115,88,3,0,0,24,63026612,52460320,66891688,7920,57154144,,15888768,14860388,15392044,16885412,,12966512,14823248,13025068,11645492,,16726348,17655700,17277188,15232452,,1980,1980,1980,1980,,13585464,13949372,14788336,14830972
273,0,116,89,3,0,0,24,63240132,52273216,66710980,7920,57324416,,16509740,14719788,15299324,16711280,,12346792,15004356,13114500,11807568,,16106876,17840096,17367176,15396832,,1980,1980,1980,1980,,14135416,13784780,14716552,14687668
275,0,117,90,3,0,0,24,62812684,52617712,67071100,7920,56738896,,16755392,14665912,15131452,16259928,,12057112,15028696,13292256,12239648,,15819820,17862924,17555912,15832444,,1980,1980,1980,1980,,14348752,13665476,14543664,14181004
278,0,118,92,3,0,0,23,63259108,52271952,66719292,7920,57300368,,16144116,14767156,15254416,17093420,,12201756,14933216,13248888,11888092,,15957284,17769928,17513356,15478724,,1980,1980,1980,1980,,14235164,13800256,14784616,14480332
280,0,119,89,4,0,0,26,62772372,51914736,66360856,7920,57337100,,16075448,14880852,15152460,16663612,,12009300,14788880,13316780,11799776,,15770384,17624392,17576732,15389348,,1980,1980,1980,1980,,14427796,13847036,14630240,14432028
283,0,120,87,3,0,0,30,64775448,50577208,65040196,7920,58478824,,16431392,15301788,15641268,17401000,,11863984,14368412,12829500,11515312,,15630548,17208200,17094036,15107412,,1980,1980,1980,1980,,14397464,14267136,15097032,14717192
285,0,121,85,4,0,0,32,63320052,51603856,66072736,7920,57508020,,16338436,14303336,15371740,17306540,,12413840,15368704,12603304,11218008,,16177420,18210672,16870120,14814524,,1980,1980,1980,1980,,13758316,13241268,15319420,15189016
288,0,122,90,3,0,0,29,65729928,49677800,64152512,7920,59210424,,17256188,15363544,15342604,17767592,,11484968,14295812,13134200,10762820,,15252236,17139340,17400304,14360632,,1980,1980,1980,1980,,14664836,14216588,14778136,15550864
290,0,123,91,3,0,0,29,65906204,48921644,63402192,7920,59829496,,17025932,15721128,15629012,17530132,,11208964,13897104,12824660,10990916,,14978672,16742740,17090932,14589848,,1980,1980,1980,1980,,14906132,14562896,15004128,15356340
293,0,124,94,4,0,0,26,66592076,48212104,62713284,7920,60279088,,17262756,15907904,15731152,17690264,,10988592,13713432,12683348,10826732,,14765312,16568040,16949160,14430772,,1980,1980,1980,1980,,15021756,14757176,15083732,15416424
295,0,125,97,3,0,0,25,65486292,48796724,63297580,7920,59565460,,17633088,15788680,14917120,17147404,,10600384,13829928,13487680,10878732,,14379172,16684620,17754264,14479524,,1980,1980,1980,1980,,15377276,14569548,14283396,15335240
298,0,126,97,3,0,0,26,66661184,47570072,62077412,7920,60608152,,17692648,16361548,15523364,17083624,,11015048,13254932,12379988,10920104,,14792912,16111900,16650788,14521812,,1980,1980,1980,1980,,14930364,15136308,15238680,15302800
300,0,127,98,3,0,0,26,65375680,47333760,61841696,7920,60754704,,17193288,15412552,15493232,17276608,,10548860,14178256,12376860,10229784,,14329468,17032420,16647200,13832608,,1980,1980,1980,1980,,15393492,14194620,15285348,15881244
303,0,128,96,3,0,0,29,66190968,46965248,61479264,7920,60867984,,16837700,16269508,15490120,17593640,,11356904,13307952,12384560,9915832,,15137332,16167164,16658000,13516768,,1980,1980,1980,1980,,14524240,14957316,15181280,16205148
305,1,129,96,4,0,0,29,67644440,46918072,61439324,7920,60754916,,17932736,15844504,16039224,17827976,,10717660,13708112,11836916,10655384,,14497932,16568248,16110936,14262208,,1980,1980,1980,1980,,15054488,14501092,15719636,15479700
308,0,130,96,3,0,0,31,67891032,46610964,61135544,7920,60884812,,17648060,16213620,16476640,17552712,,10974860,13338276,11851992,10445836,,14754512,16199164,16127368,14054500,,1980,1980,1980,1980,,14775080,14864304,15594552,15650876
310,1,131,93,4,0,0,34,68483048,45471344,59994424,7920,61807228,,18042520,16330196,16053152,18057180,,10567556,13201972,11322932,10378884,,14348104,16063072,15594936,13988312,,1980,1980,1980,1980,,15126080,14941056,16138500,15601592
313,0,132,93,3,0,0,36,70380960,44467548,58998832,7920,62604780,,17910588,16858156,16794052,18818164,,10678684,12666244,11516536,9606084,,14460592,15530472,15793876,13213892,,1980,1980,1980,1980,,14995920,15419600,15902564,16286696
316,0,133,90,4,0,0,39,69476808,45353968,59891776,7920,61623600,,18597240,16789224,16016528,18073816,,9993032,12716156,12310232,10334548,,13780492,15579668,16585936,13945680,,1980,1980,1980,1980,,15615544,15284464,15101988,15621604
318,0,134,93,3,0,0,38,70385952,44394428,58940384,7920,62359936,,18897688,17062784,17009984,17415496,,9674748,12443068,11273364,11003248,,13467148,15306964,15553924,14612348,,1980,1980,1980,1980,,15906776,15549480,16019712,14883968
321,0,135,95,3,0,0,37,71029088,44132644,58683156,7920,62422696,,19040480,17147288,16970716,17870604,,9525996,12320456,11290844,10995348,,13323792,15186580,15571908,14600876,,1980,1980,1980,1980,,16030072,15609232,16013744,14769648
323,1,136,96,3,0,0,37,71867016,42902724,57467012,7920,63771972,,18999256,17288740,17044168,18534852,,9694348,12189844,11221520,9797012,,13496812,15058980,15505668,13405552,,1980,1980,1980,1980,,16170272,15741404,16054440,15805856
326,0,137,98,3,0,0,36,72431112,42836316,57408256,7920,63954764,,19066960,17368532,16997088,18998532,,9604832,12183660,11249008,9798816,,13407716,15054196,15534508,13411836,,1980,1980,1980,1980,,16186348,15967820,15993280,15807316
328,1,138,100,4,0,0,34,73369908,40907352,55483804,7920,65702476,,19522928,17811632,16674788,19360560,,9136984,11740072,10605356,9424940,,12941536,14612744,14891388,13038136,,1980,1980,1980,1980,,16631196,16399956,16560332,16110992
331,0,139,103,4,0,0,32,72878720,41360616,55943804,7920,65222176,,19684800,16583856,16745072,19864992,,8960476,12968516,10512308,8919316,,12769032,15839000,14797888,12537884,,1980,1980,1980,1980,,16784036,15250048,16616100,16571992
333,1,140,99,4,0,0,37,72201788,42494704,57073736,7920,63833944,,18734556,17209768,17132892,19124572,,9900196,12335476,11082172,9176860,,13705140,15204380,15366944,12797272,,1980,1980,1980,1980,,15697108,15734576,16046648,16355612
336,0,141,94,4,0,0,43,73133772,41562664,56141896,7920,64737900,,19398564,17328300,17182756,19224152,,9235912,12176704,11094176,9055872,,13040408,15042712,15378944,12679832,,1980,1980,1980,1980,,16355896,15761872,16229236,16390896
338,1,142,92,4,0,0,46,75234336,39893200,54488380,7920,66242868,,19631616,18079076,17789544,19734100,,8942980,11400748,10538688,9010784,,12749272,14271688,14829148,12638272,,1980,1980,1980,1980,,16492580,16509268,16833772,16407248
341,0,143,101,3,0,0,39,74767720,39407872,54016944,7920,66669720,,19539736,17801452,18228316,19198216,,9071888,11674000,10089480,8572504,,12879556,14546604,14384152,12206632,,1980,1980,1980,1980,,16316824,16270576,17271132,16811188
344,0,144,103,3,0,0,38,73273088,40493936,55107708,7920,65746676,,19022804,17871760,17465148,18913376,,9065060,11616856,10351368,9460652,,12869384,14490060,14649168,13099096,,1980,1980,1980,1980,,16205764,16241700,16995924,16303288
346,1,145,108,3,0,0,34,75505216,38695484,53314888,7920,67203676,,19834464,18383672,17477700,19809380,,8236804,11090344,10335700,9032636,,12045076,13965088,14633696,12671028,,1980,1980,1980,1980,,16964172,16703464,16951884,16584156
349,0,146,105,4,0,0,37,74083856,40535896,55159232,7920,65461992,,19208312,17743760,17169120,19962664,,9326580,11715352,10638676,8855288,,13136412,14588976,14939360,12494484,,1980,1980,1980,1980,,15979780,16056772,16666956,16758484
351,1,147,107,3,0,0,37,77293324,37723372,52353816,7920,67828440,,20247444,18542984,17845012,20657884,,8271356,10886664,10436752,8128600,,12087004,13762212,14733608,11770992,,1980,1980,1980,1980,,16785124,16812004,16886604,17344708
354,0,148,109,3,0,0,36,77920396,37039992,51686664,7920,68431624,,20594124,18304332,18001316,21020624,,7906048,11101896,10255544,7776504,,11723176,13985004,14557112,11421372,,1980,1980,1980,1980,,17136880,16618016,16964152,17712576
357,0,149,113,3,0,0,33,78552852,36351788,51011592,7920,68959972,,20585268,18781952,18375060,20810572,,7894196,10633184,9868368,7956040,,11715992,13519436,14173584,11602580,,1980,1980,1980,1980,,17141520,16984276,17366944,17467232
359,0,150,115,3,0,0,32,77548624,36381388,51040432,7920,68858692,,20240776,18807688,17333888,21166272,,7759076,10593800,10412836,7615676,,11578524,13480936,14715860,11265112,,1980,1980,1980,1980,,17213404,17027428,16790040,17827820
361,1,151,112,3,0,0,36,77802852,36575152,51224088,7920,68320740,,20688260,18518804,17995812,20599976,,7780984,10867140,10246500,7680528,,11597564,13750860,14548340,11327324,,1980,1980,1980,1980,,17190940,16650528,16914920,17564352
364,1,152,107,3,0,0,42,77931392,36389660,51048544,7920,68402716,,21156556,17639080,18189276,20946480,,7302208,11765428,9523600,7798424,,11125384,14647524,13828692,11446944,,1980,1980,1980,1980,,17609372,15809776,17526240,17457328
367,0,153,108,3,0,0,42,78306056,34974316,49650424,7920,69550320,,21176076,18818864,17216936,21094180,,7268412,10535616,9549744,7620544,,11095744,13422776,13857640,11274264,,1980,1980,1980,1980,,17622840,16838568,17524184,17564728
369,1,154,110,3,0,0,41,79282344,34874240,49551272,7920,69333788,,20596436,19080396,17913132,21692380,,7828212,10240896,9784248,7020884,,11653364,13129292,14092356,10676260,,1980,1980,1980,1980,,16930576,17073796,17201340,18128076
372,0,155,113,4,0,0,38,80617312,33985788,48674952,7920,70101924,,21155968,19068248,18180528,22212568,,7251452,10252728,10001960,6479648,,11080352,13143948,14312292,10138360,,1980,1980,1980,1980,,17466192,17064868,17003900,18566964
375,0,156,112,4,0,0,40,81314660,33188644,47880372,7920,70584092,,21212028,19545756,18455972,22100904,,7144044,9771164,9691500,6581936,,10973892,12664680,14001504,10240296,,1980,1980,1980,1980,,17467144,17508388,17165292,18443268
377,1,157,114,3,0,0,40,81798236,32208720,46911000,7920,71504452,,21744968,19883712,18622064,21547492,,6619852,9414364,9020788,7153716,,10451772,12311108,13332844,10815276,,1980,1980,1980,1980,,17960680,17798688,17780140,17964944
380,0,158,120,3,0,0,35,81853880,31611204,46314236,7920,71911128,,21638404,19787412,19015476,21412588,,6224264,9516768,8607716,7262456,,10055620,12416892,12922172,10919552,,1980,1980,1980,1980,,18297504,17734552,18140312,17738760
382,1,159,117,3,0,0,39,82594020,30839640,45562524,7920,72326612,,21158908,19833048,19066928,22535136,,6718892,9453964,8559660,6107124,,10557308,12357196,12876768,9771252,,1980,1980,1980,1980,,17676576,17710428,18189248,18750360
385,0,160,122,3,0,0,35,82026620,31062096,45783600,7920,72479544,,21971748,19534364,18886004,21634504,,6538312,9760872,8268588,6494324,,10376160,12663048,12588732,10155660,,1980,1980,1980,1980,,18225060,17420800,18496536,18337148
388,0,161,120,3,0,0,38,81800900,31378760,46102632,7920,72450876,,21039884,19591088,19329048,21840880,,6509836,9805864,8763984,6299076,,10348048,12706504,13083380,9964700,,1980,1980,1980,1980,,18285588,17680828,17943552,18540908
390,1,162,116,3,0,0,43,83421656,30637136,45363248,7920,72980828,,21403476,19520656,20083592,22413932,,6610620,9842468,8000116,6183932,,10449144,12740240,12322868,9850996,,1980,1980,1980,1980,,18108264,17635432,18644616,18592516
393,0,163,116,3,0,0,44,85139944,29333732,44069196,7920,74070676,,22098012,20233740,19602496,23205696,,6381536,9122608,8457792,5371796,,10222208,12022548,12782276,9042164,,1980,1980,1980,1980,,18314520,18288520,18177520,19290116
396,0,164,120,3,0,0,41,85219748,28732496,43485140,7920,74508844,,22538980,19810312,20305568,22564888,,5924436,9544908,7735532,5527620,,9773552,12448284,12065160,9198144,,1980,1980,1980,1980,,18682572,17885144,18800012,19141116
398,0,165,119,3,0,0,43,83004204,31031252,45786004,7920,72549996,,21168096,20375380,19358400,22102328,,7284768,8981452,8790228,5974804,,11134184,11883964,13115604,9652252,,1980,1980,1980,1980,,17348900,18356692,18149368,18695036
401,0,166,121,3,0,0,42,84708076,29276624,44028028,7920,73907368,,22360300,20896660,18810404,22640712,,6076136,8448180,9336772,5415536,,9924260,11355624,13661364,9086780,,1980,1980,1980,1980,,18436556,18871840,17548492,19050480
403,1,167,123,3,0,0,41,86196168,27176656,41947412,7920,75611008,,22871728,21078952,19992004,22253484,,5535296,8231712,8116364,5293284,,9389556,11143584,12443544,8970728,,1980,1980,1980,1980,,18977456,19059196,18603888,18970468
406,0,168,126,3,0,0,39,85497440,28047628,42822904,7920,75174900,,22269000,20843920,19619368,22765152,,6154360,8486288,7986852,5420128,,10009364,11399772,12316728,9097040,,1980,1980,1980,1980,,18357584,18803292,18722600,19291424
408,1,169,124,4,0,0,41,85246008,27298132,42080052,7920,75774400,,22705120,20193464,20041360,22306064,,5218192,9139024,7556820,5384096,,9074184,12051644,11887728,9066496,,1980,1980,1980,1980,,19193520,18149004,19134316,19297560
411,1,170,125,3,0,0,42,84221032,29207636,43982692,7920,73557344,,21761604,20823224,19547600,22088604,,6133508,8466512,8055956,6551660,,9988016,11377992,12384760,10231924,,1980,1980,1980,1980,,18240208,18719460,18605108,17992568
414,1,171,118,3,0,0,50,86042564,27779540,42553724,7920,74721168,,22749968,20827552,20330072,22134972,,5605696,8439396,7737320,5997128,,9461444,11352516,12064732,9675032,,1980,1980,1980,1980,,18704656,18668864,18866556,18481092
417,0,172,116,3,0,0,53,86626472,26618872,41399604,7920,75570552,,22343772,20990316,20320372,22972012,,5501644,8249196,7724216,5143816,,9362476,11163492,12051608,8822028,,1980,1980,1980,1980,,18758240,18782400,18795392,19234520
420,0,173,115,3,0,0,55,88965832,24686680,39483552,7920,77249400,,23349448,21188672,20968976,23458736,,4938676,8044704,7062312,4640988,,8804940,10959820,11396056,8322736,,1980,1980,1980,1980,,19168876,18893860,19461996,19724668
422,1,174,121,3,0,0,50,89209580,24878004,39685452,7920,76954492,,23414924,21863376,20328444,23602836,,4871844,7361360,7681836,4962964,,8737688,10281060,12020988,8645716,,1980,1980,1980,1980,,19230288,19552884,18805748,19365572
425,0,175,121,3,0,0,51,89828544,23757016,38573292,7920,77952068,,23474448,21853580,20278212,24222304,,4320036,7374112,7724148,4338720,,8191316,10293812,12064480,8023684,,1980,1980,1980,1980,,19750616,19553452,18683792,19964208
428,0,176,122,4,0,0,50,89554712,23953068,38769536,7920,77532744,,22955752,21852288,20831680,23914992,,4827132,7368332,7141100,4616504,,8697704,10288084,11480396,8303352,,1980,1980,1980,1980,,19174024,19553460,19203796,19601464
430,0,177,120,4,0,0,53,90035040,23940096,38758656,7920,77388300,,23086888,21886252,21012128,24049772,,5174204,7339020,6933468,4493404,,9041636,10262892,11272916,8181212,,1980,1980,1980,1980,,18788716,19553660,19335092,19710832
433,0,178,119,4,0,0,55,91998620,21925476,36758196,7920,78994788,,24253140,21926948,21657344,24161188,,3983808,7287144,6293176,4361348,,7854572,10214716,10636432,8052476,,1980,1980,1980,1980,,19767484,19553948,19887816,19785540
435,1,179,119,5,0,0,55,92152804,21698292,36535612,7920,79114084,,23909248,21930156,21766420,24546980,,4296624,7280764,6170684,3950220,,8168832,10210252,10513332,7643196,,1980,1980,1980,1980,,19399932,19554060,19987584,20172508
438,0,180,120,5,0,0,55,92128452,20767732,35611224,7920,79972768,,24282172,21928144,21152428,24765708,,3434280,7274040,6312036,3747376,,7310468,10203544,10655552,7441660,,1980,1980,1980,1980,,20206344,19554068,19891276,20321080
440,1,181,123,5,0,0,53,92520848,21271768,36123236,7920,79381180,,24536112,21952556,21273788,24758392,,3632408,7247164,6657220,3734976,,7510232,10176828,11003904,7432272,,1980,1980,1980,1980,,20017956,19554144,19487044,20322036
443,1,182,121,6,0,0,55,93007652,20836344,35694448,7920,79786052,,24405528,21979792,21843904,24778428,,3839280,7215500,6055200,3726364,,7720208,10145656,10402680,7425904,,1980,1980,1980,1980,,19963404,19554376,19945740,20322532
446,0,183,122,6,0,0,55,92588800,20827428,35694392,7920,79983508,,23819228,21963780,21957796,24847996,,4506020,7236884,5437272,3647252,,8388780,10168776,9787732,7349104,,1980,1980,1980,1980,,19542976,19554444,20562500,20323588
448,1,184,122,7,0,0,55,91240988,22233648,37097356,7920,78837060,,24164028,21749588,20491956,24835416,,3665828,7532956,7385224,3649640,,7547888,10463588,11733576,7352304,,1980,1980,1980,1980,,20252264,19552588,18708808,20323400
451,1,185,121,7,0,0,57,92846336,20637628,35504528,7920,80245512,,24408952,21757988,21824096,24855300,,3424572,7532440,6041552,3639064,,7307724,10463308,10391584,7341912,,1980,1980,1980,1980,,20508808,19552904,19860304,20323496
454,0,186,123,8,0,0,55,91042852,22393532,37263752,7920,78389100,,24403784,19476528,22232956,24929584,,3418752,9832972,5586352,3555456,,7304964,12760032,9937144,7261612,,1980,1980,1980,1980,,20509108,17362260,20193596,20324136
457,0,187,124,9,0,0,54,92708360,20830168,35711012,7920,80027816,,24404724,21164972,22098220,25040444,,3420168,8075572,5902088,3432340,,7308708,11003156,10256284,7142864,,1980,1980,1980,1980,,20510120,18799024,20394032,20324640
460,0,188,126,10,0,0,52,93747256,19764068,34652012,7920,81027128,,24421716,21740528,22506764,25078248,,3408044,7489836,5474192,3391996,,7297424,10420560,9830424,7103604,,1980,1980,1980,1980,,20510468,19392032,20799168,20325460
462,1,189,128,10,0,0,51,93704512,19268132,34166448,7920,81329096,,24463996,21983784,22164652,25092080,,3348484,7205756,5338840,3375052,,7240476,10141384,9695760,7088828,,1980,1980,1980,1980,,20511148,19555100,20936900,20325948
465,0,190,131,11,0,0,48,93438268,19124840,34588808,7920,81802416,,24451248,21864484,22159924,24962612,,3358776,6802968,5352836,3610260,,7251056,10300008,9711604,7326140,,1980,1980,1980,1980,,20511388,20028412,20937140,20325476
468,0,191,131,12,0,0,48,92913120,17455172,34606616,7920,83410128,,24458704,21979836,21714268,24760312,,3355132,4990816,5307260,3801964,,7247736,10171760,9670080,7517040,,1980,1980,1980,1980,,20511640,21795176,20938184,20165128
471,0,192,130,12,1,0,49,91261932,20073408,37238760,7920,80798400,,24483208,21969648,20701384,24107692,,3333220,4992432,7293652,4454104,,7227944,10191208,11654584,8165024,,1980,1980,1980,1980,,20512164,21812092,19073840,19400304
474,0,193,137,14,0,0,42,93412260,20109688,35057208,7920,80478968,,24548284,22006288,21827848,25029840,,3253804,7187060,6137548,3531276,,7151480,10157688,10504412,7243628,,1980,1980,1980,1980,,20513288,19588456,20050436,20326788
476,1,194,138,15,0,0,41,93939324,19511016,34463956,7920,80992632,,24543520,22002928,22358768,25034108,,3252220,7174912,5571688,3512196,,7151916,10145684,9941264,7225092,,1980,1980,1980,1980,,20513580,19588552,20562556,20327944
479,1,195,139,16,0,0,40,94249340,19184140,34139864,7920,81241972,,24534412,22020820,22597860,25096248,,3258552,7139656,5338484,3447448,,7158268,10110488,9710544,7160564,,1980,1980,1980,1980,,20513708,19588724,20811404,20328136
482,0,196,140,17,0,0,39,92609188,20871248,35822300,7920,79639712,,23168540,22019308,22388392,25032948,,4658032,7147736,5548384,3517096,,8551988,10118648,9921320,7230344,,1980,1980,1980,1980,,19181152,19588764,20542760,20327036
484,1,197,144,17,0,0,36,94541392,18851372,33810312,7920,81278736,,24711092,22043188,22712904,25074208,,3033976,7131756,5216996,3468644,,6933752,10102884,9590384,7183292,,1980,1980,1980,1980,,20493620,19588872,20866672,20329572
487,1,198,146,18,0,0,34,94765816,18600872,33566500,7920,81382028,,24771460,22043832,22877584,25072940,,2990060,7125736,5022616,3462460,,6892284,10099052,9397868,7177296,,1980,1980,1980,1980,,20516024,19589168,20947192,20329644
490,0,199,146,19,0,0,34,94836952,16729556,33482704,7920,83163852,,24800544,22052012,22851060,25133336,,2947052,7129368,3261816,3391320,,6851152,10102564,9422412,7106576,,1980,1980,1980,1980,,20516292,19589092,22728452,20330016
493,0,200,146,20,0,0,34,95008784,16045336,33265896,7920,83625124,,24920416,22094168,22852976,25141224,,2812040,7072108,2785404,3375784,,6716836,10045724,9410092,7093244,,1980,1980,1980,1980,,20516920,19589324,23188152,20330728
496,1,201,145,21,0,0,35,94384024,18902292,33908760,7920,80711768,,24287168,22115876,22859552,25121428,,3422548,7052136,5028756,3398852,,7329944,10025784,9434192,7118840,,1980,1980,1980,1980,,19821648,19589408,20969116,20331596
499,1,202,144,22,0,0,36,94004632,19241704,34248840,7920,80216656,,24979920,20985520,22842104,25197088,,2718704,8178880,5034952,3309168,,6629952,11147192,9440428,7031268,,1980,1980,1980,1980,,20523108,18392712,20969124,20331712
502,1,203,144,23,0,0,36,95391868,18314832,33325604,7920,81015756,,25232552,22214488,22869752,25075076,,2962780,6920456,5003060,3428536,,6874944,9889636,9409060,7151964,,1980,1980,1980,1980,,20243200,19589352,20969428,20213776
505,0,204,146,23,0,0,35,93650004,20076924,35088360,7920,79312868,,25448648,22199168,21778536,24223652,,2777620,6931708,6115164,4252432,,6694248,9901008,10521668,7971436,,1980,1980,1980,1980,,20524068,19589880,19946612,19252308
508,0,205,151,24,0,0,30,95177640,18570424,33591500,7920,80927172,,25417084,22077468,22370776,25312312,,2799256,7111256,5502924,3156988,,6716312,10081140,9913812,6880236,,1980,1980,1980,1980,,20524504,19589620,20478932,20334116
510,1,206,153,25,0,0,28,95267260,18424348,33447372,7920,80928476,,25464552,21865308,22544588,25392812,,2748352,7313784,5301500,3060712,,6665544,10285164,9712224,6784440,,1980,1980,1980,1980,,20524620,19409336,20660044,20334476
513,0,207,153,26,0,0,28,95038896,18647200,33670604,7920,80393296,,25467488,21348952,22759452,25463004,,2761080,7812280,5080924,2992916,,6678516,10780848,9492116,6719124,,1980,1980,1980,1980,,20524908,18742344,20790628,20335416
516,0,208,154,26,0,0,28,96092192,17593112,32622412,7920,81427872,,25494864,22187780,22960272,25449276,,2724700,6971500,4901300,2995612,,6642908,9943380,9313620,6722504,,1980,1980,1980,1980,,20525316,19590164,20976524,20335868
518,1,209,154,27,0,0,28,96017380,17710488,32742836,7920,81428496,,25481032,22214736,22872580,25449032,,2728096,6938480,5052628,2991284,,6646944,9910728,9465064,6720100,,1980,1980,1980,1980,,20525664,19590764,20975932,20336136
521,0,210,154,28,0,0,28,96144524,17540432,32578240,7920,81430112,,25535308,22240824,22900856,25467536,,2681720,6887720,5004920,2966072,,6602968,9860888,9417240,6697144,,1980,1980,1980,1980,,20526288,19591180,20976108,20336536
524,1,211,154,29,0,0,28,96134016,17523260,32564276,7920,81431372,,25537196,22195360,22915440,25486020,,2662344,6935832,4981400,2943684,,6584212,9909208,9395036,6675820,,1980,1980,1980,1980,,20526720,19591096,20976524,20337032
527,0,212,154,30,0,0,28,95687872,18011012,33053688,7920,80998680,,25556744,22241188,22888676,25001264,,2626040,6888480,4997588,3498904,,6548428,9863188,9413072,7229000,,1980,1980,1980,1980,,20527300,19591368,20976368,19903644
530,1,213,156,31,0,0,26,95341712,17892968,32950888,7920,81153808,,24761816,22259968,22887588,25432340,,2960480,6871636,5002644,3058208,,6894364,9848616,9418156,6789752,,1980,1980,1980,1980,,20248108,19591612,20976384,20337704
533,0,214,157,31,0,0,26,95556220,17651300,32711572,7920,81270004,,24875504,22297828,22891200,25491688,,2841080,6818892,5002020,2989308,,6775888,9796344,9417908,6721432,,1980,1980,1980,1980,,20363164,19591836,20976728,20338276
535,1,215,157,31,0,0,27,95770180,17947440,33012268,7920,80956632,,25063732,22349884,22931992,25424572,,3142408,6777152,4954808,3073072,,7079024,9754960,9372668,6805616,,1980,1980,1980,1980,,20049092,19592068,20976776,20338696
538,0,216,157,32,0,0,27,96112908,17534816,32601932,7920,81195860,,25308680,22400736,22915864,25487628,,2871000,6696568,4971160,2996088,,6807844,9676260,9388852,6728976,,1980,1980,1980,1980,,20287408,19592652,20976780,20339020
541,0,217,157,32,1,0,27,96206752,17445188,32516232,7920,81334696,,25445748,22396164,22916700,25448140,,2728108,6710060,4977952,3029068,,6666276,9692116,9395668,6762172,,1980,1980,1980,1980,,20425912,19592736,20976800,20339248
543,0,218,158,32,2,0,26,94983748,18724176,33793384,7920,80190836,,25397508,22342728,21766468,25477044,,2801232,6769644,6143824,3009476,,6740616,9751664,10558168,6742936,,1980,1980,1980,1980,,20423184,19592780,19835408,20339464
546,0,219,156,32,3,0,28,95427272,18244532,33313128,7920,80451784,,25560564,22225124,22188876,25452708,,2641372,6880136,5683448,3039576,,6581624,9862500,10095028,6773976,,1980,1980,1980,1980,,20540332,19455868,20115252,20340332
548,1,220,161,31,4,0,24,95765864,17840436,32910572,7920,80772136,,25503596,22407068,22369048,25486152,,2678852,6687556,5478824,2995204,,6619304,9671760,9889760,6729748,,1980,1980,1980,1980,,20468480,19593180,20370240,20340236
551,0,221,161,31,5,0,24,95018388,18585968,33659724,7920,79962988,,25502724,22404372,23045368,24065924,,2680156,6691208,4786364,4428240,,6621336,9675900,9200188,8162300,,1980,1980,1980,1980,,20541104,19593332,20949532,18879020
554,0,222,162,31,6,0,23,96444864,17136456,32212192,7920,81406488,,25561976,22328972,23070576,25483340,,2607868,6770880,4765700,2992008,,6549516,9755716,9179684,6727276,,1980,1980,1980,1980,,20541248,19593332,20978136,20293772
556,1,223,162,31,7,0,23,96637892,16921044,32000052,7920,81455536,,25606932,22416444,23077616,25536900,,2553304,6674360,4753856,2939524,,6495608,9659468,9167848,6677128,,1980,1980,1980,1980,,20541856,19593592,20978144,20341944
559,0,224,162,31,8,0,23,96085132,17521584,32605172,7920,81095720,,25620408,21896536,23076412,25491776,,2537464,7206948,4775500,3001672,,6480556,10192208,9192652,6739756,,1980,1980,1980,1980,,20542300,19232396,20978644,20342380
562,0,225,161,31,9,0,24,95788984,17837092,32919568,7920,80680500,,25573804,21616372,23065864,25532944,,2610180,7493452,4784024,2949436,,6553364,10476316,9202060,6687828,,1980,1980,1980,1980,,20542428,18816748,20978680,20342644
564,1,226,161,31,10,0,24,95837904,17757908,32929740,7920,80756536,,25341452,21900804,23063908,25531740,,2847844,7181348,4792064,2936652,,6878772,10164800,9210680,6675488,,1980,1980,1980,1980,,20250840,19183940,20978704,20343052
567,0,227,161,30,11,0,25,96561172,17006452,32213352,7920,81502612,,25707280,22307676,23006044,25540172,,2479092,6760416,4841300,2925644,,6538228,9750168,9259992,6664964,,1980,1980,1980,1980,,20658040,19522332,20978700,20343540
569,1,228,164,29,12,0,23,96644240,16971520,32179144,7920,81575148,,25760648,22337388,23054476,25491728,,2414224,6780984,4794136,2982176,,6474104,9770524,9213036,6721480,,1980,1980,1980,1980,,20658736,19594008,20978884,20343520
572,0,229,164,29,13,0,23,96683584,16907996,32120556,7920,81580028,,25756548,22343180,23039292,25544564,,2416824,6771864,4809068,2910240,,6481228,9761612,9227988,6649728,,1980,1980,1980,1980,,20663244,19594228,20978884,20343672
575,0,230,164,29,14,0,23,96708712,16894236,32110192,7920,81581756,,25769856,22389796,23052280,25496780,,2389920,6719376,4798348,2986592,,6455024,9709308,9218872,6726988,,1980,1980,1980,1980,,20663932,19594304,20978980,20344540
577,1,231,165,28,15,0,23,96524020,17135836,32352372,7920,81473624,,25779156,22346400,22907368,25491096,,2378444,6781920,4982780,2992692,,6443692,9772000,9403328,6733352,,1980,1980,1980,1980,,20664060,19594436,20870304,20344824
580,0,232,168,28,16,0,20,96706964,16902236,32122116,7920,81583220,,25776620,22377592,23017376,25535376,,2368852,6740528,4847588,2945268,,6436336,9731032,9268528,6686220,,1980,1980,1980,1980,,20664604,19594616,20978968,20345032
582,1,233,168,28,17,0,20,96454500,17125248,32346772,7920,81325924,,25763328,22364088,23015752,25311332,,2379588,6737972,4863672,3144016,,6447560,9728640,9284720,6885852,,1980,1980,1980,1980,,20665060,19594688,20979044,20087132
585,1,234,167,28,18,0,21,96771028,16817988,32049448,7920,81586348,,25766752,22395336,23025816,25583124,,2374452,6719608,4855664,2868264,,6442676,9710492,9276720,6619560,,1980,1980,1980,1980,,20665280,19595000,20979052,20347016
588,0,235,169,28,19,0,19,96565344,17071248,32303708,7920,81476000,,25602944,22381304,23033384,25547712,,2565656,6728708,4854188,2922696,,6634260,9719696,9275380,6674372,,1980,1980,1980,1980,,20554480,19595012,20979188,20347320
590,1,236,170,28,20,0,18,96592828,17053532,32286424,7920,81587620,,25725476,22326920,23010320,25530112,,2460748,6788068,4867176,2937540,,6529772,9778920,9288380,6689352,,1980,1980,1980,1980,,20665968,19595012,20979208,20347432
593,0,237,170,28,21,0,18,96679140,16896200,32229008,7920,81686804,,25781836,22396916,23006260,25494128,,2398472,6615232,4885884,2996612,,6468328,9704468,9307104,6749108,,1980,1980,1980,1980,,20666572,19693004,20979216,20348012
596,0,238,168,28,22,0,20,95674244,15709788,33195640,7920,82758944,,25279152,22388248,22469676,25537168,,2872160,4465240,5434216,2938172,,6942940,9702448,9858980,6691272,,1980,1980,1980,1980,,20126564,21836128,20447796,20348456
598,1,239,172,27,22,0,17,96712768,14657560,32150980,7920,83835440,,25782900,22384916,23009248,25535704,,2373332,4471280,4879248,2933700,,6446620,9710888,9306276,6687196,,1980,1980,1980,1980,,20668268,21838612,20979916,20348644
601,1,240,171,27,24,0,18,96368140,17230616,32492724,7920,81386120,,25761636,22092756,22994284,25519464,,2389728,7007596,4889952,2943340,,6464804,10013808,9316892,6697220,,1980,1980,1980,1980,,20669984,19387224,20979932,20348980
604,0,241,171,27,25,0,18,96771384,16793304,32058492,7920,81612492,,25809624,22425532,22992832,25543396,,2344332,6650184,4880848,2917940,,6419972,9658200,9308084,6672236,,1980,1980,1980,1980,,20670676,19612160,20980220,20349436
607,0,242,171,27,26,0,18,95724996,17848184,33110872,7920,80648988,,25809096,22409880,22004584,25501436,,2342828,6647484,5884604,2973268,,6418980,9655828,10307772,6728292,,1980,1980,1980,1980,,20670844,19612176,20015944,20350024
609,1,243,167,27,27,0,22,96620596,16906396,32168904,7920,81401676,,25787068,22409724,22888696,25535108,,2370612,6646784,4962788,2926212,,6447048,9654852,9385548,6681456,,1980,1980,1980,1980,,20671200,19612180,20768088,20350208
612,0,244,167,27,28,0,22,96761448,16787880,32054744,7920,81581064,,25802640,22331868,23097912,25529028,,2334576,6762952,4758428,2931924,,6411692,9770816,9184700,6687536,,1980,1980,1980,1980,,20671796,19577808,20980940,20350520
615,0,245,168,26,29,0,22,96820848,16734920,32002684,7920,81615704,,25786392,22421984,23071892,25540580,,2363844,6663724,4794320,2913032,,6441020,9672356,9220552,6668756,,1980,1980,1980,1980,,20671840,19612352,20980864,20350648
617,0,246,168,26,30,0,22,96678828,16897072,32164552,7920,81439240,,25859384,22358044,23103372,25358028,,2285304,6747036,4742832,3121900,,6363312,9755320,9169188,6876732,,1980,1980,1980,1980,,20672368,19612308,20981080,20173484
620,0,247,170,25,31,0,21,96895488,16631200,31899976,7920,81617728,,25901300,22359916,23093424,25540848,,2232680,6738512,4750052,2909956,,6311144,9746976,9176452,6665404,,1980,1980,1980,1980,,20672744,19612328,20981096,20351560
622,0,248,170,25,32,0,21,96895300,16662400,31931800,7920,81618388,,25905772,22362320,23089916,25537292,,2238876,6735828,4751788,2935908,,6317556,9744400,9178196,6691648,,1980,1980,1980,1980,,20672988,19612472,20981096,20351832
625,0,249,169,25,33,0,22,96644292,16942396,32210872,7920,81348996,,25707416,22368880,23048208,25519788,,2438428,6723268,4822276,2958424,,6515572,9731816,9248752,6714732,,1980,1980,1980,1980,,20402896,19612512,20981248,20352340
627,1,250,173,24,34,0,19,96858244,16635696,31908720,7920,81502340,,25841924,22346724,23097732,25571864,,2275696,6728120,4759048,2872832,,6356332,9736812,9185884,6629692,,1980,1980,1980,1980,,20555144,19612800,20981460,20352936
630,0,251,173,24,35,0,19,96572288,16972008,32246396,7920,81340828,,25964028,21995312,23085516,25527432,,2154156,7127284,4755880,2934688,,6235544,10135836,9182924,6692092,,1980,1980,1980,1980,,20674296,19331540,20981480,20353512
632,1,252,171,24,36,0,21,96535544,16499960,31767640,7920,81617616,,25478992,22447368,23105708,25503476,,2178792,6615836,4746576,2958756,,6255132,9622416,9173656,6716436,,1980,1980,1980,1980,,20669052,19613304,20981520,20353740
635,0,253,171,24,37,0,21,96556096,14953896,31748672,7920,83141164,,25493952,22428332,23115288,25518524,,2148920,5115188,4744840,2944948,,6231280,9642560,9171932,6702900,,1980,1980,1980,1980,,20675024,21130560,20981532,20354048
638,0,254,171,24,38,0,21,96491760,14342576,31873760,7920,83875636,,25508340,22390612,23086932,25505876,,2137440,4440260,4799904,2964972,,6219916,9703612,9227008,6723224,,1980,1980,1980,1980,,20675088,21864888,20981320,20354340
641,0,255,171,24,39,0,21,96529216,16522808,31821996,7920,81648488,,25496084,22437040,23074220,25521872,,2152596,6613612,4806788,2949812,,6235640,9643904,9233908,6708544,,1980,1980,1980,1980,,20675648,19636648,20981352,20354840
643,1,256,171,24,40,0,21,96568568,16452856,31752756,7920,81649168,,25481548,22432564,23076520,25577936,,2167856,6610116,4806460,2868424,,6251308,9640412,9233596,6627440,,1980,1980,1980,1980,,20676032,19636656,20981372,20355108
646,0,257,171,24,41,0,21,95926912,17123992,32422280,7920,81088152,,25453912,22444156,23076132,24952712,,2198768,6605448,4789904,3529872,,6282692,9636696,9217052,7285840,,1980,1980,1980,1980,,20676296,19636720,20981380,19793756
648,1,258,170,24,42,0,22,96198716,16887900,32187908,7920,81298264,,25489572,22222904,23083016,25403224,,2155712,6843392,4807524,3081272,,6239828,9874968,9234696,6838416,,1980,1980,1980,1980,,20676468,19392112,20981412,20248272
651,0,259,170,24,43,0,22,96567780,16407732,31780824,7920,81723132,,25483788,22440240,23064240,25579512,,2176904,6605756,4816012,2809060,,6261836,9637544,9243200,6638244,,1980,1980,1980,1980,,20677288,19637056,20981420,20427368
653,1,260,170,24,44,0,22,94890136,16395740,33518236,7920,82096584,,25471872,22425160,21460348,25532756,,2199268,6601304,6485828,1109340,,6283984,9633208,10913232,6687812,,1980,1980,1980,1980,,20677376,19637076,19609372,22172760
656,1,261,170,24,45,0,22,95920928,14848468,32435344,7920,83381852,,25413604,22419744,22499068,25588512,,2261160,6601372,5406256,579680,,6346592,9633244,9832800,6622708,,1980,1980,1980,1980,,20668380,19637076,20440276,22636120
659,1,262,170,24,46,0,22,95599456,17404744,32763204,7920,80920808,,25428536,21634208,22965116,25571596,,2250160,7429736,4888076,2836772,,6336392,10459396,9315612,6651804,,1980,1980,1980,1980,,20678432,18895668,20934068,20412640
662,0,263,168,24,47,0,24,96166248,16815392,32181088,7920,81386752,,25447368,22116764,23033240,25568876,,2187120,6934884,4850380,2843008,,6274160,9964908,9283432,6658588,,1980,1980,1980,1980,,20679188,19312760,20981668,20413136
665,0,264,172,22,48,0,22,96508816,16370860,31825360,7920,81799492,,25448892,22439560,23042964,25577400,,2201620,6603412,4743008,2822820,,6289008,9634648,9262652,6639052,,1980,1980,1980,1980,,20679488,19637896,21068144,20413964
667,1,265,172,22,49,0,22,96522880,15476220,31822536,7920,82689496,,25452116,22489104,23043596,25538064,,2218380,6531556,3848988,2877296,,6305864,9562896,9260172,6693604,,1980,1980,1980,1980,,20679612,19637948,21957976,20413960
670,0,266,172,22,50,0,22,96515892,14765136,31855744,7920,83431672,,25458820,22429964,23053676,25573432,,2198248,6618492,3106988,2841408,,6285948,9649756,9261996,6658044,,1980,1980,1980,1980,,20679824,19637860,22699688,20414300
672,1,267,172,22,51,0,22,95524180,15414820,32875872,7920,82935124,,24707488,22455264,23084724,25276704,,2980248,6583928,2700620,3150024,,7067508,9615364,9226828,6966172,,1980,1980,1980,1980,,20057124,19638016,23069996,20169988
675,2,268,171,22,51,0,23,95773536,17192544,32626812,7920,81035376,,24876676,22196328,23073564,25626968,,2778276,6840488,4784760,2789020,,6902872,9872000,9246268,6605672,,1980,1980,1980,1980,,20186368,19424164,21009460,20415384
679,0,269,171,22,53,0,23,96052172,16895300,32330420,7920,81466228,,25073000,22334324,23059680,25585168,,2574784,6706652,4784580,2829284,,6699888,9738376,9245932,6646224,,1980,1980,1980,1980,,20402568,19638440,21009472,20415748
681,1,270,171,22,54,0,23,96144244,16757988,32195896,7920,81497572,,25131712,22320184,23063436,25628912,,2481940,6719140,4775512,2781396,,6607644,9752504,9236876,6598872,,1980,1980,1980,1980,,20433336,19638516,21009480,20416240
684,0,271,172,22,55,0,22,96376440,16519856,31960720,7920,81778756,,25409160,22283288,23059520,25624472,,2200680,6771500,4783380,2764296,,6329056,9804796,9244752,6582116,,1980,1980,1980,1980,,20714180,19638484,21009492,20416600
686,1,272,172,22,56,0,22,96428748,16491328,31933632,7920,81784744,,25495536,22319148,23056308,25557756,,2121900,6722272,4780512,2866644,,6251016,9755740,9241904,6684972,,1980,1980,1980,1980,,20719444,19638676,21009504,20417120
689,0,273,172,22,57,0,22,96396712,16559220,32004032,7920,81785104,,25486640,22247280,23060288,25602504,,2119316,6846656,4776980,2816268,,6248552,9880804,9240028,6634648,,1980,1980,1980,1980,,20719504,19638852,21009568,20417180
691,1,274,172,22,58,0,22,96497660,16427320,31872436,7920,81785672,,25446888,22387956,23060452,25602364,,2155932,6675360,4773760,2822268,,6285448,9709392,9236880,6640716,,1980,1980,1980,1980,,20719812,19639032,21009580,20417248
694,0,275,172,22,59,0,22,96303284,16654716,32101648,7920,81661968,,25486900,22174340,23073600,25568444,,2120192,6914936,4772456,2847132,,6249996,9949316,9235856,6666480,,1980,1980,1980,1980,,20720012,19514320,21009748,20417888
696,1,276,173,21,60,0,22,94615592,18352452,33795628,7920,79829812,,25440660,22402960,21188392,25583580,,2193072,6652352,6666804,2840224,,6323144,9687096,11125220,6660168,,1980,1980,1980,1980,,20720260,19639272,19051844,20418436
699,0,277,169,21,61,0,26,96045264,15681052,32344800,7920,82426292,,25498352,22392368,22578072,25576472,,2119736,6672240,5275148,1613928,,6250364,9707028,9733752,6653656,,1980,1980,1980,1980,,20720712,19639280,20430756,21635544
702,1,278,169,21,61,0,26,96018844,14615216,32333540,7920,83488432,,25450148,22399724,22901492,25267480,,2167400,6675280,4909504,863032,,6298680,9710108,9368348,6956404,,1980,1980,1980,1980,,20721328,19639292,20769508,22358304
705,1,279,168,21,62,0,27,96357708,16498428,31988980,7920,81517052,,25467984,22403128,22941444,25545152,,2130008,6663416,4898888,2806116,,6261780,9700016,9359120,6668064,,1980,1980,1980,1980,,20721820,19639352,20796188,20359692
708,0,280,170,21,64,0,25,96308764,16569060,32060608,7920,81616528,,25460464,22351768,22893076,25603456,,2164300,6706164,4946392,2752204,,6296224,9742928,9406700,6614756,,1980,1980,1980,1980,,20721940,19639488,20799076,20456024
710,1,281,171,21,65,0,24,96640276,16260264,31753380,7920,81834848,,25456392,22406264,23146860,25630760,,2170536,6660052,4684452,2745224,,6302940,9697020,9145472,6607948,,1980,1980,1980,1980,,20722340,19639560,21010660,20462288
713,0,282,171,21,66,0,24,96564940,16300484,31794684,7920,81835768,,25446368,22410564,23130664,25577344,,2169892,6647208,4691688,2791696,,6302668,9684428,9152772,6654816,,1980,1980,1980,1980,,20722676,19639704,21010672,20462716
716,0,283,170,21,67,0,25,96324248,16552976,32048428,7920,81553884,,25199788,22399016,23079532,25645912,,2420384,6655228,4763788,2713576,,6553464,9692488,9224864,6577612,,1980,1980,1980,1980,,20440004,19639708,21010584,20463588
718,0,284,170,21,68,0,25,96551924,16319100,31818084,7920,81837692,,25489736,22382388,23028028,25651772,,2105484,6682104,4825316,2706196,,6240264,9719568,9288124,6570128,,1980,1980,1980,1980,,20723316,19639884,21010856,20463636
720,1,285,170,21,69,0,25,95939996,16970720,32472108,7920,81337980,,25477932,22421668,23084104,24956292,,2128216,6637488,4764380,3440636,,6263504,9674988,9229128,7304488,,1980,1980,1980,1980,,20723748,19639940,21011152,19963140
723,0,286,169,21,70,0,26,96005100,16904208,32405128,7920,81298264,,25538512,21814148,23089784,25562656,,2065712,7268268,4761100,2809128,,6201476,10303992,9225924,6673736,,1980,1980,1980,1980,,20724068,19112532,21011184,20450480
726,0,287,169,21,71,0,26,96630696,16239168,31741804,7920,81840968,,25543212,22439936,23083540,25564008,,2063164,6608392,4759076,2808536,,6199376,9644652,9223960,6673816,,1980,1980,1980,1980,,20724428,19640276,21011232,20465032
728,1,288,169,21,72,0,26,96626804,16222028,31725904,7920,81841136,,25535676,22427004,23088576,25575548,,2059052,6613068,4749832,2800076,,6195260,9649392,9214744,6666508,,1980,1980,1980,1980,,20724464,19640412,21011244,20465016
731,0,289,169,21,73,0,26,96561788,16324520,31829968,7920,81842384,,25448360,22399524,23144876,25569028,,2165008,6668388,4683620,2807504,,6301700,9705140,9148916,6674212,,1980,1980,1980,1980,,20724880,19640764,21011388,20465352
733,0,290,169,21,74,0,26,96557600,16308608,31814484,7920,81842620,,25410028,22439676,23147856,25560040,,2199016,6608680,4681992,2818920,,6336056,9645244,9147416,6685768,,1980,1980,1980,1980,,20725212,19640592,21011400,20465416
735,1,291,169,21,75,0,26,96076884,16298916,31813556,7920,81851336,,25392084,22428152,23145376,25111272,,2212172,6621440,4680144,2785160,,6357588,9658036,9145648,6652284,,1980,1980,1980,1980,,20733600,19640608,21011472,20465656
738,0,292,169,21,76,0,26,95948124,16457088,31980868,7920,81860380,,25369232,22269652,23146184,25163056,,2242216,6809892,4684536,2720444,,6396176,9846364,9150052,6588276,,1980,1980,1980,1980,,20742096,19640440,21011480,20466364
740,1,293,169,21,77,0,26,95834184,16584860,32109316,7920,81755456,,25458948,22094636,23134256,25146344,,2145664,7003536,4703324,2732336,,6300136,10039980,9168848,6600352,,1980,1980,1980,1980,,20742688,19534776,21011504,20466488
743,1,294,169,21,78,0,26,95710096,16115756,32247508,7920,82134904,,25465072,22277464,22781392,25186168,,2152248,6193960,5072552,2696996,,6307068,9837636,9536812,6565992,,1980,1980,1980,1980,,20742932,20246544,20678140,20467288
746,0,295,170,21,79,0,25,95914156,14217656,32001800,7920,83893356,,25525468,22260880,23119032,25008776,,2077124,4562084,4720788,2857660,,6232472,9850512,9185176,6733640,,1980,1980,1980,1980,,20743460,21886076,20962184,20301636
749,2,296,169,21,79,0,26,95376496,16917644,32500848,7920,81114820,,24864556,22171172,23155224,25185544,,2734272,6829420,4669080,2684872,,6888272,9915704,9133516,6563356,,1980,1980,1980,1980,,20150704,19475668,21011836,20476612
753,0,297,170,19,81,0,27,96239260,16027780,31613224,7920,81812812,,25578576,22364724,23148492,25147468,,2005448,6639392,4667652,2715288,,6159564,9727560,9132124,6593976,,1980,1980,1980,1980,,20744080,19579796,21011872,20477064
755,1,298,171,19,82,0,26,96210256,15170456,31661528,7920,82710580,,25590420,22446988,23096864,25075984,,1080636,6546928,4726592,2816300,,6139420,9635396,9191140,6695572,,1980,1980,1980,1980,,21647012,19678824,20928788,20455956
758,0,299,171,19,83,0,26,96743224,14161176,31511464,7692,83681024,,25964392,22455100,23162712,25161020,,336780,6537680,4656448,2630268,,6154380,9626284,9122708,6608092,,1752,1980,1980,1980,,22403776,19689104,21012104,20576040
761,1,300,171,19,84,0,26,96038356,14226656,31732972,7692,83627952,,25252976,22461164,23141468,25182748,,2584312,6543928,4670736,427680,,6412300,9632876,9137040,6550756,,1752,1980,1980,1980,,20210408,19689116,21012112,22716316
764,2,301,171,19,84,0,26,96272428,13611848,31479560,7692,84196924,,25497704,22444316,23111264,25219144,,1938532,6565928,4739616,367772,,6116488,9654812,9206104,6502156,,1752,1980,1980,1980,,20768232,19689360,21012336,22726996
768,0,302,171,19,86,0,26,96232232,14191428,31568120,7692,83705700,,25442360,22470064,23150212,25169596,,262444,6533360,4695264,2700360,,6177596,9622468,9161892,6606164,,1752,1980,1980,1980,,22500712,19689444,21012416,20503128
771,1,303,171,19,87,0,26,96184172,16450716,31609596,7692,81479536,,25438628,22445752,23139492,25160300,,2500288,6564176,4694180,2692072,,6195512,9655132,9160844,6598108,,1752,1980,1980,1980,,20286000,19677736,21012428,20503372
774,1,304,171,19,88,0,26,95966860,16650200,31809280,7692,81205084,,25207760,22445564,23137112,25176424,,2731008,6551680,4691688,2675824,,6425496,9642880,9158480,6582424,,1752,1980,1980,1980,,19998676,19689856,21012576,20503976
777,0,305,172,19,89,0,25,96172616,16453108,31617760,7692,81494536,,25495568,22418624,23082320,25176104,,2443460,6574736,4774052,2660860,,6141716,9666132,9240776,6569136,,1752,1980,1980,1980,,20287288,19690000,21012496,20504752
779,1,306,174,19,90,0,23,96221012,16383424,31550496,7692,81495448,,25548924,22431848,23074504,25165736,,2370072,6551972,4771600,2689780,,6068796,9643600,9239584,6598516,,1752,1980,1980,1980,,20287812,19690252,21012808,20504576
782,1,307,174,19,91,0,23,95609084,16997504,32163008,7692,80917680,,25535656,22109104,23087808,24876516,,2373888,6878860,4769976,2974780,,6073060,9968760,9238300,6882888,,1752,1980,1980,1980,,20288024,19351272,21012580,20265804
785,0,308,173,19,92,0,24,96130460,16492872,31661076,7692,81420164,,25494036,22401696,23095588,25139140,,2429852,6587808,4761792,2713420,,6128992,9678412,9231640,6622032,,1752,1980,1980,1980,,20288164,19613560,21012904,20505536
787,1,309,173,19,93,0,24,95776864,16855904,32022516,7692,81052864,,25466676,22433592,22774936,25101660,,2456280,6560604,5083244,2755776,,6155632,9651232,9551448,6664204,,1752,1980,1980,1980,,20288428,19633576,20625104,20505756
790,0,310,175,19,94,0,22,96128832,16473104,31641100,7692,81393352,,25475464,22475532,23040364,25137472,,2436980,6518260,4803072,2714792,,6136680,9609164,9271600,6623656,,1752,1980,1980,1980,,20288816,19690668,20907880,20505988
792,1,311,175,19,95,0,22,96203880,16400216,31569480,7692,81499388,,25400968,22468300,23195188,25139424,,2529716,6515008,4637156,2718336,,6229868,9605936,9106288,6627388,,1752,1980,1980,1980,,20289252,19690668,21013192,20506276
795,0,312,175,19,96,0,22,96153628,16475536,31645276,7692,81416896,,25412596,22415604,23184232,25141196,,2516136,6594672,4646684,2718044,,6216552,9685728,9115828,6627168,,1752,1980,1980,1980,,20289512,19690712,21013200,20423472
797,1,313,175,19,97,0,22,96176348,16459040,31633932,7692,81504996,,25446844,22311344,23176788,25241372,,2488476,6717896,4644300,2608368,,6193428,9808776,9113468,6518260,,1752,1980,1980,1980,,20294048,19690532,21013208,20507208
800,0,314,175,19,98,0,22,96260484,16344856,31520256,7692,81505620,,25476892,22304012,23176832,25302748,,2443504,6714496,4646012,2540844,,6148712,9805372,9115212,6450960,,1752,1980,1980,1980,,20294376,19690544,21013228,20507472
802,1,315,175,19,99,0,22,96212656,16428248,31606152,7692,81498464,,25480076,22310828,23186116,25235636,,2447804,6717072,4644716,2618656,,6153136,9808080,9115608,6529328,,1752,1980,1980,1980,,20294488,19690696,21013192,20500088
805,0,316,176,19,100,0,21,96221584,16357412,31565280,7692,81536664,,25417264,22309328,23177480,25317512,,2530932,6697608,4649984,2478888,,6236876,9788704,9121092,6418608,,1752,1980,1980,1980,,20294976,19690844,21013516,20537328
807,0,317,176,19,101,0,21,96353576,16228308,31458220,7692,81558228,,25469984,22375700,23173664,25334228,,2493292,6643592,4655596,2435828,,6199536,9734964,9126852,6396868,,1752,1980,1980,1980,,20295336,19691212,21013516,20558164
810,0,318,175,19,102,0,22,96214168,16353492,31582532,7692,81386864,,25512876,22214220,23173728,25313344,,2429992,6804156,4655292,2464052,,6136744,9894084,9126616,6425088,,1752,1980,1980,1980,,20295800,19519376,21013540,20558148
812,1,319,175,19,103,0,22,96296532,15230976,31962800,7692,82623292,,25481736,22410912,23098628,25305256,,1438908,6588384,4738016,2465668,,6647084,9678916,9209672,6427128,,1752,1980,1980,1980,,21359324,19691596,21013824,20558548
815,1,320,173,19,103,0,24,96338432,16706108,31962684,7692,80953064,,25549120,22452928,23224216,25112168,,2841448,6568572,4603056,2693032,,6575240,9659548,9073132,6654764,,1752,1980,1980,1980,,19901272,19692072,21014172,20345548
818,0,321,172,19,105,0,25,96574760,16444140,31699344,7692,81219644,,25821316,22417488,23030896,25305060,,2548932,6578436,4833976,2482796,,6282928,9669228,9302072,6445116,,1752,1980,1980,1980,,20163768,19651364,20864264,20540248
820,1,322,171,19,106,0,26,96656684,16337004,31594448,7692,81295896,,25686576,22458844,23164288,25346976,,2693572,6541548,4662136,2439748,,6428004,9632748,9130752,6402944,,1752,1980,1980,1980,,20029460,19692244,21014016,20560176
823,0,323,171,19,107,0,26,96574804,16457448,31714936,7692,81187264,,25916592,22442592,23154184,25061436,,2464788,6575984,4680976,2735700,,6200076,9667320,9149632,6697908,,1752,1980,1980,1980,,20263804,19692324,21014024,20217112
825,1,324,170,19,108,0,27,96588604,16417468,31676132,7692,81213660,,25899940,22469536,23162128,25057000,,2482576,6520344,4677964,2736584,,6219068,9611900,9146632,6698532,,1752,1980,1980,1980,,20305792,19692536,21014036,20201296
828,0,325,170,19,109,0,27,96700580,16284444,31544504,7692,81416524,,25908680,22457428,23159508,25174964,,2458080,6537196,4680772,2608396,,6195168,9628784,9149452,6571100,,1752,1980,1980,1980,,20315624,19692552,21014048,20394300
830,1,326,170,19,110,0,27,96913568,16067012,31328660,7692,81590860,,25920068,22453348,23149056,25391096,,2455996,6531672,4688556,2390788,,6193340,9623272,9157248,6354800,,1752,1980,1980,1980,,20322356,19692560,21014060,20561884
833,0,327,170,19,111,0,27,96730024,16288100,31551376,7692,81495888,,25949980,22259604,23146572,25373868,,2451068,6746116,4685056,2405860,,6189284,9837544,9153756,6370792,,1752,1980,1980,1980,,20327176,19592664,21014068,20561980
835,1,328,170,19,112,0,27,97074352,15895308,31160240,7692,81597164,,26067336,22467108,23145724,25394184,,2292792,6531784,4680260,2390472,,6031672,9623600,9148980,6355988,,1752,1980,1980,1980,,20327664,19692768,21014096,20562636
838,0,329,170,19,113,0,27,96932368,16069052,31337940,7692,81597644,,26016100,22432404,23089096,25394768,,2345796,6565664,4772316,2385276,,6084964,9657508,9242980,6352488,,1752,1980,1980,1980,,20327784,19692792,21014360,20562708
840,1,330,171,19,114,0,26,96719064,16320824,31590020,7692,81417320,,26076284,22440600,23084996,25117184,,2287260,6571772,4764180,2697612,,6026628,9663768,9234888,6664736,,1752,1980,1980,1980,,20328096,19692948,21014376,20381900
843,0,331,172,19,115,0,25,96421116,16571060,31839588,7692,81047204,,26033200,21951408,23097124,25339384,,2328588,7052676,4752868,2436928,,6068184,10141128,9223620,6406656,,1752,1980,1980,1980,,20328316,19140780,21014396,20563712
846,0,332,171,19,116,0,26,96553944,16436884,31705356,7692,81209892,,25989256,22314788,22920408,25329492,,2381016,6672404,4920600,2462864,,6121000,9761380,9390004,6432972,,1752,1980,1980,1980,,20328724,19508352,20808900,20563916
848,0,333,171,18,117,0,27,96800464,16215580,31484580,7692,81451492,,25994516,22380884,23095964,25329100,,2382956,6594336,4762684,2475604,,6123196,9683572,9232024,6445788,,1752,1980,1980,1980,,20328980,19572696,20985836,20563980
850,1,334,172,18,118,0,26,96961004,16030912,31302288,7692,81601732,,25993248,22500748,23176392,25290616,,2384276,6466280,4663792,2516564,,6124696,9556864,9133596,6487132,,1752,1980,1980,1980,,20329156,19693384,21014876,20564316
853,0,335,172,18,119,0,26,96839976,16205936,31477996,7692,81602200,,25949016,22397560,23172808,25320592,,2446260,6604892,4671344,2483440,,6187080,9695792,9141152,6453972,,1752,1980,1980,1980,,20329512,19693528,21014872,20564288
856,0,336,171,18,120,0,27,96375380,16665944,31938044,7692,81166848,,25538508,22315876,23181100,25339896,,2859036,6688648,4662100,2456160,,6599268,9779508,9131920,6427348,,1752,1980,1980,1980,,19929096,19657760,21014884,20565108
858,0,337,172,18,121,0,26,96821392,16219780,31493444,7692,81604084,,25987488,22320512,23129936,25383456,,2394364,6711164,4707416,2406836,,6135640,9802076,9177276,6378452,,1752,1980,1980,1980,,20330328,19693460,21014892,20565404
861,0,338,172,18,122,0,26,96693772,16328480,31602692,7692,81503092,,25998860,22331504,23028436,25334972,,2389148,6677824,4817172,2444336,,6130892,9768792,9286708,6416300,,1752,1980,1980,1980,,20330740,19693568,20913092,20565692
863,0,339,172,18,123,0,26,96328464,16727288,32002140,7692,81224832,,26015756,22077920,22884824,25349964,,2366960,6958584,4976040,2425704,,6108872,10049444,9445732,6398092,,1752,1980,1980,1980,,20330920,19506408,20821344,20566160
866,0,340,172,18,124,0,26,96535912,16501356,31777688,7692,81413256,,25970952,22333572,22877564,25353824,,2427696,6674704,4967844,2431112,,6170196,9765828,9437516,6404148,,1752,1980,1980,1980,,20331412,19693860,20821284,20566700
868,0,341,172,18,125,0,26,96566832,16494000,31773004,7692,81414936,,25992380,22333776,22866112,25374564,,2414952,6686972,4978388,2413688,,6157840,9780344,9448068,6386752,,1752,1980,1980,1980,,20331788,19694336,20822052,20566760
871,0,342,172,18,126,0,26,96706540,16302340,31582228,7692,81415744,,26020660,22468452,22864344,25353084,,2354676,6527064,4981700,2438900,,6097572,9620764,9451520,6412372,,1752,1980,1980,1980,,20331808,19694608,20822288,20567040
873,1,343,172,18,127,0,26,96380400,16635980,31916016,7692,81098588,,26011744,22458148,22914392,24996116,,2373516,6525536,4938680,2798248,,6116780,9619516,9408552,6771168,,1752,1980,1980,1980,,20332116,19694796,20823444,20248232
876,0,344,172,18,128,0,26,96951484,16038800,31320496,7692,81513764,,26002048,22444392,23213956,25291088,,2379520,6544612,4622712,2491956,,6123128,9638616,9093612,6465140,,1752,1980,1980,1980,,20332440,19694812,21015836,20470676
878,1,345,172,18,129,0,26,96834384,14255932,31437156,7692,83420052,,25981784,22303496,23179568,25369536,,2400128,6704812,2741568,2409424,,6144020,9798948,9111240,6382948,,1752,1980,1980,1980,,20332732,19608828,22910024,20568468
881,2,346,173,18,129,0,25,97035460,15055488,31301400,7692,82570832,,25946800,22479788,23168428,25440444,,2444460,5640292,4621824,2348912,,6189160,9598644,9134144,6379452,,1752,1980,1980,1980,,20333400,20555340,21056772,20625320
885,1,347,174,18,130,0,24,97129644,11585464,31294808,7692,86024756,,25947080,22468656,23170992,25542916,,2455964,2265568,4624988,2238944,,6201576,9625212,9137352,6330668,,1752,1980,1980,1980,,20334244,23947440,21056784,20686288
888,1,348,174,18,132,0,24,97163760,13479088,31250068,7692,84090228,,25983928,22455768,23170216,25553848,,2418776,4227116,4619408,2213788,,6164608,9645792,9131736,6307932,,1752,1980,1980,1980,,20334512,22010280,21056792,20688644
891,1,349,174,18,133,0,24,95309304,17550628,33089176,7692,80136492,,24134752,22454616,23165556,25554380,,4269384,6445820,4631524,2203900,,8011520,9633156,9145548,6298952,,1752,1980,1980,1980,,18606132,19783788,21057060,20689512
894,1,350,169,18,134,0,29,96218924,16623872,32159456,7692,80809596,,25384052,22457584,22819180,25558108,,2987884,6447208,4994200,2194580,,6727736,9634584,9507012,6290124,,1752,1980,1980,1980,,19595684,19783804,20740100,20690008
897,0,351,169,18,135,0,29,97283764,15563468,31100572,7692,81867968,,26159864,22456288,23131176,25536436,,2180020,6444544,4678228,2260676,,5920736,9631988,9191184,6356664,,1752,1980,1980,1980,,20336172,19783988,21057360,20690448
900,0,352,169,18,136,0,29,97300972,15512708,31050448,7692,81868464,,26155680,22452176,23117968,25575148,,2189632,6448492,4678500,2196084,,5930536,9635968,9191632,6292312,,1752,1980,1980,1980,,20336348,19784012,21057388,20690716
903,0,353,169,18,137,0,29,96913220,15905672,31443908,7692,81600856,,25839408,22417228,23134500,25522084,,2501288,6497452,4663848,2243084,,6242204,9684976,9176960,6339768,,1752,1980,1980,1980,,20068392,19784052,21057420,20690992
905,1,354,169,18,138,0,29,96442720,16410648,31949436,7692,81292684,,26027156,22437384,22466864,25511316,,2322772,6472896,5359528,2255452,,6064588,9661416,9870704,6352728,,1752,1980,1980,1980,,20337240,19785000,20478812,20691632
908,1,355,168,18,139,0,30,97242984,15590008,31130280,7692,81872108,,26027180,22473292,23238504,25504008,,2338984,6427124,4564868,2259032,,6081148,9615640,9076916,6356576,,1752,1980,1980,1980,,20337456,19785012,21057696,20691944
911,0,356,169,18,140,0,29,97197088,15624644,31166708,7692,81873448,,26036212,22480388,23219976,25460512,,2331648,6431188,4564916,2296892,,6074272,9620272,9077052,6395112,,1752,1980,1980,1980,,20337876,19785152,21057996,20692424
913,1,357,169,18,141,0,29,97074996,15763420,31306092,7692,81874188,,26041760,22385760,23222676,25424800,,2319360,6529024,4557600,2357436,,6062520,9717840,9069728,6456004,,1752,1980,1980,1980,,20338388,19785160,21058008,20692632
916,1,358,169,18,142,0,29,97101124,15729396,31274320,7692,81876380,,26086960,22308904,23214420,25490840,,2263596,6626828,4553628,2285344,,6006964,9815624,9065928,6385804,,1752,1980,1980,1980,,20338484,19785204,21058148,20694544
919,0,359,169,18,143,0,29,97002356,15888560,31434792,7692,81769012,,26090632,22325792,23057736,25528196,,2270864,6612868,4764428,2240400,,6014724,9802148,9276552,6341368,,1752,1980,1980,1980,,20338960,19785552,20949464,20695036
922,0,360,169,18,144,0,29,96459384,16408224,31954776,7692,81233420,,26131516,22328376,23088428,24911064,,2229156,6604248,4706972,2867848,,5973236,9793408,9220532,6967600,,1752,1980,1980,1980,,20339240,19785552,21031760,20076868
924,0,361,169,17,145,0,30,97113344,15716260,31268936,7692,81859080,,26124348,22383812,23092212,25512972,,2214140,6534024,4709580,2258516,,5961988,9724708,9223304,6358936,,1752,1980,1980,1980,,20339708,19785732,21038156,20695484
926,1,362,170,17,146,0,29,97088672,15811564,31367240,7692,81865824,,26055860,22416428,23086064,25530320,,2346252,6493112,4726408,2245792,,6094076,9684416,9240152,6348596,,1752,1980,1980,1980,,20339496,19786172,21043300,20696856
929,0,363,170,17,147,0,29,96676232,16244972,31801008,7692,81518032,,26060988,22041796,23089524,25483924,,2335196,6882788,4720852,2306136,,6083468,10073896,9234636,6409008,,1752,1980,1980,1980,,20339952,19432628,21048612,20696840
931,1,364,169,17,148,0,30,96802816,16077244,31633516,7692,81529676,,26071812,22109732,23101720,25519552,,2315760,6801272,4711388,2248824,,6064676,9991228,9225332,6352280,,1752,1980,1980,1980,,20340456,19434160,21057604,20697456
934,0,365,168,17,149,0,31,97087500,15757400,31314084,7692,81697004,,26114380,22323596,23112184,25537340,,2263668,6579864,4697048,2216820,,6012864,9768912,9211068,6321240,,1752,1980,1980,1980,,20340648,19599532,21058644,20698180
936,1,366,169,17,150,0,30,97340236,14206244,31024636,7692,83112900,,26109392,22475248,23240736,25514860,,2266568,6416972,4526912,995792,,6016064,9606476,9041568,6360528,,1752,1980,1980,1980,,20340952,19757008,21059008,21955932
939,1,367,169,17,151,0,30,97134740,13805988,31317448,7672,83538528,,25840580,22487784,23181768,25624608,,2531048,6378160,4608712,288068,,6281208,9567736,9124984,6343520,,1752,1980,1980,1960,,20050500,19785080,21058912,22644036
942,1,368,172,16,151,0,28,96882448,16242868,31536924,7672,81226572,,26018192,22457880,23180108,25226268,,2370060,6430964,4613312,2828532,,6120720,9620544,9129580,6666080,,1752,1980,1980,1960,,20295412,19786756,21058928,20085476
945,1,369,171,16,153,0,29,97374524,15721780,31019560,7672,81619536,,26060296,22500792,23186788,25626648,,2300216,6383540,4609628,2428396,,6052480,9573340,9125912,6267828,,1752,1980,1980,1960,,20342260,19786964,21058944,20431368
948,0,370,174,15,154,0,27,97145372,15974628,31271700,7672,81502340,,26009784,22489396,23196160,25450032,,2365228,6379896,4590908,2638596,,6118048,9569748,9107212,6476692,,1752,1980,1980,1960,,20342640,19786984,21058956,20313760
950,1,371,173,15,155,0,28,97304676,15849348,31150356,7672,81621216,,26084192,22437108,23195716,25587660,,2291604,6462412,4595208,2500124,,6044932,9652380,9113084,6339960,,1752,1980,1980,1960,,20343100,19786896,21059260,20431960
953,0,372,173,15,156,0,28,96961356,16193876,31496544,7672,81411168,,26061648,22460252,22851364,25588092,,2305956,6431056,4983712,2473152,,6059508,9621400,9501968,6313668,,1752,1980,1980,1960,,20343300,19787264,20848092,20432512
955,1,373,175,15,157,0,26,97097620,16032156,31336400,7672,81489464,,26133124,22254756,23125296,25584444,,2224152,6650644,4686968,2470392,,5978332,9841316,9205344,6311408,,1752,1980,1980,1960,,20343884,19653096,21059432,20433052
958,0,374,175,15,158,0,26,97340160,15791364,31096200,7672,81624316,,26133340,22498500,23113140,25595180,,2230380,6394660,4693548,2472776,,5985212,9585216,9211940,6313832,,1752,1980,1980,1960,,20344340,19787460,21059448,20433068
960,1,375,175,15,159,0,26,97203160,15951256,31256316,7672,81624392,,26073512,22476884,23104884,25547880,,2303904,6411956,4703100,2532296,,6058860,9602540,9221496,6373420,,1752,1980,1980,1960,,20344404,19787484,21059452,20433052
963,1,376,175,15,160,0,26,97103868,16064300,31370672,7672,81625608,,26017308,22443240,23113372,25529948,,2343304,6464164,4691052,2565780,,6098448,9654816,9209624,6407784,,1752,1980,1980,1960,,20344568,19787528,21059620,20433892
966,1,377,175,15,161,0,26,96693148,16433960,31739344,7672,81033100,,26015132,22491836,22631148,25555032,,2358932,6383780,5170816,2520432,,6114400,9574624,9687484,6362836,,1752,1980,1980,1960,,20344884,19787716,20466204,20434296
969,0,378,173,15,162,0,28,97201692,15927328,31233848,7672,81627172,,25993024,22429496,23257236,25521936,,2382532,6482756,4523820,2538220,,6138236,9673628,9041332,6380652,,1752,1980,1980,1960,,20345132,19787728,21059960,20434352
972,0,379,173,15,163,0,28,96979596,16211880,31519264,7672,81584936,,26023044,22271596,23231700,25453256,,2357764,6663576,4552164,2638376,,6114112,9854356,9069688,6481108,,1752,1980,1980,1960,,20345816,19744568,21059968,20434584
974,1,380,173,15,164,0,28,97121776,15350652,31365464,7672,82332568,,26004272,22401980,23233648,25481876,,2391976,5793148,4549740,2615788,,6150208,9689424,9067272,6458560,,1752,1980,1980,1960,,20346176,20491772,21059976,20434644
977,0,381,173,15,165,0,28,96985196,13919012,31488876,7672,83782964,,26008608,22195604,23227444,25553540,,2368644,4483484,4552156,2514728,,6127260,9933748,9069704,6358164,,1752,1980,1980,1960,,20346528,21941144,21059992,20435300
980,1,382,173,15,166,0,28,96102480,17052892,32378992,7672,80660316,,25726864,22248068,23124864,25002684,,2657404,6654972,4684332,3056184,,6416712,9864024,9201916,6896340,,1752,1980,1980,1960,,20009800,19776100,21059972,19814444
984,0,383,172,14,167,0,30,97207284,15845024,31222000,7672,81697968,,26112252,22345220,23117156,25632656,,2247120,6495712,4680360,2421832,,6007052,9753848,9197928,6263172,,1752,1980,1980,1960,,20347616,19853552,21059952,20436848
986,0,384,171,14,168,0,31,97229176,13690212,31174824,7672,83699332,,26053780,22435632,23114828,25624936,,2314732,4282908,4679152,2413420,,6074140,9648604,9196732,6255348,,1752,1980,1980,1960,,20244788,21957052,21059964,20437528
989,0,385,171,14,169,0,31,96859172,13971672,31572312,7672,83558504,,26149780,21975724,23111572,25622096,,2211248,4651280,4680844,2428300,,5971352,10132264,9198428,6270268,,1752,1980,1980,1960,,20349040,21711964,21059972,20437528
991,1,386,170,14,169,0,32,96998484,16066124,31435556,7672,81300532,,26159144,22099064,23110128,25630148,,2201660,6742468,4689880,2432116,,5961948,9991512,9207472,6274624,,1752,1980,1980,1960,,20349224,19453260,21059976,20438072
994,1,387,169,14,171,0,33,97286436,15779748,31150324,7672,81561164,,25968872,22493272,23182440,25641852,,2416944,6330764,4615180,2416860,,6177168,9580116,9133172,6259868,,1752,1980,1980,1960,,20214356,19847824,21060420,20438564
997,0,388,169,14,172,0,33,97354552,15685244,31056604,7672,81504572,,26189936,22451868,23069472,25643276,,2162920,6392632,4714120,2415572,,5925080,9642032,9230672,6258820,,1752,1980,1980,1960,,20349856,19847772,20868132,20438812
999,1,389,169,13,173,0,34,97478324,15557944,30930524,7672,81550172,,26210872,22468220,23114960,25684272,,2127292,6376208,4675840,2378604,,5889860,9625724,9192708,6222232,,1752,1980,1980,1960,,20350212,19847968,20912836,20439156
1002,0,390,170,13,174,0,33,97585032,15466680,30843312,7672,81698628,,26147688,22509288,23234096,25693960,,2211020,6333404,4557360,2364896,,5973984,9583112,9077332,6208884,,1752,1980,1980,1960,,20350576,19847668,21060948,20439436
1005,0,391,170,13,175,0,33,97550464,15473940,30851088,7672,81699624,,26137844,22505476,23225580,25681564,,2218256,6330092,4549576,2376016,,5981460,9579912,9069572,6220144,,1752,1980,1980,1960,,20350808,19848300,21060956,20439560
1007,1,392,170,13,176,0,33,97478048,15589464,30967172,7672,81699948,,26136408,22490068,23215252,25636320,,2233472,6338748,4570896,2446348,,5996908,9588644,9090940,6290680,,1752,1980,1980,1960,,20351036,19848324,21060968,20439620
1010,0,393,170,13,177,0,33,97474432,15602804,30981564,7672,81700932,,26138280,22477840,23217136,25641176,,2239176,6357484,4569404,2436740,,6002980,9607572,9089488,6281524,,1752,1980,1980,1960,,20351400,19848472,21060976,20440084
1013,0,394,170,13,178,0,33,97126256,15966444,31345704,7672,81386108,,26144540,22504616,22849432,25627668,,2227864,6326640,4958560,2453380,,5991840,9576780,9478396,6298688,,1752,1980,1980,1960,,20351588,19848500,20745408,20440612
1015,1,395,171,13,179,0,32,97499448,15577856,30958784,7672,81648764,,26208552,22485448,23169792,25635656,,2164564,6351688,4623980,2437624,,5929432,9601776,9144144,6283432,,1752,1980,1980,1960,,20352444,19848516,21006672,20441132
1018,1,396,171,13,180,0,32,97495892,15594820,30976376,7672,81703656,,26138112,22505884,23207404,25644492,,2232320,6343992,4583616,2434892,,5997340,9594324,9103956,6280756,,1752,1980,1980,1960,,20352572,19848708,21061212,20441164
1021,0,397,171,13,181,0,32,97500432,15577716,30959688,7672,81704056,,26142760,22511896,23210160,25635616,,2234740,6334064,4576376,2432536,,6000052,9584432,9096724,6278480,,1752,1980,1980,1960,,20352864,19848712,21061232,20441248
1024,0,398,171,13,182,0,32,97333156,15776300,31159592,7672,81705120,,26063768,22496728,23208504,25564156,,2339540,6338992,4562240,2535528,,6105288,9589420,9082636,6382248,,1752,1980,1980,1960,,20353148,19848764,21061268,20441940
1027,0,399,171,13,183,0,32,96033592,17089700,32473280,7672,80489568,,25562156,22437824,23219940,24813672,,2819364,6398688,4580532,3291116,,6585272,9649128,9101008,7137872,,1752,1980,1980,1960,,19902072,19824844,21061308,19701344
1030,0,400,170,13,184,0,33,96858412,16258132,31640860,7672,81291660,,25881168,22398320,23208508,25370416,,2504044,6451100,4583208,2719780,,6268912,9701564,9103744,6566640,,1752,1980,1980,1960,,20122404,19848728,21061340,20259188
1032,0,401,170,13,185,0,33,96940656,16162668,31546464,7672,81541180,,25992092,22351068,23209696,25387800,,2383276,6511668,4579356,2688368,,6148356,9762056,9099904,6536148,,1752,1980,1980,1960,,20277232,19848636,21061348,20353964
1034,1,402,170,13,186,0,33,97018200,16102860,31489072,7672,81630704,,26053156,22354548,23210864,25399632,,2333884,6504052,4580424,2684500,,6099192,9754460,9100980,6534440,,1752,1980,1980,1960,,20354280,19848652,21061368,20366404
1037,0,403,172,12,187,0,32,96112556,17049656,32436868,7672,80784808,,26097860,21301364,23212440,25500892,,2275752,7600292,4574512,2599100,,6041548,10850504,9095200,6449616,,1752,1980,1980,1960,,20354788,18938508,21061500,20430012
1039,1,404,172,12,188,0,32,96848144,16190160,31689880,7672,81439784,,26162160,21888896,23162452,25634636,,2200508,7014244,4635736,2339672,,5966792,10264548,9156420,6302120,,1752,1980,1980,1960,,20355224,19468276,21061416,20554868
1042,1,405,172,12,189,0,32,96742956,15126652,31733320,7672,82566520,,26177656,22035972,22945060,25584268,,2175760,6823764,4845308,1281820,,5942656,10074204,9365760,6350700,,1752,1980,1980,1960,,20355460,19606832,20945168,21659060
1045,1,406,172,12,189,0,32,96855424,14155752,31678496,7672,83618312,,26204692,22260152,22780032,25610548,,2147092,6607648,5055992,345020,,5914784,9861272,9576484,6325956,,1752,1980,1980,1960,,20356388,19849200,20844316,22568408
1048,1,407,174,11,190,0,31,97238108,15985612,31264496,7672,81595892,,26181560,22311028,23124096,25621424,,2167068,6571620,4681240,2565684,,5934980,9825828,9202144,6301544,,1752,1980,1980,1960,,20356572,19849636,21061672,20328012
1051,1,408,174,11,192,0,31,97349264,15847600,31128024,7672,81596668,,26191164,22429872,23111652,25616576,,2156356,6418068,4705740,2567436,,5924476,9672744,9227456,6303348,,1752,1980,1980,1960,,20356776,19850116,21061700,20328076
1054,0,409,174,11,193,0,31,97414320,15763320,31045784,7672,81597680,,26190088,22510748,23115256,25598228,,2152728,6326396,4707192,2577004,,5921100,9581568,9229748,6313368,,1752,1980,1980,1960,,20356976,19850368,21061780,20328556
1056,1,410,174,11,194,0,31,97538020,15622584,30906488,7672,81598820,,26194808,22475088,23253844,25614280,,2152136,6369956,4529840,2570652,,5920800,9625216,9053024,6307448,,1752,1980,1980,1960,,20357272,19850400,21062168,20328980
1059,1,411,174,11,195,0,31,97580452,15576092,30860884,7672,81599404,,26169404,22508560,23256844,25645644,,2177764,6327152,4523584,2547592,,5946516,9582732,9046828,6284808,,1752,1980,1980,1960,,20357308,19850552,21062204,20329340
1062,0,412,174,11,196,0,31,97512640,15630800,30918604,7672,81600740,,26118220,22498036,23240008,25656376,,2245928,6331600,4538532,2514740,,6016996,9587268,9061924,6252416,,1752,1980,1980,1960,,20358220,19850580,21062324,20329616
1065,0,413,174,11,197,0,31,97491356,15692532,30980932,7672,81601264,,26125632,22489188,23241740,25634796,,2243528,6360136,4536588,2552280,,6014848,9615804,9060020,6290260,,1752,1980,1980,1960,,20358504,19850500,21062340,20329920
1067,1,414,174,11,198,0,31,97544084,15616656,30907600,7672,81602068,,26131004,22509296,23254140,25649644,,2243676,6323292,4531320,2518368,,6015204,9579264,9054776,6258356,,1752,1980,1980,1960,,20358664,19850728,21062352,20330324
1070,1,415,174,11,199,0,31,97104896,16066180,31359644,7672,81261804,,26126288,22486520,23257708,25234380,,2238588,6340584,4531856,2955152,,6012340,9596704,9055336,6695264,,1752,1980,1980,1960,,20359376,19850740,21062360,19989328
1073,0,416,174,11,200,0,31,97654380,15489136,30781660,7672,81597652,,26231580,22486316,23230744,25705740,,2133408,6352620,4551432,2451676,,5907544,9608840,9074968,6190308,,1752,1980,1980,1960,,20359740,19850752,21062368,20324792
1076,0,417,174,11,201,0,31,97072640,16064568,31358712,7672,80971556,,25964012,22181444,23223560,25703624,,2392112,6649028,4568156,2455272,,6168584,9903908,9091748,6194472,,1752,1980,1980,1960,,20070680,19506788,21062380,20331708
1078,1,418,174,11,202,0,31,97553880,15579160,30873928,7672,81463760,,26180684,22445440,23221776,25705980,,2164424,6392228,4563736,2458772,,5941160,9647356,9087392,6198020,,1752,1980,1980,1960,,20284944,19784672,21062392,20331752
1081,0,419,174,11,203,0,31,97499840,15642264,30936736,7672,81376756,,26257720,22507260,23031176,25703684,,2097520,6313900,4769364,2461480,,5874944,9569312,9291476,6201004,,1752,1980,1980,1960,,20361264,19842696,20840768,20332028
1083,1,420,174,11,204,0,31,97511608,15662076,30957372,7672,81574092,,26195776,22504644,23247996,25563192,,2149396,6338008,4535860,2638812,,5926812,9593460,9058280,6378820,,1752,1980,1980,1960,,20361204,19843356,21037136,20332396
1086,0,421,174,11,205,0,31,97508052,15662572,30959440,7672,81600852,,26146944,22502992,23261780,25596336,,2229252,6325748,4501828,2605744,,6006924,9581208,9024348,6346960,,1752,1980,1980,1960,,20361432,19843740,21062636,20333044
1088,1,422,174,11,206,0,31,97181300,15987784,31284764,7672,81371660,,26194992,22193948,23259096,25533264,,2158176,6637440,4518868,2673300,,5936000,9892856,9041412,6414496,,1752,1980,1980,1960,,20361656,19614328,21062656,20333020
1091,0,423,174,11,207,0,31,97281372,14588768,31191676,7672,82778900,,26123108,22421100,23147064,25590100,,915676,6433788,4633864,2605440,,5999084,9689308,9156412,6346872,,1752,1980,1980,1960,,21664280,19798528,20982700,20333392
1093,2,424,174,11,207,0,31,97217400,14045852,31346488,7172,83607308,,26139988,22272708,23267736,25536968,,256800,6604108,4532220,2652724,,6037116,9859744,9055152,6394476,,1252,1980,1980,1960,,22359524,19851024,21063132,20333628
1097,0,425,174,11,209,0,31,97465492,16114800,31075244,7172,81272756,,26231844,22316508,23267852,25649288,,2535280,6560948,4509332,2509240,,5951080,9816708,9032428,6275028,,1252,1980,1980,1960,,19999964,19851296,21063140,20358356
1099,1,426,174,11,210,0,31,97453888,14262864,31053820,7172,83098956,,26233288,22312108,23245488,25663004,,2520336,6553388,4524816,664324,,5936632,9809172,9047972,6260044,,1252,1980,1980,1960,,20000328,19851352,21063152,22184124
1102,0,427,174,11,211,0,31,96964000,14356236,31565564,7172,83179992,,26281264,22307096,23148244,25227396,,2474608,6558216,4656256,667156,,5891208,9814512,9179372,6680472,,1252,1980,1980,1960,,20000724,19851788,21063176,22264304
1105,0,428,173,11,212,0,32,97537816,15985708,30969448,7172,81251012,,26325316,22413084,23145908,25653508,,2423060,6435196,4666060,2461392,,5840224,9692648,9189184,6247392,,1252,1980,1980,1960,,20001352,19851980,21063100,20334580
1107,1,429,173,11,213,0,32,97543100,15170312,30917144,7172,82050836,,26297972,22408620,23140176,25696332,,2432640,6429500,4665596,1642576,,5849920,9687072,9188732,6191420,,1252,1980,1980,1960,,20001468,19852020,21063100,21134248
1110,0,430,174,10,214,0,32,97531840,13814016,30909848,6396,83397020,,26299164,22454172,23137068,25641436,,2434400,6405508,4665920,308188,,5851836,9663104,9189056,6205852,,1252,1980,1980,1184,,20001644,19851972,21063132,22480272
1112,2,431,174,10,214,0,32,97540500,13790544,30889060,6396,83399620,,26293048,22487640,23149256,25610556,,2437840,6360356,4662792,329556,,5855556,9618380,9185976,6229148,,1252,1980,1980,1184,,20001908,19852420,21063180,22482112
1116,1,432,174,10,216,0,32,97448916,16100476,30964676,6396,80879280,,26271784,22524128,22971832,25681172,,2462400,6315468,4819792,2502816,,5880456,9573744,9341756,6168720,,1252,1980,1980,1184,,20002240,19852508,20771220,20253312
1119,1,433,173,10,217,0,33,97697088,15887708,30753192,6396,81172960,,26265900,22514764,23259208,25657216,,2494840,6323516,4549752,2519600,,5914148,9581804,9071640,6185600,,1252,1980,1980,1184,,20003516,19852528,21063516,20253400
1122,1,434,173,10,218,0,33,97705004,15838436,30706448,6396,81173788,,26266288,22519392,23245696,25673628,,2481780,6319784,4541064,2495808,,5901576,9579776,9062988,6162108,,1252,1980,1980,1184,,20003968,19852592,21063524,20253704
1125,0,435,172,10,219,0,34,97072764,16496000,31362360,6396,80585228,,25643948,22523244,23250464,25655108,,3130224,6312872,4539048,2513856,,6548236,9572936,9060976,6180212,,1252,1980,1980,1184,,19415260,19852600,21063540,20253828
1127,1,436,172,10,220,0,34,97224616,16322176,31189500,6396,80784276,,26025300,22337496,23251652,25610168,,2715744,6489720,4531728,2584984,,6134124,9749924,9053676,6251776,,1252,1980,1980,1184,,19790224,19676360,21063556,20254136
1130,0,437,173,10,221,0,33,97657008,15864932,30735260,6396,81112884,,26222900,22566804,23240736,25626568,,2497244,6262444,4519720,2585524,,5917704,9522796,9041680,6253080,,1252,1980,1980,1184,,19941816,19852664,21063560,20254844
1133,0,438,174,10,222,0,32,97648132,15900052,30772904,6396,81160612,,26226512,22538856,23239140,25643624,,2523968,6293464,4537148,2545472,,5945464,9553868,9060308,6213264,,1252,1980,1980,1184,,19988720,19852888,21063864,20255140
1135,1,439,174,10,223,0,32,97710936,15794396,30714204,6396,81224596,,26314700,22535528,23236120,25624588,,2381664,6285000,4545928,2581804,,5849412,9545420,9069316,6250056,,1252,1980,1980,1184,,20052452,19852908,21063640,20255596
1138,0,440,174,10,224,0,32,96958884,14592976,31503116,6396,82623468,,26294680,22347980,22957468,25358756,,446796,6467536,4839676,2838968,,5905332,9728036,9363076,6506672,,1252,1980,1980,1184,,22101040,19657768,20893876,19970784
1141,1,441,175,10,224,0,31,97252428,14272952,31217648,6396,83083220,,26185088,22489676,23265008,25312656,,523720,6366580,4494544,2888108,,6012796,9629192,9020388,6555272,,1252,1980,1980,1184,,22131380,19853444,21064092,20034304
1145,0,442,177,10,226,0,29,97380524,16207364,31086360,6396,81135308,,26175428,22503696,23240784,25460616,,2766496,6331016,4371480,2738372,,6023944,9593724,9062500,6406192,,1252,1980,1980,1184,,19904676,19853520,21228772,20148340
1147,1,443,177,10,227,0,29,97402188,15348144,31079576,6396,82028336,,26190856,22450316,23253684,25507332,,2738060,6388336,3508268,2713480,,5995636,9650952,9050452,6382536,,1252,1980,1980,1184,,19904800,19853340,22078432,20191764
1150,0,444,178,10,228,0,28,96945272,13390876,31570832,6396,84195536,,26146808,22413288,23251016,25134160,,2813844,6428592,1051228,3097212,,6071680,9691584,9041428,6766140,,1252,1980,1980,1184,,19905052,19853780,24520940,19915764
1153,0,445,178,10,229,0,28,97185428,12216628,31244228,6176,85382536,,26124180,22401548,23132920,25526780,,2829036,6446632,234612,2706348,,6087260,9709460,9071216,6376292,,1252,1980,1760,1184,,19905452,19853548,25365916,20257620
1156,1,446,178,10,230,0,28,97293804,14264964,30970108,5452,83066456,,26230040,22343908,23032476,25687380,,2697224,6510492,2557132,2500116,,5955972,9773408,9069964,6170764,,1252,1980,1036,1184,,19906084,19853596,23048372,20258404
1159,0,447,178,10,231,0,28,97267532,16525964,31002460,5452,80842720,,26235624,22300208,23023828,25707872,,2688092,6560356,4804740,2472776,,5947336,9823420,9088036,6143668,,1252,1980,1036,1184,,19906580,19853740,20823764,20258636
1162,0,448,178,10,232,0,28,97307716,16503928,30981404,5452,80843888,,26334984,22352208,22978412,25642112,,2591504,6512528,4850656,2549240,,5851076,9775760,9133788,6220780,,1252,1980,1036,1184,,19906968,19853996,20823684,20259240
1165,0,449,179,10,233,0,27,96777180,17034676,31513968,5452,80398572,,25877240,22389180,22826672,25684088,,3071512,6458824,4994436,2509904,,6331840,9722208,9277840,6182080,,1252,1980,1036,1184,,19564240,19854144,20720272,20259916
1168,0,450,178,10,234,0,28,97308664,16458352,30937452,5452,80748332,,26315020,22489088,22823000,25681556,,2603656,6351368,4982964,2520364,,5863564,9615096,9266144,6192648,,1252,1980,1036,1184,,19907972,19854504,20725856,20260000
1170,1,451,178,10,235,0,28,97327564,16435968,30916348,5452,80762288,,26316624,22487888,22833684,25689368,,2589444,6346220,4989608,2510696,,5849808,9610316,9272988,6183236,,1252,1980,1036,1184,,19908176,19854668,20739176,20260268
1173,0,452,178,10,236,0,28,97554140,16198992,30678584,5452,80847500,,26305732,22582284,22986700,25679424,,2612240,6243712,4829208,2513832,,5872732,9506408,9112692,6186752,,1252,1980,1036,1184,,19908364,19854524,20823952,20260660
1175,1,453,178,10,237,0,28,97347584,16393408,30873332,5452,80690344,,26103824,22578032,23014956,25650772,,2818776,6242392,4798240,2534000,,6079092,9505268,9081676,6207296,,1252,1980,1036,1184,,19750332,19855004,20824004,20261004
1178,0,454,178,10,238,0,28,97422708,16321524,30801916,5452,80690692,,26104612,22566664,23039092,25712340,,2834584,6259564,4764404,2462972,,6095036,9522480,9048020,6136380,,1252,1980,1036,1184,,19750380,19854996,20824216,20261100
1181,0,455,178,10,239,0,28,97497148,16221156,30702956,5452,80759160,,26150684,22568748,23022160,25755556,,2775996,6256636,4772400,2416124,,6037016,9519672,9055996,6090272,,1252,1980,1036,1184,,19818100,19855008,20824228,20261824
1183,1,456,178,10,240,0,28,97528964,16233592,30716360,5452,80850932,,26205796,22538476,23029052,25755640,,2733296,6287276,4774884,2438136,,5995004,9550500,9058496,6112360,,1252,1980,1036,1184,,19909756,19855100,20824244,20261832
1186,0,457,178,10,241,0,28,96848620,16880272,31362876,5452,80296288,,26176052,22588688,22884416,25199464,,2762028,6232484,4909480,2976280,,6023936,9495844,9193100,6649996,,1252,1980,1036,1184,,19909992,19855008,20824252,19707036
1188,1,458,176,10,242,0,30,97488240,16252980,30737580,5452,80831144,,26251968,22463932,23039904,25732436,,2669020,6370380,4780244,2433336,,5931200,9634112,9064092,6108176,,1252,1980,1036,1184,,19910308,19855332,20824560,20240944
1191,0,459,176,10,243,0,30,97613736,13444284,30589204,5452,83507344,,26268716,22570416,23029676,25744928,,2654432,6254028,2093420,2442404,,5916844,9518084,9036760,6117516,,1252,1980,1036,1184,,19910548,19855688,23478220,20262888
1193,1,460,177,9,243,0,30,97542064,11622556,30664840,5452,85399348,,26283348,22516276,22976920,25765520,,2645916,6312580,270308,2393752,,5908744,9576624,9109928,6069544,,1252,1980,1036,1184,,19910964,19855644,25369356,20263384
1197,1,461,177,9,244,0,30,98122376,11506980,30499972,4932,85347780,,26341068,22562800,23450112,25768396,,2575204,6239240,311328,2381208,,5838816,9503456,9100300,6057400,,1252,1980,516,1184,,19911676,19855808,25316404,20263892
1200,1,462,177,9,246,0,30,98812092,11799772,30786704,4656,85346904,,26242344,22563200,24387272,25619276,,2676788,6238876,321568,2562540,,5940652,9503172,9104004,6238876,,1252,1980,240,1184,,19911856,19855904,25315200,20263944
1203,1,463,177,9,247,0,30,98317988,11851036,30866368,4656,85375320,,26223692,22549808,23947528,25596960,,2717812,6257320,284444,2591460,,5983040,9521684,9093476,6268168,,1252,1980,240,1184,,19913176,19855956,25341892,20264296
1206,1,464,177,9,248,0,30,97870412,11985360,30960140,4656,85336500,,26231392,22463600,23592876,25582544,,2693908,6374228,297356,2619868,,5959484,9638544,9065092,6297020,,1252,1980,240,1184,,19913516,19856156,25302128,20264700
1209,1,465,177,9,249,0,30,97102884,18086064,31126024,4656,79415600,,26183304,22462228,22948660,25508692,,2749488,6394200,6236428,2705948,,6015204,9658588,9069024,6383208,,1252,1980,240,1184,,19913596,19855924,19381264,20264816
1212,1,466,177,9,250,0,30,97042804,18142876,31184836,4656,79250416,,26084116,22409832,22951372,25597484,,2871208,6438128,6229604,2603936,,6138392,9702480,9062216,6281748,,1252,1980,240,1184,,19747848,19855924,19381276,20265368
1215,0,467,177,9,251,0,30,97209436,17939640,30985492,4656,79342352,,26237304,22362044,22953104,25656984,,2703052,6498236,6227928,2510424,,5969988,9762640,9060552,6192312,,1252,1980,240,1184,,19914900,19855880,19381288,20190284
1217,1,468,177,9,252,0,30,96645440,18541292,31589232,4656,78797448,,26292212,21882952,22868212,25602064,,2628404,6988380,6347228,2577280,,5895564,10252716,9182608,6258344,,1252,1980,240,1184,,19915160,19420776,19342008,20119504
1220,0,469,177,9,253,0,30,97088116,18082148,31131564,4656,79154876,,26295340,22171864,22872256,25748656,,2639476,6690576,6331228,2420868,,5906988,9954968,9167292,6102316,,1252,1980,240,1184,,19915508,19656844,19342128,20240396
1223,0,470,177,9,254,0,30,97380072,17728424,30780200,4656,79382416,,26326624,22414288,22815048,25824112,,2592484,6421004,6396008,2318928,,5860636,9685484,9231428,6002652,,1252,1980,240,1184,,19916172,19856180,19342036,20268028
1225,1,471,177,9,255,0,30,96857528,18313940,31366820,4656,78972884,,25870652,22400372,22809432,25777072,,3058116,6439560,6402376,2413888,,6326696,9704192,9237868,6098064,,1252,1980,240,1184,,19505556,19856320,19342568,20268440
1228,0,472,177,9,256,0,30,97380812,17741160,30794980,4656,79352000,,26280816,22528588,22815488,25755920,,2651928,6302616,6392816,2393800,,5920984,9567552,9228092,6078352,,1252,1980,240,1184,,19875720,19856688,19350832,20268760
1230,1,473,177,9,257,0,30,97370388,17755020,30810072,4656,79287468,,26323272,22457500,22812736,25776880,,2597612,6357704,6402552,2397152,,5867248,9622784,9238068,6081972,,1252,1980,240,1184,,19917600,19749752,19351080,20269036
1233,0,474,177,9,258,0,30,97211632,17940644,30998380,4656,79319696,,26268920,22529012,22663228,25750472,,2658396,6297980,6564960,2419308,,5928016,9565012,9400556,6104796,,1252,1980,240,1184,,19917528,19857040,19275504,20269624
1235,1,475,177,9,259,0,30,97551724,17515516,30574676,4656,79429712,,26265160,22551372,22978616,25756576,,2647192,6273384,6201432,2393508,,5917084,9540840,9037432,6079320,,1252,1980,240,1184,,19917804,19857420,19384544,20269944
1238,0,476,177,9,260,0,30,97621944,17407880,30467340,4656,79429972,,26281324,22550944,22974012,25815664,,2637620,6266164,6185984,2318112,,5907552,9533648,9021996,6004144,,1252,1980,240,1184,,19917844,19857436,19384560,20270132
1240,1,477,177,9,261,0,30,97510476,17526472,30589424,4656,79433476,,26253316,22491252,22952220,25813688,,2656508,6325548,6213888,2330528,,5926820,9593144,9052592,6016868,,1252,1980,240,1184,,19918216,19857480,19387348,20270432
1243,1,478,177,9,262,0,30,97498612,17583740,30648396,4656,79434796,,26210980,22501448,22956256,25829928,,2727300,6322808,6208148,2325484,,5998148,9590728,9046868,6012652,,1252,1980,240,1184,,19918748,19857744,19387364,20270940
1246,0,479,177,9,263,0,30,97539536,16473460,30601092,4656,80495196,,26194088,22552968,22963360,25829120,,2739304,6271684,6201636,1260836,,6010420,9539744,9040424,6010504,,1252,1980,240,1184,,19919000,19857868,19387436,21330892
1248,1,480,177,9,264,0,30,97557312,15376504,30565656,4656,81553888,,26269288,22536916,22968124,25782984,,2663068,6278592,6189264,245580,,5934496,9546768,9028064,6056328,,1252,1980,240,1184,,19919332,19857884,19387444,22389228
1251,2,481,177,9,265,0,30,97514152,17685300,30634208,4656,79318368,,26292936,22482096,22940456,25798664,,2629772,6342060,6231876,2481592,,5901644,9610244,9070696,6051624,,1252,1980,240,1184,,19919796,19857900,19387468,20153204
1255,1,482,177,9,266,0,30,97621552,17568436,30518772,4656,79320036,,26334128,22540240,22939124,25808060,,2565680,6283288,6245636,2473832,,5838588,9551524,9084584,6044076,,1252,1980,240,1184,,19920824,19857936,19387608,20153668
1258,1,483,177,9,267,0,30,97224804,18002400,30952984,4656,79081328,,25975072,22541868,22937596,25770268,,2963736,6275064,6235804,2527796,,6236644,9543500,9074760,6098080,,1252,1980,240,1184,,19681764,19857972,19387616,20153976
1261,0,484,178,9,268,0,29,97105496,18115548,31066648,4656,79046960,,26285948,22551224,22931648,25336676,,2635576,6270968,6233556,2975448,,5908972,9539432,9072524,6545720,,1252,1980,240,1184,,19921300,19857992,19387628,19880040
1263,1,485,178,9,269,0,29,96999820,18213520,31165392,4656,79048352,,26230776,22503080,22947376,25318588,,2681692,6325320,6224568,2981940,,5955380,9593768,9063580,6552664,,1252,1980,240,1184,,19921528,19857932,19387676,19881216
1266,0,486,178,9,270,0,29,96579176,18666980,31618400,4656,78717544,,26177620,22117372,22972608,25311576,,2763960,6716288,6204400,2982332,,6037944,9983608,9043576,6553272,,1252,1980,240,1184,,19921836,19526388,19387840,19881480
1268,1,487,177,9,271,0,30,96500608,18798980,31749636,4656,78635448,,26184420,22249208,22840572,25226408,,2741472,6589248,6366004,3102256,,6015592,9856688,9203900,6673456,,1252,1980,240,1184,,19921964,19636848,19194632,19882004
1271,0,488,177,9,272,0,30,96993800,18272492,31224320,4656,79080588,,26202828,22324532,22942804,25523636,,2729912,6507896,6237388,2797296,,6004564,9775340,9075296,6369120,,1252,1980,240,1184,,19922504,19719396,19328428,20110260
1273,1,489,177,9,273,0,30,96946496,18285140,31239120,4656,78989476,,26039016,22249528,22985616,25672336,,2885384,6582676,6200856,2616224,,6160012,9851384,9039240,6188484,,1252,1980,240,1184,,19735692,19737576,19360516,20155692
1276,0,490,179,9,274,0,28,97162920,18096112,31051736,4656,79143704,,26283472,22167604,23001848,25709996,,2647148,6678820,6192216,2577928,,5922428,9947476,9031088,6150744,,1252,1980,240,1184,,19923148,19694216,19370032,20156308
1278,1,491,179,9,275,0,28,97245756,18024760,30981536,4656,79210340,,26339908,22327460,22854028,25724360,,2578172,6542628,6349592,2554368,,5853776,9811472,9188568,6127720,,1252,1980,240,1184,,19923436,19858572,19271488,20156844
1281,0,492,179,9,276,0,28,97302864,17956196,30914276,4656,79328228,,26351172,22332740,22914204,25704748,,2563932,6526220,6293836,2572208,,5839968,9795232,9132984,6146092,,1252,1980,240,1184,,19923856,19858752,19388300,20157320
1283,1,493,179,9,277,0,28,97437668,16614056,30764520,4656,80518348,,26351864,22492824,22908220,25684760,,2539816,6346172,5118988,2609080,,5815936,9615756,9149572,6183256,,1252,1980,240,1184,,19923972,19859236,20577468,20157672
1286,0,494,179,9,278,0,28,97515540,15417420,30645212,4656,81592940,,26320176,22593744,22891316,25710304,,2576096,6219256,4061168,2560900,,5852876,9489488,9167228,6135620,,1252,1980,240,1184,,19924616,19859600,21650528,20158196
1289,1,495,179,9,278,0,28,97465260,17747556,30746984,4656,79369072,,26318880,22530320,22884692,25731368,,2599328,6312480,6273284,2562464,,5876368,9582760,9150440,6137416,,1252,1980,240,1184,,19924916,19859548,19426172,20158436
1292,1,496,179,9,280,0,28,97628844,15439700,30525720,4656,81451176,,26325992,22578964,23027176,25696712,,2582980,6235212,6131744,489764,,5860280,9505672,9009192,6150576,,1252,1980,240,1184,,19925164,19859736,19426560,22239716
1295,1,497,179,9,281,0,28,97573284,15346740,30603824,4656,81621700,,26261544,22565128,23037748,25708864,,2674660,6240484,6127140,304456,,5952264,9510972,9004628,6135960,,1252,1980,240,1184,,19925404,19859756,19426600,22409940
1298,2,498,179,9,281,0,28,97515572,17614544,30641172,4656,79395788,,26222892,22537760,22998932,25755988,,2696352,6270812,6156176,2491204,,5974128,9541420,9033644,6091980,,1252,1980,240,1184,,19925572,19859772,19426528,20183916
1302,1,499,179,9,283,0,28,97575472,17567316,30595504,4656,79397132,,26205592,22587456,23003520,25778904,,2710228,6221868,6155664,2479556,,5988924,9492780,9033144,6080656,,1252,1980,240,1184,,19926432,19859920,19426540,20184240
1305,1,500,180,9,284,0,27,97599248,17532248,30560748,4656,79396856,,26234872,22579612,23004216,25780548,,2693136,6212524,6152276,2474312,,5971964,9483472,9029764,6075548,,1252,1980,240,1184,,19925996,19859932,19426548,20184380
1308,0,501,180,9,285,0,27,97584840,17555824,30585272,4656,79398392,,26235472,22577164,22998636,25773568,,2693672,6229704,6149392,2483056,,5972932,9500692,9026892,6084756,,1252,1980,240,1184,,19927004,19859964,19426564,20184860
1311,0,502,180,9,286,0,27,97623832,17511740,30541956,4656,79399196,,26294760,22563108,22995604,25770360,,2624668,6239864,6165608,2481600,,5904524,9510856,9043120,6083456,,1252,1980,240,1184,,19927660,19859960,19426572,20185004
1314,0,503,179,9,287,0,28,97202052,17930400,30960380,4656,78940188,,26333528,22477580,22619700,25771244,,2580624,6329512,6552704,2467560,,5860944,9600300,9429252,6069884,,1252,1980,240,1184,,19928156,19741792,19084764,20185476
1316,1,504,178,9,288,0,29,97322560,17814404,30845296,4656,79029116,,26352236,22577584,22915724,25477016,,2549364,6229824,6241080,2794136,,5830072,9500640,9117472,6397112,,1252,1980,240,1184,,19928520,19859972,19322240,19918384
1319,0,505,178,9,289,0,29,97515256,17613276,30644780,4656,79384668,,26307540,22578924,22989212,25639580,,2589844,6226144,6151296,2645992,,5870820,9497132,9027760,6249068,,1252,1980,240,1184,,19928752,19860140,19409736,20186040
1322,0,506,178,9,290,0,29,97199156,17958604,30990440,4656,79177348,,26019852,22585752,23006576,25586976,,2900348,6220768,6142792,2694696,,6181264,9491804,9019188,6298184,,1252,1980,240,1184,,19705932,19860188,19424652,20186576
1324,1,507,178,9,291,0,29,97323996,17859316,30892368,4656,79373936,,26164872,22567480,23033524,25558120,,2763172,6253872,6115240,2727032,,6044412,9525400,8991616,6330940,,1252,1980,240,1184,,19899636,19860440,19426824,20187036
1327,0,508,178,9,292,0,29,97349724,17829076,30863608,4656,79404264,,26193564,22489672,23045800,25620688,,2738216,6336688,6096360,2657812,,6020140,9608364,8973196,6261908,,1252,1980,240,1184,,19929276,19860488,19427316,20187184
1329,1,509,179,9,293,0,28,97355492,17829480,30864584,4656,79405352,,26249408,22492208,23044544,25569332,,2676108,6331936,6102964,2718472,,5958252,9603680,8979816,6322836,,1252,1980,240,1184,,19929956,19860572,19427336,20187488
1332,0,510,179,9,294,0,28,97286500,17894804,30930776,4656,79406240,,26239828,22387792,23023996,25634884,,2690800,6458056,6111904,2634044,,5973312,9729648,8988904,6238912,,1252,1980,240,1184,,19930316,19860396,19427488,20188040
1334,1,511,179,9,295,0,28,97455952,17730536,30768220,4656,79407068,,26304320,22372816,23026556,25752260,,2622992,6481704,6122744,2503096,,5905772,9753280,9000908,6108260,,1252,1980,240,1184,,19930616,19860436,19427568,20188448
1337,0,512,179,9,296,0,28,97371252,17760148,30841764,4656,79451020,,26288236,22427592,22913836,25741588,,2617952,6416256,6264260,2461680,,5900956,9688124,9142388,6110296,,1252,1980,240,1184,,19930860,19860900,19427476,20231784
1339,1,513,179,9,297,0,28,97477264,15859400,30684048,4656,81189948,,26356596,22454240,22917880,25748548,,2524084,6383216,6239036,713064,,5807660,9654960,9117132,6104296,,1252,1980,240,1184,,19931324,19860796,19427384,21970444
1342,2,514,179,9,297,0,28,97499776,15524980,30687320,4656,81526296,,26374160,22543084,22904632,25677900,,2513724,6275128,6267088,469040,,5797788,9547376,9145208,6196948,,1252,1980,240,1184,,19931784,19861172,19427412,22305928
1346,1,515,179,9,299,0,28,97553064,17673844,30607008,4656,79301908,,26360984,22552944,22891036,25748100,,2519480,6251812,6280676,2621876,,5803908,9524344,9158816,6119940,,1252,1980,240,1184,,19932164,19861320,19427428,20080996
1349,0,516,179,9,300,0,28,97567380,17672992,30606668,4656,79302360,,26330416,22552740,22963148,25721076,,2572240,6253124,6198240,2649388,,5856800,9525732,9076564,6147572,,1252,1980,240,1184,,19932288,19861372,19427668,20081032
1352,0,517,179,9,301,0,28,97667088,17600828,30537500,4656,79305456,,26354696,22567576,23018508,25726308,,2556656,6249132,6151840,2643200,,5841800,9521744,9032392,6141564,,1252,1980,240,1184,,19932824,19861408,19429968,20081256
1354,1,518,179,9,302,0,28,97667336,17573516,30510924,4656,79306152,,26360220,22566460,23005996,25734660,,2538168,6245896,6156428,2633024,,5823524,9518524,9037028,6131848,,1252,1980,240,1184,,19933032,19861424,19429992,20081704
1357,0,519,179,9,303,0,28,97682716,17544936,30483428,4656,79307060,,26301560,22571244,23031160,25778752,,2609948,6237332,6126184,2571472,,5895592,9510124,9006824,6070888,,1252,1980,240,1184,,19933260,19861564,19430036,20082200
1359,1,520,179,9,304,0,28,97302824,17965392,30904300,4656,78979456,,26251008,22275044,22994904,25781868,,2685204,6549516,6155196,2575476,,5971192,9822284,9035800,6075024,,1252,1980,240,1184,,19933600,19533588,19429964,20082304
1362,0,521,179,9,305,0,28,96990168,18280220,31304584,4656,78770428,,26257188,22605188,23083364,25044428,,2668644,6222548,6066388,3322640,,5955024,9495440,9031480,6822640,,1252,1980,240,1184,,19933960,19861752,19514484,19460232
1364,1,522,177,9,306,0,30,97293176,17948668,31002676,4656,78928220,,26238108,22595248,22942752,25517068,,2666936,6223196,6223300,2835236,,5953500,9496160,9217488,6335528,,1252,1980,240,1184,,19934196,19861772,19336732,19795520
1367,0,523,177,9,307,0,30,97676908,17543468,30600276,4656,79345312,,26227968,22595564,23067916,25785460,,2690420,6218280,6076132,2558636,,5977296,9491256,9072304,6059420,,1252,1980,240,1184,,19934448,19861788,19465420,20083656
1369,1,524,177,9,308,0,30,97849264,17360296,30419468,4656,79373468,,26305356,22597424,23097624,25848860,,2601076,6222680,6058836,2477704,,5888440,9495804,9056496,5978728,,1252,1980,240,1184,,19934960,19861920,19492696,20083892
1372,0,525,178,9,309,0,29,97613124,17633100,30694872,4656,79291508,,26372600,22598524,22855488,25786512,,2535184,6215228,6317212,2565476,,5822760,9488372,9316872,6066868,,1252,1980,240,1184,,19935244,19861944,19410076,20084244
1375,0,526,178,9,310,0,29,97895400,17206852,30393812,4656,79555868,,26326044,22597296,23177588,25794472,,2576776,6224568,5847528,2557980,,5865168,9498004,8971012,6059628,,1252,1980,240,1184,,19936008,19862240,19673120,20084500
1377,1,527,178,9,311,0,29,97785148,13170200,30477860,4656,83665992,,26302824,22569132,23171464,25741728,,2595088,6230312,1734924,2609876,,5883600,9503784,8977008,6113468,,1252,1980,240,1184,,19936124,19862276,23782644,20084948
1380,0,528,178,9,312,0,29,97286528,13405408,31020904,4656,83687692,,26264480,22515584,23170124,25336340,,2644568,6302284,1434180,3024376,,5933228,9575780,8985376,6526520,,1252,1980,240,1184,,19936244,19862288,24090768,19798392
1383,0,529,178,9,313,0,29,97588404,13064212,30683960,4656,83975608,,26202864,22548944,23197152,25639444,,2703592,6271012,1396468,2693140,,5992444,9544664,8947688,6199164,,1252,1980,240,1184,,19936424,19862424,24090800,20085960
1386,0,530,179,9,314,0,28,97642024,14484996,30613432,4656,82486044,,26200252,22545860,23183432,25712480,,2699908,6267368,2889968,2627752,,5989056,9541028,8949048,6134300,,1252,1980,240,1184,,19936680,19862416,22600488,20086460
1388,1,531,179,9,315,0,28,97603344,17583372,30742940,4656,79524736,,26222796,22432280,23193752,25754516,,2716664,6422024,5872968,2571716,,6006192,9695776,8962208,6078764,,1252,1980,240,1184,,19936820,19862452,19638688,20086776
1391,1,532,177,9,316,0,30,97336040,17812872,30972128,4656,79235176,,26001100,22381368,23194312,25759260,,2905060,6469272,5868608,2569932,,6193688,9742856,8958116,6077468,,1252,1980,240,1184,,19646768,19862280,19638896,20087232
1394,0,533,177,9,317,0,30,97573720,17612752,30772584,4656,79526564,,26283888,22385376,23130524,25773932,,2622672,6479260,5939308,2571512,,5911592,9752820,9029028,6079144,,1252,1980,240,1184,,19937884,19862296,19639088,20087296
1396,1,534,177,9,318,0,30,97204164,17952988,31112792,4656,79174292,,26294728,22395272,23082544,25431620,,2597532,6453996,5999788,2901672,,5886972,9727988,9089656,6408176,,1252,1980,240,1184,,19938316,19862732,19639192,19734052
1400,0,535,175,9,319,0,32,97653052,16495024,30635164,4656,80418988,,26406644,22457192,23044540,25744676,,1499908,6368868,6041988,2584260,,5768736,9643312,9131820,6091296,,1252,1980,240,1184,,20915480,19862876,19639120,20001512
1402,1,536,176,8,320,0,32,97754120,15303312,30568516,4656,81635740,,26445844,22506208,23044244,25757824,,377712,6324708,6032932,2567960,,5769124,9599500,9124188,6075704,,1252,1980,240,1184,,22046252,19863372,19640540,20085576
1405,1,537,176,8,320,0,32,97894536,15159504,30428712,4656,81642664,,26402144,22605312,23057032,25830048,,435492,6212044,6026732,2485236,,5828568,9487456,9118000,5994688,,1252,1980,240,1184,,22047920,19863732,19640556,20090456
1408,1,538,176,8,322,0,32,96850776,18430180,31467064,4656,78444944,,26402216,22588628,22047368,25812564,,2674716,6223948,7035756,2495760,,5836388,9499424,10125992,6005260,,1252,1980,240,1184,,19821472,19863768,18669216,20090488
1411,0,539,173,8,323,0,35,97327632,17955708,30992092,4656,78767908,,26375920,22586468,23031576,25333668,,2701776,6235876,6014532,3003524,,5863668,9511304,9102116,6515004,,1252,1980,240,1184,,19821700,19863680,19421468,19661060
1414,0,540,174,8,324,0,34,97732576,17502676,30543892,4656,79243868,,26380588,22551716,23216236,25584036,,2688120,6250288,5828556,2735712,,5850204,9525768,8916816,6251104,,1252,1980,240,1184,,19821900,19863740,19641492,19916736
1417,0,541,174,8,325,0,34,97844656,17397412,30437724,4656,79300432,,26285992,22599136,23129080,25830448,,2797164,6206192,5911208,2482848,,5959568,9481828,8997804,5998524,,1252,1980,240,1184,,19822140,19863880,19519568,20094844
1419,1,542,173,8,326,0,35,97760904,17530224,30576672,4656,79423704,,26276260,22516028,23145960,25822656,,2798272,6313928,5929432,2488592,,5961040,9589740,9021004,6004888,,1252,1980,240,1184,,19822500,19863972,19641936,20095296
1423,0,543,175,8,327,0,33,97617452,15090200,30666408,4656,81620632,,26323480,22600464,23140592,25552916,,2734460,6211296,3389872,2754572,,5897660,9487324,9011324,6270100,,1252,1980,240,1184,,19822924,19864200,22166236,19767272
1426,1,544,174,8,327,0,34,97792848,13000580,30554556,4656,83907448,,26374940,22549868,23131820,25736220,,2709512,6268648,1417820,2604600,,5873112,9544700,9016652,6120092,,1252,1980,240,1184,,19823336,19864132,24139032,20080948
1430,2,545,174,8,328,0,34,97276612,13488592,31058280,4656,83314532,,25748072,22589800,23137764,25800976,,3342508,6216972,1394632,2534480,,6505400,9493244,9008796,6050840,,1252,1980,240,1184,,19199180,19864376,24154304,20096672
1434,1,546,172,8,330,0,36,97669272,17550648,30641980,4656,79157440,,26552688,22229804,23119724,25767056,,2498872,6582800,5901164,2567812,,5662900,9858976,9035616,6084488,,1252,1980,240,1184,,19825364,19550596,19684520,20096960
1437,0,547,173,8,331,0,35,97605292,17633308,30725444,4656,79150428,,26166920,22596936,23118600,25722836,,2892784,6216592,5898308,2625624,,6056868,9492896,9032780,6142900,,1252,1980,240,1184,,19504052,19864332,19684532,20097512
1440,0,548,174,8,332,0,34,97515716,17724100,30820292,4656,79165092,,26125720,22552292,23124412,25713292,,2943612,6258336,5888556,2633596,,6107924,9535108,9026332,6150928,,1252,1980,240,1184,,19514704,19864948,19687868,20097572
1442,1,549,174,8,333,0,34,97416800,17862396,30959448,4656,79182788,,25999852,22613096,23139548,25664304,,3099604,6189936,5881080,2691776,,6264096,9466872,9018900,6209580,,1252,1980,240,1184,,19532004,19864864,19687916,20098004
1445,0,550,175,8,334,0,33,97591820,17702436,30800348,4656,79283372,,26394612,22379944,23154408,25662856,,2678000,6444492,5878252,2701692,,5843004,9721464,9016080,6219800,,1252,1980,240,1184,,19826284,19670852,19687920,20098316
1447,1,551,175,8,335,0,33,97596524,17649732,30748936,4656,79153784,,26449992,22522140,22871692,25752700,,2631452,6290084,6149608,2578588,,5796716,9568672,9286480,6097068,,1252,1980,240,1184,,19826548,19864980,19363488,20098768
1450,1,552,177,8,336,0,31,97798900,17450884,30550988,4656,79438404,,26448232,22473284,23161460,25715924,,2617720,6352608,5859816,2620740,,5783504,9631176,8996932,6139376,,1252,1980,240,1184,,19827028,19864908,19647568,20098900
1453,0,553,177,8,337,0,31,97838760,17393464,30494576,4656,79480320,,26435460,22427524,23139240,25836536,,2625784,6399564,5882752,2485364,,5792008,9678196,9019780,6004592,,1252,1980,240,1184,,19827456,19864936,19688372,20099556
1455,1,554,177,8,338,0,31,97773244,17465212,30566588,4656,79192300,,26561548,22488292,23143152,25580252,,2499364,6341372,5890408,2734068,,5666044,9620064,9027312,6253168,,1252,1980,240,1184,,19827972,19865044,19688280,19811004
1458,1,555,176,8,339,0,32,98109372,17108740,30212328,4656,79482748,,26548504,22537980,23141684,25881204,,2510912,6274984,5906708,2416136,,5678384,9553944,9043624,5936376,,1252,1980,240,1184,,19828632,19865308,19688296,20100512
1461,0,556,177,8,340,0,31,98084812,17152584,30259572,4656,79483732,,26565896,22530488,23106472,25881956,,2488440,6291804,5932636,2439704,,5656056,9571160,9069556,5962800,,1252,1980,240,1184,,19828744,19865636,19688296,20101056
1464,0,557,178,8,341,0,30,98107016,16135680,30248336,4656,80484748,,26562632,22518952,23121888,25903544,,2491804,6318828,5914700,1410348,,5660088,9598496,9052892,5936860,,1252,1980,240,1184,,19829400,19865784,19688564,21101000
1466,1,558,178,8,342,0,30,97982224,15098948,30325024,4144,81434200,,26379200,22562040,23188024,25852960,,2694528,6240088,5833236,331096,,5862288,9519900,8971884,5970952,,1252,1980,240,672,,19666684,19865888,19689128,22212500
1469,3,559,177,8,342,0,31,98084952,15063404,30198636,4144,81485588,,26480840,22586548,23167568,25849996,,2565648,6222440,5865940,409376,,5733940,9502512,9004604,5957580,,1252,1980,240,672,,19809460,19866176,19689136,22120816
1474,1,560,178,8,344,0,30,97912544,17302008,30349400,4144,79184120,,26500308,22584884,22970204,25857148,,2540504,6219308,6053568,2488628,,5709048,9499560,9190420,5950372,,1252,1980,240,672,,19819920,19866240,19458688,20039272
1477,0,561,177,8,345,0,31,98101340,17104600,30153448,4144,79375620,,26492416,22575584,23128068,25905272,,2557676,6228244,5894872,2423808,,5726724,9508692,9032180,5885852,,1252,1980,240,672,,19830816,19866448,19638780,20039576
1479,1,562,177,8,346,0,31,97646936,17584784,30633964,4144,79032440,,26038576,22576448,23137824,25894088,,3029680,6234196,5887240,2433668,,6198672,9514776,9024524,5895992,,1252,1980,240,672,,19461704,19866544,19664372,20039820
1482,0,563,177,8,347,0,31,97987840,17311448,30361780,4144,79404588,,26406124,22570080,23105964,25905672,,2669348,6251020,5937868,2453212,,5839092,9531656,9075168,5915864,,1252,1980,240,672,,19831440,19866552,19666460,20040136
1485,0,564,178,8,348,0,30,98001584,17276140,30328164,4144,79425560,,26382392,22571488,23147576,25900128,,2703084,6235876,5898752,2438428,,5873116,9516536,9037276,5901236,,1252,1980,240,672,,19831780,19866568,19686920,20040292
1487,1,565,177,8,349,0,31,97873636,17361792,30412720,4144,79290236,,26387428,22579160,23154672,25752376,,2696664,6211660,5870832,2582636,,5866908,9492376,9009392,6044044,,1252,1980,240,672,,19831936,19866596,19689344,19902360
1490,0,566,178,8,350,0,30,97947924,17303508,30357216,4144,79349288,,26372504,22564348,23130420,25880652,,2708776,6243976,5901120,2449636,,5879548,9524720,9039916,5913032,,1252,1980,240,672,,19754584,19866612,19689492,20038600
1493,0,567,179,8,351,0,29,97979968,17143228,30342928,4144,79575536,,26461536,22566428,23143352,25808652,,2476340,6242408,5888756,2535724,,5792700,9523328,9027556,5999344,,1252,1980,240,672,,19977892,19866748,19689488,20041408
1495,1,568,179,8,352,0,29,97938608,15200316,30375992,4144,81547116,,26463256,22568812,23121968,25784572,,492328,6225144,5908624,2574220,,5784068,9506104,9047448,6038372,,1252,1980,240,672,,21948896,19866748,19689500,20041972
1498,2,569,179,8,352,0,29,97822332,15204132,30527104,4144,81693708,,26450484,22563964,23126436,25681448,,357432,6230512,5900324,2715864,,5796456,9511552,9039168,6179928,,1252,1980,240,672,,22095568,19866788,19689516,20041836
1502,0,570,179,8,354,0,29,97690128,17591304,30683668,4144,79467896,,26333804,22542900,23138552,25674872,,2727948,6270628,5894884,2697844,,5936124,9551652,9033732,6162160,,1252,1980,240,672,,19869548,19866732,19689520,20042096
1504,1,571,178,8,355,0,30,97221044,18045236,31136876,4144,78980264,,26345664,22054676,23142564,25678140,,2694924,6754200,5889908,2706204,,5903316,10033712,9028804,6171044,,1252,1980,240,672,,19869768,19378300,19689576,20042620
1507,0,572,178,8,356,0,30,97570048,17705752,30800516,4144,79455724,,26330028,22424172,23166368,25649480,,2716704,6400732,5856856,2731460,,5925244,9681696,8995784,6197792,,1252,1980,240,672,,19869912,19853128,19689600,20043084
1510,0,573,179,7,357,0,30,97851664,16283784,30460188,4144,80548792,,26416076,22440692,23187324,25807572,,2624312,6381240,5837052,1441180,,5833432,9662268,8976152,5988336,,1252,1980,240,672,,19870552,19866968,19689772,21121500
1512,1,574,179,7,358,0,30,97823912,15162756,30516276,4144,81722732,,26446200,22442064,23133888,25801760,,2583720,6391636,5909884,277516,,5793500,9672832,9049284,6000660,,1252,1980,240,672,,19871216,19867100,19689976,22294440
1515,1,575,179,7,359,0,30,97916016,17324732,30447916,4144,79497444,,26532884,22450128,23122848,25810156,,2482276,6379252,5927884,2535320,,5692248,9660640,9067296,6027732,,1252,1980,240,672,,19871424,19867352,19689984,20068684
1518,1,576,179,7,360,0,30,97934904,17294748,30418516,4144,79498000,,26534120,22483404,23119900,25797480,,2495644,6329764,5926752,2542588,,5705804,9611332,9066184,6035196,,1252,1980,240,672,,19871612,19867516,19690004,20068868
1521,0,577,179,7,361,0,30,98054604,17145228,30270500,4144,79499240,,26534560,22586776,23119720,25813548,,2488584,6218660,5914160,2523824,,5699176,9500840,9053596,6016888,,1252,1980,240,672,,19872040,19867872,19690008,20069320
1523,1,578,178,7,362,0,31,97810080,17382632,30508840,4144,79198356,,26295184,22594772,23154944,25765180,,2726368,6198820,5879212,2578232,,5936908,9481216,9018860,6071856,,1252,1980,240,672,,19570192,19868036,19690264,20069864
1526,1,579,178,7,363,0,31,98024576,17151964,30279460,4144,79317816,,26398764,22644204,23161104,25820504,,2616780,6148512,5861408,2525264,,5827492,9431488,9001064,6019416,,1252,1980,240,672,,19688672,19868424,19690272,20070448
1529,0,580,178,7,364,0,31,98131588,17023204,30151000,4144,79496672,,26563872,22589588,23161656,25816472,,2425764,6205468,5866108,2525864,,5636648,9488500,9005772,6020080,,1252,1980,240,672,,19867428,19868468,19690276,20070500
1531,1,581,179,7,365,0,30,98191944,16974648,30102748,4144,79502628,,26565088,22613348,23163092,25850416,,2434136,6194124,5864652,2481736,,5645264,9477108,9004336,5976040,,1252,1980,240,672,,19873316,19868420,19690300,20070592
1534,1,582,179,7,366,0,30,98172400,16989084,30118296,4144,79503792,,26557972,22621452,23135572,25857404,,2460752,6177456,5892024,2458852,,5672240,9460512,9031736,5953808,,1252,1980,240,672,,19873744,19868452,19690320,20071276
1537,0,583,180,7,367,0,29,98054208,17101640,30231752,4144,79504632,,26430744,22607624,23185116,25830724,,2607016,6183244,5831664,2479716,,5818892,9466336,8971416,5975108,,1252,1980,240,672,,19874140,19868460,19690360,20071672
1539,1,584,181,7,368,0,28,98055004,17103552,30233996,4144,79504984,,26441444,22602224,23169904,25841432,,2590288,6182468,5862428,2468368,,5802332,9465592,9002204,5963868,,1252,1980,240,672,,19874336,19868472,19690392,20071784
1542,1,585,179,7,369,0,30,96650432,18489448,31620968,4144,78092336,,26431552,22346036,23177836,24695008,,2591600,6412728,5845856,3639264,,5804288,9697340,8985640,7133700,,1252,1980,240,672,,19874940,19554596,19690392,18972408
1545,0,586,178,7,370,0,31,97375904,17775056,30907160,4144,78746112,,26415076,22650684,22788644,25521500,,2614728,6117812,6256196,2786320,,5827768,9403172,9395772,6280448,,1252,1980,240,672,,19875412,19868764,19337052,19664884
1547,1,587,177,7,371,0,32,97970784,17155768,30288680,4144,79222100,,26423312,22648076,23123188,25776208,,2619760,6115804,5916040,2504164,,5833076,9402776,9054320,5998508,,1252,1980,240,672,,19875580,19869100,19565496,19911924
1550,0,588,177,7,372,0,32,98158672,16963476,30100368,4144,79362752,,26468324,22646576,23191976,25851796,,2568068,6113788,5822400,2459220,,5782272,9400788,8960904,5956404,,1252,1980,240,672,,19876564,19869128,19661264,19955796
1553,0,589,179,7,373,0,30,98201952,16948680,30086744,4144,79428132,,26543996,22596712,23194980,25866264,,2482768,6193068,5812604,2460240,,5697452,9480076,8951148,5958068,,1252,1980,240,672,,19876960,19869124,19671172,20010876
1555,1,590,179,7,374,0,30,98186364,16952208,30091716,4144,79511676,,26503580,22654036,23203164,25825584,,2511804,6106540,5832616,2501248,,5726772,9393796,8971392,5999756,,1252,1980,240,672,,19877160,19869328,19690764,20074424
1558,0,591,179,7,375,0,30,98049272,17138884,30278904,4144,79512012,,26477636,22628172,23116260,25827204,,2543280,6148768,5937476,2509360,,5758548,9436116,9076316,6007924,,1252,1980,240,672,,19877456,19869368,19690716,20074472
1560,1,592,179,7,376,0,30,98089792,17087500,30228260,4144,79512680,,26442344,22604080,23221120,25822248,,2590108,6177896,5805136,2514360,,5805628,9465432,8944216,6012984,,1252,1980,240,672,,19877692,19869380,19691068,20074540
1563,1,593,179,7,377,0,30,97969412,17209068,30350968,4144,79513712,,26375032,22569700,23219076,25805604,,2669864,6224192,5800096,2514916,,5885536,9512216,8939208,6014008,,1252,1980,240,672,,19877780,19869824,19691096,20075012
1566,1,594,179,7,378,0,30,97985008,17224732,30370364,4144,79515124,,26427864,22498844,23224972,25833328,,2623804,6302256,5802304,2496368,,5840072,9590152,8942544,5997596,,1252,1980,240,672,,19878384,19869636,19691452,20075652
1569,1,595,179,7,379,0,30,97366948,17830608,30974824,4144,78972456,,26087652,22396008,22995796,25887492,,2960080,6414412,6034948,2421168,,6176064,9702180,9173740,5922840,,1252,1980,240,672,,19546292,19869452,19480624,20076088
1572,0,596,178,7,380,0,31,97966792,17172104,30318020,4144,79407360,,26405384,22454384,23148676,25958348,,2616484,6347320,5879280,2329020,,5832932,9635312,9018312,5831464,,1252,1980,240,672,,19818604,19869800,19642204,20076752
1574,1,597,178,7,381,0,31,98153460,16983852,30131348,4144,79498464,,26532112,22477200,23191516,25952632,,2478680,6333196,5822012,2349964,,5695288,9621168,8962316,5852576,,1252,1980,240,672,,19875516,19869756,19676304,20076888
1577,1,598,179,7,382,0,30,97114168,17092240,31165084,4144,79419740,,26581620,21377368,23203908,25951272,,1494640,7422000,5815104,2360496,,5637756,10708528,8955452,5863348,,1252,1980,240,672,,20803780,18852088,19686684,20077188
1580,0,599,177,7,383,0,32,98235204,14755320,30015308,3536,81537344,,26578508,22535860,23207420,25913416,,319012,6242828,5804876,2388604,,5650088,9528064,8945292,5891864,,644,1980,240,672,,21989512,19778700,19691572,20077560
1582,2,600,178,7,383,0,31,98566900,14587960,29720524,3532,81499820,,26621084,22731888,23235760,25978168,,465668,6020376,5782912,2319004,,5665628,9308428,8923408,5823060,,640,1980,240,672,,21858660,19871304,19691608,20078248
1586,0,601,177,7,385,0,32,98273344,17074908,29975264,3532,79032356,,26344000,22719096,23233792,25976456,,2946972,6030044,5787872,2310020,,5913864,9318196,8928432,5814772,,640,1980,240,672,,19390564,19871312,19691708,20078772
1588,1,602,177,7,386,0,32,97943788,17443172,30340936,3532,78675204,,26521612,22707372,23224288,25490516,,2790464,6053916,5790344,2808448,,5757828,9342012,8930940,6310156,,640,1980,240,672,,19583928,19871360,19691728,19528188
1591,1,603,177,7,387,0,32,98439128,16908776,29807164,3532,79188540,,26550840,22686284,23224044,25977960,,2734592,6094436,5781228,2298520,,5702112,9382484,8921840,5800728,,640,1980,240,672,,19612876,19871224,19691740,20012700
1594,0,604,177,7,388,0,32,98180496,17178364,30076616,3532,78916460,,26555748,22683588,22888860,26052300,,2749820,6095500,6126888,2206156,,5717496,9383560,9266212,5709348,,640,1980,240,672,,19618412,19871232,19346804,20080012
1596,1,605,176,7,389,0,33,98418176,16945480,29844612,3532,79150904,,26531720,22682836,23146840,26056780,,2787320,6087456,5861472,2209232,,5755456,9375536,9000976,5712644,,640,1980,240,672,,19619036,19871244,19580388,20080236
1599,0,606,176,7,390,0,33,98267396,17113488,30013884,3532,79150476,,26447804,22680956,23124940,26013696,,2868876,6084264,5890308,2270040,,5837120,9372376,9029940,5774448,,640,1980,240,672,,19630392,19871252,19625584,20023248
1601,1,607,177,7,391,0,32,98288876,17091968,29996392,3532,79185392,,26445024,22687312,23105892,26050648,,2859252,6095576,5921888,2215252,,5827768,9383864,9062364,5722396,,640,1980,240,672,,19632208,19871388,19600792,20081004
1604,0,608,178,7,392,0,31,98235440,17170112,30075468,3532,79272224,,26425088,22654868,23107712,26047772,,2902000,6117596,5942728,2207788,,5870996,9405960,9083484,5715028,,640,1980,240,672,,19632660,19871440,19687084,20081040
1607,0,609,178,7,393,0,31,98320392,17087228,29993688,3532,79278188,,26435588,22694276,23194508,25996020,,2889472,6078292,5825188,2294276,,5858728,9366788,8966188,5801984,,640,1980,240,672,,19632916,19871572,19692276,20081424
1609,1,610,178,7,394,0,31,98305724,17120424,30027812,3532,79278952,,26504360,22611972,23187448,26001944,,2817260,6180724,5839468,2282972,,5786936,9469516,8980488,5790872,,640,1980,240,672,,19633412,19871780,19692308,20081452
1612,1,611,178,7,395,0,31,98362532,17064536,29972840,3532,79279864,,26564716,22700504,23190860,25906452,,2753456,6080256,5833200,2397624,,5723456,9368960,8974360,5906064,,640,1980,240,672,,19633796,19871748,19692444,20081876
1615,0,612,178,7,396,0,31,98237328,17213604,30122764,3532,79280864,,26545216,22718072,23176636,25797404,,2778416,6064820,5843816,2526552,,5749172,9353336,8984980,6035276,,640,1980,240,672,,19634512,19871796,19692444,20082112
1618,0,613,178,7,397,0,31,97714876,17237196,30147108,3532,79282012,,26520000,22733172,23175780,25285924,,2783996,6041380,5836776,2575044,,5754876,9330180,8977956,6084096,,640,1980,240,672,,19634636,19872352,19692460,20082564
1620,1,614,178,7,398,0,31,97378888,17575540,30485068,3532,78987896,,26477252,22406836,23164616,25330184,,2842636,6348376,5859872,2524656,,5813832,9636292,9001064,6033880,,640,1980,240,672,,19634956,19577640,19692476,20082824
1623,0,615,177,7,399,0,32,97612884,17352208,30265500,3532,79283316,,26409640,22692036,23193052,25318156,,2927588,6059644,5837828,2527148,,5898904,9351016,8979048,6036532,,640,1980,240,672,,19635032,19872792,19692500,20082992
1626,0,616,180,7,400,0,29,96927112,17569648,30483124,3532,78979792,,25737868,22553916,23212348,25422980,,3113656,6211576,5826276,2418140,,6084504,9502952,8967544,5928124,,640,1980,240,672,,19414292,19789252,19692544,20083704
1628,1,617,180,7,401,0,29,97023692,17469904,30384448,3532,79182200,,25784528,22586028,23214880,25438256,,3067624,6184384,5821408,2396488,,6038916,9475800,8962700,5907032,,640,1980,240,672,,19532564,19872772,19692552,20084312
1631,0,618,180,7,402,0,29,97180852,17303204,30219500,3532,79287216,,25999440,22533076,23161152,25487184,,2849568,6232164,5885624,2335848,,5821624,9523648,9027692,5846536,,640,1980,240,672,,19636664,19872804,19693252,20084496
1633,1,619,180,7,403,0,29,96564532,17893152,30807260,3532,78491892,,26049412,22592972,23160404,24761744,,2768604,6185624,5879600,3059324,,5740796,9477252,9021680,6567532,,640,1980,240,672,,19636828,19872936,19693276,19288852
1636,0,620,178,7,404,0,31,96984300,17465892,30381076,3532,78924144,,26067968,22596092,22902824,25417416,,2749120,6195712,6137184,2383876,,5722092,9487356,9279272,5892356,,640,1980,240,672,,19637344,19872944,19472520,19941336
1639,0,621,177,7,405,0,32,97114308,17287164,30203000,3532,79051068,,26101164,22569044,22999980,25444120,,2718780,6189744,6037884,2340756,,5691620,9481984,9178540,5850856,,640,1980,240,672,,19637544,19873524,19501644,20038356
1641,1,622,178,7,406,0,31,97489616,16922772,29840092,3532,79238820,,26098888,22684344,23133696,25572688,,2722704,6075280,5906068,2218720,,5695928,9367624,9046848,5729692,,640,1980,240,672,,19637908,19873312,19641348,20086252
1644,0,623,178,7,407,0,31,97593284,16788540,29707616,3532,79292416,,26104656,22675788,23247980,25564860,,2714300,6072496,5775096,2226648,,5687956,9365256,8916224,5738180,,640,1980,240,672,,19638352,19873600,19693732,20086732
1646,1,624,178,7,408,0,31,97466240,16932576,29852588,3532,79149108,,26076600,22733508,23043180,25612952,,2747692,6013800,5988944,2182140,,5721496,9306712,9130088,5694292,,640,1980,240,672,,19638444,19873616,19549804,20087244
1649,0,625,178,7,409,0,31,97673016,15147092,29661972,3532,80884184,,26077824,22687732,23246552,25660908,,2752808,6091108,5790420,512756,,5726740,9384076,8931596,5619560,,640,1980,240,672,,19638576,19873652,19693808,21678148
1651,2,626,178,7,409,0,31,97546288,14927404,29834728,3168,81320800,,26073480,22711092,23222396,25539320,,2757748,6073380,5797256,299020,,5732020,9366500,8938916,5797292,,640,1980,240,308,,19638928,19873644,19694264,22113964
1656,1,627,178,7,411,0,31,97187072,17529104,30189712,3168,78795736,,26029764,22632824,22975516,25548968,,2808428,6150388,6054824,2515464,,5783112,9443496,9196472,5766632,,640,1980,240,308,,19639272,19873652,19411048,19871764
1659,0,628,176,7,412,0,33,97219492,17491944,30152844,3168,78911656,,25959420,22545188,23180788,25534096,,2891332,6229516,5835752,2535344,,5866240,9521316,8978568,5786720,,640,1980,240,308,,19639440,19761244,19639000,19871972
1662,0,629,177,7,413,0,32,96918588,17766028,30428612,3168,78619544,,25619392,22534812,23216268,25548116,,3238440,6226240,5781952,2519396,,6214244,9518136,8924948,5771284,,640,1980,240,308,,19316480,19761576,19669020,19872468
1664,1,630,177,7,414,0,32,97085392,17616316,30281120,3168,78766216,,25923600,22663248,23227572,25270972,,2899848,6111628,5794388,2810452,,5875720,9403952,8938488,6062960,,640,1980,240,308,,19585408,19874364,19689256,19617188
1667,0,631,179,7,415,0,30,97463028,17264016,29930208,3168,79083656,,26017864,22652980,23244840,25547344,,2811968,6119320,5778468,2554260,,5788168,9411652,8923012,5807376,,640,1980,240,308,,19640932,19874372,19694668,19873684
1669,1,632,179,7,416,0,30,97417272,17284292,29950732,3168,79083760,,26029040,22632864,23227260,25528108,,2803924,6128116,5793668,2558584,,5780460,9420456,8938264,5811552,,640,1980,240,308,,19641264,19874372,19694680,19873444
1672,0,633,179,7,417,0,30,97302752,17427392,30094552,3168,78987996,,26093944,22548296,23232608,25427904,,2731352,6238272,5786760,2671008,,5708204,9530664,8931380,5924304,,640,1980,240,308,,19641604,19777972,19694688,19873732
1674,1,634,180,7,418,0,29,97171264,17580724,30251108,3168,78991164,,25869272,22694548,23234368,25373076,,2960704,6075664,5795472,2748884,,5938576,9370036,8940224,6002272,,640,1980,240,308,,19547808,19874868,19694700,19873788
1677,0,635,180,7,419,0,29,97249868,17494972,30165992,3168,79086488,,26006688,22688616,23215200,25339364,,2830152,6072980,5811760,2780080,,5808060,9367424,8956532,6033976,,640,1980,240,308,,19642588,19874884,19694704,19874312
1679,1,636,180,7,420,0,29,97171512,17584552,30255856,3168,79086700,,25990420,22643028,23220828,25317236,,2851816,6117864,5818752,2796120,,5829908,9412292,8963592,6050064,,640,1980,240,308,,19642776,19874824,19694720,19874380
1682,1,637,180,7,421,0,29,97205440,17531964,30203600,3168,79086964,,25940328,22649848,23230956,25384308,,2880076,6107908,5804540,2739440,,5858384,9402368,8949384,5993464,,640,1980,240,308,,19642936,19874860,19694720,19874448
1685,0,638,180,7,422,0,29,96815032,17917916,30589524,3168,78729820,,26000772,22543320,22892248,25378692,,2814224,6243276,6128916,2731500,,5792936,9537728,9272376,5986484,,640,1980,240,308,,19643400,19874864,19336156,19875400
1687,1,639,179,7,423,0,30,97068068,17655852,30328080,3168,78968484,,25995692,22539332,23074756,25458288,,2826484,6249120,5951076,2629172,,5805560,9543412,9094524,5884584,,640,1980,240,308,,19643792,19874692,19573960,19876040
1690,0,640,179,7,424,0,30,97152892,17562964,30235968,3168,79020224,,26058808,22486500,23124608,25482976,,2762920,6321276,5872308,2606460,,5742260,9615616,9015924,5862168,,640,1980,240,308,,19644108,19874744,19624956,19876416
1693,0,641,179,7,425,0,30,96989980,17739632,30413228,3168,78882472,,26029620,22540136,22933008,25487216,,2787708,6264336,6092152,2595436,,5767464,9558732,9235744,5851288,,640,1980,240,308,,19644528,19874832,19486480,19876632
1695,1,642,179,7,426,0,30,97307760,17435892,30110356,3168,79091620,,26103228,22531044,23210388,25463100,,2708452,6272372,5821180,2633888,,5688520,9566760,8965144,5889932,,640,1980,240,308,,19644932,19874780,19695072,19876836
1698,0,643,179,7,427,0,30,97240740,17501528,30177052,3168,79051972,,26091808,22561752,23147924,25439256,,2703848,6236804,5909540,2651336,,5684408,9531372,9053560,5907712,,640,1980,240,308,,19645384,19875012,19654412,19877164
1700,1,644,179,7,428,0,30,97499720,16149472,29839512,3168,80105612,,26112692,22635228,23241448,25510352,,2693216,6141464,4746628,2568164,,5673824,9436316,8904316,5825056,,640,1980,240,308,,19645440,19875360,20707096,19877716
1703,1,645,179,7,429,0,30,97350660,12830808,29998008,3168,83391648,,26131992,22427764,23285272,25505632,,2679488,6358196,1209276,2583848,,5660276,9653576,8842940,5841216,,640,1980,240,308,,19645632,19692624,24175192,19878200
1706,1,646,179,7,429,0,30,97608128,12527180,29736904,3168,83616340,,26110448,22714216,23262556,25520908,,2699420,6056476,1199648,2571636,,5680892,9352124,8874388,5829500,,640,1980,240,308,,19646256,19875820,24215560,19878704
1710,1,647,178,7,430,0,31,97098048,17526956,30276296,3168,78637196,,25884732,22697996,23226556,25288764,,2937500,6077548,5710836,2801072,,5918380,9373476,8925260,6059180,,640,1980,240,308,,19391804,19876056,19763976,19605360
1713,0,648,179,7,432,0,30,97569328,17042224,29792752,3168,79123576,,26046580,22682124,23228640,25611984,,2784780,6072332,5718660,2466452,,5766052,9368300,8933272,5725128,,640,1980,240,308,,19603900,19876092,19764004,19879580
1715,1,649,179,7,433,0,30,97604888,17000796,29753088,3168,79164392,,26077756,22678656,23257928,25590548,,2734928,6087668,5699500,2478700,,5717452,9383660,8914100,5737876,,640,1980,240,308,,19644128,19876116,19764060,19880088
1718,0,650,180,7,434,0,29,97532364,17082660,29835380,3168,79160988,,26030320,22677568,23245372,25579104,,2797416,6092324,5701132,2491788,,5779964,9388512,8915872,5751032,,640,1980,240,308,,19647276,19869372,19764196,19880144
1721,0,651,180,7,435,0,29,97354980,17309488,30063264,3168,79091520,,25864644,22630772,23239368,25620196,,2977624,6149988,5721464,2460412,,5960968,9446136,8936172,5719988,,640,1980,240,308,,19570716,19876188,19764112,19880504
1723,1,652,180,7,436,0,29,96711240,17723228,30710668,3168,78697304,,26012992,22624796,23226264,24847188,,2587008,6155728,5728824,3251668,,5805232,9451920,8943556,6509960,,640,1980,240,308,,19882468,19876200,19764144,19174492
1726,1,653,178,7,437,0,31,97393024,14944808,29969884,3168,81271968,,26036368,22624996,23239740,25491920,,522236,6160320,5713396,2548856,,5777940,9456520,8928132,5807292,,640,1980,240,308,,21915404,19876212,19764140,19716212
1729,2,654,178,7,437,0,31,97138752,15182780,30233932,3168,81161936,,26051456,22617260,22958352,25511684,,457348,6154548,6007160,2563724,,5739884,9450732,9220664,5822652,,640,1980,240,308,,21942076,19876232,19462180,19881448
1733,1,655,179,7,439,0,30,97386824,17229308,30035416,3168,79164768,,26070516,22685548,23205480,25425280,,2701528,6100536,5748116,2679128,,5737864,9397032,8961984,5938536,,640,1980,240,308,,19700908,19876476,19705508,19881876
1736,0,656,179,7,440,0,30,97319644,17266372,30073376,3168,79206772,,26004532,22670532,23216276,25428304,,2771556,6099392,5722296,2673128,,5808236,9396108,8936004,5933028,,640,1980,240,308,,19701192,19876488,19746732,19882360
1739,0,657,179,7,441,0,30,97020244,17579388,30386688,3168,79016344,,25977664,22612080,23013552,25416948,,2801956,6153092,5934692,2689648,,5838888,9449660,9148500,5949640,,640,1980,240,308,,19701432,19876508,19555972,19882432
1741,1,658,179,7,442,0,30,97228708,17411908,30219268,3168,79222552,,25946256,22611868,23236028,25434556,,2838688,6168288,5718208,2686724,,5875756,9464852,8931728,5946932,,640,1980,240,308,,19701520,19876468,19761908,19882656
1744,1,659,178,7,443,0,31,97276264,17311452,30120208,3168,79141192,,26017104,22644704,23127492,25486964,,2754632,6121736,5826096,2608988,,5791944,9418464,9039536,5870264,,640,1980,240,308,,19701832,19876628,19678888,19883844
1747,1,660,178,7,444,0,31,97350868,17262556,30073288,3168,79228344,,26040472,22541860,23218072,25550464,,2740368,6255048,5714364,2552776,,5778628,9551912,8928468,5814280,,640,1980,240,308,,19702476,19876712,19765076,19884080
1750,1,661,178,7,445,0,31,96816884,17779512,30591444,3168,78806660,,26075768,21977872,23198476,25564768,,2679636,6857208,5725704,2516964,,5717868,10153984,8940972,5778620,,640,1980,240,308,,19702796,19454464,19765136,19884264
1753,0,662,178,7,446,0,31,97457604,17097652,29911560,3168,79230984,,26120444,22559288,23203196,25574676,,2645452,6223268,5718920,2510012,,5684900,9520472,8934204,5771984,,640,1980,240,308,,19704064,19877188,19765152,19884580
1755,1,663,178,7,447,0,31,97122392,17484028,30297992,3168,79039364,,25907292,22489180,23211824,25514096,,2860732,6319192,5716736,2587368,,5899740,9616596,8932172,5849484,,640,1980,240,308,,19512032,19877320,19765288,19884724
1758,0,664,177,7,448,0,32,97477264,17111108,29927348,3168,79233572,,26135816,22618044,23220980,25502424,,2624448,6182520,5717868,2586272,,5664276,9480452,8933332,5849288,,640,1980,240,308,,19704744,19877960,19765308,19885560
1760,1,665,178,7,449,0,31,97648608,16901100,29719052,3168,79235028,,26141436,22650456,23266912,25589804,,2621416,6135892,5659200,2484592,,5661844,9434360,8874852,5747996,,640,1980,240,308,,19705152,19878360,19765428,19886088
1763,0,666,178,7,450,0,31,97611356,16899472,29718120,3168,79161800,,26188008,22584464,23262480,25576404,,2561708,6183416,5664284,2490064,,5602076,9482108,8879988,5753948,,640,1980,240,308,,19705584,19804252,19765424,19886540
1766,0,667,178,7,451,0,31,97680608,16883656,29703464,3168,79236960,,26139780,22708056,23243708,25589064,,2637008,6063280,5686384,2496984,,5677708,9362256,8902108,5761392,,640,1980,240,308,,19705812,19878632,19765436,19887080
1768,1,668,178,7,452,0,31,97594736,16950524,29770880,3168,79144108,,26051680,22684636,23215480,25642940,,2721076,6077936,5723940,2427572,,5762112,9376952,8939680,5692136,,640,1980,240,308,,19612780,19878664,19765452,19887212
1771,0,669,178,7,453,0,31,97699156,16827564,29648540,3168,79238100,,26128088,22714388,23212832,25643848,,2628996,6052544,5723872,2422152,,5670524,9351580,8939616,5686820,,640,1980,240,308,,19706648,19878676,19765456,19887320
1773,1,670,178,7,454,0,31,97655024,16900548,29722216,3168,79238828,,26075664,22714984,23232096,25632280,,2689472,6063628,5715820,2431628,,5731144,9362732,8931620,5696720,,640,1980,240,308,,19706752,19878728,19765516,19887832
1776,0,671,178,7,455,0,31,97622416,16931100,29753488,3168,79239464,,26024548,22711764,23254588,25631516,,2756420,6060672,5690456,2423552,,5798324,9359828,8906300,5689036,,640,1980,240,308,,19706968,19878744,19765544,19888208
1779,0,672,178,7,456,0,31,97256016,17297372,30119000,3168,78929276,,25998020,22660292,22966908,25630796,,2784832,6107836,5965680,2439024,,5827028,9407096,9180228,5704648,,640,1980,240,308,,19707208,19878784,19455000,19888284
1781,1,673,178,7,457,0,31,97513028,17057956,29881956,3168,79196676,,25994104,22658916,23217552,25642456,,2775200,6106072,5735232,2441452,,5817916,9405340,8951196,5707504,,640,1980,240,308,,19707804,19878800,19721356,19888716
1784,0,674,179,7,458,0,30,97339604,17188148,30011860,3168,78976332,,26069272,22659800,23266364,25344168,,2705788,6104700,5667220,2710440,,5749128,9403972,8883176,5975584,,640,1980,240,308,,19708408,19878796,19765660,19623468
1786,1,675,179,7,459,0,30,97613880,16926908,29750980,3168,79242268,,26056596,22660616,23272364,25624304,,2715244,6113220,5664456,2433988,,5758836,9412500,8880440,5699204,,640,1980,240,308,,19708660,19878808,19765672,19889128
1789,0,676,179,7,460,0,30,97314584,17269400,30094452,3168,79115700,,26123720,22606072,23072920,25511872,,2634888,6167552,5870564,2596396,,5679136,9466840,9086556,5861920,,640,1980,240,308,,19709376,19878816,19637968,19889540
1791,1,677,179,7,461,0,30,97592320,17000456,29828184,3168,79244424,,26114920,22719524,23284432,25473444,,2668512,6052972,5659752,2619220,,5712868,9352472,8877864,5884980,,640,1980,240,308,,19709424,19879072,19766260,19889668
1794,1,678,180,7,462,0,29,97452888,17179476,30008096,3168,79245204,,26044656,22720636,23266280,25421316,,2744064,6054904,5687544,2692964,,5788780,9354472,8905712,5959132,,640,1980,240,308,,19709764,19879104,19766272,19890064
1797,0,679,180,7,463,0,29,96927156,17718048,30548456,3168,78843200,,26036200,22200172,23267324,25423460,,2749892,6605096,5680900,2682160,,5795008,9905468,8899200,5948780,,640,1980,240,308,,19710132,19476160,19766408,19890500
1799,1,680,180,7,464,0,29,97350884,17206456,30036828,3168,79246860,,25970144,22670584,23270344,25439812,,2775712,6103212,5660836,2666696,,5821004,9403240,8879168,5933416,,640,1980,240,308,,19710396,19879456,19766420,19890588
1802,0,681,180,7,465,0,29,97194620,17347340,30178964,3168,79143260,,25797396,22669296,23252772,25475156,,2948480,6110912,5669956,2617992,,5993988,9411592,8888316,5885068,,640,1980,240,308,,19605756,19880084,19766436,19890984
1804,1,682,180,7,466,0,29,97139072,17289928,30194696,3168,79217044,,25878104,22569900,23226748,25464320,,2869636,6204636,5674608,2541048,,5915488,9505244,8892916,5881048,,640,1980,240,308,,19606724,19880000,19766456,19963864
1807,0,683,180,7,467,0,29,97342904,14939440,30017736,3168,81490020,,25989080,22571652,23206188,25575984,,2749472,6198080,5738284,253604,,5795436,9498676,8956580,5767044,,640,1980,240,308,,19711048,19879988,19766396,22132588
1809,1,684,180,7,467,0,29,97273484,15179804,30131276,3168,81291492,,26009564,22464556,23198992,25600372,,2740068,6338964,5730628,370144,,5786556,9639836,8949040,5755844,,640,1980,240,308,,19711620,19808768,19766420,22004684
1812,1,685,180,7,469,0,29,96951516,17681868,30402428,3168,78657184,,25747584,22574824,23205652,25423456,,2997260,6205796,5724700,2754112,,6044312,9506732,8943164,5908220,,640,1980,240,308,,19478348,19880420,19766436,19531980
1815,1,686,179,7,470,0,30,97542316,17078936,29800752,3168,79138368,,26075284,22624244,23217412,25625376,,2657500,6164472,5710648,2546316,,5704980,9465584,8929104,5701084,,640,1980,240,308,,19712680,19880548,19766444,19778696
1818,0,687,180,7,471,0,29,97686440,16906516,29629188,3168,79139928,,26110420,22686680,23233032,25656308,,2597936,6094636,5697296,2516648,,5645660,9396124,8915764,5671640,,640,1980,240,308,,19713024,19880864,19766456,19779584
1820,1,688,180,7,472,0,29,97755564,16852492,29576224,3168,79140772,,26086652,22723296,23289012,25656604,,2647332,6047680,5642352,2515128,,5695336,9349432,8861024,5670432,,640,1980,240,308,,19713236,19880916,19766720,19779900
1823,0,689,179,7,473,0,30,97364472,17262976,29986672,3168,78740712,,25748312,22702456,23261952,25651752,,3012048,6067692,5667276,2515960,,6059476,9369408,8886056,5671732,,640,1980,240,308,,19312704,19880920,19766712,19780376
1825,1,690,179,7,474,0,30,97293668,17317820,30041200,3168,78678100,,25990120,22706784,22951384,25645380,,2766044,6062984,5986528,2502264,,5814108,9364708,9203824,5658560,,640,1980,240,308,,19584836,19880932,19431440,19780892
1828,0,691,178,7,475,0,31,97604336,17040008,29763872,3168,79007676,,25976684,22703408,23198696,25725548,,2769232,6069840,5743896,2457040,,5817500,9371752,8961232,5613388,,640,1980,240,308,,19632740,19881116,19712856,19780964
1831,0,692,179,7,476,0,30,97216616,17390056,30114676,3168,78685888,,25989440,22356280,23240036,25630860,,2765624,6407540,5678728,2538164,,5815208,9708304,8896248,5694916,,640,1980,240,308,,19644672,19533040,19761564,19746612
1833,1,693,178,7,477,0,31,97645704,16892620,29694308,3168,79051876,,25994152,22658104,23270024,25723424,,2773984,6106156,5656852,2355628,,5823800,9406720,8874404,5589384,,640,1980,240,308,,19650356,19781152,19761976,19858392
1836,0,694,178,7,478,0,31,97120724,15433464,30247328,3168,80846324,,25948868,22673176,22778456,25720224,,2827168,6074956,6164796,366544,,5877376,9375488,9382060,5612404,,640,1980,240,308,,19655752,19862172,19440180,21888220
1838,3,695,178,7,478,0,31,97634516,14856672,29725224,3168,81259960,,25956200,22715028,23251348,25711940,,2804252,3807680,5656736,2588004,,5854904,9379360,8874548,5616412,,640,1980,240,308,,19670732,22147084,19767200,19674944
1843,1,696,178,7,479,0,31,97430276,15832396,30013960,3168,80267460,,26068844,22425716,23242424,25693292,,2693624,4848092,5677596,2613084,,5745180,9731636,8895584,5641560,,640,1980,240,308,,19716180,21108412,19767348,19675520
1847,0,697,178,7,481,0,31,97751412,15065864,29711800,3168,81082564,,26116632,22754512,23251796,25628472,,710680,5994460,5671256,2689468,,5667792,9436180,8889256,5718572,,640,1980,240,308,,21617496,20021892,19767372,19675804
1849,2,698,178,7,481,0,31,97557088,14890516,29921724,3168,81367256,,25932084,22859476,23233520,25532008,,527416,5883588,5688644,2790868,,5862516,9330756,8908192,5820260,,640,1980,240,308,,21897664,20025812,19767432,19676348
1853,1,699,178,7,483,0,31,97452312,17260924,30063876,3168,79144080,,25897832,22847636,23215712,25491132,,2809816,5885928,5729552,2835628,,5916216,9333076,8949160,5865424,,640,1980,240,308,,19674144,20025812,19767460,19676664
1856,1,700,178,7,484,0,31,97351640,17350472,30154720,3168,79091116,,25896616,22741736,23220188,25493100,,2805096,5997564,5701568,2846244,,5911728,9445244,8921208,5876540,,640,1980,240,308,,19674432,19972048,19767472,19677164
1859,0,701,179,7,485,0,30,96837748,17890064,30694952,3168,78649904,,25597624,22820912,23226648,25192564,,3116548,5913464,5699784,3160268,,6223644,9361212,8919460,6190636,,640,1980,240,308,,19488344,20026376,19767488,19367696
1861,1,702,179,7,486,0,30,97121328,17662996,30468240,3168,78972140,,25829976,22732116,23210400,25348836,,2908128,6041260,5713388,3000220,,6015328,9488960,8933068,6030884,,640,1980,240,308,,19710780,20026228,19767492,19467640
1864,0,703,179,7,487,0,30,97304544,17453532,30259580,3168,79233596,,25935124,22679608,23214032,25475780,,2775596,6097392,5724772,2855772,,5883028,9545104,8944500,5886948,,640,1980,240,308,,19771628,20026260,19767524,19668184
1867,0,704,179,7,488,0,30,97386268,17362172,30169116,3168,79244348,,25928800,22665908,23195408,25596152,,2797092,6091188,5754828,2719064,,5904880,9538920,8974560,5750756,,640,1980,240,308,,19771956,20026272,19767460,19678660
1869,1,705,179,7,489,0,30,97482148,17231312,30039176,3168,79245280,,26029892,22668648,23198528,25585080,,2674176,6088780,5728196,2740160,,5782468,9536780,8947948,5771980,,640,1980,240,308,,19772516,20026512,19767484,19678768
1872,0,706,179,7,490,0,30,97702760,16987424,29797600,3168,79247132,,26061620,22785000,23197876,25658264,,2629096,5973812,5721996,2662520,,5738300,9422724,8941888,5694688,,640,1980,240,308,,19773392,20026956,19767624,19679160
1875,0,707,179,7,491,0,30,97341780,17356476,30165928,3168,78872396,,26093796,22802160,22846280,25599544,,2595428,5938396,6095800,2726852,,5704668,9387404,9314512,5759344,,640,1980,240,308,,19773488,20027124,19392296,19679488
1877,1,708,179,7,492,0,30,97631832,17039188,29850740,3168,79156420,,26071148,22805208,23125556,25629920,,2611144,5931564,5811028,2685452,,5720456,9382152,9029752,5718380,,640,1980,240,308,,19773664,20028644,19674196,19679916
1880,1,709,179,7,493,0,30,97871288,16808676,29621636,3168,79251324,,26088472,22860968,23274672,25647176,,2616452,5879468,5647052,2665704,,5726080,9330476,8865980,5699100,,640,1980,240,308,,19774012,20028900,19768012,19680400
1883,0,710,179,7,494,0,30,97890840,15707036,29579884,3168,80309144,,26099176,22868544,23272452,25650668,,2607152,5858424,4572356,2669104,,5717020,9309480,8850408,5702976,,640,1980,240,308,,19774204,20028892,20825180,19680868
1885,1,711,179,7,494,0,30,97876712,12290816,29638752,3168,83774684,,26113600,22832916,23281192,25649004,,2565544,3668080,3379312,2677880,,5676092,9367912,8882496,5712252,,640,1980,240,308,,19774884,22272556,22045860,19681384
1889,2,712,179,7,496,0,30,97281384,15107220,30242556,3168,81158496,,26046332,22281996,23240264,25712792,,2658440,4220836,5633692,2594252,,5769468,9937504,8906484,5629100,,640,1980,240,308,,19775388,21880928,19820280,19681900
1893,0,713,179,7,497,0,30,97794324,16818136,29705992,3168,79324144,,25996576,22845844,23248732,25703172,,2715360,5886272,5625960,2590544,,5826380,9355192,8898812,5625608,,640,1980,240,308,,19775328,20046384,19820312,19682120
1895,1,714,179,7,498,0,30,97733628,16933836,29822464,3168,79324760,,25999404,22798256,23264448,25671520,,2708752,5950652,5621120,2653312,,5820000,9419792,8893972,5688700,,640,1980,240,308,,19775544,20046480,19820340,19682396
1898,0,715,179,7,499,0,30,97788204,16820860,29709912,3168,79325372,,26022660,22785608,23268716,25711220,,2680064,5952568,5607772,2580456,,5791460,9421628,8880640,5616184,,640,1980,240,308,,19775684,20046496,19820372,19682820
1901,0,716,179,7,500,0,30,97741236,16839844,29730016,3168,79326476,,26004056,22781256,23248704,25707220,,2692024,5941288,5621624,2584908,,5803980,9410612,8894440,5620984,,640,1980,240,308,,19776248,20046760,19820296,19683172
1903,1,717,179,7,501,0,30,97490844,17125524,30016196,3168,78992784,,26064204,22752760,23237156,25436724,,2643652,5992820,5634748,2854304,,5756260,9462320,8907576,5890040,,640,1980,240,308,,19776936,19998356,19820308,19397184
1906,0,718,178,7,502,0,31,97472516,17133000,30024180,3168,78905280,,25702368,22799240,23250360,25720548,,3000836,5930280,5618836,2583048,,6113656,9399892,8891688,5618944,,640,1980,240,308,,19404864,20047060,19820316,19633040
1908,1,719,179,7,503,0,30,97894876,16692248,29584264,3168,79325440,,26079340,22831848,23254172,25729516,,2609096,5890052,5624396,2568704,,5722120,9359800,8897320,5605024,,640,1980,240,308,,19777384,20047168,19820340,19680548
1911,1,720,179,7,504,0,30,97853836,16762140,29655272,3168,79329940,,26098688,22829840,23242772,25682536,,2595356,5886928,5635124,2644732,,5709140,9356824,8908100,5681208,,640,1980,240,308,,19778168,20047192,19820340,19684240
1914,0,721,179,7,505,0,30,97750736,16837480,29731276,3168,79330608,,26054136,22835368,23243704,25617528,,2637288,5870504,5629044,2700644,,5751456,9340316,8902036,5737468,,640,1980,240,308,,19778532,20047192,19820352,19684532
1916,1,722,179,7,506,0,30,97601856,17043668,29938172,3168,79331176,,25992848,22728644,23229124,25651240,,2733196,5991124,5648596,2670752,,5847516,9460984,8921608,5708064,,640,1980,240,308,,19778592,20047228,19820368,19684988
1919,1,723,179,7,507,0,30,97390380,17251396,30146228,3168,79209420,,25911336,22743244,23081056,25654744,,2823060,5981936,5779128,2667272,,5937488,9451792,9052152,5704796,,640,1980,240,308,,19778688,20047180,19698320,19685232
1922,0,724,179,7,508,0,30,97131640,17493460,30389076,3168,79001824,,25927908,22699788,22869060,25634884,,2791168,6033684,6002856,2665752,,5905816,9503512,9276088,5703660,,640,1980,240,308,,19778932,20047112,19490180,19685600
1924,1,725,179,7,509,0,30,97154232,17513864,30410352,3168,79002852,,25993712,22648164,22882872,25629484,,2713904,6097980,5989116,2712864,,5828848,9567768,9262352,5751384,,640,1980,240,308,,19779244,20047032,19490356,19686220
1927,0,726,179,7,510,0,30,97157488,17545300,30442748,3168,78966472,,26001096,22643064,22808688,25704640,,2730064,6117504,6077060,2620672,,5845748,9587304,9350208,5659488,,640,1980,240,308,,19779984,20047044,19452832,19686612
1930,0,727,179,7,511,0,30,97363156,17279792,30178096,3168,78967512,,26122148,22728468,22812152,25700388,,2563452,6024728,6076872,2614740,,5679280,9495152,9350032,5653632,,640,1980,240,308,,19780240,20047732,19452836,19686704
1932,1,728,179,7,512,0,30,97175936,16987068,29886400,3168,79131656,,25690896,22729256,22985592,25770192,,2516064,6013360,5907552,2550092,,5632044,9483524,9181424,5589408,,640,1980,240,308,,19780568,20047504,19616468,19687116
1935,0,729,179,7,513,0,30,96875744,17272224,30170432,3168,78812368,,25682532,22766100,23192940,25234172,,2515856,5971048,5702992,3082328,,5632120,9441448,8976488,6120376,,640,1980,240,308,,19780888,20047732,19821040,19162708
1937,1,730,178,7,514,0,31,96950856,17203120,30102408,3168,78931260,,25652508,22316580,23181808,25799960,,2553536,6443016,5703112,2503456,,5670128,9913544,8976624,5542112,,640,1980,240,308,,19781184,19648344,19821064,19680668
1940,1,731,178,7,515,0,31,97073920,17031016,29932020,3168,78965920,,25648948,22790096,23245444,25389432,,2546336,5949652,5633256,2901772,,5663272,9421000,8906816,5940932,,640,1980,240,308,,19781540,20048496,19821088,19314796
1943,0,732,177,7,516,0,32,97319796,16778088,29679724,3168,79042072,,25434156,22855328,23244196,25786116,,2771384,5874388,5631072,2501244,,5887980,9346480,8904712,5540552,,640,1980,240,308,,19482404,20049260,19821188,19689220
1945,1,733,176,7,517,0,33,97598212,16434752,29337468,3168,79342440,,25707196,22825688,23231884,25833444,,2489768,5880564,5636404,2428016,,5606776,9352660,8910056,5467976,,640,1980,240,308,,19781968,20049280,19821196,19689996
1948,0,734,176,7,518,0,33,97484248,16586128,29489384,3168,79343164,,25612408,22822712,23229104,25820024,,2584604,5879152,5658576,2463796,,5701852,9351452,8932256,5503824,,640,1980,240,308,,19782460,20049444,19821200,19690060
1950,1,735,176,7,519,0,33,97599500,16466196,29370416,3168,79344200,,25633820,22851840,23225400,25888440,,2561972,5866776,5658188,2379260,,5679536,9339200,8932000,5419680,,640,1980,240,308,,19782808,20049504,19821348,19690540
1953,0,736,175,7,520,0,34,96861156,17251328,30154772,3168,78752284,,25233908,22576992,23187576,25862680,,2991900,6156380,5706216,2396832,,6109668,9627516,8980064,5437524,,640,1980,240,308,,19416684,19823448,19821372,19690780
1956,0,737,175,7,521,0,34,97146556,16940828,29845972,3168,78986880,,25599516,22740328,22937584,25869128,,2621688,5969212,5960752,2389176,,5741736,9440356,9233532,5430348,,640,1980,240,308,,19784048,19980592,19531000,19691240
1958,1,738,175,7,522,0,34,97473984,16589808,29497128,3168,79313156,,25588960,22748628,23282352,25854044,,2632316,5969416,5566260,2421816,,5752560,9441852,8839364,5463352,,640,1980,240,308,,19784240,20015912,19821376,19691628
1961,0,739,176,7,523,0,33,97435144,16646516,29554532,3168,79319276,,25586120,22763108,23221224,25864692,,2625732,5962184,5648596,2410004,,5746588,9434680,8921684,5451580,,640,1980,240,308,,19784868,20021248,19821472,19691688
1963,1,740,176,7,524,0,33,97494628,16589652,29498252,3168,79325000,,25650628,22778288,23234224,25831488,,2566008,5928400,5636904,2458340,,5687340,9400916,8910012,5499984,,640,1980,240,308,,19785316,20026488,19821496,19691700
1966,0,741,176,7,525,0,33,97644960,16410772,29320488,3168,79349252,,25702428,22869544,23240568,25832420,,2476904,5849248,5632384,2452236,,5598600,9322176,8905496,5494216,,640,1980,240,308,,19785736,20049948,19821500,19692068
1968,1,742,176,7,526,0,33,97534640,14537168,29495152,3168,81392576,,25664380,22872464,23236948,25760848,,2548296,3804036,5644356,2540480,,5670280,9324768,8917484,5582620,,640,1980,240,308,,19785960,22093044,19821520,19692052
1971,1,743,176,7,526,0,33,97123920,14719844,29898336,3168,81354676,,25378908,22835792,23235768,25673452,,2841560,3601256,5633260,2643768,,5963492,9342008,8906392,5686444,,640,1980,240,308,,19528160,22312500,19821516,19692500
1974,1,744,175,7,528,0,34,96594100,17493664,30444604,3168,78662500,,25513472,22777580,23226520,25076528,,2696328,5910912,5653192,3233232,,5821244,9421468,8926348,6275544,,640,1980,240,308,,19702680,20087040,19821544,19051236
1977,1,745,177,6,529,0,33,96284976,17822784,30774392,3168,78542892,,25537668,22763076,22248196,25736036,,2672312,5923012,6661272,2566188,,5797452,9433408,9934424,5609108,,640,1980,240,308,,19787280,20086916,18975108,19693588
1980,0,746,177,6,530,0,33,97217456,16877172,29829420,3168,79389824,,25491220,22761668,23220344,25744224,,2717728,5945412,5659144,2554888,,5843140,9455836,8932572,5597872,,640,1980,240,308,,19787528,20086932,19821612,19693752
1982,1,747,177,6,531,0,33,97161452,16955856,29908700,3168,79366808,,25538544,22731544,23237324,25654040,,2668496,5963748,5646920,2676692,,5794012,9474268,8920480,5719940,,640,1980,240,308,,19787664,20087020,19821944,19670180
1985,1,748,178,6,532,0,32,97113636,17032572,29986768,3168,79391804,,25517068,22669516,23193696,25733356,,2707080,6057076,5701884,2566532,,5832992,9567624,8975564,5610588,,640,1980,240,308,,19788060,20086880,19822020,19694844
1988,1,749,178,6,533,0,32,97312020,16787128,29742552,3168,79334744,,25641824,22793312,23204680,25672204,,2568452,5902616,5690632,2625428,,5694748,9413732,8964320,5669752,,640,1980,240,308,,19788560,20087756,19822020,19636408
1991,0,750,178,6,534,0,32,97440392,16632044,29589120,3168,79395016,,25660212,22793120,23172864,25814196,,2548236,5897576,5720572,2465660,,5675548,9408724,8994272,5510576,,640,1980,240,308,,19789388,20087772,19822032,19695824
1994,0,751,178,6,535,0,32,97461148,16613784,29571148,3168,79395332,,25678588,22784288,23189300,25808972,,2521044,5894892,5715912,2481936,,5648472,9406052,8989620,5527004,,640,1980,240,308,,19789580,20087776,19822040,19695936
1996,1,752,178,6,536,0,32,97538088,16435280,29469812,3168,79472448,,25669904,22854904,23184676,25828604,,2519600,5755392,5703944,2456344,,5647296,9342772,8977796,5501948,,640,1980,240,308,,19789852,20163952,19822184,19696460
1999,1,753,178,6,537,0,32,97588812,14198372,29401736,3168,81636312,,25663360,22869148,23224676,25831628,,2536376,3567616,5640792,2453588,,5664416,9323120,8914708,5499492,,640,1980,240,308,,19790228,22326988,19822324,19696772
2002,1,754,178,6,537,0,32,97625008,16394840,29383552,3168,79425580,,25724440,22861860,23225196,25813512,,2476152,5797420,5657584,2463684,,5604448,9337176,8931644,5510284,,640,1980,240,308,,19790412,20115652,19822032,19697484
2005,1,755,178,6,539,0,32,97565200,16431680,29421380,3168,79427044,,25681504,22852328,23213256,25818112,,2509512,5793040,5662560,2466568,,5638508,9332480,8936644,5513748,,640,1980,240,308,,19791020,20115452,19822484,19698088
2008,1,756,178,6,540,0,32,97580488,16424092,29414276,3168,79427440,,25687752,22850500,23213544,25828692,,2509312,5792932,5654584,2467264,,5638416,9332384,8928696,5514780,,640,1980,240,308,,19791044,20115496,19822492,19698408
2011,0,757,176,6,541,0,34,97265804,16782512,29772856,3168,79188564,,25377400,22787956,23214072,25886376,,2832080,5881388,5664772,2404272,,5961220,9420800,8938896,5451940,,640,1980,240,308,,19552108,20115360,19822500,19698596
2013,1,758,177,6,542,0,33,97480000,16528600,29520532,3168,79428564,,25614824,22780324,23217832,25867020,,2587952,5877936,5655692,2407020,,5718380,9417312,8929856,5454984,,640,1980,240,308,,19791740,20115372,19822536,19698916
2016,1,759,177,6,543,0,33,97534100,16473344,29465800,3168,79429144,,25618884,22781848,23256052,25877316,,2593316,5881912,5612156,2385960,,5724048,9421264,8886356,5434132,,640,1980,240,308,,19792044,20115376,19822572,19699152
2019,0,760,177,6,544,0,33,97452040,16575552,29568352,3168,79429396,,25625156,22767004,23216988,25842892,,2581480,5898768,5656024,2439280,,5712264,9438132,8930244,5487712,,640,1980,240,308,,19792092,20115388,19822596,19699320
2021,1,761,177,6,545,0,33,97277816,16732932,29726824,3168,79189256,,25623792,22792848,23231068,25630108,,2575404,5887512,5632708,2637308,,5706924,9426980,8906944,5685976,,640,1980,240,308,,19792844,20115532,19822608,19458272
2024,1,762,178,6,546,0,32,96607276,17428712,30423780,3168,78446740,,25736116,22858360,22211344,25801456,,2447808,5798536,6712932,2469436,,5579924,9338272,9987480,5518104,,640,1980,240,308,,19793456,20115784,18884000,19653500
2027,0,763,178,6,547,0,32,97558976,16458548,29454600,3168,79415256,,25687112,22855932,23249932,25766000,,2515496,5809828,5620128,2513096,,5647828,9349804,8894708,5562260,,640,1980,240,308,,19793608,20115812,19822648,19683188
2029,1,764,178,6,548,0,32,97250420,16808628,29804880,3168,79156848,,25689984,22525816,23243752,25790868,,2504616,6140436,5644752,2518824,,5637308,9680228,8919344,5568000,,640,1980,240,308,,19793980,19844140,19822972,19695756
2032,1,765,178,6,549,0,32,97270396,16780356,29778256,3168,79434620,,25675272,22668112,23232780,25694232,,2526156,5997236,5651336,2605628,,5659388,9537760,8925940,5655168,,640,1980,240,308,,19794512,20116356,19822980,19700772
2035,0,766,178,6,550,0,32,96396024,17233392,30231356,3168,79114660,,24843876,22728452,23238888,25584808,,2903132,5943496,5641140,2745624,,6036088,9484228,8915752,5795288,,640,1980,240,308,,19490716,20116608,19822988,19684348
2037,1,767,177,6,551,0,33,96804164,16002148,29758760,3168,80191732,,25140540,22728940,23225308,25709376,,2575676,5952184,5648672,1825616,,5709324,9492932,8923316,5633188,,640,1980,240,308,,19794704,20116640,19823000,20457388
2040,1,768,177,6,552,0,33,96729912,14623492,29866816,3168,81661788,,25131340,22714648,23232284,25651640,,2595216,5968904,5646920,412452,,5729312,9509656,8921572,5706276,,640,1980,240,308,,19795300,20103432,19823012,21940044
2043,1,769,177,6,552,0,33,96689972,14612368,29896292,3168,81715520,,25124300,22676860,23245344,25643468,,2592104,6006472,5638000,375792,,5726184,9547424,8912832,5709852,,640,1980,240,308,,19795372,20116824,19823188,21980136
2046,1,770,177,6,554,0,33,96932888,16603772,29657824,3168,79490588,,25269380,22717204,23226088,25720216,,2445712,5969000,5662516,2526544,,5580552,9510140,8937332,5629800,,640,1980,240,308,,19796236,20117040,19823112,19754200
2049,1,771,177,6,555,0,33,97093552,16411120,29466296,3168,79491816,,25306416,22768692,23235248,25783196,,2394616,5903776,5653844,2458884,,5529932,9445052,8928736,5562576,,640,1980,240,308,,19796716,20117168,19823244,19754688
2052,0,772,177,6,556,0,33,97119696,16380052,29436184,3168,79492804,,25306656,22757912,23220952,25834176,,2395248,5911780,5673288,2399736,,5531144,9453064,8948204,5503772,,640,1980,240,308,,19797280,20117176,19823276,19755072
2054,1,773,177,6,557,0,33,97632140,16310672,29367408,3168,79493396,,25739712,22820508,23212264,25859656,,2427424,5845752,5668824,2368672,,5563368,9387360,8943776,5472904,,640,1980,240,308,,19797344,20117424,19823304,19755324
2057,0,774,177,6,558,0,33,97414852,16529316,29587176,3168,79236560,,25501776,22881760,23218488,25812828,,2674832,5764196,5676972,2413316,,5811108,9306020,8951936,5518112,,640,1980,240,308,,19539872,20117540,19823304,19755844
2060,0,775,177,6,559,0,33,97687772,16243056,29305536,3168,79498896,,25742128,22869828,23279084,25796732,,2427764,5790540,5598884,2425868,,5568200,9332408,8873952,5530976,,640,1980,240,308,,19801748,20117552,19823436,19756160
2062,1,776,177,6,560,0,33,97695632,16226592,29289404,3168,79499212,,25778772,22828296,23280104,25808460,,2396496,5826396,5594276,2409424,,5537096,9368268,8869356,5514684,,640,1980,240,308,,19801908,20117556,19823448,19756300
2065,0,777,177,6,561,0,33,97644320,16292740,29357008,3168,79500588,,25794168,22837040,23270312,25742800,,2369644,5819840,5599200,2504056,,5510924,9361728,8874288,5610068,,640,1980,240,308,,19802532,20117568,19823452,19757036
2068,0,778,177,6,562,0,33,97310632,16611384,29676220,3168,79153856,,25724316,22839424,23260148,25486744,,2459824,5800632,5609192,2741736,,5601140,9342656,8884304,5848120,,640,1980,240,308,,19802472,20117652,19823464,19410268
2071,0,779,177,6,563,0,33,96582024,17397028,30462972,3168,78462276,,25645872,22789740,22362048,25784364,,2549768,5869912,6537296,2440052,,5691468,9412124,9812732,5546648,,640,1980,240,308,,19802760,20117792,18883664,19658060
2073,1,780,177,6,564,0,33,97435464,16493872,29559236,3168,79365932,,25624612,22678904,23266540,25865408,,2585464,5977184,5600900,2330324,,5727364,9517888,8876520,5437464,,640,1980,240,308,,19802960,19980612,19823956,19758404
2076,1,781,176,6,565,0,34,96884460,17093264,30159680,3168,79013768,,25659608,22148484,23223728,25852640,,2543480,6532440,5657120,2360224,,5685656,10073236,8932776,5468012,,640,1980,240,308,,19803260,19627808,19823992,19758708
2079,1,782,176,6,566,0,34,97467868,16476320,29546580,3168,79508216,,25658056,22726488,23217872,25865452,,2538160,5934088,5650376,2353696,,5683692,9475636,8926048,5461204,,640,1980,240,308,,19806596,20118808,19824004,19758808
2082,0,783,176,6,567,0,34,97552720,16406424,29478596,3168,79510124,,25667548,22819924,23225900,25839348,,2531936,5837488,5649196,2387804,,5678192,9379492,8924880,5496032,,640,1980,240,308,,19807320,20119276,19824024,19759504
2084,1,784,176,6,568,0,34,97663772,14635044,29340716,3168,81140012,,25772916,22852884,23220616,25817356,,2424812,5789472,5652392,768368,,5571600,9331488,8928140,5509488,,640,1980,240,308,,19807932,20119228,19824092,21388760
2087,1,785,176,6,569,0,34,97593576,14207824,29434036,3168,81658944,,25732700,22845048,23220048,25795780,,2468244,5792516,5647164,299900,,5615440,9334540,8923044,5561012,,640,1980,240,308,,19808304,20119244,19824224,21907172
2090,2,786,176,6,570,0,34,97414856,16670384,29651096,3168,79418128,,25614780,22796148,23220564,25783364,,2590436,5871356,5656252,2552340,,5738028,9413496,8932152,5567420,,640,1980,240,308,,19808620,20119296,19824248,19665964
2094,1,787,176,6,571,0,34,97239952,16872912,29854364,3168,79418328,,25632488,22746304,23174040,25687120,,2556628,5918272,5727476,2670536,,5704824,9460380,9003388,5685772,,640,1980,240,308,,19808872,20119208,19824248,19666000
2097,0,788,176,6,572,0,34,97345404,16750748,29733552,3168,79420064,,25633732,22724284,23233228,25754160,,2565268,5940204,5643180,2602096,,5713712,9482320,8919112,5618408,,640,1980,240,308,,19809436,20119220,19824272,19667136
2099,1,789,176,6,573,0,34,97316412,16801056,29784932,3168,79421036,,25694380,22689948,23223720,25708364,,2515184,5969532,5660324,2656016,,5664260,9511660,8936400,5672612,,640,1980,240,308,,19810080,20119176,19824416,19667364
2102,1,790,176,6,574,0,34,96575472,17548980,30533116,3168,78798744,,24965028,22685844,23228736,25695864,,3236152,5992156,5657296,2663376,,6385156,9534388,8933396,5680176,,640,1980,240,308,,19187472,20119268,19824436,19667568
2105,1,791,176,6,575,0,34,97465284,16623780,29609308,3168,79422748,,25749016,22714536,23170412,25831320,,2448560,5949288,5722232,2503700,,5598040,9491568,8998308,5521392,,640,1980,240,308,,19810424,20119360,19824356,19668608
2108,0,792,175,6,576,0,35,97549284,16465640,29449636,3168,79296964,,25796152,22776800,23121504,25854828,,2360304,5905556,5727232,2472548,,5510424,9448036,9000820,5490356,,640,1980,240,308,,19811284,20119624,19697320,19668736
2111,0,793,174,6,577,0,36,97696636,16338424,29324112,3168,79425360,,25821944,22774272,23232992,25867428,,2344556,5902824,5631180,2459864,,5495092,9445308,8905536,5478176,,640,1980,240,308,,19811660,20119620,19824752,19669328
2113,1,794,174,6,578,0,36,97304680,16720980,29707396,3168,79086280,,25810380,22788988,23236928,25468384,,2355756,5881316,5628708,2855200,,5506604,9423920,8903068,5873804,,640,1980,240,308,,19811884,20119732,19824752,19329912
2116,1,795,174,6,579,0,36,97337456,16671412,29658648,3168,79062892,,25778292,22877392,23239336,25442436,,2389544,5786340,5619096,2876432,,5540640,9329492,8893472,5895044,,640,1980,240,308,,19812124,20120316,19824764,19305688
2119,0,796,174,6,580,0,36,97129412,16859432,29849116,3168,78728464,,25797748,22519048,22994592,25818024,,2360872,6129664,5872220,2496676,,5512376,9673084,9148380,5515276,,640,1980,240,308,,19812540,19762520,19532796,19620608
2122,0,797,175,6,581,0,35,97914068,16041488,29032268,3168,79429524,,25823796,22915116,23300260,25874896,,2337256,5732500,5547740,2423992,,5489088,9276028,8824112,5443040,,640,1980,240,308,,19812856,20120504,19825320,19670844
2124,1,798,175,6,582,0,35,97815248,16169160,29161576,3168,79342068,,25818368,22834524,23288496,25873860,,2339352,5823344,5570144,2436320,,5491548,9367736,8846520,5455772,,640,1980,240,308,,19813204,20032280,19825332,19671252
2127,0,799,175,6,583,0,35,98015824,16428216,29421864,3168,79139240,,25796392,22892308,23283668,26043456,,2367744,5750764,5566908,2742800,,5520180,9295484,8843312,5762888,,640,1980,240,308,,19813404,20121636,19825352,19378848
2130,0,800,175,6,584,0,35,98232128,16230156,29224324,3168,79433224,,25689196,22846464,23281256,26415212,,2500948,5801528,5577332,2350348,,5653624,9346316,8853756,5370628,,640,1980,240,308,,19813532,20121580,19825356,19672756
2132,1,801,175,6,585,0,35,97748460,16241820,29235832,3168,79432980,,25693224,22837704,22806952,26410580,,2482456,5817728,5595012,2346624,,5635332,9362512,8870792,5367196,,640,1980,240,308,,19813740,20121540,19824716,19672984
2135,1,802,175,6,586,0,35,97670644,16329796,29324800,3168,79433956,,25680012,22790320,22818888,26381424,,2508640,5870432,5565328,2385396,,5661784,9415300,8841260,5406456,,640,1980,240,308,,19813988,20121612,19824872,19673484
2138,1,803,175,6,587,0,35,97410808,16601184,29597148,3168,79130576,,25365196,22842704,22816520,26386388,,2836500,5818216,5582592,2363876,,5989816,9363596,8858552,5385184,,640,1980,240,308,,19509840,20122156,19824888,19673692
2141,0,804,175,6,588,0,35,97506384,16512300,29509596,3168,79320644,,25520528,22872728,22721736,26391392,,2670636,5784280,5702112,2355272,,5824672,9329872,8978016,5377036,,640,1980,240,308,,19699480,20122256,19824716,19674192
2144,0,805,176,6,589,0,34,97666968,16324864,29324836,3168,79437436,,25685016,22884324,22793388,26304240,,2490648,5761736,5619400,2453080,,5646472,9307432,8896036,5474896,,640,1980,240,308,,19815560,20122284,19825452,19674140
2146,1,806,176,6,590,0,34,97652784,16344676,29345596,3168,79438308,,25669276,22873116,22791380,26319012,,2510800,5780584,5616344,2436948,,5667000,9326436,8893004,5459156,,640,1980,240,308,,19815932,20122360,19825484,19674532
2149,1,807,176,6,591,0,34,97405444,16617392,29619168,3168,79353428,,25543940,22830088,22787004,26244412,,2635668,5842504,5606604,2532616,,5792232,9388448,8883276,5555212,,640,1980,240,308,,19730748,20122404,19825500,19674776
2152,1,808,176,6,592,0,34,96898196,17190328,30192156,3168,79007596,,25171960,22821148,22777788,26127300,,3027516,5846076,5624032,2692704,,6183932,9392028,8900712,5715484,,640,1980,240,308,,19384852,20122420,19825496,19674828
2155,0,809,175,6,593,0,35,97177052,16919444,29921156,3168,79283724,,25547072,22783628,22724460,26121892,,2639840,5898984,5702196,2678424,,5796712,9445024,8977592,5701828,,640,1980,240,308,,19756440,20122448,19729404,19675432
2157,1,810,175,6,594,0,35,97316712,16742208,29745896,3168,79441292,,25612684,22784912,22785456,26133660,,2566804,5886828,5615740,2672836,,5723940,9432900,8892716,5696340,,640,1980,240,308,,19817392,20122480,19825900,19675520
2160,0,811,175,6,595,0,35,95943436,18149344,31152644,3168,78335664,,25625828,21851708,22783356,25682544,,2557940,6838892,5602504,3150008,,5715576,10384424,8879484,6173160,,640,1980,240,308,,19817940,19402588,19825908,19289228
2163,0,812,173,5,596,0,38,97275832,16771676,29774316,3168,79398996,,25721220,22731512,22770684,26052416,,2456580,5954844,5622560,2737692,,5614344,9499224,8899576,5761172,,640,1980,240,308,,19818128,20122468,19825944,19632456
2165,1,813,174,5,597,0,37,97479540,16609252,29615276,3168,79445644,,25833812,22688304,22739052,26218372,,2334620,5997880,5690160,2586592,,5493052,9542440,8967764,5612020,,640,1980,240,308,,19818712,20122716,19826520,19677696
2168,1,814,176,4,598,0,36,97664828,16357192,29363784,3168,79446544,,25884096,22782604,22738264,26259864,,2270944,5878704,5682708,2524836,,5429684,9423404,8960368,5550328,,640,1980,240,308,,19818944,20123296,19826516,19677788
2171,0,815,176,4,599,0,36,97555832,16452360,29460360,3168,79447908,,25858512,22676352,22741348,26279620,,2278868,6004412,5667324,2501756,,5438192,9549556,8944968,5527644,,640,1980,240,308,,19819512,20123632,19826536,19678228
2173,1,816,176,4,600,0,36,97700596,16300300,29309712,3168,79419324,,25856364,22843588,22729312,26271332,,2305720,5814096,5667568,2512916,,5465156,9359688,8945356,5539512,,640,1980,240,308,,19819588,20124004,19826684,19649048
2176,1,817,176,4,601,0,36,97883800,15253868,29093028,3168,80276848,,25854792,22897560,22768936,26362512,,2288816,5755768,5646788,1562496,,5448484,9302056,8924616,5417872,,640,1980,240,308,,19819840,20124568,19826704,20505736
2179,1,818,176,4,602,0,36,97917148,13936512,29077532,3168,81575132,,25857812,22895456,22795676,26368204,,2292808,5752844,5602344,288516,,5453008,9299068,8880312,5445144,,640,1980,240,308,,19820216,20124392,19826812,21803712
2182,1,819,176,4,602,0,36,97903848,16175480,29088036,3168,79351372,,25887808,22856384,22784860,26374796,,2265352,5799036,5613288,2497804,,5425756,9345272,8891272,5425736,,640,1980,240,308,,19820412,20124396,19826824,19579740
2185,0,820,175,4,604,0,37,97378708,16687944,29602240,3168,78816368,,25325856,22891084,22785960,26375808,,2824844,5761656,5605304,2496140,,5986496,9307948,8883292,5424504,,640,1980,240,308,,19284796,20124416,19826836,19580320
2188,0,821,175,4,605,0,37,97614644,16463812,29378196,3168,79131848,,25605480,22854636,22782352,26372176,,2545172,5798296,5611020,2509324,,5706668,9344752,8889024,5437752,,640,1980,240,308,,19600124,20124492,19826844,19580388
2190,1,822,175,4,606,0,37,97614816,16464104,29378900,3168,79252160,,25678320,22817344,22755648,26363504,,2457676,5840616,5655292,2510520,,5619356,9387096,8933436,5439012,,640,1980,240,308,,19720212,20124508,19826972,19580468
2193,0,823,175,4,607,0,37,97635000,16488188,29403436,3168,79288376,,25680872,22806432,22783460,26364236,,2487112,5865404,5629348,2506324,,5648996,9411828,8907556,5435056,,640,1980,240,308,,19756284,20124368,19827028,19580696
2195,1,824,176,4,608,0,36,97676584,16445188,29361476,3168,79321556,,25714440,22810388,22788600,26363156,,2458400,5854500,5613148,2519140,,5620648,9400940,8891416,5448472,,640,1980,240,308,,19788752,20124384,19827076,19581344
2198,1,825,176,4,609,0,36,97392016,16693004,29608388,3168,79083136,,25735984,22799676,22492752,26363604,,2423176,5867992,5893892,2507944,,5585568,9414440,9171020,5437360,,640,1980,240,308,,19807536,20124396,19569812,19581392
2201,0,826,176,4,610,0,36,97522544,16602472,29520368,3168,79114644,,25749016,22872916,22544700,26355912,,2417480,5790444,5860216,2534332,,5580588,9337092,9138600,5464088,,640,1980,240,308,,19823068,20124652,19585192,19581732
2203,1,827,176,4,611,0,36,97699312,16398916,29319016,3168,79358744,,25742444,22846552,22789988,26320328,,2431780,5807560,5604456,2555120,,5595224,9354220,8882984,5486588,,640,1980,240,308,,19823372,20124660,19827316,19583396
2206,1,828,176,4,612,0,36,97607232,16512472,29433548,3168,79359656,,25688328,22857312,22776208,26285384,,2482800,5789908,5632600,2607164,,5646884,9336580,8911140,5538944,,640,1980,240,308,,19823948,20124672,19827340,19583696
2209,0,829,176,4,613,0,36,96555488,17604504,30525572,3168,78482168,,25642616,22048396,22777944,26086532,,2518112,6641780,5624492,2820120,,5682204,10188076,8903044,5752248,,640,1980,240,308,,19823932,19411460,19827352,19419424
2212,0,830,176,4,614,0,36,96855248,17336848,30259008,3168,78967072,,25609404,22329140,22774112,26142592,,2567792,6354676,5638992,2775388,,5732228,9901000,8917748,5708032,,640,1980,240,308,,19824256,19736236,19827528,19579052
2214,1,831,174,4,615,0,38,96996140,17184076,30109216,3168,79056828,,25469420,22652048,22773292,26101380,,2717464,6016232,5631872,2818508,,5881044,9566044,8910696,5751432,,640,1980,240,308,,19580932,20063732,19827556,19584608
2217,1,832,176,3,616,0,37,97185092,17039304,29965724,3168,79363252,,25704932,22612188,22747872,26120100,,2479640,6078968,5668728,2811968,,5643384,9629240,8947548,5745552,,640,1980,240,308,,19825360,20125072,19827560,19585260
2220,0,833,176,3,617,0,37,97264728,16945484,29873968,3168,79364132,,25754196,22697332,22757456,26055744,,2411276,5996288,5660244,2877676,,5575436,9546848,8939104,5812580,,640,1980,240,308,,19825800,20125368,19827600,19585364
2222,1,834,177,3,618,0,36,97339460,16837128,29766980,3168,79365548,,25799880,22719784,22699604,26120192,,2356516,5960616,5716960,2803036,,5521008,9511532,8995928,5738512,,640,1980,240,308,,19826132,20125768,19827656,19585992
2225,1,835,177,3,619,0,36,97311540,16820388,29750032,3168,79131640,,25872488,22707404,22494176,26237472,,2282196,5962020,5908616,2667556,,5447336,9512964,9185924,5603808,,640,1980,240,308,,19826724,20125780,19592288,19586848
2228,0,836,176,3,620,0,37,97731236,16392720,29326836,3168,79368264,,25916100,22763516,22732728,26318892,,2227852,5906196,5673716,2584956,,5393428,9457296,8954620,5521492,,640,1980,240,308,,19827052,20125888,19828072,19587252
2230,1,837,178,3,621,0,35,97689692,16411340,29346816,3168,79369480,,25903420,22769152,22713276,26303844,,2244012,5891112,5684872,2591344,,5409980,9442808,8965812,5528216,,640,1980,240,308,,19827440,20126352,19828088,19587600
2233,1,838,178,3,622,0,35,97827260,16273040,29209236,3168,79369844,,25898184,22814064,22757884,26357128,,2242500,5853004,5637444,2540092,,5408752,9404776,8918484,5477224,,640,1980,240,308,,19827724,20126180,19828124,19587816
2236,1,839,178,3,623,0,35,97876684,16203560,29140632,3168,79370712,,25896756,22803172,22792436,26384320,,2238764,5855296,5619008,2490492,,5405184,9407112,8900356,5427980,,640,1980,240,308,,19827972,20126196,19828360,19588184
2239,0,840,178,3,624,0,35,97930856,16149836,29089340,3168,79371904,,25900512,22866124,22789824,26374396,,2235500,5789104,5621104,2504128,,5402420,9341256,8903744,5441920,,640,1980,240,308,,19828384,20126436,19828648,19588436
2241,1,841,178,3,625,0,35,97951892,16097508,29038120,3168,79372384,,25927320,22864244,22780504,26379824,,2206820,5781008,5607924,2501756,,5374012,9333196,8890952,5439960,,640,1980,240,308,,19828648,20126444,19828436,19588856
2244,1,842,178,3,626,0,35,97746308,16307952,29249836,3168,79209496,,25734312,22865696,22775704,26370596,,2403772,5773544,5608720,2521916,,5571740,9325764,8891784,5460548,,640,1980,240,308,,19665312,20126464,19828444,19589276
2247,1,843,178,3,627,0,35,97730596,16355292,29298480,3168,79314416,,25760680,22809056,22775772,26385088,,2382252,5841524,5629132,2502384,,5551024,9393720,8912208,5441528,,640,1980,240,308,,19769764,20126384,19828468,19589800
2250,1,844,178,3,628,0,35,97348708,16749200,29694776,3168,78893128,,25800536,22395460,22776036,26376676,,2356956,6258824,5627228,2506192,,5527500,9811372,8910316,5445588,,640,1980,240,308,,19802560,19672036,19828468,19590064
2253,0,845,179,3,629,0,34,97672364,16406464,29352516,3168,79287400,,25765268,22753432,22783848,26369816,,2391360,5879592,5616044,2519468,,5562060,9432144,8899216,5459096,,640,1980,240,308,,19813564,20055056,19828504,19590276
2255,1,846,179,3,630,0,34,97513432,16561916,29510704,3168,79100064,,25776228,22794460,22799656,26143088,,2389544,5834360,5597952,2740060,,5560568,9388644,8881328,5680164,,640,1980,240,308,,19830212,20118460,19828668,19322724
2258,1,847,179,3,631,0,34,97837004,16254924,29204368,3168,79343416,,25798292,22877932,22795200,26365580,,2365508,5761028,5619704,2508684,,5536552,9315660,8903100,5449056,,640,1980,240,308,,19830252,20127252,19828696,19557216
2261,0,848,179,3,632,0,34,97502432,17059936,30007652,3168,78668064,,25784088,22863540,22452508,26402296,,2397468,5770088,6431312,2461068,,5569144,9325000,9711760,5401748,,640,1980,240,308,,19830820,20127084,19118836,19591324
2263,1,849,178,3,633,0,35,97984152,16581468,29529208,3168,79161356,,25829404,22777044,23033636,26344068,,2325428,5869940,5834496,2551604,,5497696,9425016,9113960,5492536,,640,1980,240,308,,19831416,20127400,19611076,19591464
2266,0,850,178,3,634,0,35,98141060,16404816,29354860,3168,79370508,,25764568,22821976,23245952,26308564,,2380424,5831832,5598280,2594280,,5552860,9387240,8878596,5536164,,640,1980,240,308,,19831540,20127648,19818932,19592388
2269,0,851,179,3,635,0,34,98034784,16552712,29503868,3168,79381608,,25750716,22764584,23231460,26288024,,2430520,5887780,5634288,2600124,,5603472,9443188,8914708,5542500,,640,1980,240,308,,19832040,20127632,19829116,19592820
2271,1,852,179,3,636,0,34,97902008,16705316,29658288,3168,79381700,,25693508,22757332,23247204,26203964,,2507252,5890436,5624200,2683428,,5680208,9447452,8904644,5625984,,640,1980,240,308,,19832008,20127704,19829108,19592880
2274,1,853,179,3,637,0,34,97861944,16776352,29731252,3168,79382572,,25752224,22693800,23260484,26155436,,2443168,5962364,5605884,2764936,,5617660,9519452,8886356,5707784,,640,1980,240,308,,19832584,20127748,19829116,19593124
2277,0,854,179,3,638,0,34,97810916,16855732,29812256,3168,79383640,,25742308,22656332,23253828,26158448,,2440376,6027904,5616172,2771280,,5615580,9584928,8896984,5714764,,640,1980,240,308,,19833080,20127676,19829132,19593752
2279,1,855,179,3,639,0,34,97853384,16791416,29750816,3168,79386504,,25770380,22712876,23202348,26167780,,2410856,5961048,5675328,2744184,,5586320,9518312,8956144,5690040,,640,1980,240,308,,19833372,20127940,19829048,19596144
2282,1,856,179,3,640,0,34,98092108,16530196,29490960,3168,79388032,,25893868,22791616,23172060,26234564,,2264576,5860784,5712472,2692364,,5440492,9418204,8993460,5638804,,640,1980,240,308,,19833932,20128088,19829228,19596784
2285,1,857,178,3,641,0,35,98101684,16493132,29455968,3168,79237400,,25956100,22722520,23097040,26326024,,2197564,5943824,5768564,2583180,,5374156,9501664,9049716,5530432,,640,1980,240,308,,19834528,20128432,19676692,19597748
2288,1,858,179,3,642,0,34,98365220,16194744,29158020,3168,79366700,,25957772,22787728,23241408,26378312,,2191136,5865016,5623828,2514764,,5368064,9422736,8904996,5462224,,640,1980,240,308,,19834832,20128260,19805656,19597952
2291,1,859,179,3,643,0,34,98354000,16209804,29175644,3168,79391552,,25962448,22782144,23254516,26354892,,2181664,5867564,5612976,2547600,,5359028,9425280,8896016,5495320,,640,1980,240,308,,19835248,20128280,19829776,19598248
2294,0,860,180,3,644,0,33,98124940,16426836,29393596,3168,79025528,,25583428,22873096,23234164,26434252,,2576148,5771020,5622720,2456948,,5753292,9329344,8905764,5405196,,640,1980,240,308,,19468232,20128808,19829780,19598708
2296,1,861,180,3,645,0,33,98059920,16451472,29418148,3168,78804088,,25860208,22745980,23288048,26165684,,2286612,5887112,5580032,2697716,,5464056,9444192,8863300,5646600,,640,1980,240,308,,19717480,19945644,19829908,19311056
2299,1,862,180,3,646,0,33,98505564,15958888,28926488,3168,79309352,,25942092,22887608,23277300,26398564,,2202268,5729244,5572884,2454492,,5380180,9286380,8856300,5403628,,640,1980,240,308,,19804796,20118064,19829928,19556564
2302,0,863,181,3,647,0,32,98607532,15863372,28833844,3168,79386556,,25990020,22897140,23279048,26441324,,2156520,5725480,5577392,2403980,,5336476,9282632,8860828,5353908,,640,1980,240,308,,19830040,20128804,19829928,19597784
2304,1,864,181,3,648,0,32,98558800,15956608,28927948,3168,79396768,,25997688,22844608,23292808,26423696,,2145472,5805212,5568008,2437916,,5325892,9362368,8851616,5388072,,640,1980,240,308,,19837432,20128724,19830080,19600532
2307,0,865,181,3,649,0,32,98349388,16187520,29160484,3168,79269412,,25795836,22839416,23277108,26437028,,2360292,5815196,5586556,2425476,,5540920,9372368,8871012,5376184,,640,1980,240,308,,19709496,20128736,19830136,19601044
2309,1,866,181,3,650,0,32,98242416,16292180,29268188,3168,79279648,,25770820,22759704,23274960,26436932,,2387088,5899168,5583608,2422316,,5568012,9458244,8868844,5373088,,640,1980,240,308,,19719204,20129172,19830164,19601108
2312,1,867,182,3,651,0,31,98302172,16213008,29190160,3168,79285452,,25764160,22863676,23287536,26386800,,2379972,5773184,5577172,2482680,,5561052,9332756,8862428,5433924,,640,1980,240,308,,19724488,20129556,19830168,19601240
2315,0,868,182,3,652,0,31,98347504,15268868,29132024,3168,80189828,,25741824,22849692,23303036,26452952,,2407548,5777852,5559124,1524344,,5588808,9337436,8844412,5361368,,640,1980,240,308,,19744304,20129564,19830204,20485756
2317,1,869,182,3,653,0,31,98314056,13992488,29118728,3168,81456860,,25744024,22881640,23313700,26374692,,2392048,5755860,5549904,294676,,5573424,9315588,8835352,5394364,,640,1980,240,308,,19747912,20129684,19830244,21749020
2320,2,870,182,3,653,0,31,98283844,14050560,29180444,3168,81524572,,25806504,22856116,23226112,26395112,,2350040,5779340,5649116,272064,,5532076,9339088,8934604,5374676,,640,1980,240,308,,19812940,20129684,19830120,21751828
2324,0,871,182,3,655,0,31,97976024,16610752,29492572,3168,78999260,,25817548,22900896,22931500,26326080,,2354080,5734084,5945372,2577216,,5536644,9294064,9228864,5433000,,640,1980,240,308,,19839440,20129856,19520056,19509908
2327,0,872,181,3,656,0,32,98132384,16421456,29304252,3168,79268604,,25778628,22803016,23219728,26331012,,2362076,5842520,5644892,2571968,,5544992,9402672,8928428,5428160,,640,1980,240,308,,19839748,20129844,19788696,19510316
2329,1,873,181,3,657,0,32,97932744,16709180,29592668,3168,79311120,,25677164,22767024,23272368,26216188,,2482200,5894084,5605512,2727384,,5665424,9454236,8889304,5583704,,640,1980,240,308,,19840000,20129796,19831020,19510304
2332,1,874,181,3,658,0,32,97874352,16787896,29671736,3168,79311472,,25740676,22713044,23245816,26174816,,2452868,5944592,5633520,2756916,,5636288,9504644,8917308,5613496,,640,1980,240,308,,19840216,20129728,19831040,19510488
2335,0,875,181,3,659,0,32,97840156,16800364,29685628,3168,79312836,,25737800,22713208,23258228,26130920,,2441568,5933020,5618332,2807444,,5625728,9493084,8902136,5664680,,640,1980,240,308,,19840960,20129732,19831056,19511088
2337,1,876,181,3,660,0,32,97851056,16836664,29723636,3168,79313608,,25723436,22681720,23256332,26189568,,2463972,6001496,5606280,2764916,,5648268,9561704,8891124,5622540,,640,1980,240,308,,19841092,20129860,19831120,19511536
2340,1,877,181,3,661,0,32,97500632,17171456,30058816,3168,78963368,,25814576,22355704,23197608,26132744,,2362144,6306936,5691132,2811244,,5546872,9867088,8975936,5668920,,640,1980,240,308,,19841628,19779172,19831040,19511528
2343,1,878,180,3,662,0,33,97850916,16771632,29657684,3168,78928524,,25946184,22387080,23219572,26298080,,2196192,6272068,5671748,2631624,,5381464,9829412,8956724,5490084,,640,1980,240,308,,19842188,19742616,19831224,19512496
2346,1,879,179,3,663,0,34,98174104,16435528,29322392,3168,79152500,,25948204,22836280,23042844,26346776,,2183888,5812900,5845988,2592752,,5369492,9371016,9130132,5451752,,640,1980,240,308,,19842496,20130856,19666052,19513096
2349,0,880,179,3,664,0,34,98339324,16250580,29139192,3168,79318732,,25972180,22829096,23198092,26339956,,2163860,5817100,5684124,2585496,,5349716,9375236,8969648,5444592,,640,1980,240,308,,19842748,20130860,19831940,19513184
2351,1,881,180,3,665,0,33,98376008,16196224,29085636,3168,79319600,,25981612,22819844,23238088,26336464,,2150676,5832128,5634668,2578752,,5336904,9390272,8920260,5438200,,640,1980,240,308,,19843148,20130864,19832060,19513528
2354,1,882,180,3,666,0,33,97508272,16991220,29880992,3168,78302480,,25962208,22677092,23298072,25570900,,2159736,5957364,5565024,3309096,,5346196,9516304,8850820,6167672,,640,1980,240,308,,19843376,20031432,19832300,18595372
2357,1,883,175,3,667,0,38,98557412,15400696,28788652,3168,79787584,,26033904,22922260,23293892,26307356,,2096396,5172168,5566536,2565596,,5283104,9228500,8852348,5424700,,640,1980,240,308,,19843608,20626576,19832328,19485072
2360,2,884,174,3,668,0,39,98604688,11341208,28744660,3168,83594716,,25934496,22916172,23287496,26466524,,2199532,1168648,5580608,2392420,,5386412,9239356,8866444,5252448,,640,1980,240,308,,19614244,24631864,19832324,19516284
2365,1,885,174,3,668,0,39,98653672,15710444,28668284,3168,79290776,,26050692,22861348,23287284,26454348,,2068052,5654572,5574592,2413228,,5255516,9278552,8860448,5273768,,640,1980,240,308,,19747012,20194592,19832332,19516840
2368,0,886,174,3,670,0,39,98413548,16017216,28975592,3168,79221340,,25880532,22798496,23293060,26441460,,2262640,5744176,5588692,2421708,,5450184,9368180,8874572,5282656,,640,1980,240,308,,19677196,20194608,19832348,19517188
2370,1,887,174,3,671,0,39,98501784,15932708,28904404,3168,79234912,,25881132,22886308,23289732,26444612,,2265264,5659876,5585508,2422060,,5452924,9296996,8871404,5283080,,640,1980,240,308,,19677500,20207768,19832368,19517276
2373,1,888,174,3,672,0,39,98396140,16058744,29031068,3168,79235484,,25832296,22845828,23286144,26431872,,2334824,5694504,5587720,2441696,,5522776,9331584,8873764,5302944,,640,1980,240,308,,19677852,20207636,19832520,19517476
2376,0,889,174,3,673,0,39,97649148,16791700,29763420,3168,78463212,,25822800,22866696,22510888,26448764,,2351260,5673080,6358368,2408992,,5539544,9310432,9642500,5270944,,640,1980,240,308,,19678176,20207932,19058908,19518196
2378,1,890,172,3,674,0,41,98322004,16085752,29058076,3168,79097960,,25804988,22878944,23194580,26443492,,2348740,5666220,5668576,2402216,,5538564,9303352,8951900,5264260,,640,1980,240,308,,19687960,20207768,19683956,19518276
2381,1,891,173,3,675,0,40,98589284,15859952,28834532,3168,79358880,,25968828,22878616,23219456,26522384,,2191812,5657556,5656800,2353784,,5382312,9294708,8941240,5216272,,640,1980,240,308,,19800084,20207788,19832300,19518708
2384,0,892,173,3,676,0,40,98620748,15855996,28831408,3168,79406356,,26068940,22835128,23228160,26488520,,2098932,5728788,5643092,2385184,,5290116,9365976,8927684,5247632,,640,1980,240,308,,19847328,20207784,19832592,19518652
2386,1,893,173,3,677,0,40,98126744,16340332,29314768,3168,79076568,,25953600,22435376,23235540,26502228,,2214468,6127992,5637384,2360488,,5405856,9763572,8922000,5223340,,640,1980,240,308,,19847392,19877528,19832608,19519040
2389,1,894,173,3,678,0,40,97400144,17134324,30109040,3168,78710296,,25848132,22312256,23224780,26014976,,2322264,6246696,5656792,2908572,,5513984,9882264,8941416,5771376,,640,1980,240,308,,19847652,19774644,19832628,19255372
2392,1,895,173,3,679,0,40,97976700,16569424,29551772,3168,79253812,,25928916,22617452,23152608,26277724,,2243420,5935960,5746024,2644020,,5435464,9571416,9031564,5513328,,640,1980,240,308,,19848008,20080984,19804704,19520116
2395,0,896,179,3,680,0,34,97573284,16974976,29958584,3168,78929900,,25524972,22654772,23113944,26279596,,2646512,5905992,5795604,2626868,,5837980,9542632,9083416,5494556,,640,1980,240,308,,19454772,20124176,19832616,19518336
2397,1,897,181,3,681,0,32,98162404,16375980,29363304,3168,79277632,,25860288,22758724,23186572,26356820,,2324320,5795404,5707640,2548616,,5516260,9432804,8995692,5418548,,640,1980,240,308,,19715812,20208136,19832932,19520752
2400,1,898,181,3,682,0,32,98228548,16331288,29320172,3168,79350156,,26115860,22587244,23109680,26415764,,2037488,6003736,5786944,2503120,,5230884,9640764,9074964,5373560,,640,1980,240,308,,19850076,20145908,19832852,19521320
2403,1,899,181,3,683,0,32,98540876,15014252,28915132,3168,80321644,,26118920,22807980,23117788,26496188,,2003012,4825156,5780004,2406080,,5196808,9372988,9068056,5277280,,640,1980,240,308,,19850388,21116300,19832872,19522084
2406,0,900,181,3,684,0,32,98474800,11532544,29008720,3168,83887784,,26122972,22815284,23131100,26405444,,1997448,1252156,5786624,2496316,,5191576,9372664,9075296,5369184,,640,1980,240,308,,19850716,24680760,19833492,19522816
2409,3,901,181,3,684,0,32,98777804,11095608,28638472,3168,83953976,,26126964,22859884,23244444,26546512,,1989936,1134772,5647828,2323072,,5184832,9320492,8936216,5196932,,640,1980,240,308,,19851524,24745724,19833196,19523532
2414,1,902,181,3,686,0,32,98850784,15487148,28571812,3168,79505380,,26130172,22916352,23258392,26545868,,1991348,5544856,5629552,2321392,,5186360,9271716,8918428,5195308,,640,1980,240,308,,19851588,20296776,19833424,19523592
2417,1,903,181,3,687,0,32,98826520,15481132,28566492,3168,79506160,,26127772,22917492,23252036,26529220,,1984892,5533604,5619424,2343212,,5180292,9260552,8908204,5217444,,640,1980,240,308,,19851988,20296812,19833440,19523920
2420,0,904,181,3,688,0,32,98836124,15498260,28584560,3168,79507008,,26132556,22905972,23247852,26549744,,1986560,5543540,5640040,2328120,,5182352,9270556,8928836,5202816,,640,1980,240,308,,19852372,20296812,19833452,19524372
2423,0,905,181,3,689,0,32,98792488,15540400,28629172,3168,79507944,,26158772,22862212,23235164,26536340,,1965204,5591044,5652000,2332152,,5161176,9319624,8940800,5207572,,640,1980,240,308,,19852552,20296792,19833460,19525140
2426,0,906,181,3,690,0,32,97118120,17250404,30337564,3168,77836724,,25961276,22858148,22910156,25388540,,2185900,5597372,5986096,3481036,,5382308,9325956,9273732,6355568,,640,1980,240,308,,19715360,20296788,19505456,18319120
2429,0,907,177,3,691,0,36,98163700,16189668,29278972,3168,78911764,,25943908,22526808,23223580,26469404,,2205976,5942396,5651344,2389952,,5403948,9671332,8939012,5264680,,640,1980,240,308,,19756212,19975444,19790964,19389144
2431,1,908,178,3,692,0,35,98613488,15683528,28773316,3168,79368308,,25946504,22805124,23257352,26604508,,2210268,5663680,5615540,2194040,,5408368,9392620,8903268,5069060,,640,1980,240,308,,19761324,20247280,19833456,19526248
2434,1,909,177,3,693,0,36,98355144,15978852,29068252,3168,79161488,,25918556,22574464,23255148,26606976,,2229788,5897080,5614652,2237332,,5428216,9624804,8902544,5112688,,640,1980,240,308,,19767124,20034168,19833648,19526548
2437,0,910,178,3,694,0,35,98536404,15788672,28878780,3168,79273088,,25900504,22892312,23287672,26455916,,2238204,5570612,5588908,2390948,,5436816,9298056,8876836,5267072,,640,1980,240,308,,19775548,20296948,19833680,19366912
2439,1,911,178,3,695,0,35,98834036,15491592,28581996,3168,79512332,,26040100,22890384,23287600,26615952,,2123880,5555608,5595456,2216648,,5322948,9282972,8883352,5092724,,640,1980,240,308,,19854364,20296972,19833608,19527388
2442,1,912,179,3,696,0,34,98648960,15741408,28832996,3168,79488576,,26044628,22800176,23234640,26569516,,2109760,5676268,5671312,2284068,,5309456,9403568,8959464,5160508,,640,1980,240,308,,19855020,20272104,19833820,19527632
2445,0,913,179,3,697,0,34,98421004,15950412,29043304,3168,79417912,,25822676,22789384,23270420,26538524,,2346488,5688608,5629288,2286028,,5546464,9416476,8917284,5163080,,640,1980,240,308,,19759180,20296776,19833720,19528236
2448,0,914,179,3,698,0,34,98101416,16325908,29419672,3168,79320176,,25758184,22741596,23262432,26339204,,2423888,5723360,5624028,2554632,,5623924,9451908,8912044,5431796,,640,1980,240,308,,19763376,20296756,19833744,19426300
2450,1,915,181,3,699,0,32,98162376,15096808,29356388,3168,80676164,,25904076,22734364,23236112,26287824,,2262092,4570764,5657068,2606884,,5463060,9462904,8945108,5485316,,640,1980,240,308,,19856284,21457916,19833772,19528192
2453,1,916,181,3,700,0,32,98060264,14170196,29517340,3168,81761124,,25923432,22712976,23194128,26229728,,2258740,3511944,5703960,2695552,,5460136,9490776,8992008,5574420,,640,1980,240,308,,19856680,22542028,19833760,19528656
2456,2,917,181,3,700,0,32,98221332,16195312,29312860,3168,79536100,,26005976,22790968,23123392,26300996,,2168588,5646632,5779432,2600660,,5370664,9394236,9067392,5480568,,640,1980,240,308,,19857396,20315448,19833608,19529648
2460,1,918,181,3,702,0,32,98409684,16005552,29123848,3168,79536952,,26087280,22745856,23131668,26444880,,2071868,5720416,5772512,2440756,,5274392,9467988,9060476,5320992,,640,1980,240,308,,19857880,20315372,19833604,19530096
2463,1,919,181,3,703,0,32,97854844,16510728,29629020,3168,78833604,,26137836,22816748,22354972,26545288,,2007076,5648400,6543020,2312232,,5210292,9396108,9828944,5193676,,640,1980,240,308,,19858520,20315536,19128092,19531456
2467,0,920,180,3,704,0,33,98358168,15986708,29105784,3168,79206680,,26135136,22808648,22876520,26537864,,1994028,5646252,6033820,2312608,,5197572,9393976,9320072,5194164,,640,1980,240,308,,19858820,20315544,19500764,19531552
2469,1,921,179,3,705,0,34,98857472,15421720,28540868,3168,79541152,,26139376,22883584,23302264,26532248,,1984256,5568836,5557184,2311444,,5188204,9316780,8842780,5193104,,640,1980,240,308,,19859208,20315672,19834620,19531652
2472,1,922,179,3,706,0,34,98653136,15632704,28753532,3168,79296708,,26140752,22866700,23311672,26334012,,1977608,5563636,5558716,2532744,,5182040,9311812,8844328,5415352,,640,1980,240,308,,19859700,20315680,19834628,19286700
2475,1,923,179,3,707,0,34,98545444,15739560,28860956,3168,79183540,,26135136,22941900,23285056,26183352,,1978304,5499344,5587740,2674172,,5182776,9247680,8873360,5557140,,640,1980,240,308,,19859748,20315796,19834644,19173352
2478,1,924,179,3,708,0,34,98883732,15333796,28450660,3168,79448520,,26137024,22935036,23288140,26523532,,1972800,5485968,5570144,2304884,,5177500,9234340,8855796,5183024,,640,1980,240,308,,19860000,20315808,19834648,19438064
2481,1,925,179,3,709,0,34,98504568,15789340,28906692,3168,79133812,,25825280,22825372,23276724,26577192,,2314536,5621544,5601096,2252164,,5518984,9369940,8886764,5131004,,640,1980,240,308,,19504580,20260588,19834668,19533976
2484,0,926,178,3,710,0,35,98645464,15661864,28779892,3168,79256796,,25976028,22834200,23281820,26553416,,2155716,5607988,5588976,2309184,,5360508,9356364,8874656,5188364,,640,1980,240,308,,19674228,20260636,19834676,19487256
2486,1,927,177,3,711,0,36,98458932,15851184,28969296,3168,79106920,,25745404,22824016,23283048,26606464,,2386628,5629824,5587584,2247148,,5590904,9378208,8873268,5126916,,640,1980,240,308,,19476436,20260904,19834680,19534900
2489,0,928,177,3,712,0,36,98585140,15721120,28839924,3168,79324732,,25909636,22830548,23264984,26579972,,2225680,5623308,5609980,2262152,,5430284,9371732,8895928,5141980,,640,1980,240,308,,19693692,20261196,19834900,19534944
2492,0,929,177,3,713,0,36,98561324,15693824,28813040,3168,79357504,,25901176,22788460,23296440,26575248,,2216008,5661800,5562812,2253204,,5420748,9410224,8848660,5133408,,640,1980,240,308,,19726064,20261216,19834844,19535380
2494,1,930,178,3,714,0,35,98414680,15882576,29003120,3168,79331172,,25773324,22778920,23305160,26557276,,2378980,5687688,5541944,2273964,,5584764,9436164,8827836,5154356,,640,1980,240,308,,19644972,20315796,19834888,19535516
2497,0,931,178,3,715,0,35,98743960,15546296,28667836,3168,79400928,,25926064,22929492,23321764,26566640,,2233640,5515676,5537528,2259452,,5439772,9264332,8823460,5140272,,640,1980,240,308,,19714132,20315936,19834928,19535932
2499,1,932,178,3,716,0,35,98823368,15497368,28619516,3168,79549128,,26058728,22922700,23272604,26569336,,2091976,5523124,5630440,2251828,,5298660,9271840,8916252,5132764,,640,1980,240,308,,19862448,20315952,19834672,19536056
2502,1,933,178,3,717,0,35,98561056,15770708,28893780,3168,79321860,,26136396,22812116,23073388,26539156,,1988476,5647728,5825660,2308844,,5195984,9396304,9111284,5190208,,640,1980,240,308,,19863300,20315772,19606376,19536412
2505,0,934,180,3,718,0,33,98569324,15788364,28916932,3168,79551440,,25973300,22792156,23305808,26498060,,2191700,5646056,5580872,2369736,,5400908,9394612,8869788,5251624,,640,1980,240,308,,19863624,20315780,19835148,19536888
2507,1,935,180,3,719,0,33,98352452,16059176,29190260,3168,79553824,,25993032,22758228,23294752,26306440,,2170536,5699456,5586740,2602444,,5379932,9450036,8875700,5484592,,640,1980,240,308,,19863776,20317800,19835164,19537084
2510,1,936,180,3,720,0,33,98366544,16029984,29161780,3168,79554304,,26034000,22761012,23288236,26283296,,2124708,5720036,5582120,2603120,,5334620,9470548,8871224,5485388,,640,1980,240,308,,19864284,20317768,19835304,19536948
2513,0,937,180,3,721,0,33,98396868,16001308,29134108,3168,79555364,,26025776,22813860,23260212,26297020,,2135780,5655300,5614460,2595768,,5346096,9405840,8903600,5478572,,640,1980,240,308,,19864700,20317800,19835320,19537544
2515,1,938,180,3,722,0,33,97963316,16446124,29579744,3168,79235912,,26099264,22770732,23079336,26013984,,2054572,5698432,5813408,2879712,,5265360,9448956,9102324,5763104,,640,1980,240,308,,19865204,20317812,19753096,19299800
2518,1,939,180,3,723,0,33,98464400,15899388,29032572,3168,79475020,,26180944,22819368,23085264,26378824,,1948136,5636724,5800764,2513764,,5159268,9387356,9089692,5396256,,640,1980,240,308,,19865644,20317944,19753132,19538300
2521,0,940,179,3,724,0,34,98611624,15741188,28875860,3168,79476864,,26243296,22835564,23063048,26469716,,1878732,5635920,5823020,2403516,,5090324,9386636,9111960,5286940,,640,1980,240,308,,19866084,20318020,19753404,19539356
2523,1,941,179,3,725,0,34,98708132,15605204,28742216,3168,79478844,,26233952,22835528,23089224,26549428,,1873968,5629776,5804028,2297432,,5085828,9380516,9093008,5182864,,640,1980,240,308,,19866296,20318024,19753928,19540596
2526,1,942,179,3,726,0,34,98777592,15488616,28626480,3168,79479764,,26248636,22884220,23062632,26582104,,1851972,5561656,5807864,2267124,,5064144,9312532,9096884,5152920,,640,1980,240,308,,19866588,20318136,19754132,19540908
2529,0,943,179,3,727,0,34,98754028,15517856,28656400,3168,79419396,,26261608,22890024,23192668,26409728,,1835224,5569204,5686300,2427128,,5047720,9320160,8975512,5313008,,640,1980,240,308,,19866904,20318152,19806140,19428200
2531,1,944,180,3,728,0,33,98469892,15820436,28960144,3168,78990348,,25967364,22623412,23275192,26603924,,2159284,5818500,5583532,2259120,,5371896,9569648,8872996,5145604,,640,1980,240,308,,19582152,20031068,19835620,19541508
2534,1,945,179,3,729,0,34,99090284,15192072,28331156,3168,79562568,,26273148,22970468,23252624,26594044,,1841840,5465652,5622256,2262324,,5054648,9215852,8911772,5148884,,640,1980,240,308,,19867100,20318288,19835628,19541552
2537,0,946,179,3,730,0,34,99077276,15140240,28280148,3168,79563824,,26263424,22958128,23272216,26583508,,1834308,5459608,5572388,2273936,,5047364,9209820,8862092,5160872,,640,1980,240,308,,19867836,20318284,19835776,19541928
2539,1,947,179,3,731,0,34,98718896,15538628,28679384,3168,79226980,,26258720,22641484,23238092,26580600,,1836212,5807520,5623008,2271888,,5049744,9557776,8912752,5159112,,640,1980,240,308,,19868320,19980664,19835792,19542204
2542,1,948,179,3,732,0,34,98670992,15593528,28738896,3168,79277036,,25939560,22892300,23252204,26586928,,2190268,5539388,5608836,2255036,,5403620,9293680,8898584,5143012,,640,1980,240,308,,19575892,20322364,19835808,19542972
2545,1,949,179,3,733,0,34,98737744,15569844,28716108,3168,79385160,,26039232,22882324,23255412,26560776,,2086488,5567916,5612672,2302768,,5300424,9322224,8902428,5191032,,640,1980,240,308,,19683680,20322388,19835808,19543284
2548,0,950,179,3,734,0,34,98332000,16010532,29158364,3168,79144084,,25982228,22884100,22938864,26526808,,2164612,5556516,5941724,2347680,,5379756,9310856,9231552,5236200,,640,1980,240,308,,19700068,20322424,19578156,19543436
2550,1,951,180,3,735,0,33,98360992,15944124,29092660,3168,79150212,,25986252,22880096,22944876,26549768,,2152212,5568772,5923712,2299428,,5367520,9323136,9213560,5188444,,640,1980,240,308,,19705356,20322440,19578468,19543948
2553,0,952,180,3,736,0,33,98370584,15928864,29082564,3168,79172108,,25958392,22872112,22965204,26574876,,2183624,5576196,5906856,2262188,,5399536,9330552,9196736,5155740,,640,1980,240,308,,19722400,20322380,19578824,19548504
2555,1,953,180,3,737,0,33,98553184,15745264,28900256,3168,79320640,,26126764,22899536,22972416,26554468,,2030844,5560180,5888960,2265280,,5247276,9314888,9178888,5159204,,640,1980,240,308,,19870044,20322712,19579024,19548860
2558,1,954,180,3,738,0,33,98564244,15691044,28846080,3168,79321272,,26124696,22898572,22973476,26567500,,2001668,5543512,5891432,2254432,,5218296,9297996,9181368,5148420,,640,1980,240,308,,19870232,20322520,19579608,19548912
2561,1,955,180,3,739,0,33,98745008,15533208,28689480,3168,79517572,,26117556,22842000,23229184,26556268,,2021076,5613416,5647920,2250796,,5238668,9367876,8937844,5145092,,640,1980,240,308,,19871224,20322444,19774660,19549244
2564,0,956,180,3,740,0,33,98303472,16049768,29207088,3168,79182160,,26024028,22829832,23278052,26171560,,2141084,5631212,5595040,2682432,,5359196,9385636,8884992,5577264,,640,1980,240,308,,19871608,20322356,19835996,19152200
2566,1,957,179,3,741,0,34,98474920,15851368,29009120,3168,79524412,,26029332,22769496,23279604,26396488,,2112928,5698412,5584112,2455916,,5331244,9452780,8874072,5351024,,640,1980,240,308,,19871868,20322276,19835996,19494272
2569,1,958,179,3,742,0,34,98373916,16003240,29161984,3168,79566296,,26007256,22756712,23278992,26330956,,2142548,5700652,5600300,2559740,,5361396,9455032,8890396,5455160,,640,1980,240,308,,19872364,20322288,19836140,19535504
2572,0,959,180,3,743,0,33,98413876,15993420,29153744,3168,79573340,,26035364,22772900,23293776,26311836,,2114648,5696548,5590872,2591352,,5333844,9451920,8880992,5486988,,640,1980,240,308,,19872692,20323316,19836164,19541168
2574,1,960,179,3,744,0,34,98237496,16179792,29341632,3168,79379412,,26018200,22766776,23199272,26253248,,2129112,5694464,5712120,2644096,,5348796,9450376,9002128,5540332,,640,1980,240,308,,19873236,20253984,19808460,19443732
2577,1,961,179,3,745,0,34,98546516,14273440,28946888,3168,81094052,,26149696,22788196,23143032,26465592,,1983944,5661488,5753996,874012,,5204216,9417492,9043980,5281200,,640,1980,240,308,,19873852,20325420,19835980,21058800
2580,0,962,179,3,746,0,34,98677964,13528964,28756288,3168,81640616,,26196124,22846160,23147620,26488060,,1937292,5520092,5739764,331816,,5158172,9370240,9029764,5198112,,640,1980,240,308,,19874436,20419368,19836004,21510808
2583,1,963,179,3,747,0,34,98659172,11816408,28705396,3168,83300888,,26245156,22858264,23161648,26394104,,1875188,3329308,5747612,864300,,5096144,9345204,9037760,5226288,,640,1980,240,308,,19874476,22580296,19836172,21009944
2586,1,964,179,3,748,0,34,98527248,13723904,28809408,3168,81196448,,26226740,22659224,23262500,26378784,,1877028,3512508,5644836,2689532,,5098336,9550368,8935040,5225664,,640,1980,240,308,,19874784,22297080,19836232,19188352
2589,1,965,178,3,749,0,35,98526152,15981084,28820272,3168,78977100,,25980696,22923160,23239684,26382612,,2132748,5487036,5670128,2691172,,5353284,9279040,8960552,5227396,,640,1980,240,308,,19591004,20361184,19836464,19188448
2592,0,966,178,3,750,0,35,98387452,15620680,28460828,3168,79200900,,26188584,22984392,23306092,25908384,,1916424,5417040,5585876,2701340,,5137640,9209176,8876496,5237516,,640,1980,240,308,,19814532,20361296,19836592,19188480
2594,1,967,178,3,751,0,35,98349900,15627540,28467960,3168,79223908,,26211780,22975336,23282036,25880748,,1876164,5420708,5610188,2720480,,5097448,9212880,8900876,5256756,,640,1980,240,308,,19837360,20361308,19836616,19188624
2597,1,968,178,3,752,0,35,98314540,15693844,28535668,3168,79225520,,26215396,22967084,23292868,25839192,,1883848,5426072,5599412,2784512,,5105404,9218268,8890108,5321888,,640,1980,240,308,,19837884,20361324,19836616,19189696
2600,0,969,178,3,753,0,35,98174572,15847976,28690272,3168,79089192,,26030352,22914588,23294020,25935612,,2089828,5490540,5590292,2677316,,5311536,9282740,8881024,5214972,,640,1980,240,308,,19701208,20361312,19836632,19190040
2603,0,970,178,3,754,0,35,98090684,15906928,28750648,3168,79090968,,26029932,22887160,23282076,25891516,,2082780,5522672,5602336,2699140,,5305272,9314888,8893080,5237408,,640,1980,240,308,,19702440,20361260,19836640,19190628
2605,1,971,178,3,755,0,35,97743008,16277112,29125772,3168,78770668,,26031052,22894984,22910920,25906052,,2079072,5518148,5981076,2698816,,5305844,9310376,9271924,5237628,,640,1980,240,308,,19706772,20361264,19511464,19191168
2608,1,972,178,3,756,0,35,97560480,16477576,29326456,3168,78693116,,25967748,22899324,22902212,25791196,,2158312,5509056,5993492,2816716,,5385152,9301332,9284348,5355624,,640,1980,240,308,,19706680,20361316,19511536,19113584
2611,0,973,178,3,757,0,35,97128708,16944620,29791916,3168,78284540,,25916728,22503052,22898856,25810072,,2211888,5922492,6016792,2793448,,5438916,9713512,9307644,5331844,,640,1980,240,308,,19709068,19991408,19511532,19072532
2613,1,974,177,3,758,0,36,97589592,16461428,29309968,3168,78647532,,25994872,22812916,22895760,25886044,,2137212,5609272,6006032,2708912,,5364456,9400620,9296928,5247964,,640,1980,240,308,,19714436,20263544,19511996,19157556
2616,0,975,177,3,759,0,36,97870452,16174536,29024128,3168,78934776,,26162084,22911124,22909708,25887536,,1962328,5508552,5981988,2721668,,5190276,9300092,9272916,5260844,,640,1980,240,308,,19882300,20361080,19512132,19179264
2619,0,976,177,3,760,0,36,97838576,14425236,29053768,3168,80721520,,26124564,22911432,22901604,25900976,,2005880,3726492,5992364,2700500,,5234056,9296612,9283304,5239796,,640,1980,240,308,,19882536,22135968,19512380,19190636
2621,2,977,177,3,760,0,36,97958552,13782424,28916424,3168,81421912,,26079896,22913264,23201464,25763928,,2050620,3209868,5677756,2844180,,5279536,9284200,8968800,5383888,,640,1980,240,308,,19883276,22638936,19740440,19159260
2625,1,978,177,3,762,0,36,97927768,16070868,28976272,3168,79321248,,26074204,22859160,23295600,25698804,,2052616,5514560,5576464,2927228,,5282008,9359468,8867528,5467268,,640,1980,240,308,,19883704,20412732,19831456,19193356
2628,0,979,178,3,763,0,35,97757340,15145736,29184412,3168,80457540,,26028668,22843736,23263444,25621492,,2091228,4386584,5633412,3034512,,5321044,9363748,8924884,5574736,,640,1980,240,308,,19884048,21542764,19837288,19193440
2631,0,980,178,3,764,0,35,97786244,13979908,29143380,3168,81579856,,26012456,22809244,23303328,25661216,,2119812,3315104,5569272,2975720,,5349900,9416812,8860524,5516144,,640,1980,240,308,,19884316,22664716,19837100,19193724
2633,1,981,178,3,765,0,35,97819188,16145324,29078836,3168,79346012,,25984232,22839992,23252516,25742448,,2128840,5501748,5625836,2888900,,5359480,9372176,8917184,5429996,,640,1980,240,308,,19876396,20438020,19837144,19194452
2637,0,982,177,3,766,0,36,97641696,16381788,29316804,3168,79202136,,25940184,22786880,23162432,25752200,,2190228,5575160,5725996,2890404,,5421916,9445560,9017312,5432016,,640,1980,240,308,,19732168,20437932,19837060,19194976
2639,1,983,178,3,767,0,35,98157280,15780980,28717508,3168,79357620,,26269676,22796776,23169532,25921296,,1849772,5551044,5704360,2675804,,5082520,9421476,8995688,5217824,,640,1980,240,308,,19887096,20437956,19837076,19195492
2642,1,984,178,3,768,0,35,97842464,16099384,29035280,3168,79009148,,26262240,22526816,23172664,25880744,,1845280,5822948,5712664,2718492,,5078080,9692276,9004004,5260920,,640,1980,240,308,,19887136,20089036,19837088,19195888
2645,0,985,177,3,769,0,36,98297384,15624784,28562244,3168,79359800,,26247380,22922000,23249096,25878908,,1849668,5412208,5639684,2723224,,5082724,9281604,8931248,5266668,,640,1980,240,308,,19887376,20438240,19837352,19196832
2648,0,986,177,3,770,0,36,98339712,15587272,28525124,3168,79360148,,26252388,22943164,23232912,25911248,,1844328,5388928,5657080,2696936,,5077508,9258464,8948680,5240472,,640,1980,240,308,,19887496,20438356,19837388,19196908
2651,0,987,177,3,771,0,36,98448032,15456388,28395284,3168,79361200,,26238732,22992204,23301996,25915100,,1861940,5324840,5581996,2687612,,5095716,9194452,8873716,5231400,,640,1980,240,308,,19888096,20438388,19837516,19197200
2653,1,988,177,3,772,0,36,98454232,15457608,28397560,3168,79361780,,26242668,22982120,23302224,25927220,,1855404,5353316,5581632,2667256,,5089492,9223248,8873476,5211344,,640,1980,240,308,,19888372,20438404,19837540,19197464
2656,1,989,177,3,773,0,36,98177380,15733080,28672896,3168,79078644,,26225092,22981824,23293452,25677012,,1866832,5356528,5593152,2916568,,5101196,9226304,8884996,5460400,,640,1980,240,308,,19888640,20438412,19837556,18914036
2659,1,990,177,3,774,0,36,98228160,15704232,28644924,3168,79233232,,26112716,22949196,23288980,25877268,,1994172,5386980,5608912,2714168,,5228796,9256908,8900904,5258316,,640,1980,240,308,,19811872,20438416,19837704,19145240
2662,1,991,177,3,775,0,36,98292040,15609060,28550752,3168,79320212,,26181340,22910540,23282816,25917344,,1920808,5422272,5605732,2660248,,5156012,9292028,8897732,5204980,,640,1980,240,308,,19856116,20438340,19837700,19188056
2665,0,992,177,3,776,0,36,98322120,15588196,28530880,3168,79331988,,26174424,22925264,23284548,25937884,,1943368,5415740,5594852,2634236,,5178948,9285524,8886876,5179532,,640,1980,240,308,,19856624,20438344,19837712,19199308
2667,1,993,178,3,777,0,35,97701624,16205164,29147944,3168,78912388,,26111576,22900236,22907144,25782668,,2006796,5412968,5985636,2799764,,5242392,9282644,9277632,5345276,,640,1980,240,308,,19856656,20438404,19516084,19101244
2670,0,994,178,3,778,0,35,97794228,16130460,29073524,3168,79016380,,26071780,22851348,22914244,25956856,,2051692,5480628,5976844,2621296,,5287480,9350316,9268848,5166880,,640,1980,240,308,,19871168,20427028,19518352,19199832
2672,1,995,178,3,779,0,35,97923568,16010360,28954404,3168,79056832,,26154824,22902092,22938704,25927948,,1972728,5425524,5956992,2655116,,5208844,9295260,9249036,5201264,,640,1980,240,308,,19890264,20438384,19527788,19200396
2675,1,996,178,3,780,0,35,98100168,14914324,28761104,3168,80071900,,26149508,22965440,23062036,25923184,,1060040,5347712,5837228,2669344,,5198252,9217540,9129512,5215800,,640,1980,240,308,,20790772,20438512,19641920,19200696
2678,2,997,178,3,780,0,35,97854468,14391068,29054084,3168,80960524,,26116336,22620276,23309852,25808004,,267884,5764680,5570592,2787912,,5221692,9634692,8862948,5334752,,640,1980,240,308,,21633792,20287704,19838048,19200980
2682,1,998,178,3,782,0,35,98034020,16385048,28820928,3168,78804100,,25995584,22919784,23300308,25818344,,2618388,5415748,5575168,2775744,,5343448,9287084,8867544,5322852,,640,1980,240,308,,19326192,20438592,19838056,19201260
2685,1,999,178,3,783,0,35,97783160,16651232,29087800,3168,78888168,,25927400,22901360,23300752,25653648,,2669796,5423188,5571072,2987176,,5394940,9294564,8863460,5534836,,640,1980,240,308,,19409828,20438604,19838072,19201664
2688,0,1000,178,3,784,0,35,97556252,16934924,29371972,3168,78747072,,25924916,22674328,23300480,25656528,,2673276,5700948,5582688,2978012,,5398728,9572224,8875084,5525936,,640,1980,240,308,,19410144,20296952,19838076,19201900
2690,1,1001,179,3,785,0,34,97647660,16854732,29292336,3168,78888976,,25952004,22862076,23255892,25577688,,2654380,5488488,5638560,3073304,,5380068,9359812,8931052,5621404,,640,1980,240,308,,19410348,20438556,19838140,19201932
2693,1,1002,179,3,786,0,34,97791968,16679904,29118676,3168,78890228,,25981220,22838132,23219772,25752844,,2620168,5507580,5668644,2883512,,5346012,9379084,8961152,5432428,,640,1980,240,308,,19410508,20438632,19838148,19202940
2696,1,1003,179,3,787,0,34,97954884,16518360,28958368,3168,78891696,,26088652,22866188,23161704,25838340,,2506028,5487548,5742364,2782420,,5232616,9358988,9034836,5331928,,640,1980,240,308,,19411368,20438624,19838064,19203640
2699,0,1004,179,3,788,0,34,98109740,16379100,28819984,3168,78892600,,26177400,22864004,23175564,25892772,,2437804,5494932,5722628,2723736,,5164928,9366408,9015112,5273536,,640,1980,240,308,,19411956,20438656,19838072,19203916
2702,0,1005,179,3,789,0,34,98259792,16179612,28621696,3168,78893828,,26199492,22944308,23159716,25956276,,2388088,5402224,5746812,2642488,,5115600,9273888,9039296,5192912,,640,1980,240,308,,19412400,20438796,19838072,19204560
2704,1,1006,179,3,790,0,34,98302384,16104280,28547584,3168,78894996,,26190000,22945480,23221648,25945256,,2394404,5389680,5681060,2639136,,5122104,9261464,8973720,5190296,,640,1980,240,308,,19412584,20438816,19838348,19205248
2707,1,1007,179,3,791,0,34,98295784,16110400,28554332,3168,78895616,,26177076,22934612,23238308,25945788,,2410972,5383888,5669404,2646136,,5138980,9255656,8962144,5197552,,640,1980,240,308,,19412900,20438828,19838400,19205488
2710,1,1008,179,3,792,0,34,98382016,16015248,28460036,3168,78896404,,26196144,23001108,23236316,25948448,,2389072,5326068,5657948,2642160,,5117436,9198028,8950708,5193864,,640,1980,240,308,,19413248,20438944,19838408,19205804
2713,1,1009,178,3,793,0,35,98339524,16049900,28495500,3168,78808136,,26185888,23010760,23312388,25830488,,2400980,5310244,5565508,2773168,,5129820,9182372,8858312,5324996,,640,1980,240,308,,19413724,20438988,19838540,19116884
2716,0,1010,178,3,794,0,35,97810744,14131532,28551184,3168,80639784,,25991132,22990340,22860176,25969096,,2603232,3434896,5548764,2544640,,5331180,9201844,8842188,5175972,,640,1980,240,308,,19185864,22329480,19839120,19285320
2718,2,1011,178,3,794,0,35,97858572,13751724,28502752,3168,81178464,,26131708,22946820,22849348,25930696,,2442156,5332188,5559728,417652,,5170392,9251108,8853248,5228004,,640,1980,240,308,,19394452,20485452,19839248,21459312
2723,2,1012,178,3,795,0,35,97544720,16339160,28859748,3168,78772908,,26135896,22681524,22794656,25932644,,2446232,5632352,5620060,2640516,,5175356,9551292,8913680,5219420,,640,1980,240,308,,19410632,20290356,19839284,19232636
2727,1,1013,178,3,797,0,35,97650032,16215960,28737272,3168,78849992,,25950724,22960756,22794988,25943564,,2632368,5333112,5639920,2610560,,5361528,9252168,8933552,5190024,,640,1980,240,308,,19291844,20485580,19839304,19233264
2730,0,1014,178,3,798,0,35,97658784,14889584,28743828,3168,80185324,,25933356,22992292,22795648,25937488,,2680504,3955488,5632320,2621272,,5409792,9207120,8926088,5200828,,640,1980,240,308,,19296992,21815560,19839436,19233336
2733,3,1015,177,3,798,0,36,97659500,11083884,28699424,3160,83873852,,26083224,22834716,22813644,25927916,,2518724,327724,5612516,2624920,,5248676,9339024,8906352,5205372,,640,1972,240,308,,19415996,25384124,19839500,19234232
2739,1,1016,177,3,799,0,36,97645008,12672352,28659060,2924,82428972,,26129824,22836428,22858228,25820528,,2475704,1880296,5556444,2759908,,5206360,9261328,8850520,5340852,,640,1736,240,308,,19416724,23937896,19839660,19234692
2743,2,1017,177,3,800,0,36,97504800,12604368,28814648,2924,82652220,,26025696,22857556,22855784,25765764,,2597756,1625084,5547232,2834296,,5329180,9228692,8841316,5415460,,640,1736,240,308,,19417412,24160316,19839672,19234820
2747,1,1018,177,3,802,0,36,96792000,17797952,29530892,2924,77567524,,25978744,22856812,22499556,25456888,,2636140,6111952,5910144,3139716,,5367804,9239324,9202484,5721280,,640,1736,240,308,,19417560,19692316,19480120,18977528
2750,0,1019,177,3,803,0,36,97330328,17264812,28998908,2924,78083748,,25968080,22857640,22732836,25771772,,2659168,6092788,5689980,2822876,,5391180,9220296,8982472,5404960,,640,1736,240,308,,19417912,19692316,19737712,19235808
2753,0,1020,177,3,804,0,36,97487040,17047760,28783152,2924,78165012,,26051292,22839764,22785796,25810188,,2552180,6106672,5624572,2764336,,5284704,9234252,8917120,5347076,,640,1736,240,308,,19418500,19692320,19817676,19236516
2755,1,1021,177,3,805,0,36,97008480,17068212,28805544,2924,78178928,,26053208,22785332,22785204,25384736,,2545092,6157528,5645408,2720184,,5278108,9284644,8939424,5303368,,640,1736,240,308,,19419000,19692232,19830564,19237132
2758,1,1022,178,3,806,0,35,96796948,17269928,29009064,2924,77857436,,26182740,22750624,22366616,25496968,,2415104,6204632,6081560,2568632,,5148816,9332452,9375548,5152248,,640,1736,240,308,,19419724,19692500,19507672,19237540
2761,1,1023,179,2,807,0,35,96908316,17141748,28880816,2924,77860008,,26212796,22850764,22346484,25498272,,2364748,6082256,6113656,2581088,,5098588,9209652,9407656,5164920,,640,1736,240,308,,19419960,19692460,19509844,19237744
2764,0,1024,179,2,808,0,35,97149668,16869224,28609244,2924,78097212,,26198112,22787596,22664144,25499816,,2384372,6150908,5760616,2573328,,5118276,9278336,9054736,5157896,,640,1736,240,308,,19420024,19692420,19746300,19238468
2766,1,1025,179,2,809,0,35,97308192,16702424,28443424,2924,78191760,,26194612,22852508,22771428,25489644,,2374324,6081956,5660064,2586080,,5108740,9209444,8954300,5170940,,640,1736,240,308,,19420536,19692500,19840024,19238700
2769,1,1026,178,2,810,0,36,97104252,16879300,28620340,2924,77915488,,25956480,22904676,22751388,25491708,,2603408,6017772,5677776,2580344,,5337556,9145444,8972028,5165312,,640,1736,240,308,,19144024,19692628,19840028,19238808
2772,0,1027,178,2,811,0,36,97218136,17251688,28992908,2924,77698460,,26123148,22640248,22859924,25594816,,2435968,6313588,5562532,2939600,,5170716,9440892,8857252,5524048,,640,1736,240,308,,19342560,19668488,19840420,18846992
2775,0,1028,177,2,812,0,37,97365320,17071588,28813428,2924,77633264,,26160648,22890208,22856300,25458164,,2402064,6026856,5564516,3078152,,5137044,9154388,8859480,5662516,,640,1736,240,308,,19369884,19692704,19840416,18730260
2777,1,1029,177,2,813,0,37,97513080,16929620,28671816,2924,77848628,,26003772,22842868,22856064,25810376,,2581696,6088660,5554020,2705244,,5316972,9216088,8848844,5289912,,640,1736,240,308,,19262096,19692628,19840436,19053468
2780,0,1030,178,2,814,0,36,97152720,17314812,29058156,2924,77640812,,25997628,22466656,22832400,25856036,,2577132,6496216,5576036,2665428,,5312772,9623148,8870916,5251320,,640,1736,240,308,,19267724,19394684,19840452,19137952
2782,1,1031,179,2,815,0,35,97310872,17125424,28869116,2924,77723176,,26026280,22719448,22846044,25719100,,2543068,6223192,5562172,2796992,,5279332,9349872,8857088,5382824,,640,1736,240,308,,19276676,19609284,19840472,18996744
2785,1,1032,179,2,816,0,35,97350352,17131840,28876840,2924,77981472,,25968312,22792964,22800508,25788568,,2622480,6146612,5615292,2747456,,5359076,9273308,8910304,5334152,,640,1736,240,308,,19281180,19692804,19840504,19166984
2788,0,1033,179,2,817,0,35,97159884,17291604,29038856,2924,77742616,,25949052,22469492,22781724,25959616,,2636432,6462460,5631372,2561340,,5373096,9589160,8926364,5150236,,640,1736,240,308,,19281224,19378148,19840508,19242736
2790,1,1034,177,2,818,0,37,97736108,16687836,28433816,2924,78200176,,26098908,22904724,22782104,25950372,,2499104,6001048,5616896,2570788,,5236476,9125484,8911896,5159960,,640,1736,240,308,,19423688,19692956,19840520,19243012
2793,1,1035,177,2,819,0,37,97609760,16861376,28607964,2924,78200260,,26083824,22803608,22781096,25941232,,2499112,6147096,5631044,2584124,,5236536,9271844,8926072,5173512,,640,1736,240,308,,19423740,19692748,19840548,19243224
2796,0,1036,177,2,820,0,37,97421780,17063716,28812044,2924,77977568,,26124932,22795324,22602140,25899384,,2464576,6158436,5822992,2617712,,5202288,9285320,9116928,5207508,,640,1736,240,308,,19424040,19694892,19615060,19243576
2798,1,1037,176,2,821,0,38,97554656,16932644,28682892,2924,78189876,,26104264,22799308,22816164,25834920,,2498044,6142224,5605592,2686784,,5236280,9269112,8900884,5276616,,640,1736,240,308,,19424556,19694888,19826872,19243560
2801,1,1038,177,2,822,0,37,97558796,16941176,28692720,2924,78205092,,26098508,22804012,22847332,25808944,,2491640,6135412,5573716,2740408,,5230592,9262312,8869188,5330628,,640,1736,240,308,,19425352,19694904,19840924,19243912
2804,0,1039,177,2,823,0,37,97338872,17216832,28982040,2924,78218508,,26055748,22744252,22842884,25695988,,2560200,6216668,5575760,2864204,,5299604,9343552,8871264,5467620,,640,1736,240,308,,19425716,19694848,19840940,19257004
2807,0,1040,177,2,824,0,37,97359448,17188520,28954876,2924,78219640,,26004428,22821620,22856208,25677192,,2601144,6131628,5566364,2889384,,5340768,9258528,8861908,5493672,,640,1736,240,308,,19425904,19694936,19840952,19257848
2809,1,1041,177,2,825,0,37,97328780,17239020,29005644,2924,78219812,,25996704,22791048,22853944,25687084,,2609620,6161420,5573508,2894472,,5349572,9288336,8869068,5498668,,640,1736,240,308,,19426216,19694956,19840960,19257680
2812,1,1042,177,2,826,0,37,97412776,17132664,28899672,2924,78220276,,26041152,22802968,22805832,25762824,,2568540,6154180,5614824,2795120,,5308668,9281096,8910400,5399508,,640,1736,240,308,,19426396,19694976,19840976,19257928
2815,1,1043,177,2,827,0,37,97503460,17057116,28826832,2924,78223004,,26100604,22759688,22812100,25831068,,2500196,6202112,5624316,2730492,,5242100,9329028,8919900,5335804,,640,1736,240,308,,19428212,19694896,19840988,19258908
2818,0,1044,177,2,828,0,37,97460284,17059940,28830136,2924,78223580,,26223688,22575900,22725068,25935628,,2350792,6388036,5705240,2615872,,5092652,9514940,9001228,5221316,,640,1736,240,308,,19428356,19694804,19841316,19259104
2821,0,1045,177,2,829,0,37,97666136,16832428,28603452,2924,78224572,,26217060,22826820,22698428,25923828,,2361548,6112280,5735292,2623308,,5103720,9239328,9031464,5228940,,640,1736,240,308,,19428652,19695140,19841496,19259284
2824,0,1046,177,2,830,0,37,97305168,17211972,28983932,2924,77882500,,25830040,22820660,22719496,25934972,,2752948,6135600,5714456,2608968,,5495452,9262660,9010732,5215088,,640,1736,240,308,,19085976,19695156,19841596,19259772
2826,1,1047,178,2,831,0,36,96890764,17614236,29383904,2924,77364704,,26166348,22409148,22747940,25567328,,2406360,6533760,5692948,2981168,,5149552,9658460,8989440,5586452,,640,1736,240,308,,19341880,19234940,19841852,18946032
2829,1,1048,177,2,832,0,37,97774572,16679776,28455100,2924,78162772,,26234124,22924724,22740184,25875540,,2327300,6003512,5693056,2655908,,5071144,9133016,8989584,5261356,,640,1736,240,308,,19430188,19699456,19841852,19191276
2832,0,1049,178,2,833,0,36,97886584,16596796,28374572,2924,78175308,,26229552,22869040,22858500,25929492,,2338184,6069220,5565712,2623680,,5082496,9198696,8863156,5230224,,640,1736,240,308,,19430816,19699380,19842820,19202292
2835,0,1050,177,2,834,0,37,97090836,15938324,29162280,2924,78840728,,26068304,22292492,22743252,25986788,,2505492,6661744,5676600,1094488,,5249968,9791244,8974112,5146956,,640,1736,240,308,,19335084,19097404,19705568,20702672
2837,1,1051,179,2,835,0,35,97939508,14424604,28467260,2924,80359320,,26099312,22874940,22833536,26131720,,2470912,6068880,5569204,315608,,5215620,9198388,8866892,5186360,,640,1736,240,308,,19349700,19699104,19794676,21515840
2840,1,1052,179,2,835,0,35,97831236,14340516,28428804,2924,80446176,,26126392,22862796,22846572,25995476,,2447072,6067700,5543728,282016,,5192388,9197220,8841456,5197740,,640,1736,240,308,,19376268,19699436,19810664,21559808
2843,1,1053,179,2,837,0,35,97548300,14329376,28487932,2924,80538732,,26110016,22868472,22865336,25704476,,2464496,6071592,5536036,257252,,5210188,9201128,8833784,5242832,,640,1736,240,308,,19385792,19699452,19824252,21629236
2846,2,1054,179,2,837,0,35,97477220,14441852,28505980,2924,80477076,,26087884,22932864,22798284,25658188,,2497076,6006052,5599140,339584,,5243016,9135676,8896844,5230444,,640,1736,240,308,,19412724,19699580,19830328,21534444
2850,1,1055,178,2,839,0,36,97295064,17457428,28619848,2924,77464688,,26115432,22781792,22807220,25590620,,2470368,6133724,5599032,3254304,,5216944,9263036,8896820,5243048,,640,1736,240,308,,19433048,19554164,19835596,18641880
2853,0,1056,179,2,840,0,35,97291980,17456908,28621936,2924,77618464,,26101396,22806960,22816128,25567496,,2482980,6123860,5581816,3268252,,5229612,9253056,8881432,5257836,,640,1736,240,308,,19433112,19699408,19843204,18642740
2856,0,1057,180,2,841,0,34,97332340,17421892,28589248,2924,77620764,,26163640,22799656,22828076,25540968,,2405216,6157152,5581060,3278464,,5152376,9286364,8880756,5269752,,640,1736,240,308,,19433684,19699420,19843232,18644428
2858,1,1058,180,2,842,0,34,97246872,17525356,28692840,2924,77620756,,26105484,22814008,22831640,25495740,,2476824,6124896,5581076,3342560,,5224008,9254112,8880816,5333904,,640,1736,240,308,,19433656,19699436,19843244,18644420
2861,1,1059,180,2,843,0,34,97022720,17819552,28988060,2924,77621628,,25959500,22797760,22882416,25383044,,2652984,6153780,5557108,3455680,,5400708,9283008,8857068,5447276,,640,1736,240,308,,19434184,19699448,19843408,18644588
2864,1,1060,180,2,844,0,34,96694200,18168568,29338092,2924,77283004,,26000508,22807760,22894276,24991656,,2612656,6144416,5535696,3875800,,5360932,9273660,8835888,5867612,,640,1736,240,308,,19434568,19699468,19843412,18305556
2867,1,1061,180,2,845,0,34,96963552,17876856,29047308,2924,77552940,,26004068,22798112,22883456,25277916,,2598204,6149816,5537484,3591352,,5346772,9279176,8837560,5583800,,640,1736,240,308,,19434924,19699532,19843424,18575060
2870,0,1062,180,2,846,0,34,97119452,17672076,28844188,2924,77624948,,25995632,22809392,22877800,25436628,,2591312,6138736,5534456,3407572,,5340240,9268104,8834544,5401300,,640,1736,240,308,,19435276,19699552,19843432,18646688
2873,0,1063,180,2,847,0,34,97006316,17817044,28993520,2924,77480792,,26108196,22594092,22882860,25421168,,2492080,6362968,5528288,3433708,,5241596,9495544,8828388,5427992,,640,1736,240,308,,19435912,19554296,19843444,18647140
2875,1,1064,182,2,848,0,32,97057152,17728412,28905692,2924,77426452,,25986916,22739324,22796044,25534868,,2601376,6198076,5635716,3293244,,5350984,9330676,8935820,5288212,,640,1736,240,308,,19235384,19699740,19843448,18647880
2878,1,1065,181,2,849,0,33,97196896,17608724,28786492,2924,77606552,,26251360,22718548,22748824,25478164,,2310520,6236760,5697864,3363580,,5060500,9369404,8998000,5358588,,640,1736,240,308,,19437096,19699756,19843412,18626288
2881,1,1066,181,2,850,0,33,97417900,17346100,28524456,2924,77628868,,26249108,22836700,22753292,25578800,,2304300,6110748,5685000,3246052,,5054492,9243560,8985136,5241268,,640,1736,240,308,,19437316,19699932,19843412,18648208
2884,1,1067,181,2,851,0,33,96244204,18562848,29739628,2924,76568144,,26215648,22833484,21624344,25570728,,2356460,6103608,6844288,3258492,,5107032,9236488,10141636,5254472,,640,1736,240,308,,19437684,19699960,18781452,18649048
2887,1,1068,178,2,852,0,36,97260848,17502512,28679528,2924,77374732,,26230124,22899364,22559064,25572296,,2341152,6036008,5872640,3252712,,5092036,9169068,9169560,5248864,,640,1736,240,308,,19438000,19700068,19587512,18649152
2890,0,1069,178,2,853,0,36,97605660,17101816,28279580,2924,77631564,,26228992,22891980,22912500,25572188,,2339152,6045316,5468652,3248696,,5090384,9178404,8765816,5244976,,640,1736,240,308,,19438340,19700076,19843880,18649268
2892,1,1070,178,2,854,0,36,97311912,17424276,28602500,2924,77328076,,26223808,22896956,22921968,25269180,,2352256,6036744,5471388,3563888,,5103952,9169888,8768804,5559856,,640,1736,240,308,,19438824,19700092,19844092,18345068
2895,1,1071,177,2,855,0,37,97562332,17174632,28353156,2924,77632900,,26182580,22847244,22913012,25619496,,2384108,6111408,5480172,3198944,,5135900,9244592,8777600,5195064,,640,1736,240,308,,19438872,19700012,19844108,18649908
2898,0,1072,177,2,856,0,37,97405032,17326080,28505344,2924,77478376,,26183648,22707328,22904092,25609964,,2375728,6263116,5494724,3192512,,5127844,9396340,8792184,5188976,,640,1736,240,308,,19439224,19544800,19844116,18650236
2900,1,1073,177,2,857,0,37,97538856,17219008,28399000,2924,77634152,,26143912,22859348,22912468,25623128,,2445408,6096368,5479164,3198068,,5197708,9229600,8776672,5195020,,640,1736,240,308,,19439300,19700060,19844140,18650652
2903,1,1074,177,2,858,0,37,97550296,17183460,28364316,2924,77635012,,26151928,22871924,22901444,25625000,,2419196,6078228,5498960,3187076,,5171820,9211492,8796476,5184528,,640,1736,240,308,,19439640,19700100,19844140,18651132
2906,1,1075,177,2,859,0,37,97132268,17599948,28781936,2924,77274364,,25774508,22860516,22909444,25587800,,2815460,6077736,5486848,3219904,,5568676,9211012,8784368,5217880,,640,1736,240,308,,19078460,19700104,19844152,18651648
2909,0,1076,176,2,860,0,38,97509208,17236588,28418916,2924,77636512,,26192212,22903760,22841612,25571624,,2384448,6034848,5568496,3248796,,5137908,9168240,8865944,5246824,,640,1736,240,308,,19440496,19700244,19844068,18651704
2911,1,1077,176,2,861,0,38,97487536,17268248,28451140,2924,77636952,,26131872,22924576,22843672,25587416,,2459900,6008432,5573212,3226704,,5213772,9141892,8870676,5224800,,640,1736,240,308,,19440808,19700288,19844084,18651772
2914,1,1078,176,2,862,0,38,97493464,17232332,28416536,2924,77638284,,26178508,22884876,22858732,25571348,,2395620,6047600,5545060,3244052,,5149972,9181096,8842688,5242780,,640,1736,240,308,,19441372,19700276,19844244,18652392
2917,0,1079,176,2,863,0,38,97338204,17411304,28595936,2924,77638596,,26124200,22848924,22884216,25480864,,2442720,6082508,5520404,3365672,,5197264,9216028,8818068,5364576,,640,1736,240,308,,19441524,19700292,19844280,18652500
2920,0,1080,176,2,864,0,38,97262768,17580160,28765008,2924,77638584,,26131592,22857672,22894548,25378956,,2457724,6091388,5546576,3484472,,5212560,9224920,8844160,5483368,,640,1736,240,308,,19441760,19700304,19844128,18652392
2922,1,1081,175,2,865,0,39,96943884,17865716,29053852,2924,77368984,,25845944,22852016,22851144,25394780,,2761528,6085312,5564132,3454744,,5517424,9218856,8863612,5453960,,640,1736,240,308,,19242280,19700320,19773664,18652720
2925,1,1082,178,2,866,0,36,96687108,18129672,29318824,2924,77196728,,26046020,22845000,22909388,24886700,,2534156,6108596,5497452,3989468,,5290380,9242360,8797040,5989044,,640,1736,240,308,,19443124,19700440,19844632,18208532
2928,0,1083,177,2,867,0,37,97281152,17507264,28696256,2924,77641748,,26034768,22854016,22913048,25479320,,2553880,6078968,5506112,3368304,,5310220,9212684,8805716,5367636,,640,1736,240,308,,19443232,19700372,19844640,18653504
2930,1,1084,177,2,868,0,37,97028604,17770824,28961036,2924,77297416,,25720216,22843172,22907796,25557420,,2872552,6100856,5486628,3310788,,5629464,9234592,8786512,5310468,,640,1736,240,308,,19098276,19700400,19844924,18653816
2933,1,1085,176,2,869,0,38,97145728,17653012,28843260,2924,77324396,,25947152,22795688,22789344,25613544,,2632776,6141540,5642500,3236196,,5389280,9275236,8942412,5236332,,640,1736,240,308,,19194744,19700308,19775016,18654328
2936,1,1086,175,2,870,0,39,97498856,17193060,28445856,2924,77678848,,26314792,22792228,22772680,25619156,,2192056,6140600,5647180,3213224,,5010420,9274304,8947252,5213880,,640,1736,240,308,,19506708,19700312,19816992,18654836
2939,0,1087,175,2,871,0,39,97421136,15316996,28489600,2924,79578460,,26182316,22810528,22787756,25640536,,338604,6136660,5649460,3192272,,5074472,9270692,8951232,5193204,,640,1736,240,308,,21427576,19700648,19832544,18617692
2941,2,1088,176,2,872,0,38,97107780,14189940,28758436,2924,80725836,,26181908,22469640,22773156,25683076,,321964,6470964,5654088,1742924,,5059800,9604872,8955928,5137836,,640,1736,240,308,,21430952,19410548,19838476,20045860
2945,2,1089,176,2,872,0,38,97311888,15339660,28564404,2924,79369692,,26181956,22566820,22871768,25691344,,2544556,6383292,5560164,851648,,5051348,9515900,8862208,5134948,,640,1736,240,308,,19204840,19387372,19845264,20932216
2949,1,1090,175,2,873,0,39,97650580,17182548,28176896,2924,77457320,,26167368,22868140,22923736,25691336,,2544120,6069872,5484948,3083608,,5051392,9202844,8787324,5135336,,640,1736,240,308,,19205320,19700932,19845508,18705560
2952,1,1091,175,2,875,0,39,97676764,17163040,28158020,2924,77457936,,26167064,22874784,22937328,25697588,,2555104,6066824,5464660,3076452,,5062808,9199496,8767220,5128496,,640,1736,240,308,,19205788,19700688,19845592,18705868
2955,1,1092,176,2,876,0,38,97593212,17253296,28252012,2924,77452384,,26113444,22856344,22925128,25698296,,2596632,6080128,5502944,3073592,,5107712,9212792,8805524,5125984,,640,1736,240,308,,19199968,19700636,19845592,18706188
2958,0,1093,178,2,877,0,36,97602020,17245768,28244964,2924,77462108,,26122308,22843288,22927356,25709068,,2593008,6085360,5491932,3075468,,5104204,9218036,8794572,5128152,,640,1736,240,308,,19209320,19700652,19845624,18706512
2960,1,1094,178,2,878,0,36,97594444,17280428,28281156,2924,77463500,,26078620,22871800,22915068,25728956,,2660316,6070092,5505712,3044308,,5171796,9203072,8808372,5097916,,640,1736,240,308,,19209588,19700888,19845624,18707400
2963,1,1095,178,2,879,0,36,97227720,17628544,28629492,2924,77127400,,26110148,22866904,22918476,25332192,,2620148,6063292,5499892,3445212,,5132232,9196064,8802576,5498620,,640,1736,240,308,,19210192,19700728,19845628,18370852
2966,1,1096,177,2,880,0,37,97581288,17248948,28252924,2924,77413988,,26125408,22913252,22853156,25689472,,2611364,6015216,5563952,3058416,,5123820,9148224,8866716,5114164,,640,1736,240,308,,19210528,19700856,19845684,18656920
2969,0,1097,179,2,881,0,35,97445144,17434088,28438360,2924,77313184,,25933900,22914596,22862408,25734240,,2833208,6010660,5563596,3026624,,5345836,9143712,8866372,5082440,,640,1736,240,308,,19057908,19700884,19845692,18708700
2971,1,1098,179,2,882,0,35,97368340,17406076,28513792,2924,77426368,,26131832,22834628,22852620,25549260,,2498628,6109008,5575152,3223288,,5112464,9242000,8877944,5281384,,640,1736,240,308,,19311744,19700736,19845712,18568176
2974,1,1099,179,2,883,0,35,97430560,15357140,28491500,2924,79589836,,26086448,22871192,22867572,25605348,,539936,6056320,5570096,3190788,,5178488,9189300,8873052,5250660,,640,1736,240,308,,21331880,19700760,19845876,18711320
2977,1,1100,180,2,883,0,34,97195420,15441384,28725780,2924,79575096,,26065672,22858976,22777824,25492948,,401668,6063924,5651400,3324392,,5191324,9196924,8953164,5384368,,640,1736,240,308,,21482600,19700780,19680332,18711384
2980,1,1101,179,2,885,0,35,97327368,17572500,28628756,2924,77517392,,26040548,22849312,22947368,25490140,,2681552,6077952,5486184,3326812,,5240348,9213296,8787988,5387124,,640,1736,240,308,,19256584,19703124,19845964,18711720
2983,1,1102,179,2,886,0,35,97373500,17508208,28564872,2924,77517840,,26028812,22892576,22944888,25507224,,2685600,6034040,5481480,3307088,,5244900,9169192,8783296,5367484,,640,1736,240,308,,19257080,19702956,19845972,18711832
2986,1,1103,179,2,887,0,35,97436124,17229664,28462944,2924,77694396,,26024976,22853572,22953256,25604320,,2681388,6082884,5466636,2998756,,5240880,9218016,8768956,5235092,,640,1736,240,308,,19257304,19702880,19846496,18887716
2989,0,1104,179,2,888,0,35,97039560,15572612,28876824,2924,79476256,,26028896,22453180,22944276,25613208,,2681356,6512356,5462540,916360,,5241220,9647436,8764892,5223276,,640,1736,240,308,,19257680,19418608,19846508,20953460
2992,1,1105,179,2,888,0,35,97051928,15556548,28890676,2924,79331008,,25843936,22660912,22894904,25652176,,2872612,6289420,5530376,864140,,5433416,9426132,8832816,5198312,,640,1736,240,308,,18947356,19556524,19846560,20980568
2995,1,1106,179,2,890,0,35,97360952,17445176,28548828,2924,77422208,,26264340,22591728,22839240,25665644,,2414976,6376980,5594412,3058808,,4976228,9513652,8896772,5162176,,640,1736,240,308,,19259260,19561880,19846476,18754592
2998,0,1107,179,2,891,0,35,97658184,17134248,28238304,2924,77563740,,26250408,22854428,22832324,25721024,,2420936,6095772,5588496,3029044,,4982248,9232596,8890864,5132596,,640,1736,240,308,,19259388,19703116,19846484,18754752
3000,1,1108,179,2,892,0,35,97632208,17142816,28247220,2924,77564080,,26250348,22861308,22803732,25716820,,2436236,6079612,5620092,3006876,,4997784,9216480,8922432,5110524,,640,1736,240,308,,19259596,19703144,19846508,18754832
3003,1,1109,179,2,893,0,35,97657788,17100888,28206592,2924,77565028,,26232872,22849784,22854956,25720176,,2442024,6095804,5559884,3003176,,5004044,9232732,8862440,5107376,,640,1736,240,308,,19259764,19703180,19846772,18755312
3006,1,1110,179,2,894,0,35,97642644,17134448,28240740,2924,77565796,,26236744,22811772,22873444,25720684,,2429644,6150824,5546832,3007148,,4991744,9287880,8849420,5111696,,640,1736,240,308,,19260116,19703152,19846800,18755728
3009,1,1111,179,2,895,0,35,97804268,16963100,28073752,2924,77570256,,26221336,22933336,22929640,25719956,,2452728,6013400,5487092,3009880,,5014804,9154740,8789688,5114520,,640,1736,240,308,,19260156,19707468,19846832,18755800
3012,0,1112,179,2,896,0,35,97688404,17099556,28211464,2924,77571432,,26139420,22893608,22935696,25719680,,2555428,6062284,5464744,3017100,,5118380,9203624,8767400,5122060,,640,1736,240,308,,19260972,19707412,19846940,18756108
3014,1,1113,179,2,897,0,35,97490396,17272672,28385176,2924,77412736,,25953472,22896940,22921020,25718964,,2737840,6030656,5484492,3019684,,5301056,9172012,8787164,5124944,,640,1736,240,308,,19101908,19707416,19846956,18756456
3017,1,1114,179,2,898,0,35,96962512,17820272,28936840,2924,76852048,,26102324,22873996,22649260,25336932,,2576216,6081188,5764076,3398792,,5139956,9222564,9065700,5508620,,640,1736,240,308,,19261612,19707432,19532476,18350528
3020,1,1115,177,2,899,0,37,97655280,17119384,28237676,2924,77577556,,26086808,22887640,22949284,25731548,,2600120,6062700,5454760,3001804,,5164220,9204104,8757328,5112024,,640,1736,240,308,,19261964,19707456,19847060,18761076
3023,0,1116,178,2,900,0,36,97244252,17524900,28644764,2924,77154328,,25666912,22909140,22944068,25724132,,3021564,6042128,5456324,3004884,,5586276,9183848,8759064,5115576,,640,1736,240,308,,18837464,19707760,19847348,18761756
3025,1,1117,177,2,901,0,37,97627120,17144472,28266308,2924,77505272,,26003420,22948984,22942712,25732004,,2705220,5973816,5464668,3000768,,5271068,9115556,8767668,5112016,,640,1736,240,308,,19187884,19707584,19847512,18762292
3028,1,1118,178,2,902,0,36,97664240,15236516,28241592,2924,79460184,,26150720,22887428,22941620,25684472,,2450124,6059832,3672764,3053796,,5102144,9201604,8772824,5165020,,640,1736,240,308,,19349920,19707520,21640492,18762252
3031,2,1119,178,2,903,0,36,97457036,15054616,28475800,2924,79875100,,26135420,22883768,22917148,25520700,,326176,6056844,5442960,3228636,,5137880,9198664,8799120,5340136,,640,1736,240,308,,21504740,19707576,19900400,18762384
3035,1,1120,178,2,904,0,36,97027488,15528448,28959984,2924,79637100,,26094908,22527304,22941524,25463752,,351252,6453356,5414792,3309048,,5172840,9595096,8771040,5421008,,640,1736,240,308,,21514508,19459336,19900472,18762784
3038,1,1121,178,2,905,0,36,97297544,17457828,28659344,2924,77578672,,26007180,22886016,22923496,25480852,,2680004,6065932,5429040,3282852,,5270508,9207808,8785292,5395736,,640,1736,240,308,,19206868,19707624,19900468,18763712
3041,0,1122,178,2,906,0,36,97392996,17357676,28559400,2924,77583720,,26117848,22835764,22920444,25518940,,2549424,6102428,5449360,3256464,,5140580,9244392,8805576,5368852,,640,1736,240,308,,19289056,19630948,19900384,18763332
3043,1,1123,178,2,907,0,36,97384596,17392204,28594364,2924,77660804,,26075364,22901908,22906172,25501152,,2613156,6042412,5460436,3276200,,5204684,9184372,8816664,5388644,,640,1736,240,308,,19289408,19707684,19900400,18763312
3046,1,1124,178,2,908,0,36,97461964,17246460,28449376,2924,77661684,,26081128,22867032,22925808,25587996,,2580828,6073964,5439052,3152616,,5172616,9215932,8795296,5265532,,640,1736,240,308,,19289672,19707692,19900412,18763908
3049,1,1125,178,2,909,0,36,97484964,17224604,28428424,2924,77662656,,26132840,22848692,22864556,25638876,,2525888,6095936,5494788,3107992,,5118112,9237916,8851128,5221268,,640,1736,240,308,,19290164,19707708,19900468,18764316
3052,1,1126,178,2,910,0,36,97388248,17331192,28535884,2924,77663388,,26237164,22633696,22859216,25658172,,2418084,6333492,5500444,3079172,,5010852,9475276,8856784,5192972,,640,1736,240,308,,19290760,19707328,19900488,18764812
3055,1,1127,177,2,911,0,37,97390776,17327280,28535416,2924,77507720,,26079228,22778268,22813868,25719412,,2578500,6186808,5565212,2996760,,5172080,9330812,8921560,5110964,,640,1736,240,308,,19132256,19709724,19900480,18765260
3058,1,1128,177,2,912,0,37,97450028,17242536,28451248,2924,77494328,,26219176,22834796,22693448,25702608,,2414336,6118764,5692812,3016624,,5008108,9262960,9049052,5131128,,640,1736,240,308,,19270100,19709896,19748844,18765488
3061,0,1129,178,2,913,0,36,97561244,17124000,28333488,2924,77548432,,26119820,22831220,22898924,25711280,,2533368,6119096,5463116,3008420,,5127600,9263388,8819496,5123004,,640,1736,240,308,,19172184,19709924,19900752,18765572
3063,1,1130,178,2,914,0,36,97133240,17552652,28762876,2924,77098352,,26243564,22839500,22907168,25143008,,2404512,6116568,5448292,3583280,,4998796,9260848,8804836,5698396,,640,1736,240,308,,19292468,19709952,19900812,18195120
3066,1,1131,178,2,915,0,36,97762856,16924708,28136012,2924,77670268,,26217692,22904768,22916264,25724132,,2429592,6024332,5447944,3022840,,5024208,9168904,8804488,5138412,,640,1736,240,308,,19292764,19710076,19900844,18766584
3069,1,1132,178,2,916,0,36,97532112,17160488,28372224,2924,77483072,,26011136,22835312,22979524,25706140,,2646960,6118052,5379440,3016036,,5241692,9262556,8736252,5131724,,640,1736,240,308,,19105276,19710000,19901112,18766684
3072,0,1133,178,2,917,0,36,97712900,16997048,28210648,2924,77668044,,26183944,22853152,22949592,25726212,,2492852,6094324,5407160,3002712,,5088428,9238856,8764676,5118688,,640,1736,240,308,,19289396,19710012,19901660,18766976
3074,1,1134,178,2,918,0,36,97714884,14979976,28198616,2924,79672952,,26199784,22845976,22945352,25723772,,2398384,6106912,3466772,3007908,,5059328,9251464,8763812,5124012,,640,1736,240,308,,19359016,19710020,21836824,18767092
3077,1,1135,178,2,919,0,36,97638292,12627704,28225440,2924,82046204,,26128076,22859572,22953708,25696936,,372816,6087892,3122088,3044908,,5081788,9232448,8749716,5161488,,640,1736,240,308,,21402096,19710028,22166564,18767516
3080,2,1136,178,2,919,0,36,97361956,12875772,28474740,2924,81799836,,26140212,22551284,22928692,25741768,,348528,6398020,3143012,2986212,,5057932,9542692,8770828,5103288,,640,1736,240,308,,21402536,19462516,22166696,18768088
3084,1,1137,178,2,921,0,36,97486060,14975020,28332496,2924,79709424,,26016256,22892512,22932216,25645076,,469976,6037928,5370408,3096708,,5182532,9182848,8752900,5214216,,640,1736,240,308,,21304564,19710192,19926196,18768472
3087,0,1138,178,2,922,0,36,97582644,14863948,28235852,2924,79778612,,26089852,22879376,22919220,25694196,,389624,6055368,5393252,3025704,,5116248,9200236,8775688,5143680,,640,1736,240,308,,21373344,19710100,19926256,18768912
3090,0,1139,178,2,923,0,36,97214488,17490576,28636860,2924,77252580,,26133128,22496984,22927492,25656884,,2566360,6446884,5393972,3083360,,5067120,9591768,8776416,5201556,,640,1736,240,308,,19198632,19358528,19926268,18769152
3092,1,1140,177,2,924,0,37,97380540,17333792,28480304,2924,77486268,,26111520,22802656,22900660,25565704,,2560368,6138076,5445260,3190088,,5061188,9282896,8827744,5308476,,640,1736,240,308,,19198700,19592064,19926312,18769192
3095,1,1141,177,2,925,0,37,97356388,17359376,28506316,2924,77581148,,26069852,22868780,22942492,25475264,,2634012,6060860,5392396,3272108,,5135060,9205664,8774876,5390716,,640,1736,240,308,,19198932,19686588,19926324,18769304
3098,0,1142,177,2,926,0,37,97407204,17349164,28498272,2924,77595964,,26044788,22883448,22944256,25534712,,2684632,6048392,5382544,3233596,,5185944,9194704,8765048,5352576,,640,1736,240,308,,19199192,19700700,19926356,18769716
3100,1,1143,178,2,927,0,36,97211472,17498800,28708176,2924,77533564,,26093664,22910532,22915732,25291544,,2612784,5986096,5427960,3471960,,5114708,9191832,8810404,5591232,,640,1736,240,308,,19199820,19769500,19926276,18637968
3103,1,1144,178,2,928,0,36,97133068,15329584,28725188,2924,79405936,,26145916,22922788,22493180,25571184,,2560452,3751696,5848932,3168504,,5062852,9143688,9230524,5288124,,640,1736,240,308,,19200324,21950756,19484500,18770356
3106,2,1145,176,2,929,0,38,97622292,17059040,28229976,2924,77568068,,26128836,22905908,22886484,25701064,,2580036,6004296,5436640,3038068,,5083632,9169672,8818216,5158456,,640,1736,240,308,,19149300,19728768,19918832,18771168
3111,0,1146,177,2,930,0,37,97389040,17316336,28490080,2924,77309796,,26280416,22807012,22894160,25407452,,2407164,6128376,5439188,3341608,,4910700,9293668,8823564,5462148,,640,1736,240,308,,19201584,19728600,19926840,18452772
3113,1,1147,180,2,931,0,34,97823540,16837116,28013560,2924,77631040,,26274116,22880116,22900644,25768664,,2418576,6018604,5434432,2965504,,4922824,9184012,8820032,5086692,,640,1736,240,308,,19202300,19728816,19928068,18771856
3116,1,1148,180,2,932,0,34,97585056,17091452,28268408,2924,77447808,,26108160,22881484,22817840,25777572,,2590008,6023776,5524684,2952984,,5094724,9189192,8909860,5074632,,640,1736,240,308,,19020020,19728824,19926616,18772348
3119,0,1149,179,2,933,0,35,97544960,16514808,28324692,2924,77959464,,26261304,22618500,22909200,25755956,,2439836,6295516,4797376,2982080,,4944828,9459836,8816188,5103840,,640,1736,240,308,,19198840,19427732,20560488,18772404
3122,0,1150,178,2,934,0,36,97790364,13751504,28064408,2924,80694936,,26265876,22842992,22920708,25760788,,1532124,6062880,3187468,2969032,,4928928,9227016,8817236,5091228,,640,1736,240,308,,20092984,19661312,22167808,18772832
3124,2,1151,178,2,934,0,36,97917884,12380036,27896744,2924,81965008,,26210652,22979960,22959416,25767856,,361648,5909944,3157676,2950768,,4960768,9074220,8788412,5073344,,640,1736,240,308,,21293980,19729036,22168768,18773224
3128,3,1152,178,2,935,0,36,97854556,14651820,27955144,2924,79754744,,26231624,22920192,22936288,25766452,,309124,5996648,5389636,2956412,,4922820,9162516,8790504,5079304,,640,1736,240,308,,21308956,19728816,19943420,18773552
3133,0,1153,179,2,937,0,35,97305292,17435508,28513360,2924,77095192,,26047564,22903324,22924892,25429512,,2758052,5992244,5386308,3298904,,5146036,9158144,8787044,5422136,,640,1736,240,308,,18991132,19729104,19943428,18431528
3135,1,1154,179,2,938,0,35,97793300,16920960,27999384,2924,77482260,,26180988,22904804,22937712,25769796,,2594792,6014528,5373720,2937920,,4982900,9180464,8774468,5061552,,640,1736,240,308,,19088352,19729124,19943440,18721344
3138,1,1155,178,2,939,0,36,97785176,16933316,28012540,2924,77535912,,26169080,22893848,22921440,25800808,,2629620,6017556,5388996,2897144,,5018116,9183504,8789772,5021148,,640,1736,240,308,,19088692,19729128,19943452,18774640
3141,1,1156,178,2,940,0,36,97871644,16853688,27933732,2924,77536672,,26176196,22951156,22932868,25811424,,2618744,5945748,5379524,2909672,,5007432,9111856,8780316,5034128,,640,1736,240,308,,19088860,19729256,19943468,18775088
3144,0,1157,178,2,941,0,36,97749208,16985616,28068424,2924,77539388,,26122056,22949156,22915280,25762716,,2678716,5953656,5396104,2957140,,5068360,9119796,8796904,5083364,,640,1736,240,308,,19089836,19729260,19943476,18776816
3147,0,1158,178,2,942,0,36,97405952,17323672,28407084,2924,77317728,,26120448,22796192,22930276,25559036,,2656424,6122168,5381488,3163592,,5046188,9288252,8782300,5290344,,640,1736,240,308,,19089912,19682036,19943488,18602292
3150,0,1159,178,2,943,0,36,97742588,16981572,28065972,2924,77540844,,26172112,22931556,22910424,25728496,,2615572,5967116,5407928,2990956,,5005892,9133384,8808748,5117948,,640,1736,240,308,,19090524,19729288,19943496,18777536
3152,1,1160,179,2,944,0,35,96468904,18327652,29411632,2924,76477448,,26167284,22948048,21774812,25578760,,2612388,5982660,6556568,3176036,,5002780,9148940,9956544,5303368,,640,1736,240,308,,19090600,19729252,18879896,18777700
3155,1,1161,176,2,945,0,38,97186572,17562020,28644372,2924,77199832,,26065072,22927548,22643304,25550648,,2739360,5985344,5638756,3198560,,5130088,9151632,9036436,5326216,,640,1736,240,308,,19090872,19729264,19601680,18778016
3158,0,1162,176,2,946,0,38,97511888,17229628,28312584,2924,77409064,,26150180,22936540,22913700,25511468,,2641132,5982448,5367996,3238052,,5032332,9148760,8765708,5365784,,640,1736,240,308,,19091344,19729272,19866632,18721816
3160,1,1163,176,2,947,0,38,97436332,17337212,28420604,2924,77495428,,26120972,22936792,22831300,25547268,,2669500,5972468,5490472,3204772,,5060904,9138816,8888044,5332840,,640,1736,240,308,,19091552,19729316,19896096,18778464
3163,1,1164,177,2,948,0,37,97525720,17252696,28336948,2924,77374940,,26070892,22943356,22903516,25607956,,2727460,5968420,5429320,3127496,,5119624,9134888,8826892,5255544,,640,1736,240,308,,19037812,19729332,19943540,18664256
3166,1,1165,176,2,949,0,38,97764688,16085756,28074884,2924,78447396,,26177172,22926816,22863572,25797128,,2619324,5984748,4564384,2917300,,5011820,9151200,8866036,5045828,,640,1736,240,308,,19092712,19729336,20845880,18779468
3169,0,1166,176,2,950,0,38,97674272,13242200,28167840,2924,81338320,,26237696,22836852,22849896,25749828,,968480,6091568,3198924,2983228,,4921400,9257960,8876124,5112356,,640,1736,240,308,,20650084,19690516,22218152,18779568
3171,2,1167,176,2,950,0,38,97780108,12348952,28076024,2924,82176800,,26234216,22937132,22809572,25799188,,303500,5880196,3241172,2924084,,4944912,9154464,8918572,5058076,,640,1736,240,308,,21336856,19837144,22218328,18784472
3175,2,1168,176,2,952,0,38,97724860,14680972,28100096,2924,79872132,,26234964,22921832,22814188,25753876,,2526680,3737140,5449460,2967692,,4938856,9160252,8898784,5102204,,640,1736,240,308,,19112280,21980888,19993976,18784988
3180,1,1169,176,2,953,0,38,97710408,16236572,28131024,2924,78222388,,26258680,22768108,22878592,25805028,,2503812,5421480,5386636,2924644,,4916524,9318988,8836028,5059484,,640,1736,240,308,,19112824,20330180,19994092,18785292
3183,1,1170,176,2,954,0,38,97947128,16459652,27867872,2924,77865424,,26247880,22999876,22903540,25795832,,2519440,5660148,5368036,2912028,,4932172,9070980,8817596,5047124,,640,1736,240,308,,19112872,19972744,19994260,18785548
3186,2,1171,176,2,954,0,38,97795268,16709352,27978312,2924,77639692,,26237088,22910440,22868000,25779740,,2512168,5860104,5414008,2923072,,4925528,9132124,8861868,5058792,,640,1736,240,308,,19113468,19833648,19906448,18786128
3190,0,1172,176,2,956,0,38,97884272,16626436,27896152,2924,77728136,,26239516,22907664,22964252,25772840,,2506116,5862736,5318568,2939016,,4919676,9134800,8766860,5074816,,640,1736,240,308,,19113660,19833672,19994560,18786244
3193,0,1173,176,2,957,0,38,97857348,16658924,27929508,2924,77728996,,26244728,22873736,22947048,25791836,,2496500,5902516,5337052,2922856,,4910576,9174592,8785328,5059012,,640,1736,240,308,,19114148,19833704,19994576,18786568
3195,1,1174,176,2,958,0,38,97908704,16634404,27907412,2924,77731424,,26212556,22938328,22951184,25806636,,2540708,5848740,5331096,2913860,,4955072,9120852,8781068,5050420,,640,1736,240,308,,19114420,19833748,19996272,18786984
3198,1,1175,177,2,959,0,37,97882468,16646096,27919780,2924,77732100,,26216604,22922140,22958940,25784784,,2553196,5862448,5316644,2913808,,4967920,9134560,8766628,5050672,,640,1736,240,308,,19114768,19833764,19996276,18787292
3201,0,1176,177,2,960,0,37,97942248,16551348,27826420,2924,77733316,,26242568,22966496,22935696,25797488,,2521984,5794724,5332148,2902492,,4937124,9067148,8782140,5040008,,640,1736,240,308,,19115232,19833872,19996284,18787928
3204,0,1177,177,2,961,0,37,97752904,16773280,28050712,2924,77690832,,26142288,22959616,22937320,25713680,,2627520,5808256,5336132,3001372,,5043276,9080916,8787432,5139088,,640,1736,240,308,,19115680,19833872,19996360,18744920
3206,1,1178,177,2,962,0,37,97789224,16753148,28031780,2924,77692372,,26222672,22914276,22937148,25715128,,2556184,5864240,5330148,3002576,,4972732,9136696,8781560,5140792,,640,1736,240,308,,19116588,19833808,19996432,18745544
3209,1,1179,177,2,963,0,37,97130240,17453652,28734720,2924,77253248,,26107152,22893312,22956604,25173172,,2657396,5869824,5331972,3594460,,5074240,9142228,8785656,5732596,,640,1736,240,308,,19013364,19833844,19997092,18408948
3212,1,1180,178,2,964,0,36,96862380,17705952,28986268,2924,77137852,,26104032,22705120,22938912,25114316,,2667844,6066460,5341636,3630012,,5085024,9337692,8795144,5768408,,640,1736,240,308,,19117132,19614276,19996896,18409548
3215,0,1181,178,2,965,0,36,97045800,16206852,28847968,2924,78680944,,26104832,22870100,22961608,25109260,,1324300,5907904,5323704,3650944,,5101772,9179280,8777236,5789680,,640,1736,240,308,,20474924,19799224,19996908,18409888
3217,2,1182,178,2,965,0,36,97329916,15016600,28546708,2924,79840036,,26148544,22901744,22975588,25304040,,377684,5878256,5307868,3452792,,5043896,9149544,8761444,5591824,,640,1736,240,308,,21361524,19816476,19996948,18665088
3221,0,1183,178,2,967,0,36,97337228,17213868,28514288,2924,77534400,,26142632,22637748,22962792,25594056,,2611680,6139932,5320592,3141664,,5048028,9410968,8774152,5281140,,640,1736,240,308,,19136096,19611700,19996876,18789728
3224,0,1184,178,2,968,0,36,97633672,16896428,28197360,2924,77757284,,26141292,22930064,22950328,25611988,,2597360,5840436,5330728,3127904,,5034208,9111324,8784300,5267528,,640,1736,240,308,,19136576,19833920,19996884,18789904
3227,0,1185,178,2,969,0,36,97650080,16903984,28208100,2924,77633732,,26249848,22727180,22907368,25765684,,2485760,6066064,5391916,2960244,,4923124,9336924,8845596,5102456,,640,1736,240,308,,19137204,19707048,19996932,18792548
3229,1,1186,178,2,970,0,36,97819360,16701900,28007900,2924,77761304,,26241864,22881792,22908780,25786924,,2489860,5909276,5380272,2922492,,4927588,9181316,8833964,5065032,,640,1736,240,308,,19137560,19833928,19996952,18792864
3232,1,1187,178,2,971,0,36,97092088,17434568,28740920,2924,77080340,,25859444,22922212,22482940,25827492,,2879840,5852300,5811496,2890932,,5317376,9124512,9265032,5034000,,640,1736,240,308,,18766164,19834032,19686728,18793416
3235,0,1188,177,2,972,0,37,97364688,17116736,28424100,2924,77327724,,26156964,22903384,22481828,25822512,,2558632,5871464,5801416,2885224,,4996904,9143696,9254780,5028720,,640,1736,240,308,,19013312,19834040,19686580,18793792
3238,0,1189,177,2,973,0,37,97527880,16972264,28280348,2924,77530076,,26236416,22801972,22661084,25828408,,2472276,5995952,5634152,2869884,,4910796,9268200,9087740,5013612,,640,1736,240,308,,19090808,19833976,19811280,18794012
3240,1,1190,178,2,974,0,36,97697180,16688408,28097196,2924,77699100,,26230500,22912896,22847436,25706348,,2488924,5752212,5439268,3008004,,4927904,9124284,8893168,5151840,,640,1736,240,308,,19101848,19933756,19997176,18666320
3243,2,1191,179,2,975,0,35,97702176,14498660,28087548,2924,79888772,,26266104,22783680,22823336,25829056,,2444680,3708432,5466864,2878684,,4883876,9258508,8920816,5024348,,640,1736,240,308,,19112400,21984428,19997216,18794728
3247,0,1192,178,2,976,0,36,97991652,16410124,27766804,2924,77790848,,26270452,22912308,22979184,25829708,,2439012,5817916,5269208,2883988,,4878748,9134320,8723604,5030132,,640,1736,240,308,,19119824,19878064,19997788,18795172
3249,1,1193,177,2,977,0,37,97942000,16455308,27812004,2924,77811064,,26303068,22856964,22944508,25837460,,2399924,5851768,5330504,2873112,,4839672,9168024,8784940,5019368,,640,1736,240,308,,19140012,19877956,19997804,18795292
3252,1,1194,177,2,978,0,37,97913836,16530332,27888112,2924,77812056,,26228992,22908848,22941052,25834944,,2508548,5816940,5321600,2883244,,4948900,9133300,8776100,5029812,,640,1736,240,308,,19140560,19878092,19997828,18795576
3255,0,1195,177,2,979,0,37,97321676,16672964,28031160,2924,77643176,,25643400,22939976,22893176,25845124,,2640836,5782096,5377740,2872292,,5081268,9098492,8832212,5019188,,640,1736,240,308,,18971408,19878132,19997748,18795888
3257,1,1196,177,2,980,0,37,97515404,16465496,27824484,2924,77813388,,25751368,22967348,22946288,25850400,,2519724,5741120,5336228,2868424,,4960312,9057604,8790920,5015648,,640,1736,240,308,,19140948,19878212,19997992,18796236
3260,1,1197,177,2,981,0,37,97556788,16388580,27748548,2924,77814384,,25809376,22947204,22942024,25858184,,2467876,5756684,5318412,2845608,,4908968,9073200,8773132,4993248,,640,1736,240,308,,19141524,19878228,19997988,18796644
3263,1,1198,177,2,982,0,37,97068428,16891436,28252736,2924,77392068,,25432088,22854592,22926484,25855264,,2855212,5858604,5337816,2839804,,5297148,9175132,8792544,4987912,,640,1736,240,308,,18775340,19821612,19998004,18797112
3266,0,1199,176,2,983,0,38,97468368,16504736,27867760,2924,77800144,,25835424,22887016,22934996,25810932,,2448608,5836512,5330636,2888980,,4890792,9153944,8785380,5037644,,640,1736,240,308,,19142668,19865672,19998016,18793788
3268,1,1200,178,2,984,0,36,97297332,16705212,28068620,2924,77720460,,25802568,22821540,22942996,25730228,,2489292,5899724,5312144,3004052,,4931616,9217424,8766904,5152676,,640,1736,240,308,,19142708,19782252,19998036,18797464
3271,1,1201,178,2,985,0,36,97147036,16886884,28251104,2924,77776732,,25656264,22912540,22931540,25646692,,2663140,5806556,5329484,3087704,,5105776,9124264,8784260,5236804,,640,1736,240,308,,19102860,19878288,19998044,18797540
3274,1,1202,178,2,986,0,36,97226320,16424120,28137176,2924,78165380,,25760264,22905500,22952844,25607712,,2173504,5817808,5317260,3115548,,4964788,9135548,8772076,5264764,,640,1736,240,308,,19490992,19878332,19998080,18797976
3277,0,1203,178,2,987,0,36,96930356,14783296,28257536,2904,79922208,,25538872,22869752,22971056,25550676,,427984,5858028,5301400,3195884,,4980196,9175700,8756264,5345376,,620,1736,240,308,,21247692,19878228,19998116,18798172
3279,1,1204,178,2,987,0,36,97030076,14674328,28154760,2904,79928364,,25543748,22925424,22977372,25583532,,408184,5799352,5302836,3163956,,4966268,9117132,8757740,5313620,,620,1736,240,308,,21253496,19878340,19998136,18798392
3282,1,1205,178,2,989,0,36,96937944,16993044,28244936,2904,77458088,,25554764,22929156,22739272,25714752,,2632512,5792456,5539756,3028320,,4960936,9110292,8993228,5180480,,620,1736,240,308,,19028700,19878356,19750024,18801008
3285,1,1206,178,2,990,0,36,97237140,16698192,27951556,2904,77671888,,25614776,22890580,22974148,25757636,,2560316,5841408,5311428,2985040,,4889356,9159252,8765116,5137832,,620,1736,240,308,,19029360,19865292,19975544,18801692
3288,0,1207,178,2,991,0,36,97400468,15387572,27730532,2904,78794392,,25619456,22958644,23010808,25811560,,2558112,4753304,5261936,2814220,,4887600,9080464,8717128,5045340,,620,1736,240,308,,19029768,20886332,19998480,18879812
3290,1,1208,178,2,992,0,36,97002196,12404068,28179832,2904,81945472,,25635348,22898648,22598740,25869460,,2546984,3582060,5694916,580108,,4876660,9173812,9150080,4979280,,620,1736,240,308,,19029916,22147960,19724472,21043124
3293,4,1209,179,2,993,0,35,97330396,12012080,27799472,2904,82215908,,25668708,22913048,22867028,25881612,,2480664,3547592,5424092,559732,,4811364,9140068,8879252,4968788,,620,1736,240,308,,19030912,22148668,19983552,21052776
3299,1,1210,179,2,994,0,35,97369640,15610920,27753148,2904,78590656,,25662336,22950632,22882056,25874616,,2481300,4912492,5406132,2810996,,4812248,9089336,8863112,4988452,,620,1736,240,308,,19031080,20734816,19998692,18826068
3302,0,1211,179,2,995,0,35,96606976,17222904,28549440,2904,76975452,,25600408,22228956,22900444,25877168,,2550900,6475392,5394300,2802312,,4896280,9821672,8851340,4980148,,620,1736,240,308,,18966960,19183352,19998688,18826452
3305,0,1212,177,2,996,0,37,97099688,16692852,28020468,2904,77431040,,25691180,22979748,22570968,25857792,,2470036,5700056,5714176,2808584,,4815684,9046592,9171532,4986660,,620,1736,240,308,,19045812,19908320,19650252,18826656
3307,1,1213,177,2,997,0,37,97563636,16235596,27564120,2904,77781016,,25703388,22977456,23021796,25860996,,2465964,5698532,5253092,2818008,,4811944,9045096,8710596,4996484,,620,1736,240,308,,19046172,19908380,19999416,18827048
3310,1,1214,177,2,998,0,37,96937760,16878372,28207468,2904,77292408,,25108316,22965752,23009832,25853860,,3071616,5713020,5268716,2825020,,5417704,9059592,8726388,5003784,,620,1736,240,308,,18557056,19908388,19999548,18827416
3313,1,1215,177,2,999,0,37,96739464,17111972,28442088,2904,77117112,,25090604,22756676,23018076,25874108,,3108252,5950940,5259760,2793020,,5454844,9297520,8717452,4972272,,620,1736,240,308,,18562740,19727084,19999568,18827720
3316,1,1216,177,2,1000,0,37,97044708,16593040,28120880,2904,77511536,,25128852,23046368,23009724,25859764,,3065796,5444752,5261868,2820624,,5412644,8988584,8719564,5000088,,620,1736,240,308,,18578356,20105656,19999576,18827948
3319,0,1217,177,2,1001,0,37,97004576,14591304,28165444,2904,79589676,,25178592,22938528,23014832,25872624,,3028856,3510144,5253908,2798396,,5376340,9099112,8711744,4978248,,620,1736,240,308,,18682148,22079440,19999708,18828380
3321,1,1218,177,2,1002,0,37,97197592,14335940,27950488,2904,79724132,,25597452,23045036,23000712,25554392,,2591028,3350844,5273816,3120252,,4938744,8979388,8731684,5300672,,620,1736,240,308,,19047820,22185888,19999728,18490696
3324,1,1219,176,2,1003,0,38,97437752,16331332,27714916,2904,77756232,,25647500,22990616,23007976,25791660,,2534596,5643232,5260360,2893144,,4882728,9040096,8718244,5073848,,620,1736,240,308,,19048284,19956684,19999748,18751516
3327,1,1220,176,2,1004,0,38,97426068,16355484,27739588,2904,77831380,,25649844,22995472,22997780,25782972,,2529240,5648192,5277616,2900436,,4877512,9045156,8735504,5081416,,620,1736,240,308,,19048428,19956712,19999752,18826488
3330,0,1221,176,2,1005,0,38,97231604,16560796,27945188,2904,77831684,,25530328,22969256,23002092,25729928,,2675252,5662056,5260532,2962956,,5023604,9059004,8718428,5144152,,620,1736,240,308,,19048412,19956728,19999756,18826788
3332,1,1222,177,2,1006,0,37,97051456,16742184,28130764,2904,77720028,,25543164,22987284,23011580,25509428,,2653868,5648076,5258740,3181500,,5002452,9048824,8716680,5362808,,620,1736,240,308,,19048620,19958888,19999804,18712716
3335,1,1223,178,2,1007,0,36,96773836,14775120,27963420,2904,79633096,,25144576,22990088,23032688,25606484,,2577160,3870544,5227240,3100176,,4925812,9065632,8685232,5286744,,620,1736,240,308,,19048756,21750316,19999848,18834176
3338,2,1224,178,2,1007,0,36,96796052,16474848,27918616,2904,77863616,,25161780,22975488,23019728,25639056,,2538880,5615524,5236636,3083808,,4888668,9063400,8694652,5271896,,620,1736,240,308,,19023536,20005716,19999864,18834500
3342,1,1225,178,2,1009,0,36,96937652,15170856,27736740,2904,79009932,,25240700,22950440,22952636,25793876,,1317536,5646248,5320420,2886652,,4789088,9094092,8778348,5075212,,620,1736,240,308,,20169584,20005640,19999664,18835044
3345,3,1226,177,2,1009,0,37,96332732,14729940,28335476,2904,79407948,,24994760,22799760,22948016,25590196,,494540,5809240,5329200,3096960,,5006472,9257192,8786228,5285584,,620,1736,240,308,,21063356,19827048,19961212,18556332
3350,1,1227,179,2,1011,0,35,97054520,15578668,27595508,2904,78463152,,25214080,22977648,22979600,25883192,,2487592,5627596,4676400,2787080,,4793448,9075580,8750408,4976072,,620,1736,240,308,,19005928,20005784,20615352,18836088
3353,1,1228,179,2,1012,0,35,96924424,14077068,27708860,2904,79969748,,25248556,22970244,22826876,25878748,,2450652,5609048,3231416,2785952,,4756872,9057064,8919568,4975356,,620,1736,240,308,,19006188,20005800,22121268,18836492
3356,1,1229,179,2,1013,0,35,96469136,16736084,28179964,2904,77456848,,25223016,22968452,22918592,25359076,,2475704,5617524,5327500,3315356,,4782492,9065532,8826708,5505232,,620,1736,240,308,,19006756,20005824,20040920,18403348
3359,1,1230,180,2,1014,0,34,96893580,16304712,27750336,2904,77849984,,25227596,22826384,22920492,25919108,,2462996,5767896,5334416,2739404,,4769976,9215808,8833636,4930916,,620,1736,240,308,,19006948,19963192,20040936,18838908
3362,1,1231,179,2,1015,0,35,97089696,16088200,27535236,2904,77894144,,25225948,22975840,22982432,25905476,,2459860,5612716,5261444,2754180,,4767160,9060944,8761008,4946124,,620,1736,240,308,,19007272,20005944,20041332,18839596
3365,1,1232,179,2,1016,0,35,96957692,16244844,27693048,2904,77724964,,25017744,22973936,23048460,25917552,,2694264,5622592,5184548,2743440,,5001840,9071056,8684328,4935824,,620,1736,240,308,,18839612,20003796,20041600,18839956
3368,1,1233,179,2,1017,0,35,96471328,15897432,28186284,2904,78233856,,24990968,22944452,22643636,25892272,,2711656,4811532,5592696,2781548,,5019244,9100392,9092476,4974172,,620,1736,240,308,,18842648,20845812,19705200,18840196
3371,1,1234,178,2,1018,0,36,96826644,14128020,27820200,2904,79913068,,24952068,22944204,23015224,25915148,,2759788,3389776,5223500,2754956,,5068156,9080796,8723360,4947888,,620,1736,240,308,,18848528,22244772,19979224,18840544
3374,2,1235,179,2,1018,0,35,96774864,16388188,27853784,2904,77625108,,24932660,23018184,23033364,25790656,,2781080,5551928,5196348,2858832,,5089656,9015616,8696236,5052276,,620,1736,240,308,,18860176,20021052,20041776,18702104
3378,1,1236,179,2,1020,0,35,97014820,16141160,27608968,2904,77839384,,25098760,22984848,23038416,25892796,,2612264,5593048,5181292,2754556,,4921340,9057944,8681344,4948340,,620,1736,240,308,,18952016,20020904,20041916,18824548
3381,0,1237,179,2,1021,0,35,97059952,14586016,27574592,2904,79430276,,25122364,22966812,23039244,25931532,,2605240,4083608,5189612,2707556,,4914412,9067568,8689668,4902944,,620,1736,240,308,,19009024,21537428,20041920,18841904
3383,1,1238,180,2,1022,0,34,97133352,13769044,27489376,2904,80160308,,25184556,22957132,23045312,25946352,,2518348,3370000,5178308,2702388,,4828176,9084548,8678376,4898276,,620,1736,240,308,,19009736,22266272,20041932,18842368
3386,2,1239,180,2,1023,0,34,96923768,16271440,27762916,2904,77935056,,25067180,22961480,23034664,25860444,,2663812,5600384,5191584,2815660,,4973776,9085492,8691664,5011984,,620,1736,240,308,,19009692,20040728,20041952,18842684
3390,1,1240,180,2,1024,0,34,96856464,16343200,27835176,2904,77935420,,25091088,22982308,23050832,25732236,,2631960,5591508,5169204,2950528,,4942376,9076660,8669328,5146812,,620,1736,240,308,,19010112,20040768,20041960,18842580
3393,0,1241,180,2,1025,0,34,96521912,16685984,28177516,2904,77616876,,25123288,22647132,23050228,25701264,,2602452,5914012,5176216,2993304,,4912852,9398340,8676372,5189952,,620,1736,240,308,,19010172,19721832,20041988,18842884
3396,0,1242,180,2,1026,0,34,96716064,16454076,27946828,2904,77856288,,25072444,23036220,23041352,25566048,,2644028,5519912,5170168,3119968,,4954668,9004500,8670572,5317088,,620,1736,240,308,,19010428,20040828,20042188,18762844
3398,1,1243,180,2,1027,0,34,97014316,16131264,27624076,2904,77937508,,25177636,23054872,23020636,25761172,,2523488,5490292,5182340,2935144,,4833952,8974900,8682768,5132456,,620,1736,240,308,,19010656,20040952,20042216,18843684
3401,1,1244,180,2,1028,0,34,97109436,16040828,27535796,2904,77939208,,25229208,23027776,22986968,25865484,,2483572,5508488,5235136,2813632,,4795332,8993136,8735464,5011864,,620,1736,240,308,,19011608,20040968,20042016,18844616
3404,1,1245,180,2,1029,0,34,97045928,16089296,27584324,2904,77747068,,25226204,23043848,22989360,25786516,,2476524,5492192,5232340,2888240,,4788648,8976784,8732684,5086208,,620,1736,240,308,,19011948,20040972,20042032,18652116
3407,0,1246,180,2,1030,0,34,97154588,15986724,27482276,2904,77939940,,25252444,23002372,22943664,25956108,,2444148,5554628,5296044,2691904,,4756540,9039108,8796356,4890272,,620,1736,240,308,,19012220,20040916,20042024,18844780
3410,0,1247,180,2,1031,0,34,97077136,16081620,27577888,2904,77940432,,25263660,22992884,22893552,25927040,,2432516,5542932,5343168,2763004,,4745284,9027460,8843464,4961680,,620,1736,240,308,,19012608,20040920,20041944,18844960
3412,1,1248,180,2,1032,0,34,97106144,16043972,27541108,2904,77941332,,25258676,22988196,22892396,25966876,,2447972,5555948,5335840,2704212,,4760944,9040508,8836236,4903420,,620,1736,240,308,,19012796,20040968,20042004,18845564
3415,1,1249,179,2,1033,0,35,96581304,16628528,28126872,2904,77368556,,25009604,22989420,22619960,25962320,,2716636,5579248,5630368,2702276,,5030296,9063816,9130764,4901996,,620,1736,240,308,,18736536,20040980,19744940,18846100
3418,1,1250,179,2,1034,0,35,97140004,16031448,27530308,2904,77876128,,25229264,22995040,22900984,26014716,,2463012,5566920,5341260,2660256,,4776820,9051536,8841792,4860160,,620,1736,240,308,,18947872,20041016,20041008,18846232
3421,0,1251,179,2,1035,0,35,96817468,16337320,27836180,2904,77579124,,25256612,22660848,22885916,26014092,,2433376,5905872,5348204,2649868,,4747688,9389680,8848752,4850060,,620,1736,240,308,,18986624,19703808,20042184,18846508
3424,0,1252,179,2,1036,0,35,96964564,16219484,27718864,2904,77786256,,25076244,22903776,22985828,25998716,,2630688,5657440,5275344,2656012,,4945020,9141044,8776280,4856520,,620,1736,240,308,,18855860,20040880,20042672,18846844
3426,1,1253,179,2,1037,0,35,97189768,15968068,27470448,2904,77796532,,25095468,23056864,23012648,26024788,,2600012,5485532,5237080,2645444,,4914596,8971304,8738084,4846464,,620,1736,240,308,,18863324,20043184,20042748,18847276
3429,1,1254,179,2,1038,0,35,97045620,16119756,27622596,2904,77807236,,25056540,22968200,23008744,26012136,,2656052,5579464,5230336,2653904,,4971020,9065240,8731348,4854988,,620,1736,240,308,,18874032,20043108,20042752,18847344
3432,0,1255,179,2,1039,0,35,97100920,16071248,27574976,2904,77806964,,25058772,23034244,23000828,26007076,,2659644,5516220,5236844,2658540,,4975092,9002048,8737868,4859968,,620,1736,240,308,,18873304,20043220,20042764,18847676
3434,1,1256,178,2,1040,0,36,97243096,15912284,27416980,2904,77831060,,25250664,23064616,23012084,25915732,,2467192,5492168,5221992,2730932,,4782832,8978416,8723028,4932704,,620,1736,240,308,,19015460,20043532,20042780,18729288
3437,1,1257,178,2,1041,0,36,97285904,15833112,27338208,2904,77925140,,25222672,23080320,23004648,25978264,,2495396,5446160,5235264,2656292,,4811172,8932200,8736444,4858392,,620,1736,240,308,,19015516,20043372,20042924,18823328
3440,1,1258,178,2,1042,0,36,96659824,16485872,27992164,2904,77452872,,25076028,22616512,22962148,26005136,,2648280,5934776,5275096,2627720,,4964396,9420780,8776532,4830456,,620,1736,240,308,,18911544,19669040,20043172,18829116
3443,1,1259,178,2,1043,0,36,96976500,16187568,27694808,2904,77729600,,25217484,22894688,23015944,25848384,,2490420,5656360,5220988,2819800,,4807436,9142360,8722188,5022824,,620,1736,240,308,,19016812,19920784,20042948,18749056
3446,0,1260,178,2,1044,0,36,96987220,16170016,27677748,2904,77821972,,25168928,22987540,23006132,25824620,,2549276,5542972,5233904,2843864,,4866292,9028976,8735120,5047360,,620,1736,240,308,,19016732,20012688,20042960,18749592
3448,1,1261,179,2,1045,0,35,96969448,16203688,27712560,2904,77844716,,25179632,23011424,22997252,25781140,,2545636,5521940,5246364,2889748,,4863016,9008688,8747592,5093264,,620,1736,240,308,,19017068,20030912,20042976,18753760
3451,1,1262,179,2,1046,0,35,96384500,17279044,28786956,2904,76869248,,25210864,23029348,22731708,25412580,,2512128,5504780,5500224,3761912,,4829656,8991568,9001160,5964572,,620,1736,240,308,,19017260,20043520,19754720,18053748
3454,0,1263,177,2,1047,0,37,97224944,16472820,27983568,2904,77650600,,25242416,23053544,23018488,25910496,,2487888,5488184,5213864,3282884,,4805648,8974996,8716540,5486384,,620,1736,240,308,,19017484,20043492,20030180,18559444
3457,0,1264,178,2,1048,0,36,97568048,16055568,27567608,2904,77955140,,25299600,22987572,23022576,26258300,,2418320,5549344,5207376,2880528,,4736296,9036236,8710112,5084964,,620,1736,240,308,,19017752,20043500,20043360,18850528
3459,1,1265,178,2,1049,0,36,97759148,15906796,27419508,2904,77955844,,25354020,23053984,23022056,26329088,,2373284,5499716,5212276,2821520,,4691648,8986648,8715044,5026168,,620,1736,240,308,,19018068,20043516,20043388,18850872
3462,1,1266,178,2,1050,0,36,97818640,15819792,27334140,2904,77957364,,25325064,23032244,23022192,26439140,,2386512,5515228,5209548,2708504,,4705764,9002212,8712472,4913692,,620,1736,240,308,,19018960,20043528,20043532,18851344
3465,1,1267,178,2,1051,0,36,97859732,15779268,27294356,2904,77958176,,25328384,23042896,23035604,26452848,,2386060,5513668,5191620,2687920,,4705540,9000660,8694560,4893596,,620,1736,240,308,,19019220,20043536,20043540,18851880
3468,1,1268,178,2,1052,0,36,97708708,15918996,27434748,2904,77893464,,25317184,22938336,22992084,26461104,,2383776,5625680,5239160,2670380,,4703672,9112676,8742076,4876324,,620,1736,240,308,,19019620,19978316,20043460,18852068
3471,1,1269,178,2,1053,0,36,97670712,15994572,27514860,2904,77887148,,25351788,22990464,22928364,26400096,,2355804,5569436,5333976,2735356,,4675820,9060620,8836868,4941552,,620,1736,240,308,,19019716,20047640,20043376,18776416
3474,1,1270,179,2,1054,0,35,97407724,16237612,27760096,2904,77595948,,25014416,22994344,22923352,26475612,,2702484,5573080,5320512,2641536,,5022912,9064276,8823416,4849492,,620,1736,240,308,,18652064,20047656,20043392,18852836
3477,1,1271,178,2,1055,0,36,97515948,16144900,27668356,2904,77696124,,25067460,23000556,22918312,26529620,,2665616,5561644,5323172,2594468,,4986228,9052900,8826088,4803140,,620,1736,240,308,,18751548,20047716,20043400,18853460
3480,0,1272,178,2,1056,0,36,97671196,15968560,27492492,2904,77965448,,25338316,22946748,22884968,26501164,,2365780,5618044,5355036,2629700,,4686848,9109252,8857964,4838428,,620,1736,240,308,,19020912,20047620,20043412,18853504
3482,1,1273,178,2,1057,0,36,97840112,15802596,27327408,2904,77966328,,25335148,23031076,22964756,26509132,,2388148,5536320,5272576,2605552,,4709488,9027644,8775732,4814544,,620,1736,240,308,,19021136,20047760,20043684,18853748
3485,1,1274,178,2,1058,0,36,97854956,15772816,27300828,2904,77967504,,25324324,23022900,23019696,26488036,,2384592,5541680,5210972,2635572,,4706244,9033124,8716272,4845188,,620,1736,240,308,,19021436,20047796,20043840,18854432
3488,1,1275,179,2,1059,0,35,97481128,16141556,27666268,2904,77602712,,25244976,23012336,22724560,26499256,,2495296,5539216,5492300,2614744,,4816980,9030680,8994112,4824496,,620,1736,240,308,,19021412,20047804,19678988,18854508
3491,1,1276,177,2,1060,0,37,97956760,13965604,27152152,2904,79625872,,25291240,23074508,23100740,26490272,,756824,5456248,5126456,2626076,,4739580,8947936,8628360,4836276,,620,1736,240,308,,20678824,20047928,20044256,18854864
3494,1,1277,178,2,1061,0,36,97598284,13967688,27531728,2904,79660460,,25293128,23043904,23093304,26167948,,390836,5496344,5126736,2953772,,4750920,8988124,8628624,5164060,,620,1736,240,308,,21054756,20047940,20044256,18513508
3497,1,1278,178,2,1062,0,36,97523000,14057436,27621704,2904,79515096,,25297272,23047616,23098904,26079208,,398100,5499120,5120908,3039308,,4758404,8990944,8622816,5249540,,620,1736,240,308,,21054932,20047968,20044260,18367936
3500,0,1279,177,2,1063,0,37,97649684,15993276,27489324,2904,77674212,,25288796,22991048,23096020,26273820,,2470636,5565840,5111936,2844864,,4762516,9057656,8613912,5055240,,620,1736,240,308,,18991492,20047740,20044284,18590696
3502,1,1280,176,2,1064,0,38,97565216,16087148,27582084,2904,77634288,,25285524,22919040,23085956,26274696,,2486784,5638956,5133472,2827936,,4779020,9128980,8635488,5038596,,620,1736,240,308,,18991788,19950100,20044304,18648096
3505,1,1281,176,2,1065,0,38,97836396,15824784,27322640,2904,77941460,,25285112,23017984,23089872,26443428,,2481952,5539576,5121844,2681412,,4774624,9031028,8624012,4892976,,620,1736,240,308,,18992220,20048008,20044440,18856792
3508,1,1282,176,2,1066,0,38,97695108,15983208,27481280,2904,77941516,,25271104,22992640,23082512,26348852,,2494580,5557992,5133984,2796652,,4787400,9049548,8636172,5008160,,620,1736,240,308,,18992368,20048044,20044452,18856652
3511,1,1283,176,2,1067,0,38,97412020,16285944,27783268,2904,77629420,,25335512,22665480,23084336,26326692,,2430456,5900248,5130396,2824844,,4723512,9390560,8632592,5036604,,620,1736,240,308,,18992696,19735376,20044452,18856896
3514,0,1284,176,2,1068,0,38,97778456,15892040,27390784,2904,77943028,,25353352,23047252,23032776,26345076,,2406460,5498476,5177040,2810064,,4699808,8989404,8679272,5022300,,620,1736,240,308,,18993008,20048156,20044488,18857376
3517,0,1285,175,2,1069,0,39,97764068,15908872,27409204,2904,77890052,,25359612,23008356,23108332,26287768,,2381544,5552560,5109776,2864992,,4675440,9043704,8611144,5078916,,620,1736,240,308,,18993544,20048068,20044772,18803668
3519,1,1286,175,2,1070,0,39,97934748,15683584,27184888,2904,77939016,,25344184,23047968,23100832,26441764,,2372004,5501788,5110528,2699264,,4666272,8993108,8611924,4913584,,620,1736,240,308,,18987716,20048232,20044796,18858272
3522,1,1287,176,2,1071,0,38,97920556,15681284,27184460,2904,77879460,,25353152,23029376,23033996,26504032,,2361624,5519428,5191624,2608608,,4657480,9010788,8692896,4823296,,620,1736,240,308,,18928036,20048236,20044524,18858664
3525,1,1288,177,2,1072,0,37,97980380,15628268,27132020,2904,77946656,,25397820,23044060,23031304,26507196,,2333404,5489852,5186308,2618704,,4629496,8981244,8687592,4833688,,620,1736,240,308,,18994888,20048276,20044540,18858952
3528,0,1289,177,2,1073,0,37,97886900,15759968,27264492,2904,77947300,,25389620,22964684,22980120,26552476,,2336084,5600180,5265552,2558152,,4632644,9091500,8766816,4773532,,620,1736,240,308,,18995348,20048144,20044464,18859344
3531,0,1290,177,2,1074,0,37,97853680,15817796,27322968,2904,77947892,,25413180,22983160,22930664,26526676,,2319424,5580032,5312328,2606012,,4616100,9071336,8813968,4821564,,620,1736,240,308,,18995464,20048212,20044852,18859364
3533,1,1291,177,2,1075,0,37,96918644,17215984,28721888,2904,76662860,,25553768,22992220,21886092,26486564,,2625744,5567036,6382968,2640236,,4922548,9058352,9884652,4856336,,620,1736,240,308,,18649164,20048204,19105576,18859916
3536,1,1292,176,2,1076,0,38,97858348,16296000,27809964,2904,77556980,,25923316,22914764,22495576,26524692,,2259212,5662584,5770948,2603256,,4563516,9153840,9272716,4819892,,620,1736,240,308,,19001800,20048132,19646596,18860452
3539,1,1293,176,2,1077,0,38,97959120,16157780,27672496,2904,77684820,,25839228,22942592,22616784,26560516,,2327248,5633800,5626548,2570184,,4632064,9125108,9128344,4786980,,620,1736,240,308,,19001804,20048172,19774212,18860632
3542,1,1294,175,2,1078,0,39,98261460,15834040,27350728,2904,77762556,,25851692,23067432,22781588,26560748,,2325584,5483616,5474220,2550620,,4630480,8973680,8978900,4767668,,620,1736,240,308,,19002140,20041540,19858020,18860856
3545,0,1295,178,2,1079,0,36,97988156,16127856,27644312,2904,77573068,,25824716,22625256,23002812,26535372,,2340900,5957116,5242936,2586904,,4646028,9445596,8748008,4804680,,620,1736,240,308,,19002372,19663492,20045636,18861568
3547,1,1296,177,2,1080,0,37,98540580,15508264,27084736,2904,78017384,,25842712,23083708,23071768,26542392,,2321544,5449604,5161848,2575268,,4626796,8997696,8667084,4793160,,620,1736,240,308,,19002508,20107432,20045776,18861668
3550,1,1297,177,2,1081,0,37,98479564,13409384,27159340,2904,80185876,,25794016,23087284,23050120,26548144,,2389440,3262032,5173468,2584444,,4695024,8982884,8678736,4802696,,620,1736,240,308,,19002780,22275236,20045808,18862052
3553,1,1298,177,2,1082,0,37,98596952,13232312,27009552,2904,80213056,,25848564,23134432,23048620,26565336,,2327324,3169296,5191088,2544604,,4633428,8916760,8696324,4763040,,620,1736,240,308,,19003384,22301716,20045808,18862148
3557,0,1299,177,2,1083,0,37,98278928,15802528,27349032,2904,77821108,,25794588,22906984,23048164,26529192,,2385112,5633372,5188460,2595584,,4691400,9149472,8693712,4814448,,620,1736,240,308,,19003556,19909164,20045824,18862564
3559,1,1300,177,2,1084,0,37,98447488,15598588,27145812,2904,77987632,,25796004,23084112,23051832,26515540,,2383096,5447972,5165820,2601700,,4689800,8964020,8671108,4820884,,620,1736,240,308,,19003916,20075116,20045836,18862764
3563,0,1301,177,2,1085,0,37,98325600,15697040,27323236,2904,78035912,,25820136,23039460,23058228,26407776,,2373396,5497176,5097376,2729092,,4680276,9013520,8680424,4949016,,620,1736,240,308,,19004108,20075416,20123316,18833072
3565,1,1302,177,2,1086,0,37,97987208,13798244,27645244,2904,79952816,,25462700,23086232,23056304,26381972,,2732816,5447984,2916156,2701288,,5040224,8964100,8658516,4982404,,620,1736,240,308,,18675328,20075228,22277796,18924464
3568,2,1303,177,2,1086,0,37,98264780,13599512,27427676,2904,80263112,,25796684,23091620,23040224,26336252,,2403696,5473696,5165896,556224,,4711244,8989864,8703184,5023384,,620,1736,240,308,,19004656,20075264,20077528,21105664
3572,2,1304,177,2,1087,0,37,98227016,15849364,27476460,2904,78066644,,25773044,23079440,23034296,26340236,,2442140,5476668,5171632,2758924,,4750152,8992864,8708960,5024484,,620,1736,240,308,,19005136,20075264,20077568,18908676
3576,1,1305,177,2,1089,0,37,98427076,15647632,27275640,2904,78067544,,25897036,23107908,23067856,26354276,,2300976,5442452,5143096,2761108,,4609360,8958708,8680468,5027104,,620,1736,240,308,,19005556,20075288,20077600,18909100
3579,1,1306,177,2,1090,0,37,98088956,15952808,27581280,2904,77699720,,25445692,23097000,23057408,26488856,,2768196,5438296,5148176,2598140,,5076740,8954580,8685560,4864400,,620,1736,240,308,,18637280,20075300,20077624,18909516
3582,1,1307,177,2,1091,0,37,98086324,15445264,27076848,2904,78071288,,25385156,23101928,23067140,26532100,,2331472,5436132,5133676,2543984,,4642728,8952424,8671072,4810624,,620,1736,240,308,,19008396,20075308,20077644,18909940
3585,1,1308,177,2,1092,0,37,98069696,15455464,27087900,2904,78072104,,25360480,23101352,23072596,26535268,,2353120,5423608,5132580,2546156,,4664792,8939916,8669984,4813208,,620,1736,240,308,,19008832,20075328,20077652,18910292
3588,1,1309,177,2,1093,0,37,97490596,16077776,27711948,2904,77583088,,25353548,22813932,22751784,26571332,,2365084,5749328,5472536,2490828,,4677080,9266760,9009904,4758204,,620,1736,240,308,,19009168,19860300,19802984,18910636
3591,1,1310,178,2,1094,0,36,97449964,16121644,27756456,2904,77671192,,25344532,22859944,22692528,26552960,,2382104,5701328,5527680,2510532,,4694436,9218576,9065136,4778308,,620,1736,240,308,,19009480,19947464,19803216,18911032
3594,0,1311,177,2,1095,0,37,98047656,15970948,27609040,2904,77681052,,25772780,23050204,22643364,26581308,,2406724,5497280,5585356,2481588,,4720236,9016304,9122896,4749604,,620,1736,240,308,,18890668,20075492,19803616,18911276
3597,0,1312,178,2,1096,0,36,98148176,15870680,27509848,2904,77801624,,25868304,22971200,22652692,26655980,,2296364,5572616,5588756,2412944,,4610432,9091664,9126280,4681472,,620,1736,240,308,,19010620,20075424,19803668,18911912
3599,1,1313,178,2,1097,0,36,98117508,15914192,27553740,2904,77808116,,25824740,22981928,22656876,26653964,,2368264,5570804,5566328,2408796,,4682468,9089936,9103856,4677480,,620,1736,240,308,,19010700,20075476,19809952,18911988
3602,1,1314,178,2,1098,0,36,98450096,15553572,27194516,2904,78013392,,25817260,23043724,22946860,26642252,,2367548,5507632,5268788,2409604,,4682000,9026908,8806640,4678968,,620,1736,240,308,,19010944,20075628,20014152,18912668
3605,1,1315,179,2,1099,0,35,98510848,15385632,27136200,2904,78165344,,25775628,23007892,23105480,26621848,,2413128,5552752,4982656,2437096,,4727844,9074172,8627404,4706780,,620,1736,240,308,,19011156,20056340,20184848,18913000
3608,0,1316,179,2,1100,0,35,98528520,13225348,27113396,2904,80319020,,25774228,23012692,23121396,26620204,,2411124,5547960,2811156,2455108,,4726096,9069756,8592684,4724860,,620,1736,240,308,,19011404,20077860,22316692,18913064
3610,2,1317,179,2,1101,0,35,98692448,13053700,26954892,2904,80331928,,25867016,23090988,23107460,26626984,,2314376,5458792,2843792,2436740,,4629756,8980812,8637392,4706932,,620,1736,240,308,,19011824,20077928,22328676,18913500
3614,1,1318,179,2,1102,0,35,98456116,15103168,27180800,2904,78196084,,25611152,23095016,23112852,26637096,,2579624,5456112,5065316,2002116,,4895376,8978132,8630396,4676896,,620,1736,240,308,,18695912,20077948,20104984,19317240
3617,0,1319,179,2,1103,0,35,98817912,13018284,26841208,2904,80253212,,26011120,23102648,23092792,26611352,,2169804,5452840,5086192,309448,,4485768,8974908,8651276,4729256,,620,1736,240,308,,19012292,20077972,20104996,21057952
3619,1,1320,179,2,1104,0,35,98659576,13155188,26998004,2904,80272972,,25960664,23043548,23097020,26558344,,2224112,5521672,5079076,330328,,4540412,9043768,8644180,4769644,,620,1736,240,308,,19012760,20077868,20105008,21077336
3622,2,1321,179,2,1104,0,35,98518600,15567716,27168640,2904,78035872,,25933924,23029100,23086920,26468656,,2262804,5526188,5081044,2697680,,4579524,9048332,8646228,4894556,,620,1736,240,308,,19013120,20077900,20105136,18839716
3626,1,1322,178,2,1106,0,36,98097520,15992520,27594256,2904,77714320,,25598172,23026252,23077620,26395476,,2589232,5538400,5091364,2773524,,4906196,9060564,8656624,4970872,,620,1736,240,308,,18691132,20077904,20105152,18840132
3629,1,1323,178,2,1107,0,36,98473780,15639564,27243044,2904,78037156,,25971036,23043588,23083616,26375540,,2228856,5520948,5082396,2807364,,4547572,9043156,8647612,5004704,,620,1736,240,308,,19013952,20077948,20105172,18840084
3632,1,1324,177,2,1108,0,37,98213952,15896024,27499480,2904,77813116,,26027036,22793764,23070264,26322888,,2152468,5773812,5101984,2867760,,4471596,9295288,8667296,5065300,,620,1736,240,308,,19014320,19853376,20105196,18840224
3635,0,1325,176,2,1109,0,38,98663648,15416032,27019292,2904,77989696,,26055120,23085456,23107980,26415092,,2128184,5450784,5070696,2766368,,4447596,8971176,8636028,4964492,,620,1736,240,308,,19014600,20029016,20105212,18840868
3638,0,1326,176,2,1110,0,38,98809292,15235188,26839220,2904,77981852,,26082560,23025388,23122088,26579256,,2090792,5519368,5040304,2584724,,4410448,9039824,8605672,4783276,,620,1736,240,308,,19014812,20020312,20105248,18841480
3641,0,1327,177,2,1111,0,37,98418136,15599196,27202780,2904,77707992,,26003476,23126072,22921232,26367356,,2162476,5428572,5223732,2784416,,4482692,8949104,8787780,4983204,,620,1736,240,308,,19005816,20078096,19918220,18705860
3643,1,1328,176,2,1112,0,38,98804900,15226668,26834712,2904,78043488,,26009648,23132108,23100976,26562168,,2156676,5409500,5062424,2598068,,4477440,8932136,8627992,4797144,,620,1736,240,308,,19015892,20080156,20105296,18842144
3646,1,1329,177,2,1113,0,37,98849980,15160040,26768648,2904,78044168,,25994376,23143364,23108196,26604044,,2167428,5392408,5046900,2553304,,4488464,8915060,8612484,4752640,,620,1736,240,308,,19016128,20080176,20105444,18842420
3649,1,1330,177,2,1114,0,37,98452224,15562656,27171936,2904,77894196,,26007664,22874776,22987320,26582464,,2157600,5676184,5181464,2547408,,4479052,9198760,8747104,4747020,,620,1736,240,308,,19016532,19929572,20105440,18842652
3652,1,1331,177,2,1115,0,37,98646840,15377428,26987760,2904,78045420,,26023224,23044068,22994144,26585404,,2154868,5489656,5175252,2557652,,4476448,9012660,8740896,4757756,,620,1736,240,308,,19016668,20080184,20105400,18843168
3655,0,1332,177,2,1116,0,37,98558524,15490296,27101916,2904,78046552,,26090192,22902836,22985308,26580188,,2080024,5663036,5188012,2559224,,4402460,9185956,8753784,4759716,,620,1736,240,308,,19017456,20080012,20105552,18843532
3657,1,1333,177,2,1117,0,37,98687348,15267248,26929740,2904,78095708,,26061504,23000260,22980312,26645272,,2112840,5559444,5162984,2431980,,4435544,9084016,8728784,4681396,,620,1736,240,308,,19017600,20080244,20105568,18892296
3660,1,1334,177,2,1118,0,37,98742660,13015508,26862872,2904,80275596,,26070488,23054352,22981952,26635868,,2086348,5505136,5165500,258524,,4409264,9029804,8731312,4692492,,620,1736,240,308,,19017764,20080352,20105584,21071896
3663,3,1335,177,2,1119,0,37,98832500,15214812,26797824,2904,78014756,,26029428,23080124,23109436,26613512,,2149368,5461652,5042900,2560892,,4473976,8986528,8609100,4728220,,620,1736,240,308,,19018228,20080440,20106008,18810080
3668,1,1336,177,2,1120,0,37,98907984,15104720,26688400,2904,78015276,,26028560,23136032,23114540,26628852,,2136432,5415704,5021628,2530956,,4461192,8940824,8587888,4698496,,620,1736,240,308,,19018408,20080576,20106004,18810288
3671,1,1337,177,2,1121,0,37,98638092,15364000,26948960,2904,77835408,,25799540,23113104,23105236,26620212,,2368424,5423660,5026784,2545132,,4693960,8948868,8593060,4713072,,620,1736,240,308,,18838112,20080592,20106028,18810676
3674,1,1338,178,2,1122,0,36,98027536,15990376,27579784,2904,77226604,,26035616,23127404,23100272,25764244,,2138284,5404856,5037772,3409464,,4464208,8930112,8604056,5581408,,620,1736,240,308,,19019516,20080612,20106032,18020444
3677,0,1339,176,2,1123,0,38,98556972,15497852,27086772,2904,77710980,,25963860,23119068,23102904,26371140,,2218848,5418032,5039864,2821108,,4544796,8943300,8606196,4992480,,620,1736,240,308,,19019492,20080612,20106048,18504828
3679,1,1340,176,2,1124,0,38,98523804,15519600,27109312,2904,77775808,,25966380,22947320,23102900,26507204,,2204196,5592572,5054560,2668272,,4530472,9117864,8620932,4840044,,620,1736,240,308,,19019820,19961140,20106060,18688788
3682,1,1341,178,2,1125,0,36,98109676,15966088,27558116,2904,77558348,,25931928,22945608,22850188,26381952,,2245120,5601440,5310684,2808844,,4571720,9126732,8876012,4983652,,620,1736,240,308,,19020104,19971440,19853892,18712912
3685,1,1342,180,2,1126,0,34,98562384,15539948,27138404,2904,77935196,,25993076,23101376,23104508,26363424,,2183680,5457036,5058724,2840508,,4510864,8986448,8625296,5015796,,620,1736,240,308,,19020756,20084640,20106068,18723732
3688,1,1343,180,2,1127,0,34,98402844,15703008,27301604,2904,77798808,,25920084,23048284,23104656,26329820,,2259352,5498776,5047000,2897880,,4586488,9028336,8613600,5073180,,620,1736,240,308,,18930420,20084756,20106328,18677304
3691,1,1344,180,2,1128,0,34,98646588,15444268,27043704,2904,78029220,,26047712,23102728,23088392,26407756,,2112388,5442560,5078152,2811168,,4440028,8972300,8644756,4986620,,620,1736,240,308,,19021184,20084812,20106328,18816896
3694,1,1345,180,2,1129,0,34,98901712,15165580,26766628,2904,78030732,,26070988,23110052,23091840,26628832,,2096216,5434016,5070736,2564612,,4424480,8963764,8637384,4741000,,620,1736,240,308,,19021684,20084784,20106380,18817884
3697,1,1346,180,2,1130,0,34,98986100,15001124,26602732,2904,78026824,,26118176,23069764,23111496,26686664,,2045592,5406352,5052220,2496960,,4374044,8936040,8618908,4673740,,620,1736,240,308,,19021832,20080320,20106400,18818272
3700,0,1347,180,2,1131,0,34,98949044,15043560,26645896,2904,78032056,,26070236,23069380,23120964,26688464,,2098944,5402796,5045976,2495844,,4427692,8932508,8612960,4672736,,620,1736,240,308,,19022096,20084868,20106696,18818396
3703,0,1348,180,2,1132,0,34,98862988,15149980,26755828,2904,78035372,,26069032,23038388,23088448,26667120,,2091640,5445704,5075592,2537044,,4421124,8975512,8642432,4716760,,620,1736,240,308,,19022836,20084900,20106480,18821156
3705,1,1349,180,2,1133,0,34,98952528,14988176,26594408,2904,78035776,,26045844,23094948,23095528,26716208,,2114080,5364952,5058860,2450284,,4443784,8894792,8625716,4630116,,620,1736,240,308,,19023064,20084952,20106500,18821260
3708,1,1350,180,2,1134,0,34,98771368,15218728,26825352,2904,78036052,,26050180,22974088,23083708,26663392,,2103624,5518024,5072876,2524204,,4433596,9047812,8639740,4704204,,620,1736,240,308,,19023352,20084856,20106512,18821332
3711,1,1351,180,2,1135,0,34,98851232,15194688,26802064,2904,78036576,,26133412,23031816,22999860,26686144,,2030696,5444304,5195156,2524532,,4361136,8974144,8762072,4704712,,620,1736,240,308,,19023720,20084892,20106460,18821504
3714,1,1352,180,2,1136,0,34,98030768,16023648,27632120,2904,77342732,,25386788,22983540,22978020,26682420,,2784568,5510300,5207388,2521392,,5115580,9040012,8774320,4702208,,620,1736,240,308,,18329360,20084768,20106468,18822136
3717,1,1353,178,2,1137,0,36,98089148,15916300,27526084,2904,77369456,,25770232,22960748,22613084,26745084,,2368736,5512152,5572140,2463272,,4699796,9041900,9139056,4645332,,620,1736,240,308,,18699932,20084824,19761268,18823432
3720,1,1354,178,2,1138,0,36,98834076,15140012,26750416,2904,77988432,,26099660,23033136,22949368,26751912,,2036580,5448188,5205460,2449784,,4368144,8978088,8772240,4631944,,620,1736,240,308,,19024756,20084964,20055200,18823512
3723,1,1355,178,2,1139,0,36,98459256,15501512,27112832,2904,77517920,,26084964,22556516,23085672,26732104,,2054704,5920872,5073636,2452300,,4386208,9450892,8640832,4634900,,620,1736,240,308,,19025032,19562044,20106892,18823952
3726,1,1356,177,2,1140,0,37,98861412,15084732,26697024,2904,77908320,,26091572,22903920,23128164,26737756,,2039184,5564600,5034140,2446808,,4371020,9094636,8601488,4629880,,620,1736,240,308,,19025356,19951464,20107028,18824472
3729,0,1357,177,2,1141,0,37,99066832,14869604,26483448,2904,78044772,,26087116,23113728,23142904,26723084,,2051848,5345268,5012628,2459860,,4383896,8876372,8580136,4643044,,620,1736,240,308,,19025568,20087468,20107184,18824552
3732,0,1358,177,2,1142,0,37,98584476,15352596,26965612,2904,77583952,,26045684,23009240,23140712,26388840,,2102240,5455744,5005904,2788708,,4434864,8985328,8573440,4971980,,620,1736,240,308,,19026104,19958356,20107192,18492300
3734,1,1359,176,2,1143,0,38,98916964,15009560,26624488,2904,77881968,,26097180,23120800,23124800,26574184,,2050548,5343520,5016224,2599268,,4383380,8873440,8583780,4783888,,620,1736,240,308,,19026360,20087416,20107204,18660988
3737,1,1360,177,2,1144,0,37,98950104,14994448,26609952,2904,78046660,,26038112,23137952,23124340,26649700,,2104640,5340668,5018468,2530672,,4437580,8870608,8586068,4715696,,620,1736,240,308,,19026444,20087440,20107220,18825556
3740,1,1361,177,2,1145,0,37,98728132,15281896,26898104,2904,78047144,,26003236,23057792,23127252,26539852,,2175728,5418568,5012728,2674872,,4509024,8948464,8580380,4860236,,620,1736,240,308,,19026772,20087368,20107232,18825772
3743,1,1362,177,2,1146,0,37,98653440,15373560,26989084,2904,77899568,,26072884,22957820,23126500,26496236,,2097876,5550116,5011328,2714240,,4431640,9078500,8578992,4899952,,620,1736,240,308,,19027300,19938972,20107240,18826056
3746,1,1363,176,2,1147,0,38,98695768,15311660,26928468,2904,78048948,,26023084,23073892,23122444,26476348,,2150656,5408112,5039072,2713820,,4484840,8936824,8606752,4900052,,620,1736,240,308,,19027712,20087396,20107264,18826576
3749,1,1364,176,2,1148,0,38,98665560,15393796,27011048,2904,78049196,,26050888,23044812,23127056,26442804,,2134660,5444340,5028568,2786228,,4469048,8973140,8596388,4972472,,620,1736,240,308,,19027860,20087392,20107404,18826540
3753,1,1365,176,2,1149,0,38,98544864,15503140,27121056,2904,77728612,,26103936,23071612,22745308,26624008,,2066700,5450888,5421904,2563648,,4401600,8980544,8988120,4750792,,620,1736,240,308,,19028384,20087324,19785296,18827608
3756,1,1366,174,2,1150,0,40,98769296,15261416,26880284,2904,77787672,,25876272,23083024,23131460,26678540,,2283684,5444304,5008212,2525216,,4618844,8974108,8574688,4712644,,620,1736,240,308,,18789432,20087392,20082888,18827960
3759,1,1367,176,2,1151,0,38,99027184,14979600,26601624,2904,78052048,,26127052,23031060,23156836,26712236,,2033456,5490876,4984296,2470972,,4371424,9020688,8550884,4658628,,620,1736,240,308,,19028800,20087400,20107648,18828200
3762,1,1368,176,2,1152,0,38,98967328,15047788,26671468,2904,78053568,,26110820,23089816,23095836,26670856,,2037260,5437736,5059200,2513592,,4375996,8967632,8625704,4702136,,620,1736,240,308,,19029872,20087436,20107472,18828788
3765,1,1369,176,2,1153,0,38,98930688,15064632,26687224,2904,77954360,,26028344,23038592,23109744,26754008,,2131372,5495756,5042828,2394676,,4470288,9025604,8609344,4581988,,620,1736,240,308,,18930596,20087352,20107476,18828936
3768,1,1370,175,2,1154,0,39,98973368,15025256,26650016,2904,78014180,,26149428,23040676,23055684,26727580,,2014668,5491036,5106188,2413364,,4355388,9020892,8672676,4601060,,620,1736,240,308,,19030596,20087352,20107404,18788828
3771,0,1371,175,2,1155,0,39,98960784,15080912,26706056,2904,78054792,,26235340,23036144,22988076,26701224,,1929136,5488852,5183260,2479664,,4270180,9018716,8749700,4667460,,620,1736,240,308,,19030832,20087360,20107316,18829284
3774,0,1372,175,2,1156,0,39,98859528,15156316,26783676,2904,78033792,,26226324,22963724,22993912,26675568,,1920160,5569716,5168108,2498332,,4261652,9100912,8734560,4686552,,620,1736,240,308,,19031252,20065496,20107332,18829712
3777,0,1373,177,2,1157,0,37,98710144,15320640,26949332,2904,77873316,,26221084,22803964,22989472,26695624,,1929464,5737548,5164996,2488632,,4271460,9269048,8731456,4677368,,620,1736,240,308,,19031728,19904024,20107336,18830228
3780,0,1374,177,2,1158,0,37,98995148,14730744,26687860,2904,78382960,,26168244,23058192,23013468,26755244,,1996664,5136480,5169000,2428600,,4339016,8995772,8735624,4617448,,620,1736,240,308,,19032068,20412968,20107520,18830404
3782,1,1375,177,2,1159,0,37,99102328,12683388,26558960,2904,80297252,,26162728,23067844,23100692,26771064,,1995548,3207240,5073548,2407052,,4338000,8984216,8640412,4596332,,620,1736,240,308,,19032156,22326420,20107848,18830828
3785,2,1376,177,2,1159,0,37,98916516,15047020,26704140,2904,77868180,,26129056,23108904,22932172,26746384,,2031728,5363148,5220376,2431768,,4374828,8920640,8787024,4621648,,620,1736,240,308,,19032696,20111456,19892620,18831408
3789,1,1377,177,2,1161,0,37,99027168,14951064,26609928,2904,78039740,,26078992,23088832,23107764,26751580,,2099204,5389628,5041044,2421188,,4443648,8947092,8608004,4611184,,620,1736,240,308,,19034024,20084688,20089492,18831536
3792,1,1378,178,2,1162,0,36,99077432,14934308,26594112,2904,78086088,,26086892,23104744,23139976,26745820,,2083220,5378876,5033428,2438784,,4428120,8936396,8600496,4629100,,620,1736,240,308,,19034508,20111524,20108220,18831836
3795,1,1379,178,2,1163,0,36,99043432,14952364,26612620,2904,78086440,,26150048,23059988,23134364,26699032,,2004648,5425872,5033972,2487872,,4349688,8983548,8601068,4678316,,620,1736,240,308,,19034676,20111560,20108228,18831976
3798,1,1380,177,2,1164,0,37,98688052,15335960,26997080,2904,77871492,,25898156,23052448,23141128,26596320,,2259824,5447188,5009396,2619552,,4605084,9005012,8576520,4810464,,620,1736,240,308,,18819308,20111576,20108244,18832364
3801,1,1381,178,2,1165,0,36,98745664,15301992,26964312,2904,78074188,,26056296,23025968,23112408,26550992,,2104556,5469560,5058444,2669432,,4450372,9027372,8625708,4860860,,620,1736,240,308,,19021572,20111508,20108384,18832724
3804,0,1382,178,2,1166,0,36,98763184,15263976,26927740,2904,78057640,,26115308,23044660,23119092,26484124,,2049060,5453460,5048756,2712700,,4395492,9011292,8616052,4904904,,620,1736,240,308,,19036120,20111540,20108388,18801592
3807,0,1383,178,2,1167,0,36,98695608,15365576,27032996,2904,78089628,,26069928,22984612,23116532,26524536,,2111324,5523828,5049028,2681396,,4457828,9081636,8619444,4874088,,620,1736,240,308,,19036076,20111484,20108460,18833608
3809,1,1384,178,2,1168,0,36,98918576,15092996,26761768,2904,78041348,,26131140,23066640,23117880,26602916,,2024652,5437872,5035356,2595116,,4371404,8995744,8605952,4788668,,620,1736,240,308,,19036372,20111600,20108536,18784840
3812,1,1385,177,2,1169,0,37,99436412,15007380,26678124,2904,78030524,,26489456,23137660,23125728,26683568,,2127644,5353612,5028740,2497384,,4475032,8911612,8599372,4692108,,620,1736,240,308,,18975836,20111740,20108568,18834380
3815,1,1386,178,2,1170,0,36,99603560,14857684,26529976,2904,78093528,,26595712,23120184,23151176,26736488,,2030124,5378512,5004124,2444924,,4378216,8936632,8574820,4640308,,620,1736,240,308,,19038184,20111764,20108604,18834976
3818,1,1387,178,2,1171,0,36,99660748,14752292,26431276,2904,78100128,,26584484,23119028,23164308,26792928,,2025908,5372228,4989588,2364568,,4376120,8930380,8560308,4564468,,620,1736,240,308,,19040292,20111780,20108624,18839432
3821,1,1388,178,2,1172,0,36,99627676,14813104,26493200,2904,78101172,,26589188,23105112,23145524,26787852,,2028980,5387884,5024452,2371788,,4379892,8946100,8595148,4572060,,620,1736,240,308,,19041040,20111788,20108544,18839800
3824,1,1389,178,2,1173,0,36,98886088,15544868,27224740,2904,77459700,,26565388,22794468,23147384,26378848,,2036896,5714960,5018220,2774792,,4388244,9272524,8589044,4974928,,620,1736,240,308,,19041428,19809660,20108684,18499928
3827,1,1390,177,2,1174,0,37,99241284,15176044,26857324,2904,77870508,,26578264,23090364,22858672,26713984,,2026448,5400344,5297320,2451932,,4378064,8958588,8866780,4653892,,620,1736,240,308,,19041692,20111816,19918140,18798860
3830,1,1391,179,2,1175,0,35,99496776,14928160,26610048,2904,78103200,,26655024,23077116,23042216,26722420,,1952696,5424596,5104384,2446484,,4304908,8982824,8673852,4648464,,620,1736,240,308,,19042176,20111840,20108688,18840496
3833,1,1392,179,2,1176,0,35,99435868,14974972,26657720,2904,78104124,,26667928,23037516,23036460,26693964,,1932228,5451752,5107724,2483268,,4284780,9009952,8677200,4685788,,620,1736,240,308,,19042636,20111764,20108696,18841028
3836,1,1393,179,2,1177,0,35,99486640,14964396,26648364,2904,78105232,,26665388,23094828,23024136,26702288,,1932720,5422744,5132140,2476792,,4285856,8981064,8701636,4679808,,620,1736,240,308,,19043068,20111904,20108712,18841548
3839,1,1394,179,2,1178,0,35,99535160,14898608,26583076,2904,78105708,,26664212,23084832,23036956,26749160,,1926716,5420072,5124684,2427136,,4280048,8978420,8694264,4630344,,620,1736,240,308,,19043284,20111932,20108772,18841720
3842,0,1395,179,2,1179,0,35,99411484,15001828,26687756,2904,78107080,,26616592,23022852,23057112,26714928,,1985424,5492820,5071084,2452500,,4338928,9051660,8641176,4655992,,620,1736,240,308,,19043472,20112324,20109364,18841920
3845,1,1396,179,2,1180,0,35,99612212,14740012,26426740,2904,78107880,,26609840,23156296,23096580,26749496,,1990472,5319952,5020624,2408964,,4344272,8878668,8590752,4613048,,620,1736,240,308,,19043824,20112144,20109388,18842524
3848,1,1397,178,2,1181,0,36,99627860,14747100,26433340,2904,78108336,,26626792,23150912,23101096,26749060,,1964164,5355780,5010116,2417040,,4317112,8914540,8580256,4621432,,620,1736,240,308,,19043984,20112160,20109404,18842788
3851,1,1398,178,2,1182,0,36,99623304,14765508,26452852,2904,78109468,,26607984,23153936,23103268,26758116,,2007972,5345736,5000968,2410832,,4361636,8904508,8571124,4615584,,620,1736,240,308,,19044716,20112184,20109420,18843148
3854,1,1399,178,2,1183,0,36,99032644,15410532,27098536,2904,77896228,,26506360,23120692,23100888,26304704,,2112324,5382372,5010068,2905768,,4466412,8941132,8580244,5110748,,620,1736,240,308,,19045044,20112124,20109440,18629620
3858,0,1400,178,2,1184,0,36,98693552,15752768,27443108,2904,77479928,,25865012,23094900,23113820,26619820,,2777564,5395084,4998776,2581344,,5132024,8953900,8568984,4788200,,620,1736,240,308,,18414556,20112224,20109452,18843696
3861,0,1401,179,2,1185,0,35,99244000,15170604,26861552,2904,78111348,,26512344,23070036,23109644,26551976,,2105896,5417500,5011672,2635536,,4460332,8976292,8581888,4843040,,620,1736,240,308,,19045484,20112136,20109460,18844268
3864,0,1402,179,2,1186,0,35,99244180,15195808,26887508,2904,78112000,,26579848,23079704,23095284,26489344,,2050840,5421120,5008756,2715092,,4405800,8979948,8578984,4922776,,620,1736,240,308,,19045976,20112144,20109472,18844408
3866,1,1403,178,2,1187,0,36,99287836,15142016,26833704,2904,78056176,,26584412,23078548,23085308,26539568,,2051720,5417728,4999812,2672756,,4407252,8976564,8568856,4881032,,620,1736,240,308,,19046364,20112160,20052588,18845064
3869,1,1404,178,2,1188,0,36,98562088,15860332,27551776,2904,77335144,,26584068,22224412,23118940,26634668,,2046280,6298364,4964772,2550916,,4402144,9855180,8535172,4759280,,620,1736,240,308,,19046704,19333508,20109740,18845192
3872,1,1405,178,2,1189,0,36,99667080,14710828,26404028,2904,78114732,,26644856,23129696,23138088,26754440,,1981724,5362576,4963252,2403276,,4337692,8920252,8533708,4612376,,620,1736,240,308,,19046796,20112316,20109776,18845844
3875,1,1406,178,2,1190,0,36,99672136,14721328,26415600,2904,78115612,,26586096,23133948,23144592,26807500,,2019696,5380684,4953160,2367788,,4376004,8938384,8523664,4577548,,620,1736,240,308,,19047104,20112352,20109820,18846336
3878,1,1407,178,2,1191,0,36,99667040,14705276,26399988,2904,78115932,,26571600,23140028,23144880,26810532,,2045340,5363284,4956708,2339944,,4401704,8920996,8527224,4550064,,620,1736,240,308,,19047172,20112356,20109824,18846580
3881,1,1408,178,2,1192,0,36,99616568,14746720,26443676,2904,78116684,,26593920,23089136,23114836,26818676,,2011768,5392960,5010660,2331332,,4368892,8952120,8581100,4541564,,620,1736,240,308,,19047932,20112380,20109652,18846720
3884,1,1409,178,2,1193,0,36,99512400,14873932,26571584,2904,78117252,,26569312,23101700,23069744,26771644,,2045768,5384708,5050348,2393108,,4403292,8943916,8620796,4603580,,620,1736,240,308,,19048316,20112388,20109660,18846888
3887,1,1410,178,2,1194,0,36,99412212,14987652,26688216,2904,78120192,,26646960,23001084,23007668,26756500,,1963104,5507708,5114644,2402196,,4320948,9068968,8685128,4613172,,620,1736,240,308,,19048696,20114416,20109628,18847452
3890,1,1411,178,2,1195,0,36,99078640,15328344,27029660,2904,77785056,,26645220,23068632,22973984,26390804,,1954880,5452836,5147440,2773188,,4313104,9014148,8718064,4984344,,620,1736,240,308,,19049072,20114592,20109760,18511632
3893,1,1412,177,2,1196,0,37,98770652,15600952,27306544,2904,77324708,,26044396,23098068,22999528,26628660,,2572192,5397800,5120216,2510744,,4934324,8959356,8690848,4722016,,620,1736,240,308,,18422176,20114648,20109772,18678112
3896,0,1413,175,2,1197,0,39,99546300,14782520,26495948,2904,78084716,,26719872,23105524,22982748,26738156,,1858100,5400204,5132120,2392096,,4223260,8966036,8702764,4603888,,620,1736,240,308,,19054340,20118824,20109784,18801768
3898,1,1414,176,2,1198,0,38,99394924,14974616,26687540,2904,77808568,,26714684,23090460,22727648,26862132,,1878812,5407536,5407528,2280740,,4244148,8973380,8977264,4492748,,620,1736,240,308,,19054440,20118856,19786444,18848828
3901,1,1415,175,2,1199,0,39,99389980,14976948,26690940,2904,77931652,,26667960,23065400,23116740,26539880,,1930724,5445328,4991976,2608920,,4296380,9011228,8562268,4821064,,620,1736,240,308,,19054708,20118900,20110284,18647760
3904,1,1416,175,2,1200,0,39,99536872,14822144,26536492,2904,77840360,,26530208,23171804,22974784,26860076,,2090180,5319236,5132488,2280240,,4455924,8885400,8701964,4493204,,620,1736,240,308,,18939080,20119060,19932440,18849780
3907,1,1417,175,2,1201,0,39,99818544,14439584,26204980,2904,78163556,,26703068,23160820,23120580,26834076,,1838096,5322596,4975544,2303348,,4254392,8889044,8545104,4516440,,620,1736,240,308,,19104204,20119072,20090412,18849868
3910,1,1418,175,2,1202,0,39,99788068,12965564,26373756,2904,79816128,,26652040,23162456,23128028,26845544,,373584,5321896,4984568,2285516,,4432276,8888368,8554152,4498960,,620,1736,240,308,,20741548,20119080,20105256,18850244
3913,1,1419,175,2,1202,0,39,99592696,12977164,26492120,2904,79922688,,26545740,23167360,23142688,26736908,,259476,5323552,4973944,2420192,,4424776,8890140,8543536,4633668,,620,1736,240,308,,20848144,20119092,20105268,18850184
3917,0,1420,175,2,1204,0,39,99250780,15172768,26802880,2904,77729812,,26599616,22827332,23131604,26692228,,2062832,5679460,4958976,2471500,,4343192,9245460,8528612,4685616,,620,1736,240,308,,18967952,19805604,20105480,18850776
3919,1,1421,175,2,1205,0,39,99497672,14958048,26589384,2904,78043976,,26600808,23135360,23133224,26628280,,2068412,5367332,4960488,2561816,,4349100,8933904,8530124,4776256,,620,1736,240,308,,18968348,20119036,20105492,18851100
3922,1,1422,175,2,1206,0,39,99451032,14971264,26603136,2904,78044656,,26633884,23106444,23118064,26592640,,2025348,5385308,4976652,2583956,,4306148,8951904,8546308,4798776,,620,1736,240,308,,18968464,20119064,20105656,18851472
3925,1,1423,175,2,1207,0,39,99568092,14851196,26488216,2904,78053228,,26695744,23106936,23130032,26635380,,1958948,5377512,4968836,2545900,,4242568,8944112,8538912,4762624,,620,1736,240,308,,18971320,20119072,20110716,18852120
3928,1,1424,176,2,1208,0,38,99650876,14755724,26393360,2904,78053624,,26648380,23164012,23131028,26707456,,1991452,5339580,4963180,2461512,,4275152,8906408,8533260,4678540,,620,1736,240,308,,18971328,20119236,20110724,18852336
3931,1,1425,176,2,1209,0,38,99610828,14791556,26433656,2904,78058156,,26663456,23168020,23081940,26697412,,1979308,5319776,5031848,2460624,,4267356,8886672,8601940,4677688,,620,1736,240,308,,18975728,20119296,20110724,18852408
3934,1,1426,176,2,1210,0,38,99271712,15124736,26766248,2904,77583892,,26643804,22628164,23150820,26848924,,2001408,5892624,4945864,2284840,,4289672,9457644,8516148,4502784,,620,1736,240,308,,18975888,19643888,20110900,18853216
3937,1,1427,175,2,1211,0,39,99484632,14924792,26570184,2904,77684488,,26631940,23195584,22788048,26869060,,2029088,5291744,5335776,2268184,,4317672,8860784,8904948,4486780,,620,1736,240,308,,18976216,20121420,19733104,18853748
3940,0,1428,174,2,1212,0,40,99195632,15660612,27305616,2904,77061264,,26378196,23098940,23113088,26605408,,2745176,5410808,4986288,2518340,,5033440,8979684,8555432,4737060,,620,1736,240,308,,18276508,20121248,20026292,18637216
3943,0,1429,174,2,1213,0,40,99878796,14987408,26634608,2904,77735780,,27069936,23145320,23088980,26574560,,2039932,5362080,5017852,2567544,,4329640,8931040,8587904,4786024,,620,1736,240,308,,18977456,20121336,20070192,18566796
3945,1,1430,175,2,1214,0,39,99754736,15093376,26741724,2904,77691656,,27060752,23137672,22832304,26724008,,2038792,5358824,5293168,2402592,,4328736,8927836,8863628,4621524,,620,1736,240,308,,18977732,20121352,19852788,18739784
3948,1,1431,176,2,1215,0,38,99756388,15146836,26799208,2904,77873236,,27089884,23015368,23024680,26626456,,2008156,5494280,5117284,2527116,,4298348,9063184,8687752,4749924,,620,1736,240,308,,18977892,20121268,20098320,18675756
3951,1,1432,177,2,1216,0,37,99925160,14997720,26651128,2904,78068164,,27074836,23085476,22996620,26768228,,2034408,5421624,5138448,2403240,,4325348,8990544,8708956,4626280,,620,1736,240,308,,18978704,20121292,20111164,18857004
3954,1,1433,177,2,1217,0,37,100030956,14870804,26525372,2904,78069008,,27115872,23141472,23001736,26771876,,1987104,5361932,5125272,2396496,,4278444,8931132,8695792,4620004,,620,1736,240,308,,18978952,20121416,20111176,18857464
3957,1,1434,177,2,1218,0,37,100055564,14793828,26449592,2904,78070180,,27101400,23118520,23009812,26825832,,1991136,5372688,5101184,2328820,,4282852,8941932,8671844,4552964,,620,1736,240,308,,18979296,20121456,20111328,18858100
3960,1,1435,177,2,1219,0,37,100202976,14664300,26320936,2904,78071048,,27104532,23139672,23120424,26838348,,1990504,5362640,5004396,2306760,,4282392,8932040,8575444,4531060,,620,1736,240,308,,18979476,20121572,20111800,18858200
3963,1,1436,177,2,1220,0,37,99578236,15314604,26972244,2904,77498048,,26721052,22888904,23131964,26836316,,2404956,5620248,4994628,2294772,,4696644,9189932,8566004,4519664,,620,1736,240,308,,18683384,19843948,20112092,18858624
3966,1,1437,176,2,1221,0,38,100078476,14778552,26441964,2904,77971012,,27025904,23205160,23019940,26827472,,2079284,5275168,5099008,2325092,,4375596,8845044,8670772,4550552,,620,1736,240,308,,18980304,20121716,20009824,18859168
3969,0,1438,177,2,1222,0,37,100176308,14677144,26341260,2904,78074064,,27021228,23203684,23123956,26827440,,2095160,5279772,4983496,2318716,,4392000,8849672,8555332,4544256,,620,1736,240,308,,18980540,20121720,20112524,18859280
3972,0,1439,177,2,1223,0,37,99945528,14975584,26640512,2904,78074584,,26946816,23145196,23105480,26748036,,2195336,5356180,5011232,2412836,,4492564,8926152,8583076,4638720,,620,1736,240,308,,18980924,20121636,20112528,18859496
3974,1,1440,177,2,1224,0,37,100013272,14892256,26557576,2904,78075096,,27011080,23160872,23127880,26713440,,2124760,5329068,4987888,2450540,,4422168,8899024,8559744,4676640,,620,1736,240,308,,18981184,20121648,20112540,18859724
3977,1,1441,177,2,1225,0,37,99937800,14983348,26649236,2904,78075612,,27016936,23148844,23075716,26696304,,2111520,5345276,5050752,2475800,,4409164,8915244,8622636,4702192,,620,1736,240,308,,18981368,20121664,20112560,18860020
3980,1,1442,177,2,1226,0,37,99145776,15792184,27458868,2904,77513840,,27017876,22434756,23134196,26558948,,2111268,6087700,4969348,2623868,,4409308,9657640,8541420,4850500,,620,1736,240,308,,18981756,19559200,20112712,18860172
3983,1,1443,177,2,1227,0,37,99560668,15143444,27016008,2904,77916796,,27038988,23182172,23107280,26232228,,2082360,5093656,5012212,2955216,,4381004,8870740,8584320,5179944,,620,1736,240,308,,18982356,20328204,20112724,18493512
3986,1,1444,175,2,1228,0,39,99984088,12657372,26570484,2904,80319164,,27036688,23197844,23114752,26634804,,2100032,3036180,4985308,2535852,,4399164,8852236,8557440,4761644,,620,1736,240,308,,18982584,22362556,20112740,18861284
3989,2,1445,175,2,1229,0,39,100053936,14270376,26491936,2904,78630756,,27082056,23174688,23090072,26707120,,2051404,4756484,5000976,2461512,,4350584,8880676,8573140,4687536,,620,1736,240,308,,18982884,20673596,20112756,18861520
3993,1,1446,175,2,1230,0,39,99805596,15053048,26743652,2904,77847484,,27038964,23174052,23108140,26484440,,2088592,5301844,4990496,2672116,,4387968,8894224,8562716,4898744,,620,1736,240,308,,18983012,20143636,20112804,18608032
3996,1,1447,175,2,1231,0,39,100210388,14590740,26330652,2904,78150664,,27018268,23173592,23156984,26861544,,2099612,5303592,4949436,2238100,,4399364,8895996,8521700,4513592,,620,1736,240,308,,18983380,20143660,20112828,18910796
3999,1,1448,175,2,1232,0,39,100157124,12719896,26380716,2904,80066824,,27041056,23121732,23151596,26842740,,2091068,5334104,4943232,351492,,4391200,8926464,8515524,4547528,,620,1736,240,308,,18983752,20143572,20112848,20826652
4002,1,1449,175,2,1233,0,39,99908296,13000668,26659732,2904,79890984,,26928000,23111024,23057676,26811596,,2213916,5348756,5065132,372864,,4512324,8941108,8637140,4569160,,620,1736,240,308,,18849136,20143580,20071712,20826556
4006,0,1450,175,2,1234,0,39,100088852,12794596,26493064,2904,80109424,,27122180,23089440,23061568,26815664,,1993316,5377752,5067240,356288,,4293616,8970112,8639592,4589744,,620,1736,240,308,,18985080,20143588,20112864,20867892
4009,0,1451,176,2,1235,0,38,99632916,15307372,26957044,2904,77760288,,27112344,22718632,23052812,26749128,,1989524,5765984,5102516,2449348,,4290256,9358252,8674872,4633664,,620,1736,240,308,,18985484,19838408,20112856,18823540
4012,0,1452,176,2,1236,0,38,99993244,14939876,26589980,2904,78032560,,27146728,23055408,23046964,26744144,,1960276,5415348,5097728,2466524,,4261160,9007720,8670096,4651004,,620,1736,240,308,,18985624,20110448,20112868,18823620
4015,0,1453,176,2,1237,0,38,100045240,14039556,26537796,2904,78912280,,27153596,23121700,23017212,26752732,,1949920,4504164,5122988,2462484,,4251512,8943196,8695368,4647720,,620,1736,240,308,,18986340,20988684,20112884,18824372
4018,1,1454,176,2,1238,0,38,100206924,12426948,26344324,2904,80328056,,27155300,23109568,23101656,26840400,,1941500,3090532,5023516,2371400,,4243296,8947812,8596272,4556944,,620,1736,240,308,,18986476,22403516,20113316,18824748
4021,2,1455,176,2,1238,0,38,100216848,14643624,26317920,2904,78089876,,27092460,23187724,23114776,26821888,,2020820,5251436,5003564,2367804,,4322888,8862960,8578364,4553708,,620,1736,240,308,,18986608,20162788,20115336,18825144
4025,1,1456,176,2,1240,0,38,100184684,14695836,26371360,2904,78090984,,27038792,23180600,23155616,26809676,,2083368,5272940,4968460,2371068,,4385888,8884496,8543448,4557528,,620,1736,240,308,,18987016,20162804,20115512,18825652
4028,1,1457,176,2,1241,0,38,99310600,15587428,27265564,2904,77313088,,27037124,23165528,23140496,25967452,,2081632,5292680,4977968,3235148,,4384224,8905392,8554564,5421384,,620,1736,240,308,,18987088,20163196,20115608,18047196
4031,1,1458,176,2,1242,0,38,99747660,12945780,26855664,2904,80064040,,26977396,23122380,23150216,26497668,,2149284,3112904,4971556,2712036,,4452588,8956348,8548160,4898568,,620,1736,240,308,,18987796,22388200,20115612,18572432
4034,1,1459,176,2,1242,0,38,99785704,15143564,26842568,2904,77998024,,26919956,23172080,23143616,26550052,,2217424,5271352,4989048,2665740,,4520756,8902692,8565684,4853436,,620,1736,240,308,,18987732,20180728,20115632,18713932
4038,1,1460,176,2,1244,0,38,99587276,15323476,27023800,2904,77746308,,27042340,23157728,22932696,26454512,,2075920,5271656,5189484,2786416,,4379584,8902940,8765168,4976108,,620,1736,240,308,,18988160,20180732,19835856,18741560
4041,0,1461,178,2,1245,0,36,99746756,15138464,26840644,2904,77892648,,27048732,23204492,23197472,26296060,,2054160,5227176,4913388,2943740,,4357428,8858676,8490388,5134152,,620,1736,240,308,,18977936,20180848,20115896,18617968
4044,1,1462,178,2,1246,0,36,100004976,14895004,26598584,2904,78113836,,27028784,23204996,23164184,26607012,,2095148,5230524,4957028,2612304,,4398980,8862136,8534064,4803404,,620,1736,240,308,,18989364,20180884,20115908,18827680
4047,0,1463,178,2,1247,0,36,100171200,14686988,26391992,2904,78114884,,27164828,23194988,23148168,26663216,,1933052,5232828,4973608,2547500,,4237308,8864772,8550660,4739252,,620,1736,240,308,,18989800,20180892,20115924,18828268
4049,1,1464,178,2,1248,0,36,99804000,15060152,26764904,2904,77839956,,26835028,23155852,23157704,26655416,,2281388,5263208,4954320,2561236,,4585500,8894900,8531408,4753096,,620,1736,240,308,,18714728,20180920,20115948,18828360
4052,1,1465,178,2,1249,0,36,100100244,14746420,26452008,2904,78092724,,27072212,23188268,23146420,26693344,,2029700,5240404,4971720,2504596,,4334176,8872128,8548828,4696876,,620,1736,240,308,,18966932,20180968,20115968,18828856
4055,1,1466,178,2,1250,0,36,100286836,14559176,26268124,2904,78118948,,27101572,23192744,23172600,26819920,,2017496,5233932,4950236,2357512,,4322352,8865672,8527388,4552712,,620,1736,240,308,,18990468,20180984,20116016,18831480
4058,1,1467,178,2,1251,0,36,100180328,14681928,26391440,2904,78119176,,27090192,23121652,23160824,26807660,,2031456,5329256,4944356,2376860,,4336388,8960976,8521544,4572532,,620,1736,240,308,,18990504,20180912,20116036,18831724
4061,1,1468,178,2,1252,0,36,100189996,14660124,26370652,2904,78120212,,27097060,23140992,23156252,26795692,,2019632,5301784,4964708,2374000,,4325320,8933544,8541864,4569924,,620,1736,240,308,,18991300,20180928,20115952,18832032
4064,1,1469,178,2,1253,0,36,99806848,15040632,26750632,2904,77787664,,27116948,22812732,23104528,26772640,,1987280,5626564,5014928,2411860,,4293668,9256852,8592164,4607948,,620,1736,240,308,,18991972,19847584,20115980,18832128
4067,1,1470,178,2,1254,0,36,99994540,14872532,26583088,2904,78080996,,27150572,23006128,23061596,26776244,,1934096,5448584,5076628,2413224,,4240816,9078796,8653828,4609648,,620,1736,240,308,,18992060,20140620,20115900,18832416
4070,1,1471,178,2,1255,0,36,100153356,14348612,26390084,2904,78451304,,27143752,23151616,23065136,26792852,,1943880,4938148,5068284,2398300,,4251052,8898524,8645496,4595012,,620,1736,240,308,,18992444,20510252,20115920,18832688
4073,1,1472,178,2,1256,0,36,98952728,13673360,27629920,2904,79333660,,27174292,22694924,22282552,26800960,,1922776,3526052,5851452,2373080,,4230160,9400624,9428752,4570384,,620,1736,240,308,,18992640,22108212,19399580,18833228
4076,2,1473,175,2,1257,0,39,100091480,14702004,26462260,2904,77837756,,27122200,23150700,23096576,26722004,,1981340,5255264,5010456,2454944,,4291200,8919920,8599360,4651780,,620,1736,240,308,,18903724,20213644,20035200,18685188
4080,1,1474,178,2,1258,0,36,100429892,14345496,26106280,2904,78170952,,27185172,23121720,23225164,26897836,,1905320,5298844,4882452,2258880,,4215472,8963560,8471656,4455592,,620,1736,240,308,,18993804,20213652,20129532,18833964
4083,0,1475,178,2,1259,0,36,100142104,14650128,26410996,2904,77922512,,27088644,23206596,22958252,26888612,,2011800,5184736,5166460,2287132,,4322160,8849720,8754536,4484580,,620,1736,240,308,,18993856,20213820,19880428,18834408
4086,1,1476,177,2,1260,0,37,99967328,14816612,26577664,2904,77848840,,27008600,23174404,23217324,26567000,,2109800,5211972,4884104,2610736,,4420288,8876992,8472092,4808292,,620,1736,240,308,,18903520,20213832,20129608,18601880
4089,1,1477,178,2,1261,0,36,100246296,14559892,26323228,2904,78173132,,27099092,23132528,23220740,26793936,,2020652,5272508,4872056,2394676,,4333268,8937460,8460056,4592444,,620,1736,240,308,,18994756,20213760,20129608,18835008
4092,0,1478,178,2,1262,0,36,100101892,14722400,26486340,2904,78173576,,26988252,23177432,23207040,26729168,,2136168,5221548,4888480,2476204,,4449144,8886512,8476496,4674188,,620,1736,240,308,,18995036,20213780,20129624,18835136
4095,0,1479,178,2,1263,0,36,100172740,14640480,26405200,2904,78174416,,27036684,23180304,23220272,26735480,,2094764,5207776,4872216,2465724,,4408232,8872744,8460244,4663980,,620,1736,240,308,,18995592,20213792,20129636,18835396
4098,1,1480,178,2,1264,0,36,100123592,14678908,26444080,2904,78174840,,27077816,23166976,23209680,26669120,,2019264,5219752,4900536,2539356,,4332844,8884772,8488576,4737888,,620,1736,240,308,,18995724,20213808,20129648,18835660
4101,1,1481,178,2,1265,0,36,100241772,14532120,26298460,2904,78175840,,27100444,23233052,23206200,26702076,,2003988,5149372,4880472,2498288,,4317900,8814720,8468524,4697316,,620,1736,240,308,,18996028,20213916,20129660,18836236
4104,1,1482,178,2,1266,0,36,100257356,14521604,26289068,2904,78177080,,27151148,23223920,23194004,26688284,,1941088,5175640,4895640,2509236,,4255756,8840956,8483704,4708652,,620,1736,240,308,,18996836,20213928,20129672,18836644
4107,1,1483,178,2,1267,0,36,99576284,15221772,26988816,2904,77432500,,27153928,22423776,23195140,26803440,,1958228,5964268,4897836,2401440,,4273176,9628308,8485908,4601424,,620,1736,240,308,,18996808,19468736,20129680,18837276
4111,0,1484,178,2,1268,0,36,99911776,14876676,26651580,2904,77789316,,27081480,22813604,23184964,26831728,,2036084,5570408,4909740,2360444,,4351424,9241620,8497824,4560712,,620,1736,240,308,,18997132,19824856,20129692,18837636
4114,1,1485,179,2,1269,0,35,99984984,14788712,26566648,2904,77862100,,27093692,22826520,23185348,26879424,,2016932,5555256,4927260,2289264,,4332508,9228780,8515396,4489964,,620,1736,240,308,,18997360,19896912,20129744,18838084
4117,1,1486,179,2,1270,0,35,99618044,15168472,26945656,2904,77464460,,27086612,23110120,22487656,26933656,,2027676,5288720,5621420,2230656,,4343392,8962804,9207448,4432012,,620,1736,240,308,,18997524,20186228,19442076,18838632
4120,0,1487,177,2,1271,0,37,99903876,14881572,26663204,2904,77766776,,26709880,23095876,23203508,26894612,,2418340,5303892,4892384,2266956,,4734328,8978720,8481708,4468448,,620,1736,240,308,,18648824,20223360,20055848,18838744
4123,0,1488,177,2,1272,0,37,99502816,15281956,27065664,2904,77380180,,26996760,23169052,23098216,26238788,,2111048,5223312,5016944,2930652,,4427828,8899496,8606064,5132276,,620,1736,240,308,,18878040,20223080,20086740,18192320
4125,1,1489,176,2,1273,0,38,100172432,14578956,26363280,2904,78046052,,27178220,23145996,23098744,26749472,,1929012,5245064,4996616,2408264,,4246172,8921296,8585732,4610080,,620,1736,240,308,,18998884,20223096,20131964,18692108
4128,1,1490,176,2,1274,0,38,99995832,13916856,27031948,2904,78849724,,27150100,23116884,22864300,26864548,,603932,5278448,5267700,2766776,,4251444,8954624,8856744,4969136,,620,1736,240,308,,20326356,20223012,19960628,18339728
4131,3,1491,176,2,1274,0,38,100579428,13077216,26517612,2904,79594836,,27157364,23109620,23079452,27232992,,323760,5280784,5068360,2404312,,4294108,8958616,8657512,4607376,,620,1736,240,308,,20597632,20223096,20132040,18642068
4136,1,1492,176,2,1276,0,38,100890024,14394580,26146528,2904,78158704,,27116776,23129036,23198556,27445656,,2010508,5266840,4916084,2201148,,4287216,8948792,8505364,4405156,,620,1736,240,308,,18958248,20227204,20132260,18840992
4139,1,1493,176,2,1277,0,38,100890228,14369400,26121792,2904,78159016,,27136464,23126876,23186200,27440688,,1977400,5258884,4926468,2206648,,4254328,8940928,8515772,4410764,,620,1736,240,308,,18958452,20227240,20132280,18841044
4142,1,1494,176,2,1278,0,38,100773324,14511024,26263856,2904,78159396,,27060260,23123812,23175232,27414020,,2066752,5270892,4943144,2230236,,4343748,8953004,8532492,4434612,,620,1736,240,308,,18958488,20227288,20132324,18841296
4145,1,1495,176,2,1279,0,38,100854376,14438804,26192992,2904,78160524,,27061396,23150688,23204652,27437640,,2066788,5260804,4912244,2198968,,4344100,8943184,8501628,4404080,,620,1736,240,308,,18958836,20227312,20132368,18842008
4148,1,1496,176,2,1280,0,38,100759812,14578400,26332648,2904,78160448,,27066644,23148224,23205852,27339092,,2081736,5255936,4914844,2325884,,4359064,8938312,8504232,4531040,,620,1736,240,308,,18958876,20227328,20132368,18841876
4151,1,1497,176,2,1281,0,38,100353292,15010216,26765448,2904,77828204,,27009916,22806068,23205348,27331960,,2146288,5598276,4923964,2341688,,4425248,9279584,8513376,4547240,,620,1736,240,308,,18960400,19893160,20132388,18842256
4154,1,1498,177,2,1282,0,37,100669768,14672480,26427848,2904,78162740,,27032444,23181396,23209656,27246272,,2128428,5194540,4918060,2431452,,4407688,8875624,8507484,4637052,,620,1736,240,308,,18960716,20227412,20132400,18842212
4157,1,1499,177,2,1283,0,37,100656412,14654796,26410808,2904,78163424,,27057428,23178260,23179012,27241712,,2070412,5218828,4945092,2420464,,4349976,8899924,8534528,4626380,,620,1736,240,308,,18961072,20227420,20132416,18842516
