Start,GetPodsTime,Wanted,Running,Creating,Pending,Terminating,Error,Total Active Memory,Total Free Memory,Total Available,Total Buffers,Total Cached,Active,0,1,2,3,Free,0,1,2,3,Available,0,1,2,3,Buffers,0,1,2,3,Cached,0,1,2,3
0,1,0,0,0,0,1,0,35782520,71916164,98964292,128,28065796,,7955936,8611424,11741392,7473768,,21063056,16289676,13107120,21456312,,26621100,24036720,21276384,27030088,,32,32,32,32,,5738020,8079896,8539040,5708840
3,0,1,0,1,0,0,0,35955260,71730652,98780704,128,28185328,,7967444,8595152,11739404,7653260,,21050024,16299868,13109676,21271084,,26608208,24047140,21280236,26845120,,32,32,32,32,,5738164,8080068,8539752,5827344
5,0,2,0,2,0,0,0,36161520,71518480,98570852,128,28366888,,7998108,8601724,11725856,7835832,,21009736,16293900,13118156,21096688,,26567996,24041284,21288780,26672792,,32,32,32,32,,5738312,8080204,8539824,6008548
7,1,3,0,3,0,0,0,36512596,71154396,98209000,128,28639760,,8270948,8648396,11737756,7855496,,20742416,16240060,13100172,21071748,,26301792,23988140,21271008,26648060,,32,32,32,32,,5981856,8081260,8540032,6036612
10,0,4,0,4,0,0,0,37032132,70603332,97733884,128,29112764,,8349236,8880632,11930652,7871612,,20655972,16010024,12881556,21055780,,26215492,23758296,21127936,26632160,,32,32,32,32,,6060492,8317636,8683036,6051600
12,0,5,2,3,0,0,0,37571768,70077924,97216100,128,29606660,,8377492,8945832,12126656,8121788,,20632308,15950372,12691348,20803896,,26193000,23698932,20937872,26386296,,32,32,32,32,,6084720,8398016,8889660,6234264
14,0,6,2,4,0,0,0,37813976,69797800,96936924,128,29831612,,8400416,8973020,12187584,8252956,,20598888,15910788,12615476,20672648,,26159772,23659468,20862632,26255052,,32,32,32,32,,6090124,8422128,8945168,6374192
16,1,7,3,4,0,0,0,38292248,69315548,96455640,128,30196808,,8697512,8981780,12322740,8290216,,20294080,15893144,12492708,20635616,,25854988,23642056,20740304,26218292,,32,32,32,32,,6338072,8427508,9016460,6414768
19,0,8,5,3,0,0,0,38674604,68937992,96082744,128,30550172,,8766364,9085924,12527360,8294956,,20218720,15792700,12286232,20640340,,25781812,23541820,20536096,26223016,,32,32,32,32,,6417368,8478500,9235368,6418936
21,0,9,5,4,0,0,0,38982512,68632768,95779596,128,30870692,,8777836,9312344,12592816,8299516,,20215640,15565540,12210976,20640612,,25778804,23314840,20460980,26224972,,32,32,32,32,,6443736,8703940,9292880,6430136
23,1,10,6,4,0,0,0,39610336,67957008,95107000,128,31372760,,9089052,9377996,12590848,8552440,,19890864,15486872,12222640,20356632,,25454228,23236584,20472876,25943312,,32,32,32,32,,6679876,8770640,9301164,6621080
26,0,11,7,4,0,0,0,39947560,67623760,94776484,128,31688872,,9167412,9487828,12610292,8682028,,19821484,15360796,12198332,20243148,,25384856,23112948,20448840,25829840,,32,32,32,32,,6775088,8834380,9316144,6763260
28,0,12,8,4,0,0,0,40438072,67118604,94276392,128,32103848,,9210464,9723768,12783228,8720612,,19764748,15149344,12012476,20192036,,25332420,22901632,20263396,25778944,,32,32,32,32,,6812320,9063264,9425504,6802760
30,1,13,9,4,0,0,0,41010084,66487248,93647412,128,32599248,,9237420,9794972,12984820,8992872,,19742980,15058708,11792252,19893308,,25309848,22812592,20044636,25480336,,32,32,32,32,,6829836,9133972,9627824,7007616
33,0,14,9,5,0,0,0,41255916,66281796,93395796,128,32764664,,9277604,9834212,13032952,9111148,,19691376,15020308,11799168,19770944,,25258460,22777964,20001188,25358184,,32,32,32,32,,6834436,9169272,9624696,7136260
35,0,15,11,4,0,0,0,41739848,65797268,92914216,128,33150400,,9565956,9963024,13050644,9160224,,19395028,14867496,11792836,19741908,,24964168,22625360,19995472,25329216,,32,32,32,32,,7096540,9231416,9640388,7182056
37,0,16,13,3,0,0,0,42268264,65313864,92437180,128,33609600,,9648136,10190904,13245724,9183500,,19316516,14663120,11609020,19725208,,24886772,22421788,19815904,25312716,,32,32,32,32,,7184820,9456692,9763420,7204668
40,0,17,13,4,0,0,0,42874348,64667716,91795852,128,34153184,,9691816,10270264,13454528,9457740,,19301772,14546040,11382056,19437848,,24872224,22309012,19589172,25025444,,32,32,32,32,,7226360,9543636,9972056,7411132
42,0,18,15,3,0,0,0,43129988,64397640,91531152,128,34385444,,9750512,10299556,13507568,9572352,,19209992,14547688,11325368,19314592,,24781616,22312356,19533112,24904068,,32,32,32,32,,7246216,9567996,10033144,7538088
44,0,19,15,4,0,0,0,43619036,63881040,91018292,128,34786520,,10043472,10419580,13523188,9632796,,18915192,14417980,11312360,19235508,,24486972,22184816,19521064,24825440,,32,32,32,32,,7509912,9630520,10054796,7591292
46,1,20,17,3,0,0,0,44144668,63335524,90475504,128,35282876,,10125060,10664392,13683976,9671240,,18827340,14162700,11140296,19205188,,24399128,21929772,19351476,24795128,,32,32,32,32,,7603480,9873032,10180068,7626296
49,0,21,18,3,0,0,0,44693180,62775936,89921080,128,35808840,,10142136,10734588,13877712,9938744,,18815124,14084672,10955604,18920536,,24388380,21851924,19169084,24511692,,32,32,32,32,,7644488,9950468,10387856,7826028
51,0,22,18,4,0,0,0,44973200,62492888,89639252,128,36064412,,10214648,10758788,13931308,10068456,,18743116,14075508,10876768,18797496,,24315864,21843284,19090480,24389624,,32,32,32,32,,7673756,9971816,10441220,7977620
54,0,23,20,3,0,0,0,45539904,62000904,89098660,128,36459392,,10524284,10786236,14112880,10116504,,18494036,14046348,10708572,18751948,,24014376,21815604,18923308,24345372,,32,32,32,32,,7889016,10000768,10545680,8023928
56,0,24,21,3,0,0,0,45958020,61561324,88661364,128,36878952,,10594116,10880488,14336696,10146720,,18403124,13950736,10485212,18722252,,23923540,21721588,18700352,24315884,,32,32,32,32,,7987104,10055236,10780724,8055888
58,1,25,21,4,0,0,0,46588948,60912992,88015228,128,37446564,,10630596,11138376,14403572,10416404,,18389068,13680880,10398872,18444172,,23910960,21451872,18614232,24038164,,32,32,32,32,,8028824,10312904,10844036,8260800
61,0,26,23,3,0,0,0,46950252,60523736,87629892,128,37762736,,10714424,11220496,14456692,10558640,,18288552,13577376,10343504,18314304,,23810464,21349992,18561116,23908320,,32,32,32,32,,8064752,10397356,10885884,8414744
63,0,27,24,3,0,0,0,47481528,59958740,87068812,128,38206508,,11022888,11380124,14462056,10616460,,17972600,13410832,10336136,18239172,,23494720,21185308,18554020,23834764,,32,32,32,32,,8338324,10491912,10905624,8470648
65,1,28,25,3,0,0,0,48021996,59445440,86555828,128,38694000,,11083604,11624176,14665612,10648604,,17911936,13177568,10138856,18217080,,23434072,20952176,18356896,23812684,,32,32,32,32,,8426616,10732688,11032332,8502364
68,0,29,25,4,0,0,0,48438536,59019052,86133432,128,39082228,,11200340,11695012,14875156,10668028,,17788168,13115344,9922388,18193152,,23312904,20890796,18140788,23788944,,32,32,32,32,,8487976,10824572,11248132,8521548
70,0,30,27,3,0,0,0,49098268,58324092,85440340,128,39641268,,11498336,11761968,14920460,10917504,,17483860,13043372,9873156,17923704,,23008692,20820272,18091768,23519608,,32,32,32,32,,8742396,10876256,11304960,8717656
72,1,31,27,4,0,0,0,49557912,57857240,84977980,128,40045492,,11572472,11907684,14971124,11106632,,17409164,12891220,9824312,17732544,,22935108,20668576,18043976,23330320,,32,32,32,32,,8853992,10955464,11342204,8893832
75,0,32,28,4,0,0,0,50039856,57361452,84485652,128,40488208,,11620916,12119304,15152352,11147284,,17344032,12678244,9631292,17707884,,22871496,20455660,17851492,23307004,,32,32,32,32,,8891704,11179820,11465604,8951080
77,0,33,29,4,0,0,0,49995964,56849560,83855500,128,40912332,,11674904,12200956,14831916,11288188,,17300628,12578188,9429980,17540764,,22828112,20355824,17650504,23021060,,32,32,32,32,,8940012,11263164,11682628,9026528
79,0,34,31,3,0,0,0,50352516,56502220,83512840,128,41213208,,11750784,12252276,14909472,11439984,,17228324,12530328,9340904,17402664,,22755960,20309512,17562740,22884628,,32,32,32,32,,8959780,11317444,11750784,9185200
82,0,35,31,4,0,0,0,50853520,56003560,83012120,128,41663376,,12022412,12374636,14949008,11507464,,16953700,12416940,9310584,17322336,,22481388,20196712,17528232,22805788,,32,32,32,32,,9228276,11392528,11795992,9246580
84,0,36,32,4,0,0,0,51236312,55611916,82509996,128,42007344,,11968552,12623800,15104276,11539684,,16995896,12169932,9146400,17299688,,22404604,19951864,17370268,22783260,,32,32,32,32,,9202932,11628752,11897288,9278372
86,0,37,34,3,0,0,0,51734768,55128888,82016408,128,42428400,,12071456,12723132,15368736,11571444,,16903700,12044488,8911252,17269448,,22313792,19827944,17121648,22753024,,32,32,32,32,,9256212,11726928,12136792,9308468
88,1,38,34,4,0,0,0,52399444,54410424,81302288,128,43003188,,12377436,12751540,15419068,11851400,,16593904,12005636,8837876,16973008,,22004200,19790576,17050656,22456856,,32,32,32,32,,9517200,11764672,12199468,9521848
91,0,39,36,3,0,0,0,52800428,53992064,80892132,128,43372580,,12481068,12858224,15471604,11989532,,16480412,11896944,8784620,16830088,,21890720,19688016,16999444,22313952,,32,32,32,32,,9642864,11804824,12250808,9674084
93,0,40,37,3,0,0,0,53391220,53394840,80312636,128,43891288,,12526132,13135100,15676924,12053064,,16432400,11632952,8560312,16769176,,21844224,19424148,16790988,22253276,,32,32,32,32,,9685896,12066160,12396288,9742944
95,1,41,37,4,0,0,0,54016304,52746316,79669940,128,44461940,,12559244,13235816,15912952,12308292,,16392760,11531764,8326312,16495480,,21804588,19323188,16561152,21981012,,32,32,32,32,,9712524,12188212,12631336,9929868
98,0,42,38,4,0,0,0,54382156,52353540,79279144,128,44790104,,12650164,13288820,15966568,12476604,,16303848,11459024,8263804,16326864,,21716960,19254744,16494828,21812612,,32,32,32,32,,9758148,12237424,12684836,10109696
100,0,43,39,4,0,0,0,54972012,51741172,78669700,128,45265420,,12958500,13453692,16017484,12542336,,15983052,11304164,8212000,16241956,,21396208,19100072,16443652,21729768,,32,32,32,32,,10023336,12337872,12733460,10170752
103,0,44,40,4,0,0,0,55579936,51148848,78131796,128,45834408,,13035464,13681544,16268972,12593956,,15895520,11071740,7969356,16212232,,21309868,18868072,16252612,21701244,,32,32,32,32,,10125528,12565920,12920072,10222888
105,0,45,42,3,0,0,0,56230212,50480624,77467388,128,46422744,,13099344,13770200,16491292,12869376,,15841724,10972960,7728404,15937536,,21257536,18769340,16011820,21428692,,32,32,32,32,,10189848,12662632,13135076,10435188
107,1,46,43,3,0,0,0,56543708,50161072,77154152,128,46714496,,13171376,13816912,16544248,13011172,,15771804,10925040,7676788,15787440,,21189720,18723152,15962468,21278812,,32,32,32,32,,10221848,12706468,13194640,10591540
110,0,47,44,2,1,0,0,57143344,49548860,76546408,128,47214964,,13489340,13983760,16588140,13082104,,15445844,10760564,7630176,15712276,,20863928,18558840,15916968,21206672,,32,32,32,32,,10511140,12808656,13240612,10654556
112,1,48,45,3,0,0,0,57649672,49042912,76041352,128,47724316,,13533824,14221952,16775688,13118208,,15394096,10521168,7457704,15669944,,20812212,18319956,15744668,21164516,,32,32,32,32,,10604716,13041788,13389008,10688804
115,0,49,45,4,0,0,0,58287356,48374692,75376336,128,48288732,,13582644,14308176,16976464,13420072,,15345568,10415208,7243496,15370420,,20765192,18214976,15531044,20865124,,32,32,32,32,,10650516,13126012,13589232,10922972
117,0,50,46,4,0,0,0,58661600,47977924,74982932,128,48591928,,13684472,14355108,17062832,13559188,,15246928,10370228,7135360,15225408,,20666916,18172072,15423616,20720328,,32,32,32,32,,10685564,13169396,13662508,11074460
120,0,51,47,4,0,0,0,59147388,47510560,74521564,128,49034040,,13958864,14507788,17076556,13604180,,14978688,10216688,7125488,15189696,,20400604,18018716,15414184,20688060,,32,32,32,32,,10967348,13257100,13692788,11116804
122,0,52,49,3,0,0,0,59726368,46914944,73929432,128,49584668,,14072456,14727060,17287440,13639412,,14842016,9995388,6918812,15158728,,20263944,17799444,15208748,20657296,,32,32,32,32,,11080500,13506004,13838004,11160160
125,0,53,50,3,0,0,0,60327648,46301472,73317972,128,50114208,,14125996,14797360,17489036,13915256,,14804232,9912788,6720584,14863868,,20227660,17716984,15010784,20362544,,32,32,32,32,,11127032,13583056,14034680,11369440
127,0,54,51,3,0,0,0,60656776,45962668,72990140,128,50425852,,14179976,14864964,17548604,14063232,,14747196,9857380,6651460,14706632,,20174768,17663500,14942252,20209620,,32,32,32,32,,11163752,13628372,14103760,11529968
129,1,55,52,3,0,0,0,61259988,45351968,72382728,128,50898004,,14512672,15023556,17600004,14123756,,14419104,9680900,6595412,14656552,,19847996,17487488,14886736,20160508,,32,32,32,32,,11426828,13718256,14155620,11597300
132,0,56,53,3,0,0,0,61838932,44774844,71809828,128,51423568,,14617704,15258696,17795680,14166852,,14291580,9464588,6401576,14617100,,19721592,17271488,14693416,20123332,,32,32,32,32,,11549820,13960356,14280924,11632468
134,0,57,53,4,0,0,0,62439720,44107392,71158868,128,51987936,,14650544,15346040,18000744,14442392,,14263884,9345440,6192256,14305812,,19695380,17166580,14484796,19812112,,32,32,32,32,,11596388,14050448,14497268,11843832
136,1,58,54,4,0,0,0,62843384,43716092,70771920,128,52296056,,14780600,15388096,18087592,14587096,,14135916,9326692,6088320,14165164,,19567476,17151832,14381112,19671500,,32,32,32,32,,11624432,14110384,14576076,11985164
139,0,59,55,4,0,0,0,63396376,43161516,70226584,128,52811340,,15038044,15415176,18302180,14640976,,13880588,9290884,5877824,14112220,,19312320,17118960,14173768,19621536,,32,32,32,32,,11903708,14131772,14724968,12050892
141,1,60,56,4,0,0,0,63828700,42693628,69760120,128,53241900,,15108808,15554000,18500808,14665084,,13791036,9145592,5661140,14095860,,19222784,16974284,13957392,19605660,,32,32,32,32,,12004848,14214884,14948852,12073316
144,0,61,58,3,0,0,0,64308872,42208428,69276956,128,53661992,,15214428,15821476,18569292,14703676,,13676152,8876468,5595792,14060016,,19109480,16705280,13892356,19569840,,32,32,32,32,,12066628,14472752,15013876,12108736
146,0,62,59,3,0,0,0,65012504,41502512,68580088,128,54289024,,15506948,15904204,18625912,14975440,,13368228,8787016,5553224,13794044,,18801596,16621444,13852904,19304144,,32,32,32,32,,12348244,14568872,15061304,12310604
148,1,63,60,3,0,0,0,65478424,40988300,68067928,128,54697820,,15614124,15955360,18777872,15131068,,13272688,8727940,5370924,13616748,,18706204,16563860,13670984,19126880,,32,32,32,32,,12447372,14602016,15169572,12478860
151,0,64,60,4,0,0,0,65951612,40525928,67619352,128,55080684,,15662952,16073264,19032492,15182904,,13218320,8621836,5129804,13555968,,18655268,16461476,13435420,19067188,,32,32,32,32,,12492516,14648804,15411572,12527792
153,1,65,62,3,0,0,0,66593072,39856592,66953388,128,55701396,,15694564,16326964,19115768,15455776,,13179776,8350988,5033260,13292568,,18616888,16190916,13339152,18806432,,32,32,32,32,,12534632,14919332,15501628,12745804
156,0,66,62,4,0,0,0,66915744,39536876,66635104,128,55999852,,15761020,16429596,19161900,15563228,,13114656,8247092,4999652,13175476,,18551864,16087512,13306316,18689412,,32,32,32,32,,12564704,15022392,15539992,12872764
158,0,67,63,4,0,0,0,67486476,38948932,66055076,128,56472088,,16075920,16579416,19198136,15633004,,12800736,8100576,4949308,13098312,,18243296,15941760,13256216,18613804,,32,32,32,32,,12834672,15119776,15575112,12942528
161,0,68,65,3,0,0,0,68107180,38297216,65410264,128,57008088,,16167644,16844464,19411044,15684028,,12696128,7827020,4727688,13046380,,18139752,15669772,13037184,18563556,,32,32,32,32,,12935012,15373480,15721732,12977864
163,0,69,65,4,0,0,0,68743360,37628660,64748672,128,57582872,,16240268,16917456,19622136,15963500,,12619228,7738048,4512432,12758952,,18064456,15581136,12822572,18280508,,32,32,32,32,,13002604,15453328,15939532,13187408
165,1,70,67,3,0,0,0,69101508,37268380,64394548,128,57883792,,16331620,16962608,19692984,16114296,,12536748,7695984,4432568,12603080,,17984064,15542792,12743024,18124668,,32,32,32,32,,13031996,15501376,15996880,13353540
168,0,71,68,3,0,0,0,69665956,36700120,63835488,128,58362732,,16628024,17121752,19745144,16171036,,12228052,7532504,4398364,12541200,,17675528,15383796,12711800,18064364,,32,32,32,32,,13322568,15590880,16043240,13406044
170,1,72,68,4,0,0,0,70169652,36177088,63316908,128,58823600,,16697812,17357128,19903924,16210788,,12154960,7287160,4234048,12500920,,17602480,15138708,12547948,18027772,,32,32,32,32,,13402056,15830860,16146840,13443844
173,0,73,70,3,0,0,0,70607196,35737516,62879892,128,59234628,,16794776,17433876,20140448,16238096,,12062264,7201920,3989700,12483632,,17511348,15053888,12303952,18010704,,32,32,32,32,,13463560,15919268,16376864,13474936
175,0,74,70,4,0,0,0,71304516,35056028,62203292,128,59876884,,17068060,17511396,20208968,16516092,,11787980,7144344,3927804,12195900,,17237084,15000844,12242304,17723060,,32,32,32,32,,13742236,15980896,16453644,13700108
178,0,75,71,4,0,0,0,71795028,34517132,61666312,128,60293988,,17169628,17561136,20416724,16647540,,11675312,7088776,3698392,12054652,,17124576,14945572,12014132,17582032,,32,32,32,32,,13847784,16007136,16595868,13843200
180,0,76,72,4,0,0,0,72275848,34010396,61164188,128,60713316,,17214524,17716148,20616860,16728316,,11623048,6916988,3492688,11977672,,17072344,14775552,11809844,17506448,,32,32,32,32,,13883008,16075920,16834096,13920292
183,0,77,74,3,0,0,0,72891068,33379100,60535460,128,61274368,,17262268,17951900,20679776,16997124,,11570724,6686424,3426772,11695180,,17021400,14545500,11744312,17224248,,32,32,32,32,,13929320,16317932,16903104,14124012
185,0,78,74,4,0,0,0,73166388,33113616,60271168,128,61559720,,17299008,18027072,20716208,17124100,,11544180,6594868,3400132,11574436,,16995088,14454044,11718516,17103520,,32,32,32,32,,13959684,16404408,16931500,14264128
187,1,79,75,4,0,0,0,73781196,32477744,59640668,128,62067028,,17644296,18182240,20769288,17185372,,11193496,6434412,3348572,11501264,,16645544,14295804,11667388,17031932,,32,32,32,32,,14242896,16521440,16973808,14328884
190,0,80,77,3,0,0,0,74385740,31870800,59037380,128,62601260,,17728660,18441372,20963956,17251752,,11090896,6186536,3149932,11443436,,16543100,14048168,11470648,16975464,,32,32,32,32,,14351024,16766976,17104552,14378708
192,1,81,78,3,0,0,0,75023900,31217252,58388496,128,63176560,,17790436,18512060,21201532,17519872,,11037328,6105576,2904512,11169836,,16492012,13967744,11226256,16702484,,32,32,32,32,,14399620,16843220,17355872,14577848
195,0,82,79,3,0,0,0,75304312,30927696,58101616,128,63441460,,17852128,18533760,21250700,17667724,,10980508,6101796,2827616,11017776,,16435364,13965340,11150468,16550444,,32,32,32,32,,14424228,16878124,17405260,14733848
197,1,83,80,3,0,0,0,75928076,30280476,57458048,128,63968048,,18136964,18579140,21474820,17737152,,10676824,6053048,2608324,10942280,,16131748,13916924,10933260,16476116,,32,32,32,32,,14700468,16906980,17558288,14802312
200,0,84,81,3,0,0,0,76381620,29793904,56986896,128,64399300,,18234476,18714404,21656688,17776052,,10569188,5906468,2419100,10899148,,16024272,13770544,10756996,16435084,,32,32,32,32,,14797648,16986228,17776408,14839016
202,1,85,82,3,0,0,0,76853996,29331096,56534072,128,64808348,,18350792,18951392,21758160,17793652,,10451148,5672940,2326120,10880888,,15909696,13537756,10669564,16417056,,32,32,32,32,,14861408,17236792,17853420,14856728
205,0,86,82,4,0,0,0,77545168,28609836,55818488,128,65432932,,18620908,19043364,21803008,18077888,,10191948,5551320,2278832,10587736,,15650668,13417444,10626384,16123992,,32,32,32,32,,15133872,17325776,17898608,15074676
207,0,87,83,4,0,0,0,77962140,28194876,55406356,128,65816008,,18715184,19193532,21830484,18222940,,10073040,5414612,2259612,10447612,,15531784,13282984,10607492,15984096,,32,32,32,32,,15229748,17415944,17938920,15231396
210,0,88,85,3,0,0,0,78526740,27595620,54818048,128,66285780,,18744796,19457836,22037104,18287004,,10044904,5133388,2041108,10376220,,15509276,13002684,10389928,15916160,,32,32,32,32,,15269348,17649352,18073292,15293788
212,0,89,86,3,0,0,0,79156984,26940424,54173464,128,66822752,,18800144,19540864,22279224,18536752,,9987408,5032668,1797192,10123156,,15451796,12906020,10152280,15663368,,32,32,32,32,,15317324,17728548,18298620,15478260
215,0,90,86,4,0,0,0,79483040,26598720,53835792,128,67148108,,18879324,19579276,22337060,18687380,,9912960,4997508,1723600,9964652,,15377836,12872504,10080544,15504908,,32,32,32,32,,15351432,17776552,18376772,15643352
217,0,91,87,4,0,0,0,80081172,25979332,53226068,128,67619544,,19187676,19776700,22381552,18735244,,9592148,4795520,1686540,9905124,,15059644,12675832,10043644,15446948,,32,32,32,32,,15622144,17879704,18410448,15707248
220,0,92,88,4,0,0,0,80684768,25356216,52611064,128,68150168,,19295748,20021108,22587604,18780308,,9468164,4551612,1468500,9867940,,14936136,12432636,9828412,15413880,,32,32,32,32,,15733604,18115268,18549028,15752268
222,0,93,90,3,0,0,0,81114264,24932484,52196836,128,68511312,,19419332,20093160,22772684,18829088,,9359092,4473424,1274432,9825536,,14829632,12357252,9635368,15374584,,32,32,32,32,,15784028,18195220,18761848,15770216
225,0,94,90,4,0,0,0,81713000,24321924,51588852,128,69031412,,19707644,20278392,22868504,18858460,,9068156,4301876,1161884,9790008,,14538848,12187416,9523500,15339088,,32,32,32,32,,16064952,18309584,18849952,15806924
227,0,95,91,4,0,0,0,82344552,23682284,50955888,128,69640796,,19784320,20543936,22904968,19111328,,8990732,4029488,1132924,9529140,,14461464,11915988,9497940,15080496,,32,32,32,32,,16155216,18576200,18887048,16022332
230,0,96,93,3,0,0,0,82811380,23161692,50440360,128,70025356,,19829468,20585480,23115188,19281244,,8939404,3959712,910400,9352176,,14411668,11846588,9276820,14905284,,32,32,32,32,,16197420,18625156,19015728,16187052
232,1,97,94,3,0,0,0,83254984,22719460,50004884,128,70408904,,19936332,20634544,23347376,19336732,,8838160,3919636,676240,9285424,,14310780,11808552,9045552,14840000,,32,32,32,32,,16241596,18686188,19244188,16236932
235,0,98,95,3,0,0,0,83909880,22052156,49340776,128,70995536,,20210612,20679080,23413468,19606720,,8564680,3866184,597172,9024120,,14037204,11756612,8968184,14578776,,32,32,32,32,,16519100,18723504,19315200,16437732
237,1,99,96,3,0,0,0,84365104,21577924,48872348,128,71404844,,20296500,20714216,23597904,19756484,,8465708,3831780,412056,8868380,,13938264,11722572,8788240,14423272,,32,32,32,32,,16611264,18755124,19436908,16601548
240,0,100,97,3,0,0,0,84450564,21124932,48360336,128,71786284,,20361300,20877080,23391484,19820700,,8399636,3669700,256976,8798620,,13873684,11562208,8569548,14354896,,32,32,32,32,,16673364,18844488,19602892,16665540
242,1,101,98,3,0,0,0,84889804,20609728,47781416,128,72292100,,20372320,21121676,23309824,20085984,,8387440,3418496,274556,8529236,,13861508,11312396,8521708,14085804,,32,32,32,32,,16714244,19099524,19610324,16868008
245,0,102,98,4,0,0,0,84749196,20626312,47654536,128,72447468,,20439768,21195644,22903820,20209964,,8321372,3331764,568960,8404216,,13795640,11226000,8672088,13960808,,32,32,32,32,,16744960,19172588,19511136,17018784
248,0,103,100,3,0,0,0,85317128,20038412,47071784,128,72895924,,20744024,21362484,22937188,20273432,,8011280,3154964,522776,8349392,,13486628,11051744,8627172,13906240,,32,32,32,32,,17001648,19272792,19543048,17078436
250,0,104,100,4,0,0,0,85952136,19373392,46430148,128,73500728,,20856844,21592816,23175636,20326840,,7892552,2927304,277236,8276300,,13368208,10824948,8400788,13836204,,32,32,32,32,,17125824,19534272,19713744,17126888
253,0,105,102,3,0,0,0,84691796,19086156,45878468,128,73773196,,20891716,21668220,21528176,20603684,,7860712,2839884,382356,8003204,,13339032,10738928,8237124,13563384,,32,32,32,32,,17164328,19610288,19658804,17339776
255,1,106,103,3,0,0,0,85003400,18721468,45515836,128,74057076,,20981928,21716008,21553232,20752232,,7758116,2791640,326832,7844880,,13236772,10691548,8182424,13405092,,32,32,32,32,,17193496,19655732,19707596,17500252
258,0,107,103,4,0,0,0,85434256,18302736,44975320,128,74414764,,21282080,21737952,21601448,20812776,,7448644,2770980,297152,7785960,,12927344,10671340,8028896,13347740,,32,32,32,32,,17479028,19690360,19687908,17557468
261,0,108,105,3,0,0,0,85928752,18104388,44514760,128,74584936,,21361644,21896456,21822408,20848244,,7368356,2619676,370464,7745892,,12847080,10520840,7837396,13309444,,32,32,32,32,,17583816,19771488,19644716,17584916
263,0,109,106,3,0,0,0,86418692,17569436,43864596,128,75022464,,21386452,22033364,21894492,21104384,,7336928,2480008,280988,7471512,,12817204,10263520,7748400,13035472,,32,32,32,32,,17623076,19903192,19721768,17774428
266,0,110,107,3,0,0,0,86790268,17340024,43512784,128,75238684,,21469220,22110696,21947692,21262660,,7261980,2398444,370100,7309500,,12750780,10183252,7705164,12873588,,32,32,32,32,,17666100,20000640,19625656,17946288
268,0,111,108,3,0,0,0,87315512,16789888,42965012,128,75650128,,21740996,22276132,21977764,21320620,,6969964,2226024,337412,7256488,,12458460,10012724,7672996,12820832,,32,32,32,32,,17923792,20074088,19651032,18001216
271,0,112,108,4,0,0,0,87915516,16330680,42379060,128,76049852,,21862148,22525400,22157676,21370292,,6857608,1967976,299224,7205872,,12345664,9757156,7504628,12771612,,32,32,32,32,,18045884,20336140,19616980,18050848
273,0,113,110,3,0,0,0,87835044,16104172,41887228,128,76191404,,21980492,22602016,21854312,21398224,,6718460,1879856,324624,7181232,,12207920,9669860,7262244,12747204,,32,32,32,32,,18094764,20423428,19592264,18080948
276,0,114,111,3,0,0,0,88472436,15449724,41235284,128,76779716,,22265396,22647448,21921012,21638580,,6433684,1834536,249296,6932208,,11923252,9626544,7187212,12498276,,32,32,32,32,,18382344,20464888,19667740,18264744
278,1,115,111,4,0,0,0,88960176,15259072,40779720,128,76928072,,22386484,22661000,22106396,21806296,,6318904,1814632,348732,6776804,,11809784,9607524,7019136,12343276,,32,32,32,32,,18488420,20495388,19503676,18440588
281,0,116,113,3,0,0,0,89420856,14921976,40316672,128,77181780,,22422864,22801416,22315344,21881232,,6283000,1666400,282476,6690100,,11776432,9462032,6818488,12259720,,32,32,32,32,,18533920,20559432,19576628,18511800
283,1,117,114,3,0,0,0,90038068,14414948,39686800,128,77583256,,22462500,23052852,22416088,22106628,,6247168,1412056,315248,6440476,,11740764,9208636,6718800,12018600,,32,32,32,32,,18566808,20806772,19536248,18673428
286,0,118,115,3,0,0,0,90432064,14034220,39310884,128,77968440,,22551636,23125504,22450440,22304484,,6153160,1342404,281756,6256900,,11653084,9139520,6683080,11835200,,32,32,32,32,,18603260,20906504,19580752,18877924
288,1,119,115,4,0,0,0,91020612,13699640,38719544,128,78202284,,22852676,23160512,22630588,22376836,,5858588,1301848,364776,6174428,,11358764,9100632,6505772,11754376,,32,32,32,32,,18888816,20934300,19428048,18951120
291,0,120,117,3,0,0,0,91546900,13292072,38184280,128,78527124,,22947564,23317444,22853660,22428232,,5736976,1141108,280872,6133116,,11237208,8942844,6289364,11714864,,32,32,32,32,,18991328,21027452,19518092,18990252
294,0,121,118,3,0,0,0,92102024,12947612,37711580,128,78818360,,23054756,23589308,23007036,22450924,,5634344,867056,330464,6115748,,11138204,8669460,6206152,11697764,,32,32,32,32,,19039340,21296108,19469600,19013312
296,1,122,118,4,0,0,0,92765084,12243972,37016216,128,79400736,,23351044,23658600,23049856,22705584,,5335872,790664,267972,5849464,,10839784,8599112,6145676,11431644,,32,32,32,32,,19328092,21368028,19504808,19199808
299,0,123,120,3,0,0,0,93175428,11964380,36607608,128,79654344,,23416080,23693468,23187184,22878696,,5260456,763864,278520,5661540,,10764536,8574036,6025032,11244004,,32,32,32,32,,19404332,21400144,19461768,19388100
301,1,124,120,4,0,0,0,91504324,11675900,36127344,128,79898072,,23472912,23852788,21249328,22929296,,5201396,594496,285760,5594248,,10706876,8407216,5834932,11178320,,32,32,32,32,,19462560,21486648,19497584,19451280
304,0,125,121,4,0,0,0,91855744,11512560,35867324,128,80173016,,23543552,24093568,21250784,22967840,,5132856,384212,426712,5568780,,10638580,8201844,5873992,11152908,,32,32,32,32,,19494860,21727856,19461860,19488440
306,1,126,122,4,0,0,0,92556228,10764664,35119108,128,80800268,,23842416,24169908,21311260,23232644,,4834272,292192,344128,5294072,,10340376,8110724,5789488,10878520,,32,32,32,32,,19759548,21816064,19518796,19705860
309,0,127,123,4,0,0,0,92849572,10547620,34711808,128,80979548,,23947684,24181972,21335568,23384348,,4716176,327144,353684,5150616,,10223608,8081304,5669480,10737416,,32,32,32,32,,19870592,21783584,19469256,19856116
312,0,128,125,3,0,0,0,88075168,10431964,34353088,128,81207100,,23982456,24351308,16269980,23471424,,4687004,404816,289972,5050172,,10196960,8042024,5473840,10640264,,32,32,32,32,,19929848,21746372,19608932,19921948
314,1,129,126,3,0,0,0,88892472,10417004,33941816,128,81225540,,24047288,24043892,17298744,23502548,,4613680,431936,335328,5036060,,10124084,7802516,5388992,10626224,,32,32,32,32,,19956748,21758980,19555752,19954060
317,0,130,127,3,0,0,0,89604280,9663508,33201836,128,81845316,,24375460,24113668,17331828,23783324,,4277436,346220,296964,4742888,,9787800,7722468,5356148,10335420,,32,32,32,32,,20249808,21833620,19586832,20175056
320,0,131,127,4,0,0,0,89798972,9386912,32810360,128,82062892,,24462392,24032252,17364012,23940316,,4173584,366556,263348,4583424,,9684116,7627616,5323516,10175112,,32,32,32,32,,20344288,21767164,19617232,20334208
322,1,132,129,3,0,0,0,90827528,9435872,32340764,128,82004068,,24512088,24084156,18226616,24004668,,4147256,453444,281436,4553736,,9659152,7447392,5138508,10095712,,32,32,32,32,,20394748,21749316,19523224,20336780
325,0,133,130,3,0,0,0,92076128,9182184,31839088,128,82184636,,24586752,24188212,19265688,24035476,,4045324,335700,264064,4537096,,9557596,7332452,4865944,10083096,,32,32,32,32,,20419056,21856624,19538424,20370532
327,1,134,130,4,0,0,0,93182752,8745796,31139724,128,82577588,,24872960,24243948,19732780,24333064,,3793036,417088,306724,4228948,,9305472,7281524,4777288,9775440,,32,32,32,32,,20719224,21780480,19476840,20601044
330,0,135,132,3,0,0,0,96282588,8415140,30706464,128,82818444,,24967036,24278700,22567540,24469312,,3681372,383532,264596,4085640,,9193968,7251644,4628604,9632248,,32,32,32,32,,20806908,21800096,19460232,20751208
332,1,136,133,3,0,0,0,93618892,8381800,30263688,128,82810416,,25022204,24414768,19672648,24509272,,3628096,380368,315744,4057592,,9142100,7121544,4394268,9605776,,32,32,32,32,,20859696,21739328,19420228,20791164
335,0,137,134,3,0,0,0,94209924,8065344,29609756,128,83071472,,25014440,24454048,19937660,24803776,,3627788,399292,297540,3740724,,9142116,6877480,4301132,9289028,,32,32,32,32,,20882432,21733300,19435608,21020132
338,0,138,134,4,0,0,0,94722956,7806980,29234352,128,83252404,,25112212,24546096,20145860,24918788,,3528212,285380,371564,3621824,,9043996,6764880,4255028,9170448,,32,32,32,32,,20904908,21832544,19359980,21154972
340,1,139,135,4,0,0,0,95289004,7404432,28724832,128,83592448,,25423176,24670424,20195304,25000100,,3212444,335520,317068,3539400,,8728800,6683196,4221672,9091164,,32,32,32,32,,21200824,21749116,19411892,21230616
343,0,140,136,4,0,0,0,95859288,7195520,28157528,128,83714288,,25545820,24904692,20384156,25024620,,3084744,349672,249208,3511896,,8604272,6432000,4057168,9064088,,32,32,32,32,,21309756,21732416,19419044,21253072
345,1,141,138,3,0,0,0,96300752,7118144,27718396,128,83750236,,25645764,24993808,20616548,25044632,,2977632,383108,268744,3488660,,8499048,6332492,3845888,9040968,,32,32,32,32,,21341492,21703464,19427376,21277904
348,0,142,139,3,0,0,0,96994036,6545400,27031340,128,84251804,,25920040,25051704,20694944,25327348,,2699556,318988,318400,3208456,,8220764,6268896,3780584,8761096,,32,32,32,32,,21630748,21756020,19370580,21494456
350,1,143,139,4,0,0,0,97433728,6211936,26584152,128,84502552,,26018204,25198588,20732968,25483968,,2591040,321820,254288,3044788,,8116492,6138412,3729976,8599272,,32,32,32,32,,21733900,21697372,19412476,21658804
353,0,144,141,3,0,0,0,97969492,6151868,26133660,128,84527292,,26052528,25525552,20868724,25522688,,2548204,346132,254408,3003124,,8075292,5897212,3603028,8558128,,32,32,32,32,,21777724,21679784,19375488,21694296
356,0,145,141,4,0,0,0,98356936,6067836,25656684,128,84549464,,26123944,25624404,21050264,25558324,,2481260,376212,241748,2968616,,8010608,5797540,3324872,8523664,,32,32,32,32,,21811016,21645204,19365456,21727788
358,1,146,142,4,0,0,0,98992064,5450668,24904892,128,85059756,,26456060,25669760,21031340,25834904,,2147364,317912,303116,2682276,,7677036,5740032,3250112,8237712,,32,32,32,32,,22103804,21689408,19311464,21955080
361,0,147,143,4,0,0,0,97932180,5428360,24682060,128,85063508,,26440504,24585324,20952976,25953376,,2155000,301492,409152,2562716,,7684692,5650644,3228520,8118204,,32,32,32,32,,22104080,21665524,19207984,22085920
364,0,148,144,4,0,0,0,94329712,5345460,24272836,128,85114480,,26442560,20793532,21140968,25952652,,2153456,277396,352060,2562548,,7683192,5432336,3038892,8118416,,32,32,32,32,,22104104,21726032,19198188,22086156
366,0,149,144,5,0,0,0,94399368,5174940,23852948,128,85220308,,26447140,20560072,21374916,26017240,,2146048,294900,244468,2489524,,7676100,5330180,2801160,8045508,,32,32,32,32,,22104276,21721588,19308128,22086316
369,0,150,145,5,0,0,0,94696204,5314636,23803340,128,85104468,,26473088,20815872,21408956,25998288,,2126784,353148,329572,2505132,,7658188,5327332,2754364,8063456,,32,32,32,32,,22105620,21696100,19214144,22088604
371,1,151,145,6,0,0,0,94823452,5168956,23690216,128,85147500,,26513092,20849236,21450040,26011084,,2079628,314704,279684,2494940,,7614364,5315520,2705324,8055008,,32,32,32,32,,22108840,21733548,19214740,22090372
374,0,152,145,7,0,0,0,95501604,5219464,23641568,128,85048024,,26500436,21512400,21470880,26017888,,2085508,385236,261616,2487104,,7620460,5283660,2690056,8047392,,32,32,32,32,,22109052,21631128,19217300,22090544
377,0,153,145,8,0,0,0,95512376,5200912,23646940,128,85071920,,26500244,21548392,21448116,26015624,,2086412,343592,279732,2491176,,7625512,5250020,2715584,8055824,,32,32,32,32,,22113220,21639104,19224716,22094880
380,0,154,145,9,0,0,0,95640332,5038100,23496948,128,85084380,,26552920,21532608,21461872,26092932,,2028260,350212,255596,2404032,,7567688,5265384,2693568,7970308,,32,32,32,32,,22113480,21647580,19226784,22096536
383,0,155,145,10,0,0,0,95652972,5015776,23491948,128,85101244,,26528232,21596800,21446368,26081572,,2042976,274724,286664,2411412,,7582496,5198688,2730588,7980176,,32,32,32,32,,22113504,21656076,19232660,22099004
386,0,156,145,11,0,0,0,95825068,5231084,23454648,128,84849176,,26517136,21712308,21516372,26079252,,2065848,412480,342168,2410588,,7607568,5218188,2649448,7979444,,32,32,32,32,,22115696,21537792,19096644,22099044
389,0,157,145,12,0,0,0,95890044,5144568,23376784,128,84857156,,26525452,21705548,21517064,26141980,,2058092,399144,343272,2344060,,7600024,5210760,2652772,7913228,,32,32,32,32,,22115844,21543608,19098296,22099408
392,0,158,140,13,0,0,5,93862312,7150160,25393832,128,82815132,,24883864,21710748,21515984,25751716,,3694432,394392,344224,2717112,,9236356,5207996,2662892,8286588,,32,32,32,32,,20439636,21545560,19107336,21722600
395,0,159,139,14,0,0,6,95654864,5332036,23575076,128,84399788,,26312284,21714016,21547392,26081172,,2230168,390792,314412,2396664,,7773788,5208200,2625460,7967628,,32,32,32,32,,21731072,21549160,19109068,22010488
397,1,160,141,13,0,0,6,96121360,4830404,23083640,128,84822764,,26648344,21740204,21578488,26154324,,1877852,357640,266592,2328320,,7424732,5172724,2586760,7899424,,32,32,32,32,,22070652,21550936,19108668,22092508
400,0,161,144,14,0,0,3,95427696,5529956,23789196,128,84076112,,26692628,21782012,20717948,26235108,,1830080,321768,1143180,2234928,,7380648,5135332,3463396,7809820,,32,32,32,32,,22118456,21553496,18301468,22102692
403,0,162,142,15,0,0,5,95805264,5487180,23818524,128,83950616,,26739084,21642328,21208764,26215088,,1784128,875812,622296,2204944,,7336536,5709876,2942152,7829960,,32,32,32,32,,22119904,20994936,18683244,22152532
405,1,163,141,15,0,0,7,95932112,4335792,23684200,128,84966348,,26748320,22204672,21500528,25478592,,1773856,315152,299040,1947744,,7326488,5145144,2656660,8555908,,32,32,32,32,,22119896,21511512,18993388,22341552
408,0,164,140,15,1,0,8,96523632,2749008,23061536,128,86548964,,26740588,22142680,21657976,25982388,,1796892,377572,305192,269352,,7349688,5099684,2535332,8076832,,32,32,32,32,,22119936,21454536,18929260,24045232
411,0,165,142,17,0,0,6,96681668,4860084,22825912,128,84384944,,26748564,22152660,21753256,26027188,,1769376,337800,329000,2423908,,7322576,5080024,2431404,7991908,,32,32,32,32,,22120180,21474360,18890444,21899960
413,1,166,142,18,0,0,6,97030836,4511400,22485164,128,84585892,,26794752,22158152,21739148,26338784,,1710376,342944,334596,2123484,,7263692,5086000,2438984,7696488,,32,32,32,32,,22120260,21475200,18892472,22097960
416,0,167,144,19,0,0,4,97674092,4683064,22532664,128,84461560,,26747840,22853896,21747948,26324408,,1771488,440428,345104,2126044,,7325340,5056032,2452220,7699072,,32,32,32,32,,22120608,21347948,18895016,22097988
419,0,168,144,20,0,0,4,97821784,4546416,22384416,128,84462180,,26807264,22903904,21781968,26328648,,1722248,381096,320232,2122840,,7276012,4995064,2417196,7696144,,32,32,32,32,,22120588,21346244,18897132,22098216
422,0,169,144,21,0,0,4,97858024,4449088,22297656,128,84472388,,26798724,22885284,21795940,26378076,,1718100,385864,278976,2066148,,7271920,4995964,2390120,7639652,,32,32,32,32,,22120628,21354712,18898664,22098384
425,0,170,144,22,0,0,4,97812580,4499236,22350452,128,84474852,,26783684,22926888,21788964,26313044,,1724444,363564,282696,2128532,,7278440,4972560,2397104,7702348,,32,32,32,32,,22120788,21353540,18901972,22098552
428,0,171,144,23,0,0,4,97962328,4268672,22195844,128,84538536,,26858908,22909144,21825096,26369180,,1646396,317136,258188,2046952,,7201632,5000196,2373012,7621004,,32,32,32,32,,22121920,21415404,18902344,22098868
431,0,172,146,23,0,0,3,97842396,4440212,22330132,128,84338612,,26748796,22909648,21816592,26367360,,1746320,369916,259248,2064728,,7307916,5006984,2374848,7640384,,32,32,32,32,,21965816,21369404,18902996,22100396
434,0,173,146,24,0,0,3,98130900,4156912,22028072,128,84496836,,26900604,22995960,21802668,26431668,,1588580,322820,256820,1988692,,7150216,4955208,2357792,7564856,,32,32,32,32,,22125792,21365320,18904776,22100948
436,1,174,146,25,0,0,3,98220752,4207476,21955188,128,84356824,,26966980,22968084,21845828,26439860,,1531788,341564,368500,1965624,,7098012,4974276,2341032,7541868,,32,32,32,32,,22130364,21365636,18759828,22100996
439,1,175,145,26,0,0,4,98070396,4320100,22070996,128,84131892,,26969112,22830948,21834712,26435624,,1528084,450712,363612,1977692,,7094184,5083364,2338572,7554876,,32,32,32,32,,22130208,21137608,18762252,22101824
442,1,176,145,27,0,0,4,98623120,4464352,22126564,128,84043312,,26927760,23628396,21631464,26435500,,1562332,382536,547384,1972100,,7128684,4883212,2564296,7550372,,32,32,32,32,,22130364,21234320,18575720,22102908
445,0,177,144,28,0,0,5,98627368,4481176,22137664,128,83947964,,26918020,23682040,21913496,26113812,,1572136,345732,278016,2285292,,7140804,4880928,2252100,7863832,,32,32,32,32,,22132584,21273424,18773804,21768152
448,0,178,143,29,0,0,6,99065492,4009192,21687820,128,84291276,,26963612,23683080,21905560,26513240,,1528472,328128,274704,1877888,,7097264,4869692,2264152,7456712,,32,32,32,32,,22132692,21278356,18776628,22103600
450,1,179,143,30,0,0,6,98043344,5215588,22752280,128,83097028,,26966488,22618536,21956384,26501936,,1517360,1440736,363764,1893728,,7086364,5982320,2211000,7472596,,32,32,32,32,,22132836,20226116,18634436,22103640
453,0,180,142,31,0,0,7,99027516,4202128,21734656,128,83926592,,27003592,23664512,21859204,26500208,,1474308,384960,458248,1884612,,7043552,4916492,2310928,7463684,,32,32,32,32,,22132964,21129600,18560184,22103844
456,0,181,142,32,0,0,7,97091064,4131848,21524384,128,84032864,,26969088,21573692,21982684,26565600,,1500964,443112,349352,1838420,,7070400,4842568,2193820,7417596,,32,32,32,32,,22133128,21155940,18639768,22104028
458,1,182,142,33,0,0,7,96808924,4406524,21917736,128,83738028,,26666976,21583612,22067652,26490684,,1813564,430788,240700,1921472,,7384148,4832444,2200240,7500904,,32,32,32,32,,21798316,21158212,18746884,22034616
461,0,183,141,34,0,0,8,96482320,4852360,22285984,128,83154188,,26135824,21635460,22135000,26576036,,2331156,367512,332040,1821652,,7903240,4816024,2163892,7402828,,32,32,32,32,,21228748,21200984,18618484,22105972
464,0,184,139,35,0,0,10,98560060,4138824,21665600,128,83786904,,26753528,23113520,22132072,26560940,,1692528,309184,300696,1836416,,7264956,4817224,2163440,7419980,,32,32,32,32,,21769488,21259988,18649176,22108252
467,0,185,140,36,0,0,9,98986784,3907352,21233252,128,83951740,,27144036,23252112,22079380,26511256,,1285240,360804,365880,1895428,,6859092,4763960,2131260,7478940,,32,32,32,32,,22136388,21155344,18551840,22108168
469,1,186,140,37,0,0,9,99011192,3680880,21085608,128,84030272,,27166452,23109116,22101236,26634388,,1268344,324328,338164,1750044,,6842284,4790824,2116920,7335580,,32,32,32,32,,22136432,21218308,18565188,22110344
472,1,187,140,38,0,0,9,98847768,3790264,21198916,128,84034472,,27103488,23043420,22125472,26575388,,1337336,271220,345788,1835920,,6911580,4781544,2080064,7425728,,32,32,32,32,,22136720,21262500,18520676,22114576
475,1,188,140,39,0,0,9,99115332,4653256,20945828,128,82926352,,27169912,23101780,22205152,26638488,,1264128,804060,825208,1759860,,6838396,4715296,2042408,7349728,,32,32,32,32,,22136760,20663300,18011592,22114700
478,1,189,140,40,0,0,9,99000216,4767788,21075472,128,82930896,,27190188,23040168,22198224,26571636,,1232708,906048,805916,1823116,,6807492,4817424,2037296,7413260,,32,32,32,32,,22137088,20661416,18017564,22114828
481,1,190,140,41,0,0,9,99177792,4561652,20897256,128,82958580,,27225824,23143472,22178708,26629788,,1187404,781976,831144,1761128,,6762148,4711212,2070436,7353460,,32,32,32,32,,22137076,20678904,18025520,22117080
484,0,191,140,42,0,0,9,98980936,4764060,21131408,128,82706896,,27227432,22793540,22277332,26682632,,1190156,1138576,735532,1699796,,6764980,5097116,1976896,7292416,,32,32,32,32,,22137124,20424768,18027600,22117404
487,1,192,140,43,0,0,9,99065868,4677844,21037472,128,82731668,,27216248,23236184,21942160,26671276,,1194436,696516,1088028,1698864,,6771568,4641264,2332876,7291764,,32,32,32,32,,22139336,20707340,17767356,22117636
490,0,193,141,44,0,0,8,99057284,4714360,21087268,128,82712508,,27238340,23211160,22259008,26348776,,1174020,725500,789500,2025340,,6752444,4680800,2034108,7619916,,32,32,32,32,,22140664,20717804,18031076,21822964
493,0,194,141,45,0,0,8,99342564,4401368,20783136,128,82928940,,27299556,23296012,22159008,26587988,,1104704,639392,865416,1791856,,6688536,4590472,2117264,7386864,,32,32,32,32,,22146008,20713508,18038444,22030980
495,1,195,141,46,0,0,8,99400980,4320564,20704380,128,83019228,,27246196,23276644,22145488,26732652,,1151216,641596,883432,1644320,,6735280,4593592,2136000,7239508,,32,32,32,32,,22146096,20714216,18039132,22119784
498,0,196,141,46,1,0,8,98754920,4978760,21377016,128,82370704,,27291844,22553500,22189652,26719924,,1094736,1397132,823480,1663412,,6678932,5354188,2085024,7258872,,32,32,32,32,,22146216,20056388,18048092,22120008
501,0,197,140,46,2,0,9,98760024,4992492,21394324,128,82264068,,26829224,23025156,22200252,26705392,,1543996,923128,849036,1676332,,7129144,4876588,2115156,7273436,,32,32,32,32,,21616444,20486568,18039440,22121616
503,1,198,142,46,3,0,7,99342848,4160440,20729136,128,83050808,,27342296,23179108,22252832,26568612,,1022688,745812,588600,1803340,,6610548,4700612,2017280,7400696,,32,32,32,32,,22148440,20656008,18215044,22031316
506,1,199,144,44,4,0,7,94939892,3543600,20549428,128,83620312,,27318152,23244156,17640684,26736900,,1021832,692052,317416,1512300,,6609940,4649268,2077520,7212700,,32,32,32,32,,22148984,20700212,18546228,22224888
509,1,200,145,43,5,0,7,94936684,3263048,20644328,128,84028592,,27272132,23198312,17605320,26860920,,1073936,721668,1150048,317396,,6661956,4680792,2073396,7228184,,32,32,32,32,,22148580,20720736,17711184,23448092
513,0,201,145,43,5,0,7,93558964,3471344,21034296,128,83862136,,27237520,23349780,17239304,25732360,,1107440,521856,1519312,322736,,6695552,4547632,2451204,7339908,,32,32,32,32,,22148648,20787852,17292804,23632832
516,1,202,144,43,6,0,8,93012756,2892656,20717952,128,84458660,,27269652,22363828,17615872,25763404,,1079356,326776,1112712,373812,,6667908,4608148,2057620,7384276,,32,32,32,32,,22148880,21028824,17732520,23548436
521,1,203,144,43,7,0,8,93113824,4418384,20640328,128,82854508,,27303848,22378700,17610964,25820312,,1043196,272508,1140288,1962392,,6633652,4604724,2082516,7319436,,32,32,32,32,,22150696,21078416,17733864,21891532
524,1,204,144,43,9,0,8,92728000,4867784,21073380,128,82407556,,27256396,22413240,17657992,25400372,,1082992,262316,1080528,2441948,,6674196,4575620,2024604,7798960,,32,32,32,32,,22151500,21059416,17735792,21460848
527,1,205,143,43,10,0,9,93255876,4338448,20542816,128,82836216,,27296244,22428812,17642308,25888512,,1038064,253932,1095908,1950544,,6629352,4557140,2041048,7315276,,32,32,32,32,,22151516,21048968,17736880,21898852
530,1,206,144,42,11,0,9,93202308,6685028,20675364,128,80626408,,27257092,22420720,17635080,25889416,,1140680,2471340,1137100,1935908,,6732088,4556608,2084012,7302656,,32,32,32,32,,22151584,18835472,17738620,21900732
533,1,207,144,42,12,0,9,93308952,6574300,20599648,128,80661176,,27273436,22442584,17701128,25891804,,1120932,2488932,1024468,1939968,,6712424,4571352,2004864,7311008,,32,32,32,32,,22151704,18832908,17771712,21904852
536,0,208,144,42,13,0,9,93238876,6494364,20645996,128,80787176,,27247980,22426372,17686840,25877684,,1152636,2404760,990028,1946940,,6744416,4559500,2023860,7318220,,32,32,32,32,,22151848,18904872,17825380,21905076
539,0,209,144,41,14,0,10,92920192,6827024,20984232,128,80495640,,26929088,22421160,17687880,25882064,,1464900,2430788,980956,1950380,,7056932,4587140,2017376,7322784,,32,32,32,32,,21869368,18906436,17827960,21891876
541,1,210,146,41,15,0,8,93299452,6473852,20639136,128,80797936,,27282796,22469288,17651612,25895756,,1120116,2387964,1032652,1933120,,6716888,4542196,2072328,7307724,,32,32,32,32,,22154388,18904140,17831180,21908228
544,0,211,146,41,16,0,8,93260612,6876004,21038936,128,80420864,,27242740,22456368,17679784,25881720,,1159920,2380608,1396568,1938908,,6756652,4535324,2433272,7313688,,32,32,32,32,,22154328,18904552,17453536,21908448
546,1,212,145,41,17,0,9,93491072,6638972,20801792,128,80641412,,27275640,22459644,17905828,25849960,,1123384,2376000,1167316,1972272,,6720372,4532928,2201424,7347068,,32,32,32,32,,22154592,18906872,17671484,21908464
549,0,213,145,41,18,0,9,93713324,6432280,20603872,128,80804656,,27292764,22459980,18066916,25893664,,1112244,2377620,1007868,1934548,,6714472,4537288,2042380,7309732,,32,32,32,32,,22159832,18909544,17826572,21908708
552,0,214,145,41,19,0,9,93523904,6603532,20781728,128,80759500,,27223152,22362516,18048972,25889264,,1179684,2469120,1022036,1932692,,6783168,4629352,2058216,7310992,,32,32,32,32,,22109328,18910152,17828240,21911780
554,0,215,145,41,20,0,9,93627416,6544024,20723756,128,80812468,,27329320,22338508,18067424,25892164,,1067348,2510868,1026704,1939104,,6670948,4671752,2063312,7317744,,32,32,32,32,,22161184,18910572,17828704,21912008
556,1,216,145,41,21,0,9,93492284,6653212,20838452,128,80817744,,27309988,22237752,18065812,25878732,,1080224,2616928,1017964,1938096,,6686068,4778144,2057520,7316720,,32,32,32,32,,22163376,18910736,17831604,21912028
559,1,217,145,41,22,0,9,93022876,7166812,21359476,128,80423816,,27313184,22285392,17595500,25828800,,1075832,2584552,1500100,2006328,,6681756,4747396,2543624,7386700,,32,32,32,32,,22163400,18912408,17434216,21913792
562,0,218,145,41,23,0,9,93571376,6660936,20803632,128,80775380,,27323784,22298120,18079196,25870276,,1112876,2586260,1000896,1960904,,6667472,4749548,2044668,7341944,,32,32,32,32,,22112096,18912880,17835932,21914472
564,1,219,146,41,24,0,8,93555008,6656152,20805672,128,80782032,,27318524,22288472,18052332,25895680,,1116592,2589280,1026736,1923544,,6671444,4754388,2074856,7304984,,32,32,32,32,,22112112,18914708,17840300,21914912
567,0,220,146,41,25,0,8,92656128,7920300,22079360,128,79619700,,27284532,21406180,18092892,25872524,,1148560,3828652,998540,1944548,,6703428,5998008,2049896,7328028,,32,32,32,32,,22112184,17747128,17843492,21916896
569,1,221,143,41,26,0,11,93640456,6889620,21057848,128,80320276,,27327484,22302100,18115752,25895120,,1103652,2890400,954760,1940808,,6658644,5060568,2013972,7324664,,32,32,32,32,,22112320,18439248,17851376,21917332
572,0,222,143,41,27,0,11,93125452,7448744,21623172,128,79983436,,27263692,22816356,17707816,25337588,,1195960,2362784,1382108,2507892,,6751056,4533772,2446620,7891724,,32,32,32,32,,22112368,18925108,17442504,21503456
575,0,223,142,41,28,0,12,93737816,7199460,21374364,128,80017616,,27294568,22830948,17862420,25749880,,1137704,2336644,1654976,2070136,,6692948,4507984,2719232,7454200,,32,32,32,32,,22112552,18925520,17137340,21842204
577,0,224,141,41,29,0,13,94071284,6873852,21050724,128,80467400,,27231460,22838504,18177688,25823632,,1219580,2330644,1343684,1979944,,6775876,4502628,2407940,7364280,,32,32,32,32,,22113428,18926188,17510368,21917416
580,0,225,141,41,30,0,13,94570300,6383104,20564924,128,80823232,,27307052,22857012,18594664,25811572,,1137224,2317428,932672,1995780,,6693972,4495452,1995356,7380144,,32,32,32,32,,22113936,18932236,17859308,21917752
582,1,226,141,41,31,0,13,94591836,6365432,20553996,128,80829368,,27307020,22840348,18595592,25848876,,1130852,2336736,931792,1966052,,6688564,4517636,1995444,7352352,,32,32,32,32,,22114884,18935132,17859672,21919680
585,0,227,143,41,32,0,11,94240044,6656928,20850544,128,80580920,,26938304,22863088,18578844,25859808,,1481960,2306164,943124,1925680,,7039920,4491108,2007564,7311952,,32,32,32,32,,21860852,18939212,17861052,21919804
587,1,228,143,41,33,0,11,94542756,6416628,20614212,128,80815216,,27224300,22864952,18565108,25888396,,1195536,2335696,948776,1936620,,6753552,4522992,2014732,7322936,,32,32,32,32,,22091004,18941884,17862472,21919856
590,0,229,143,41,34,0,11,94567984,6379652,20589020,128,80850736,,27179376,22860356,18627728,25900524,,1250228,2312804,907276,1909344,,6808268,4504528,1976612,7299612,,32,32,32,32,,22115248,18945824,17865860,21923804
592,1,230,143,41,35,0,11,94464416,6455268,20668120,128,80780760,,27233620,22846048,18486460,25898288,,1185864,2316620,1039108,1913676,,6744004,4509008,2111144,7303964,,32,32,32,32,,22115364,18946608,17794968,21923820
595,0,231,143,41,36,0,11,94589816,6332136,20546676,128,80855880,,27222784,22828824,18630372,25907836,,1184296,2334328,902552,1910960,,6742608,4527956,1974704,7301408,,32,32,32,32,,22115528,18947820,17868636,21923896
597,1,232,143,41,37,0,11,94037920,6890056,21113264,128,80425920,,27014100,22493188,18613880,25916752,,1403080,2691460,904852,1890664,,6961340,4885072,1981620,7285232,,32,32,32,32,,22024688,18599944,17873248,21928040
600,0,233,142,41,38,0,12,94702836,6104416,20422472,128,80914740,,27277748,22859356,18647952,25917780,,1027652,2300564,884372,1891828,,6683564,4489636,1962644,7286628,,32,32,32,32,,22213104,18898580,17874788,21928268
603,0,234,146,40,38,0,9,94612008,5400740,20424012,128,81670552,,27182472,22888820,18637260,25903456,,344660,2266324,883920,1905836,,6704040,4456428,1962712,7300832,,32,32,32,32,,22914500,18952304,17875276,21928472
606,1,235,146,40,39,0,9,94182048,5770428,20884184,128,81471452,,27131236,22907816,18298600,25844396,,316632,2258912,1225688,1969196,,6762760,4449936,2304984,7366504,,32,32,32,32,,22999872,18953160,17587688,21930732
609,0,236,146,40,41,0,9,94154016,6694856,20932592,128,80430060,,26733940,22900192,18607232,25912652,,1579764,2271488,924184,1919420,,7148620,4463348,2003724,7316900,,32,32,32,32,,21669368,18953960,17875976,21930756
612,0,237,145,40,42,0,10,94405980,6381640,20632044,128,80675912,,26991848,22904444,18590600,25919088,,1280840,2271808,941948,1887044,,6859532,4464028,2022180,7286304,,32,32,32,32,,21912436,18954324,17876660,21932492
614,0,238,146,39,43,0,10,94431696,6353828,20605916,128,80677252,,27269504,22906316,18551224,25704652,,1006476,2273320,970440,2103592,,6585584,4466196,2051588,7502548,,32,32,32,32,,22134632,18954892,17877556,21710172
617,0,239,145,39,44,0,11,94448752,6336732,20593320,128,80847268,,27270800,22751648,18494108,25932196,,997700,2421740,1035852,1881440,,6579620,4614460,2117604,7281636,,32,32,32,32,,22137692,18898156,17878464,21932956
619,1,240,147,38,45,0,10,94496104,6273496,20539856,128,80913132,,27271312,22787500,18508768,25928524,,996328,2378128,1027232,1871808,,6578188,4576660,2111044,7273964,,32,32,32,32,,22137708,18960312,17880232,21934880
622,0,241,147,38,46,0,10,94230092,6528044,20797428,128,80550776,,27269896,22869128,18149104,25941964,,990044,2288624,1392856,1856520,,6574104,4487744,2476840,7258740,,32,32,32,32,,22139912,18960980,17514992,21934892
624,1,242,146,38,47,0,11,94454488,6383268,20658956,128,80821840,,27239160,22773796,18491524,25950008,,1091752,2408320,1038332,1844864,,6675948,4612700,2122952,7247356,,32,32,32,32,,22140004,18966244,17780464,21935128
627,1,243,145,38,48,0,12,94619808,6206960,20487508,128,80927228,,27274768,22878576,18532492,25933972,,1060300,2300352,977036,1869272,,6646596,4505700,2063436,7271776,,32,32,32,32,,22142152,18966984,17882956,21935136
630,0,244,146,37,49,0,12,94639020,6247356,20535864,128,80935364,,27269512,22867736,18597892,25903880,,1056408,2326580,939624,1924744,,6642868,4535196,2029780,7328020,,32,32,32,32,,22142296,18970528,17887040,21935500
633,0,245,147,36,50,0,12,94743912,6104240,20395636,128,80938616,,27270160,22934264,18647240,25892248,,1051484,2253288,884484,1914984,,6639976,4462748,1975124,7317788,,32,32,32,32,,22144248,18971460,17887556,21935352
635,1,246,147,36,51,0,12,94680732,6143644,20441148,128,80944572,,27223012,22951872,18613124,25892724,,1100392,2229776,894696,1918780,,6689000,4440284,1990064,7321800,,32,32,32,32,,22144292,18972496,17892216,21935568
638,0,247,147,36,52,0,12,94768184,6070588,20371964,128,80948480,,27283160,22951420,18656824,25876780,,1046144,2213564,873432,1937448,,6635908,4424776,1970792,7340488,,32,32,32,32,,22145560,18973188,17894148,21935584
640,1,248,147,36,53,0,12,94794520,6054772,20360912,128,80953208,,27289460,22953996,18662056,25889008,,1045700,2223060,855072,1930940,,6635660,4435092,1954904,7335256,,32,32,32,32,,22145748,18974032,17896588,21936840
643,1,249,147,36,54,0,12,94613552,6228452,20542484,128,80929248,,27184820,22932004,18662900,25833828,,1162244,2237708,847160,1981340,,6757772,4450344,1947848,7386520,,32,32,32,32,,22119664,18974572,17897392,21937620
646,0,250,146,36,55,0,13,94800056,6023436,20340192,128,80961776,,27263512,22937340,18663564,25935640,,1069416,2236768,858960,1858292,,6666496,4449852,1960240,7263604,,32,32,32,32,,22151136,18974784,17897980,21937876
649,0,251,147,36,56,0,12,94805996,5986408,20307616,128,80968688,,27274076,22927072,18681492,25923356,,1061264,2240824,826276,1858044,,6662152,4454348,1927536,7263580,,32,32,32,32,,22155368,18975224,17899996,21938100
651,1,252,147,36,57,0,12,94684708,6097340,20423540,128,80973588,,27246096,22836212,18674528,25927872,,1076992,2346184,824868,1849296,,6678036,4560436,1926808,7258260,,32,32,32,32,,22155516,18975860,17900676,21941536
654,0,253,147,36,58,0,12,94784300,6015668,20343352,128,80974860,,27269548,22958292,18664948,25891512,,1053724,2199528,857156,1905260,,6654840,4414332,1959444,7314736,,32,32,32,32,,22155536,18976480,17900868,21941976
656,1,254,148,36,59,0,11,94803008,5972248,20302428,128,80977388,,27269896,22942016,18668568,25922528,,1050120,2219508,839480,1863140,,6651400,4435784,1942640,7272604,,32,32,32,32,,22155680,18977960,17901736,21942012
659,0,255,148,36,60,0,11,94355032,6416696,20754012,128,80601732,,27178036,22946444,18645128,25585424,,1154828,2197456,867592,2196820,,6756268,4414124,1971004,7612616,,32,32,32,32,,22055332,18978372,17902064,21665964
662,0,256,146,36,61,0,13,93711688,7114700,21460452,128,79798916,,27316220,21908648,18651044,25835776,,1011640,3238376,873004,1991680,,6613224,5458224,1978232,7410772,,32,32,32,32,,22155984,17876524,17903872,21862536
664,0,257,145,36,62,0,14,94423432,6400088,20748720,128,80592348,,27239232,22617856,18654364,25911980,,1089572,2536936,860756,1912824,,6691156,4759296,1966124,7332144,,32,32,32,32,,22155912,18580532,17904028,21951876
667,0,258,145,36,63,0,14,94853464,5903676,20254552,128,80997812,,27317412,23034084,18605328,25896640,,1003208,2081120,906452,1912896,,6605036,4305112,2012180,7332224,,32,32,32,32,,22156168,18985464,17904304,21951876
669,1,259,145,36,64,0,14,94366664,6370612,20751908,128,80713984,,27275124,23039888,18172480,25879172,,1023124,2095464,1339508,1912516,,6626096,4326024,2445500,7354288,,32,32,32,32,,22157300,18992284,17590108,21974292
672,0,260,145,36,65,0,14,94497608,6321268,20702144,128,80762920,,27289428,22673284,18601588,25933308,,1037988,2486332,922564,1874384,,6641944,4724164,2029104,7306932,,32,32,32,32,,22158248,18734396,17905180,21965096
675,0,261,147,36,66,0,12,94874392,5917740,20305636,128,81032424,,27321652,23030924,18594536,25927280,,998764,2102032,949152,1867792,,6603264,4342264,2056468,7303640,,32,32,32,32,,22158644,18999564,17905884,21968332
677,1,262,147,36,67,0,12,94703400,6087712,20481024,128,81037952,,27297960,22923496,18595276,25886668,,1020092,2221188,918604,1927828,,6624656,4464836,2027972,7363560,,32,32,32,32,,22158780,19002908,17907924,21968340
680,1,263,147,36,68,0,12,94854260,5933876,20339160,128,81049748,,27301432,22999476,18606768,25946584,,1014444,2139036,914072,1866324,,6619016,4387444,2026232,7306468,,32,32,32,32,,22158788,19007728,17910696,21972536
683,0,264,147,36,69,0,12,94771680,5987908,20398184,128,81054700,,27258784,23001092,18576816,25934988,,1053548,2135368,938100,1860892,,6660356,4386092,2050688,7301048,,32,32,32,32,,22160984,19010076,17911096,21972544
686,0,265,147,36,70,0,12,94781688,5965760,20380912,128,81020040,,27325332,22996808,18574592,25884956,,983712,2133844,930028,1918176,,6590676,4385988,2043372,7360876,,32,32,32,32,,22161164,19011476,17872596,21974804
689,0,266,147,36,71,0,12,94859932,5405520,20281956,128,81525060,,27313200,22993256,18608612,25944864,,984520,2129348,428336,1863316,,6591516,4381780,2002908,7305752,,32,32,32,32,,22161188,19011768,18377264,21974840
691,1,267,147,36,72,0,12,94448884,5681912,20685492,128,81202428,,26890296,23034180,18630436,25893972,,1377256,2094500,295636,1914520,,6984408,4351384,1990792,7358908,,32,32,32,32,,21728656,19016244,18480808,21976720
694,1,268,147,36,73,0,12,93612260,6266280,21497580,128,80689052,,27315832,23029928,18179780,25086720,,952180,2088920,493964,2731216,,6561488,4346684,2413652,8175756,,32,32,32,32,,22163448,19016976,18270188,21238440
697,1,269,146,36,74,0,13,94379000,6240840,20730200,128,80584756,,27297000,23036412,18459588,25586000,,986708,2094336,949260,2210536,,6597116,4357012,2120880,7655192,,32,32,32,32,,22164524,19021888,17770168,21628176
700,0,270,144,36,75,0,15,94636080,5991848,20484140,128,80898700,,27314604,23027428,18516188,25777860,,957416,2112044,895580,2026808,,6568028,4375408,2067388,7473316,,32,32,32,32,,22164740,19022568,17824584,21886808
703,0,271,143,36,76,0,16,94696160,5878608,20385108,128,80838832,,27020508,23034456,18651868,25989328,,1228784,2077420,781804,1790600,,6843712,4342408,1958436,7240552,,32,32,32,32,,21869224,19024196,17964100,21981312
705,1,272,143,36,77,0,16,94829396,5804112,20310892,128,81118060,,27205028,23011996,18662104,25950268,,1071456,2105140,795472,1832044,,6687300,4370368,1968560,7284664,,32,32,32,32,,22149036,19024440,17960600,21983984
708,0,273,142,36,78,0,17,94256172,6265188,20857336,128,80566152,,27288004,22343260,18624284,26000624,,892420,2773940,806836,1791992,,6585148,5040372,1982116,7249700,,32,32,32,32,,22246920,18368720,17962688,21987824
711,1,274,145,35,78,0,15,94014476,5853588,21087204,128,81112796,,27127420,22449168,18447872,25990016,,344840,2691992,1017680,1799076,,6671704,4958948,2197848,7258704,,32,32,32,32,,22911280,18524776,17686948,21989792
715,1,275,145,35,80,0,15,93878776,5397232,20768788,128,81767564,,26553068,23018244,18331984,25975480,,361988,2102044,1127128,1806072,,6820176,4373060,2309564,7265988,,32,32,32,32,,23069756,19027800,17680056,21989952
718,0,276,147,34,81,0,14,94071256,6420532,20594192,128,80784512,,26479548,22851764,18738172,26001772,,1630692,2303148,701552,1785140,,6897612,4574836,1876564,7245180,,32,32,32,32,,21878320,18954540,17961616,21990036
721,0,277,147,34,82,0,14,94360016,6082668,20266952,128,80869016,,26549308,23085448,18748012,25977248,,1544764,2037172,701160,1799572,,6821992,4315372,1869716,7259872,,32,32,32,32,,21888372,19035200,17955196,21990248
724,0,278,147,34,83,0,14,94190724,6263920,20450236,128,80870452,,26525976,23044552,18702012,25918184,,1550956,2084148,753052,1875764,,6828200,4363900,1922016,7336120,,32,32,32,32,,21888388,19036428,17955532,21990104
727,0,279,147,34,84,0,14,94304768,6117340,20309412,128,80876204,,26533688,23068964,18707232,25994884,,1534456,2037880,739904,1805100,,6811856,4321596,1910200,7265760,,32,32,32,32,,21888548,19040284,17956844,21990528
730,0,280,147,34,85,0,14,94249396,6274440,20472240,128,80881736,,26513992,23079704,18666324,25989376,,1643952,2026784,798960,1804744,,6923608,4311024,1971696,7265912,,32,32,32,32,,21890796,19040672,17959232,21991036
733,0,281,147,34,86,0,14,93824156,6693028,20896888,128,80445644,,26566744,23069852,18723128,25464432,,1589392,2045912,714260,2343464,,6870344,4332696,1887840,7806008,,32,32,32,32,,21892112,19043264,17960132,21550136
736,0,282,146,34,87,0,15,94278524,5691244,20456712,128,81446448,,26537752,23057320,18667724,26015728,,1615876,2055456,252668,1767244,,6897192,4342640,1986764,7230116,,32,32,32,32,,21892548,19043644,18517764,21992492
738,1,283,146,34,87,0,15,94010896,6001524,20740692,128,81158724,,26260832,23025944,18691468,26032652,,1909200,2091396,261688,1739240,,7189240,4383088,1964788,7203576,,32,32,32,32,,21632784,19048200,18483496,21994244
742,0,284,147,34,89,0,14,94240324,5952696,20406180,128,81133200,,26476612,23009468,18735644,26018600,,1680152,2119328,395528,1757688,,6849368,4411672,1922640,7222500,,32,32,32,32,,21780572,19048800,18309132,21994696
744,1,285,147,34,90,0,14,94185380,6296468,20425268,128,80811096,,26447584,23021952,18698700,26017144,,1688228,2100552,753184,1754504,,6858800,4395472,1949412,7221584,,32,32,32,32,,21781904,19051312,17980916,21996964
747,0,286,147,34,91,0,14,94186604,6350460,20481520,128,80813544,,26463768,23020616,18725200,25977020,,1697060,2105912,724384,1823104,,6867780,4402396,1921208,7290136,,32,32,32,32,,21782064,19052780,17981512,21997188
750,0,287,146,34,92,0,15,94324484,6190104,20319664,128,80815852,,26452352,23151416,18743428,25977288,,1713868,1962284,700792,1813160,,6884564,4256464,1898272,7280364,,32,32,32,32,,21781996,19054496,17982244,21997116
752,1,288,147,34,93,0,14,94026612,6480324,20612372,128,80538012,,26460608,23137668,18792100,25636236,,1703672,1958304,649384,2168964,,6874520,4248768,1848596,7640488,,32,32,32,32,,21782200,19055072,17983956,21716784
755,0,289,147,34,94,0,14,94302416,6164776,20290624,128,80824644,,26453108,23107184,18760804,25981320,,1714060,1987060,675936,1787720,,6885796,4270228,1875344,7259256,,32,32,32,32,,21783080,19055940,17984144,22001480
758,0,290,147,34,95,0,14,93511704,6959100,21086868,128,80171328,,26413268,22342292,18791668,25964476,,1743264,2768816,622140,1824880,,6916552,5052016,1821844,7296456,,32,32,32,32,,21784640,18400812,17984392,22001484
760,1,291,147,34,96,0,14,94155852,6289284,20424392,128,80625800,,26458920,22893492,18784244,26019196,,1690028,2216048,620660,1762548,,6865672,4500004,1820572,7238144,,32,32,32,32,,21787016,18848620,17984600,22005564
763,0,292,147,34,97,0,14,94007808,6489240,20623260,128,80542984,,26445244,22810004,18726824,26025736,,1712380,2306788,741388,1728684,,6889020,4591684,1938020,7204536,,32,32,32,32,,21788008,18835564,17913644,22005768
766,0,293,148,34,98,0,13,94067416,6392516,20527932,128,80743568,,26303984,22947724,18797972,26017736,,1857236,2122796,652580,1759904,,7034436,4407968,1849684,7235844,,32,32,32,32,,21788464,18967424,17981880,22005800
768,1,294,148,34,99,0,13,94250192,6122908,20394396,128,80967924,,26371076,23062420,18811876,26004820,,1799412,1897704,651360,1774432,,6980772,4316664,1846580,7250380,,32,32,32,32,,21792668,19189520,17979928,22005808
771,0,295,148,34,100,0,13,94096584,4701064,20594040,128,82585120,,26375432,22994096,18782112,25944944,,1798104,377396,678856,1846708,,6981672,4417116,1870492,7324760,,32,32,32,32,,21794884,20806116,17976312,22007808
774,0,296,148,34,101,0,13,94191860,4564940,20507060,128,82604600,,26366392,23013348,18789280,26022840,,1793920,352732,670988,1747300,,6977496,4439284,1865120,7225160,,32,32,32,32,,21794892,20823096,17978844,22007768
776,1,297,148,34,101,0,13,94216248,4511504,20457260,128,82608036,,26428392,23014860,18765828,26007168,,1723852,325412,692808,1769432,,6908504,4413756,1887492,7247508,,32,32,32,32,,21796016,20824748,17979288,22007984
780,0,298,148,34,103,0,13,94039308,6516380,20643020,128,80542816,,26435312,22781704,18814928,26007364,,1721620,2380936,650384,1763440,,6906292,4648300,1846704,7241724,,32,32,32,32,,21796044,18757612,17980964,22008196
782,1,299,149,32,104,0,14,93799268,6713852,20842524,128,80222416,,26418624,23150084,18774988,25455572,,1727748,2001976,679588,2304540,,6912568,4270124,1876472,7783360,,32,32,32,32,,21796192,19009528,17981436,21435260
785,0,300,149,32,105,0,14,93954112,6536308,20667284,128,80543008,,26045384,23141820,18736880,26030028,,2093984,2002032,720896,1719396,,7278748,4270780,1919788,7197968,,32,32,32,32,,21541340,19010108,17983420,22008140
788,0,301,149,32,106,0,14,94351980,6162608,20293008,128,80797644,,26431848,23130156,18774372,26015604,,1704948,2019388,699624,1738648,,6891100,4288840,1895824,7217244,,32,32,32,32,,21797528,19010816,17980784,22008516
790,1,302,149,32,107,0,14,94352260,6114468,20250776,128,80803600,,26424144,23145380,18765336,26017400,,1705896,1998532,683880,1726160,,6892060,4268396,1883700,7206620,,32,32,32,32,,21797532,19011236,17984412,22010420
793,0,303,149,32,108,0,14,94238932,6295036,20437556,128,80809344,,26420008,23049672,18770072,25999180,,1723324,2100468,689360,1781884,,6911056,4370976,1893176,7262348,,32,32,32,32,,21799072,19011504,17988416,22010352
796,0,304,149,32,109,0,14,94383496,6131128,20281804,128,80816744,,26455008,23113484,18787988,26027016,,1670732,2016208,683928,1760260,,6858652,4293720,1888456,7240976,,32,32,32,32,,21799304,19017660,17989124,22010656
799,0,305,149,32,110,0,14,94121196,6413996,20577600,128,80666124,,26394676,23113316,18795948,25817256,,1724428,2018284,688756,1982528,,6914476,4300152,1898164,7464808,,32,32,32,32,,21801376,19021972,17994020,21848756
801,1,306,149,32,111,0,14,94326140,6170704,20336176,128,80831520,,26441872,23091288,18745816,26047164,,1675540,2045836,716236,1733092,,6865768,4328344,1926340,7215724,,32,32,32,32,,21801608,19022624,17994668,22012620
804,1,307,149,32,112,0,14,94320064,6176548,20351856,128,80840724,,26397340,23103292,18786824,26032608,,1709080,2032640,697500,1737328,,6903704,4317744,1910120,7220288,,32,32,32,32,,21805704,19025228,17996956,22012836
807,1,308,149,32,113,0,14,94394256,6098944,20277532,128,80844332,,26433504,23167380,18808584,25984788,,1672848,1976836,662792,1786468,,6867328,4263384,1875932,7270888,,32,32,32,32,,21805876,19026720,17997492,22014244
810,0,309,149,32,114,0,14,94143400,6341324,20404340,128,80582948,,26427312,22990904,18857616,25867568,,1673788,2159260,605704,1902572,,6868280,4446652,1822348,7267060,,32,32,32,32,,21805892,18881972,18000772,21894312
813,0,310,150,31,115,0,14,94216408,6217112,20286732,128,80734204,,26363976,23204908,18796040,25851484,,1736448,1901412,666276,1912976,,6933088,4191352,1884804,7277488,,32,32,32,32,,21807992,19029072,18002804,21894336
815,1,311,150,31,116,0,14,94305944,5074188,20193368,128,81781108,,26418804,23198996,18865368,25822776,,1680256,859104,591984,1942844,,6876960,4198468,1810376,7307564,,32,32,32,32,,21808104,20075788,18002672,21894544
818,1,312,150,31,116,0,14,93890664,5017500,20683468,128,81860400,,26011928,23220784,18863880,25794072,,2070708,357464,578348,2010980,,7268684,4240000,1799040,7375744,,32,32,32,32,,21344356,20616576,18004944,21894524
821,1,313,148,31,118,0,16,93951556,7125772,20561976,128,79594320,,25987424,23199200,18849384,25915548,,2097032,2576412,592868,1859460,,7296328,4225200,1814252,7226196,,32,32,32,32,,21304916,18387196,18005604,21896604
824,1,314,148,31,119,0,16,94208940,6846708,20288480,128,80007680,,26297340,23168676,18839984,25902940,,1757504,2613972,600456,1874776,,6957032,4265276,1824652,7241520,,32,32,32,32,,21712996,18389720,18008348,21896616
827,0,315,149,31,120,0,15,94190716,6865916,20309736,128,80022848,,26449732,22976764,18860196,25904024,,1616760,2816192,564948,1868016,,6816232,4467780,1790740,7234984,,32,32,32,32,,21810992,18305012,18010008,21896836
829,1,316,150,30,121,0,15,92996004,8091032,21541248,128,79018272,,26437644,22986448,18604340,24967572,,1627252,2796160,835048,2832572,,6826736,4448164,2065240,8201108,,32,32,32,32,,21811008,18311228,17732452,21163584
832,0,317,149,30,122,0,16,94051672,7060424,20568852,128,79923684,,26326172,23008812,18790148,25926540,,1826132,2776972,603356,1853964,,7025780,4433532,1884356,7225184,,32,32,32,32,,21695564,18323664,18003328,21901128
835,0,318,149,30,123,0,16,94254944,6738404,20306496,128,80167336,,26449980,23000956,18893680,25910328,,1586140,2765200,547080,1839984,,6873464,4422328,1799480,7211224,,32,32,32,32,,21898856,18330128,18037212,21901140
837,0,319,149,30,124,0,16,94016128,5263952,20334940,128,81693816,,26048360,23041112,19018056,25908600,,384128,2742972,297780,1839072,,6921972,4403320,1799132,7210516,,32,32,32,32,,23153448,18355604,18283416,21901348
840,1,320,149,30,125,0,16,93505500,3956356,20305956,128,82995548,,25967340,23185380,18506856,25845924,,690992,516100,848168,1901096,,6936296,4241976,1848504,7279180,,32,32,32,32,,22914180,20464792,17787588,21828988
848,1,321,149,30,126,0,16,93657136,4727436,20145428,128,82142232,,26075684,23187408,18471292,25922752,,1722256,290852,879364,1834964,,6816636,4235524,1880212,7213056,,32,32,32,32,,21763648,20682528,17788056,21908000
851,0,322,148,30,127,0,17,92566780,8032220,21223584,128,78878700,,25330644,23177332,18516092,25542712,,2469496,2522732,841724,2198268,,7565616,4236684,1843036,7578248,,32,32,32,32,,21079432,18456292,17788556,21554420
854,0,323,147,30,128,0,18,92792668,7818164,21010328,128,79170152,,26117516,23114344,18139000,25421808,,1658416,2610140,1238864,2310744,,6754580,4324356,2240740,7690652,,32,32,32,32,,21755172,18456540,17576224,21382216
856,1,324,146,30,129,0,19,93503676,7146132,20344808,128,79789288,,26099364,22968384,18523044,25912884,,1683508,2789016,837128,1836480,,6781784,4503588,1842832,7216604,,32,32,32,32,,21767488,18359476,17793028,21869296
859,1,325,146,30,130,0,19,93644060,6955072,20163356,128,79937276,,26109568,23081332,18508160,25945000,,1667576,2644076,850736,1792684,,6765940,4359044,1863860,7174512,,32,32,32,32,,21767584,18457348,17800452,21911892
862,0,326,146,30,131,0,19,93693472,6902112,20115744,128,79942692,,26111996,23069768,18565620,25946088,,1670740,2663260,778784,1789328,,6769272,4380784,1794320,7171368,,32,32,32,32,,21767752,18459900,17802936,21912104
865,0,327,146,30,132,0,19,93492056,7182372,20397436,128,79943924,,26113492,23031412,18547016,25800136,,1656376,2711932,839560,1974504,,6754912,4430160,1855864,7356500,,32,32,32,32,,21767756,18460552,17803660,21911956
867,1,328,146,30,133,0,19,93344124,7236540,20491056,128,79607408,,26107636,22756388,18576292,25903808,,1683200,2918380,810804,1824156,,6781876,4670732,1832084,7206364,,32,32,32,32,,21767896,18118588,17808668,21912256
870,1,329,145,30,134,0,20,93528860,7082232,20318832,128,79780340,,26042856,23050528,18557120,25878356,,1739988,2660520,803040,1878684,,6838740,4392952,1826236,7260904,,32,32,32,32,,21747288,18310196,17810588,21912268
873,0,330,146,30,135,0,19,93781684,6816412,20058212,128,79911684,,26120508,23168336,18615740,25877100,,1653556,2529680,769884,1863292,,6752500,4262396,1795544,7247772,,32,32,32,32,,21768292,18415720,17813136,21914536
876,0,331,146,30,136,0,19,93128892,7492980,20739692,128,79363564,,26092588,23178924,18607440,25249940,,1691096,2519384,768440,2514060,,6790064,4256612,1794212,7898804,,32,32,32,32,,21768320,18440432,17813200,21341612
878,1,332,148,30,137,0,17,93715452,6867152,20122912,128,79867940,,26068028,23182340,18503084,25962000,,1703144,2503860,867620,1792528,,6804476,4241704,1894952,7181780,,32,32,32,32,,21716440,18446628,17785604,21919268
881,0,333,150,30,138,0,15,93662092,6725264,20148948,128,79965044,,26121152,23183468,18587252,25770220,,1571508,2489508,686116,1978132,,6747740,4227816,1803108,7370284,,32,32,32,32,,21845600,18447460,17904444,21767540
883,1,334,150,30,138,0,15,94458884,4944784,20242380,128,81759472,,26061672,23192044,19388464,25816704,,308276,2487288,242760,1906460,,6892956,4226072,1824664,7298688,,32,32,32,32,,23192556,18457168,18367476,21742272
886,1,335,150,30,140,0,15,94373084,5157460,20357168,128,81769720,,26030364,23110324,19380492,25851904,,418420,2591292,252176,1895572,,6912972,4331048,1819836,7293312,,32,32,32,32,,23102488,18480808,18351260,21835164
894,0,336,151,30,141,0,14,94516116,6791028,20186208,128,80058732,,26071068,23072908,19394924,25977216,,1694876,2620936,809808,1665408,,6847364,4360820,1820680,7157344,,32,32,32,32,,21760244,18480904,17798032,22019552
896,1,337,151,30,142,0,14,94646812,5477724,20318480,128,81504292,,26039956,23090788,19321932,26194136,,1727232,2606244,852072,292176,,6879792,4347648,1863392,7227648,,32,32,32,32,,21760312,18482448,17798448,23463084
899,1,338,151,30,142,0,14,94003060,5435316,20391432,128,81419576,,25955928,23158484,19383120,25505528,,1801320,2530688,781812,321496,,6956024,4272664,1803024,7359720,,32,32,32,32,,21654384,18483056,17808380,23473756
904,0,339,151,30,144,0,14,94105756,7021304,20264892,128,79864724,,26026164,23069464,19357224,25652904,,1715836,2636456,796992,1872020,,6876852,4380752,1820408,7186880,,32,32,32,32,,21768772,18443760,17810592,21841600
906,1,340,151,30,145,0,14,94206572,6925656,20175196,128,79912296,,25994780,23224676,19365944,25621172,,1763140,2464464,780016,1918036,,6924236,4211696,1805980,7233284,,32,32,32,32,,21768836,18488392,17813132,21841936
909,0,341,151,30,146,0,14,94270836,6875752,20127416,128,79914360,,26087960,23186428,19374964,25621484,,1665396,2518024,775260,1917072,,6827716,4265652,1801648,7232400,,32,32,32,32,,21770076,18488780,17813556,21841948
911,1,342,151,30,147,0,14,94227484,6907680,20167184,128,79922116,,26148164,23124836,19354676,25599808,,1585692,2567028,815256,1939704,,6750952,4317412,1841964,7256856,,32,32,32,32,,21773064,18491508,17813884,21843660
914,1,343,151,30,148,0,14,94270700,6828420,20096788,128,79930716,,26129312,23151196,19343076,25647116,,1597096,2522324,855716,1853284,,6762812,4276592,1885036,7172348,,32,32,32,32,,21773520,18495412,17816140,21845644
917,0,344,151,30,149,0,14,93827240,7304024,20577860,128,79583120,,26094780,23134672,18939656,25658132,,1646768,2569708,1252600,1834948,,6816708,4324244,2282640,7154268,,32,32,32,32,,21777700,18495636,17463832,21845952
920,0,345,150,30,150,0,15,94320764,6765972,20044864,128,79940436,,26135420,23142892,19387256,25655196,,1589552,2550772,783420,1842228,,6759552,4307876,1814840,7162596,,32,32,32,32,,21777808,18498208,17817420,21847000
922,1,346,150,30,151,0,15,93732652,7337648,20620296,128,79488212,,26130032,23125928,19390732,25085960,,1581828,2566368,790136,2399316,,6751952,4323984,1821772,7722588,,32,32,32,32,,21777944,18498720,17818836,21392712
925,0,347,151,30,152,0,14,94367528,6818040,20109136,128,79950220,,26129820,23214608,19343588,25679512,,1587528,2490788,878156,1861568,,6759760,4253520,1910928,7184928,,32,32,32,32,,21776656,18503884,17819672,21850008
927,1,348,151,30,153,0,14,94430912,6723608,20020380,128,79959488,,26137992,23226528,19396476,25669916,,1571608,2476288,805960,1869752,,6743984,4239832,1839144,7197420,,32,32,32,32,,21780192,18504636,17820332,21854328
930,0,349,151,30,154,0,14,94459544,6669500,19975416,128,79968940,,26130696,23213488,19448164,25667196,,1589012,2482240,742272,1855976,,6761400,4248056,1782300,7183660,,32,32,32,32,,21780200,18507180,17827224,21854336
932,1,350,151,30,155,0,14,94090812,7495560,20806464,128,79215204,,26115308,23225160,19088116,25662228,,1604352,2466040,1566860,1858308,,6776744,4233492,2610020,7186208,,32,32,32,32,,21780204,18508528,17071924,21854548
935,0,351,149,30,156,0,16,94246512,7356056,20666128,128,79430552,,26124620,23029468,19517284,25575140,,1585852,2674800,1147712,1947692,,6758388,4443408,2186716,7277616,,32,32,32,32,,21780348,18415692,17377988,21856524
938,0,352,150,29,157,0,16,94844552,6749028,20062004,128,79890280,,26047076,23256624,19952172,25588680,,1674084,2427388,721604,1925952,,6847880,4196640,1760692,7256792,,32,32,32,32,,21781552,18510336,17812988,21785404
941,0,353,150,29,158,0,16,94989620,6581260,19999336,128,80081560,,26109496,23246732,19957428,25675964,,1688504,2444664,702744,1745348,,6862300,4214464,1748116,7174456,,32,32,32,32,,21781500,18510900,17833592,21955568
943,1,354,150,29,159,0,16,95026140,5804564,19952088,128,80810984,,26162860,23249096,19963028,25651156,,1621992,2439304,720168,1023100,,6797152,4209452,1762576,7182908,,32,32,32,32,,21782968,18511248,17830592,22686176
946,1,355,150,29,160,0,16,94779700,5347760,20226648,128,81439508,,26014820,23156456,19949708,25658716,,1775744,2536068,714392,321556,,6950904,4306552,1757008,7212184,,32,32,32,32,,21680236,18511516,17830772,23416984
949,1,356,150,29,160,0,16,94628392,5430968,20414780,128,81470028,,26106788,22941260,19973352,25606992,,1680364,2775928,705300,269376,,6855672,4546780,1742672,7269656,,32,32,32,32,,21783060,18410528,17825568,23450872
952,1,357,150,29,161,0,16,94802568,6915408,20200600,128,79948440,,26041384,23145944,19946456,25668784,,1741712,2503476,739236,1930984,,6917120,4318824,1772916,7191740,,32,32,32,32,,21783116,18556360,17821820,21787144
956,0,358,150,29,163,0,16,94437112,5338936,20565464,128,81540144,,26059708,22756872,19952900,25667632,,1742868,947152,724040,1924876,,6918300,4703156,1758220,7185788,,32,32,32,32,,21783136,20147404,17822300,21787304
958,2,359,149,29,163,0,17,94761576,6897812,20176676,128,79824768,,26120424,23073688,19931020,25636444,,1670852,2554220,739052,1933688,,6846480,4361280,1774024,7194892,,32,32,32,32,,21783384,18430868,17822976,21787540
962,1,360,149,29,165,0,17,94957348,6632556,19981936,128,80008732,,26114944,23269860,19889100,25683444,,1669020,2300764,770460,1892312,,6844824,4176076,1807224,7153812,,32,32,32,32,,21779864,18616256,17824732,21787880
965,1,361,149,29,166,0,17,94980780,4665612,19993460,128,81982416,,26127916,23246684,19937408,25668772,,1656384,343480,745852,1919896,,6834252,4192912,1784880,7181416,,32,32,32,32,,21785644,20581864,17827008,21787900
968,0,362,151,29,167,0,15,94907756,4635844,20052884,128,82071388,,26076792,23256900,19911460,25662604,,1718032,246492,752960,1918360,,6897156,4179768,1792408,7183552,,32,32,32,32,,21786924,20665436,17827460,21791568
971,0,363,151,29,167,0,15,94584352,4937756,20365180,128,81869040,,26123456,23113276,19870740,25476880,,1672912,394936,793776,2076132,,6853272,4332664,1833552,7345692,,32,32,32,32,,21788152,20669824,17827688,21583376
974,0,364,151,29,169,0,15,94916608,6845540,20051428,128,79864728,,26178012,23118392,19946968,25673236,,1606152,2624072,735100,1880216,,6790808,4332356,1778212,7150052,,32,32,32,32,,21792528,18444868,17831036,21796296
976,1,365,151,29,170,0,15,94839860,6901268,20109656,128,79867232,,26144640,23117400,19926588,25651232,,1619572,2616624,762880,1902192,,6804228,4327192,1806192,7172044,,32,32,32,32,,21792524,18447152,17831240,21796316
979,0,366,151,29,171,0,15,94867596,6885188,20098948,128,79872612,,26154080,23112592,19925268,25675656,,1610968,2621976,763036,1889208,,6795776,4332800,1810524,7159848,,32,32,32,32,,21792684,18447412,17835420,21797096
981,1,367,151,29,172,0,15,94693064,7053224,20273596,128,79785348,,26166504,22996648,19931996,25597916,,1601344,2745000,753368,1953512,,6788212,4456416,1801360,7227608,,32,32,32,32,,21794744,18354136,17835916,21800552
984,1,368,151,29,173,0,15,94847840,6922468,20144040,128,79876016,,26081084,23123096,19950184,25693476,,1711536,2625664,765016,1820252,,6898508,4337512,1813604,7094416,,32,32,32,32,,21794788,18448476,17836128,21796624
987,0,369,151,29,174,0,15,94990772,6732336,19962320,128,79888572,,26098020,23189540,20000540,25702672,,1688176,2535140,697844,1811176,,6875204,4248504,1747040,7091572,,32,32,32,32,,21794844,18450048,17836788,21806892
989,1,370,151,29,175,0,15,94966968,6736044,19967136,128,79889744,,26172504,23160100,19952224,25682140,,1593296,2551244,746756,1844748,,6780500,4264884,1796536,7125216,,32,32,32,32,,21795076,18450352,17837392,21806924
992,0,371,151,29,176,0,15,95032104,6661692,19896000,128,79893080,,26154268,23178876,20017492,25681468,,1604592,2535280,666744,1855076,,6791812,4250596,1717864,7135728,,32,32,32,32,,21795092,18452036,17838824,21807128
994,1,372,151,29,177,0,15,94641960,7126300,20368192,128,79633168,,26155348,23174772,19810484,25501356,,1624024,2537992,890484,2073800,,6811368,4260440,1941932,7354452,,32,32,32,32,,21795240,18459180,17707456,21671292
997,0,373,151,29,178,0,15,94990016,6770964,20015136,128,79902592,,26123992,23145180,20019112,25701732,,1647484,2561424,685708,1876348,,6835856,4284812,1737236,7157232,,32,32,32,32,,21795996,18460024,17839212,21807360
1000,0,374,151,29,179,0,15,95015788,6757592,20006732,128,79907812,,26111152,23204480,20014980,25685176,,1672668,2505152,698568,1881204,,6861304,4230616,1750404,7164408,,32,32,32,32,,21796460,18462216,17839488,21809648
1002,1,375,151,29,180,0,15,95065828,6675004,19928272,128,79911844,,26172240,23186880,20014508,25692200,,1603664,2508028,679864,1883448,,6793488,4233900,1732288,7168596,,32,32,32,32,,21797696,18462564,17840040,21811544
1005,0,376,151,29,181,0,15,94216044,7576000,20830508,128,79274588,,25774172,22848836,20008312,25584724,,1995376,2886240,687916,2006468,,7185296,4612192,1740880,7292140,,32,32,32,32,,21470320,18151724,17840588,21811956
1007,1,377,151,28,182,0,16,94728108,7032812,20291600,128,79745016,,25910372,23105308,20008744,25703684,,1841848,2632256,686064,1872644,,7034060,4358408,1741068,7158064,,32,32,32,32,,21627460,18463108,17842620,21811828
1010,1,378,151,28,183,0,16,94835640,6865244,20193560,128,79938552,,26115252,23097692,19907760,25714936,,1639396,2632052,789488,1804308,,6833824,4358420,1847396,7153920,,32,32,32,32,,21802204,18463308,17797000,21876040
1013,0,379,151,28,184,0,16,94693576,7094848,20378316,128,79675128,,26131988,23097620,19761384,25702584,,1627260,2642372,957812,1867404,,6821868,4371528,2016276,7168644,,32,32,32,32,,21802420,18466100,17578992,21827616
1015,1,380,150,28,185,0,17,94648240,7111260,20404140,128,79729860,,25868652,23099964,19978108,25701516,,1884480,2629860,737116,1859804,,7082816,4360512,1799760,7161052,,32,32,32,32,,21639972,18467596,17794664,21827628
1018,0,381,150,28,186,0,17,94637296,7072600,20366752,128,79599964,,26130056,23164576,19979548,25363116,,1616284,2559408,696384,2200524,,6814980,4290340,1759480,7501952,,32,32,32,32,,21806548,18467884,17850492,21475040
1021,0,382,150,28,187,0,17,95017972,6566852,19958064,128,80054160,,26146692,23176096,19977460,25717724,,1575252,2542096,600636,1848868,,6773956,4274316,1755600,7154192,,32,32,32,32,,21806568,18469172,17946636,21831784
1023,1,383,150,28,188,0,17,94975300,6254828,19992248,128,80394984,,26137384,23193876,19940240,25703800,,1583836,2507136,306920,1856936,,6782676,4240184,1806920,7162468,,32,32,32,32,,21806728,18470020,18286236,21832000
1026,1,384,150,28,188,0,17,94974624,6284220,20001788,128,80372136,,26123928,23188768,19965468,25696460,,1578208,2513536,322840,1869636,,6777084,4247556,1799288,7177860,,32,32,32,32,,21806740,18471012,18259692,21834692
1029,0,385,149,28,190,0,18,94610064,6971448,20309604,128,79636508,,25942516,23178600,19857420,25631528,,1764712,2511644,764556,1930536,,6964892,4246400,1859540,7238772,,32,32,32,32,,21509188,18471712,17821180,21834428
1032,0,386,150,28,191,0,17,95062060,5190228,19856376,128,81321008,,26215248,23171876,19961720,25713216,,1504232,1183836,656176,1845984,,6705604,4242608,1751892,7156272,,32,32,32,32,,21809376,19792856,17882000,21836776
1035,0,387,151,28,192,0,16,94961276,4484008,19988992,128,82157652,,26209172,23154764,19907860,25689480,,1500544,379848,727412,1876204,,6702080,4276320,1824084,7186508,,32,32,32,32,,21809552,20628316,17882976,21836808
1037,1,388,151,28,193,0,16,95003276,6661148,19922940,128,79919312,,26192348,23156820,19959796,25694312,,1511784,2626524,649516,1873324,,6713332,4277652,1748108,7183848,,32,32,32,32,,21809572,18387832,17884888,21837020
1040,0,389,151,28,194,0,16,94776068,6865508,20135224,128,79805180,,26194740,23128544,19743284,25709500,,1496460,2653284,859908,1855856,,6698144,4309600,1959408,7168072,,32,32,32,32,,21809712,18393012,17763748,21838708
1043,0,390,151,28,195,0,16,95114676,6558016,19823044,128,79922356,,26183468,23195968,20005940,25729300,,1499108,2593732,657520,1807656,,6700808,4251316,1750700,7120220,,32,32,32,32,,21809724,18394316,17879368,21838948
1046,0,391,151,28,196,0,16,95080848,6404984,19866048,128,80118120,,26147764,23217760,20000564,25714760,,1534800,2353992,664200,1851992,,6736656,4211284,1753504,7164604,,32,32,32,32,,21809872,18593824,17875464,21838960
1048,1,392,151,28,197,0,16,95097264,4373496,19876636,128,82155600,,26177760,23215496,19990860,25713148,,1521856,341532,666724,1843384,,6725768,4238088,1756572,7156208,,32,32,32,32,,21811944,20628496,17875984,21839176
1051,1,393,151,28,198,0,16,94622224,4816824,20363396,128,81774820,,26151008,22758072,19988876,25724268,,1538548,794636,663088,1820552,,6742580,4732624,1754576,7133616,,32,32,32,32,,21812008,20245768,17877616,21839428
1055,0,394,151,28,199,0,16,95119196,6471612,19789124,128,79956632,,26164136,23236712,19994980,25723368,,1492424,2514244,652484,1812460,,6696844,4222464,1744260,7125556,,32,32,32,32,,21794704,18444584,17877900,21839444
1057,0,395,151,28,200,0,16,95152220,6524252,19897196,128,80030008,,26195428,23228212,20013852,25714728,,1524096,2513768,664596,1821792,,6782764,4222868,1754436,7137128,,32,32,32,32,,21866648,18445696,17875964,21841700
1060,0,396,151,28,201,0,16,95110788,5778364,19916968,128,80795596,,26197060,23216072,20001932,25695724,,756204,2524368,659996,1837796,,6778712,4233864,1750132,7154260,,32,32,32,32,,22630488,18446084,17876228,21842796
1062,1,397,151,28,202,0,16,94419212,5933052,20631576,128,80944960,,26002800,23216628,20006104,25193680,,389800,2523556,658040,2361656,,6964888,4234168,1753560,7678960,,32,32,32,32,,23095300,18447204,17881484,21520972
1065,1,398,151,28,202,0,16,95030740,5342136,20047136,128,81361348,,26125476,23163500,20020156,25721608,,303460,2580348,637756,1820572,,6877264,4291304,1736540,7142028,,32,32,32,32,,23181332,18447492,17884712,21847812
1069,0,399,151,28,204,0,16,94963952,6377236,20140268,128,80418136,,26117564,23119584,20012996,25713808,,1661412,2636248,237648,1841928,,6878692,4347432,1749084,7165060,,32,32,32,32,,21825052,18447668,18295940,21849476
1071,1,400,151,28,204,0,16,94998480,6450424,20116104,128,80317780,,26135648,23126732,20016608,25719492,,1629888,2625092,353776,1841668,,6857424,4336936,1754476,7167268,,32,32,32,32,,21835268,18448324,18182224,21851964
1075,0,401,151,28,206,0,16,94554200,7253520,20627596,128,79842024,,25951344,23026836,19929068,25646952,,1830216,2764144,736804,1922356,,7057864,4477112,1844728,7247892,,32,32,32,32,,21696016,18449336,17844848,21851824
1077,1,402,152,28,207,0,15,94808624,6880632,20255804,128,79897440,,25927096,23201604,19947396,25732528,,1843904,2551516,675116,1810096,,7071832,4265208,1782816,7135948,,32,32,32,32,,21701660,18450228,17893300,21852252
1080,1,403,152,28,208,0,15,94951624,6791644,20175620,128,80040232,,26051100,23208288,19974160,25718076,,1717960,2547960,696212,1829512,,6945816,4264488,1809920,7155396,,32,32,32,32,,21835552,18453080,17899316,21852284
1083,0,404,152,28,209,0,15,95093148,6606828,19992792,128,80042320,,26135068,23264680,19976608,25716792,,1623516,2479692,668140,1835480,,6851444,4197612,1782168,7161568,,32,32,32,32,,21835676,18454536,17899624,21852484
1085,1,405,152,28,210,0,15,95085520,6590220,19982556,128,80048752,,26151592,23247984,19968800,25717144,,1604160,2479824,672568,1833668,,6832280,4202188,1788308,7159780,,32,32,32,32,,21835924,18458976,17901348,21852504
1088,1,406,152,28,211,0,15,94999280,6698532,20094492,128,80038584,,26198296,23116572,19977604,25706808,,1546868,2646208,666336,1839120,,6776088,4369316,1783632,7165456,,32,32,32,32,,21837064,18459396,17902956,21839168
1091,1,407,152,28,212,0,15,94474448,6745364,20636372,128,80081524,,26195900,23119424,19920464,25238660,,1551688,2618364,250312,2325000,,6781464,4343984,1857412,7653512,,32,32,32,32,,21837580,18462240,18387964,21393740
1094,1,408,151,28,212,0,16,94967680,6392900,20247228,128,80296188,,26216624,23112700,20099256,25539100,,1525608,2627676,239792,1999824,,6756304,4353724,1809100,7328100,,32,32,32,32,,21838448,18462600,18347748,21647392
1097,1,409,151,28,214,0,16,94836240,6512360,20262520,128,80267436,,26215684,23116424,19969644,25534488,,1532960,2625232,322968,2031200,,6763700,4351376,1787540,7359904,,32,32,32,32,,21838544,18462720,18243040,21723132
1100,0,410,151,28,215,0,16,94876544,6485012,20238284,128,80184592,,26113124,22966208,20028856,25768356,,1665188,2779724,269772,1770328,,6896072,4506732,1734876,7100604,,32,32,32,32,,21823956,18260320,18243592,21856724
1103,0,411,151,28,216,0,16,95039308,6487576,19995784,128,80115200,,26188840,23161432,19921164,25767872,,1463912,2569212,687440,1767012,,6776608,4296724,1823624,7098828,,32,32,32,32,,21920528,18464204,17873456,21857012
1105,1,412,151,28,217,0,16,95122676,5284332,19965648,128,81335772,,26176012,23181000,20012672,25752992,,316280,2565396,624740,1777916,,6800200,4294416,1761272,7109760,,32,32,32,32,,23091740,18465720,17921292,21857020
1108,1,413,151,28,218,0,16,95650712,5392524,20079440,128,81248212,,26689492,23192048,20015772,25753400,,433928,2561640,611484,1785472,,6919008,4290828,1752076,7117528,,32,32,32,32,,22999772,18465892,17925316,21857232
1111,0,414,151,28,219,0,16,95305308,5900708,20457848,128,80689992,,26841368,23202600,19989664,25271676,,409624,2548748,645964,2296372,,6761760,4279048,1788488,7628552,,32,32,32,32,,22959688,18466996,17918596,21344712
1114,0,415,152,28,220,0,15,95185260,6295928,19879904,128,80238260,,26193344,23202412,20020468,25769036,,1522808,2538800,448712,1785608,,6757288,4270112,1729976,7122528,,32,32,32,32,,21842228,18468004,18065952,21862076
1116,1,416,152,28,220,0,15,95160868,6150300,19929840,128,80430244,,26180992,23203644,20031884,25744348,,1527516,2530172,303176,1789436,,6766108,4262296,1774864,7126572,,32,32,32,32,,21846332,18468868,18252752,21862292
1120,0,417,152,28,222,0,15,95081576,6529500,19982192,128,80106784,,26168020,23162924,19999432,25751200,,1527408,2578692,638196,1785204,,6767284,4311576,1777572,7125760,,32,32,32,32,,21847624,18469528,17923924,21865708
1123,0,418,152,28,223,0,15,95092816,6501772,19961572,128,80113872,,26168144,23202616,20026936,25695120,,1531748,2536364,600648,1833012,,6774812,4269828,1742840,7174092,,32,32,32,32,,21850808,18470152,17926780,21866132
1125,1,419,152,28,224,0,15,94987876,6632852,20095052,128,80089656,,26068364,23137464,20024840,25757208,,1635576,2615040,593760,1788476,,6878764,4348600,1736420,7131268,,32,32,32,32,,21824240,18470208,17927260,21867948
1128,1,420,152,28,225,0,15,94962980,6633968,20104796,128,80125132,,26121752,23090108,20002956,25748164,,1558620,2663416,622868,1789064,,6801844,4399268,1771648,7132036,,32,32,32,32,,21850908,18472440,17933628,21868156
1131,0,421,152,28,226,0,15,94988316,6604136,20078320,128,80128176,,26082616,23091032,20054604,25760064,,1595312,2653732,566772,1788320,,6838688,4390188,1716424,7133020,,32,32,32,32,,21851052,18473044,17934224,21869856
1134,0,422,152,28,227,0,15,94650564,6943580,20422604,128,79922980,,26066660,23095380,19862208,25626316,,1628144,2635648,764748,1915040,,6871484,4376304,1914880,7259936,,32,32,32,32,,21850972,18477216,17819328,21775464
1136,1,423,152,28,228,0,15,94711528,6899404,20383492,128,79898076,,26068012,22895924,19978412,25769180,,1621592,2874872,637556,1765384,,6865080,4617612,1790444,7110356,,32,32,32,32,,21851116,18239412,17937432,21870116
1139,0,424,151,28,229,0,16,95106856,6484676,19971456,128,80140876,,26145384,23224772,19978232,25758468,,1518928,2518064,660760,1786924,,6762624,4262860,1813836,7132136,,32,32,32,32,,21851376,18481500,17937684,21870316
1141,1,425,151,28,230,0,16,94925568,6630772,20120968,128,79901964,,26132180,23043676,19996816,25752896,,1533240,2685736,635180,1776616,,6776952,4432260,1789888,7121868,,32,32,32,32,,21851396,18240908,17939316,21870344
1144,0,426,150,28,231,0,17,94849416,6690804,20185040,128,79758584,,26120240,23091136,19986936,25651104,,1549820,2618876,629404,1892704,,6793672,4368728,1784432,7238208,,32,32,32,32,,21851536,18224052,17939636,21743360
1147,0,427,151,27,232,0,17,95210092,6306008,19803188,128,80129596,,26190644,23266624,20002024,25750800,,1460856,2447284,620044,1777824,,6704800,4197780,1775236,7125372,,32,32,32,32,,21837348,18479736,17939860,21872652
1149,1,428,151,27,233,0,17,95189968,6005508,19830712,128,80475656,,26203884,23263736,19980288,25742060,,1130916,2428308,649228,1797056,,6704692,4180408,1800776,7144836,,32,32,32,32,,22181540,18485300,17935944,21872872
1152,1,429,151,27,234,0,17,95499312,5182024,19832652,128,81301352,,26518900,23232716,20012656,25735040,,309644,2457856,622380,1792144,,6709672,4210588,1770572,7141820,,32,32,32,32,,23007752,18485932,17932908,21874760
1155,1,430,151,27,234,0,17,95173204,6368648,19864072,128,80143816,,26196608,23242544,19998252,25735800,,1474196,2465176,639528,1789748,,6714044,4218240,1788248,7143540,,32,32,32,32,,21845256,18486288,17933384,21878888
1158,1,431,151,27,236,0,17,95123904,6382128,19880900,128,80034536,,26197252,23255412,20028104,25643136,,1423268,2437612,620000,1901248,,6663276,4191056,1771300,7255268,,32,32,32,32,,21847660,18486564,17936008,21764304
1161,0,432,151,27,237,0,17,95286076,5893332,19702152,128,80458928,,26178408,23262776,20072668,25772224,,1428604,2428992,261952,1773784,,6668768,4183136,1718988,7131260,,32,32,32,32,,21847820,18487224,18240984,21882900
1164,1,433,151,27,237,0,17,95395736,5946212,19723148,128,80423328,,26188188,23278128,20177688,25751732,,1433080,2414600,320528,1778004,,6673384,4168988,1744784,7135992,,32,32,32,32,,21847952,18487400,18204852,21883124
1167,1,434,151,27,239,0,17,95205860,6286516,19801260,128,80164460,,26162840,23248456,20052064,25742500,,1458220,2453776,578840,1795680,,6700572,4209780,1736512,7154396,,32,32,32,32,,21850004,18488968,17941920,21883568
1170,0,435,151,27,240,0,17,95159920,6311668,19835688,128,80040784,,25985140,23333672,20072360,25768748,,1651000,2361308,535176,1764184,,6893472,4125356,1694408,7122452,,32,32,32,32,,21716624,18496988,17943772,21883400
1173,0,436,151,27,241,0,17,95234876,6228540,19758036,128,80179488,,26088500,23363696,20026516,25756164,,1542028,2339728,572168,1774616,,6788660,4104268,1732000,7133108,,32,32,32,32,,21854280,18497480,17944096,21883632
1175,1,437,151,27,242,0,17,95339552,6177540,19707936,128,80180432,,26167144,23373732,20042544,25756132,,1537040,2322648,546932,1770920,,6783820,4087596,1707084,7129436,,32,32,32,32,,21854456,18497912,17944412,21883652
1178,1,438,151,27,243,0,17,95319736,6219404,19756076,128,80186728,,26172780,23348936,20054064,25743956,,1559112,2345652,541124,1773516,,6807036,4115440,1701344,7132256,,32,32,32,32,,21855588,18502788,17944476,21883876
1181,0,439,150,27,244,0,18,94798688,6725664,20266324,128,79667112,,26174604,22839832,20033132,25751120,,1565132,2839924,553460,1767148,,6815576,4609012,1714140,7127596,,32,32,32,32,,21858104,17991088,17945020,21872900
1184,0,440,150,27,245,0,18,95272104,6262684,19810144,128,80196148,,26180792,23380304,19980252,25730756,,1555056,2295288,609844,1802496,,6806468,4069148,1771268,7163260,,32,32,32,32,,21859088,18505540,17945708,21885812
1186,1,441,151,27,246,0,17,95217016,6077728,19908980,128,80480676,,26064164,23375392,20043576,25733884,,1671704,2022200,583760,1800064,,6923080,4079440,1745612,7160848,,32,32,32,32,,21858968,18789688,17946192,21885828
1189,1,442,151,27,247,0,17,95107808,4877128,19978752,128,81620288,,26138020,23386176,20039208,25544404,,1591996,736552,574128,1974452,,6843520,4059728,1738288,7337216,,32,32,32,32,,21859140,20052680,17948520,21759948
1192,1,443,151,27,247,0,17,95079056,4430040,20052628,128,82250360,,25998512,23325832,19991104,25763608,,1752544,295820,646668,1735008,,7004032,4139384,1811292,7097920,,32,32,32,32,,21844924,20568564,17948952,21887920
1195,0,444,151,27,249,0,17,95099984,4318720,19989184,128,82268584,,26105568,23336640,19893216,25764560,,1613240,230032,742596,1732852,,6864932,4120976,1907472,7095804,,32,32,32,32,,21859256,20616032,17905300,21887996
1198,0,445,151,27,249,0,17,95278180,3306400,19829568,128,83162800,,26091524,23434672,20001808,25750176,,655144,280684,616344,1754228,,6899084,4029332,1783748,7117404,,32,32,32,32,,22851492,20471388,17951700,21888220
1201,0,446,151,27,250,0,17,95326800,3132064,19986384,128,83402544,,26149896,23464104,19965504,25747296,,428924,309684,656316,1737140,,7016504,4040924,1828628,7100328,,32,32,32,32,,23102684,20455028,17956604,21888228
1204,0,447,151,27,251,0,17,95145468,4108168,20228080,128,82365520,,26263512,23533736,19984860,25363360,,684708,620620,636788,2166052,,6851428,4037532,1809652,7529468,,32,32,32,32,,22774024,20143516,17954396,21493584
1206,1,448,151,27,253,0,17,95310272,6041068,19808308,128,80416132,,26172040,23388152,20006276,25743804,,1568556,2435396,257912,1779204,,6809392,4038064,1818188,7142664,,32,32,32,32,,21848400,18334616,18344604,21888512
1209,1,449,151,27,254,0,17,95408092,6141816,19881416,128,80384660,,26177236,23351712,20140812,25738332,,1551956,2483420,321184,1785256,,6794072,4090500,1845452,7151392,,32,32,32,32,,21849664,18338996,18304772,21891228
1212,1,450,151,27,255,0,17,95219388,6459672,19870020,128,80059076,,26178980,23354888,19983612,25701908,,1542336,2475668,631348,1810320,,6785604,4083272,1823236,7177908,,32,32,32,32,,21850824,18339536,17976040,21892676
1215,1,451,151,27,256,0,17,95092760,6615388,20031616,128,80064864,,26183412,23223824,19980420,25705104,,1530660,2633160,625392,1826176,,6774064,4241788,1817908,7197856,,32,32,32,32,,21850964,18340512,17976700,21896688
1218,1,452,151,27,257,0,17,95319676,6402340,19821336,128,80067808,,26143948,23359676,20027588,25788464,,1593720,2481568,584432,1742620,,6837132,4090768,1778848,7114588,,32,32,32,32,,21850908,18341224,17978600,21897076
1221,0,453,151,27,258,0,17,95350984,6338456,19758496,128,80068912,,26197092,23386940,19995076,25771876,,1530928,2436876,618232,1752420,,6776576,4046600,1809380,7125940,,32,32,32,32,,21853212,18341800,17975252,21898648
1224,0,454,150,27,259,0,18,95276840,6421448,19853560,128,79923512,,26176524,23268748,20057936,25773632,,1550532,2559784,558284,1752848,,6796328,4171296,1757164,7128772,,32,32,32,32,,21853368,18186056,17983052,21901036
1227,0,455,152,27,260,0,16,95428508,6254848,19689532,128,80039984,,26183376,23429748,20068872,25746512,,1536704,2396844,545344,1775956,,6786616,4010000,1740988,7151928,,32,32,32,32,,21857484,18344032,17979784,21858684
1229,1,456,152,27,261,0,16,95222888,6472628,19910204,128,79940120,,26185916,23175412,20072928,25788632,,1531408,2664588,540940,1735692,,6781468,4277892,1738952,7111892,,32,32,32,32,,21857632,18199036,17982144,21901308
1232,0,457,152,27,262,0,16,95476444,6136064,19638220,128,80150000,,26149204,23458744,20092208,25776288,,1564508,2292772,544552,1734232,,6814568,3970812,1742192,7110648,,32,32,32,32,,21857628,18409112,17981736,21901524
1235,0,458,152,27,263,0,16,95482092,4092908,19652328,128,82202496,,26159472,23470152,20083616,25768852,,1565264,249568,529316,1748760,,6821052,3978596,1727472,7125208,,32,32,32,32,,21863352,20455356,17982252,21901536
1237,1,459,152,27,264,0,16,94984968,4668108,20166272,128,81678640,,25691128,23469024,20086860,25737956,,2025220,330452,510004,1802432,,7285440,3993500,1708204,7179128,,32,32,32,32,,21408704,20385876,17982324,21901736
1241,0,460,151,27,264,0,17,94348592,6097536,19861036,128,80314268,,26078640,22460148,20057144,25752660,,1630712,2174132,518396,1774296,,6892500,4097456,1718072,7153008,,32,32,32,32,,21765992,18660828,17983740,21903708
1246,0,461,151,27,266,0,17,94431620,6594176,19773856,128,79835204,,26183756,22442308,20053184,25752372,,1508268,2793604,521852,1770452,,6771320,4131568,1721784,7149184,,32,32,32,32,,21870600,18076904,17983972,21903728
1249,0,462,151,27,267,0,17,93671852,7347472,20544708,128,79302520,,26119092,22437872,20073024,25041864,,1561936,2783832,502256,2499448,,6828140,4129940,1706596,7880032,,32,32,32,32,,21873728,18085108,17988388,21355296
1251,1,463,151,27,268,0,17,94015904,6976732,20175164,128,79521512,,26129380,22452972,19649928,25783624,,1547444,2780924,911248,1737116,,6813680,4127476,2116244,7117764,,32,32,32,32,,21873764,18085552,17656480,21905716
1254,0,464,150,27,269,0,18,94374736,6382000,19843128,128,80115756,,26106004,22458400,20042848,25767484,,1583036,2770516,287132,1741316,,6849408,4119880,1751660,7122180,,32,32,32,32,,21873892,18088352,18247588,21905924
1257,0,465,150,27,270,0,18,94677432,6235132,19719292,128,80136256,,26189480,22513532,20209832,25764588,,1494820,2715032,284676,1740604,,6763300,4070300,1764016,7121676,,32,32,32,32,,21876068,18094320,18259744,21906124
1260,0,466,150,27,271,0,18,94445928,6536872,19766312,128,79884616,,26201872,22511436,20017316,25715304,,1488088,2704596,545380,1798808,,6759808,4059996,1766652,7179856,,32,32,32,32,,21879296,18094448,18004820,21906052
1262,1,467,150,27,272,0,18,94358448,6635764,19871544,128,79794736,,26100348,22364412,20118480,25775208,,1567392,2854116,499736,1714520,,6844440,4211400,1719780,7095924,,32,32,32,32,,21788104,18096316,18003892,21906424
1265,1,468,150,27,273,0,18,94444980,6265696,19785644,128,80173424,,26174056,22469684,20042164,25759076,,1473672,2761640,296060,1734324,,6750924,4119284,1799688,7115748,,32,32,32,32,,21884856,18096740,18285376,21906452
1268,1,469,150,27,274,0,18,94633684,6206940,19721132,128,80166092,,26254100,22448688,20188812,25742084,,1387384,2774632,298072,1746852,,6669988,4133132,1789520,7128492,,32,32,32,32,,21890296,18097548,18271584,21906664
1271,1,470,150,27,275,0,18,93850512,7092424,20367864,128,79497860,,26256260,22440752,19820096,25333404,,1401040,2780436,755860,2155088,,6684816,4139304,2002984,7540760,,32,32,32,32,,21891452,18097928,17919296,21589184
1274,1,471,149,27,276,0,19,93522276,7426084,20702304,128,79010820,,26260364,22032272,20026948,25202692,,1393068,3203136,525712,2304168,,6677008,4562260,1773728,7689308,,32,32,32,32,,21891580,17710652,18031532,21377056
1277,0,472,148,27,277,0,20,94503596,6461732,19739300,128,79933328,,26253356,22475720,19978028,25796492,,1389092,2773380,595488,1703772,,6673056,4132840,1844428,7088976,,32,32,32,32,,21891596,18098680,18032436,21910616
1279,1,473,148,27,278,0,20,94566824,6366692,19653016,128,79942336,,26257304,22477860,20036964,25794696,,1394492,2750380,524248,1697572,,6678600,4110608,1775032,7088776,,32,32,32,32,,21891744,18099496,18034376,21916720
1282,0,474,148,27,279,0,20,94180408,6776952,20059992,128,79534996,,26286712,22489100,19790132,25614464,,1365636,2723756,790688,1896872,,6649764,4084684,2037492,7288052,,32,32,32,32,,21891760,18100280,17725828,21817128
1285,0,475,147,27,280,0,21,94503604,6367116,19702508,128,79910912,,26254080,22456316,19998028,25795180,,1392008,2744036,587256,1643816,,6676276,4106256,1834536,7085440,,32,32,32,32,,21891912,18101580,17951300,21966120
1287,1,476,147,27,281,0,21,94134748,5519640,20092428,128,80807812,,25926488,22459336,19929376,25819548,,1710972,2814304,646404,347960,,6995708,4109140,1894516,7093064,,32,32,32,32,,21583312,18034200,17920716,23269584
1290,1,477,149,27,281,0,19,94241656,5335552,20003900,128,80952848,,26269256,22073524,20082396,25816480,,1362468,3193272,496408,283404,,6647144,4489780,1747204,7119772,,32,32,32,32,,21892380,17666484,18033224,23360760
1293,1,478,148,27,283,0,20,94439248,6509000,19724936,128,79769856,,26227224,22379952,20045084,25786988,,1400260,2876536,527168,1705036,,6684940,4174164,1778272,7087560,,32,32,32,32,,21892344,17912568,18033548,21931396
1296,0,479,147,27,284,0,21,93462700,7584880,20811760,128,78836632,,26289480,22480580,19535604,25157036,,1424456,2772828,1053636,2333960,,6711372,4071208,2300968,7728212,,32,32,32,32,,21894620,18013788,17478412,21449812
1299,0,480,150,26,285,0,19,94525340,6543932,19765116,128,79738172,,26242592,22506592,19968816,25807340,,1470308,2763968,635732,1673924,,6758496,4058392,1879632,7068596,,32,32,32,32,,21895888,18034000,17865916,21942368
1301,1,481,151,26,286,0,18,94484520,6557424,19783908,128,79695236,,26246628,22497772,20119548,25620572,,1468408,2780504,465800,1842712,,6757444,4075232,1712112,7239120,,32,32,32,32,,21896736,18034352,18028704,21735444
1304,1,482,150,26,287,0,19,94628912,6406168,19634488,128,79905624,,26214984,22464336,20120316,25829276,,1500680,2806856,469856,1628776,,6789992,4102132,1716960,7025404,,32,32,32,32,,21896956,18034808,18029504,21944356
1307,0,483,150,26,288,0,19,94427568,6628788,19866856,128,79895624,,26177472,22467844,20088240,25694012,,1553980,2806068,505856,1762884,,6843440,4103664,1760200,7159552,,32,32,32,32,,21897104,18037124,18017044,21944352
1310,0,484,151,26,289,0,18,94483288,6565752,19807208,128,79917288,,26186292,22397184,20072972,25826840,,1531852,2891240,508400,1634260,,6821424,4189072,1763840,7032872,,32,32,32,32,,21897164,18037308,18036496,21946320
1312,1,485,151,26,290,0,18,94490788,6214164,19841764,128,80303448,,26157872,22460784,20055764,25816368,,1195236,2837844,531840,1649244,,6867804,4136400,1789488,7048072,,32,32,32,32,,22280148,18038084,18038676,21946540
1315,1,486,151,26,291,0,18,94561812,5536384,19562624,128,80949676,,26223092,22460752,20090544,25787424,,513464,2829308,506500,1687112,,6583756,4131504,1761448,7085916,,32,32,32,32,,22925520,18041724,18035960,21946472
1318,1,487,151,26,292,0,18,94563212,6463220,19748288,128,79880904,,26235532,22525132,20016608,25785940,,1447064,2747640,586460,1682056,,6779236,4050184,1837788,7081080,,32,32,32,32,,21939696,18042112,17952412,21946684
1321,1,488,151,26,293,0,18,94211452,6760728,20052476,128,79632872,,26254860,22067280,20140384,25748928,,1411528,3187540,462712,1698948,,6744036,4495960,1713184,7099296,,32,32,32,32,,21940052,17763740,18030012,21899068
1324,1,489,152,25,294,0,18,94717940,6252160,19545204,128,79966212,,26255448,22521496,20145172,25795824,,1408336,2743408,447272,1653144,,6740984,4052476,1698000,7053744,,32,32,32,32,,21940192,18048648,18030304,21947068
1327,0,490,152,25,295,0,18,94540264,6431392,19726948,128,79968484,,26246432,22427508,20084620,25781704,,1444944,2827808,490180,1668460,,6779640,4137332,1740908,7069068,,32,32,32,32,,21942196,18048976,18030240,21947072
1329,1,491,152,25,296,0,18,94576048,6379620,19679600,128,79973160,,26249908,22455008,20067524,25803608,,1433912,2780692,523028,1641988,,6769920,4090624,1774152,7044904,,32,32,32,32,,21943544,18049444,18030772,21949400
1332,1,492,152,25,297,0,18,94573848,6216564,19691056,128,80147628,,26268856,22443504,20076012,25785476,,1419552,2803532,521520,1471960,,6756388,4114064,1773192,7047412,,32,32,32,32,,21944396,18050028,18031340,22121864
1335,0,493,152,25,298,0,18,94580220,5167808,19820144,128,81232092,,26186788,22447532,20075788,25870112,,1503488,2796288,518448,349584,,6840820,4107004,1770696,7101624,,32,32,32,32,,21856252,18050212,18031872,23293756
1338,0,494,153,24,299,0,18,94495540,5072520,19874488,128,81219988,,26270340,22487620,20105472,25632108,,1388952,2754428,509268,419872,,6726304,4067712,1763668,7316804,,32,32,32,32,,21944888,18052848,18034076,23188176
1346,0,495,153,24,300,0,18,94728028,6246776,19614836,128,80014776,,26259780,22500188,20150556,25817504,,1397160,2765456,453656,1630504,,6734808,4084960,1703848,7091220,,32,32,32,32,,21945192,18059064,18029552,21980968
1349,0,496,154,24,301,0,17,94724088,6219616,19595028,128,80022012,,26270972,22504664,20143448,25805004,,1383300,2768184,445004,1623128,,6720960,4090012,1699860,7084196,,32,32,32,32,,21945204,18061392,18034104,21981312
1351,1,497,154,24,302,0,17,94736940,6209020,19589916,128,80027624,,26271036,22520272,20143564,25802068,,1378144,2750180,440480,1640216,,6715944,4073624,1697000,7103348,,32,32,32,32,,21945344,18062992,18035912,21983376
1354,1,498,154,24,303,0,17,94617132,6359008,19744572,128,80032028,,26273144,22485332,20165152,25693504,,1379764,2771880,460536,1746828,,6717572,4097500,1716632,7212868,,32,32,32,32,,21945348,18065100,18035444,21986136
1357,0,499,154,24,304,0,17,94734696,6246596,19634680,128,80034680,,26308084,22435648,20169256,25821708,,1349496,2855764,447112,1594224,,6687540,4183212,1703244,7060684,,32,32,32,32,,21945620,18066888,18035468,21986704
1360,0,500,154,24,305,0,17,94530824,5870960,19827668,128,80470992,,26247704,22356500,20125052,25801568,,862388,2932396,486040,1590136,,6723848,4260460,1744636,7098724,,32,32,32,32,,22469016,17935136,18037932,22028908
1362,2,501,153,24,306,0,18,95016284,5243512,19396488,128,81063276,,26554240,22479780,20176200,25806064,,399592,2765676,454136,1624108,,6491184,4093824,1718476,7093004,,32,32,32,32,,22962480,18068032,18043580,21989184
1366,0,502,153,24,307,0,18,89911112,6567956,19757412,128,79845136,,21513740,22463448,20134288,25799636,,1694588,2788152,459900,1625316,,6819416,4116532,1724660,7096804,,32,32,32,32,,21741088,18068284,18043980,21991784
1369,0,503,153,24,308,0,18,89887348,6731140,19814612,128,79738820,,21489492,22480716,20092536,25824604,,1820120,2796108,503788,1611124,,6829748,4124944,1772680,7087240,,32,32,32,32,,21625652,18068744,18048000,21996424
1371,1,504,153,24,309,0,18,89904580,6694448,19784464,128,79745684,,21490428,22452380,20149220,25812552,,1827320,2812148,437144,1617836,,6838104,4141432,1709920,7095008,,32,32,32,32,,21627092,18069196,18051916,21997480
1374,1,505,153,24,310,0,18,89940576,6664120,19772784,128,79764568,,21513648,22484868,20129712,25812348,,1789976,2778868,477908,1617368,,6814920,4112232,1750876,7094756,,32,32,32,32,,21641440,18073260,18052176,21997692
1377,0,506,153,24,311,0,18,89998140,6614668,19731880,128,79773080,,21526752,22548368,20132508,25790512,,1770664,2720516,466224,1657264,,6799904,4055392,1741768,7134816,,32,32,32,32,,21645740,18074816,18054764,21997760
1379,1,507,153,24,312,0,18,89796276,5670368,20100324,128,80781288,,21160836,22525592,20112432,25997416,,2143088,2734104,479268,313908,,7179660,4073384,1755164,7092116,,32,32,32,32,,21349084,18079228,18054596,23298380
1382,1,508,153,24,312,0,18,90217748,5210416,19307048,128,81036528,,21587372,22536612,20194968,25898796,,1696812,2716724,396168,400712,,6734388,4059600,1673876,6839184,,32,32,32,32,,21652780,18082876,18056952,23243920
1386,0,509,153,24,313,0,18,90014092,5427260,19769256,128,80991108,,21550524,22465280,20111916,25886372,,1725432,2797592,455044,449192,,6763224,4143144,1735060,7127828,,32,32,32,32,,21652896,18085444,18059232,23193536
1389,1,510,153,24,315,0,18,89713104,6821464,19964504,128,79551440,,21579392,22476708,19924116,25732888,,1681956,2783940,635792,1719776,,6723172,4129940,1916216,7195176,,32,32,32,32,,21656276,18085868,17914632,21894664
1393,0,511,153,24,316,0,18,90023832,6514360,19666952,128,79806696,,21607620,22460628,20117296,25838288,,1644436,2801740,457148,1611036,,6686808,4148492,1740216,7091436,,32,32,32,32,,21657440,18086632,18062308,22000316
1396,0,512,153,24,317,0,18,90018328,6508252,19661544,128,79807360,,21592288,22473796,20127748,25824496,,1670096,2797272,434416,1606468,,6712632,4144048,1717980,7086884,,32,32,32,32,,21657604,18086656,18062780,22000320
1398,1,513,153,24,318,0,18,90083508,6427216,19587556,128,79814384,,21603612,22541228,20137600,25801068,,1656616,2717244,425144,1628212,,6699252,4064540,1714944,7108820,,32,32,32,32,,21657604,18087216,18069024,22000540
1401,1,514,153,24,319,0,18,90020152,6502044,19670848,128,79797040,,21557004,22529080,20147724,25786344,,1704428,2721036,443336,1633244,,6751396,4068784,1733796,7116872,,32,32,32,32,,21636184,18087680,18069756,22003420
1404,0,515,152,24,320,0,19,89453692,7079844,20251772,128,79249364,,21551440,21867984,20189508,25844760,,1714668,3378952,421880,1564344,,6764424,4726720,1712924,7047704,,32,32,32,32,,21664432,17511568,18070096,22003268
1407,0,516,152,24,321,0,19,89508436,5067756,19672172,128,81258616,,21002380,22492108,20184012,25829936,,297720,2761280,432928,1575828,,6777000,4110916,1724840,7059416,,32,32,32,32,,23094072,18089992,18071060,22003492
1412,1,517,152,24,322,0,19,88862756,6574184,19700596,128,79780188,,20378764,22455024,20206600,25822368,,1800436,2796820,407200,1569728,,6798384,4148080,1700804,7053328,,32,32,32,32,,21612556,18091636,18072488,22003508
1415,0,518,152,24,323,0,19,88902772,6521868,19650088,128,79779376,,20384276,22506032,20185652,25826812,,1784568,2761460,404952,1570888,,6782808,4113720,1698848,7054712,,32,32,32,32,,21612864,18089788,18072992,22003732
1417,1,519,152,24,324,0,19,88903788,6515312,19648040,128,79786748,,20378932,22514180,20197560,25813116,,1779136,2751236,389928,1595012,,6779484,4105812,1683896,7078848,,32,32,32,32,,21614956,18094968,18073080,22003744
1420,0,520,152,24,325,0,19,88916284,6509444,19647528,128,79792128,,20346160,22572032,20169720,25828372,,1843372,2665772,419636,1580664,,6844504,4023284,1713936,7065804,,32,32,32,32,,21615712,18097956,18073412,22005048
1423,0,521,152,24,326,0,19,88897872,6561536,19706452,128,79798844,,20377416,22545720,20176812,25797924,,1805528,2704212,412212,1639584,,6807816,4066068,1707120,7125448,,32,32,32,32,,21616876,18102244,18074004,22005720
1425,1,522,152,24,327,0,19,88471212,5888056,19980808,128,80711904,,19918896,22537664,20124296,25890356,,2284260,2719472,456376,427948,,7286456,4081384,1751892,6861076,,32,32,32,32,,21325400,18102308,18074304,23209892
1428,2,523,152,24,327,0,19,88890188,5831904,20010936,128,80685904,,20346464,22521404,20152360,25869960,,1825216,2737340,435660,833688,,6831288,4102660,1733704,7343284,,32,32,32,32,,21620768,18105480,18077092,22882564
1438,0,524,151,24,329,0,20,89040636,7072264,19767876,128,79173552,,20409220,22379676,20115648,26136092,,1766048,2861052,462912,1982252,,6776552,4232800,1768336,6990188,,32,32,32,32,,21625292,17873964,18039144,21635152
1441,0,525,152,24,330,0,19,89205324,6897572,19602624,128,79395284,,20385740,22533612,20166620,26119352,,1801728,2701868,407268,1986708,,6812732,4077348,1717820,6994724,,32,32,32,32,,21625792,18044644,18089608,21635240
1443,1,526,152,24,331,0,19,89322104,6808864,19521220,128,79457372,,20425300,22545760,20226080,26124964,,1755132,2689552,374536,1989644,,6768340,4065312,1687296,7000272,,32,32,32,32,,21627936,18100076,18091844,21637516
1446,1,527,153,24,332,0,18,89206732,6931384,19648712,128,79476452,,20420600,22509652,20194624,26081856,,1742956,2758476,392464,2037488,,6756312,4136228,1707580,7048592,,32,32,32,32,,21628080,18116720,18094136,21637516
1449,0,528,153,24,333,0,18,89258852,6882120,19603132,128,79479824,,20403912,22534088,20183020,26137832,,1781008,2735884,389672,1975556,,6795532,4114172,1705988,6987440,,32,32,32,32,,21629260,18117248,18095312,21638004
1451,1,529,153,24,334,0,18,88430580,7034420,20424332,128,79443352,,20410868,21997936,20173112,25848664,,1101032,3281972,382988,2268428,,6782960,4660712,1699608,7281052,,32,32,32,32,,22296648,17726000,18095620,21325084
1454,1,530,152,24,335,0,19,89193260,5539608,19648372,128,80814676,,20410868,22571476,20123744,26087172,,381212,2678820,438924,2040652,,6780600,4057820,1756404,7053548,,32,32,32,32,,23022624,18118008,18096412,21577632
1457,2,531,152,24,336,0,19,89219924,5405644,19599880,128,80915264,,20380952,22570768,20136944,26131260,,314824,2685504,421264,1984052,,6795408,4064968,1741164,6998340,,32,32,32,32,,23103512,18118484,18066644,21626624
1461,0,532,153,24,337,0,18,89221488,6890040,19595572,128,79382828,,20392056,22444764,20199796,26184872,,1792920,2821656,344392,1931072,,6781412,4201716,1665180,6947264,,32,32,32,32,,21603216,18037672,18099708,21642232
1464,0,533,153,24,338,0,18,89278980,6583868,19512808,128,79687632,,20366216,22548916,20200844,26163004,,1812708,2499032,332796,1939332,,6801192,4102096,1653696,6955824,,32,32,32,32,,21603228,18342120,18099836,21642448
1466,1,534,153,24,339,0,18,89289868,4504500,19488804,128,81743256,,20408060,22534604,20184408,26162796,,1771772,454764,339584,1938380,,6772284,4104608,1656932,6954980,,32,32,32,32,,21615256,20385156,18100380,21642464
1469,1,535,153,24,340,0,18,87334592,3306012,19587580,128,83038628,,20381220,20621472,20152216,26179684,,1778260,411316,421948,694488,,6778952,4126280,1741248,6941100,,32,32,32,32,,21615404,20448444,18102112,22872668
1474,2,536,153,24,340,0,18,81920692,2802968,19690956,128,83538824,,20390576,20407532,20197640,20924944,,1767428,334920,365704,334916,,6768336,4121940,1685452,7115228,,32,32,32,32,,21615600,20519264,18102784,23301176
1480,2,537,153,24,341,0,18,81941792,4428272,19682488,128,81909164,,20306364,20499800,20206288,20929340,,1842868,251400,350536,1983468,,6848128,4052256,1671096,7111008,,32,32,32,32,,21619924,20533140,18103588,21652512
1484,0,538,152,24,343,0,19,81657544,4812676,20046632,128,81514688,,20380036,20486784,20154076,20636648,,1764888,337044,452408,2258336,,6774236,4115736,1771656,7385004,,32,32,32,32,,21606468,20510844,18033752,21363624
1487,0,539,151,24,344,0,20,81937520,7001856,19679248,128,79341128,,20332144,20438924,20201868,20964584,,1800268,2890912,384520,1926156,,6809740,4112200,1704420,7052888,,32,32,32,32,,21624096,17960972,18103216,21652844
1489,1,540,151,24,345,0,20,81960796,6978460,19654276,128,79339560,,20394852,20439948,20171236,20954760,,1756952,2890572,405140,1925796,,6766604,4112300,1727064,7048308,,32,32,32,32,,21624332,17961408,18104916,21648904
1492,0,541,151,24,346,0,20,81905496,7143704,19709984,128,79229668,,20401332,20426116,20158588,20919460,,1728152,2898252,409508,2107792,,6739868,4120824,1731764,7117528,,32,32,32,32,,21626388,17962260,18105184,21535836
1495,0,542,151,24,347,0,20,81986008,7130440,19700448,128,79233448,,20386812,20478568,20159136,20961492,,1746660,2837512,437600,2108668,,6759516,4062088,1760316,7118528,,32,32,32,32,,21627516,17964260,18105624,21536048
1497,1,543,151,24,348,0,20,80583740,8543032,21114644,128,77942788,,20370596,19101020,20150856,20961268,,1755432,4226284,432688,2128628,,6768368,5451752,1756012,7138512,,32,32,32,32,,21627664,16672892,18106168,21536064
1500,1,544,148,24,349,0,23,81258372,7784524,20360140,128,78441864,,20452252,19685108,20172652,20948360,,1642640,3624628,399716,2117540,,6655728,4851904,1724876,7127632,,32,32,32,32,,21627848,17169976,18107760,21536280
1503,1,545,148,24,350,0,23,81673856,7383112,19966064,128,78889468,,20441264,20498028,19785440,20949124,,1651648,2800988,805992,2124484,,6664748,4031884,2134836,7134596,,32,32,32,32,,21627852,17972428,17752896,21536292
1506,0,546,147,24,351,0,24,81756276,7308656,19894940,128,79147176,,20418928,20268868,20176068,20892412,,1678020,3071084,394416,2165136,,6691264,4304672,1723284,7175720,,32,32,32,32,,21628004,17944616,18111620,21462936
1509,0,547,147,24,352,0,24,81993804,7079520,19674296,128,79259832,,20415868,20435140,20185828,20956968,,1687404,2889216,398052,2104848,,6701804,4125484,1731600,7115408,,32,32,32,32,,21629156,17977612,18116300,21536764
1511,1,548,147,24,353,0,24,81961628,7116340,19715140,128,79263924,,20410616,20424568,20172876,20953568,,1700416,2887464,400192,2128268,,6716296,4124128,1734172,7140544,,32,32,32,32,,21630620,17978100,18116736,21538468
1514,1,549,147,24,354,0,24,81907336,7151756,19759580,128,79248280,,20446952,20387860,20175268,20897256,,1652716,2931360,391096,2176584,,6668428,4172148,1727880,7191124,,32,32,32,32,,21630468,17982224,18119580,21516008
1517,0,550,147,24,355,0,24,82019008,6556388,19623780,128,79732540,,20423328,20448536,20172804,20974340,,1673756,2863384,382768,1636480,,6689724,4104452,1719832,7109772,,32,32,32,32,,21630616,17982560,18119832,21999532
1519,1,551,147,24,356,0,24,81895584,5386344,19735596,128,80855120,,20296304,20443092,20200824,20955364,,1791160,2865396,348736,381052,,6807168,4106920,1688860,7132648,,32,32,32,32,,21475512,17983024,18122864,23273720
1522,1,552,147,24,357,0,24,82074076,5115248,19564564,128,81110352,,20437800,20427940,20247456,20960880,,1638860,2871972,315788,288628,,6655044,4113952,1656304,7139264,,32,32,32,32,,21630796,17983504,18123260,23372792
1525,0,553,147,24,358,0,24,82053712,5139448,19592656,128,81114140,,20427784,20428588,20238836,20958504,,1652012,2883704,321940,281792,,6668356,4126524,1662920,7134856,,32,32,32,32,,21630964,17984280,18123708,23375188
1528,0,554,147,24,359,0,24,82022492,7051692,19598980,128,79281904,,20435492,20412836,20226892,20947272,,1733892,2898740,313040,2106020,,6750252,4142400,1654400,7051928,,32,32,32,32,,21630976,17985112,18124068,21541748
1530,1,555,147,24,360,0,24,81681100,7439784,19998240,128,78913608,,20263036,20417148,20223900,20777016,,1930660,2890444,338444,2280236,,6947140,4135176,1681712,7234212,,32,32,32,32,,21483184,17986188,18094316,21349920
1533,1,556,147,24,361,0,24,82009592,7090360,19652344,128,79296724,,20356716,20419508,20260484,20972884,,1853012,2881448,279368,2076532,,6871548,4127300,1622764,7030732,,32,32,32,32,,21633152,17987360,18126160,21550052
1536,0,557,147,24,362,0,24,81961488,7123884,19689088,128,79299576,,20359076,20409992,20234912,20957508,,1839564,2895968,303140,2085212,,6860256,4142584,1646816,7039432,,32,32,32,32,,21635260,17987776,18126472,21550068
1538,1,558,147,24,363,0,24,81922196,7194364,19767836,128,79308084,,20360776,20446948,20202448,20912024,,1837708,2875636,337684,2143336,,6863604,4122828,1683624,7097780,,32,32,32,32,,21640484,17988652,18128668,21550280
1541,1,559,147,24,364,0,24,81973748,7077100,19654592,128,79311972,,20375800,20413004,20242356,20942588,,1821708,2893052,281636,2080704,,6848956,4140588,1627916,7037132,,32,32,32,32,,21641752,17989032,18128952,21552236
1544,0,560,147,24,365,0,24,81911436,7112440,19697460,128,79319492,,20306740,20409208,20221880,20973608,,1890472,2891280,293000,2037688,,6917696,4141136,1644528,6994100,,32,32,32,32,,21641716,17991308,18134192,21552276
1547,0,561,147,24,366,0,24,80508696,8490636,21084756,128,77869912,,20368592,18983344,20194988,20961772,,1804640,4324848,312156,2048992,,6835488,5578852,1665008,7005408,,32,32,32,32,,21645428,16536740,18135468,21552276
1550,0,562,147,24,367,0,24,81339672,7733088,20330876,128,78751252,,20359636,20428584,19577296,20974156,,1814904,2874992,995564,2047628,,6845892,4129592,2349436,7005956,,32,32,32,32,,21645580,17995296,17556180,21554196
1553,0,563,147,24,368,0,24,81795920,7276960,19882588,128,79273252,,20363288,20362548,20146292,20923792,,1812232,2945988,413952,2104788,,6847912,4201044,1770480,7063152,,32,32,32,32,,21650268,17996048,18139116,21487820
1555,1,564,147,24,369,0,24,82020096,7047144,19659500,128,79346988,,20437416,20438296,20157500,20986884,,1743484,2855892,411996,2035772,,6779404,4114628,1768928,6996540,,32,32,32,32,,21650524,18000288,18139540,21556636
1558,0,565,147,24,370,0,24,82010164,7048348,19662004,128,79348168,,20384380,20511952,20140756,20973076,,1808716,2783532,412124,2043976,,6845084,4042704,1769460,7004756,,32,32,32,32,,21650812,18000768,18139944,21556644
1561,0,566,147,24,371,0,24,82094660,6940012,19560956,128,79355660,,20443172,20451676,20210700,20989112,,1748256,2840356,337092,2014308,,6786580,4101088,1697944,6975344,,32,32,32,32,,21652820,18002364,18143556,21556920
1563,1,567,147,24,372,0,24,82342412,5332408,19406784,128,81040832,,20423644,20464852,20193560,21260356,,1750932,2848680,344652,388144,,6789208,4109928,1705860,6801788,,32,32,32,32,,21652844,18002820,18143832,23241336
1567,0,568,147,24,373,0,24,81957312,6219088,20457356,128,80374696,,20443424,20452908,20163860,20897120,,1734220,2855916,379876,1249076,,6772672,4118008,1741628,7825048,,32,32,32,32,,21653016,18003680,18144280,22573720
1578,0,569,147,24,374,0,24,82064412,6942320,19691116,128,79347040,,20375640,20517824,20203860,20967088,,1761820,2782988,329596,2067916,,6812948,4057452,1694748,7125968,,32,32,32,32,,21603076,18016128,18147784,21580052
1581,0,570,147,24,375,0,24,82135876,6875576,19630204,128,79415508,,20443732,20519508,20207812,20964824,,1703276,2785020,331860,2055420,,6754544,4060304,1699844,7115512,,32,32,32,32,,21665896,18016944,18150588,21582080
1583,1,571,147,24,376,0,24,81969416,7018216,19773652,128,79186020,,20451804,20516760,20241712,20759140,,1688872,2772160,296908,2260276,,6740136,4047748,1665212,7320556,,32,32,32,32,,21665916,18017276,18150860,21351968
1586,0,572,146,24,377,0,25,82066972,7006764,19764968,128,79418932,,20400112,20477620,20252808,20936432,,1743200,2835396,319472,2108696,,6794608,4112572,1688672,7169116,,32,32,32,32,,21666048,18018768,18151692,21582424
1589,0,573,146,24,378,0,25,82103252,6929508,19692172,128,79423404,,20393572,20472292,20248480,20988908,,1742468,2839936,303624,2043480,,6793944,4117232,1676856,7104140,,32,32,32,32,,21666076,18018892,18155748,21582688
1591,1,574,146,24,379,0,25,82068016,6919292,19687704,128,79429188,,20363988,20481004,20247556,20975468,,1757972,2821436,300416,2039468,,6809508,4102564,1675476,7100156,,32,32,32,32,,21666156,18022756,18157564,21582712
1594,1,575,146,24,380,0,25,79854772,9171832,21947736,128,77261164,,20337984,18590356,19968008,20958424,,1800312,4716244,589752,2065524,,6851852,6002220,1967228,7126436,,32,32,32,32,,21666180,16084244,17927804,21582936
1597,0,576,145,24,381,0,26,81550736,7482072,20259584,128,78927972,,20361776,20235912,19997108,20955940,,1776360,3075984,544968,2084760,,6828644,4362764,1922480,7145696,,32,32,32,32,,21666912,17778432,17899668,21582960
1600,0,577,145,24,382,0,26,81964536,7029108,19810676,128,79442508,,20371704,20390556,20213564,20988712,,1768540,2911736,304576,2044256,,6821504,4201048,1682384,7105740,,32,32,32,32,,21667596,18030860,18160260,21583792
1603,0,578,145,24,383,0,26,82109220,6837264,19624348,128,79447744,,20395420,20506700,20226252,20980848,,1735476,2783084,282076,2036628,,6791648,4072704,1660504,7099492,,32,32,32,32,,21670808,18031168,18160888,21584880
1605,1,579,145,24,384,0,26,81860756,7134032,19924488,128,79429652,,20343512,20457972,20171168,20888104,,1802144,2852244,345484,2134160,,6858348,4142260,1724540,7199340,,32,32,32,32,,21671148,18031596,18161444,21565464
1608,1,580,145,24,385,0,26,82037408,6941156,19739352,128,79458096,,20376348,20498964,20184336,20977760,,1746016,2807736,335036,2052368,,6806152,4098016,1716264,7118920,,32,32,32,32,,21675088,18031892,18163616,21587500
1611,0,581,146,24,386,0,25,81789144,7016640,19969456,128,79521668,,20210636,20477972,20089556,21010980,,1911244,2820800,428980,1855616,,6972048,4111708,1810560,7075140,,32,32,32,32,,21584748,18032512,18163904,21740504
1614,0,582,146,24,387,0,25,82304548,5178728,19704084,128,81180212,,20485832,20470124,20139876,21208716,,1524368,2826412,437204,390744,,6691132,4117436,1783404,7112112,,32,32,32,32,,21781224,18032604,18128592,23237792
1617,0,583,146,24,388,0,25,82438012,4131152,19841164,128,82266104,,20490060,20481020,20137616,21329316,,332920,2813672,430708,553852,,6743184,4106360,1777512,7214108,,32,32,32,32,,23033244,18034272,18129184,23069404
1633,1,584,144,24,388,0,27,82193196,6767248,19497220,128,79438520,,20425328,20546860,20238864,20982144,,1672112,2709512,347192,2038432,,6665092,4010704,1706132,7115292,,32,32,32,32,,21660896,18039900,18140272,21597452
1636,0,585,144,24,390,0,27,82178596,5508680,19515812,128,80715708,,20423856,20532556,20199004,21023180,,1667224,2737252,386912,717292,,6660492,4040772,1746380,7068168,,32,32,32,32,,21661160,18042188,18140744,22871616
1639,0,586,144,24,391,0,27,82269976,5410740,19238300,128,80824856,,20467212,20538124,20237748,21026892,,1711728,2735868,338364,624780,,6707164,4039848,1703636,6787652,,32,32,32,32,,21663368,18042636,18146584,22972268
1646,0,587,151,21,392,0,23,82123240,6918880,19654980,128,79237148,,20456472,20554908,20081816,21030044,,1720168,2711072,476660,2010980,,6717932,4023480,1845728,7067840,,32,32,32,32,,21665696,18051048,17942868,21577536
1649,0,588,151,21,393,0,23,81998724,7042272,19783688,128,79449484,,20377948,20320796,20279472,21020508,,1795296,2970416,267960,2008600,,6793088,4283168,1641600,7065832,,32,32,32,32,,21665624,18051212,18154736,21577912
1651,1,589,151,21,394,0,23,82154804,6885776,19634472,128,79456844,,20330448,20532400,20272964,21018992,,1863800,2756912,265032,2000032,,6865528,4071172,1640484,7057288,,32,32,32,32,,21669552,18052856,18156504,21577932
1654,1,590,151,21,395,0,23,82130220,6915516,19665504,128,79458028,,20403460,20493404,20273876,20959480,,1787240,2797692,261136,2069448,,6789216,4112552,1636828,7126908,,32,32,32,32,,21669816,18053396,18156720,21578096
1657,1,591,151,21,396,0,23,82017976,5581496,19843320,128,80968008,,20263672,20529348,20222800,21002156,,1960696,2751020,324404,545376,,6963820,4069500,1702136,7107864,,32,32,32,32,,21669044,18057020,18158748,23083196
1660,2,592,151,21,397,0,23,82220676,5125652,19618184,128,81200488,,20396336,20533360,20290004,21000976,,1790984,2748372,264792,321504,,6795620,4067540,1643120,7111904,,32,32,32,32,,21672440,18057632,18159296,23311120
1664,1,593,151,21,398,0,23,81939664,7105276,19861592,128,79179696,,20365752,20385136,20282340,20906436,,1836404,2896704,252524,2119644,,6841304,4216392,1631488,7172408,,32,32,32,32,,21672644,17905220,18159940,21441892
1667,1,594,150,21,399,0,24,81389572,7597132,20358016,128,78886212,,20400016,20394672,20186996,20407888,,1773896,2856508,340752,2625976,,6778684,4176540,1721100,7681692,,32,32,32,32,,21672624,17961432,18161248,21090908
1670,1,595,150,21,400,0,24,81408848,7577404,20351872,128,78848328,,19681440,20464132,20214052,21049224,,2509056,2795532,294588,1978228,,7514240,4117164,1677996,7042472,,32,32,32,32,,21042204,18058672,18163136,21584316
1673,1,596,149,21,401,0,25,82122276,6862680,19638784,128,79472144,,20447988,20472488,20158996,21042804,,1719540,2810496,354148,1978496,,6724564,4132632,1738848,7042740,,32,32,32,32,,21672684,18059180,18155956,21584324
1676,0,597,151,19,402,0,25,82096768,6943724,19724684,128,79484392,,20449064,20492440,20129136,21026128,,1734484,2798872,390288,2020080,,6739656,4124760,1775724,7084544,,32,32,32,32,,21673064,18062932,18163908,21584488
1678,1,598,151,19,403,0,25,82081344,6940800,19731016,128,79493612,,20441060,20483672,20182008,20974604,,1748324,2773456,360268,2058752,,6753508,4108176,1746024,7123308,,32,32,32,32,,21673080,18071712,18164260,21584560
1681,1,599,152,19,404,0,24,82231768,6785664,19582864,128,79500676,,20421768,20513084,20264708,21032208,,1767252,2742768,288856,1986788,,6772612,4079260,1677156,7053836,,32,32,32,32,,21673236,18073564,18166776,21587100
1684,1,600,152,19,405,0,24,82182684,6827912,19627400,128,79502856,,20392828,20513364,20255720,21020772,,1783612,2753180,287704,2003416,,6788948,4091812,1676108,7070532,,32,32,32,32,,21673184,18075668,18166892,21587112
1687,0,601,152,19,406,0,24,82266476,6754044,19558460,128,79507824,,20458244,20516268,20280076,21011888,,1715552,2751656,277204,2009632,,6723472,4091308,1666728,7076952,,32,32,32,32,,21675828,18076680,18168004,21587312
1690,0,602,152,19,407,0,24,82296112,6711744,19524380,128,79516368,,20452148,20580500,20263588,20999876,,1727900,2669432,297032,2017380,,6736636,4015604,1686940,7085200,,32,32,32,32,,21676640,18083520,18168360,21587848
1692,1,603,152,19,408,0,24,81993428,7003096,19822360,128,79236384,,20455352,20579304,19928956,21029816,,1720076,2680552,621576,1980892,,6730100,4027712,2014380,7050168,,32,32,32,32,,21677936,18084240,17884936,21589272
1695,1,604,152,19,409,0,24,82205948,6800396,19628140,128,79476248,,20451352,20514588,20209168,21030840,,1717000,2750352,342424,1990620,,6731092,4099340,1735552,7062156,,32,32,32,32,,21682028,18086028,18116664,21591528
1698,0,605,152,19,410,0,24,82298664,6656308,19493440,128,79540544,,20449408,20570036,20247080,21032140,,1706056,2692244,272108,1985900,,6720336,4048040,1667612,7057452,,32,32,32,32,,21682184,18092880,18173924,21591556
1701,0,606,152,19,411,0,24,82316048,6670424,19521932,128,79554564,,20482068,20501984,20303652,21028344,,1697608,2751616,243628,1977572,,6712048,4107812,1643644,7058428,,32,32,32,32,,21682348,18093376,18178212,21600628
1704,0,607,152,19,412,0,24,82387156,5415708,19477440,128,80760728,,20401364,20613000,20325620,21047172,,1777248,2632416,380648,625396,,6793692,3990752,1652360,7040636,,32,32,32,32,,21684248,18095504,18045800,22935176
1706,1,608,151,19,412,0,25,82415716,5422664,19509132,128,80785564,,20442592,20616752,20234076,21122296,,1722608,2622312,442092,635652,,6739276,3982252,1716740,7070864,,32,32,32,32,,21684532,18097136,18048760,22955136
1710,0,609,151,19,414,0,25,82167932,6082684,19740368,128,80261708,,20385000,20569616,20355348,20857968,,885840,2683392,375304,2138148,,6820804,4045056,1643024,7231484,,32,32,32,32,,22602788,18098804,18041880,21518236
1713,0,610,151,19,415,0,25,82189136,5421776,19749396,128,80858076,,20411388,20403132,20358708,21015908,,266808,2832600,357824,1964544,,6866140,4196808,1628368,7058080,,32,32,32,32,,23213980,17985952,18044696,21613448
1716,1,611,151,19,416,0,25,81622056,6038264,20343904,128,80302396,,19724096,20602468,20271308,21024184,,965800,2640012,430432,2002020,,7535492,4007436,1705132,7095844,,32,32,32,32,,22583204,18104636,18000956,21613600
1719,1,612,151,19,417,0,25,81986712,7163204,19957320,128,79105528,,20088012,20589660,20316740,20992300,,2078724,2641684,403232,2039564,,7136100,4009576,1678040,7133604,,32,32,32,32,,21337596,18105044,18048932,21613956
1722,0,613,151,19,418,0,25,82364316,6779088,19581296,128,79447844,,20421856,20655140,20263396,21023924,,1750476,2567940,454516,2006156,,6809136,3940348,1729916,7101896,,32,32,32,32,,21673256,18109472,18049464,21615652
1725,0,614,151,19,419,0,25,82301928,6841476,19645152,128,79449144,,20426764,20608416,20271544,20995204,,1744988,2627484,433068,2035936,,6803640,4000296,1709292,7131924,,32,32,32,32,,21673256,18109764,18050272,21615852
1727,1,615,151,19,420,0,25,82283856,5639308,19600976,128,80607132,,20428632,20606548,20216340,21032336,,1730588,2616316,470888,821516,,6789616,3989384,1749112,7072864,,32,32,32,32,,21673608,18110012,18052208,22771304
1730,2,616,151,19,420,0,25,82486748,5273404,19671716,128,81043944,,20401312,20553580,20268704,21263152,,1755588,2655136,432772,429908,,6815084,4028772,1714396,7113464,,32,32,32,32,,21674076,18110692,18055668,23203508
1734,1,617,151,19,422,0,25,82504184,5272604,19540500,128,81040776,,20463924,20546008,20224788,21269464,,1678116,2679868,482604,432016,,6737136,4053608,1766192,6983564,,32,32,32,32,,21673712,18110800,18057864,23198400
1737,0,618,151,19,423,0,25,81986036,7068644,19779388,128,79188104,,20456960,20321460,20205784,21001832,,1671088,2912704,480052,2004800,,6730264,4288136,1764688,6996300,,32,32,32,32,,21673868,17829584,18058628,21626024
1740,0,619,150,19,424,0,26,82035432,7061324,19779080,128,79169892,,20445452,20595096,19966588,21028296,,1699492,2646236,751528,1964068,,6758688,4030788,2034064,6955540,,32,32,32,32,,21673888,18121620,17736068,21638316
1743,0,620,150,19,425,0,26,82314688,6782884,19507960,128,79374384,,20458620,20615100,20224968,21016000,,1683132,2632068,480376,1987308,,6742480,4017056,1767584,6980840,,32,32,32,32,,21674052,18122008,17937956,21640368
1745,1,621,150,19,426,0,26,82347916,6734012,19462280,128,79488392,,20461712,20594308,20327000,20964896,,1684912,2640188,364604,2044308,,6746260,4025832,1652140,7038048,,32,32,32,32,,21676096,18122652,18049104,21640540
1748,1,622,150,19,427,0,26,82151784,6910028,19642156,128,79315572,,20474748,20391648,20281708,21003680,,1652640,2856224,415144,1986020,,6715296,4242416,1704500,6979944,,32,32,32,32,,21677344,17935272,18062180,21640776
1751,0,623,150,19,428,0,26,82344784,6766060,19508784,128,79445636,,20294280,20643804,20363068,21043632,,1853508,2590460,360916,1961176,,6921868,3979276,1646536,6961104,,32,32,32,32,,21614224,18125916,18058728,21646768
1754,0,624,150,19,429,0,26,82468048,6638324,19425852,128,79559372,,20496000,20599896,20347784,21024368,,1657260,2634208,384360,1962496,,6772708,4023108,1667600,6962436,,32,32,32,32,,21730156,18125972,18056464,21646780
1756,1,625,150,19,430,0,26,82310560,5485948,19685776,128,80879928,,20428724,20622748,20372380,20886708,,343012,2611472,412408,2119056,,6869560,4004884,1692104,7119228,,32,32,32,32,,23141264,18130496,18053624,21554544
1759,2,626,150,19,430,0,26,82407508,5581868,19309556,128,80662108,,20488956,20483496,20384100,21050956,,498960,2747296,397356,1938256,,6544548,4141320,1680000,6943688,,32,32,32,32,,22932356,18022096,18056544,21651112
1763,0,627,151,18,432,0,26,82191088,6946756,19456656,128,79192040,,20462208,20635708,20040852,21052320,,1717840,2579904,724088,1924924,,6536832,3976312,2013092,6930420,,32,32,32,32,,21705732,18133484,17701888,21650936
1766,0,628,151,17,433,0,27,81576280,7604456,20116708,128,78624024,,19558544,20636756,20327688,21053292,,2653344,2587428,445256,1918428,,7472484,3985420,1734672,6924132,,32,32,32,32,,20864212,18135068,17973376,21651368
1768,1,629,151,17,434,0,27,81934664,7216184,19729216,128,79150264,,20028684,20576880,20343544,20985556,,2177772,2655036,401836,1981540,,6996940,4053132,1691864,6987280,,32,32,32,32,,21334244,18135124,18029488,21651408
1771,1,630,151,17,435,0,27,82137964,6928248,19522864,128,79353200,,20112304,20589612,20424560,21011488,,2069348,2647336,323440,1888124,,6890336,4047368,1620024,6965136,,32,32,32,32,,21424632,18137084,18068820,21722664
1774,0,631,154,16,436,0,25,84033460,5175960,19518408,128,81128968,,20234276,20588964,22098448,21111772,,1955632,2643724,276360,300244,,6776728,4044136,1682920,7014624,,32,32,32,32,,21526508,18137428,18190664,23274368
1777,1,632,154,16,437,0,25,84047424,5021796,19497728,128,81401920,,20415788,20593056,21911736,21126844,,1775540,2631508,328812,285936,,6597960,4035860,1786400,7077508,,32,32,32,32,,21708356,18141388,18242196,23309980
1781,1,633,154,16,437,0,25,84039544,5719000,19494008,128,80628844,,20439400,20535056,21931776,21133312,,1759096,2688392,996232,275280,,6582536,4093532,1749048,7068892,,32,32,32,32,,21709364,18067460,17540004,23312016
1784,1,634,154,16,438,0,25,83550524,7840712,19959188,128,78697288,,20419676,20211452,21857132,21062264,,1763384,3012564,1118076,1946688,,6587112,4418148,1879036,7074892,,32,32,32,32,,21709656,17792960,17547960,21646712
1788,0,635,153,16,440,0,26,83540068,7845160,19968796,128,78706484,,20427120,20182000,21873164,21057784,,1762852,3052628,1090632,1939048,,6586728,4458480,1856112,7067476,,32,32,32,32,,21709800,17798392,17551264,21647028
1790,1,636,153,16,441,0,26,83693512,7653152,19801920,128,78920432,,20407356,20257864,21951936,21076356,,1780832,2963020,995372,1913928,,6604728,4369228,1783704,7044260,,32,32,32,32,,21709820,17987964,17573728,21648920
1793,1,637,153,16,442,0,26,83827276,7544544,19694816,128,78869328,,20454992,20382864,21930672,21058748,,1718624,2878472,1025604,1921844,,6542696,4285212,1814720,7052188,,32,32,32,32,,21710000,17936068,17574368,21648892
1796,1,638,153,16,443,0,26,84149908,7234980,19394988,128,79086380,,20482728,20644496,21930144,21092540,,1681040,2590860,1048160,1914920,,6505348,3996992,1838940,7053708,,32,32,32,32,,21710248,18142880,17575868,21657384
1799,1,639,153,16,444,0,26,84110156,7296288,19453120,128,79083408,,20478504,20598076,21954264,21079312,,1700608,2630780,1060740,1904160,,6525016,4036520,1848628,7042956,,32,32,32,32,,21710304,18142788,17572912,21657404
1802,0,640,153,16,445,0,26,84223832,7186396,19344912,128,79085192,,20474708,20608320,22063536,21077268,,1701112,2625852,957384,1902048,,6527724,4033288,1742844,7041056,,32,32,32,32,,21712512,18144492,17570584,21657604
1804,1,641,153,16,446,0,26,84024236,7402888,19558604,128,78845936,,20460444,20612968,21850592,21100232,,1717052,2617108,1172492,1896236,,6544292,4025000,1954004,7035308,,32,32,32,32,,21713124,18144980,17330164,21657668
1807,1,642,152,16,447,0,27,83850180,6575852,19717400,128,79736456,,20495772,20556944,22019036,20778428,,1664024,2671256,1007780,1232792,,6492284,4080076,1789780,7355260,,32,32,32,32,,21714156,18075196,17523256,22423848
1810,1,643,152,16,448,0,27,84338172,5399576,19293192,128,80818812,,20499116,20628076,22095500,21115480,,1668104,2594584,838412,298476,,6501020,4005716,1713884,7072572,,32,32,32,32,,21718812,18147020,17660428,23292552
1813,2,644,152,16,449,0,27,84275164,5714824,19314716,128,80503984,,20493388,20651080,22103376,21027320,,1669832,2557272,341092,1146628,,6503752,3970300,1744036,7096628,,32,32,32,32,,21719816,18148976,18185920,22449272
1817,1,645,152,16,450,0,27,85461108,5098524,19256424,128,81214092,,20496816,20652200,22139452,22172640,,1668960,2570696,263844,595024,,6505172,3984164,1721732,7045356,,32,32,32,32,,21722012,18149412,18239916,23102752
1821,0,646,152,16,451,0,27,85380132,5772608,19403980,128,80445036,,20361084,20650840,22162260,22205948,,1805904,2579400,851248,536056,,6642268,3997400,1660504,7103808,,32,32,32,32,,21580980,18153944,17594064,23116048
1824,0,647,152,16,452,0,27,86448864,5562324,19231160,128,80728380,,20447068,20639940,22177904,23183952,,1723464,2583484,840720,414656,,6559820,4004280,1650416,7016644,,32,32,32,32,,21722092,18156764,17594444,23255080
1830,0,648,152,16,453,0,27,85752484,8393940,19857328,128,77924928,,20442812,20120832,22165356,23023484,,1706332,3107932,858516,2721160,,6542848,4534176,1671936,7108368,,32,32,32,32,,21722284,17675600,17598168,20928876
1833,0,649,152,16,454,0,27,86288428,7814148,19283624,128,78396948,,20429936,20554876,22169800,23133816,,1701676,2657048,850400,2605024,,6538328,4083224,1668888,6993184,,32,32,32,32,,21722424,18030624,17603220,21040680
1835,1,650,152,16,455,0,27,86174844,7910436,19371824,128,78266716,,20486628,20645148,21922972,23120096,,1649940,2548872,1091044,2620580,,6486752,3976048,1897768,7011256,,32,32,32,32,,21722704,18139924,17361140,21042948
1838,1,651,153,16,456,0,26,86232472,7874268,19343800,128,78376804,,20476860,20488412,22135832,23131368,,1662892,2714132,880968,2616276,,6500948,4143056,1692660,7007136,,32,32,32,32,,21723840,18030528,17579444,21042992
1841,1,652,153,16,457,0,26,86330844,7498716,19230536,128,78801900,,20421616,20631952,22131032,23146244,,1715032,2331144,875004,2577536,,6554392,4014404,1687244,6974496,,32,32,32,32,,21725040,18418640,17609176,21049044
1844,1,653,154,16,458,0,25,86142776,5709456,19493404,128,80849656,,20362956,20657472,21997452,23124896,,1772448,331636,1014356,2591016,,6612244,4065980,1827160,6988020,,32,32,32,32,,21725472,20465492,17609624,21049068
1847,2,654,154,16,459,0,25,86301560,5548992,19336184,128,80843908,,20439876,20636932,22115424,23109328,,1675140,320480,955076,2598296,,6514860,4055160,1770640,6995524,,32,32,32,32,,21725484,20456756,17612392,21049276
1851,2,655,154,16,460,0,25,86378148,5459192,19239724,128,80794612,,20483036,20614060,22131188,23149864,,1617456,408560,941760,2491416,,6457348,4046872,1758396,6977108,,32,32,32,32,,21725688,20317880,17613424,21137620
1855,1,656,153,16,460,0,26,86413296,3817352,19166908,128,82376236,,20490380,20717972,22053704,23151240,,1618424,319792,1019420,859716,,6458348,3928492,1836204,6943864,,32,32,32,32,,21725768,20329320,17585108,22736040
1858,1,657,152,16,461,0,27,84394040,3228276,19329616,128,82900744,,20353088,20662044,22203216,21175692,,1724516,345012,860572,298176,,6566672,3991596,1681892,7089456,,32,32,32,32,,21574892,20369472,17618184,23338196
1861,1,658,152,16,463,0,27,84397556,2872340,19451052,128,83519560,,20498448,20666572,22204704,21027832,,1609200,359052,367984,536104,,6451532,3970564,1711684,7317272,,32,32,32,32,,21728216,20335016,18128176,23328152
1874,0,659,152,15,464,0,28,84616436,3315152,19282752,128,82907596,,20542532,20620604,22205056,21248244,,1611504,317828,864056,521764,,6469780,4037456,1714868,7060648,,32,32,32,32,,21742984,20443340,17634896,23086376
1877,1,660,151,15,465,0,29,84604212,5928460,19292068,128,80310656,,20521904,20615608,22218556,21248144,,1633040,704788,850720,2739912,,6493444,4030612,1705060,7062952,,32,32,32,32,,21745180,20056340,17638480,20870656
1880,1,661,151,15,466,0,29,84238688,7270576,19645120,128,78974584,,20469656,20607784,21915760,21245488,,1691748,2616476,1125440,1836912,,6552120,4038932,1982028,7072040,,32,32,32,32,,21745100,18155540,17291184,21782760
1883,1,662,150,15,466,0,30,84045700,6995952,19954736,128,79478024,,20476104,20256524,22095892,21217180,,1682904,3012356,1007596,1293096,,6546804,4439420,1856212,7112300,,32,32,32,32,,21748592,17912292,17450260,22366880
1887,0,663,150,15,468,0,30,84566448,5674320,19398860,128,80638864,,20463856,20619732,22266656,21216204,,1696176,2623368,829100,525676,,6560276,4055384,1678468,7104732,,32,32,32,32,,21748748,18129932,17633496,23126688
1890,1,664,150,15,468,0,30,84526620,6814712,19440816,128,79575384,,20334636,20665908,22278820,21247256,,1868560,1431848,795408,2718896,,6734632,4007544,1647800,7050840,,32,32,32,32,,21750540,19308632,17636568,20879644
1894,1,665,150,15,470,0,30,84685852,5603460,19259260,128,80602848,,20526876,20722384,22215568,21221024,,1635176,345932,853964,2768388,,6503632,3944364,1710908,7100356,,32,32,32,32,,21753088,20329016,17641088,20879656
1897,1,666,150,15,471,0,30,84532092,7853420,19402200,128,78461184,,20463180,20597568,22248384,21222960,,1694424,2583096,820628,2755272,,6567804,4065248,1679528,7089620,,32,32,32,32,,21757964,18178072,17643108,20882040
1900,1,667,150,15,472,0,30,84326460,7824964,19600388,128,78547796,,20518024,20618548,22231092,20958796,,1645928,2295580,857096,3026360,,6519232,4000984,1717664,7362508,,32,32,32,32,,21757932,18442652,17644780,20702432
1903,1,668,150,15,473,0,30,84515460,5495524,19405704,128,80861140,,20530052,20621744,22118096,21245568,,1622564,285532,955724,2631704,,6499208,4026688,1817308,7062500,,32,32,32,32,,21761272,20475568,17645696,20978604
1906,2,669,151,15,473,0,29,84179500,3688340,19786284,128,82607100,,20134672,20610844,22192064,21241920,,2012060,277568,881856,516856,,6889240,4045640,1748780,7102624,,32,32,32,32,,21320056,20502376,17651084,23133584
1910,1,670,149,15,475,0,31,84714768,5375056,19262968,128,80841012,,20642056,20610220,22209116,21253376,,1502324,2529104,865408,478220,,6383740,4053760,1733056,7092412,,32,32,32,32,,21765592,18261620,17651852,23161948
1913,1,671,149,15,476,0,31,84819348,7534488,19201196,128,78619820,,20606908,20722844,22142324,21347272,,1528184,2387872,934684,2683748,,6410028,3913152,1804840,7073176,,32,32,32,32,,21766020,18262352,17654320,20937128
1916,1,672,150,15,477,0,30,84851612,7486984,19157676,128,78623376,,20639576,20726928,22126580,21358528,,1489856,2397908,931300,2667920,,6371736,3924588,1801652,7059700,,32,32,32,32,,21765600,18263752,17654544,20939480
1919,0,673,150,15,478,0,30,84170824,8197092,19870928,128,77905772,,20631896,20716064,22256628,20566236,,1490288,2399840,838108,3468856,,6372328,3926800,1711180,7860620,,32,32,32,32,,21766248,18264036,17657320,20218168
1921,1,674,150,15,479,0,30,84844948,7509176,19187120,128,78631184,,20588960,20733972,22256848,21265168,,1548692,2390416,830108,2739960,,6430864,3919216,1705132,7131908,,32,32,32,32,,21766408,18265892,17659280,20939604
1924,1,675,150,15,480,0,30,84891088,7427572,19114028,128,78639704,,20598792,20727592,22242344,21322360,,1535816,2379684,827980,2684092,,6418028,3908800,1707244,7079956,,32,32,32,32,,21766408,18266204,17663508,20943584
1927,1,676,150,15,481,0,30,84943104,7349788,19038192,128,78641692,,20623848,20724680,22296648,21297928,,1522856,2380804,754084,2692044,,6405632,3910780,1633652,7088128,,32,32,32,32,,21766972,18267060,17663868,20943792
1930,1,677,150,15,482,0,30,83895928,8550192,20241080,128,77672732,,20579860,20465816,21551148,21299104,,1541992,2693336,1625280,2689584,,6425504,4223600,2505080,7086896,,32,32,32,32,,21767708,18024660,16935324,20945040
1933,0,678,150,15,483,0,30,84271096,8180380,19881244,128,78075740,,20613284,20575236,21762380,21320196,,1517876,2580996,1402556,2678952,,6402672,4116368,2285184,7077020,,32,32,32,32,,21768988,18206276,17154632,20945844
1936,0,679,150,15,484,0,30,84121448,8065616,20056924,128,78152896,,20240580,20668268,21831900,21380700,,1895596,2196784,1328604,2644632,,6780508,4020552,2211812,7044052,,32,32,32,32,,21438844,18560884,17205956,20947212
1938,1,680,150,15,485,0,30,84526912,5764560,19674008,128,80398848,,20653760,20695392,21807448,21370312,,1444604,317024,1359028,2643904,,6330472,4048292,2251404,7043840,,32,32,32,32,,21769424,20457732,17223964,20947728
1942,0,681,150,15,486,0,30,84779140,5464508,19420960,128,80754120,,20595084,20644228,22170072,21369756,,1501880,321120,1006212,2635296,,6387848,4095624,1900648,7036840,,32,32,32,32,,21769468,20499388,17535928,20949336
1945,0,682,150,15,487,0,30,84956772,5360628,19315124,128,80894876,,20524636,20616460,22431148,21384528,,1584256,342056,783976,2650340,,6472248,4117220,1673732,7051924,,32,32,32,32,,21771436,20500044,17674020,20949376
1947,1,683,150,15,488,0,30,84934024,5309492,19273968,128,80904252,,20602080,20586348,22422760,21322836,,1480440,357500,761020,2710532,,6368640,4137916,1654496,7112916,,32,32,32,32,,21771692,20505288,17677712,20949560
1950,1,684,150,15,489,0,30,85033164,7478428,19203340,128,78672948,,20548236,20666024,22434688,21384216,,1581740,2492740,757384,2646564,,6469900,4032412,1652540,7048488,,32,32,32,32,,21771568,18272232,17679444,20949704
1953,1,685,150,15,490,0,30,85057352,7425564,19156744,128,78679228,,20564740,20733288,22389816,21369508,,1558048,2406704,796748,2664064,,6450432,3947960,1692144,7066208,,32,32,32,32,,21775824,18273876,17679612,20949916
1956,0,686,152,15,491,0,28,85000708,7438148,19172024,128,78681880,,20577728,20730812,22339260,21352908,,1524348,2392600,848000,2673200,,6416816,3934208,1745632,7075368,,32,32,32,32,,21775884,18274220,17681840,20949936
1958,1,687,152,15,492,0,28,84945748,7528244,19266836,128,78686632,,20553000,20630164,22402528,21360056,,1548316,2527912,781704,2670312,,6442060,4070424,1679696,7074656,,32,32,32,32,,21777160,18275180,17682208,20952084
1961,1,688,152,15,493,0,28,84882384,7573368,19320304,128,78662188,,20512828,20618120,22386844,21364592,,1599276,2530420,784280,2659392,,6496204,4073372,1682916,7067812,,32,32,32,32,,21747764,18275544,17682816,20956064
1964,1,689,152,15,494,0,28,83591004,8829044,20646848,128,77709780,,20589724,20594212,22346512,20060556,,1451968,2547888,832616,3996572,,6415368,4091060,1734808,8405612,,32,32,32,32,,21846824,18275764,17686420,19900772
1967,1,690,152,15,495,0,28,84168764,7199260,20401104,128,79056992,,20636728,19778984,22324476,21428576,,319424,3382460,854092,2643284,,6664648,4926208,1757384,7052864,,32,32,32,32,,22952816,17460012,17687388,20956776
1970,1,691,150,15,495,0,30,85333152,6473732,19644592,128,79703104,,21042772,20563240,22294708,21432432,,352732,2576456,887260,2657284,,6654836,4120856,1796108,7072792,,32,32,32,32,,22909700,18137352,17692972,20963080
1974,0,692,149,15,497,0,31,85312268,6296048,19628048,128,79812924,,21020188,20763688,22114720,21413672,,249620,2320780,1063612,2662036,,6664512,3912684,1973088,7077764,,32,32,32,32,,23022472,18324632,17502520,20963300
1977,0,693,149,15,498,0,31,85035148,7062536,19526132,128,79041780,,20616664,20640216,22428676,21349592,,1470084,2087852,770056,2734544,,6653580,4044456,1677400,7150696,,32,32,32,32,,21791060,18595432,17691676,20963612
1979,1,694,150,14,499,0,31,85109568,5248912,19396200,128,80789184,,20614676,20761668,22415480,21317744,,1465368,714492,291360,2777692,,6648984,3906372,1645136,7195708,,32,32,32,32,,21791200,19894360,18138104,20965520
1983,0,695,149,14,500,0,32,84467156,5263084,20105004,128,81058064,,20218916,20793168,22106416,21348656,,1876988,318032,335944,2732120,,7064508,3896716,1993404,7150376,,32,32,32,32,,21624752,20303664,18163872,20965776
1986,1,696,149,14,501,0,32,84563016,5007696,20124128,128,81122124,,20552308,20973356,21700768,21336584,,1491572,252216,513944,2749964,,6679220,3903648,2373036,7168224,,32,32,32,32,,21795164,20374008,17987176,20965776
1989,1,697,148,14,502,0,33,84703888,5843180,19968920,128,80297740,,20540632,20976612,21840740,21345904,,1504012,292732,1310588,2735848,,6692940,3899432,2222196,7154352,,32,32,32,32,,21796436,20329296,17205976,20966032
1992,1,698,149,14,503,0,32,85307644,5310180,19413280,128,80737948,,20569792,20979084,22385956,21372812,,1565116,314876,752480,2677708,,6755288,3896716,1663156,7098120,,32,32,32,32,,21797732,20304376,17694628,20941212
1995,1,699,149,14,503,0,32,85165588,5173492,19523888,128,81012764,,20571912,20779420,22378808,21435448,,1563064,240724,761416,2608288,,6753264,4066160,1675720,7028744,,32,32,32,32,,21797760,20548660,17698240,20968104
1999,0,700,149,14,505,0,32,85442784,5324880,19541496,128,80882828,,20623360,20958632,22429680,21431112,,1521928,453096,749840,2600016,,6712324,4148636,1658392,7022144,,32,32,32,32,,21798012,20422516,17692532,20969768
2002,1,701,149,14,506,0,32,85022236,7682784,19538680,128,78530664,,20564572,20596920,22436652,21424092,,1583836,2783976,707048,2607924,,6774196,4093792,1640172,7030520,,32,32,32,32,,21797952,18045436,17717036,20970240
2005,0,702,149,14,507,0,32,85031628,7829692,19553708,128,78398736,,20538836,20619512,22450848,21422432,,1736396,2774840,711704,2606752,,6808064,4087528,1628748,7029368,,32,32,32,32,,21679264,18048308,17700908,20970256
2008,0,703,149,14,508,0,32,85069560,7740436,19480008,128,78400220,,20505448,20700644,22439204,21424264,,1743416,2670792,699940,2626288,,6815024,3996324,1617528,7051132,,32,32,32,32,,21665072,18061212,17701452,20972484
2011,0,704,149,14,509,0,32,83857452,8873424,20742104,128,77549480,,20551356,20687980,22396268,20221848,,1580520,2684112,760432,3848360,,6776904,4010688,1681468,8273044,,32,32,32,32,,21803988,18062248,17704856,19978388
2013,1,705,149,14,510,0,32,85060172,6332572,19543828,128,79894176,,20506984,20691784,22399236,21462168,,314612,2666300,749388,2602272,,6845296,3999308,1671092,7028132,,32,32,32,32,,23146460,18069292,17705552,20972872
2016,2,706,149,14,510,0,32,85138860,6331112,19461976,128,79806844,,20558724,20734852,22406908,21438376,,337844,2591476,752308,2649484,,6780508,3927668,1678240,7075560,,32,32,32,32,,23050256,18073076,17709756,20973756
2020,1,707,150,14,512,0,31,85071184,7788440,19533636,128,78403188,,20558364,20735500,22349568,21427752,,1723684,2604776,820100,2639880,,6776316,3943336,1746344,7067640,,32,32,32,32,,21660212,18075568,17691996,20975412
2023,1,708,150,14,513,0,31,84957720,7958660,19710016,128,78427260,,20564916,20650860,22361948,21379996,,1708296,2726676,823248,2700440,,6761212,4065792,1752548,7130464,,32,32,32,32,,21660492,18076092,17713056,20977620
2026,1,709,150,14,514,0,31,85074116,7789492,19542152,128,78428748,,20562324,20705912,22361604,21444276,,1718856,2637724,815792,2617120,,6772088,3977400,1745424,7047240,,32,32,32,32,,21660812,18076748,17713404,20977784
2029,1,710,150,14,515,0,31,84630220,8209268,19969072,128,78070144,,20098984,20723452,22351712,21456072,,2176640,2603520,802316,2626792,,7231712,3943368,1734068,7059924,,32,32,32,32,,21296860,18076964,17715524,20980796
2032,1,711,150,14,516,0,31,85209208,7628200,19390720,128,78438776,,20624468,20790396,22339520,21454824,,1648996,2549428,818144,2611632,,6704228,3889972,1750436,7046084,,32,32,32,32,,21662912,18077720,17716040,20982104
2035,0,712,150,14,517,0,31,84256920,8586772,20355412,128,77672600,,20604640,20794192,21423976,21434112,,1654308,2529872,1763292,2639300,,6714308,3871144,2695848,7074112,,32,32,32,32,,21667724,18078464,16944092,20982320
2037,1,713,150,14,518,0,31,84955944,7915240,19710788,128,78312944,,20562112,20674640,22406152,21313040,,1685904,2678524,778024,2772788,,6747956,4041576,1709688,7211568,,32,32,32,32,,21669680,17941752,17715248,20986264
2040,1,714,149,14,519,0,32,85180324,7699416,19516588,128,78493780,,20626844,20868308,22422220,21262952,,1639204,2480184,743216,2836812,,6701448,3860740,1676112,7278288,,32,32,32,32,,21669928,18118240,17716788,20988824
2043,1,715,149,14,520,0,32,85173480,7649696,19474216,128,78501308,,20549156,20863784,22383968,21376572,,1714128,2468628,769900,2697040,,6776456,3853660,1703344,7140756,,32,32,32,32,,21669984,18122732,17717332,20991260
2046,0,716,149,14,521,0,32,85028304,7805492,19633860,128,78419076,,20547292,20812992,22365428,21302592,,1698816,2522064,807352,2777260,,6761168,3908412,1741040,7223240,,32,32,32,32,,21670004,18123984,17717532,20907556
2049,0,717,148,14,522,0,33,85218920,7627400,19460088,128,78510060,,20584204,20871208,22379568,21383940,,1677392,2456008,798404,2695596,,6743524,3843096,1731664,7141804,,32,32,32,32,,21673784,18124764,17717112,20994400
2051,1,718,148,14,523,0,33,85275168,7533752,19384828,128,78528552,,20595976,20865448,22350636,21463108,,1667200,2462348,815596,2588608,,6734472,3850784,1749184,7050388,,32,32,32,32,,21674936,18126116,17717448,21010052
2054,1,719,148,14,524,0,33,85234604,7604064,19453384,128,78515868,,20598040,20802076,22378148,21456340,,1662216,2560892,792740,2588216,,6729644,3951572,1726884,7045284,,32,32,32,32,,21664272,18128244,17718028,21005324
2057,1,720,148,14,525,0,33,83645780,8698788,21008148,128,77597420,,20582156,20801160,22440108,19822356,,1201296,2539576,722748,4235168,,6724944,3930644,1658332,8694228,,32,32,32,32,,22131312,18128644,17719500,19617964
2060,1,721,148,14,526,0,33,84752296,6684388,19896684,128,79310696,,20635844,20790392,22430020,20896040,,285112,2556104,718860,3124312,,6702256,3953444,1655612,7585372,,32,32,32,32,,23024616,18134968,17720704,20430408
2063,1,722,148,14,526,0,33,84470072,7036656,20254348,128,79040676,,20600868,19898920,22484636,21485648,,336728,3452340,681336,2566252,,6752976,4850184,1617420,7033768,,32,32,32,32,,23023916,17280816,17720100,21015844
2067,0,723,148,14,528,0,33,84871216,7911580,19783256,128,78139976,,20561568,20378804,22463104,21467740,,1695644,2987448,663412,2565076,,6761436,4389056,1600088,7032676,,32,32,32,32,,21673448,17729968,17720636,21015924
2069,1,724,148,14,529,0,33,85133084,7617936,19491644,128,78512492,,20578316,20667704,22418268,21468796,,1678244,2664764,711352,2563576,,6744184,4067308,1648756,7031396,,32,32,32,32,,21673604,18101392,17721348,21016148
2072,1,725,148,14,530,0,33,84805172,7965136,19841696,128,78173916,,20516852,20722932,22090532,21474856,,1742692,2611292,1049872,2561280,,6808608,4015120,1988836,7029132,,32,32,32,32,,21673532,18141484,17342704,21016196
2075,1,726,146,14,531,0,35,85378848,7363084,19252424,128,78567064,,20578416,20851596,22464496,21484340,,1667848,2491052,660756,2543428,,6741848,3895104,1600988,7014484,,32,32,32,32,,21681704,18141800,17724160,21019400
2078,0,727,147,14,532,0,34,85325036,7370552,19262580,128,78569724,,20593248,20795552,22465308,21470928,,1624304,2542952,655488,2547808,,6699680,3948164,1595860,7018876,,32,32,32,32,,21683048,18142960,17724312,21019404
2080,1,728,147,14,533,0,34,85305248,7387660,19284700,128,78574648,,20579304,20778428,22483188,21464328,,1635776,2549728,639452,2562704,,6713580,3955060,1580364,7035696,,32,32,32,32,,21685476,18143040,17724800,21021332
2083,1,729,147,14,534,0,34,85049668,7661552,19579064,128,78423504,,20561028,20584904,22437532,21466204,,1640984,2755424,704236,2560908,,6731484,4161344,1648232,7038004,,32,32,32,32,,21698168,18009824,17690076,21025436
2086,1,730,150,14,535,0,31,85200460,7491776,19414404,128,78476780,,20662516,20585724,22478044,21474176,,1517516,2766256,650712,2557292,,6608376,4172280,1599124,7034624,,32,32,32,32,,21698580,18020236,17732288,21025676
2089,1,731,150,14,536,0,31,85367256,7334076,19263572,128,78607400,,20650148,20771564,22461684,21483860,,1548584,2559080,675820,2550592,,6639592,3966592,1626392,7030996,,32,32,32,32,,21698736,18145384,17734536,21028744
2092,0,732,150,14,537,0,31,85287296,7432828,19365540,128,78610500,,20634492,20754436,22468608,21429760,,1537496,2568816,699724,2626792,,6628528,3976784,1653060,7107168,,32,32,32,32,,21698760,18145852,17737228,21028660
2095,0,733,150,14,538,0,31,85284948,7467480,19402096,128,78612336,,20626596,20835536,22414836,21407980,,1559212,2499484,740696,2668088,,6650404,3908744,1694264,7148684,,32,32,32,32,,21698924,18147168,17737408,21028836
2097,1,734,150,14,539,0,31,85240128,7517348,19453064,128,78613348,,20630988,20843068,22407640,21358432,,1561856,2483332,748392,2723768,,6653184,3893140,1702400,7204340,,32,32,32,32,,21699064,18147728,17737800,21028756
2100,1,735,149,14,540,0,32,84931608,7820144,19760552,128,78234832,,20575952,20522908,22478236,21354512,,1611256,2801888,679400,2727600,,6702844,4214888,1634428,7208392,,32,32,32,32,,21687900,17779068,17738884,21028980
2103,0,736,149,14,541,0,32,85115700,7605984,19548936,128,78426392,,20661416,20679560,22423188,21351536,,1512108,2644360,736300,2713216,,6603704,4058712,1692412,7194108,,32,32,32,32,,21699264,17958184,17739872,21029072
2105,1,737,149,14,542,0,32,85546212,6327872,19551740,128,79824408,,21027920,20783852,22370608,21363832,,299000,2540420,776788,2711664,,6664708,3960248,1733420,7193364,,32,32,32,32,,22993808,18073372,17740328,21016900
2111,1,738,150,14,543,0,31,85280324,7454196,19410856,128,78558944,,20596548,20804452,22409548,21469776,,1595480,2515872,750176,2592668,,6690792,3936844,1707336,7075884,,32,32,32,32,,21702344,18084148,17740932,21031520
2114,1,739,150,14,544,0,31,84839464,8018416,19977636,128,78274672,,20601796,20370888,22396844,21469936,,1678364,2981420,766532,2592100,,6773232,4404584,1724296,7075524,,32,32,32,32,,21702492,17798896,17741556,21031728
2117,0,740,150,14,545,0,31,85186968,7636380,19605636,128,78571888,,20668524,20625104,22459580,21433760,,1591684,2726896,692628,2625172,,6688668,4150304,1657800,7108864,,32,32,32,32,,21704660,18086256,17749016,21031956
2120,0,741,149,14,546,0,32,84632828,8167372,20141904,128,78005140,,20606144,20723448,21855756,21447480,,1655516,2626360,1284428,2601068,,6752592,4050208,2251216,7087888,,32,32,32,32,,21704712,18162488,17102804,21035136
2123,0,742,149,14,547,0,32,84921948,7877208,19861480,128,78305812,,20179368,20724220,22539856,21478504,,2104552,2631120,578736,2562800,,7205868,4055484,1549892,7050236,,32,32,32,32,,21351508,18162996,17755552,21035756
2125,1,743,149,14,548,0,32,85326556,7443636,19429900,128,78665440,,20614564,20740192,22508660,21463140,,1638776,2615424,626860,2562576,,6740148,4041160,1598360,7050232,,32,32,32,32,,21709004,18164364,17756096,21035976
2128,1,744,149,14,549,0,32,85131264,7598028,19593852,128,78530876,,20573376,20805288,22286484,21466116,,1673624,2529484,837204,2557716,,6777200,3955696,1811268,7049688,,32,32,32,32,,21711216,18164920,17614448,21040292
2131,1,745,149,14,550,0,32,85300820,7434140,19435932,128,78678600,,20513796,20829352,22485468,21472204,,1749856,2496016,626844,2561424,,6853424,3923716,1605376,7053416,,32,32,32,32,,21711160,18166412,17760696,21040332
2134,1,746,149,14,551,0,32,85139960,7618384,19622308,128,78653784,,20531632,20794400,22470456,21343472,,1731720,2540300,648816,2697548,,6836016,3968912,1627596,7189784,,32,32,32,32,,21711876,18140424,17760952,21040532
2137,1,747,149,14,552,0,32,85355884,7403708,19411396,128,78684448,,20600236,20803752,22472616,21479280,,1664560,2531104,636812,2571232,,6769372,3960728,1615732,7065564,,32,32,32,32,,21712472,18168316,17761008,21042652
2140,0,748,149,14,553,0,32,85281020,7450184,19459516,128,78686044,,20580156,20769128,22468076,21463660,,1682108,2548452,635580,2584044,,6787228,3978576,1614784,7078928,,32,32,32,32,,21712756,18168768,17761312,21043208
2143,1,749,149,14,554,0,32,84859708,7883380,19897196,128,78234696,,20218440,20733736,22523504,21384028,,2048540,2588104,601900,2644836,,7154940,4018768,1582364,7141124,,32,32,32,32,,21370784,18169320,17762288,20932304
2146,1,750,148,13,555,0,34,85170044,7553084,19567844,128,78510476,,20425584,20800204,22451404,21492852,,1830328,2526504,669944,2526308,,6936728,3957316,1650836,7022964,,32,32,32,32,,21532208,18169520,17762644,21046104
2149,1,751,150,12,556,0,33,85146420,7479076,19581388,128,78494184,,20678000,20781528,22243292,21443600,,1465332,2547068,857952,2608724,,6648676,3980356,1845360,7106996,,32,32,32,32,,21791072,18171992,17483408,21047712
2152,1,752,152,12,557,0,31,85547416,6247732,19093512,128,79776240,,20816344,20796808,22486452,21447812,,501836,2533876,614164,2597856,,6427320,3967804,1601652,7096736,,32,32,32,32,,22813668,18172652,17741916,21048004
2155,1,753,152,12,558,0,31,85425124,6192596,19256900,128,79920588,,20709344,20809176,22504312,21402292,,397600,2518408,601200,2675388,,6535200,3958016,1589112,7174572,,32,32,32,32,,22925544,18178316,17768588,21048140
2158,2,754,152,12,558,0,31,85402704,7346160,19374820,128,78704716,,20654160,20840392,22514220,21393932,,1594348,2465400,599536,2686876,,6692748,3905480,1590328,7186264,,32,32,32,32,,21706124,18178840,17771424,21048328
2162,1,755,152,12,560,0,31,84882580,7875420,19915712,128,78264076,,20594280,20366640,22467036,21454624,,1664304,2964188,640828,2606100,,6762688,4413912,1633504,7105608,,32,32,32,32,,21706040,17736544,17773036,21048456
2165,1,756,152,12,561,0,31,85291008,7455404,19498076,128,78718612,,20579720,20817652,22467632,21426004,,1649472,2506904,652272,2646756,,6748008,3956592,1644932,7148544,,32,32,32,32,,21706196,18188392,17773220,21050804
2168,0,757,152,12,562,0,31,85161384,7570004,19644212,128,78618048,,20586256,20877372,22304104,21393652,,1655384,2409216,823364,2682040,,6755196,3883176,1821580,7184260,,32,32,32,32,,21707468,18212768,17646780,21051032
2171,0,758,153,12,563,0,30,85428140,7309860,19376048,128,78741004,,20638468,20848244,22483992,21457436,,1591820,2473552,635888,2608600,,6700800,3928860,1634728,7111660,,32,32,32,32,,21716708,18194128,17778232,21051936
2174,0,759,153,12,564,0,30,85468988,7259968,19332764,128,78747500,,20649248,20814436,22500368,21504936,,1583612,2519436,611080,2545840,,6694848,3974976,1612684,7050256,,32,32,32,32,,21718916,18194256,17781044,21053284
2176,1,760,153,12,565,0,30,85488644,7200300,19278408,128,78753036,,20638092,20821368,22540880,21488304,,1559784,2497116,597744,2545656,,6671080,3957644,1599676,7050008,,32,32,32,32,,21719020,18199244,17781476,21053296
2179,0,761,153,12,566,0,30,85326520,7353264,19440984,128,78587328,,20678288,20760564,22522412,21365256,,1510308,2562012,595796,2685148,,6623780,4022912,1601340,7192952,,32,32,32,32,,21721196,18199556,17785076,20881500
2182,0,762,154,11,567,0,30,85452164,7349480,19341876,128,78666792,,20641348,20750724,22604108,21455984,,1557228,2566652,514364,2711236,,6670668,4028016,1521164,7122028,,32,32,32,32,,21721116,18200048,17786128,20959500
2185,0,763,154,11,568,0,30,85464996,7341436,19337428,128,78670664,,20613144,20709412,22590768,21551672,,1594028,2627964,532912,2586532,,6709668,4090884,1539992,6996884,,32,32,32,32,,21723316,18201532,17786400,20959416
2187,1,764,154,11,569,0,30,85564960,7203460,19200196,128,78671560,,20612460,20828060,22589056,21535384,,1592476,2484676,530816,2595492,,6708124,3947844,1538320,7005908,,32,32,32,32,,21723320,18201876,17786936,20959428
2190,1,765,154,11,570,0,30,85295832,7512392,19516060,128,78550716,,20607272,20789068,22547412,21352080,,1605112,2527036,584808,2795436,,6725000,3991752,1593252,7206056,,32,32,32,32,,21727520,18203368,17787852,20831976
2193,1,766,154,11,571,0,30,84927444,7863740,19871604,128,78230224,,20232224,20814668,22532776,21347776,,1986952,2482448,610192,2784148,,7106956,3950024,1619836,7194788,,32,32,32,32,,21402928,18206248,17788916,20832132
2196,0,767,154,11,572,0,30,84838236,7897408,19910660,128,77984256,,20615112,20843524,22035976,21343624,,1561800,2445408,1097760,2792440,,6683944,3915788,2107628,7203300,,32,32,32,32,,21729788,18209100,17212936,20832432
2199,0,768,151,11,573,0,33,85050116,7685232,19700856,128,78185588,,20428892,20831340,22456936,21332948,,1767192,2460700,663572,2793768,,6890640,3931788,1673596,7204832,,32,32,32,32,,21499304,18209808,17643824,20832652
2201,1,769,151,11,574,0,33,85419036,7328816,19340524,128,78570560,,20649572,20780660,22656260,21332544,,1533256,2540596,448832,2806132,,6662084,4012156,1447352,7218932,,32,32,32,32,,21735384,18210232,17790248,20834696
2204,1,770,151,11,575,0,33,85510912,7225672,19249156,128,78503216,,20709752,20668768,22609720,21522672,,1475104,2651680,500104,2598784,,6604128,4134112,1499040,7011876,,32,32,32,32,,21735628,18014868,17790608,20962112
2207,0,771,150,11,576,0,34,85657376,7076928,19102976,128,78712056,,20695784,20838220,22595804,21527568,,1487660,2482524,503508,2603236,,6616708,3965044,1504880,7016344,,32,32,32,32,,21735656,18221228,17793056,20962116
2209,1,772,150,11,577,0,34,84997520,7742536,19776296,128,78175884,,20686532,20239284,22598540,21473164,,1498204,3089280,509300,2645752,,6627400,4573888,1512760,7062248,,32,32,32,32,,21735804,17679448,17795180,20965452
2212,1,773,150,11,578,0,34,85652824,7020664,19066936,128,78732240,,20699060,20864124,22596108,21493532,,1483736,2426524,497612,2612792,,6612936,3920100,1504044,7029856,,32,32,32,32,,21735804,18232284,17798132,20966020
2215,0,774,150,11,579,0,34,85046440,7673516,19727132,128,78407288,,20284372,20880940,22443552,21437576,,1918184,2401236,674696,2679400,,7049124,3895832,1685520,7096656,,32,32,32,32,,21511956,18233304,17695868,20966160
2218,0,775,152,11,580,0,32,85663320,7052320,19115516,128,78746756,,20703916,20917536,22601232,21440636,,1536692,2352184,510312,2653132,,6667672,3849236,1524148,7074460,,32,32,32,32,,21737580,18235808,17803088,20970280
2220,1,776,153,11,581,0,31,85408340,7332800,19407180,128,78648232,,20647672,20915960,22352724,21491984,,1602384,2368160,742244,2620012,,6733340,3866764,1763392,7043684,,32,32,32,32,,21737524,18237112,17700916,20972680
2223,1,777,153,11,582,0,31,85622472,7105600,19181508,128,78759292,,20648760,20911192,22573724,21488796,,1612840,2367224,519372,2606164,,6744212,3866648,1540796,7029852,,32,32,32,32,,21737892,18238212,17810480,20972708
2226,0,778,153,11,583,0,31,85441160,7275640,19355252,128,78632300,,20649996,20928008,22563532,21299624,,1612348,2349440,518352,2795500,,6743472,3852336,1540064,7219380,,32,32,32,32,,21737668,18241672,17810732,20842228
2229,0,779,153,11,584,0,31,85488576,7299284,19385524,128,78769560,,20632456,20897168,22531336,21427616,,1627292,2387552,556436,2728004,,6759712,3891064,1582576,7152172,,32,32,32,32,,21738964,18242284,17815128,20973184
2231,1,780,153,11,585,0,31,85603208,7161272,19255444,128,78777556,,20651948,20874456,22590044,21486760,,1604996,2411424,489304,2655548,,6738556,3919452,1516016,7081420,,32,32,32,32,,21740112,18246784,17815752,20974908
2234,1,781,153,11,586,0,31,85613548,7161856,19259472,128,78780864,,20669856,20870268,22600480,21472944,,1580252,2433092,488904,2659608,,6713972,3941304,1518496,7085700,,32,32,32,32,,21740264,18246868,17818604,20975128
2237,1,782,153,11,587,0,31,85772140,6983732,19083768,128,78783488,,20707444,20888428,22644564,21531704,,1526088,2408940,449816,2598888,,6660024,3918452,1480224,7025068,,32,32,32,32,,21740504,18248248,17819480,20975256
2240,0,783,153,11,588,0,31,85560560,7224712,19331524,128,78698472,,20604768,20794864,22624248,21536680,,1648904,2507700,476428,2591680,,6785144,4017660,1508916,7019804,,32,32,32,32,,21651252,18248584,17821456,20977180
2243,0,784,154,11,589,0,30,85724360,7101456,19210744,128,78791348,,20684840,20825888,22685504,21528128,,1571368,2490892,435676,2603520,,6709016,4001596,1468468,7031664,,32,32,32,32,,21742988,18249312,17821848,20977200
2245,1,785,154,11,590,0,30,85617884,7215096,19329880,128,78727548,,20655492,20875608,22561684,21525100,,1597132,2435416,581200,2601348,,6738888,3947028,1614188,7029776,,32,32,32,32,,21747084,18250272,17752660,20977532
2248,1,786,151,11,591,0,33,84725576,8086976,20203624,128,77861052,,20603260,20185516,22562060,21374740,,1653404,3092336,562916,2778320,,6795264,4605024,1596444,7206892,,32,32,32,32,,21747144,17491584,17753268,20869056
2251,0,787,151,11,592,0,33,85381404,7433564,19558340,128,78539832,,20602852,20709900,22578864,21489788,,1673244,2577900,544408,2638012,,6815124,4092576,1581560,7069080,,32,32,32,32,,21747112,18055452,17757200,20980068
2254,0,788,154,10,593,0,31,85639384,7194556,19322176,128,78741060,,20663476,20921276,22576440,21478192,,1620436,2368080,543132,2662908,,6764560,3883128,1580512,7093976,,32,32,32,32,,21749412,18253952,17757616,20980080
2256,1,789,154,10,594,0,31,85500360,7314092,19443116,128,78641112,,20652636,20795604,22575616,21476504,,1625420,2483980,547188,2657504,,6769560,3999820,1584900,7088836,,32,32,32,32,,21749424,18153516,17757856,20980316
2259,1,790,154,10,595,0,31,85816636,6999012,19136540,128,78817544,,20667480,20962972,22706120,21480064,,1620600,2313020,408372,2657020,,6766024,3831808,1446232,7092476,,32,32,32,32,,21750704,18255656,17826752,20984432
2262,0,791,155,10,596,0,30,85610896,7198560,19343500,128,78623580,,20588284,20967348,22570540,21484724,,1705292,2297064,557480,2638724,,6852176,3818500,1596416,7076408,,32,32,32,32,,21630044,18258304,17748568,20986664
2265,0,792,155,10,597,0,30,85795252,6986384,19133080,128,78747636,,20721776,20958856,22571260,21543360,,1547072,2305416,556248,2577648,,6694924,3827212,1595632,7015312,,32,32,32,32,,21753304,18258660,17748980,20986692
2267,1,793,155,10,598,0,30,85628232,7153964,19305140,128,78651752,,20715700,20962648,22452628,21497256,,1545888,2298628,674012,2635436,,6693756,3820536,1715640,7075208,,32,32,32,32,,21753320,18258772,17650968,20988692
2270,1,794,155,10,599,0,30,85805856,6988836,19148288,128,78839424,,20708336,20932604,22667188,21497728,,1554984,2351376,464360,2618116,,6703896,3877792,1506792,7059808,,32,32,32,32,,21754348,18263272,17831212,20990592
2273,1,795,155,10,600,0,30,85783364,6997644,19160296,128,78842636,,20697772,20945544,22643500,21496548,,1556932,2327724,479884,2633104,,6708248,3854648,1522588,7074812,,32,32,32,32,,21756748,18263792,17831488,20990608
2276,0,796,155,10,601,0,30,85753008,7047824,19217040,128,78849260,,20659388,20988544,22653168,21451908,,1590640,2303400,477792,2675992,,6741972,3833988,1523076,7118004,,32,32,32,32,,21756760,18267508,17834076,20990916
2279,0,797,155,10,602,0,30,85756676,7041572,19213568,128,78852088,,20676448,20972940,22654872,21452416,,1585412,2314760,468252,2673148,,6738944,3845700,1513732,7115192,,32,32,32,32,,21758968,18267892,17834280,20990948
2281,1,798,155,10,603,0,30,85760796,7034400,19218248,128,78863824,,20632828,21000112,22613356,21514500,,1628736,2290868,510564,2604232,,6782236,3823428,1566024,7046560,,32,32,32,32,,21758880,18269452,17844196,20991296
2284,1,799,155,10,604,0,30,85289992,7520812,19705532,128,78535684,,20620756,20976688,22608504,21084044,,1638236,2319920,523364,3039292,,6791888,3853160,1578900,7481584,,32,32,32,32,,21759024,18270124,17844272,20662264
2287,0,800,154,10,605,0,31,85650336,7118484,19311584,128,78873012,,20618976,20975248,22539832,21516280,,1644840,2303996,581964,2587684,,6803596,3837784,1639948,7030256,,32,32,32,32,,21764120,18270672,17846656,20991564
2290,0,801,154,10,606,0,31,85723216,7004996,19200824,128,78875872,,20661536,20935704,22621192,21504784,,1577912,2344576,490820,2591688,,6736948,3878872,1548964,7036040,,32,32,32,32,,21764412,18271120,17846940,20993400
2293,0,802,153,10,607,0,32,85338292,7376116,19575984,128,78418932,,20661296,20501380,22673248,21502368,,1580840,2782396,424036,2588844,,6741156,4318412,1483052,7033364,,32,32,32,32,,21765692,17811904,17847828,20993508
2295,1,803,154,10,608,0,31,85764428,6975700,19178512,128,78806876,,20722076,20802532,22661056,21578764,,1504016,2511348,456172,2504164,,6664400,4049232,1515880,6949000,,32,32,32,32,,21765800,18198652,17848496,20993928
2298,1,804,154,10,609,0,31,85861756,6085160,19042484,128,79628300,,20682492,20912992,22691276,21574996,,1529484,2365992,439788,1749896,,6690088,3905860,1501464,6945072,,32,32,32,32,,21765884,18267620,17850484,21744312
2301,1,805,155,10,609,0,30,85489624,5027328,19498216,128,80817036,,20667944,20762408,22476604,21582668,,1573944,2546052,642160,265172,,6734548,4086404,1704948,6972316,,32,32,32,32,,21765904,18216132,17578832,23256168
2304,1,806,154,10,611,0,31,85628656,4964768,19328252,128,80917848,,20681268,20834988,22563084,21549316,,1563380,2482500,537828,381060,,6724128,4023396,1601136,6979592,,32,32,32,32,,21766040,18274984,17729316,23147508
2307,1,807,154,10,611,0,31,85255500,7446212,19697788,128,78658200,,20296020,20876844,22588700,21493936,,1945308,2447380,490224,2563300,,7106092,3989760,1557708,7044228,,32,32,32,32,,21571756,18276460,17780084,21029900
2311,0,808,155,10,613,0,30,85716764,6964244,19221956,128,78863892,,20622380,20926596,22634412,21533376,,1591860,2380596,479348,2512440,,6752796,3922908,1548612,6997640,,32,32,32,32,,21766028,18276444,17787264,21034156
2313,1,809,155,10,614,0,30,85603404,7039724,19301452,128,78679476,,20659988,20965364,22456728,21521324,,1540836,2334292,649964,2514632,,6701972,3878196,1721428,6999856,,32,32,32,32,,21766284,18276824,17602192,21034176
2316,1,810,155,10,615,0,30,85898188,6696284,18959512,128,78942000,,20667900,20959464,22769256,21501568,,1536368,2332464,307424,2520028,,6697496,3877420,1379128,7005468,,32,32,32,32,,21766220,18277868,17863516,21034396
2319,1,811,155,10,616,0,30,85914148,6733892,19001172,128,78946072,,20676376,20960804,22769088,21507880,,1519260,2328568,353912,2532152,,6681704,3873908,1425696,7019864,,32,32,32,32,,21767584,18278248,17863580,21036660
2322,0,812,155,10,617,0,30,85895740,6738340,19011608,128,78952008,,20733560,20953392,22709260,21499528,,1454500,2356804,385900,2541136,,6620196,3902612,1458232,7030568,,32,32,32,32,,21770888,18278716,17864080,21038324
2325,0,813,155,10,618,0,30,85953668,6710108,18984988,128,78953800,,20722796,20939016,22710368,21581488,,1451692,2375488,388576,2494352,,6617548,3921768,1461576,6984096,,32,32,32,32,,21771056,18279200,17864792,21038752
2327,1,814,155,10,619,0,30,85846608,6840372,19115604,128,78958112,,20704864,20916204,22710768,21514772,,1468968,2421216,382604,2567584,,6634832,3969884,1453508,7057380,,32,32,32,32,,21771068,18281548,17866748,21038748
2331,0,815,155,10,620,0,30,85327628,7332232,19611824,128,78505728,,20533632,20959320,22712872,21121804,,1638996,2355960,376344,2960932,,6809108,3905012,1445064,7452640,,32,32,32,32,,21640992,18281964,17867572,20715200
2334,0,816,155,10,621,0,30,85710212,6950188,19228884,128,78839956,,20680588,20937912,22727116,21364596,,1491324,2367460,357448,2733956,,6661528,3917200,1424512,7225644,,32,32,32,32,,21775408,18282676,17867980,20913892
2336,1,817,155,10,622,0,30,85148108,7634104,19916764,128,78279216,,20733028,20284212,22656996,21473872,,1540828,3005288,458600,2629388,,6713132,4555932,1526396,7121304,,32,32,32,32,,21777548,17595512,17868624,21037532
2339,1,818,154,10,623,0,31,85661036,7100568,19386036,128,78753968,,20713952,20826812,22642440,21477832,,1537616,2440940,491500,2630512,,6710068,3993960,1559368,7122640,,32,32,32,32,,21777704,18066560,17868704,21041000
2342,1,819,154,10,624,0,31,85582484,7198724,19487960,128,78802180,,20648048,20829708,22655884,21448844,,1604620,2445592,482900,2665612,,6777036,4000464,1552516,7157944,,32,32,32,32,,21777620,18112620,17870484,21041456
2345,1,820,155,10,625,0,30,85822528,6959092,19254784,128,78983052,,20655048,21030652,22609304,21527524,,1602500,2246620,531952,2578020,,6775056,3807328,1601848,7070552,,32,32,32,32,,21777756,18293120,17870668,21041508
2348,0,821,155,10,626,0,30,85600336,7169180,19467052,128,78781364,,20643464,20966436,22478412,21512024,,1617216,2312088,654688,2585188,,6790932,3873488,1724892,7077740,,32,32,32,32,,21778928,18250628,17710284,21041524
2350,1,822,155,10,627,0,30,85425256,7327900,19631440,128,78617628,,20247284,21013520,22691772,21472680,,2018268,2240660,433208,2635764,,7192684,3802464,1506004,7130288,,32,32,32,32,,21406380,18294172,17873632,21043444
2353,1,823,154,10,628,0,31,85756516,6296472,19281936,128,79533332,,20492004,20994020,22741248,21529244,,1755224,1587036,402772,2551440,,6930284,3829280,1476280,7046092,,32,32,32,32,,21640616,18974624,17874420,21043672
2356,1,824,154,10,629,0,31,85617992,4654164,19171956,128,81204316,,20744032,20545596,22765272,21563092,,1419036,361644,353176,2520308,,6696312,4031996,1428344,7015304,,32,32,32,32,,21882596,20401696,17876088,21043936
2360,0,825,154,10,630,0,31,85394076,5962180,19529264,128,80024984,,20812744,20513984,22496208,21571140,,261736,2575632,612020,2512792,,6767808,4062864,1688984,7009608,,32,32,32,32,,23111344,18221116,17646692,21045832
2363,0,826,154,10,631,0,31,85936360,6017464,19288692,128,79960060,,21093152,20530684,22745696,21566828,,580944,2556188,368956,2511376,,6787832,4043916,1448652,7008292,,32,32,32,32,,22812520,18221628,17880060,21045852
2366,0,827,154,10,632,0,31,85908768,5744200,19321296,128,80265448,,21045944,20557800,22735240,21569784,,317772,2531104,388092,2507232,,6821688,4024728,1468384,7006496,,32,32,32,32,,23109116,18227524,17880568,21048240
2369,0,828,154,10,633,0,31,85296348,7261780,19518460,128,78944768,,20627600,20563432,22721636,21383680,,1623684,2513192,385792,2739112,,6805628,4008168,1466308,7238356,,32,32,32,32,,21787152,18228900,17880804,21047912
2371,1,829,154,10,634,0,31,85502512,7055180,19323888,128,78957176,,20649488,20587520,22739004,21526500,,1624904,2492476,370572,2567228,,6806876,3990768,1456972,7069272,,32,32,32,32,,21787140,18232500,17886660,21050876
2374,1,830,154,10,635,0,31,85498404,7034832,19309056,128,78962460,,20675920,20565396,22739208,21517880,,1585872,2504112,367072,2577776,,6769044,4003060,1453620,7083332,,32,32,32,32,,21788388,18232876,17886808,21054388
2377,1,831,154,10,636,0,31,85334792,7225260,19502380,128,78631148,,20596456,20623704,22806380,21308252,,1653112,2454960,347524,2769664,,6837492,3955184,1434420,7275284,,32,32,32,32,,21692924,18234212,17887164,20816848
2380,1,832,153,10,637,0,32,85559300,6970468,19254824,128,78939896,,20732012,20577084,22756308,21493896,,1523356,2491964,366796,2588352,,6709980,3993768,1453960,7097116,,32,32,32,32,,21791872,18235716,17887356,21024952
2383,1,833,153,10,638,0,32,85006676,7502416,19791304,128,78336268,,20735672,19964324,22750264,21556416,,1515816,3101884,372556,2512160,,6703628,4603904,1460744,7023028,,32,32,32,32,,21793092,17603048,17888408,21051720
2386,1,834,152,10,639,0,33,85733392,6514180,19065452,128,79240100,,20719476,20679320,22743412,21591184,,1526004,2382548,382940,2222688,,6713972,3884852,1471480,6995148,,32,32,32,32,,21793248,18236492,17888788,21321572
2389,0,835,152,10,640,0,33,85583840,5087396,19234432,128,80835708,,20721896,20645408,22729156,21487380,,1524416,2424564,395732,742684,,6716616,3929232,1486496,7102088,,32,32,32,32,,21797480,18238816,17890996,22908416
2392,0,836,152,10,641,0,33,85702324,4498940,19101504,128,81291364,,20729808,20702180,22795384,21474952,,1519220,2338524,315992,325204,,6711432,3843784,1432932,7113356,,32,32,32,32,,21797496,18239504,17917284,23337080
2395,1,837,152,10,642,0,33,85531868,7042496,19325876,128,78942428,,20715148,20652824,22709472,21454424,,1542908,2425392,441072,2633124,,6737328,3932184,1514360,7142004,,32,32,32,32,,21799700,18240956,17843992,21057780
2398,1,838,153,10,643,0,32,84970996,7536216,19822488,128,78420520,,20148988,20749284,22657012,21415712,,2094568,2305780,473828,2662040,,7288984,3814864,1547776,7170864,,32,32,32,32,,21269904,18243336,17849572,21057708
2401,1,839,153,10,644,0,32,85271908,7226164,19520736,128,78721988,,20397952,20722780,22670700,21480476,,1851736,2337196,464408,2572824,,7046340,3848112,1540208,7086076,,32,32,32,32,,21562564,18245168,17852036,21062220
2404,1,840,153,10,645,0,32,85536784,6927936,19227228,128,78969296,,20673816,20720656,22631284,21511028,,1558084,2335212,491016,2543624,,6752804,3850664,1566808,7056952,,32,32,32,32,,21800012,18249804,17857128,21062352
2407,0,841,153,10,646,0,32,85459956,6979384,19283820,128,78904380,,20657148,20733152,22574360,21495296,,1573440,2315084,549116,2541744,,6768532,3831356,1628644,7055288,,32,32,32,32,,21800364,18250544,17790908,21062564
2410,0,842,153,10,647,0,32,85672188,6742884,19051324,128,78997196,,20704804,20717756,22712976,21536652,,1513616,2327084,396560,2505624,,6709728,3845772,1476284,7019540,,32,32,32,32,,21801348,18252936,17879920,21062992
2413,0,843,153,10,648,0,32,85759936,6674056,18990568,128,79005328,,20750244,20672900,22767160,21569632,,1464772,2386136,354588,2468560,,6662076,3905208,1439196,6984088,,32,32,32,32,,21802592,18253276,17884856,21064604
2415,1,844,153,10,649,0,32,85598172,6871108,19188560,128,79006136,,20734600,20637516,22754916,21471140,,1464296,2429200,359092,2618520,,6661752,3948384,1444188,7134236,,32,32,32,32,,21802744,18253316,17885344,21064732
2418,1,845,153,10,650,0,32,85656508,6822904,19145388,128,79011056,,20683476,20576624,22819304,21577104,,1525024,2514600,286292,2496988,,6722452,4034172,1375936,7012828,,32,32,32,32,,21802656,18253612,17889856,21064932
2421,1,846,153,10,651,0,32,85487884,6956976,19282688,128,78856556,,20701200,20525188,22813444,21448052,,1513496,2559292,275624,2608564,,6711140,4079832,1365960,7125756,,32,32,32,32,,21802884,18254564,17890548,20908560
2424,1,847,153,10,652,0,32,85512216,6934152,19260696,128,78998236,,20577408,20607396,22754084,21573328,,1632980,2458552,341896,2500724,,6830736,3979536,1432480,7017944,,32,32,32,32,,21802916,18255084,17890764,21049472
2427,1,848,153,10,653,0,32,84740060,7717988,20047892,128,78226120,,20637952,19785612,22723228,21593268,,1570716,3283368,386820,2477084,,6768508,4805392,1478144,6995848,,32,32,32,32,,21802972,17464104,17891440,21067604
2430,1,849,151,10,654,0,34,84484544,7963344,20296540,128,77925748,,20645756,19527208,22773916,21537664,,1581348,3548188,304400,2529408,,6779324,5072000,1396864,7048352,,32,32,32,32,,21803160,17162160,17892676,21067752
2434,0,850,152,10,655,0,33,84714456,7733900,20069264,128,78133352,,20378288,20134336,22768140,21433692,,1821300,2943696,315612,2653292,,7019468,4467744,1409800,7172252,,32,32,32,32,,21479456,17765652,17894380,20993864
2436,1,851,151,10,656,0,34,85425644,7107088,19346032,128,78665948,,20713752,20417576,22756100,21538216,,1468260,2646156,454520,2538152,,6668576,4171276,1448764,7057416,,32,32,32,32,,21783720,18046088,17768112,21068028
2439,1,852,154,10,657,0,31,85692292,6888048,19132552,128,78907084,,20775348,20638264,22753372,21525308,,1409476,2432824,501628,2544120,,6613024,3958836,1497276,7063416,,32,32,32,32,,21808896,18260620,17769536,21068032
2442,0,853,155,10,658,0,30,85467568,7100200,19351420,128,78610160,,20773404,20647720,22452268,21594176,,1400912,2427388,811976,2459924,,6605604,3956148,1808456,6981212,,32,32,32,32,,21810028,18263804,17466280,21070048
2445,0,854,154,10,659,0,31,85759704,6776140,19032192,128,78852436,,20771740,20701904,22688212,21597848,,1399416,2350492,563688,2462544,,6604272,3881484,1560456,6985980,,32,32,32,32,,21810192,18266084,17704012,21072148
2447,1,855,154,10,660,0,31,85800576,6877804,19142476,128,78905348,,20798284,20709068,22831400,21461824,,1446468,2343792,449656,2637888,,6655476,3878804,1446764,7161432,,32,32,32,32,,21814368,18270104,17748772,21072104
2450,1,856,154,10,661,0,31,85768508,6652308,19094668,128,79116708,,20797416,20759004,22698520,21513568,,1451016,2289184,345860,2566248,,6664704,3824640,1509480,7095844,,32,32,32,32,,21819052,18270632,17948848,21078176
2453,1,857,154,10,661,0,31,82887464,6768240,19252388,128,79154480,,20730264,20750228,19923592,21483380,,1526832,2300028,325084,2616296,,6742444,3838220,1525836,7145888,,32,32,32,32,,21820920,18273348,17982076,21078136
2457,0,858,154,10,663,0,31,82819692,7140772,19283060,128,78815484,,20735504,20752160,19842008,21490020,,1505608,2300232,733416,2601516,,6721224,3839828,1590704,7131304,,32,32,32,32,,21820916,18274748,17641548,21078272
2459,1,859,154,10,664,0,31,82848656,7124124,19274372,128,78823568,,20723324,20762180,19819264,21543888,,1547224,2284484,759572,2532844,,6762996,3828800,1617760,7064816,,32,32,32,32,,21821080,18279504,17642432,21080552
2462,1,860,154,10,665,0,31,82793728,7176976,19330884,128,78827300,,20718212,20765848,19826288,21483380,,1546020,2275824,747800,2607332,,6761804,3822060,1607260,7139760,,32,32,32,32,,21821092,18281232,17643724,21081252
2465,1,861,154,10,666,0,31,82847068,7113868,19274836,128,78833712,,20715244,20775240,19803392,21553192,,1546908,2263160,793812,2509988,,6762824,3812144,1657468,7042400,,32,32,32,32,,21821224,18283608,17647840,21081040
2468,1,862,154,10,667,0,31,82998888,6954988,19119468,128,78837320,,20788080,20746848,19863736,21600224,,1467548,2312180,727012,2448248,,6684764,3861868,1592088,6980748,,32,32,32,32,,21822508,18284304,17649324,21081184
2471,1,863,154,10,668,0,31,81274124,8703836,20875604,128,77202744,,20737920,19682948,19922892,20930364,,1518272,3386748,668472,3130344,,6736788,4936652,1538624,7663540,,32,32,32,32,,21823760,17344388,17654476,20380120
2474,1,864,150,10,669,0,35,82870664,7124212,19299304,128,78685380,,20792316,20728832,19871740,21477776,,1451004,2368340,722916,2581952,,6669772,3918476,1595896,7115160,,32,32,32,32,,21823968,18272512,17657260,20931640
2477,1,865,151,10,670,0,34,83031960,6930920,19107424,128,78810648,,20723584,20738192,19990544,21579640,,1532756,2359692,599860,2438612,,6751500,3910040,1473536,6972348,,32,32,32,32,,21823944,18285436,17658088,21043180
2480,0,866,151,10,671,0,34,82957640,7019608,19205064,128,78757156,,20724628,20726544,19993708,21512760,,1528904,2378500,577904,2534300,,6747784,3929272,1453852,7074156,,32,32,32,32,,21824032,18285860,17660376,20986888
2482,1,867,152,10,672,0,33,82374588,7613840,19800136,128,78342084,,20076224,20726532,19927916,21643916,,2179480,2370260,660988,2403112,,7398276,3921532,1537364,6942964,,32,32,32,32,,21306236,18286368,17660764,21088716
2485,1,868,152,10,673,0,33,82198388,7770764,19959016,128,78223072,,20081240,20579804,19908976,21628368,,2182744,2490396,695912,2401712,,7401692,4043216,1572480,6941628,,32,32,32,32,,21310672,18162720,17660944,21088736
2488,0,869,152,10,674,0,33,82229344,7751992,19941128,128,78358404,,20087780,20659196,19908944,21573424,,2185868,2404680,694608,2466836,,7404824,3957600,1571768,7006936,,32,32,32,32,,21320120,18287952,17661476,21088856
2491,0,870,152,10,675,0,33,82020012,7994348,20191936,128,78025428,,20251196,20669656,19507792,21591368,,2016068,2437640,1091956,2448684,,7235196,3992668,1970796,6993276,,32,32,32,32,,21428920,18290028,17213112,21093368
2494,0,871,152,10,676,0,33,82565572,7402364,19607832,128,78636920,,20675460,20636212,19696560,21557340,,1590284,2441096,903320,2467664,,6811716,3996716,1782432,7016968,,32,32,32,32,,21786720,18290592,17462824,21096784
2497,0,872,152,10,677,0,33,82962276,6604728,19174044,128,79141964,,20768936,20754404,19854864,21584072,,1118680,2317340,735276,2433432,,6702320,3874016,1614696,6983012,,32,32,32,32,,22188880,18291676,17564296,21097112
2499,1,873,153,10,678,0,32,83255748,5676796,19085076,128,80081036,,20915212,20800712,19955520,21584304,,281744,2278652,641888,2474512,,6701424,3838272,1515404,7029976,,32,32,32,32,,23024904,18294708,17658444,21102980
2506,1,874,153,10,679,0,32,83080936,6912868,19153552,128,78913668,,20768112,20790460,19986760,21535604,,1456040,2305628,610804,2540396,,6697636,3869732,1490132,7096052,,32,32,32,32,,21847080,18299184,17664284,21103120
2509,1,875,153,10,680,0,32,83110268,6875100,19117992,128,78919752,,20775208,20882460,20024420,21428180,,1447268,2196004,577560,2654268,,6689184,3760428,1457228,7211152,,32,32,32,32,,21847116,18299536,17668756,21104344
2512,1,876,153,10,681,0,32,82933104,7002540,19249580,128,78731348,,20715092,20907492,19979092,21331428,,1497340,2163564,601000,2740636,,6739304,3730692,1481788,7297796,,32,32,32,32,,21847124,18302264,17669856,20912104
2516,0,877,153,10,682,0,32,83157844,6822492,19074824,128,78929556,,20721232,20897220,19943424,21595968,,1488912,2201528,648868,2483184,,6732444,3770144,1531704,7040532,,32,32,32,32,,21848652,18303744,17671860,21105300
2519,0,878,153,10,683,0,32,82095048,7920960,20183852,128,77979176,,20673200,19894412,19925240,21602196,,1568504,3207064,667124,2478268,,6815156,4776060,1556996,7035640,,32,32,32,32,,21851700,17343292,17678852,21105332
2522,0,879,153,10,684,0,32,82689428,7288156,19555124,128,78518084,,20736944,20463748,19903636,21585100,,1495972,2607380,695024,2489780,,6742952,4178316,1586460,7047396,,32,32,32,32,,21852120,17879996,17680396,21105572
2525,0,880,153,10,685,0,32,82851188,7081748,19358104,128,78654516,,20789900,20587500,19889028,21584760,,1427836,2477248,697260,2479404,,6677076,4050028,1593972,7037028,,32,32,32,32,,21854428,18008880,17685636,21105572
2527,1,881,153,10,686,0,32,82643076,7328740,19609444,128,78300964,,20437056,20618228,19939308,21648484,,1773996,2458308,662916,2433520,,7024296,4033300,1560404,6991444,,32,32,32,32,,21470108,18038452,17686476,21105928
2530,1,882,154,10,687,0,31,83102688,5566068,19167124,128,80079500,,20720324,20812960,19938332,21631072,,1484988,2273100,665852,1142128,,6738860,3854792,1566940,7006532,,32,32,32,32,,21762396,18214704,17690088,22412312
2533,1,883,155,10,688,0,30,83196632,4663928,19066324,128,80928500,,20789120,20891472,19890640,21625400,,1401416,2176032,734480,352000,,6657772,3757996,1639432,7011124,,32,32,32,32,,21833516,18314604,17573372,23207008
2536,1,884,155,10,688,0,30,83363804,4579680,18956700,128,81043308,,20808576,20813388,20106464,21635376,,1389328,2269336,547376,373640,,6649232,3853464,1453664,7000340,,32,32,32,32,,21856640,18316672,17695416,23174580
2540,0,885,155,10,690,0,30,83099784,6872888,19165372,128,78825216,,20572508,20852404,20091120,21583752,,1616920,2219984,550828,2485156,,6879588,3804572,1458112,7023100,,32,32,32,32,,21705360,18317204,17696364,21106288
2543,0,886,155,10,691,0,30,83067124,6805744,19175208,128,78942632,,20699348,20816796,19916116,21634864,,1403900,2240156,737872,2423816,,6738400,3825224,1648464,6963120,,32,32,32,32,,21937104,18317660,17580208,21107660
2545,1,887,155,10,692,0,30,82780776,6013676,19518092,128,79867044,,20672456,20811080,19719848,21577392,,332888,2245648,969608,2465532,,6800912,3832012,1876240,7008928,,32,32,32,32,,23070620,18318916,17365808,21111700
2548,1,888,155,10,693,0,30,83308736,5664544,19222388,128,80250308,,20898628,20795468,20040540,21574100,,270476,2261588,658536,2473944,,6789924,3848340,1566572,7017552,,32,32,32,32,,23122080,18319296,17697028,21111904
2551,1,889,155,10,693,0,30,83294248,5776404,19210960,128,80126964,,20887544,20807372,20021568,21577764,,377400,2256644,656132,2486228,,6767560,3845264,1565940,7032196,,32,32,32,32,,22992708,18321164,17698804,21114288
2555,0,890,155,10,695,0,30,83194740,6770380,19064084,128,78986216,,20732240,20826164,20059492,21576844,,1435380,2231480,629896,2473624,,6682140,3820808,1541496,7019640,,32,32,32,32,,21849364,18321908,17700632,21114312
2558,0,891,155,10,696,0,30,82942732,7040492,19336540,128,78717796,,20814380,20871708,20059260,21197384,,1385060,2177328,637940,2840164,,6633040,3767376,1549788,7386336,,32,32,32,32,,21850612,18322612,17700900,20843672
2561,0,892,155,10,697,0,30,83238504,6749536,19048344,128,78991232,,20813756,20860432,20063228,21501088,,1377480,2188460,628876,2554720,,6625776,3779024,1540896,7102648,,32,32,32,32,,21850880,18323160,17701020,21116172
2564,0,893,155,10,698,0,30,83258720,6739540,19043564,128,78996404,,20818348,20885324,20055124,21499924,,1377136,2200140,621448,2540816,,6626592,3791148,1536952,7088872,,32,32,32,32,,21852040,18323520,17704540,21116304
2567,0,894,154,10,699,0,31,83223644,6817652,19121944,128,78900860,,20773052,20855560,20113524,21481508,,1489268,2218460,570464,2539460,,6738760,3808704,1486744,7087736,,32,32,32,32,,21852068,18226920,17705324,21116548
2570,0,895,154,10,700,0,31,83316288,6721280,19033088,128,79005408,,20772928,20964172,20086396,21492792,,1497792,2106028,580560,2536900,,6747444,3698732,1500040,7086872,,32,32,32,32,,21852240,18326456,17708472,21118240
2573,0,896,154,10,701,0,31,83307388,6673708,18986688,128,79006568,,20753992,20923940,20077532,21551924,,1498208,2127660,581680,2466160,,6747832,3720828,1501612,7016416,,32,32,32,32,,21852172,18326904,17709040,21118452
2575,1,897,153,10,702,0,32,83215004,6018168,19086052,128,79633876,,20649764,20909952,20056128,21599160,,1603864,2160732,601908,1651664,,6853576,3759568,1522244,6950664,,32,32,32,32,,21724440,18332628,17709320,21867488
2578,1,898,153,10,703,0,32,82718996,5163276,19628856,128,80615772,,20742492,20695256,19695008,21586240,,1497124,2371768,967316,327068,,6746856,3970788,1888360,7022852,,32,32,32,32,,21829952,18135204,17402788,23247828
2581,1,899,153,10,704,0,32,83027648,4805616,19325204,128,80966188,,20841928,20669120,19934796,21581804,,1410124,2381708,747308,266476,,6660084,3984864,1672696,7007560,,32,32,32,32,,21852652,18144600,17679928,23289008
2584,2,900,153,10,704,0,32,82879232,4122948,19553664,128,81807040,,20344772,20939156,19949984,21645320,,892332,2119356,724376,386884,,7189768,3722996,1650052,6990848,,32,32,32,32,,22603224,18337348,17714576,23151892
2588,1,901,153,10,706,0,32,83818524,5608368,18997272,128,80062824,,21263184,20940740,20014052,21600548,,367896,2106536,633564,2500372,,6719640,3710924,1559780,7006928,,32,32,32,32,,22955024,18338108,17715168,21054524
2591,1,902,153,10,707,0,32,83512264,6056448,19360056,128,79672056,,21281228,20946960,19658264,21625812,,448968,2106412,1004208,2496860,,6710940,3711340,1932636,7005140,,32,32,32,32,,22864660,18338692,17412456,21056248
2594,0,903,153,10,708,0,32,83488816,6636688,18923420,128,78959020,,20825436,20920900,20114368,21628112,,1461384,2134308,546328,2494668,,6705016,3739348,1475892,7003164,,32,32,32,32,,21845140,18338740,17718676,21056464
2596,1,904,153,10,709,0,32,83431688,6670032,18963688,128,78965876,,20773896,20909888,20117396,21630508,,1507208,2149740,528636,2484448,,6752868,3755152,1462500,6993168,,32,32,32,32,,21847116,18339068,17723000,21056692
2599,1,905,153,10,710,0,32,83388956,6702456,19002276,128,78971760,,20778336,20905896,20064168,21640556,,1499896,2154444,560540,2487576,,6746024,3760100,1498148,6998004,,32,32,32,32,,21847340,18339320,17726700,21058400
2602,1,906,153,10,711,0,32,83168972,6963200,19266132,128,78974912,,20749952,20818928,20056528,21543564,,1568728,2240904,562660,2590908,,6814548,3847220,1500792,7103572,,32,32,32,32,,21847192,18339968,17727172,21060580
2605,1,907,153,10,712,0,32,82904620,7236408,19544156,128,78667824,,20718936,20847204,20054732,21283748,,1598576,2219156,557160,2861516,,6844552,3826972,1497860,7374772,,32,32,32,32,,21847344,18341460,17729756,20749264
2608,0,908,153,10,713,0,32,83182500,6932444,19258892,128,78998432,,20722808,20842496,20039856,21577340,,1604376,2207960,572748,2547360,,6850364,3833372,1514288,7060868,,32,32,32,32,,21847364,18359048,17730588,21061432
2611,0,909,153,10,714,0,32,83187560,6987688,19278728,128,78962944,,20755428,20817984,20050800,21563348,,1580168,2282616,567108,2557796,,6826312,3867128,1509852,7075436,,32,32,32,32,,21847496,18318096,17731784,21065568
2614,0,910,153,10,715,0,32,83297992,6878244,19171092,128,78919896,,20830652,20773384,20073020,21620936,,1492404,2331648,561160,2493032,,6738824,3916460,1504852,7010956,,32,32,32,32,,21847856,18273360,17732784,21065896
2617,0,911,153,10,716,0,32,83431552,6709660,19006560,128,78968960,,20853912,20944088,20015932,21617620,,1466848,2132376,613164,2497272,,6713292,3720544,1557308,7015416,,32,32,32,32,,21847888,18321832,17733128,21066112
2619,1,912,153,10,717,0,32,83091324,5875784,19430840,128,79953384,,20608092,20917868,20067096,21498268,,1714840,894916,616616,2649412,,6962612,3736956,1560992,7170280,,32,32,32,32,,21576852,19574392,17733440,21068700
2623,1,913,153,10,717,0,32,83280928,5436440,19577616,128,80399160,,20844988,21227484,20062340,21146116,,1487472,362440,598012,2988516,,6736392,3784976,1546300,7509948,,32,32,32,32,,21801060,20152764,17737336,20708000
2628,0,914,151,10,719,0,34,82914104,7827568,19910108,128,77920364,,20795092,21318676,19347276,21453060,,1544812,2311940,1309928,2660888,,6793872,3669956,2261172,7185108,,32,32,32,32,,21803524,18091656,17035560,20989624
2630,1,915,152,10,720,0,33,83809356,6934164,19019960,128,78717324,,20793880,21301320,20152764,21561392,,1539536,2348204,499168,2547256,,6788740,3706952,1451048,7073220,,32,32,32,32,,21811940,18092316,17740800,21072268
2633,1,916,152,10,721,0,33,83926672,5536604,18886356,128,80020304,,20881672,21296276,20090952,21657772,,1449108,2340016,562524,1184956,,6698404,3698908,1514632,6974412,,32,32,32,32,,21850720,18092520,17741196,22335868
2636,1,917,152,10,721,0,33,83705932,4888704,19116208,128,80888180,,20868156,21262764,19942088,21632924,,1451636,2393380,706296,337392,,6701084,3753856,1658856,7002412,,32,32,32,32,,21850868,18094040,17723764,23219508
2640,1,918,152,10,723,0,33,83830460,7046340,19027928,128,78659220,,20935248,21258208,20004548,21632456,,1505540,2401892,660444,2478464,,6637916,3762916,1621516,7005580,,32,32,32,32,,21732688,18094604,17750036,21081892
2643,1,919,152,10,724,0,33,83777616,7054532,19037644,128,78660396,,20883648,21262728,19997848,21633392,,1531148,2391448,660520,2471416,,6663268,3753900,1621296,6999180,,32,32,32,32,,21732328,18096040,17749772,21082256
2646,0,920,152,10,725,0,33,83938412,6872064,18857768,128,78663096,,20944060,21239072,20061472,21693808,,1478116,2408168,587224,2398556,,6610464,3771684,1548164,6927456,,32,32,32,32,,21732600,18097092,17749956,21083448
2649,1,921,152,10,726,0,33,83971188,6815428,18803700,128,78665592,,20929876,21282552,20063000,21695760,,1477108,2370996,572096,2395228,,6610776,3734756,1533524,6924644,,32,32,32,32,,21733876,18097324,17750464,21083928
2652,1,922,152,10,727,0,33,84016968,6775800,18770908,128,78671428,,20955132,21274948,20101192,21685696,,1462360,2373520,543504,2396416,,6597204,3740640,1505592,6927472,,32,32,32,32,,21735020,18099608,17751204,21085596
2655,0,923,152,10,728,0,33,83711552,7126068,19122648,128,78369564,,20953176,21261932,20148784,21347660,,1480904,2377340,515376,2752448,,6615976,3744668,1478180,7283824,,32,32,32,32,,21735172,18099836,17751940,20782616
2658,1,924,151,10,729,0,34,83890980,6890632,18891504,128,78667968,,20850136,21260620,20090516,21689708,,1559460,2394588,547132,2389452,,6694572,3762396,1512340,6922196,,32,32,32,32,,21735096,18100276,17754292,21078304
2661,1,925,152,10,730,0,33,83824384,6945776,18951776,128,78680652,,20837508,21236232,20092812,21657832,,1584136,2418272,529400,2413968,,6721396,3786720,1495092,6948568,,32,32,32,32,,21737124,18100888,17754788,21087852
2664,1,926,153,10,731,0,32,83765340,6392720,19023716,128,79305716,,20854300,21233436,20073816,21603788,,1564412,1791472,571016,2465820,,6701724,3780380,1539136,7002476,,32,32,32,32,,21737236,18721400,17757188,21089892
2667,1,927,153,10,732,0,32,83251284,5465692,19560144,128,80264436,,20452152,21227004,20085060,21487068,,1985348,353500,536680,2590164,,7121600,3805992,1505248,7127304,,32,32,32,32,,21369172,20181580,17757668,20956016
2670,2,928,153,10,733,0,32,83786100,4827256,19027780,128,80711812,,20879776,21218908,20017196,21670220,,1549792,253412,610328,2413724,,6686208,3800436,1586208,6954928,,32,32,32,32,,21737084,20276048,17604168,21094512
2674,0,929,152,10,734,0,33,83827832,7017376,19051860,128,78597020,,20960788,21043388,20173716,21649940,,1486044,2605428,466496,2459408,,6624680,3981616,1444900,7000664,,32,32,32,32,,21739768,18013384,17767768,21076100
2677,0,930,152,10,735,0,33,83986472,6802356,18842192,128,78714720,,20951132,21239724,20174500,21621116,,1477888,2396976,458716,2468776,,6616580,3776876,1437156,7011580,,32,32,32,32,,21739856,18112248,17767796,21094820
2680,0,931,153,10,736,0,32,84015196,5561124,18865488,128,79979284,,21024180,21255144,20172256,21563616,,1462204,2364820,457784,1276316,,6606348,3744920,1436580,7077640,,32,32,32,32,,21745320,18112496,17768156,22353312
2682,1,932,153,10,737,0,32,84019840,4150392,18912584,128,81432980,,21039372,21249472,20170856,21560140,,900528,2365000,446032,438832,,6608832,3745472,1421340,7136940,,32,32,32,32,,22309472,18112860,17768764,23241884
2685,1,933,153,10,738,0,32,84647108,3519244,18867560,128,82023316,,21539084,21308508,20201456,21598060,,395104,2297468,414184,412488,,6724788,3680356,1386464,7075952,,32,32,32,32,,22930848,18115332,17769884,23207252
2688,1,934,156,10,739,0,29,84527392,3467560,18961836,128,82157328,,21534684,21291308,20121864,21579536,,393356,2330372,316848,426984,,6723184,3713672,1434008,7090972,,32,32,32,32,,22930992,18115744,17902816,23207776
2692,0,935,156,10,740,0,29,82671624,3394328,19024456,128,82290692,,21217348,21233508,18590944,21629824,,280604,2376388,379048,358288,,6700732,3760356,1535380,7027988,,32,32,32,32,,23021396,18116392,17939616,23213288
2695,1,936,156,10,741,0,29,81363456,4625144,19076404,128,81110600,,20958928,21251744,17498116,21654668,,1594632,2373176,307708,349628,,6727680,3758632,1574748,7015344,,32,32,32,32,,21734264,18117840,18049208,23209288
2698,1,937,156,10,742,0,29,81389156,7288132,19008432,128,78383276,,21040104,21257612,17437116,21654324,,1497952,2365304,946980,2477896,,6633184,3751096,1603084,7021068,,32,32,32,32,,21736512,18118188,17441876,21086700
2701,1,938,156,10,743,0,29,81368672,7270272,18996304,128,78389360,,21037648,21254332,17434304,21642388,,1491052,2368788,943100,2467332,,6626444,3756092,1603364,7010404,,32,32,32,32,,21736660,18120028,17445944,21086728
2705,0,939,156,10,744,0,29,81086544,7553280,19297728,128,78023972,,21024872,21271360,17147512,21642800,,1495808,2358380,1231284,2467808,,6631352,3746608,1908668,7011100,,32,32,32,32,,21736812,18120552,17079656,21086952
2708,0,940,155,10,745,0,30,81093140,7520640,19312928,128,78016648,,21028356,21277332,17559852,21227600,,1516012,2278532,843008,2883088,,6657060,3704148,1525076,7426644,,32,32,32,32,,21742268,18158048,17468660,20647672
2711,1,941,154,10,745,0,31,82098644,5131264,18914852,128,80266440,,21067928,21892612,17592500,21545604,,1468112,331796,779784,2551572,,6609900,3745500,1462392,7097060,,32,32,32,32,,21742984,20140836,17469284,20913336
2714,1,942,154,10,746,0,31,82136536,5318168,19061260,128,79986128,,20762528,22065572,17656088,21652348,,1747612,365432,752572,2452552,,6893188,3739464,1430444,6998164,,32,32,32,32,,21407216,20100276,17464580,21014056
2718,1,943,154,10,748,0,31,81654784,5094880,18827792,128,80281528,,20940780,21368832,17635760,21709412,,1567312,377572,782852,2367144,,6712864,3736640,1465308,6912980,,32,32,32,32,,21639852,20082956,17469100,21089620
2721,1,944,154,10,749,0,31,81141644,7518904,19270976,128,78176984,,20914752,20968044,17615744,21643104,,1610808,2660828,794064,2453204,,6757776,4033916,1477224,7002060,,32,32,32,32,,21683040,17932736,17469824,21091384
2724,1,945,155,10,750,0,30,81038268,7730176,19487040,128,78094712,,20511908,21258620,17591776,21675964,,2058000,2405312,853852,2413012,,7205172,3780552,1537132,6964184,,32,32,32,32,,21423964,18107188,17469824,21093736
2727,1,946,155,10,751,0,30,81486204,7251496,19017356,128,78425700,,20970084,21248380,17594448,21673292,,1574060,2414812,855748,2406876,,6721360,3798312,1539548,6958136,,32,32,32,32,,21746136,18115456,17470340,21093768
2730,0,947,155,10,752,0,30,81378772,7337012,19112472,128,78400248,,21025548,21198228,17492036,21662960,,1490272,2470508,960808,2415424,,6637768,3857664,1648020,6969020,,32,32,32,32,,21746392,18119124,17438692,21096040
2733,0,948,155,10,753,0,30,81518448,7124828,18965480,128,78500568,,21004208,21197752,17696428,21620060,,1541096,2463464,666944,2453324,,6688584,3851784,1418020,7007092,,32,32,32,32,,21746360,18120220,17537816,21096172
2736,0,949,155,10,754,0,30,81615840,6735200,18934240,128,78854688,,20977764,21270556,17737880,21629640,,1546828,2393604,349436,2445332,,6694492,3782724,1457832,6999192,,32,32,32,32,,21746524,18121080,17890784,21096300
2739,1,950,155,10,754,0,30,81783656,6680500,18881212,128,78856152,,21055248,21285420,17853848,21589140,,1468200,2360028,354784,2497488,,6617192,3752436,1453568,7058016,,32,32,32,32,,21747776,18124404,17881088,21102884
2742,1,951,155,10,756,0,30,81705432,6930420,18757212,128,78486612,,21068596,21317676,17660724,21658436,,1466080,2347908,720216,2396216,,6615940,3741044,1447308,6952920,,32,32,32,32,,21748664,18125168,17513692,21099088
2745,1,952,155,10,757,0,30,81662176,6981580,18770392,128,78448680,,21016328,21352184,17660580,21633084,,1510908,2285944,715856,2468872,,6661252,3679296,1443800,6986044,,32,32,32,32,,21749136,18125424,17514536,21059584
2748,1,953,155,10,758,0,30,81691828,6946316,18744132,128,78457680,,21012912,21336080,17638504,21704332,,1518412,2299352,725088,2403464,,6670868,3697284,1454904,6921076,,32,32,32,32,,21751196,18129984,17516408,21060092
2751,1,954,155,10,759,0,30,81680680,6946608,18753952,128,78446916,,21018396,21246400,17646528,21769356,,1509744,2389916,721628,2325320,,6662352,3788360,1456504,6846736,,32,32,32,32,,21751352,18110132,17521488,21063944
2754,1,955,155,10,760,0,30,81639112,6993952,18809540,128,78475296,,21017320,21312012,17593428,21716352,,1500492,2336744,775968,2380748,,6657180,3737196,1512808,6902356,,32,32,32,32,,21755384,18132456,17523376,21064080
2757,1,956,155,10,761,0,30,81091012,5949340,19360700,128,79607744,,21023220,21303948,17548008,21215836,,1484840,756528,826832,2881140,,6641744,3746120,1570236,7402600,,32,32,32,32,,21755628,19720004,17529948,20602164
2760,2,957,155,10,762,0,30,81751224,4930180,18836436,128,80505860,,21035500,21420320,17570416,21724988,,1450012,283784,790284,2406100,,6608632,3761540,1535568,6930696,,32,32,32,32,,21699312,20206524,17531808,21068216
2764,1,958,154,10,763,0,31,81773592,6818164,18672356,128,78515524,,21082180,21372416,17574800,21744196,,1410808,2243244,781416,2382696,,6569444,3665732,1527360,6909820,,32,32,32,32,,21757976,18154344,17532428,21070776
2767,1,959,156,10,764,0,29,81110740,7476056,19331672,128,78012536,,21073792,21069444,17248336,21719168,,1423872,2553612,1098152,2400420,,6583252,3976676,1844188,6927556,,32,32,32,32,,21758720,17982776,17200244,21070796
2770,0,960,155,10,765,0,30,81368564,7219160,19082568,128,78230796,,20621748,21322436,17636664,21787716,,1886600,2284840,707616,2340104,,7046580,3708408,1454172,6873408,,32,32,32,32,,21465720,18155400,17532696,21076980
2773,1,961,155,10,766,0,30,81791584,6749672,18617856,128,78529712,,21061028,21306104,17636004,21788448,,1418876,2295760,702908,2332128,,6580084,3719724,1450060,6867988,,32,32,32,32,,21760616,18155804,17533748,21079544
2776,0,962,155,10,767,0,30,81811316,6728492,18601692,128,78534736,,21031804,21306560,17693828,21779124,,1439492,2321444,628124,2339432,,6600812,3745584,1379980,6875316,,32,32,32,32,,21760672,18155984,17538508,21079572
2778,1,963,155,10,768,0,30,81765148,6765452,18641804,128,78537828,,21015560,21303244,17666224,21780120,,1447356,2322552,660308,2335236,,6608684,3747144,1414636,6871340,,32,32,32,32,,21760672,18156416,17540940,21079800
2781,1,964,155,10,769,0,30,81698476,6457320,18761016,128,78963248,,20973232,21306328,17675524,21743392,,1488728,2292080,281280,2395232,,6650168,3717148,1456596,6937104,,32,32,32,32,,21760744,18156908,17960072,21085524
2784,1,965,155,10,770,0,30,81590416,6525948,18845328,128,78976132,,20955028,21260144,17642092,21733152,,1488472,2349892,288808,2398776,,6649940,3777728,1476792,6940868,,32,32,32,32,,21760776,18159604,17970016,21085736
2787,1,966,155,10,771,0,30,81684444,6629100,18973544,128,79001248,,21014916,21200392,17831100,21638036,,1436964,2425404,281180,2485552,,6598628,3854412,1492640,7027864,,32,32,32,32,,21761028,18160776,17993512,21085932
2790,1,967,155,10,772,0,30,81495936,7059336,18958324,128,78560016,,20983684,21218328,17618652,21675272,,1488364,2397144,728556,2445272,,6650156,3831328,1489176,6987664,,32,32,32,32,,21761160,18165956,17546912,21085988
2793,1,968,155,10,773,0,30,81672888,6908740,18811268,128,78563592,,21042348,21251520,17706840,21672180,,1411936,2358976,675564,2462264,,6573780,3794028,1438528,7004932,,32,32,32,32,,21761220,18166768,17549332,21086272
2796,1,969,155,10,774,0,30,81692680,6890196,18798760,128,78569704,,21031796,21346352,17708992,21605540,,1425228,2246564,682704,2535700,,6587236,3684864,1448272,7078388,,32,32,32,32,,21761372,18170128,17551912,21086292
2799,1,970,155,10,775,0,30,81476612,7168516,19080084,128,78310072,,21035752,21368160,17709664,21363036,,1498744,2228032,679544,2762196,,6661896,3666820,1447456,7303912,,32,32,32,32,,21762532,18170632,17554268,20822640
2802,1,971,154,10,776,0,31,81760220,6174316,18815572,128,79302684,,21004092,21394020,17710984,21651124,,1551696,1457980,683688,2480952,,6716124,3620012,1453992,7025444,,32,32,32,32,,21763748,18894036,17556660,21088240
2805,1,972,154,10,777,0,31,81735568,5275716,19120040,128,80190848,,20686452,21665320,17663348,21720448,,1849760,299628,740188,2386140,,7018864,3658872,1511040,6931264,,32,32,32,32,,21456604,20087976,17557180,21089088
2808,1,973,155,10,777,0,30,81978948,5002624,18858336,128,80287468,,20776880,21624120,17744804,21833144,,1756872,310396,666244,2269112,,6928284,3670388,1445032,6814632,,32,32,32,32,,21544204,20088676,17565156,21089432
2811,1,974,154,10,779,0,31,81657816,6927252,18857420,128,78396880,,20889852,21323196,17666272,21778496,,1627652,2257672,728488,2313440,,6799212,3688092,1507884,6862232,,32,32,32,32,,21667016,18162056,17475160,21092648
2815,0,975,156,10,780,0,29,81542340,7102988,19039552,128,78347244,,20888308,21177324,17749768,21726940,,1626008,2434440,634884,2407656,,6799760,3865816,1417368,6956608,,32,32,32,32,,21687764,17997836,17568912,21092732
2817,1,976,156,10,781,0,29,81493640,7213712,19154580,128,78366484,,20805172,21332976,17655568,21699924,,1750456,2303964,749160,2410132,,6926684,3736348,1532136,6959412,,32,32,32,32,,21588000,18164020,17521408,21093056
2820,1,977,156,10,782,0,29,81765956,6914824,18859008,128,78568224,,21038604,21356404,17623352,21747596,,1499304,2266540,801632,2347348,,6675732,3700512,1586192,6896572,,32,32,32,32,,21775268,18165612,17534332,21093012
2823,1,978,156,10,783,0,29,81640492,7053040,19003752,128,78553512,,21025572,21362272,17514604,21738044,,1499832,2266520,916620,2370068,,6680356,3701236,1702844,6919316,,32,32,32,32,,21779376,18166356,17514744,21093036
2826,1,979,156,10,784,0,29,81847380,6613264,18786232,128,78833688,,21033988,21357200,17667288,21788904,,1493284,2271192,524760,2324028,,6673984,3707092,1529604,6875552,,32,32,32,32,,21779532,18167536,17791300,21095320
2829,1,980,156,10,785,0,29,82051324,6426616,18753568,128,78983312,,21033916,21359328,17866676,21791404,,1506944,2265932,336408,2317332,,6688784,3702364,1493268,6869152,,32,32,32,32,,21780628,18168064,17938988,21095632
2832,1,981,156,10,786,0,29,81944432,6742540,18709780,128,78627552,,21027696,21343424,17783064,21790248,,1511924,2275608,643960,2311048,,6697356,3710612,1437200,6864612,,32,32,32,32,,21784204,18166640,17579364,21097344
2835,1,982,156,10,787,0,29,81920804,6753420,18732004,128,78638916,,21011552,21356292,17791436,21761524,,1526336,2259916,619692,2347476,,6711888,3695020,1419620,6905476,,32,32,32,32,,21784356,18166740,17586060,21101760
2838,1,983,156,10,788,0,29,81801300,6889812,18871204,128,78641476,,20961816,21354192,17729420,21755872,,1608180,2253328,662340,2365964,,6793780,3689012,1464260,6924152,,32,32,32,32,,21784268,18167328,17587968,21101912
2841,1,984,156,10,789,0,29,81081780,7603964,19589060,128,78030700,,20964672,21252812,17722856,21141440,,1594952,2377740,676524,2954748,,6780700,3813976,1479344,7515040,,32,32,32,32,,21784420,18167788,17588896,20489596
2844,1,985,154,10,790,0,31,81610632,7087060,19074288,128,78519908,,20986736,21223476,17711684,21688736,,1573188,2404676,707816,2401380,,6758968,3841228,1510908,6963184,,32,32,32,32,,21784460,18156656,17589116,20989676
2847,1,986,155,10,791,0,30,81694040,6977652,18967460,128,78625460,,20980848,21236684,17710116,21766392,,1569860,2407788,700576,2299428,,6756104,3845832,1504200,6861324,,32,32,32,32,,21784900,18169584,17589660,21081316
2850,1,987,155,10,792,0,30,81446600,5999432,19274000,128,79681456,,21022524,21218508,17734292,21471276,,1512800,1128916,691484,2666232,,6699008,3850912,1495756,7228324,,32,32,32,32,,21784872,19452992,17590296,20853296
2853,1,988,155,10,792,0,30,81550308,5184744,19262668,128,80397212,,20711740,21391636,17753288,21693644,,1803308,284012,657080,2440344,,6988608,3807080,1464284,7002696,,32,32,32,32,,21445416,20251936,17593192,21106668
2856,1,989,154,10,794,0,31,81048620,7616388,19641352,128,77957596,,21038432,21344680,16976340,21689168,,1468016,2260240,1438408,2449724,,6653464,3730056,2245776,7012056,,32,32,32,32,,21735616,18201268,16914108,21106604
2859,1,990,153,10,795,0,32,81483908,7173032,19203520,128,78329808,,21068104,21322336,17421616,21671852,,1441684,2274364,991128,2465856,,6628300,3744748,1800756,7029716,,32,32,32,32,,21776084,18201836,17244988,21106900
2862,1,991,153,10,796,0,32,81430304,7224568,19263232,128,78354856,,20640128,21381016,17709296,21699864,,1877444,2204052,709860,2433212,,7065340,3677328,1520472,7000092,,32,32,32,32,,21501436,18204736,17540012,21108672
2865,1,992,153,10,797,0,32,82041056,6575664,18619368,128,78695736,,21088884,21407756,17765876,21778540,,1404024,2177080,646812,2347748,,6592016,3650196,1461736,6915420,,32,32,32,32,,21787736,18204640,17593940,21109420
2868,1,993,154,10,798,0,31,81979032,5494564,18684176,128,79826328,,21064740,21389424,17671608,21853260,,299812,2199468,729340,2265944,,6630620,3673040,1547048,6833468,,32,32,32,32,,22930900,18205092,17580864,21109472
2871,2,994,154,10,799,0,31,82477552,5230476,18619076,128,80047692,,21505908,21329584,17851272,21790788,,286792,2246092,379288,2318304,,6644196,3720152,1367216,6887512,,32,32,32,32,,22957148,18205556,17773892,21111096
2876,1,995,154,10,800,0,31,82108360,6342716,18699216,128,79009196,,21085984,21337876,17910836,21773664,,1410452,2240084,322352,2369828,,6590660,3715744,1453576,6939236,,32,32,32,32,,21779960,18207120,17910896,21111220
2879,2,996,154,10,801,0,31,82094536,6360524,18765192,128,79057248,,21118056,21329032,17876920,21770528,,1368208,2249312,376416,2366588,,6552756,3725984,1550208,6936244,,32,32,32,32,,21784336,18208152,17953296,21111464
2883,1,997,154,10,802,0,31,84339760,6290964,18778896,128,79143868,,21110472,21355676,20098384,21775228,,1363544,2211948,322188,2393284,,6548112,3691900,1575720,6963164,,32,32,32,32,,21784356,18211448,18036368,21111696
2887,0,998,154,10,803,0,31,84399332,6846872,18715140,128,78527044,,21077788,21378480,20171908,21771156,,1400072,2194232,865352,2387216,,6587320,3675216,1495440,6957164,,32,32,32,32,,21787032,18212504,17415764,21111744
2890,1,999,152,10,804,0,33,84506068,6819176,18604988,128,78443540,,21064020,21378584,20203272,21860192,,1421500,2195212,826028,2376436,,6610628,3680816,1462984,6850560,,32,32,32,32,,21787884,18217060,17422624,21015972
2893,1,1000,154,10,805,0,31,84509912,6802504,18604448,128,78459652,,21009724,21408008,20242296,21849884,,1484892,2169780,776272,2371560,,6675168,3655892,1424412,6848976,,32,32,32,32,,21788952,18217596,17433844,21019260
2896,1,1001,154,10,806,0,31,84128920,5268224,18977936,128,80060004,,21013108,21390844,20235564,21489404,,1468040,269852,780864,2749468,,6658732,3660784,1431544,7226876,,32,32,32,32,,21789316,20119740,17436432,20714516
2899,2,1002,154,10,806,0,31,84529852,5146472,18860476,128,80367960,,20985752,21567488,20149584,21827028,,1472812,386300,886340,2401020,,6663240,3776848,1539712,6880676,,32,32,32,32,,21789052,20119088,17439016,21020804
2903,0,1003,154,10,808,0,31,83967336,7277300,19093740,128,78020432,,20588648,21341812,20212040,21824836,,1858688,2215900,823152,2379560,,7049396,3708548,1476816,6858980,,32,32,32,32,,21335888,18223876,17439388,21021280
2906,0,1004,155,10,809,0,30,83917384,7357148,19178968,128,78133000,,21049984,21097516,19958796,21811088,,1391508,2479408,1067056,2419176,,6582364,3973584,1724204,6898816,,32,32,32,32,,21789608,18143000,17178888,21021504
2909,0,1005,155,10,810,0,30,83926200,7380984,19210516,128,78164352,,20647864,21267380,20178180,21832776,,1811000,2340972,858084,2370928,,7008332,3835540,1515856,6850788,,32,32,32,32,,21509272,18225776,17407624,21021680
2911,1,1006,155,10,811,0,30,84437884,6905020,18738364,128,78490548,,21084468,21365616,20222412,21765388,,1436064,2221568,824832,2422556,,6633648,3717832,1484208,6902676,,32,32,32,32,,21796384,18227544,17444692,21021928
2914,1,1007,155,10,812,0,30,84440000,6890600,18729236,128,78496220,,21064672,21361596,20297000,21716732,,1456924,2220276,733032,2480368,,6656272,3717196,1393048,6962720,,32,32,32,32,,21798148,18228192,17445764,21024116
2917,1,1008,155,10,813,0,30,84443980,6412332,18754032,128,78998736,,21093188,21412812,20237124,21700856,,1441764,2157128,313288,2500152,,6642352,3654880,1474280,6982520,,32,32,32,32,,21799392,18229104,17946108,21024132
2920,1,1009,155,10,814,0,30,84521736,6300764,18681584,128,79035740,,21107056,21481836,20215696,21717148,,1427792,2077644,304604,2490724,,6628988,3578056,1499652,6974888,,32,32,32,32,,21800012,18231804,17977980,21025944
2923,1,1010,155,10,815,0,30,84515472,6871080,18693184,128,78479668,,21072232,21470408,20210624,21762208,,1455628,2101792,862088,2451572,,6657540,3602604,1492828,6940212,,32,32,32,32,,21800664,18232204,17416392,21030408
2926,1,1011,155,10,816,0,30,84630152,6775096,18610224,128,78492836,,21051372,21476428,20219072,21883280,,1478432,2098656,849696,2348312,,6680496,3603820,1486744,6839164,,32,32,32,32,,21800812,18236548,17422692,21032784
2929,1,1012,155,10,817,0,30,84621548,6765788,18606176,128,78498176,,21047944,21460800,20273232,21839572,,1488300,2114048,765624,2397816,,6690372,3619604,1405880,6890320,,32,32,32,32,,21800816,18236948,17425992,21034420
2932,1,1013,155,10,818,0,30,84224668,7187592,19029256,128,78164176,,21055484,21417724,20226572,21524888,,1486892,2177140,818316,2705244,,6689120,3683164,1458804,7198168,,32,32,32,32,,21800972,18237364,17426200,20699640
2935,1,1014,153,10,819,0,32,84167432,7267628,19113572,128,78189844,,21037536,21428140,20226544,21475212,,1504780,2152812,815980,2794056,,6707120,3663660,1456888,7285904,,32,32,32,32,,21801128,18242184,17426616,20719916
2938,0,1015,153,10,820,0,32,84455044,6944640,18793768,128,78496352,,21107872,21382548,20175860,21788764,,1416912,2198004,860184,2469540,,6619376,3709180,1503720,6961492,,32,32,32,32,,21801260,18231676,17429164,21034252
2941,0,1016,154,10,821,0,31,84414036,6984672,18840176,128,78513936,,21045152,21415984,20181892,21771008,,1492428,2155268,850140,2486836,,6695008,3668024,1498124,6979020,,32,32,32,32,,21801304,18244096,17433628,21034908
2944,0,1017,154,10,822,0,31,84737208,4977124,18791192,128,80469840,,21073072,21645244,20247392,21771500,,1465468,243576,778940,2489140,,6668116,3714244,1427292,6981540,,32,32,32,32,,21801388,20199296,17434044,21035112
2947,1,1018,153,10,823,0,32,84821504,4928460,18660276,128,80388108,,21130056,21707588,20208672,21775188,,1371140,249844,816132,2491344,,6574328,3631624,1468668,6985656,,32,32,32,32,,21802484,20110372,17438224,21037028
2950,1,1019,153,10,823,0,32,84541132,5186076,18924748,128,80072640,,20759508,21648416,20302136,21831072,,1755144,287664,722060,2421208,,6960332,3670308,1377556,6916552,,32,32,32,32,,21482064,20111156,17441244,21038176
2954,0,1020,154,10,825,0,31,84041424,7328460,19177552,128,77930472,,20760052,21361384,20111192,21808796,,1753420,2233800,894512,2446728,,6958632,3724732,1551108,6943080,,32,32,32,32,,21487272,18173128,17230908,21039164
2956,1,1021,154,10,826,0,31,84107560,7275120,19128952,128,78196564,,20702772,21343636,20289884,21771268,,1820228,2240260,727808,2486824,,7027604,3731468,1384644,6985236,,32,32,32,32,,21513264,18222372,17419784,21041144
2959,1,1022,154,10,827,0,31,84376232,7031928,18892028,128,78470508,,21034440,21348860,20217832,21775100,,1496924,2244716,803940,2486348,,6704384,3736300,1465564,6985780,,32,32,32,32,,21806268,18222708,17399368,21042164
2962,1,1023,154,10,828,0,31,84306256,7073112,18936120,128,78475596,,21017292,21333116,20172560,21783288,,1494988,2246600,855480,2476044,,6702592,3738680,1518456,6976392,,32,32,32,32,,21806404,18223228,17402880,21043084
2965,1,1024,154,10,829,0,31,84484996,6892580,18765936,128,78531788,,21082616,21347576,20280024,21774780,,1421372,2238920,759320,2472968,,6633140,3732512,1422668,6977616,,32,32,32,32,,21810620,18224772,17448992,21047404
2968,0,1025,154,10,830,0,31,84384628,6507800,18905500,128,79050588,,21056748,21305060,20249760,21773060,,1458200,2295008,283976,2470616,,6670140,3791024,1469032,6975304,,32,32,32,32,,21810808,18227076,17965264,21047440
2971,1,1026,154,10,831,0,31,84459816,6540704,18891224,128,78838600,,21134316,21380888,20388380,21556232,,1365312,2188980,291616,2694796,,6579476,3693068,1417336,7201344,,32,32,32,32,,21813036,18235200,17905296,20885068
2975,2,1027,154,10,831,0,31,83945212,7838708,19551284,128,77644288,,21117988,21421884,19757888,21647452,,1375520,2139880,1698968,2624340,,6589840,3646964,2182416,7132064,,32,32,32,32,,21813196,18238284,16542904,21049904
2979,1,1028,153,10,833,0,32,84668748,7247468,18963356,128,78115436,,21142876,21456280,20383292,21686300,,1362080,2091352,1214348,2579688,,6577548,3599136,1699208,7087464,,32,32,32,32,,21814328,18239008,17012132,21049968
2982,0,1029,153,10,834,0,32,84651500,7258744,18979980,128,78078536,,21105280,21468184,20561200,21516836,,1410976,2085496,1038172,2724100,,6627748,3594132,1524172,7233928,,32,32,32,32,,21815624,18239864,17204696,20818352
2985,0,1030,154,10,835,0,31,84973072,6901236,18629300,128,78353872,,21075104,21487672,20600860,21809436,,1435816,2069336,987568,2408516,,6652568,3582524,1475564,6918644,,32,32,32,32,,21815560,18244440,17241440,21052432
2988,0,1031,156,10,836,0,29,85009648,6146824,18622352,128,79122040,,21038160,21466756,20639920,21864812,,1484348,1340376,956088,2366012,,6701216,3589244,1455692,6876200,,32,32,32,32,,21815912,18980156,17273428,21052544
2990,1,1032,156,10,837,0,29,84989708,5180532,18861372,128,80127560,,20813280,21640956,20678736,21856736,,1673576,246844,907852,2352260,,6890628,3695192,1411196,6864356,,32,32,32,32,,21604072,20177196,17291836,21054456
2993,2,1033,156,10,837,0,29,85180424,4414436,18685212,128,80928816,,21084264,21642796,20642076,21811288,,1405692,279432,318600,2410712,,6622820,3673440,1466056,6922896,,32,32,32,32,,21815928,20122336,17936052,21054500
2997,1,1034,156,10,838,0,29,85227824,4340544,18666544,128,80983092,,21140616,21673588,20611688,21801932,,1335960,251928,306480,2446176,,6553312,3647428,1507240,6958564,,32,32,32,32,,21816208,20123820,17988488,21054576
3000,1,1035,156,10,840,0,29,84858236,7055752,18797300,128,78295288,,21120136,21347568,20602020,21788512,,1363120,2255496,990112,2447024,,6580484,3770724,1486452,6959640,,32,32,32,32,,21816212,18139688,17284576,21054812
3003,1,1036,156,10,841,0,29,85010548,6853284,18599356,128,78303264,,21036452,21485556,20682120,21806420,,1431080,2094600,901156,2426448,,6648868,3610412,1400984,6939092,,32,32,32,32,,21713464,18246872,17288092,21054836
3006,1,1037,156,10,842,0,29,85105576,6473488,18534792,128,78721708,,21144720,21487428,20677120,21796308,,1007296,2107560,906156,2452476,,6538756,3624104,1406264,6965668,,32,32,32,32,,22130336,18247604,17288384,21055384
3009,1,1038,156,10,843,0,29,85369476,5846464,18652976,128,79450072,,21457344,21448212,20607752,21856168,,349452,2140092,989116,2367804,,6623336,3657080,1489732,6882828,,32,32,32,32,,22872716,18248028,17272068,21057260
3012,1,1039,156,10,844,0,29,85406448,5996836,18701488,128,79151128,,21739328,21456816,20742720,21467584,,362656,2139188,748732,2746260,,6447168,3656536,1334800,7262984,,32,32,32,32,,22843352,18248416,17374532,20684828
3015,1,1040,155,10,845,0,30,85274568,5342972,18515144,128,79889084,,21303880,21455876,20718264,21796548,,380008,2139024,370600,2453340,,6493312,3656772,1390904,6974156,,32,32,32,32,,22871700,18248792,17807948,20960644
3018,1,1041,155,10,846,0,30,84900972,5724636,18903972,128,79699216,,21335296,21348448,20664988,21552240,,347596,2261896,407196,2707948,,6460976,3780036,1434184,7228776,,32,32,32,32,,22871836,18249140,17814552,20763688
3021,1,1042,155,10,847,0,30,85255960,5540068,18547348,128,79819880,,21320884,21421468,20662416,21851192,,369444,2174496,602428,2393700,,6487080,3693152,1450688,6916428,,32,32,32,32,,22876092,18249644,17635496,21058648
3024,1,1043,155,10,848,0,30,84965756,6929516,18588592,128,78479248,,21100260,21353956,20656104,21855436,,1300776,2266612,957524,2404604,,6402924,3785528,1470568,6929572,,32,32,32,32,,21860636,18249864,17301072,21067676
3027,1,1044,155,10,849,0,30,84751352,7138220,18801856,128,78323912,,21096272,21364620,20654440,21636020,,1294944,2258064,955812,2629400,,6397532,3780484,1469440,7154400,,32,32,32,32,,21861088,18253352,17301692,20907780
3030,1,1045,155,10,850,0,30,84929232,7038844,18711028,128,78421784,,21156476,21381576,20707560,21683620,,1317084,2223632,907896,2590232,,6421532,3747940,1424516,7117040,,32,32,32,32,,21863056,18249424,17304720,21004584
3033,1,1046,156,10,851,0,29,85094740,6774212,18512468,128,78556016,,21127520,21485964,20733752,21747504,,1345668,2034684,875704,2518156,,6450256,3621740,1394340,7046132,,32,32,32,32,,21863144,18318108,17306596,21068168
3036,0,1047,157,10,852,0,28,84712832,5288196,18896732,128,80112540,,20801420,21500516,20677344,21733552,,1685224,241952,824960,2536060,,6790496,3603640,1438316,7064280,,32,32,32,32,,21551940,20090908,17401272,21068420
3039,1,1048,157,10,853,0,28,85385632,4404484,18539592,128,80949708,,21155144,21804588,20670880,21755020,,1319004,262592,309568,2513320,,6424932,3598276,1474600,7041784,,32,32,32,32,,21864384,20063632,17953024,21068668
3042,1,1049,157,10,854,0,28,85154348,4642868,18739704,128,80656792,,21109504,21790240,20639784,21614820,,1387080,281440,331496,2642852,,6494252,3571940,1500864,7172648,,32,32,32,32,,21865680,20018692,17957320,20815100
3046,0,1050,156,10,855,0,29,85216192,5181620,18643896,128,80054892,,21090556,21634980,20672128,21818528,,1398000,447684,927084,2408852,,6505336,3738496,1461168,6938896,,32,32,32,32,,21865836,19860056,17321892,21007108
3049,0,1051,155,10,856,0,30,84876792,7019552,18742712,128,78290528,,20801772,21526480,20603212,21945328,,1720312,2018752,985804,2294684,,6827668,3564276,1523784,6826984,,32,32,32,32,,21616160,18276420,17325792,21072156
3051,1,1052,155,10,857,0,30,85175044,6687532,18418896,128,78548460,,21147924,21485108,20670548,21871464,,1348692,2063416,908724,2366700,,6456304,3611552,1451128,6899912,,32,32,32,32,,21866176,18278976,17330308,21073000
3054,1,1053,155,10,858,0,30,85112708,6797924,18534712,128,78553852,,21139972,21487336,20613920,21871480,,1351816,2068728,965316,2412064,,6459448,3621764,1508196,6945304,,32,32,32,32,,21866188,18283884,17330756,21073024
3057,1,1054,155,10,859,0,30,85102596,6772224,18512976,128,78557780,,21139280,21490848,20617384,21855084,,1340756,2060644,960636,2410188,,6448552,3614652,1506184,6943588,,32,32,32,32,,21866364,18284844,17333456,21073116
3060,1,1055,155,10,860,0,30,85100748,6080088,18539016,128,79275892,,21133424,21496776,20615760,21854788,,1338364,2065148,263364,2413212,,6446308,3622796,1523072,6946840,,32,32,32,32,,21866500,18288480,18047568,21073344
3063,1,1056,155,10,860,0,30,85261568,6146308,18460276,128,79130500,,21140744,21511772,20757380,21851672,,1344688,2038952,349040,2413628,,6452716,3597172,1463048,6947340,,32,32,32,32,,21866588,18289068,17901388,21073456
3066,1,1057,155,10,862,0,30,85192588,6662824,18408096,128,78562196,,21124196,21525052,20662416,21880924,,1348196,2019372,909464,2385792,,6456392,3578320,1453624,6919760,,32,32,32,32,,21866764,18289808,17331924,21073700
3069,1,1058,155,10,863,0,30,85209068,6653564,18403652,128,78566796,,21084236,21514180,20726284,21884368,,1413108,2018996,833392,2388068,,6522424,3578400,1378116,6924712,,32,32,32,32,,21867828,18290240,17332588,21076140
3072,1,1059,155,10,864,0,30,85233700,6595724,18351968,128,78572840,,21098420,21509072,20714964,21911244,,1392068,2013740,846000,2343916,,6504668,3573524,1391480,6882296,,32,32,32,32,,21871152,18290616,17333208,21077864
3075,1,1060,155,10,865,0,30,85071828,6784228,18547808,128,78574576,,21045728,21452396,20665116,21908588,,1458320,2086624,897944,2341340,,6571096,3646948,1443936,6885828,,32,32,32,32,,21871220,18285568,17333648,21084140
3079,0,1061,155,10,866,0,30,85006744,6784736,18619924,128,78651676,,21042656,21444252,20661776,21858060,,1457260,2023892,894828,2408756,,6570044,3653392,1443264,6953224,,32,32,32,32,,21871232,18360296,17336092,21084056
3082,0,1062,155,10,867,0,30,84795588,5275560,18800824,128,80001196,,21120976,21428488,20662596,21583528,,1366280,351488,891320,2666472,,6483392,3673020,1440324,7204088,,32,32,32,32,,21875596,20051012,17336652,20737936
3085,0,1063,154,10,868,0,31,85358040,5011944,18538600,128,80340272,,21094176,21722600,20663892,21877372,,1379428,327140,889704,2415672,,6496584,3692820,1439748,6909448,,32,32,32,32,,21875376,20093768,17337692,21033436
3087,2,1064,156,10,868,0,29,85379908,4958788,18495420,128,80350512,,21079228,21746892,20680460,21873328,,1387780,265904,877376,2427728,,6507148,3636352,1428152,6923768,,32,32,32,32,,21877860,20098644,17338312,21035696
3091,1,1065,156,10,870,0,29,85028132,6896012,18631432,128,78355004,,21148980,21309360,20739640,21830152,,1313452,2280572,851184,2450804,,6433024,3843328,1403864,6951216,,32,32,32,32,,21878124,18164764,17340224,20971892
3094,1,1066,156,10,871,0,29,84628144,7301456,19050836,128,78091080,,20814192,21523288,20508580,21782084,,1648200,2043596,1080308,2529352,,6767704,3617612,1635512,7030008,,32,32,32,32,,21654192,18304708,17091984,21040196
3097,1,1067,155,10,872,0,30,85184856,5101520,18606000,128,80262456,,21107204,21671336,20653524,21752792,,1334552,246096,941132,2579740,,6455196,3576088,1492276,7082440,,32,32,32,32,,21879128,20055460,17285632,21042236
3100,1,1068,155,10,873,0,30,85195760,5014292,18520752,128,80287644,,21116940,21582540,20673392,21822888,,1323732,264236,921648,2504676,,6445920,3588188,1477876,7008768,,32,32,32,32,,21880688,20046924,17316360,21043672
3103,3,1069,155,10,873,0,30,85340976,4816640,18369176,128,80361432,,21112036,21583848,20705384,21939708,,1364080,254916,818800,2378844,,6434092,3579328,1472100,6883656,,32,32,32,32,,21828488,20047328,17441176,21044440
3108,1,1070,155,10,874,0,30,85349428,4297260,18367340,128,80877172,,21126296,21548940,20681596,21992596,,1346984,371448,256804,2322024,,6417164,3593424,1528244,6828508,,32,32,32,32,,21828676,19944876,18058636,21044984
3112,1,1071,155,10,876,0,30,85344980,4423504,18343560,128,80726940,,21168992,21505748,20729468,21940772,,1282192,411752,353020,2376540,,6352596,3634228,1471656,6885080,,32,32,32,32,,21828952,19945316,17905820,21046852
3115,2,1072,155,10,877,0,30,85220444,6703952,18460432,128,78571052,,21167840,21508240,20680360,21864004,,1289656,2026540,930480,2457276,,6360228,3640296,1493968,6965940,,32,32,32,32,,21829120,18343992,17351104,21046836
3119,1,1073,155,10,878,0,30,85338872,6556732,18326056,128,78583936,,21166704,21511068,20736240,21924860,,1287248,2011600,869292,2388592,,6357832,3625656,1445224,6897344,,32,32,32,32,,21829128,18344288,17363548,21046972
3122,1,1074,155,10,879,0,30,85255440,6631920,18406900,128,78589480,,21145392,21446300,20751756,21911992,,1293136,2082816,863976,2391992,,6363868,3698636,1443448,6900948,,32,32,32,32,,21829276,18346024,17366988,21047192
3125,1,1075,155,10,880,0,30,85380884,6530500,18306740,128,78591140,,21134280,21587440,20750160,21909004,,1323220,1946964,869276,2391040,,6393968,3563708,1449040,6900024,,32,32,32,32,,21829296,18347332,17367288,21047224
3128,1,1076,155,10,881,0,30,84968896,6949736,18733368,128,78187836,,20802336,21576104,20776980,21813476,,1662788,1960576,834588,2491784,,6736824,3578200,1417028,7001316,,32,32,32,32,,21593336,18347904,17369976,20876620
3131,1,1077,154,10,882,0,31,85503988,6379744,18169220,128,78584108,,21163864,21528972,20814212,21996940,,1264516,2021912,803820,2289496,,6344084,3639788,1384308,6801040,,32,32,32,32,,21818132,18348124,17368084,21049768
3134,1,1078,154,10,883,0,31,85428288,6422256,18223900,128,78616084,,21165448,21588164,20690724,21983952,,1256476,1945756,928648,2291376,,6341512,3563872,1515512,6803004,,32,32,32,32,,21843516,18348388,17374388,21049792
3137,1,1079,154,10,884,0,31,85098548,6771528,18574852,128,78445824,,21110628,21323392,20749160,21915368,,1314776,2208884,873024,2374844,,6399956,3827392,1460836,6886668,,32,32,32,32,,21843572,18193156,17375352,21033744
3140,1,1080,154,10,885,0,31,84917756,6951672,18762880,128,78265016,,20947844,21451356,20580288,21938268,,1468804,2093832,1028624,2360412,,6557236,3712888,1618820,6873936,,32,32,32,32,,21676900,18349272,17187216,21051628
3143,0,1081,154,10,886,0,31,85352044,6599184,18415332,128,78603644,,21181504,21489368,20738912,21942260,,1340432,2045908,872852,2339992,,6429180,3667252,1465160,6853740,,32,32,32,32,,21846920,18351560,17353292,21051872
3146,0,1082,154,10,887,0,31,85386044,6175308,18404236,128,79036476,,21171760,21552420,20741192,21920672,,921388,1973488,908120,2372312,,6421000,3596404,1500792,6886040,,32,32,32,32,,22258068,18353188,17373404,21051816
3149,0,1083,154,10,888,0,31,85525248,5621408,18443172,128,79741536,,21403360,21517320,20696900,21907668,,392664,1993828,859212,2375704,,6386224,3621428,1543788,6891732,,32,32,32,32,,22857212,18357864,17472296,21054164
3152,0,1084,154,10,889,0,31,86105148,5108272,18555684,128,80101972,,21858612,21565112,20816796,21864628,,452528,1945168,296200,2414376,,6615300,3574440,1405160,6960784,,32,32,32,32,,22761464,18359584,17896420,21084504
3155,1,1085,154,10,890,0,31,85880588,5006280,18465284,128,80113320,,21505020,21668364,20821692,21885512,,422584,1814148,367756,2401792,,6602192,3450448,1446916,6965728,,32,32,32,32,,22778244,18366684,17866108,21102284
3158,1,1086,154,10,891,0,31,85740644,5591132,18583304,128,79646672,,21461132,21642160,20762732,21874620,,464236,1848568,870156,2408172,,6645092,3487428,1478148,6972636,,32,32,32,32,,22779436,18369236,17395472,21102528
3161,1,1087,154,10,892,0,31,85533760,6425076,18544716,128,78774332,,21158936,21663760,20833168,21877896,,1408104,1834204,780188,2402580,,6650224,3473628,1452096,6968768,,32,32,32,32,,21840696,18369812,17459552,21104272
3164,1,1088,154,10,893,0,31,85631640,6297984,18440364,128,78797140,,21161636,21652308,20846532,21971164,,1406104,1843696,754860,2293324,,6649568,3483356,1445160,6862280,,32,32,32,32,,21842036,18370048,17477976,21107080
3167,1,1089,154,10,894,0,31,85622924,6277380,18424476,128,78801856,,21158156,21649920,20785020,22029828,,1403364,1842004,803296,2228716,,6649032,3482272,1495476,6797696,,32,32,32,32,,21844236,18370652,17479760,21107208
3170,1,1090,154,10,895,0,31,85343048,6526816,18677180,128,78538560,,21158272,21595496,20791960,21797320,,1400616,1889324,801752,2435124,,6646312,3529960,1495596,7005312,,32,32,32,32,,21844268,18371012,17481440,20841840
3173,1,1091,153,10,896,0,32,85468836,6437612,18636628,128,78587732,,21214760,21578796,20627096,22048184,,1343028,1921804,977444,2195336,,6591160,3562860,1715584,6767024,,32,32,32,32,,21846756,18371380,17271672,21097924
3176,1,1092,154,10,897,0,31,84278544,7691632,19852248,128,77694484,,19917612,21617948,20817168,21925816,,2691640,1889752,786672,2323568,,7939772,3532420,1483568,6896488,,32,32,32,32,,20773908,18373008,17484704,21062864
3179,0,1093,155,10,898,0,30,85105856,6844088,19010808,128,78333864,,21036160,21245272,20845352,21979072,,1523328,2253376,790428,2276956,,6775544,3896380,1488748,6850136,,32,32,32,32,,21723416,18014860,17486132,21109456
3182,0,1094,154,10,899,0,31,85459412,6490792,18664244,128,78717204,,21147124,21518508,20829808,21963972,,1413404,2001748,784988,2290652,,6665776,3646492,1488108,6863868,,32,32,32,32,,21850968,18265796,17490948,21109492
3185,0,1095,154,10,900,0,31,85262416,6699300,18877900,128,78476248,,21135608,21489848,20672088,21964872,,1418560,2028868,963684,2288188,,6670964,3674456,1670864,6861616,,32,32,32,32,,21851000,18235276,17280272,21109700
3187,1,1096,153,10,901,0,32,85216748,6841028,19025576,128,78606964,,20740972,21682520,20876172,21917084,,1858732,1835808,761636,2384852,,7112472,3485268,1469252,6958584,,32,32,32,32,,21622752,18378752,17495620,21109840
3190,1,1097,153,10,902,0,32,85781560,6186816,18378896,128,78844124,,21162788,21641056,20934088,22043628,,1391688,1871892,673036,2250200,,6646472,3523764,1383248,6825412,,32,32,32,32,,21853380,18381112,17498224,21111408
3193,1,1098,153,10,903,0,32,85686652,6319452,18513592,128,78846056,,21150820,21621344,20879672,22034816,,1402572,1907488,728808,2280584,,6657620,3559632,1439864,6856476,,32,32,32,32,,21853644,18381340,17499040,21112032
3196,1,1099,154,10,904,0,31,85728468,6249824,18457488,128,78859440,,21094352,21690664,20892156,22051296,,1439228,1850560,698864,2261172,,6694396,3507280,1414360,6841452,,32,32,32,32,,21853716,18385784,17503488,21116452
3199,1,1100,154,10,905,0,31,85537416,6473992,18684944,128,78862500,,21087580,21579948,20888244,21981644,,1453732,1957148,736708,2326404,,6708948,3614208,1454460,6907328,,32,32,32,32,,21853756,18386056,17505676,21117012
3202,1,1101,154,10,906,0,31,85601344,6387060,18603712,128,78868216,,21170864,21580104,20866372,21984004,,1377616,1961976,728108,2319360,,6633036,3621600,1446372,6902704,,32,32,32,32,,21854008,18388564,17506204,21119440
3205,1,1102,154,10,907,0,31,85684132,6360772,18584848,128,78875620,,21138572,21644516,20916900,21984144,,1398944,1910640,737660,2313528,,6654376,3571676,1457716,6901080,,32,32,32,32,,21854024,18390040,17507900,21123656
3208,1,1103,154,10,908,0,31,85594012,6457524,18682932,128,78876852,,21136548,21630076,20914892,21912496,,1396812,1911716,741840,2407156,,6652400,3573116,1462480,6994936,,32,32,32,32,,21854184,18390408,17508428,21123832
3211,1,1104,154,10,909,0,31,85295656,6751800,18979456,128,78583488,,21197024,21669436,20915200,21513996,,1332004,1869868,724860,2825068,,6587668,3532964,1447288,7411536,,32,32,32,32,,21854308,18392100,17510252,20826828
3214,1,1105,153,10,910,0,32,85752216,6162720,18478328,128,78968660,,21182812,21763212,20912592,21893600,,1339764,1767020,718932,2337004,,6597324,3430964,1441740,7008300,,32,32,32,32,,21856504,18393080,17510560,21208516
3217,1,1106,153,10,911,0,32,85680140,4904904,18516648,128,80264444,,21147816,21763324,20910004,21858996,,1366540,1750320,715432,1072612,,6625136,3415088,1438368,7038056,,32,32,32,32,,21857240,18393884,17510624,22502696
3220,1,1107,153,10,912,0,32,85581688,4356352,18644228,128,80739760,,21147492,21559692,20920876,21953628,,1377572,1947188,701724,329868,,6636716,3612448,1425008,6970056,,32,32,32,32,,21858028,18193332,17510944,23177456
3223,2,1108,152,10,913,0,33,84414956,5767308,19753128,128,79141320,,19745892,21742072,20853820,22073172,,2757088,1765612,757604,487004,,8021720,3431648,1481952,6817808,,32,32,32,32,,20376424,18384752,17511952,22868192
3227,2,1109,152,10,913,0,33,85836116,4318972,18483272,128,80650088,,21033444,21759244,20833196,22210232,,1447068,1756200,774428,341276,,6711860,3423240,1502736,6845436,,32,32,32,32,,21697180,18395560,17515840,23041508
3231,2,1110,153,10,915,0,32,85571756,4354744,18581832,128,80569116,,21269504,21653424,20582368,22066460,,1204048,1859464,1009732,281500,,6472344,3527164,1749064,6833260,,32,32,32,32,,21865852,18396116,17218024,23089124
3235,1,1111,154,9,915,0,32,85772616,6214220,18446872,128,78863552,,21200132,21732912,20829808,22009764,,1337920,1767684,776712,2331904,,6611508,3439028,1517116,6879220,,32,32,32,32,,21866648,18399800,17512480,21084624
3238,1,1112,157,8,917,0,30,85766944,5521556,18437132,128,79561536,,21219828,21715552,20836060,21995504,,629808,1776496,779312,2335940,,6583016,3450264,1520368,6883484,,32,32,32,32,,22545816,18402248,17528612,21084860
3241,1,1113,157,8,918,0,30,85774368,5148624,18457716,128,79949936,,21214284,21755564,20794028,22010492,,302972,1740840,781780,2323032,,6638832,3423612,1524668,6870604,,32,32,32,32,,22923040,18411208,17530788,21084900
3245,1,1114,157,8,919,0,30,85861828,5092108,18372816,128,79929588,,21227508,21674208,20902288,22057824,,326336,1821344,680988,2263440,,6616392,3510868,1426952,6818604,,32,32,32,32,,22885508,18417904,17533580,21092596
3254,1,1115,157,8,920,0,30,85828332,5228564,18556056,128,79758696,,21338892,21748616,20891312,21849512,,317916,1780864,678096,2451688,,6650344,3474152,1424896,7006664,,32,32,32,32,,22945600,18421720,17534512,20856864
3257,1,1116,156,8,921,0,31,85652200,7400960,18835980,128,77777852,,21395320,21673692,20883240,21699948,,2254936,1839944,687648,2618432,,6688612,3538312,1435656,7173400,,32,32,32,32,,21053224,18426744,17535664,20762220
3260,1,1117,156,8,922,0,31,85972512,7069376,18533516,128,78138472,,21455380,21580716,20898168,22038248,,2177016,1948740,679488,2264132,,6629120,3647616,1433444,6823336,,32,32,32,32,,21071944,18427168,17541584,21097776
3263,1,1118,156,8,923,0,31,85994664,7017012,18489816,128,78146928,,21474824,21599820,20895036,22024984,,2152128,1935612,670008,2259264,,6609832,3634908,1426376,6818700,,32,32,32,32,,21077300,18427612,17544012,21098004
3266,1,1119,155,8,924,0,32,85861776,7206836,18687320,128,77901440,,21468860,21451448,20960520,21980948,,2145928,2087380,655576,2317952,,6606072,3790444,1413448,6877356,,32,32,32,32,,21077372,18180600,17545544,21097924
3269,1,1120,154,8,925,0,33,85115448,7565796,19391584,128,77516396,,20547916,21765952,20918124,21883456,,3047976,1757236,329056,2431528,,7508760,3461188,1430504,6991132,,32,32,32,32,,20096600,18432616,17889120,21098060
3272,2,1121,153,8,926,0,34,86301948,6522776,18312168,128,78460608,,21570592,21837816,20964484,21929056,,2151600,1671916,332580,2366680,,6515428,3381336,1488856,6926548,,32,32,32,32,,20981108,18438168,17942996,21098336
3276,1,1122,153,8,927,0,34,86172892,6868492,18291524,128,78095004,,21503856,21842964,20922104,21903968,,2209084,1654272,636248,2368888,,6572912,3366556,1423276,6928780,,32,32,32,32,,20981096,18441032,17574520,21098356
3279,1,1123,153,8,928,0,34,85806188,7251940,18678036,128,77762036,,21501368,21769348,20560312,21975160,,2223976,1740376,991680,2295908,,6589076,3453396,1779516,6856048,,32,32,32,32,,20982372,18441696,17239308,21098660
3282,1,1124,153,8,929,0,34,86243660,6838304,18268752,128,78004920,,21517376,21816488,20828460,22081336,,2209472,1681120,705896,2241816,,6575976,3394308,1494648,6803820,,32,32,32,32,,20983856,18441928,17478516,21100620
3285,0,1125,153,8,930,0,34,86286216,6781272,18213864,128,78094216,,21503736,21800248,20904452,22077780,,2218296,1703440,624408,2235128,,6584852,3416988,1413592,6798432,,32,32,32,32,,20983908,18442296,17567104,21100908
3288,0,1126,153,8,931,0,34,86235600,6841424,18278112,128,78106472,,21547404,21728828,20884604,22074764,,2152436,1795984,653580,2239424,,6519420,3509792,1446104,6802796,,32,32,32,32,,20984180,18442496,17578828,21100968
3291,0,1127,154,8,932,0,33,86200608,6903968,18350512,128,78116440,,21546296,21726580,20850456,22077276,,2169224,1787236,714616,2232892,,6536304,3503000,1512896,6798312,,32,32,32,32,,20984196,18444452,17584792,21103000
3294,0,1128,154,8,933,0,33,86139088,6981020,18431096,128,78119660,,21498904,21724232,20838280,22077672,,2239768,1789612,731768,2219872,,6609068,3505680,1530848,6785500,,32,32,32,32,,20986348,18444756,17585324,21103232
3297,0,1129,154,8,934,0,33,86094752,7008088,18464636,128,78125928,,21518956,21739148,20828904,22007744,,2205428,1766128,713600,2322932,,6575016,3483768,1517332,6888520,,32,32,32,32,,20986580,18446320,17589960,21103068
3300,0,1130,154,8,935,0,33,86156668,6938420,18397428,128,78128356,,21508568,21745244,20902188,22000668,,2196760,1758836,668852,2313972,,6570560,3477984,1469092,6879792,,32,32,32,32,,20990724,18447824,17586512,21103296
3303,0,1131,154,8,936,0,33,85898700,7229104,18692896,128,77881680,,21507092,21782156,20890988,21718464,,2206640,1711808,676156,2634500,,6580612,3431592,1479984,7200708,,32,32,32,32,,20990872,18448496,17590108,20852204
3306,0,1132,155,8,937,0,32,86140596,6977108,18440120,128,78132280,,21444436,21752708,20941752,22001700,,2260992,1755736,620928,2339452,,6637060,3476364,1420984,6905712,,32,32,32,32,,20992856,18449308,17586388,21103728
3309,0,1133,155,8,938,0,32,86181096,6908236,18378580,128,78139600,,21509704,21671756,20936236,22063400,,2201076,1834492,620492,2252176,,6578568,3555536,1423712,6820764,,32,32,32,32,,20994240,18449684,17589544,21106132
3311,1,1134,154,8,939,0,33,85722292,7386440,18858668,128,77661024,,21455644,21344408,20860616,22061624,,2228132,2169496,721680,2267132,,6606228,3892984,1522024,6837432,,32,32,32,32,,20897660,18114644,17540892,21107828
3314,1,1135,155,8,940,0,32,86087200,7034744,18508132,128,78039140,,21533764,21610824,20896208,22046404,,2166204,1901208,670328,2297004,,6544740,3624876,1470988,6867528,,32,32,32,32,,20996084,18348008,17586996,21108052
3317,1,1136,156,8,941,0,31,86161812,6920124,18404356,128,78154352,,21530080,21714184,20891732,22025816,,2162908,1778732,678144,2300340,,6541668,3506712,1480792,6875184,,32,32,32,32,,20996224,18456848,17588964,21112316
3320,1,1137,156,8,942,0,31,86119336,6979796,18467884,128,78158056,,21563440,21640228,20872956,22042712,,2136208,1853924,709336,2280328,,6515288,3582480,1513040,6857076,,32,32,32,32,,20996528,18457364,17589944,21114220
3323,1,1138,156,8,943,0,31,86032580,7102640,18589752,128,78057920,,21610260,21542372,20898364,21981584,,2090736,1967352,664756,2379796,,6469972,3698152,1464900,6956728,,32,32,32,32,,20996508,18360676,17586392,21114344
3326,1,1139,156,8,944,0,31,86095852,6988596,18522692,128,78204128,,21492084,21724644,20946908,21932216,,2215868,1738812,621516,2412400,,6595196,3518948,1417184,6991364,,32,32,32,32,,20996512,18509044,17582252,21116320
3329,1,1140,156,8,945,0,31,86205796,5448532,18360276,128,79580908,,21590280,21779540,20934660,21901316,,2068468,315656,616828,2447580,,6449964,3469984,1413592,7026736,,32,32,32,32,,20998784,19882544,17583100,21116480
3332,2,1141,156,8,946,0,31,86218312,5392268,18353920,128,79628712,,21522232,21799164,20959564,21937352,,2151072,250932,602508,2387756,,6532704,3449916,1404096,6967204,,32,32,32,32,,20998844,19925152,17587888,21116828
3336,1,1142,156,8,947,0,31,86188352,6872192,18354700,128,78152192,,21497340,21817120,20924496,21949396,,2162552,1705628,618628,2385384,,6544200,3424904,1420704,6964892,,32,32,32,32,,20998860,18448044,17588368,21116920
3339,1,1143,156,8,948,0,31,85899948,7173328,18664640,128,77833616,,21505232,21809812,20956064,21628840,,2163544,1700880,607520,2701384,,6550592,3420676,1412264,7281108,,32,32,32,32,,21004260,18448576,17591060,20789720
3342,1,1144,156,8,949,0,31,86423528,6611156,18106084,128,78165712,,21527332,21822308,20946732,22127156,,2143932,1691604,601488,2174132,,6532360,3411896,1407220,6754608,,32,32,32,32,,21005544,18449048,17592016,21119104
3345,1,1145,155,8,950,0,32,86114652,6893248,18392804,128,77864636,,21579984,21792968,20621940,22119760,,2070248,1718224,935860,2168916,,6460852,3438744,1743588,6749620,,32,32,32,32,,21007656,18449276,17288360,21119344
3348,1,1146,153,8,951,0,34,85587304,7482360,18985924,128,77300104,,20840168,21774684,20863912,22108540,,2892832,1737008,671420,2181100,,7282620,3457784,1483548,6761972,,32,32,32,32,,20199036,18449476,17532032,21119560
3351,1,1147,153,8,952,0,34,86042588,7023024,18529676,128,77787104,,21556900,21786452,20857392,21841844,,2170892,1743104,668272,2440756,,6560696,3464480,1481068,7023432,,32,32,32,32,,20920440,18450096,17580156,20836412
3354,1,1148,153,8,953,0,34,86248728,6795900,18304552,128,78170920,,21569664,21751576,20855216,22072272,,2147576,1758812,681908,2207604,,6537400,3480496,1496180,6790476,,32,32,32,32,,21008260,18450392,17590824,21121444
3357,0,1149,154,8,954,0,33,85920056,7128640,18640144,128,77798220,,21371228,21580916,20933528,22034384,,2358204,1918488,610752,2241196,,6748152,3642456,1425496,6824040,,32,32,32,32,,20850460,18226616,17599772,21121372
3359,1,1150,154,8,955,0,33,86205216,6594688,18386884,128,78350044,,21577348,21662560,20928984,22036324,,2163104,1854700,321408,2255476,,6553392,3581712,1413268,6838512,,32,32,32,32,,21008840,18343032,17876588,21121584
3363,1,1151,155,8,956,0,32,86539420,6471520,18259140,128,78456596,,21563320,21818760,21141056,22016284,,2161156,1689560,334220,2286584,,6551768,3416920,1420588,6869864,,32,32,32,32,,21008988,18455456,17870392,21121760
3366,1,1152,155,8,957,0,32,86713920,6824144,18219644,128,78066252,,21571916,21812904,21229200,22099900,,2173248,1689452,787944,2173500,,6563976,3417732,1481032,6756904,,32,32,32,32,,21009040,18456372,17478860,21121980
3369,1,1153,155,8,958,0,32,86536968,7060020,18464656,128,78000236,,21604776,21551916,21297836,22082440,,2146064,1987624,728760,2197572,,6538480,3716420,1428552,6781204,,32,32,32,32,,21010792,18381688,17485548,21122208
3372,1,1154,155,8,959,0,32,86682272,6807304,18276968,128,78140452,,21600992,21743748,21250064,22087468,,2136640,1672944,813996,2183724,,6530008,3471548,1506372,6769040,,32,32,32,32,,21011800,18526664,17478056,21123932
3375,1,1155,155,8,960,0,32,86571632,5479144,18464648,128,79654080,,21584424,21713776,21248188,22025244,,2170376,238500,805204,2265064,,6563824,3548908,1499272,6852644,,32,32,32,32,,21012124,20036104,17479748,21126104
3378,2,1156,155,8,960,0,32,87011564,5433108,18382336,128,79617320,,21697756,22042304,21256612,22014892,,2038644,293008,775228,2326228,,6436768,3559128,1471544,6914896,,32,32,32,32,,21016632,19991548,17482004,21127136
3382,1,1157,155,8,962,0,32,86591456,7034900,18453992,128,78089564,,21676304,21678612,21234712,22001828,,2038236,1848532,807400,2340732,,6436376,3579364,1503788,6934464,,32,32,32,32,,21016640,18458628,17482052,21132244
3385,1,1158,155,8,963,0,32,86400344,7178944,18605516,128,77833784,,21670904,21787856,21253360,21688224,,2033356,1706080,793320,2646188,,6435832,3438516,1492212,7238956,,32,32,32,32,,21020992,18460296,17484460,20868036
3389,0,1159,154,8,964,0,33,86281324,7340372,18770424,128,77752480,,21674228,21758476,20936756,21911864,,2053000,1739724,1137388,2410260,,6455812,3472404,1834672,7007536,,32,32,32,32,,21021292,18460552,17135996,21134640
3391,1,1160,155,7,965,0,33,85837508,7805368,19237272,128,77309116,,20823112,21809016,21241308,21964072,,2940596,1680096,819344,2365332,,7345444,3414744,1514404,6962680,,32,32,32,32,,20350088,18462512,17361664,21134852
3395,0,1161,155,7,966,0,33,86427832,7162924,18597496,128,77800864,,21331748,21838128,21307500,21950456,,2420972,1641984,737908,2362060,,6825496,3377240,1435128,6959632,,32,32,32,32,,20755848,18463192,17446736,21135088
3397,1,1162,155,7,967,0,33,86765404,6807572,18246276,128,78087128,,21596104,21830540,21339072,21999688,,2150752,1650336,692488,2313996,,6556460,3386700,1391464,6911652,,32,32,32,32,,21008792,18464296,17478820,21135220
3400,1,1163,156,7,968,0,32,86709856,6835108,18277680,128,78062948,,21620508,21831908,21263256,21994184,,2115516,1644032,767356,2308204,,6521968,3380992,1467344,6907376,,32,32,32,32,,21025332,18464924,17435964,21136728
3403,1,1164,156,7,969,0,32,86556156,7056672,18509028,128,77883896,,21486584,21764808,21198152,22106612,,2250616,1753836,838620,2213600,,6661096,3490968,1543504,6813460,,32,32,32,32,,20909800,18395408,17441124,21137564
3406,1,1165,157,7,970,0,31,86778352,6802656,18258680,128,78012668,,21694340,21676496,21308572,22098944,,2025116,1827228,738488,2211824,,6436248,3566784,1443876,6811772,,32,32,32,32,,21029936,18355360,17489764,21137608
3409,1,1166,157,7,971,0,31,86663072,5972236,18379000,128,78963492,,21673676,21677832,21253364,22058200,,1095544,1814712,808584,2253396,,6446252,3554612,1523032,6855104,,32,32,32,32,,21969556,18355888,17498732,21139316
3412,1,1167,157,7,972,0,31,86632784,5138728,18490564,128,79904408,,21624472,21663892,21277852,22066568,,270540,1838088,782696,2247404,,6560848,3582676,1497728,6849312,,32,32,32,32,,22905044,18360560,17499360,21139444
3415,1,1168,157,7,973,0,31,86432884,5385096,18691524,128,79783608,,21599608,21493416,21309200,22030660,,303156,2033552,757812,2290576,,6549764,3779692,1469336,6892732,,32,32,32,32,,22861272,18286884,17495872,21139580
3418,1,1169,157,7,974,0,31,86645072,7031688,18447816,128,78080404,,21599952,21717632,21296772,22030716,,2192000,1796496,755012,2288180,,6545612,3544856,1466880,6890468,,32,32,32,32,,20968280,18476128,17496228,21139768
3421,1,1170,157,7,975,0,31,86322128,7310952,18744560,128,77821312,,21501652,21772332,21326940,21721204,,2276924,1709136,717940,2606952,,6643304,3459400,1432904,7208952,,32,32,32,32,,20981048,18478136,17499252,20862876
3424,1,1171,156,7,976,0,32,86385444,7254604,18685368,128,77725780,,21583084,21728960,20955256,22118144,,2164088,1778472,1110496,2201548,,6530700,3529232,1821560,6803876,,32,32,32,32,,20981344,18478544,17125456,21140436
3428,0,1172,155,7,977,0,33,86635692,5378820,18334296,128,79446172,,21601544,21729456,21197816,22106876,,2114856,1782768,853420,627776,,6482740,3534372,1560952,6756232,,32,32,32,32,,20982620,18479368,17317580,22666604
3431,1,1173,155,7,977,0,33,86399132,5297608,18652864,128,79583748,,21241816,21734596,21347516,22075204,,2495408,1789932,686468,325800,,6864648,3542288,1391040,6854888,,32,32,32,32,,20619476,18480172,17488844,22995256
3434,1,1174,154,7,979,0,34,86714644,6898236,18291136,128,77959640,,21544288,21732684,21327804,22109868,,2205916,1776708,685348,2230264,,6580120,3529356,1390364,6791296,,32,32,32,32,,20892064,18480416,17489248,21097912
3437,1,1175,154,7,980,0,34,86804724,6785096,18186672,128,78065168,,21642616,21770556,21329604,22061948,,2085568,1737020,691116,2271392,,6466268,3489816,1398180,6832408,,32,32,32,32,,20995480,18480540,17491300,21097848
3440,1,1176,154,7,981,0,34,86853128,6711864,18121864,128,78073612,,21697340,21744280,21341140,22070368,,2009316,1762104,681900,2258544,,6392556,3515332,1389712,6824264,,32,32,32,32,,20998060,18480972,17492040,21102540
3443,1,1177,154,7,982,0,34,86786440,6785692,18200788,128,78078728,,21672948,21771560,21323104,22018828,,2049392,1727456,695280,2313564,,6434152,3481296,1403840,6881500,,32,32,32,32,,20999600,18481632,17492792,21104704
3446,1,1178,154,7,983,0,34,86770820,6817660,18237096,128,78082964,,21678204,21780704,21295232,22016680,,2046136,1720920,739504,2311100,,6430912,3478440,1448400,6879344,,32,32,32,32,,20999612,18485320,17493020,21105012
3449,1,1179,154,7,984,0,34,86039516,7578516,19008176,128,77402816,,21517968,21199100,21357232,21965216,,2217956,2307624,697032,2355904,,6605396,4065468,1405632,6931680,,32,32,32,32,,20889304,17908220,17492804,21112488
3452,1,1180,153,7,985,0,35,86833180,6756844,18194836,128,78101448,,21600268,21876872,21393088,21962952,,2118104,1613032,648192,2377516,,6505484,3377012,1358864,6953476,,32,32,32,32,,21002040,18491828,17494860,21112720
3455,1,1181,153,7,986,0,35,84987804,6334540,18248876,128,78581048,,21591108,21869312,19517040,22010344,,2151608,1625828,232320,2324784,,6543232,3390132,1411172,6904340,,32,32,32,32,,21006276,18492156,17966256,21116360
3458,1,1182,153,7,987,0,35,84967584,6432012,18334540,128,78568768,,21598520,21856812,19518604,21993648,,2140460,1642604,321492,2327456,,6533376,3409936,1484160,6907068,,32,32,32,32,,21007568,18495188,17949600,21116412
3462,0,1183,153,7,988,0,35,84343352,7385180,18859572,128,77630348,,21599884,21605172,19486852,21651444,,2130400,1875584,708000,2671196,,6524476,3645380,1436732,7252984,,32,32,32,32,,21008728,18338076,17516048,20767496
3465,0,1184,153,7,989,0,35,85195504,6502444,17980072,128,78145312,,21670336,21886268,19478020,22160880,,2061736,1565128,706464,2169116,,6457648,3335512,1435652,6751260,,32,32,32,32,,21010620,18498208,17516492,21119992
3467,1,1185,153,7,990,0,35,84676088,7052504,18538344,128,78006668,,21476580,21833836,19446828,21918844,,2265124,1614352,735920,2437108,,6661128,3384816,1471088,7021312,,32,32,32,32,,21010540,18498256,17522460,20975412
3470,1,1186,153,7,991,0,35,84940628,6925404,18412952,128,78074832,,21633392,21813852,19496360,21997024,,2163144,1645916,766316,2350028,,6559360,3416644,1498100,6938848,,32,32,32,32,,21010928,18498516,17519088,21046300
3473,1,1187,153,7,992,0,35,84989852,6883236,18376264,128,78160572,,21615124,21820148,19477184,22077396,,2199296,1631460,773040,2279440,,6600124,3402692,1505140,6868308,,32,32,32,32,,21015544,18499004,17519408,21126616
3476,1,1188,153,7,993,0,35,84706892,7213908,18715400,128,78022384,,21605400,21781416,19433424,21886652,,2213668,1689952,819320,2490968,,6614772,3462696,1554516,7083416,,32,32,32,32,,21015772,18500468,17502536,21003608
3479,1,1189,154,7,994,0,34,84591360,7228696,18824696,128,77875960,,21190640,21776396,19569468,22054856,,2616448,1650480,637708,2324060,,7018028,3447176,1440688,6918804,,32,32,32,32,,20628688,18524496,17590384,21132392
3482,1,1190,154,7,995,0,34,85060708,6517664,18383648,128,78533448,,21618932,21781484,19549604,22110688,,2198460,1747068,309272,2262864,,6599800,3494200,1431940,6857708,,32,32,32,32,,21015900,18474880,17910100,21132568
3485,2,1191,154,7,995,0,34,85070488,6505336,18459832,128,78621516,,21555564,21726792,19648084,22140048,,2261128,1798404,231436,2214368,,6662612,3546792,1440960,6809468,,32,32,32,32,,21016168,18476148,17996336,21132864
3489,1,1192,154,7,997,0,34,85030164,6878952,18393784,128,78182240,,21607440,21745604,19534600,22142520,,2191916,1799440,673744,2213852,,6594724,3548072,1437696,6813292,,32,32,32,32,,21017548,18476320,17551176,21137196
3492,1,1193,154,7,998,0,34,85046428,6886056,18411396,128,78193100,,21607564,21764152,19534308,22140404,,2209004,1778612,665540,2232900,,6612968,3532380,1432000,6834048,,32,32,32,32,,21018704,18481516,17553980,21138900
3495,1,1194,154,7,999,0,34,84194872,7732668,19264452,128,77520288,,21499552,21112372,19498408,22084540,,2310468,2436508,705708,2279984,,6714616,4194224,1474300,6881312,,32,32,32,32,,20938636,17886864,17555760,21139028
3498,1,1195,154,7,1000,0,34,84918516,6977804,18512872,128,78191772,,21636044,21692716,19504884,22084872,,2186536,1845220,671668,2274380,,6590880,3603464,1442800,6875728,,32,32,32,32,,21019080,18475344,17558304,21139044
3501,1,1196,154,7,1001,0,34,85005276,5311664,18459804,128,79815504,,21694300,21762892,19501008,22047076,,525524,1762704,692180,2331256,,6537448,3523776,1464100,6934480,,32,32,32,32,,22626752,18488776,17559100,21140876
3504,2,1197,154,7,1002,0,34,84914740,5269416,18549424,128,79947280,,21637592,21752896,19467032,22057220,,425964,1783960,729908,2329584,,6567908,3546620,1502076,6932820,,32,32,32,32,,22756744,18490356,17559344,21140836
3508,1,1198,154,7,1003,0,34,84416292,7518040,19071000,128,77821104,,21596324,21586648,19565972,21667348,,2178956,1969888,656976,2712220,,6596376,3736808,1422132,7315684,,32,32,32,32,,21032208,18412156,17552384,20824356
3511,1,1199,154,7,1004,0,34,85004092,6844076,18408020,128,78216736,,21585440,21845440,19575952,21997260,,2177780,1664108,633528,2368660,,6599388,3434984,1400504,6973144,,32,32,32,32,,21036368,18498624,17554220,21127524
3514,1,1200,155,6,1005,0,34,85060440,5541280,18349008,128,79473804,,21581400,21903512,19576836,21998692,,2182868,359916,627044,2371452,,6604640,3374132,1394072,6976164,,32,32,32,32,,21036520,19741472,17554320,21141492
3517,1,1201,155,6,1006,0,34,85324312,5393084,18355016,128,79625944,,21591672,22143920,19522896,22065824,,2139688,266288,667896,2319212,,6571392,3424184,1435224,6924216,,32,32,32,32,,21046432,19883108,17554576,21141828
3521,0,1202,155,6,1007,0,34,85312768,5474012,18364104,128,79554064,,21596004,22136172,19512600,22067992,,2140600,340148,698160,2295104,,6572900,3421624,1465652,6903928,,32,32,32,32,,21047032,19806676,17554720,21145636
3524,1,1203,155,6,1008,0,34,85194724,6672800,18238004,128,78231504,,21661316,21890684,19497976,22144748,,2078576,1630776,734948,2228500,,6511768,3389088,1499544,6837604,,32,32,32,32,,21047976,18486024,17551796,21145708
3527,0,1204,155,6,1009,0,34,84737464,6125308,18652616,128,78752592,,21222800,21887116,19487364,22140184,,2510628,1650376,714536,1249768,,6943856,3408936,1483292,6816532,,32,32,32,32,,20606744,18486232,17555964,22103652
3530,1,1205,155,6,1010,0,34,85162528,4922896,18307872,128,80051404,,21650252,21827696,19519324,22165256,,2070584,1689444,710240,452628,,6503968,3448708,1472368,6882828,,32,32,32,32,,21048184,18486892,17549324,22967004
3533,1,1206,155,6,1011,0,34,85101916,4831616,18367140,128,80201864,,21615788,21834956,19507472,22143700,,2101316,1703496,711904,314900,,6534680,3463008,1474356,6895096,,32,32,32,32,,21048108,18487100,17549656,23117000
3536,2,1207,155,6,1011,0,34,85140384,6271632,18317740,128,78712492,,21588948,21800396,19566536,22184504,,2127648,1715544,655080,1773360,,6561156,3476684,1419704,6860196,,32,32,32,32,,21048256,18488692,17551884,21623660
3540,1,1208,155,6,1013,0,34,85103948,6655124,18247556,128,78259132,,21592652,21802364,19572528,22136404,,2122412,1720436,636008,2176268,,6558440,3483308,1404116,6801692,,32,32,32,32,,21050780,18490440,17555652,21162260
3543,1,1209,155,6,1014,0,34,84639472,7118956,18717084,128,77771576,,21602348,21323324,19538004,22175796,,2103352,2205840,665252,2144512,,6543652,3969176,1434088,6770168,,32,32,32,32,,21055060,17997952,17556064,21162500
3546,1,1210,155,6,1015,0,34,85132680,6565124,18168404,128,78269720,,21596316,21772960,19573188,22190216,,2097808,1735720,604568,2127028,,6538128,3499924,1373472,6756880,,32,32,32,32,,21055064,18491768,17556176,21166712
3549,1,1211,155,6,1016,0,34,85180244,6507208,18116636,128,78275848,,21605412,21830924,19565184,22178724,,2087604,1683612,603484,2132508,,6530952,3450128,1372956,6762600,,32,32,32,32,,21058100,18494072,17556744,21166932
3552,1,1212,155,6,1017,0,34,85070584,6633160,18249004,128,78282144,,21603904,21819896,19472892,22173892,,2092052,1687108,716552,2137448,,6536568,3454148,1486764,6771524,,32,32,32,32,,21059268,18494608,17557364,21170904
3555,1,1213,154,6,1018,0,35,84654464,7022580,18643568,128,77798264,,21600676,21840364,19523088,21690336,,2093748,1670676,654344,2603812,,6538412,3442172,1425056,7237928,,32,32,32,32,,21059420,18499124,17557928,20681792
3558,1,1214,153,6,1019,0,36,84678376,7037864,18663772,128,77909368,,21599924,21750100,19307180,22021172,,2094716,1808128,872240,2262780,,6539524,3582008,1645132,6897108,,32,32,32,32,,21059560,18501404,17319768,21028636
3561,1,1215,153,6,1020,0,36,84984668,6739164,18370732,128,78155960,,21625096,21817532,19467792,22074248,,2076848,1716292,724636,2221388,,6522008,3490832,1498244,6859648,,32,32,32,32,,21059956,18502128,17503468,21090408
3564,1,1216,155,6,1021,0,34,85039328,6670296,18313708,128,78208996,,21671588,21799128,19496464,22072148,,2003400,1727460,675732,2263704,,6448528,3502144,1460112,6902924,,32,32,32,32,,21059980,18502248,17533068,21113700
3567,1,1217,155,6,1022,0,34,85182336,6398188,18147168,128,78413044,,21660400,21794872,19569920,22157144,,2017204,1731224,478768,2170992,,6462348,3507564,1367236,6810020,,32,32,32,32,,21060000,18503900,17675736,21173408
3570,1,1218,155,6,1023,0,34,85009108,6303664,18375308,128,78735692,,21608896,21854548,19510400,22035264,,2072712,1657700,262900,2310352,,6517968,3435028,1472796,6949516,,32,32,32,32,,21060056,18504992,17997164,21173480
3574,1,1219,155,6,1024,0,34,84865568,6546844,18678132,128,78411644,,21309544,21932996,19586032,22036996,,2375128,1576860,290508,2304348,,6820572,3358832,1554972,6943756,,32,32,32,32,,20751836,18509660,17976444,21173704
3577,1,1220,155,6,1025,0,34,85124300,6534580,18239720,128,78369092,,21603416,21925968,19520944,22073972,,2063064,1577828,642672,2251016,,6509476,3364880,1474848,6890516,,32,32,32,32,,21061248,18514752,17619248,21173844
3580,1,1221,155,6,1026,0,34,85065616,6561936,18271244,128,78281980,,21601980,21949388,19455864,22058384,,2060884,1549892,688140,2263020,,6507676,3337336,1522568,6903664,,32,32,32,32,,21061620,18515156,17530220,21174984
3583,1,1222,155,6,1027,0,34,85240188,6420368,18135420,128,78379044,,21613572,21935976,19503816,22186824,,2059352,1575684,644096,2141236,,6507284,3365400,1479764,6782972,,32,32,32,32,,21062760,18517392,17622716,21176176
3586,1,1223,155,6,1028,0,34,85302652,6351916,18069076,128,78381160,,21677344,21937664,19556540,22131104,,1973696,1569564,609576,2199080,,6421840,3359628,1446652,6840956,,32,32,32,32,,21063032,18517784,17624124,21176220
3589,1,1224,155,6,1029,0,34,84498248,7276760,19022816,128,77737956,,21652136,21223680,19549124,22073308,,2097828,2304152,617304,2257476,,6554312,4094548,1473860,6900096,,32,32,32,32,,21071340,17846132,17643576,21176908
3592,1,1225,155,6,1030,0,34,84931520,6861028,18610000,128,78169836,,21647572,21623548,19582892,22077508,,2108196,1893692,609152,2249988,,6567340,3684720,1464052,6893888,,32,32,32,32,,21073976,18275668,17641948,21178244
3595,1,1226,155,6,1031,0,34,84924240,6855488,18609608,128,78234016,,21612864,21661668,19578432,22071276,,2166364,1850036,589844,2249244,,6625660,3645524,1445204,6893220,,32,32,32,32,,21074124,18339216,17642400,21178276
3598,1,1227,157,6,1032,0,32,84856840,6884200,18642788,128,78119892,,21622928,21667528,19593008,21973376,,2150196,1846412,553724,2333868,,6613728,3642192,1409672,6977196,,32,32,32,32,,21078364,18350404,17642996,21048128
3601,1,1228,156,6,1033,0,33,85265532,6583216,18243948,128,78222332,,21621824,21790528,19641712,22211468,,2142752,1732060,535248,2173156,,6606308,3530080,1388964,6718596,,32,32,32,32,,21078396,18422072,17640812,21081052
3604,1,1229,156,6,1034,0,33,85347908,6477452,18136712,128,78321952,,21632312,21872296,19629360,22213940,,2121840,1623112,553412,2179088,,6587608,3421212,1403144,6724748,,32,32,32,32,,21080608,18523252,17636832,21081260
3607,1,1230,155,6,1035,0,34,85209256,6622216,18280344,128,78227984,,21623044,21845000,19562564,22178648,,2147716,1657800,607296,2209404,,6614696,3456728,1453624,6755296,,32,32,32,32,,21081816,18524032,17540632,21081504
3610,1,1231,155,6,1036,0,34,85335972,6507288,18170188,128,78325612,,21679096,21915440,19597412,22144024,,2079212,1572924,575920,2279232,,6548332,3372452,1422592,6826812,,32,32,32,32,,21084020,18524704,17633828,21083060
3613,1,1232,156,6,1037,0,33,85321208,6526852,18202120,128,78338072,,21674624,21905456,19595724,22145404,,2080632,1604856,567380,2273984,,6560636,3404792,1414892,6821800,,32,32,32,32,,21094912,18525124,17634672,21083364
3616,1,1233,156,6,1038,0,33,85334296,6487584,18165364,128,78340580,,21655192,21922588,19607988,22148528,,2101868,1564316,552364,2269036,,6581992,3366400,1400100,6816872,,32,32,32,32,,21095020,18527240,17634916,21083404
3619,1,1234,156,6,1039,0,33,84652772,7178436,18857576,128,77713128,,20992972,21924156,19594976,22140668,,2787336,1553068,584308,2253724,,7267916,3355640,1430552,6803468,,32,32,32,32,,20484788,18527736,17615292,21085312
3622,1,1235,156,6,1040,0,33,85353388,6740408,18420552,128,78023244,,21719484,21890236,19608224,22135444,,2032648,1583548,858332,2265880,,6513196,3390848,1700868,6815640,,32,32,32,32,,21095328,18532452,17310180,21085284
3625,1,1236,155,6,1041,0,34,85688116,6439068,18123332,128,78347032,,21709532,21891672,19924856,22162056,,2052628,1581508,564260,2240672,,6533324,3390244,1407080,6792684,,32,32,32,32,,21095644,18533892,17629868,21087628
3628,1,1237,155,6,1042,0,34,85634512,6494452,18182096,128,78350312,,21708800,21956484,19922576,22046652,,2041668,1552116,549764,2350904,,6522404,3363296,1393280,6903116,,32,32,32,32,,21095688,18536380,17630576,21087668
3631,1,1238,155,6,1043,0,34,85501044,6626984,18320076,128,78355592,,21634692,21945588,19877392,22043372,,2113068,1568544,594088,2351284,,6593912,3381372,1441268,6903524,,32,32,32,32,,21095704,18538020,17634176,21087692
3634,1,1239,155,6,1044,0,34,85816156,6711084,18409260,128,78078840,,21631860,22185784,19877952,22120560,,2106696,1750340,589132,2264916,,6587752,3563360,1436624,6821524,,32,32,32,32,,21095904,18256324,17634488,21092124
3637,1,1240,154,6,1045,0,35,86071280,6465620,18165992,128,78363604,,21643556,22439212,19881496,22107016,,2113596,1492148,583552,2276324,,6595608,3306108,1431308,6832968,,32,32,32,32,,21096852,18539860,17634748,21092144
3640,1,1241,154,6,1046,0,35,86067536,6428740,18137236,128,78371720,,21633296,22454448,19871548,22108244,,2119000,1463036,587072,2259632,,6601720,3277272,1439060,6819184,,32,32,32,32,,21097560,18540120,17638964,21095076
3643,1,1242,154,6,1047,0,35,85800568,6690416,18398452,128,78005696,,21646944,22445600,19868764,21839260,,2100284,1470312,616104,2503716,,6583864,3285088,1464844,7064656,,32,32,32,32,,21098420,18540664,17635728,20730884
3646,1,1243,154,6,1048,0,35,86092020,6457484,18166256,128,78335544,,21710976,22361860,19872148,22147036,,2031896,1570736,630800,2224052,,6517428,3385908,1477936,6784984,,32,32,32,32,,21100720,18504216,17634120,21096488
3649,1,1244,154,6,1049,0,35,86096208,6418292,18132344,128,78377248,,21698428,22394292,19878404,22125084,,2040584,1548116,593560,2236032,,6526536,3363860,1443100,6798848,,32,32,32,32,,21100900,18541508,17636524,21098316
3652,1,1245,154,6,1050,0,35,86139240,5255876,18185408,128,79589388,,21646828,22509452,19869928,22113032,,2099628,329508,599088,2227652,,6585600,3360032,1449284,6790492,,32,32,32,32,,21100816,19752996,17637240,21098336
3655,1,1246,154,6,1051,0,35,86046144,5397388,18407944,128,79575996,,21451704,22539584,19930752,22124104,,2286040,309028,571060,2231260,,6776232,3419356,1418064,6794292,,32,32,32,32,,21015676,19827712,17634100,21098508
3659,2,1247,154,6,1051,0,35,86224884,3383708,18287360,128,81545248,,21619532,22487500,19900472,22217380,,274524,318040,591792,2199352,,6622560,3464800,1437276,6762724,,32,32,32,32,,22962832,19863924,17619560,21098932
3664,1,1248,155,6,1053,0,34,86379340,3333284,18170568,128,81493132,,21714664,22489052,19961584,22214040,,285952,312596,535248,2199488,,6566028,3462232,1379104,6763204,,32,32,32,32,,22896156,19866784,17630908,21099284
3669,0,1249,155,6,1054,0,34,85970708,3441128,19096748,128,81549384,,21426148,22543012,19861064,22140484,,461212,386740,323836,2269340,,7349892,3407960,1502884,6836012,,32,32,32,32,,22780272,19738428,17928524,21102160
3674,0,1250,155,6,1055,0,34,86976228,3292032,18047824,128,81605736,,22355216,22551228,19929996,22139788,,348092,363396,320540,2260004,,6332060,3384584,1503280,6827900,,32,32,32,32,,22827388,19738372,17936588,21103388
3678,1,1251,155,6,1056,0,34,86971992,7286344,18085948,128,77627188,,22387848,22532112,19934356,22117676,,4189784,374320,433156,2289084,,6342352,3398140,1484360,6861096,,32,32,32,32,,18968568,19741012,17810096,21107512
3681,1,1252,155,6,1057,0,34,85420412,9978372,19433228,128,74939928,,22461360,21611860,19924780,21422412,,4118336,2305012,560212,2994812,,6274128,4148924,1442448,7567728,,32,32,32,32,,18971668,17896512,17656508,20415240
3684,1,1253,153,6,1058,0,36,86705032,8589568,18085184,128,76084008,,22467000,22065544,19972544,22199944,,4097332,1830608,461540,2200088,,6253612,3674080,1385220,6772272,,32,32,32,32,,18971704,18292076,17710640,21109588
3687,1,1254,153,6,1059,0,36,86112072,8339836,18141688,128,76484260,,22468220,22173844,19330576,22139432,,4096236,1738036,258000,2247564,,6252880,3584748,1482268,6821792,,32,32,32,32,,18971876,18389044,18011688,21111652
3691,1,1255,154,6,1059,0,35,85455212,8391712,18180116,128,76510164,,22416640,22438200,18699416,21900956,,4149220,1448132,294048,2500312,,6309536,3296524,1499272,7074784,,32,32,32,32,,18975472,18573928,17992772,20967992
3694,1,1256,154,6,1061,0,35,85776120,8583160,17868280,128,76117828,,22411348,22484092,18723884,22156796,,4145780,1425804,773076,2238500,,6306144,3274588,1474208,6813340,,32,32,32,32,,18975520,18541264,17488744,21112300
3697,1,1257,154,6,1062,0,35,85779836,8415228,17832420,128,76287096,,22410364,22504540,18722932,22142000,,4159820,1238808,757600,2259000,,6321236,3218220,1459096,6833868,,32,32,32,32,,18976548,18709112,17489108,21112328
3700,1,1258,154,6,1063,0,35,86101780,7338676,17768928,128,77293436,,22432736,22684008,18705916,22279120,,4135348,290284,798876,2114168,,6313140,3256908,1507868,6691012,,32,32,32,32,,18992932,19689404,17496640,21114460
3704,1,1259,154,6,1064,0,35,86309212,7300404,17769992,128,77332344,,22449588,22898588,18741876,22219160,,4086248,252160,788948,2173048,,6266596,3256420,1496860,6750116,,32,32,32,32,,18995536,19726584,17495632,21114592
3707,2,1260,153,6,1064,0,36,86133292,7565568,17946160,128,77243012,,22531668,22758760,18730752,22112112,,4080304,389260,789596,2306408,,6263724,3302212,1496216,6884008,,32,32,32,32,,18998512,19635188,17494264,21115048
3711,1,1261,153,6,1066,0,36,85793912,8508736,17991700,128,76347724,,22444804,22428704,18759456,22160948,,4041072,1453164,766272,2248228,,6371296,3324716,1468448,6827240,,32,32,32,32,,19145456,18595912,17489888,21116468
3715,0,1262,153,6,1067,0,36,86229820,6085232,17955832,128,78734792,,22438944,22405996,19211168,22173712,,2071088,1482020,305912,2226212,,6373528,3354932,1421768,6805604,,32,32,32,32,,21117712,18596984,17903176,21116920
3718,1,1263,153,6,1068,0,36,86150812,5982200,18066968,128,78948820,,22416412,22371420,19208704,22154276,,1965724,1518408,255340,2242728,,6408664,3396176,1439840,6822288,,32,32,32,32,,21258136,18601832,17971860,21116992
3721,2,1264,153,6,1068,0,36,86262848,5982684,17937960,128,78819184,,22408316,22425060,19209968,22219504,,1967508,1461808,367020,2186348,,6412852,3341464,1415596,6768048,,32,32,32,32,,21260476,18603704,17835816,21119188
3725,1,1265,153,6,1070,0,36,86276504,8198772,17868220,128,76533784,,22463388,22410324,19211536,22191256,,3880400,1466464,664684,2187224,,6352748,3349288,1396900,6769284,,32,32,32,32,,19287504,18606868,17519860,21119552
3729,0,1266,153,6,1071,0,36,85534016,9232116,18656568,128,75574784,,22409104,22351644,19188512,21584756,,4211860,1521980,695068,2803208,,6431068,3404228,1431656,7389616,,32,32,32,32,,19034296,18469224,17524176,20547088
3732,1,1267,153,6,1072,0,36,86212652,8052548,17966512,128,76665576,,22477404,22493840,19181816,22059592,,4137436,1372784,234000,2308328,,6357940,3255720,1455756,6897096,,32,32,32,32,,19035632,18608216,18009376,21012352
3735,1,1268,154,6,1072,0,35,86344996,8092164,17964512,128,76706932,,22458192,22447560,19296748,22142496,,4148696,1434632,277848,2230988,,6369360,3317604,1456064,6821484,,32,32,32,32,,19035792,18608164,17965756,21097220
3739,0,1269,155,6,1074,0,34,86222968,8533020,17969172,128,76299668,,22458632,22386436,19174028,22203872,,4148740,1493740,715112,2175428,,6369420,3377132,1452752,6769868,,32,32,32,32,,19035808,18608520,17525140,21130200
3742,1,1270,156,5,1075,0,34,86054156,8292324,18084892,128,76417120,,22321440,22295324,19242924,22194468,,4265880,1605072,620560,1800812,,6486828,3489036,1358752,6750276,,32,32,32,32,,18797184,18608988,17525748,21485200
3745,1,1271,156,5,1076,0,34,86245124,6649436,17920048,128,78138484,,22528652,22354812,19225704,22135956,,4068240,1527740,624620,428836,,6289348,3413292,1363496,6853912,,32,32,32,32,,19036412,18610640,17526432,22965000
3748,1,1272,156,5,1077,0,34,86018292,6762012,18149144,128,78250872,,22366708,22402832,19159300,22089452,,4240396,1478732,688900,353984,,6461612,3364640,1428484,6894408,,32,32,32,32,,19036752,18611060,17527088,23075972
3751,1,1273,156,5,1078,0,34,85885228,7930528,18266464,128,76902524,,22210844,22403404,19170104,22100876,,4386476,1491604,673556,1378892,,6610068,3379232,1414772,6862392,,32,32,32,32,,18742264,18612780,17528716,22018764
3754,1,1274,156,5,1079,0,34,86260564,8448400,17913772,128,76328872,,22474652,22521128,19126828,22137956,,4133264,1349592,717956,2247588,,6356984,3244432,1459460,6852896,,32,32,32,32,,19038948,18620116,17528948,21140860
3757,1,1275,156,5,1080,0,34,86234276,8467448,17930788,128,76310376,,22465864,22507604,19128332,22132476,,4118688,1350748,736084,2261928,,6343304,3246580,1473628,6867276,,32,32,32,32,,19039924,18621096,17508456,21140900
3760,1,1276,156,5,1081,0,34,86268688,8398204,17920772,128,76386220,,22462720,22506816,19183740,22115412,,4114820,1358000,666840,2258544,,6342488,3254220,1458836,6865228,,32,32,32,32,,19042980,18621504,17579504,21142232
3763,1,1277,156,5,1082,0,34,86274188,7972496,17936156,128,76827324,,22468412,22465816,19163820,22176140,,4112916,1390304,248392,2220884,,6342208,3291984,1473540,6828424,,32,32,32,32,,19044604,18626948,18012628,21143144
3766,1,1278,156,5,1082,0,34,86185744,8520932,18018576,128,76360832,,22463376,22441152,19171576,22109640,,4118760,1413996,726056,2262120,,6348208,3319328,1481352,6869688,,32,32,32,32,,19044752,18630528,17542376,21143176
3770,0,1279,156,5,1084,0,34,85817064,8928788,18431904,128,76012188,,22480284,22419056,19184124,21733600,,4109664,1437152,730856,2651116,,6343432,3342752,1485192,7260528,,32,32,32,32,,19049024,18630796,17541732,20790636
3773,0,1280,155,5,1085,0,35,86218200,8513552,18028604,128,76315652,,22465428,22430532,19180400,22141840,,4117240,1427608,715620,2253084,,6359516,3335648,1473620,6859820,,32,32,32,32,,19057544,18633244,17545416,21079448
3776,0,1281,155,5,1086,0,35,86251916,8540808,18012964,128,76278820,,22477744,22357712,19249896,22166564,,4110736,1494604,657252,2278216,,6353204,3408676,1415756,6835328,,32,32,32,32,,19057724,18582400,17545956,21092740
3779,0,1282,155,5,1087,0,35,86039588,8767744,18239984,128,76167448,,22481548,22176772,19227880,22153388,,4106768,1674436,700012,2286528,,6349328,3591056,1455764,6843836,,32,32,32,32,,19057736,18473528,17543220,21092964
3782,0,1283,155,5,1088,0,35,86308624,8426276,17906284,128,76239588,,22532692,22318064,19240512,22217356,,4030432,1519956,665492,2210396,,6275776,3439816,1422852,6767840,,32,32,32,32,,19060652,18540972,17544848,21093116
3785,0,1284,155,5,1089,0,35,86366628,8381752,17866748,128,76348460,,22534904,22418300,19244728,22168696,,4038328,1424508,655552,2263364,,6285468,3344924,1415288,6821068,,32,32,32,32,,19062412,18645560,17547196,21093292
3787,1,1285,156,5,1090,0,34,85793752,9025684,18523304,128,75849640,,21978912,22451988,19192216,22170636,,4617496,1437660,696732,2273796,,6871184,3361688,1456756,6833676,,32,32,32,32,,18582280,18624416,17547460,21095484
3790,1,1286,156,5,1091,0,34,86127220,8655640,18159548,128,76157216,,22301964,22481864,19180312,22163080,,4292384,1385384,699752,2278120,,6547092,3309684,1460440,6842332,,32,32,32,32,,18859776,18649528,17548104,21099808
3793,1,1287,156,5,1092,0,34,86056064,8691432,18205840,128,76078260,,22350944,22478928,19181544,22044648,,4215900,1391216,701192,2383124,,6473012,3320200,1462724,6949904,,32,32,32,32,,18920068,18654200,17548960,20955032
3796,1,1288,156,5,1093,0,34,86355820,8371636,17889588,128,76381448,,22547288,22479044,19183600,22145888,,4001392,1384716,695476,2290052,,6260816,3313788,1457528,6857456,,32,32,32,32,,19074740,18654316,17549476,21102916
3799,1,1289,157,5,1094,0,33,86354760,7317488,17898504,128,77444512,,22528920,22360280,19255468,22210092,,2948688,1503620,658244,2206936,,6268180,3434568,1418592,6777164,,32,32,32,32,,20134860,18656044,17547848,21105760
3802,1,1290,157,5,1095,0,33,86379660,4734704,18120540,128,80060156,,22580312,22369928,19255412,22174008,,301552,1497560,658772,2276820,,6426504,3429156,1415636,6849244,,32,32,32,32,,22751164,18656712,17544344,21107936
3805,2,1291,157,5,1096,0,33,86113068,4812124,18260360,128,79878892,,22426900,22536032,18998688,22151448,,346112,1310388,889288,2266336,,6505964,3246228,1662456,6845712,,32,32,32,32,,22776284,18661104,17326616,21114888
3818,1,1292,156,5,1097,0,34,86242396,7190624,18180724,128,77530076,,22457132,22534304,19244076,22006884,,2797312,1299680,669200,2424432,,6500864,3236672,1439376,7003812,,32,32,32,32,,20320420,18662264,17511784,21035608
3821,1,1293,155,5,1098,0,35,86027200,8883408,18403720,128,75788652,,22465504,22166920,19232500,22162276,,4265236,1687052,675652,2255468,,6499992,3624568,1440760,6838400,,32,32,32,32,,18852756,18266364,17552452,21117080
3824,1,1294,156,5,1099,0,34,86479848,8400196,17922056,128,76186656,,22496220,22544496,19223500,22215632,,4215300,1311824,676560,2196512,,6450128,3249692,1442476,6779760,,32,32,32,32,,18852868,18663108,17553260,21117420
3827,1,1295,156,5,1100,0,34,86286864,8617972,18145644,128,76091496,,22494884,22396488,19226284,22169208,,4265844,1462372,658180,2231576,,6503184,3401348,1426312,6814800,,32,32,32,32,,18855380,18563284,17555488,21117344
3830,1,1296,156,5,1101,0,34,86206580,8697840,18233716,128,76172080,,22483468,22382332,19209868,22130912,,4283520,1475180,677448,2261692,,6521176,3418900,1446644,6846996,,32,32,32,32,,18855696,18640408,17556536,21119440
3833,1,1297,158,5,1102,0,32,85900556,9026168,18560816,128,75727844,,22145700,22296632,19239500,22218724,,4622356,1554640,677296,2171876,,6860336,3499056,1444400,6757024,,32,32,32,32,,18518352,18535632,17554464,21119396
3836,1,1298,157,5,1103,0,33,86333752,8564652,18104520,128,76115784,,22419800,22453092,19275112,22185748,,4348216,1387612,620668,2208156,,6586380,3337528,1387120,6793492,,32,32,32,32,,18769740,18672712,17553804,21119528
3839,1,1299,156,5,1104,0,34,86119604,8753064,18293588,128,75930524,,22482096,22141440,19259920,22236148,,4276904,1693316,631256,2151588,,6515076,3643172,1398128,6737212,,32,32,32,32,,18840292,18416160,17554212,21119860
3842,1,1300,156,5,1105,0,34,86313784,8601100,18149200,128,76034092,,22397424,22470012,19278468,22167880,,4370676,1367520,629936,2232968,,6609020,3321480,1400120,6818580,,32,32,32,32,,18679576,18677204,17557520,21119792
3845,1,1301,156,5,1106,0,34,86434636,8445684,17994560,128,76211984,,22555556,22533824,19230980,22114276,,4210944,1298252,654012,2282476,,6449432,3252512,1424348,6868268,,32,32,32,32,,18856864,18677596,17557608,21119916
3848,1,1302,156,5,1107,0,34,86348144,8520920,18073840,128,76215888,,22493160,22509596,19199832,22145556,,4272152,1326880,658480,2263408,,6511832,3282068,1430664,6849276,,32,32,32,32,,18857896,18678484,17559464,21120044
3851,1,1303,156,5,1108,0,34,86441440,8410400,17968760,128,76221336,,22491964,22530328,19233800,22185348,,4281028,1302228,624888,2202256,,6524056,3257840,1397276,6789588,,32,32,32,32,,18861236,18678904,17559748,21121448
3854,1,1304,156,5,1109,0,34,86187268,8740692,18302308,128,75978900,,22493980,22476708,19232528,21984052,,4276492,1356596,654960,2452644,,6519680,3312460,1430440,7039728,,32,32,32,32,,18861404,18679136,17562852,20875508
3857,1,1305,155,5,1110,0,35,86410096,8543580,18106632,128,76227108,,22489496,22411396,19297132,22212072,,4269576,1489356,567268,2217380,,6512800,3445488,1343848,6804496,,32,32,32,32,,18861476,18679260,17564016,21122356
3860,1,1306,155,5,1111,0,35,86457392,8469780,18047040,128,76241256,,22561304,22409148,19279200,22207740,,4203060,1477316,567464,2221940,,6450648,3433924,1351512,6810956,,32,32,32,32,,18865828,18679700,17571464,21124264
3863,1,1307,155,5,1112,0,35,86465760,8473296,18053540,128,76244268,,22524292,22457792,19276780,22206896,,4210296,1437004,610752,2215244,,6457960,3394212,1395040,6806328,,32,32,32,32,,18865844,18680348,17571752,21126324
3866,1,1308,156,5,1113,0,34,86268152,8666140,18248980,128,76160520,,22528288,22461580,19187664,22090620,,4235852,1421508,678704,2330076,,6483688,3380196,1463724,6921372,,32,32,32,32,,18866020,18681820,17538828,21073852
3869,1,1309,156,5,1114,0,34,86308032,8605340,18205928,128,76212260,,22504868,22499400,19232292,22071472,,4262920,1361724,629144,2351552,,6512856,3320756,1429484,6942832,,32,32,32,32,,18868072,18682224,17587664,21074300
3872,1,1310,156,5,1115,0,34,86418188,8180096,18119716,128,76603428,,22473772,22559780,19227484,22157152,,4308580,1311784,300308,2259424,,6558568,3272552,1433548,6855048,,32,32,32,32,,18868092,18684016,17920500,21130820
3875,2,1311,155,5,1116,0,35,85827792,8611544,18875404,128,76170188,,22235624,22322736,19136404,22133028,,4529940,1536056,238356,2307192,,6782040,3496632,1693672,6903060,,32,32,32,32,,18613700,18423952,18001472,21131064
3879,1,1312,154,5,1117,0,36,86174588,8733112,18374804,128,76049224,,22415832,22347104,19256300,22155352,,4339324,1528396,600972,2264420,,6592584,3489580,1429660,6862980,,32,32,32,32,,18801756,18498116,17615592,21133760
3882,1,1313,155,5,1118,0,35,86509748,8390916,18032188,128,76272488,,22462824,22596496,19245048,22205380,,4301424,1242916,631624,2214952,,6556024,3204468,1456816,6814880,,32,32,32,32,,18840060,18684864,17612392,21135172
3885,1,1314,156,5,1119,0,34,86551608,8355704,18002196,128,76310228,,22570960,22593572,19239988,22147088,,4189224,1260092,623784,2282604,,6444032,3221992,1453464,6882708,,32,32,32,32,,18872824,18685240,17616852,21135312
3888,1,1315,156,5,1120,0,34,86059632,8183572,18521156,128,76763016,,22163360,22497472,19253256,22145544,,3922760,1353100,615924,2291788,,6864956,3316704,1447572,6891924,,32,32,32,32,,19365552,18643320,17618800,21135344
3891,1,1316,157,5,1121,0,33,86369340,6379836,18191912,128,78439548,,22514512,22456048,19242056,22156724,,2060468,1415272,613244,2290852,,6471856,3379248,1447824,6892984,,32,32,32,32,,21029592,18650864,17621756,21137336
3894,2,1317,157,5,1122,0,33,86286392,6363040,18278900,128,78546548,,22489568,22421664,19165996,22209164,,1971064,1443796,704052,2244128,,6481240,3411524,1539532,6846604,,32,32,32,32,,21128428,18657988,17622448,21137684
3899,0,1318,157,5,1123,0,33,86478944,8384004,18067732,128,76319860,,22483328,22424672,19309752,22261192,,4196100,1433480,572652,2181772,,6481236,3401560,1400588,6784348,,32,32,32,32,,18903380,18663468,17615172,21137840
3902,0,1319,157,5,1124,0,33,86257148,8600740,18288276,128,76174528,,22494728,22438244,19283756,22040420,,4198564,1428552,590640,2382984,,6483908,3398412,1420192,6985764,,32,32,32,32,,18903632,18673668,17616700,20980528
3904,1,1320,157,5,1125,0,33,86448468,8288276,18049060,128,76402528,,22477476,22547368,19261332,22162292,,4216012,1210928,601736,2259600,,6501720,3253348,1431604,6862388,,32,32,32,32,,18904008,18764152,17616984,21117384
3907,1,1321,157,5,1126,0,33,86712296,7407668,18003052,128,77255312,,22502620,22763784,19259876,22186016,,4201328,363932,608984,2233424,,6488332,3236068,1440156,6838496,,32,32,32,32,,18905052,19591624,17618336,21140300
3910,2,1322,157,5,1127,0,33,86520396,7391568,18050980,128,77318440,,22500668,22570952,19255292,22193484,,4206060,354952,604384,2226172,,6488076,3291796,1435896,6835212,,32,32,32,32,,18900212,19655308,17618656,21144264
3914,1,1323,157,5,1128,0,33,86479564,8443196,18038592,128,76257664,,22481616,22483884,19304596,22209468,,4306248,1365008,572416,2199524,,6497500,3331704,1400784,6808604,,32,32,32,32,,18809464,18688312,17615580,21144308
3917,1,1324,157,5,1129,0,33,86501360,8368284,17969716,128,76262472,,22582224,22421604,19293768,22203764,,4174144,1430264,571396,2192480,,6367632,3397292,1401816,6802976,,32,32,32,32,,18811708,18688536,17617596,21144632
3920,1,1325,157,5,1130,0,33,85675580,9228428,18836496,128,75596244,,22480368,22389772,18969900,21835540,,4289656,1478008,893336,2567428,,6483500,3445472,1724632,7182892,,32,32,32,32,,18760728,18688996,17329484,20817036
3923,1,1326,155,5,1131,0,35,85926188,8952812,18559984,128,75656860,,22297628,22466772,19072788,22089000,,4464324,1380932,802936,2304620,,6658348,3348952,1632496,6920188,,32,32,32,32,,18487840,18689604,17435324,21044092
3926,1,1327,155,5,1132,0,35,86477316,8429912,18037760,128,76233520,,22610412,22431728,19248760,22186416,,4141160,1428828,661304,2198620,,6335352,3400408,1487652,6814348,,32,32,32,32,,18812556,18656632,17613512,21150820
3929,1,1328,155,5,1133,0,35,86594956,8273696,17885976,128,76274624,,22611508,22580352,19222888,22180208,,4139024,1292684,654108,2187880,,6333232,3264328,1484776,6803640,,32,32,32,32,,18812576,18693344,17617848,21150856
3932,1,1329,155,5,1134,0,35,86424588,8524900,18095856,128,76154344,,22403216,22591076,19263308,22166988,,4362796,1331588,627000,2203516,,6559108,3257840,1459396,6819512,,32,32,32,32,,18735696,18648008,17619552,21151088
3935,1,1330,158,5,1135,0,32,86544316,8466796,18035916,128,76228720,,22522776,22576144,19289392,22156004,,4311720,1328636,619524,2206916,,6511176,3255488,1446104,6823148,,32,32,32,32,,18815040,18648552,17613804,21151324
3938,1,1331,158,5,1136,0,32,86668680,8124324,17891304,128,76426424,,22523140,22587468,19324616,22233456,,4109740,1311052,572340,2131192,,6506700,3241084,1395976,6747544,,32,32,32,32,,19012292,18651740,17610848,21151544
3941,1,1332,158,5,1137,0,32,86607036,6165992,17966764,128,78460536,,22531624,22573372,19263756,22238284,,2064268,1330812,636904,2134008,,6492064,3261256,1461200,6752244,,32,32,32,32,,21043220,18652152,17611792,21153372
3945,2,1333,158,5,1137,0,32,86616228,4552404,18033424,128,80144652,,22564172,22592536,19273404,22186116,,368884,1310456,629736,2243328,,6476576,3241328,1453740,6861780,,32,32,32,32,,22727372,18652584,17611148,21153548
3949,1,1334,158,5,1139,0,32,86693808,4723768,18029648,128,80127692,,22761804,22484560,19275876,22171568,,439320,1418024,603200,2263224,,6367456,3349284,1429536,6883372,,32,32,32,32,,22717568,18641336,17613536,21155252
3952,2,1335,158,5,1140,0,32,86331880,4618000,18250376,128,80272080,,22399480,22420912,19270196,22241292,,322076,1509548,595976,2190400,,6563392,3441480,1434648,6810856,,32,32,32,32,,22848664,18641968,17625852,21155596
3956,2,1336,158,5,1140,0,32,86293008,4650204,18262716,128,80252224,,22378996,22415736,19269240,22229036,,350296,1505352,598376,2196180,,6569424,3438800,1437636,6816856,,32,32,32,32,,22826212,18643772,17626424,21155816
3960,2,1337,158,5,1141,0,32,86089352,9241340,18451040,128,75515216,,22373712,22528872,18941840,22244928,,4750644,1409560,918440,2162696,,6559072,3345052,1761236,6785680,,32,32,32,32,,18419768,18657088,17280228,21158132
3964,1,1338,157,5,1143,0,33,86735692,8125232,17971860,128,76503280,,22382412,22815932,19304556,22232792,,5066700,334716,535548,2188268,,6543524,3238168,1378772,6811396,,32,32,32,32,,18090452,19624100,17630456,21158272
3967,1,1339,158,5,1144,0,32,85957008,8641384,18555696,128,76009784,,22184000,22622752,19292416,21857840,,5261732,279208,543884,2556560,,6739880,3248504,1387440,7179872,,32,32,32,32,,17836088,19687688,17630816,20855192
3971,0,1340,158,5,1145,0,32,86461000,9157680,18039752,128,75436252,,22438856,22576060,19290356,22155728,,5000352,1346368,554920,2256040,,6479788,3275688,1399044,6885232,,32,32,32,32,,18083920,18650720,17631368,21070244
3974,0,1341,158,5,1146,0,32,86498376,9195864,18088104,128,75549368,,22431528,22526712,19345104,22195032,,4998040,1413068,565464,2219292,,6479540,3347208,1412696,6848660,,32,32,32,32,,18095164,18655280,17634444,21164480
3977,0,1342,158,5,1147,0,32,86509976,9173972,18078200,128,75561624,,22430092,22472016,19349392,22258476,,5019960,1453380,543800,2156832,,6501624,3389372,1398668,6788536,,32,32,32,32,,18095332,18657368,17642060,21166864
3980,0,1343,158,5,1148,0,32,86550964,9128128,18036936,128,75566272,,22494440,22477312,19321560,22257652,,4941240,1461284,565136,2160468,,6422980,3398028,1422036,6793892,,32,32,32,32,,18095460,18658128,17644092,21168592
3983,0,1344,158,5,1149,0,32,86467900,9215628,18131568,128,75573328,,22510352,22521036,19285096,22151416,,4928808,1400988,613024,2272808,,6414824,3338172,1470320,6908252,,32,32,32,32,,18099772,18658584,17644432,21170540
3986,0,1345,158,5,1150,0,32,86543512,5407160,18018868,128,79269176,,22492544,22575824,19273160,22201984,,1245888,1317892,624596,2218784,,6423300,3256528,1484548,6854492,,32,32,32,32,,21791276,18660088,17647000,21170812
3989,2,1346,158,5,1150,0,32,86118980,4984976,18467940,128,79767944,,22447924,22292156,19235272,22143628,,447828,1592908,676680,2267560,,6489240,3533480,1541916,6903304,,32,32,32,32,,22653388,18291528,17652228,21170800
3993,2,1347,157,5,1152,0,33,86497196,4566184,18051056,128,80071924,,22424564,22569516,19312132,22190984,,463392,1292820,607128,2202844,,6504820,3233852,1473528,6838856,,32,32,32,32,,22653356,18593976,17653480,21171112
3997,1,1348,157,5,1153,0,33,86625336,8920188,17921908,128,75626776,,22412180,22625272,19353140,22234744,,4970648,1256164,537524,2155852,,6526040,3199448,1404264,6792156,,32,32,32,32,,18168804,18632660,17653848,21171464
4000,1,1349,158,5,1154,0,32,86661404,8951060,17958020,128,75647504,,22426248,22623416,19347812,22263928,,4964688,1259824,586932,2139616,,6520944,3203516,1456092,6777468,,32,32,32,32,,18169668,18648528,17656288,21173020
4003,1,1350,158,5,1155,0,32,86648624,8919840,17935976,128,75661788,,22451068,22623008,19345044,22229504,,4944204,1260600,554744,2160292,,6501988,3204880,1430572,6798536,,32,32,32,32,,18171192,18654248,17662940,21173408
4006,1,1351,158,5,1156,0,32,86413152,9126568,18142912,128,75479192,,22513920,22570128,19298100,22031004,,4848012,1316436,595768,2366352,,6406008,3260908,1472288,7003708,,32,32,32,32,,18171460,18647468,17663588,20996676
4009,1,1352,157,5,1157,0,33,86298816,9269332,18291436,128,75566764,,22420980,22481504,19185016,22211316,,4967752,1412228,717152,2172200,,6525960,3357124,1596204,6812148,,32,32,32,32,,18171624,18651940,17567784,21175416
4012,1,1353,157,5,1158,0,33,86476116,9079356,18104912,128,75667460,,22471980,22465932,19261172,22277032,,4897920,1428548,647764,2105124,,6456276,3376112,1527156,6745368,,32,32,32,32,,18171752,18658776,17661180,21175752
4015,1,1354,157,5,1159,0,33,86302196,9285592,18316832,128,75572184,,22480944,22462560,19270976,22087716,,4885868,1424524,654548,2320652,,6444244,3377640,1534108,6960840,,32,32,32,32,,18171788,18673468,17666660,21060268
4018,1,1355,157,5,1160,0,33,85987744,9538784,18574484,128,75203640,,22134364,22310728,19293444,22249208,,5218196,1568536,619096,2132956,,6776744,3524456,1499844,6773440,,32,32,32,32,,17829620,18530196,17667908,21175916
4021,1,1356,157,5,1161,0,33,86530420,8958564,18068104,128,75701972,,22363560,22603828,19323832,22239200,,5003308,1296084,523936,2135236,,6564072,3255624,1472496,6775912,,32,32,32,32,,18110192,18680016,17735696,21176068
4024,1,1357,157,5,1162,0,33,86447160,8573088,17905088,128,76003840,,22448412,22660664,19112364,22225720,,4911884,1225284,303176,2132744,,6475324,3185512,1470796,6773456,,32,32,32,32,,18174424,18680760,17972552,21176104
4027,1,1358,159,5,1163,0,31,86164820,8627196,18057920,128,76062608,,22359268,22600976,18990040,22214536,,4964444,1284112,233524,2145116,,6533220,3249288,1487300,6788112,,32,32,32,32,,18151288,18685692,18047248,21178380
4030,1,1359,159,5,1164,0,31,86173120,9047592,18107984,128,75721300,,22433596,22554080,18998360,22187084,,4616192,1361964,886820,2182616,,6444580,3327752,1508120,6827532,,32,32,32,32,,18439428,18686208,17415372,21180292
4034,0,1360,159,5,1165,0,31,86166052,7070132,18142160,128,77730948,,22495692,22494808,19038204,22137348,,2569048,1417680,833516,2249888,,6379416,3386016,1477624,6899104,,32,32,32,32,,20421396,18688448,17436588,21184516
4037,1,1361,159,5,1165,0,31,86281700,9117124,18013460,128,75552072,,22543808,22489324,19025312,22223256,,4717856,1433568,817752,2147948,,6332636,3402192,1481352,6797280,,32,32,32,32,,18225860,18688936,17452580,21184696
4041,1,1362,159,5,1167,0,31,86346064,9019128,17922956,128,75559028,,22533424,22557600,19065644,22189396,,4714308,1366468,773856,2164496,,6329228,3335624,1440356,6817748,,32,32,32,32,,18226000,18689544,17454864,21188620
4044,1,1363,159,5,1168,0,31,86248904,9095960,18005308,128,75564000,,22517920,22546808,19050932,22133244,,4736536,1371124,766532,2221768,,6351472,3340576,1438268,6874992,,32,32,32,32,,18226012,18689832,17459660,21188496
4047,1,1364,159,5,1169,0,31,86346372,9031792,17944588,128,75567668,,22518288,22582224,19052496,22193364,,4747940,1346516,774236,2163100,,6363036,3317516,1447436,6816600,,32,32,32,32,,18226168,18691424,17461256,21188820
4050,1,1365,159,5,1170,0,31,86344936,8986564,17902676,128,75571000,,22465784,22646428,19054656,22178068,,4814528,1247696,763916,2160424,,6429732,3220316,1438672,6813956,,32,32,32,32,,18226228,18693116,17462804,21188852
4054,1,1366,156,5,1171,0,34,86195896,9621288,18536924,128,74919372,,22446220,22498988,19023940,22226748,,4826328,1396204,1222344,2176412,,6441556,3369872,1895260,6830236,,32,32,32,32,,18226196,18535660,16986852,21170664
4057,1,1367,157,5,1172,0,33,86673280,9186816,18104888,128,75394640,,22449672,22614244,19406080,22203284,,4891680,1256480,835544,2203112,,6507348,3230964,1509428,6857148,,32,32,32,32,,18226636,18654744,17323884,21189376
4060,1,1368,157,5,1173,0,33,86876132,8982416,17907340,128,75555780,,22460748,22629164,19550316,22235904,,4879968,1258252,680500,2163696,,6496516,3233156,1358252,6819416,,32,32,32,32,,18227520,18670640,17466532,21191088
4063,1,1369,157,5,1174,0,33,86552740,9329152,18301292,128,75257424,,22165340,22624868,19525840,22236692,,5172836,1256292,736472,2163552,,6790660,3231964,1459072,6819596,,32,32,32,32,,17879808,18688880,17497324,21191412
4066,1,1370,156,5,1175,0,34,86836348,9051428,18023520,128,75627504,,22564112,22519396,19571888,22180952,,4754124,1364368,695644,2237292,,6372056,3340084,1417856,6893524,,32,32,32,32,,18228828,18696064,17511048,21191564
4069,1,1371,157,5,1176,0,33,86743948,9101452,18138708,128,75692700,,22500172,22491304,19516192,22236280,,4832364,1396780,691708,2180600,,6450448,3374964,1474924,6838372,,32,32,32,32,,18229184,18698484,17571884,21193148
4072,2,1372,157,5,1176,0,33,88171336,8851852,18388444,128,76190128,,22339320,22489772,21115592,22226652,,5022972,1413608,233276,2181996,,6641080,3393212,1513920,6840232,,32,32,32,32,,18228792,18699940,18067776,21193620
4076,1,1373,157,5,1177,0,33,88329116,9184196,18174568,128,75644632,,22447884,22493248,21162196,22225788,,4890444,1399584,714212,2179956,,6508808,3385512,1441836,6838412,,32,32,32,32,,18229368,18705508,17515912,21193844
4080,0,1374,157,5,1179,0,33,88511228,8980276,17981616,128,75655868,,22509160,22587784,21155252,22259032,,4823364,1290404,718784,2147724,,6446340,3279520,1449468,6806288,,32,32,32,32,,18234040,18708764,17519060,21194004
4083,1,1375,157,5,1180,0,33,88531320,8949224,17956076,128,75661412,,22504620,22671156,21132052,22223492,,4839952,1191324,740096,2177852,,6465368,3181744,1472296,6836668,,32,32,32,32,,18236472,18710220,17520528,21194192
4086,1,1376,157,5,1181,0,33,88530308,8912008,17920544,128,75663016,,22485816,22613704,21206056,22224732,,4846516,1229496,662072,2173924,,6472104,3220816,1394656,6832968,,32,32,32,32,,18236648,18711024,17520924,21194420
4089,1,1377,157,5,1182,0,33,88490244,8830864,17982040,128,75805720,,22475180,22612600,21191448,22211016,,4859184,1152472,641896,2177312,,6487320,3234256,1424084,6836380,,32,32,32,32,,18239200,18801472,17570600,21194448
4092,1,1378,157,5,1183,0,33,88437392,8909272,18125092,128,75870068,,22505312,22566576,21183924,22181580,,4832664,1200596,643608,2232404,,6464368,3286756,1478584,6895384,,32,32,32,32,,18242756,18805796,17623212,21198304
4095,1,1379,157,5,1184,0,33,88481700,8855436,18077340,128,75876164,,22505644,22506940,21235044,22234072,,4830388,1291284,571920,2161844,,6464164,3380184,1407872,6825120,,32,32,32,32,,18244828,18808436,17624264,21198636
4099,1,1380,157,5,1185,0,33,87643676,9693756,18928032,128,75036968,,22542672,22284024,21017412,21799568,,4801828,1501264,787536,2603128,,6439904,3594212,1625856,7268060,,32,32,32,32,,18249136,18573228,17380132,20834472
4102,1,1381,157,5,1186,0,33,88346688,8993484,18237700,128,75646436,,22589480,22586076,21054036,22117096,,4747924,1226644,750448,2268468,,6386064,3320136,1589788,6941712,,32,32,32,32,,18249232,18813628,17465836,21117740
4105,1,1382,157,5,1187,0,33,88424556,8919992,18168308,128,75746352,,22501184,22656440,21086080,22180852,,4826356,1149472,744048,2200116,,6464644,3246404,1583828,6873432,,32,32,32,32,,18249368,18817112,17502328,21177544
4108,1,1383,157,5,1188,0,33,88250172,8353596,18321784,128,76246724,,22265312,22695452,21098756,22190652,,5057704,1095568,711844,1488480,,6697952,3192904,1552136,6878792,,32,32,32,32,,17981048,18817584,17522412,21925680
4111,1,1384,157,5,1189,0,33,88651400,7017828,18094144,128,77581316,,22416028,22668180,21164836,22402356,,4916320,1120344,682332,298832,,6556588,3219908,1524696,6792952,,32,32,32,32,,18158176,18796936,17575892,23050312
4114,1,1385,157,5,1190,0,33,88588104,6808856,18002840,128,77816332,,22463984,22690496,21218836,22214788,,4845388,1088784,613276,261408,,6485876,3188684,1455864,6872416,,32,32,32,32,,18219376,18820164,17630468,23146324
4117,1,1386,158,5,1191,0,32,88637276,6861200,17926020,128,77696360,,22459420,22694460,21271788,22211608,,4846196,1089024,542276,383704,,6488968,3189908,1387612,6859532,,32,32,32,32,,18231064,18821196,17632948,23011152
4120,1,1387,158,5,1192,0,32,88774328,8537880,17831228,128,75946464,,22517680,22707724,21279380,22269544,,4789052,1089160,540312,2119356,,6432148,3195800,1406876,6796404,,32,32,32,32,,18252864,18826896,17654292,21212412
4123,1,1388,158,5,1193,0,32,88643068,8493072,17916592,128,76076516,,22474476,22699632,21240708,22228252,,4692304,1083192,563940,2153636,,6460468,3190244,1435708,6830172,,32,32,32,32,,18377884,18827304,17659456,21211872
4126,1,1389,158,5,1194,0,32,88592556,8115992,17949112,128,76486104,,22573104,22605084,21193904,22220464,,4136032,1181760,609200,2189000,,6360644,3288988,1485568,6813912,,32,32,32,32,,18834472,18827416,17664000,21160216
4129,1,1390,158,5,1195,0,32,88504416,7529080,18055808,128,77179636,,22520220,22541968,21208548,22233680,,3509684,1260564,588888,2169944,,6420836,3368144,1470340,6796488,,32,32,32,32,,19520964,18827696,17669120,21161856
4133,1,1391,158,5,1196,0,32,88522348,6634244,18073396,128,78092028,,22516028,22546380,21183580,22276360,,2609720,1257192,636296,2131036,,6421180,3365504,1526872,6759840,,32,32,32,32,,20421244,18828424,17678200,21164160
4136,1,1392,158,5,1197,0,32,88586004,6435764,17999332,128,78216528,,22488636,22536152,21263812,22297404,,2513904,1279916,534520,2107424,,6447132,3389628,1425824,6736748,,32,32,32,32,,20542984,18829820,17679040,21164684
4139,1,1393,158,5,1198,0,32,88297592,8934904,18259964,128,75622648,,22489688,22231892,21246844,22329168,,4751976,1576668,532068,2074192,,6443952,3688856,1423852,6703304,,32,32,32,32,,18301724,18476876,17679516,21164532
4142,1,1394,157,5,1199,0,33,88389092,8806288,18134480,128,75574384,,22551548,22697704,20986732,22153108,,4677168,1089492,802156,2237472,,6369044,3203028,1695580,6866828,,32,32,32,32,,18301680,18834576,17417352,21020776
4145,1,1395,158,5,1200,0,32,88763224,7804556,17853984,128,76684656,,22489096,22770012,21243292,22260824,,4762828,310588,612248,2118892,,6454732,3144992,1505976,6748284,,32,32,32,32,,18301712,19554308,17681644,21146992
4148,1,1396,158,5,1201,0,32,88910812,7785388,17976912,128,76838068,,22495288,22943932,21229104,22242488,,4749672,272264,630768,2132684,,6444440,3245284,1524872,6762316,,32,32,32,32,,18304516,19690296,17682020,21161236
4151,2,1397,158,5,1201,0,32,88402056,8254056,18416596,128,76364956,,22007468,22853536,21267596,22273456,,5228748,363992,568520,2092796,,6924924,3291048,1476260,6724364,,32,32,32,32,,17857972,19644420,17695576,21166988
4155,1,1398,157,5,1203,0,33,88671300,7335916,18027300,128,77344704,,22556180,22547196,21302492,22265432,,4652032,1223452,596680,863752,,6348568,3385552,1505212,6787968,,32,32,32,32,,18306280,18882612,17696152,22459660
4158,2,1399,157,5,1203,0,33,88787532,6610180,17939748,128,77982908,,22614068,22625768,21332828,22214868,,4595784,1116812,556632,340952,,6296620,3279356,1467684,6896088,,32,32,32,32,,18310732,18883052,17698648,23090476
4162,2,1400,157,5,1205,0,33,88781768,5533980,17981000,128,79096868,,22578460,22718132,21310108,22175068,,4631104,301840,254532,346504,,6331976,3228996,1514064,6905964,,32,32,32,32,,18310760,19645736,18045572,23094800
4166,1,1401,157,5,1205,0,33,89111728,7579632,17994344,128,77063176,,22517104,23001748,21356748,22236128,,4710908,364556,327128,2177040,,6414020,3197244,1544928,6838152,,32,32,32,32,,18312976,19550012,18003708,21196480
4170,1,1402,157,5,1206,0,33,88841812,7913284,18220944,128,76622744,,22540476,23046396,21012564,22242376,,4655760,282028,801860,2173636,,6361052,3134224,1885264,6840404,,32,32,32,32,,18314904,19569168,17536608,21202064
4173,2,1403,156,5,1208,0,34,88701464,8493304,17954832,128,76010364,,22538900,22750152,21219792,22192620,,4632688,1007960,630176,2222480,,6337996,3146424,1577332,6893080,,32,32,32,32,,18315152,18858848,17630456,21205908
4177,1,1404,157,5,1209,0,33,88886908,8435012,17892204,128,76109248,,22510924,22765684,21375648,22234652,,4739756,983052,516716,2195488,,6446096,3122360,1456236,6867512,,32,32,32,32,,18316180,18859664,17727092,21206312
4180,1,1405,157,5,1210,0,33,88905936,8391764,17851792,128,76111944,,22524032,22740660,21322796,22318448,,4743100,995764,559736,2093164,,6452480,3135640,1495484,6768188,,32,32,32,32,,18319212,18860236,17723284,21209212
4183,1,1406,157,5,1211,0,33,88887468,8402956,17867148,128,76116092,,22523764,22747392,21312364,22303948,,4738348,992704,569792,2102112,,6448524,3132844,1508452,6777328,,32,32,32,32,,18320012,18860508,17726204,21209368
4187,0,1407,157,5,1212,0,33,88303652,8985968,18460428,128,75699560,,22543928,22150140,21312184,22297400,,4719972,1612388,552000,2101608,,6434408,3754760,1491372,6779888,,32,32,32,32,,18324268,18435956,17726904,21212432
4190,1,1408,157,5,1213,0,33,88223036,9138704,18614404,128,75700860,,22533616,22067904,21322508,22299008,,4739624,1732472,566072,2100536,,6454188,3875212,1504472,6780532,,32,32,32,32,,18324420,18436324,17725968,21214148
4193,0,1409,157,5,1214,0,33,87663844,9688196,19170864,128,75097820,,22527684,22086676,21315012,21734472,,4744284,1732336,551724,2659852,,6460692,3879736,1490608,7339828,,32,32,32,32,,18326288,18441016,17726480,20604036
4196,0,1410,156,5,1215,0,34,88370172,8980216,18462996,128,75709856,,22526940,22098872,21383428,22360932,,4737304,1717800,487912,2037200,,6453908,3866748,1425116,6717224,,32,32,32,32,,18326440,18442756,17724740,21215920
4199,0,1411,156,5,1216,0,34,88053368,9275096,18763236,128,75488160,,22019536,22394156,21316448,22323228,,5266456,1390080,538596,2079964,,6983104,3541512,1476244,6762376,,32,32,32,32,,17871148,18673240,17725040,21218732
4202,1,1412,156,5,1217,0,34,88667228,8643484,18139196,128,75948248,,22309108,22728148,21336048,22293924,,4959072,1039768,538324,2106320,,6676012,3193184,1477852,6792148,,32,32,32,32,,18125260,18873904,17726916,21222168
4205,0,1413,156,5,1218,0,34,88600128,8757556,18253920,128,76021672,,22326828,22663684,21342924,22266692,,4960172,1115776,569696,2111912,,6677224,3269632,1509284,6797780,,32,32,32,32,,18198276,18874196,17727004,21222196
4208,0,1414,157,5,1219,0,33,88673716,7838720,18212744,128,76909396,,22365196,22703096,21334808,22270616,,4920832,263124,544324,2110440,,6640384,3291388,1484436,6796536,,32,32,32,32,,18211648,19747760,17727556,21222432
4211,0,1415,157,5,1220,0,33,89159676,7665940,17996380,128,76979996,,22578776,22946400,21328176,22306324,,4682900,330808,554148,2098084,,6403792,3307840,1494756,6789992,,32,32,32,32,,18329520,19694172,17728056,21228248
4214,1,1416,157,5,1220,0,33,89146540,7542600,17956836,128,77063724,,22645868,22835236,21381644,22283792,,4608488,316464,519048,2098600,,6329624,3375956,1460504,6790752,,32,32,32,32,,18329796,19776584,17728864,21228480
4218,1,1417,157,5,1222,0,33,88930960,8380564,17901460,128,76173404,,22635000,22680612,21381396,22233952,,4625236,1092192,499064,2164072,,6346400,3255924,1442736,6856400,,32,32,32,32,,18329840,18883916,17731032,21228616
4221,1,1418,157,5,1223,0,33,88657176,8670180,18194520,128,75965696,,22619976,22704784,21122860,22209556,,4653620,1066760,757284,2192516,,6374940,3231112,1701900,6886568,,32,32,32,32,,18330008,18884556,17520804,21230328
4224,1,1419,157,5,1224,0,33,88737196,8556968,18084664,128,76166300,,22604768,22689056,21265332,22178040,,4663384,1083516,582148,2227920,,6384820,3248168,1529248,6922428,,32,32,32,32,,18330116,18884840,17720660,21230684
4227,1,1420,157,5,1225,0,33,88906940,8363568,17893236,128,76182120,,22604868,22764012,21330956,22207104,,4646180,992580,555972,2168836,,6367776,3158828,1503508,6863124,,32,32,32,32,,18330276,18886440,17734872,21230532
4230,1,1421,157,5,1226,0,33,88869692,8355828,17892096,128,76188720,,22529432,22761804,21322584,22255872,,4732708,985144,532636,2105340,,6454400,3152460,1485316,6799920,,32,32,32,32,,18330428,18887500,17739904,21230888
4233,1,1422,157,5,1227,0,33,88858876,8357824,17896220,128,76190748,,22503340,22754336,21335052,22266148,,4748536,989836,525028,2094424,,6470268,3158088,1478632,6789232,,32,32,32,32,,18330356,18888432,17740848,21231112
4236,1,1423,157,5,1228,0,33,88954848,8267704,17814648,128,76199140,,22500584,22758028,21404916,22291320,,4760152,987216,458500,2061836,,6484084,3158588,1415256,6756720,,32,32,32,32,,18332556,18891504,17743840,21231240
4239,1,1424,158,5,1229,0,32,87215880,8548524,18328152,128,75922440,,22536796,22757980,20105364,21815740,,4732764,1004456,269336,2541968,,6460840,3176516,1451948,7238848,,32,32,32,32,,18336700,18892172,17971036,20722532
4242,1,1425,158,5,1229,0,32,87463328,8246252,18038512,128,76323912,,22504864,22760444,20012760,22185260,,4762824,992800,332808,2157820,,6496300,3169536,1515776,6856900,,32,32,32,32,,18342040,18896848,17969680,21115344
4246,0,1426,158,5,1231,0,32,86632864,9462496,18830160,128,75191940,,22209652,22140420,20023824,22258968,,5045596,1615672,743636,2057592,,6778812,3794616,1498920,6757812,,32,32,32,32,,17999388,18456980,17542980,21192592
4249,0,1427,158,5,1232,0,32,86952668,9240208,18611396,128,75500572,,22506428,22097292,20025176,22323772,,4763188,1665784,733144,2078092,,6496452,3845076,1490744,6779124,,32,32,32,32,,18261528,18457316,17545288,21236440
4251,1,1428,158,5,1233,0,32,87266356,7891512,18314788,128,76856092,,22573184,22305952,20078484,22308736,,4673144,1435436,726224,1056708,,6408672,3615388,1494900,6795828,,32,32,32,32,,18332464,18692588,17556464,22274576
4254,2,1429,158,5,1233,0,32,87650848,7135568,18209728,128,77615356,,22482376,22523920,20075736,22568816,,4771288,1209132,718840,436308,,6510312,3390680,1487900,6820836,,32,32,32,32,,18237176,18901468,17556824,22919888
4258,1,1430,158,5,1235,0,32,87391180,6339632,18434844,128,78436472,,22546304,22280980,20023068,22540828,,3693844,1441728,783724,420336,,6426044,3623872,1553524,6831404,,32,32,32,32,,19341284,18591328,17557504,22946356
4261,2,1431,157,5,1236,0,33,87677996,6256852,17910948,128,78305636,,22544516,22810156,20045572,22277752,,2417924,940124,782016,2116788,,6410916,3124828,1547604,6827600,,32,32,32,32,,20602044,18904224,17553296,21246072
4265,2,1432,157,5,1236,0,33,87546156,8608520,18039900,128,76082744,,22534788,22754032,20045376,22211960,,4646276,1000844,769796,2191604,,6411304,3186512,1535528,6906556,,32,32,32,32,,18374068,18905040,17553432,21250204
4269,1,1433,157,5,1238,0,33,87313644,8788068,18223132,128,75745140,,22579716,22745328,19668000,22320600,,4601664,1003392,1135368,2047644,,6369108,3189500,1901628,6762896,,32,32,32,32,,18375348,18905424,17213788,21250580
4272,1,1434,156,5,1239,0,34,87274604,8876684,18310016,128,75716824,,22206240,22737336,20030272,22300756,,4975164,1014400,794204,2092916,,6742716,3200968,1554236,6812096,,32,32,32,32,,18046312,18905884,17510204,21254424
4275,1,1435,156,5,1240,0,34,87716540,8417500,17853932,128,76087620,,22653492,22720840,20112268,22229940,,4514912,1023200,722516,2156872,,6282720,3209988,1485140,6876084,,32,32,32,32,,18376624,18906116,17550424,21254456
4278,1,1436,156,5,1241,0,34,87748344,8382860,17824060,128,76092652,,22636244,22764156,20113956,22233988,,4536184,980696,711436,2154544,,6304020,3169988,1476104,6873948,,32,32,32,32,,18376960,18908632,17552468,21254592
4281,1,1437,156,5,1242,0,34,87490620,8701860,18149300,128,75854120,,22653684,22779900,20043288,22013748,,4525208,966828,814000,2395824,,6293192,3158824,1580360,7116924,,32,32,32,32,,18377108,18911348,17514900,21050764
4284,1,1438,155,5,1243,0,35,87653788,8013964,17920488,128,76530680,,22652100,22818228,20040572,22142888,,4520688,934660,316660,2241956,,6288692,3127020,1541540,6963236,,32,32,32,32,,18377124,18911736,18012896,21228924
4287,1,1439,155,5,1244,0,35,87700632,7884676,17906764,128,76672352,,22627244,22837088,20007544,22228756,,4547844,913060,307440,2116332,,6316012,3117440,1565028,6908284,,32,32,32,32,,18377288,18923744,18044232,21327088
4291,0,1440,155,5,1245,0,35,87878448,6722720,17827156,128,77755636,,22576644,22849176,20025084,22427544,,4590820,906944,751812,473144,,6363768,3113168,1536076,6814144,,32,32,32,32,,18382020,18925560,17571780,22876276
4294,1,1441,155,5,1246,0,35,87798984,7292288,18243160,128,77201404,,22566220,22847912,20085088,22299764,,4624880,1316516,707772,643120,,6397808,3528608,1488100,6828644,,32,32,32,32,,18381976,18564040,17567904,22687484
4297,2,1442,155,5,1246,0,35,88205848,6696428,17918076,128,77704804,,22581404,23121428,20037832,22465184,,4652568,1020528,734968,288364,,6428836,3236376,1517700,6735164,,32,32,32,32,,18385320,18767776,17570312,22981396
4302,0,1443,155,5,1248,0,35,88374780,6778408,17863924,128,77734260,,22549184,23295048,20026712,22503836,,4694448,837016,750048,496896,,6471976,3055792,1535700,6800456,,32,32,32,32,,18386240,18938172,17573244,22836604
4305,0,1444,155,5,1249,0,35,88211592,8342784,17849356,128,76157696,,22628208,23229224,20029920,22324240,,4618948,910464,746280,2067092,,6400784,3129624,1534368,6784580,,32,32,32,32,,18390896,18938500,17575676,21252624
4308,0,1445,155,5,1250,0,35,87752788,8810920,18327792,128,75910548,,22614028,22772420,20039496,22326844,,4636948,1384128,727104,2062740,,6418828,3607280,1521228,6780456,,32,32,32,32,,18390936,18685068,17581692,21252852
4311,0,1446,156,5,1251,0,34,87908964,8669260,18188516,128,75918176,,22689776,22778716,20109080,22331392,,4556196,1362436,688892,2061736,,6340348,3586172,1480804,6781192,,32,32,32,32,,18393268,18690772,17579548,21254588
4314,1,1447,156,5,1252,0,34,87813620,8740032,18273000,128,75935976,,22639892,22786656,20084004,22303068,,4616652,1352316,703512,2067552,,6403664,3580472,1499940,6788924,,32,32,32,32,,18396064,18700548,17584052,21255312
4317,1,1448,155,5,1253,0,35,87314524,9214580,18740740,128,75472212,,22605236,22943536,19672996,22092756,,4633288,1200504,1115020,2265768,,6420456,3430196,1904168,6985920,,32,32,32,32,,18396232,18807888,17214800,21053292
4320,1,1449,156,5,1254,0,34,87753068,8785728,18311160,128,75732856,,22108692,23204636,20099592,22340148,,5168948,906164,693876,2016740,,6956476,3139368,1478348,6736968,,32,32,32,32,,17954140,18951396,17572036,21255284
4323,1,1450,156,5,1255,0,34,87993720,8157176,18058152,128,76401444,,22401240,23201224,20066092,22325164,,4871892,911444,246524,2127316,,6659212,3145064,1503840,6750036,,32,32,32,32,,18246932,18951776,18044964,21157772
4326,2,1451,156,5,1255,0,34,88281404,7964916,17798728,128,76431748,,22555768,23179328,20163928,22382380,,4686648,919252,303424,2055592,,6475884,3153988,1490260,6678596,,32,32,32,32,,18347544,18952896,17973192,21158116
4330,1,1452,157,5,1257,0,33,88186572,8320928,17782936,128,76110480,,22617412,23128824,20064468,22375868,,4617364,966128,676084,2061352,,6408444,3201256,1487176,6686060,,32,32,32,32,,18399056,18953200,17598416,21159808
4333,1,1453,157,5,1258,0,33,88204808,8375400,17835568,128,76108616,,22644096,23136668,20108472,22315572,,4595420,992996,647472,2139512,,6386780,3228856,1455516,6764416,,32,32,32,32,,18399312,18953928,17595420,21159956
4337,0,1454,157,5,1259,0,33,88166284,8344816,17806644,128,76110216,,22671060,23193748,20090068,22211408,,4559304,915748,633680,2236084,,6350828,3151664,1443200,6860952,,32,32,32,32,,18399484,18954016,17596904,21159812
4340,1,1455,157,5,1260,0,33,88135524,8404524,17872656,128,76116480,,22649984,23201816,20052320,22231404,,4579284,934512,674568,2216160,,6373080,3170948,1485688,6842940,,32,32,32,32,,18401764,18954552,17598444,21161720
4343,1,1456,157,5,1261,0,33,87935644,8539460,18057140,128,76036556,,22646360,23108816,20016572,22163896,,4576960,1030332,655264,2276904,,6370768,3267384,1515112,6903876,,32,32,32,32,,18401772,18825768,17647148,21161868
4346,1,1457,157,5,1262,0,33,88193880,8366116,17841288,128,76123368,,22643576,23279492,20059548,22211264,,4576124,828444,722464,2239084,,6370108,3067184,1537856,6866140,,32,32,32,32,,18401916,18956760,17602672,21162020
4349,1,1458,157,5,1263,0,33,88151784,8417020,17896424,128,76127532,,22597756,23254648,20046328,22253052,,4628808,886440,720704,2181068,,6422796,3126484,1536676,6810468,,32,32,32,32,,18401852,18958032,17603244,21164404
4352,1,1459,157,5,1264,0,33,88210832,8410388,17895788,128,76133576,,22576172,23281344,20054288,22299028,,4665888,859260,711892,2173348,,6459976,3102976,1529704,6803132,,32,32,32,32,,18401900,18961736,17605096,21164844
4355,1,1460,157,5,1265,0,33,88216796,8379664,17872760,128,76141260,,22534436,23263892,20063040,22355428,,4702340,855096,712172,2110056,,6498672,3099948,1530108,6744032,,32,32,32,32,,18404144,18962812,17605216,21169088
4358,1,1461,157,5,1266,0,33,87831968,8755168,18260288,128,75800124,,22175080,23277032,20057300,22322556,,5043180,831684,718068,2162236,,6840660,3081372,1541808,6796448,,32,32,32,32,,18052076,18967644,17611076,21169328
4361,1,1462,156,5,1267,0,34,87489128,9085864,18601216,128,75520228,,22511608,22940684,20056696,21980140,,4697420,1172180,709260,2507004,,6500284,3422248,1533644,7145040,,32,32,32,32,,18333472,18683552,17611760,20891444
4364,1,1463,156,5,1268,0,34,87487608,9132424,18642716,128,75520684,,22648716,22863168,19707004,22268720,,4545844,1251932,1113240,2221408,,6348904,3504460,1929608,6859744,,32,32,32,32,,18410876,18686108,17277324,21146376
4367,1,1464,156,5,1269,0,34,87717532,7972592,18394448,128,76785480,,22623236,22744336,20062408,22287552,,3660768,1405468,719200,2187156,,6374632,3657948,1536148,6825720,,32,32,32,32,,19321708,18685852,17604304,21173616
4370,1,1465,156,5,1270,0,34,87810192,6596396,18354812,128,78122208,,22662788,22725748,20114828,22306828,,2308976,1436616,678840,2171964,,6353896,3689892,1498772,6812252,,32,32,32,32,,20652748,18686816,17607300,21175344
4373,1,1466,156,5,1271,0,34,87703468,6666468,18449200,128,78052152,,22539384,22759436,20082460,22322188,,2396324,1396512,711564,2162068,,6464796,3649956,1531844,6802604,,32,32,32,32,,20581960,18687000,17607608,21175584
4377,0,1467,156,5,1272,0,34,88042440,8549328,18110716,128,76089368,,22533028,23074488,20115080,22319844,,4634556,1080372,673284,2161116,,6478952,3335556,1494540,6801668,,32,32,32,32,,18367180,18937952,17608636,21175600
4380,0,1468,157,5,1273,0,33,88087616,8418696,18009760,128,76159324,,22489248,23233700,20057228,22307440,,4675472,871136,719636,2152452,,6519976,3154716,1541808,6793260,,32,32,32,32,,18372480,19001472,17609508,21175864
4383,1,1469,157,5,1274,0,33,87414924,8163540,18370224,128,76451844,,22492980,22851664,19694288,22375992,,4664044,323388,1100236,2075872,,6509092,3220772,1923388,6716972,,32,32,32,32,,18384248,19625192,17266192,21176212
4387,1,1470,156,5,1275,0,34,88794072,7582248,17924888,128,77012576,,22611208,23747080,20084684,22351100,,4525308,275904,672952,2108084,,6371556,3307180,1496720,6749432,,32,32,32,32,,18452736,19772288,17611096,21176456
4390,1,1471,156,5,1276,0,34,88654808,9150968,18122340,128,75542256,,22599604,23557584,20128388,22369232,,4552308,1843132,659616,2095912,,6398892,3500868,1483604,6738976,,32,32,32,32,,18453180,18299532,17611372,21178172
4393,1,1472,156,5,1277,0,34,88880504,8815824,17850740,128,75707728,,22688088,23761316,20114556,22316544,,4455884,1543492,655956,2160492,,6303668,3260240,1481044,6805788,,32,32,32,32,,18454424,18460456,17612500,21180348
4396,1,1473,156,5,1278,0,34,88856400,7755892,17934532,128,76850416,,22672408,23835280,20112908,22235804,,4476368,370780,651916,2256828,,6324296,3227212,1480912,6902112,,32,32,32,32,,18454576,19599172,17616392,21180276
4399,2,1474,156,5,1279,0,34,88690660,7841684,18077620,128,76906332,,22605464,23824432,20078700,22182064,,4549736,323312,679704,2288932,,6398144,3228252,1511072,6940152,,32,32,32,32,,18455316,19646220,17618692,21186104
4404,1,1475,156,5,1280,0,34,88824848,8877388,17885880,128,75681044,,22688996,23883048,20078152,22174652,,4443640,1463304,677812,2292632,,6291824,3140204,1509756,6944096,,32,32,32,32,,18454812,18420616,17619280,21186336
4407,1,1476,156,5,1281,0,34,88612184,9112768,18126184,128,75418212,,22675120,23873996,20075760,21987308,,4442668,1476280,709740,2484080,,6291004,3155064,1542216,7137900,,32,32,32,32,,18454972,18422500,17619764,20920976
4410,1,1477,156,5,1282,0,34,88059364,9673072,18689436,128,74840416,,22601388,23890176,19326500,22241300,,4511260,1473528,1472992,2215292,,6359572,3153916,2306696,6869252,,32,32,32,32,,18437332,18424104,16863808,21115172
4413,1,1478,156,5,1283,0,34,88990248,8721772,17741780,128,75675148,,22580172,23886120,20114444,22409512,,4558120,1463064,653940,2046648,,6408744,3144172,1487980,6700884,,32,32,32,32,,18439624,18424832,17621356,21189336
4416,1,1479,156,5,1284,0,34,88940720,8822964,17844408,128,75676668,,22533648,23890048,20109176,22407848,,4691372,1454204,635220,2042168,,6542108,3136352,1469512,6696436,,32,32,32,32,,18439872,18425820,17621608,21189368
4419,1,1480,156,5,1285,0,34,88802100,8945168,17970544,128,75682760,,22540708,23884232,20043256,22333904,,4678920,1455512,702652,2108084,,6530800,3140144,1537044,6762556,,32,32,32,32,,18443280,18428304,17621656,21189520
4422,1,1481,156,5,1286,0,34,88924328,8952696,17997224,128,75700932,,22550168,23947804,20099516,22326840,,4655184,1493000,702404,2102108,,6516548,3184368,1537824,6758484,,32,32,32,32,,18452920,18433864,17622728,21191420
4426,0,1482,157,5,1287,0,33,88926428,8957240,18005860,128,75721296,,22644632,23807744,20142464,22331588,,4559768,1652896,646480,2098096,,6424432,3344480,1482316,6754632,,32,32,32,32,,18471212,18435308,17623192,21191584
4429,0,1483,157,5,1288,0,33,88944544,7611988,17976700,128,77037300,,22689352,23815308,20147636,22292248,,3199512,1639016,639232,2134228,,6373672,3333076,1477428,6792524,,32,32,32,32,,19780856,18437504,17625576,21193364
4432,1,1484,157,5,1289,0,33,88821332,6772168,18088076,128,77925568,,22569220,23796636,20135260,22320216,,2367284,1664656,646712,2093516,,6488960,3359396,1487500,6752220,,32,32,32,32,,20665456,18438192,17628156,21193764
4435,2,1485,157,5,1289,0,33,88631140,9225728,18325900,128,75589272,,22574892,23620452,20080288,22355508,,4605268,1837324,732656,2050480,,6504344,3533784,1578460,6709312,,32,32,32,32,,18442904,18319640,17632840,21193888
4439,1,1486,157,5,1291,0,33,88878316,8926772,18099020,128,75782028,,22509796,23913504,20114716,22340300,,4672188,1503204,686864,2064516,,6573120,3269580,1532728,6723592,,32,32,32,32,,18444816,18509928,17633172,21194112
4442,1,1487,157,5,1292,0,33,88853188,7827032,18156104,128,76939992,,22489236,23923116,20104488,22336348,,4715232,366520,670008,2075272,,6616312,3284028,1521220,6734544,,32,32,32,32,,18448036,19659092,17638520,21194344
4445,2,1488,157,5,1292,0,33,88946736,7677596,18020260,128,77013060,,22549400,23910480,20102304,22384552,,4641912,348588,678700,2008396,,6545232,3275196,1530008,6669824,,32,32,32,32,,18509836,19668092,17638608,21196524
4449,1,1489,157,5,1294,0,33,89194808,8663328,17776440,128,75785636,,22709352,23972688,20157816,22354952,,4460484,1525608,631072,2046164,,6367020,3218612,1482992,6707816,,32,32,32,32,,18513128,18436476,17639284,21196748
4452,1,1490,157,5,1295,0,33,89064764,8805320,17927632,128,75794840,,22709052,23928092,20148876,22278744,,4462448,1562136,626888,2153848,,6372320,3258416,1479604,6817292,,32,32,32,32,,18516472,18439784,17640092,21198492
4455,1,1491,157,5,1296,0,33,88408372,9508216,18640064,128,75192500,,22690032,24005848,19453740,22258752,,4476928,1493852,1320980,2216456,,6387008,3194812,2174176,6884068,,32,32,32,32,,18516684,18444504,17028760,21202552
4458,1,1492,157,5,1297,0,33,89049280,7864856,17995712,128,76801952,,22691896,23986128,20173724,22197532,,4474688,1500856,601788,1287524,,6386980,3202248,1460512,6945972,,32,32,32,32,,18518888,18444936,17644680,22193448
4462,2,1493,158,5,1298,0,32,89706616,6922856,18044720,128,77802468,,22673244,24041984,20121260,22870128,,4489284,1442092,646844,344636,,6401728,3149552,1506048,6987392,,32,32,32,32,,18519048,18450932,17646644,23185844
4467,0,1494,158,5,1299,0,32,89572028,6916020,17915352,128,77671724,,22682552,24017092,20133980,22738404,,4486840,1462116,673172,293892,,6403344,3171392,1535008,6805608,,32,32,32,32,,18523104,18452652,17649192,23046776
4470,1,1495,158,5,1299,0,32,88881876,9084864,18192444,128,75532696,,22624684,23766216,20095128,22395848,,4543616,1740072,689940,2111236,,6460236,3451068,1553648,6727492,,32,32,32,32,,18516720,18213524,17651068,21151384
4474,0,1496,157,5,1301,0,33,89032844,8920296,18032988,128,75658180,,22575836,23955292,20106724,22394992,,4597528,1531460,683472,2107836,,6514176,3242792,1551676,6724344,,32,32,32,32,,18516752,18334292,17655516,21151620
4477,1,1497,157,5,1302,0,33,89053848,8867456,17982612,128,75750820,,22579820,24023072,20142708,22308248,,4582328,1454644,629224,2201260,,6500000,3167284,1497540,6817788,,32,32,32,32,,18517816,18425688,17655688,21151628
4480,1,1498,157,5,1303,0,33,89059820,8849040,17968604,128,75777724,,22576568,24048252,20132272,22302728,,4581040,1403896,627756,2236348,,6499128,3116884,1498576,6854016,,32,32,32,32,,18518460,18448392,17658212,21152660
4483,1,1499,158,5,1304,0,32,88547248,9390236,18514044,128,75370672,,22670564,23836820,20090324,21949540,,4502324,1657084,662084,2568744,,6421612,3370376,1534660,7187396,,32,32,32,32,,18525812,18395232,17659972,20789656
