Start,GetPodsTime,Wanted,Running,Creating,Pending,Terminating,Total Active Memory,Total Free Memory,Total Available,Total Buffers,Total Cached,Active,0,1,2,3,Free,0,1,2,3,Available,0,1,2,3,Buffers,0,1,2,3,Cached,0,1,2,3
1,0,0,0,0,0,1,12784312,108970736,120777488,7920,13292852,,1766360,4426944,4467836,2123172,,28947204,25355884,25891024,28776624,,31384704,29123684,29067080,31202020,,1980,1980,1980,1980,,2810140,4128140,3555072,2799500
4,0,1,0,1,0,1,12834008,108902004,120712928,7920,13296252,,1781500,4426016,4470228,2156264,,28941432,25337044,25882024,28741504,,31380872,29105400,29058668,31167988,,1980,1980,1980,1980,,2811824,4128684,3555664,2800080
6,0,2,1,1,0,1,12882648,108826492,120637760,7920,13296648,,1809996,4425416,4469764,2177472,,28904480,25324852,25867312,28729848,,31344024,29093292,29044068,31156376,,1980,1980,1980,1980,,2811984,4128772,3555792,2800100
8,1,3,2,1,0,1,12937864,108804228,120622012,7920,13302132,,1817556,4425216,4484940,2210152,,28896568,25351248,25867412,28689000,,31342128,29119828,29044508,31115548,,1980,1980,1980,1980,,2816956,4128900,3556168,2800108
11,0,4,2,2,0,1,13049848,108659152,120485964,7920,13307752,,1851608,4436860,4530092,2231288,,28856144,25339432,25796584,28666992,,31301716,29109696,28980996,31093556,,1980,1980,1980,1980,,2816968,4129396,3561252,2800136
13,0,5,4,1,0,1,13200012,108501860,120334264,7920,13312900,,1912340,4496468,4561464,2229740,,28797492,25270100,25761240,28673028,,31243084,29045832,28945736,31099612,,1980,1980,1980,1980,,2817012,4134400,3561332,2800156
15,0,6,5,1,0,1,13312088,108371712,120206416,7920,13313744,,1934780,4527452,4582308,2267548,,28758856,25229240,25755832,28627784,,31205676,29004956,28940432,31055352,,1980,1980,1980,1980,,2817476,4134424,3561424,2800420
17,0,7,6,1,0,1,13424820,108244940,120081348,7920,13314696,,1970964,4545228,4610008,2298620,,28729988,25211724,25706476,28596752,,31176868,28987576,28892564,31024340,,1980,1980,1980,1980,,2817508,4134564,3562188,2800436
19,1,8,7,1,0,1,13536268,108127432,119967376,7920,13317588,,1989504,4547784,4664460,2334520,,28711920,25210732,25648480,28556300,,31158808,28987216,28837456,30983896,,1980,1980,1980,1980,,2817516,4134632,3564996,2800444
21,1,9,8,1,0,1,13646904,108021992,119862980,7920,13318344,,2021960,4598256,4691780,2334908,,28673104,25161096,25622740,28565052,,31120044,28938372,28811892,30992672,,1980,1980,1980,1980,,2817596,4135136,3565156,2800456
24,0,10,9,1,0,1,13736308,107933044,119776544,7920,13319256,,2043416,4624732,4692800,2375360,,28642608,25145200,25621800,28523436,,31090640,28922608,28811096,30952200,,1980,1980,1980,1980,,2817800,4135280,3565312,2800864
26,0,11,10,1,0,1,13827964,107827860,119671868,7920,13319800,,2073064,4651312,4692520,2411068,,28618732,25104980,25629276,28474872,,31066708,28882728,28818700,30903732,,1980,1980,1980,1980,,2817828,4135656,3565432,2800884
28,0,12,10,2,0,1,13918656,107743952,119590608,7920,13320920,,2093516,4666432,4719820,2438888,,28599492,25088364,25597452,28458644,,31047488,28867592,28788052,30887476,,1980,1980,1980,1980,,2817828,4136324,3565876,2800892
30,0,13,12,1,0,1,13929756,107731644,119578548,7920,13321128,,2093868,4703020,4760112,2372756,,28597760,25062784,25560888,28510212,,31045768,28842192,28751652,30938936,,1980,1980,1980,1980,,2817832,4136492,3566040,2800764
32,1,14,13,1,0,0,14084012,107590736,119437988,7920,13321452,,2127504,4744204,4797076,2415228,,28573924,25014176,25514404,28488232,,31021956,28793752,28705300,30916980,,1980,1980,1980,1980,,2817868,4136640,3566164,2800780
35,0,15,14,1,0,0,14149632,107510512,119360444,7920,13322672,,2145944,4749240,4816856,2437592,,28556156,25005572,25491648,28457136,,31005324,28785196,28683896,30886028,,1980,1980,1980,1980,,2818264,4136684,3566808,2800916
37,0,16,15,1,0,0,14249344,107396476,119247356,7920,13323208,,2177768,4762748,4863088,2445740,,28520336,24982088,25441396,28452656,,30969576,28762300,28633916,30881564,,1980,1980,1980,1980,,2818284,4137036,3566956,2800932
39,0,17,16,1,0,0,14369436,107284536,119136880,7920,13324152,,2209524,4814112,4899740,2446060,,28483848,24926988,25415316,28458384,,30933196,28708048,28608320,30887316,,1980,1980,1980,1980,,2818440,4137344,3567412,2800956
41,1,18,17,1,0,0,14477688,107167644,119022244,7920,13324860,,2253188,4839504,4906612,2478384,,28446872,24910352,25406648,28403772,,30897228,28691576,28599736,30833704,,1980,1980,1980,1980,,2818624,4137500,3567508,2801228
43,1,19,18,1,0,0,14594032,107046232,118902400,7920,13325476,,2288780,4859108,4926732,2519412,,28401104,24891292,25385336,28368500,,30851500,28672864,28579576,30798460,,1980,1980,1980,1980,,2818632,4137824,3567780,2801240
46,0,20,19,1,0,0,14689820,106939848,118796740,7920,13325928,,2300924,4870008,4973820,2545068,,28383444,24885924,25326880,28343600,,30833860,28667764,28521536,30773580,,1980,1980,1980,1980,,2818652,4137988,3568032,2801256
48,0,21,20,1,0,0,14818304,106804196,118663580,7920,13326844,,2307496,4912944,5009780,2588084,,28376952,24826456,25307632,28293156,,30827392,28609536,28502504,30724148,,1980,1980,1980,1980,,2818664,4138324,3568320,2801536
50,0,22,21,1,0,0,14896596,106717792,118576916,7920,13326516,,2320188,4944164,5015156,2617088,,28351396,24802908,25288348,28275140,,30802072,28586040,28483268,30705536,,1980,1980,1980,1980,,2818928,4138440,3568380,2800768
52,0,23,22,1,0,0,15024708,106606224,118467968,7920,13327516,,2366584,4962884,5048888,2646352,,28309788,24787052,25268784,28240600,,30761528,28570420,28464932,30671088,,1980,1980,1980,1980,,2819204,4138668,3568784,2800860
54,1,24,23,1,0,0,15124372,106489132,118351680,7920,13328180,,2401820,4975656,5099692,2647204,,28284852,24759952,25207984,28236344,,30736620,28543816,28404396,30666848,,1980,1980,1980,1980,,2819212,4139160,3568940,2800868
57,0,25,24,1,0,0,15219780,106401748,118266300,7920,13328984,,2411632,5024860,5116952,2666336,,28263548,24723936,25198488,28215776,,30715336,28509060,28394944,30646960,,1980,1980,1980,1980,,2819240,4139668,3568992,2801084
59,0,26,24,2,0,0,15314496,106305492,118170668,7920,13329384,,2442772,5057868,5116016,2697840,,28237592,24692336,25196832,28178732,,30689436,28477732,28393372,30610128,,1980,1980,1980,1980,,2819280,4139852,3569080,2801172
61,0,27,26,1,0,0,15469588,106147144,118049408,7920,13365560,,2469820,5085484,5116852,2797432,,28208248,24665184,25188940,28084772,,30661260,28451132,28385668,30551348,,1980,1980,1980,1980,,2819660,4140240,3569264,2836396
63,0,28,26,2,0,0,15564128,106022856,117928604,7920,13366508,,2500248,5124172,5139092,2800616,,28188076,24603524,25157260,28073996,,30641104,28391404,28355416,30540680,,1980,1980,1980,1980,,2819676,4140424,3569952,2836456
65,1,29,28,1,0,0,15708544,105911180,117817712,7920,13367096,,2553644,5156720,5195256,2802924,,28129112,24593796,25120924,28067348,,30582236,28381932,28319372,30534172,,1980,1980,1980,1980,,2819740,4140688,3570120,2836548
68,0,30,28,2,0,0,15794240,105803776,117712768,7920,13368064,,2558108,5184744,5222176,2829212,,28111772,24551988,25095872,28044144,,30566020,28340364,28294340,30512044,,1980,1980,1980,1980,,2819964,4140892,3570244,2836964
70,0,31,30,1,0,0,15874436,105691372,117602208,7920,13368908,,2596172,5184924,5249820,2843520,,28063484,24537296,25060804,28029788,,30517744,28325736,28260900,30497828,,1980,1980,1980,1980,,2819972,4140960,3570996,2836980
72,0,32,31,1,0,0,15985220,105612824,117524932,7920,13369620,,2621748,5187340,5291892,2884240,,28037060,24559868,25026292,27989604,,30491288,28349596,28226456,30457592,,1980,1980,1980,1980,,2820004,4141520,3571084,2837012
74,1,33,32,1,0,0,16102012,105483120,117396652,7920,13369956,,2659272,5233656,5319984,2889100,,28009104,24505440,24994968,27973608,,30463408,28296444,28195188,30441612,,1980,1980,1980,1980,,2820068,4141724,3571140,2837024
77,0,34,33,1,0,0,16183868,105408348,117324324,7920,13370888,,2676836,5258724,5316856,2931452,,27998580,24476128,24985732,27947908,,30454028,28267256,28186132,30416908,,1980,1980,1980,1980,,2820416,4141856,3571300,2837316
79,0,35,34,1,0,0,16270816,105300144,117217576,7920,13371468,,2697412,5279368,5331984,2962052,,27974448,24445068,24960876,27919752,,30429932,28236308,28162556,30388780,,1980,1980,1980,1980,,2820432,4141904,3571796,2837336
81,0,36,35,1,0,0,16390736,105202080,117122204,7920,13372452,,2728748,5292976,5376408,2992604,,27941144,24434804,24933236,27892896,,30396664,28228432,28135168,30361940,,1980,1980,1980,1980,,2820460,4142556,3572076,2837360
83,1,37,36,1,0,0,16485160,105091780,117012500,7920,13372924,,2744752,5333260,5412524,2994624,,27935060,24385060,24897744,27873916,,30390632,28178960,28099780,30343128,,1980,1980,1980,1980,,2820532,4142724,3572160,2837508
86,0,38,37,1,0,0,16595948,104938432,116861636,7920,13373704,,2777440,5360672,5424716,3033120,,27901076,24349448,24865656,27822252,,30357760,28143492,28067792,30292592,,1980,1980,1980,1980,,2820768,4142876,3572208,2837852
88,0,39,38,1,0,0,16721812,104848932,116773632,7920,13374564,,2813256,5386732,5452524,3069300,,27851012,24338000,24853852,27806068,,30307660,28132348,28057060,30276564,,1980,1980,1980,1980,,2820792,4143200,3572560,2838012
90,0,40,39,1,0,0,16817144,104766724,116692976,7920,13375084,,2832768,5402728,5488052,3093596,,27831444,24334080,24809648,27791552,,30288244,28129720,28012928,30262084,,1980,1980,1980,1980,,2820920,4143520,3572612,2838032
92,1,41,40,1,0,0,16910516,104641524,116569740,7920,13375832,,2842764,5442028,5525224,3100500,,27820288,24264904,24771892,27784440,,30277148,28062160,27975444,30254988,,1980,1980,1980,1980,,2820984,4143900,3572900,2838048
95,0,42,40,2,0,0,17020656,104523252,116453888,7920,13376760,,2861044,5478296,5538116,3143200,,27799420,24248056,24768212,27707564,,30257300,28045196,27972160,30179232,,1980,1980,1980,1980,,2821204,4143936,3573292,2838328
97,0,43,42,1,0,0,17141124,104397152,116329348,7920,13377400,,2886532,5491408,5573344,3189840,,27780632,24218556,24716200,27681764,,30238552,28015844,27921492,30153460,,1980,1980,1980,1980,,2821244,4144056,3573752,2838348
99,0,44,43,1,0,0,17257048,104305328,116238832,7920,13378304,,2919360,5511564,5611264,3214860,,27746332,24201808,24693560,27663628,,30204268,27999740,27899468,30135356,,1980,1980,1980,1980,,2821264,4144316,3574344,2838380
101,1,45,44,1,0,0,17379808,104154256,116089740,7920,13379064,,2953520,5561368,5652156,3212764,,27713508,24145900,24639012,27655836,,30171580,27945444,27845128,30127588,,1980,1980,1980,1980,,2821372,4144776,3574524,2838392
104,0,46,44,2,0,0,17448764,104107704,116045944,7920,13380072,,2965364,5579824,5662748,3240828,,27697208,24155772,24635332,27619392,,30156420,27955628,27841528,30092368,,1980,1980,1980,1980,,2821668,4145004,3574596,2838804
106,0,47,46,1,0,0,17554700,103967840,115907448,7920,13380528,,2995860,5600284,5676796,3281760,,27666836,24122376,24595520,27583108,,30126132,27922268,27802936,30056112,,1980,1980,1980,1980,,2821724,4145064,3574920,2838820
108,1,48,47,1,0,0,17703292,103828096,115769072,7920,13381156,,3037412,5613904,5733860,3318116,,27624356,24115548,24541160,27547032,,30083672,27916452,27748888,30020060,,1980,1980,1980,1980,,2821760,4145340,3575220,2838836
111,0,49,48,1,0,0,17799236,103737804,115680572,7920,13381856,,3057836,5657928,5766200,3317272,,27604356,24068304,24514240,27550904,,30063788,27870612,27722132,30024040,,1980,1980,1980,1980,,2821876,4145732,3575364,2838884
113,0,50,48,2,0,0,17885416,103639524,115584884,7920,13382740,,3069020,5682560,5773908,3359928,,27581864,24039484,24514192,27503984,,30042460,27842032,27722184,29978208,,1980,1980,1980,1980,,2822256,4145864,3575456,2839164
115,0,51,50,1,0,0,17989048,103545048,115491696,7920,13383200,,3123600,5707012,5780288,3378148,,27550664,24006660,24494388,27493336,,30011280,27809400,27703424,29967592,,1980,1980,1980,1980,,2822272,4146028,3575720,2839180
118,0,52,51,1,0,0,18114504,103427780,115375580,7920,13384240,,3149960,5718836,5826784,3418924,,27514136,24002724,24455636,27455284,,29974776,27806172,27665072,29929560,,1980,1980,1980,1980,,2822296,4146716,3576028,2839200
120,0,53,52,1,0,0,18234080,103266200,115216432,7920,13384884,,3182412,5772436,5856520,3422712,,27477872,23936244,24412456,27439628,,29938548,27741964,27621988,29913932,,1980,1980,1980,1980,,2822356,4147184,3576112,2839232
122,0,54,53,1,0,0,18340916,103165496,115119968,7920,13386952,,3203124,5807868,5863872,3466052,,27441684,23909044,24426960,27387808,,29903520,27714976,27636660,29864812,,1980,1980,1980,1980,,2822680,4147352,3576296,2840624
124,1,55,54,1,0,0,18433592,103068128,115023744,7920,13387548,,3237836,5818520,5892832,3484404,,27405860,23908444,24393356,27360468,,29867712,27714492,27604008,29837532,,1980,1980,1980,1980,,2822688,4147452,3576808,2840600
127,0,56,55,1,0,0,18545924,102950756,114907572,7920,13388132,,3253552,5830288,5936812,3525272,,27399992,23873572,24348172,27329020,,29861876,27680056,27559512,29806128,,1980,1980,1980,1980,,2822720,4147688,3577124,2840600
129,0,57,55,2,0,0,18665440,102807564,114766920,7920,13389068,,3286944,5867280,5972580,3538636,,27363600,23841572,24289800,27312592,,29825600,27649996,27501624,29789700,,1980,1980,1980,1980,,2822824,4148020,3577624,2840600
131,1,58,56,2,0,0,18680504,102853332,114813312,7920,13389788,,3270308,5895524,5972604,3542068,,27401340,23826384,24302736,27322872,,29863392,27635168,27514712,29800040,,1980,1980,1980,1980,,2822900,4148352,3577788,2840748
134,0,59,57,2,0,0,18765348,102722716,114684852,7920,13390536,,3297292,5923704,5977540,3566812,,27353888,23774544,24299868,27294416,,29817008,27583396,27512100,29772348,,1980,1980,1980,1980,,2823176,4148440,3578000,2840920
136,0,60,58,2,0,0,18861204,102637088,114600292,7920,13390912,,3342648,5935976,5973628,3608952,,27313896,23769436,24307200,27246556,,29777064,27578572,27520152,29724504,,1980,1980,1980,1980,,2823200,4148644,3578124,2840944
138,1,61,59,2,0,0,18978252,102506408,114470600,7920,13391608,,3390868,5930712,6021536,3635136,,27256700,23768652,24258340,27222716,,29719908,27578000,27472000,29700692,,1980,1980,1980,1980,,2823260,4148776,3578600,2840972
141,0,62,60,2,0,0,19103516,102373300,114342100,7920,13392788,,3417304,5946984,6061088,3678140,,27235976,23771052,24207824,27158448,,29700324,27582588,27421592,29637596,,1980,1980,1980,1980,,2823512,4149252,3578728,2841296
143,0,63,62,1,0,0,19235720,102224780,114194904,7920,13393396,,3453200,5981288,6096968,3704264,,27198900,23725228,24163972,27136680,,29663188,27536976,27378944,29615796,,1980,1980,1980,1980,,2823540,4149440,3579100,2841316
145,0,64,63,1,0,0,19381664,102102744,114073468,7920,13393792,,3468660,6033940,6139204,3739860,,27182432,23672960,24135276,27112076,,29646744,27485064,27350440,29591220,,1980,1980,1980,1980,,2823568,4149664,3579216,2841344
147,1,65,64,1,0,0,19497508,101958024,113932424,7920,13394712,,3469140,6090204,6175704,3762460,,27178704,23599820,24101268,27078232,,29643036,27414572,27316480,29558336,,1980,1980,1980,1980,,2823596,4150240,3579248,2841628
150,0,66,65,1,0,0,19590384,101877420,113852068,7920,13395092,,3504988,6120976,6181400,3783020,,27150020,23573304,24093312,27060784,,29614376,27388096,27308620,29540976,,1980,1980,1980,1980,,2823636,4150448,3579352,2841656
152,0,67,66,1,0,0,19703456,101737872,113715672,7920,13396580,,3520880,6153968,6214808,3813800,,27114568,23538196,24054776,27030332,,29580064,27353180,27271824,29510604,,1980,1980,1980,1980,,2824020,4150580,3580244,2841736
155,0,68,67,1,0,0,19835640,101607164,113586868,7920,13397124,,3549020,6187988,6253668,3844964,,27092680,23511488,24014824,26988172,,29558204,27328152,27232056,29468456,,1980,1980,1980,1980,,2824036,4150928,3580404,2841756
157,0,69,68,1,0,0,19955888,101476764,113457572,7920,13397660,,3608376,6216480,6284832,3846200,,27033864,23479012,23976696,26987192,,29499516,27296476,27194064,29467516,,1980,1980,1980,1980,,2824148,4151188,3580540,2841784
159,1,70,68,2,0,0,19994636,101425700,113408352,7920,13398908,,3608348,6243552,6286988,3855748,,27029096,23440036,23974760,26981808,,29495720,27257540,27192640,29462452,,1980,1980,1980,1980,,2824356,4151376,3581036,2842140
162,0,71,69,2,0,0,20125204,101282216,113267644,7920,13400196,,3662048,6268092,6313264,3881800,,26976508,23418888,23929484,26957336,,29443156,27236764,27148812,29438912,,1980,1980,1980,1980,,2824384,4151812,3581712,2842288
164,0,72,71,1,0,0,20220112,101201016,113188740,7920,13400872,,3687004,6284672,6334956,3913480,,26944208,23406204,23925732,26924872,,29410924,27225956,27145188,29406672,,1980,1980,1980,1980,,2824416,4152216,3581788,2842452
166,1,73,72,1,0,0,20301792,101115348,113103848,7920,13401220,,3698268,6310496,6353748,3939280,,26943176,23382032,23893112,26897028,,29410020,27202328,27112636,29378864,,1980,1980,1980,1980,,2824468,4152424,3581840,2842488
169,0,74,73,1,0,0,20442492,100980084,112979732,7920,13410940,,3735852,6324312,6397480,3984848,,26916024,23364604,23843116,26856340,,29384004,27184980,27071504,29339244,,1980,1980,1980,1980,,2824836,4152488,3590780,2842836
171,0,75,74,1,0,0,20544980,100871900,112875876,7920,13415068,,3761740,6355736,6411396,4016108,,26877936,23331276,23836316,26826372,,29345988,27151852,27069444,29308592,,1980,1980,1980,1980,,2824868,4152724,3595476,2842000
174,0,76,74,2,0,0,20675712,100750244,112757360,7920,13415768,,3792908,6382820,6448048,4051936,,26847200,23315432,23795060,26792552,,29315280,27138060,27029232,29274788,,1980,1980,1980,1980,,2824908,4153140,3595704,2842016
176,0,77,76,1,0,0,20758888,100658204,112666512,7920,13416536,,3804544,6435932,6463444,4054968,,26823452,23251476,23792488,26790788,,29291744,27074952,27026756,29273060,,1980,1980,1980,1980,,2825064,4153644,3595792,2842036
178,1,78,77,1,0,0,20869352,100528324,112538920,7920,13417492,,3835896,6450624,6494740,4088092,,26786280,23232912,23760008,26749124,,29255492,27056688,26994332,29232408,,1980,1980,1980,1980,,2825212,4153860,3595856,2842564
181,0,79,78,1,0,0,20963132,100438304,112449516,7920,13417916,,3867336,6474068,6513144,4108584,,26770904,23199580,23750152,26717668,,29240148,27023496,26984824,29201048,,1980,1980,1980,1980,,2825228,4153956,3596112,2842620
183,0,80,78,2,0,0,21075736,100320832,112334024,7920,13418964,,3898448,6486904,6539968,4150416,,26750824,23192548,23699916,26677544,,29220108,27017016,26935912,29160988,,1980,1980,1980,1980,,2825276,4154340,3596656,2842692
186,0,81,79,2,0,0,21193364,100236048,112252600,7920,13419864,,3895732,6519676,6580964,4196992,,26743024,23158440,23685224,26649360,,29212344,26984828,26921420,29134008,,1980,1980,1980,1980,,2825296,4154596,3596832,2843140
188,0,82,81,1,0,0,21306164,100069592,112086860,7920,13420596,,3896164,6549164,6627748,4233088,,26725524,23117696,23630308,26596064,,29194880,26944376,26866852,29080752,,1980,1980,1980,1980,,2825344,4154852,3597220,2843180
190,1,83,82,1,0,0,21435736,99906592,111926464,7920,13421704,,3954900,6563816,6659296,4257724,,26660404,23101900,23566576,26577712,,29130940,26928656,26804424,29062444,,1980,1980,1980,1980,,2825740,4154976,3597772,2843216
193,0,84,83,1,0,0,21559348,99766740,111789428,7920,13422516,,3984912,6614336,6696256,4263844,,26633248,23053360,23520684,26559448,,29103816,26882652,26758740,29044220,,1980,1980,1980,1980,,2825760,4155592,3597908,2843256
195,0,85,84,1,0,0,21672608,99681576,111705612,7920,13422972,,4007312,6642436,6716964,4305896,,26611916,23027192,23522432,26520036,,29082524,26856576,26760548,29005964,,1980,1980,1980,1980,,2825796,4155656,3597980,2843540
197,1,86,85,1,0,0,21733832,99615820,111640932,7920,13424096,,4010924,6664616,6731548,4326744,,26587420,23022700,23503212,26502488,,29058144,26852192,26741648,28988948,,1980,1980,1980,1980,,2825936,4155796,3598300,2844064
200,0,87,86,1,0,0,21849672,99493712,111521240,7920,13424804,,4057600,6690932,6749392,4351748,,26552380,22983256,23477676,26480400,,29024064,26812884,26717384,28966908,,1980,1980,1980,1980,,2826128,4155928,3598644,2844104
202,1,88,87,1,0,0,21924016,99430472,111458756,7920,13425532,,4090640,6695948,6768968,4368460,,26536688,22958048,23472596,26463140,,29008696,26787932,26712444,28949684,,1980,1980,1980,1980,,2826408,4156188,3598800,2844136
205,0,89,88,1,0,0,22061840,99287696,111318616,7920,13426512,,4164596,6695192,6800148,4401904,,26445640,22969068,23448064,26424924,,28918788,26799072,26687996,28912760,,1980,1980,1980,1980,,2826692,4156328,3598936,2844556
207,0,90,89,1,0,0,22165164,99185356,111218724,7920,13427388,,4190128,6714568,6827832,4432636,,26423640,22943584,23422240,26395892,,28896836,26775820,26662228,28883840,,1980,1980,1980,1980,,2826724,4156956,3598992,2844716
210,0,91,90,1,0,0,22297832,99024780,111060044,7920,13428104,,4211144,6754988,6858192,4473508,,26411372,22902700,23371296,26339412,,28884588,26735612,26612460,28827384,,1980,1980,1980,1980,,2826752,4157256,3599360,2844736
212,0,92,91,1,0,0,22374176,98938568,110976656,7920,13429148,,4213196,6794872,6892820,4473288,,26407412,22860088,23334652,26336416,,28880672,26695112,26576452,28824420,,1980,1980,1980,1980,,2826796,4157680,3599924,2844748
214,1,93,92,1,0,0,22492692,98809632,110848872,7920,13429724,,4212400,6842516,6933364,4504412,,26405176,22813664,23288208,26302584,,28878456,26648940,26530200,28791276,,1980,1980,1980,1980,,2826820,4157772,3600156,2844976
217,0,94,93,1,0,0,22579836,98748688,110788812,7920,13430156,,4246488,6865844,6935500,4532004,,26361256,22816260,23284708,26286464,,28834676,26651632,26526888,28775616,,1980,1980,1980,1980,,2826872,4157860,3600328,2845096
219,1,95,93,2,0,0,22654312,98679084,110721616,7920,13431336,,4233160,6882428,6970720,4568004,,26383524,22784688,23254000,26256872,,28857036,26620328,26498208,28746044,,1980,1980,1980,1980,,2826992,4158104,3601116,2845124
222,0,96,95,1,0,0,22787568,98551780,110597104,7920,13432228,,4281616,6921404,7005440,4579108,,26340992,22741932,23220992,26247864,,28815472,26579228,26465344,28737060,,1980,1980,1980,1980,,2827168,4158688,3601228,2845144
224,0,97,96,1,0,0,22907060,98403216,110450124,7920,13432988,,4320696,6963436,7032452,4590476,,26300500,22695964,23188772,26217980,,28775036,26534248,26433192,28707648,,1980,1980,1980,1980,,2827188,4158992,3601312,2845496
227,0,98,96,2,0,0,22979960,98338564,110387168,7920,13433912,,4341868,6988432,7042800,4606860,,26279364,22658484,23186212,26214504,,28753952,26496980,26431028,28705208,,1980,1980,1980,1980,,2827220,4159216,3601656,2845820
229,0,99,98,1,0,0,23098180,98192036,110244484,7920,13435136,,4381708,6999612,7074112,4642748,,26218176,22648692,23143492,26181676,,28694164,26487416,26390504,28672400,,1980,1980,1980,1980,,2827824,4159472,3601992,2845848
232,0,100,99,1,0,0,23236416,98045716,110100772,7920,13435784,,4406764,7030220,7116400,4683032,,26193696,22627712,23110320,26113988,,28669732,26468660,26357588,28604792,,1980,1980,1980,1980,,2827856,4159912,3602144,2845872
234,1,101,100,1,0,0,23355504,97916312,109972880,7920,13436408,,4427828,7067324,7142688,4717664,,26167060,22579420,23075712,26094120,,28643136,26420640,26323028,28586076,,1980,1980,1980,1980,,2827896,4160144,3602228,2846140
237,0,102,101,1,0,0,23439516,97829376,109886728,7920,13437080,,4447568,7088624,7154420,4748904,,26159716,22558152,23062840,26048668,,28635912,26399840,26310288,28540688,,1980,1980,1980,1980,,2827960,4160572,3602352,2846196
239,1,103,102,1,0,0,23541076,97704436,109765496,7920,13438080,,4474216,7130612,7156976,4779272,,26120744,22506476,23058512,26018704,,28597916,26350836,26306004,28510740,,1980,1980,1980,1980,,2828204,4161212,3602436,2846228
242,0,104,103,1,0,0,23674588,97617888,109682660,7920,13439880,,4494916,7173044,7181428,4825200,,26130988,22464292,23027176,25995432,,28608196,26308796,26276820,28488848,,1980,1980,1980,1980,,2828248,4161448,3602948,2847236
244,1,105,104,1,0,0,23768656,97505444,109571096,7920,13440612,,4534712,7206580,7227292,4800072,,26081496,22444580,22987612,25991756,,28558940,26289116,26237668,28485372,,1980,1980,1980,1980,,2828496,4161520,3603360,2847236
247,0,106,105,1,0,0,23891256,97373188,109441360,7920,13441608,,4583176,7227068,7252312,4828700,,26003312,22425456,22962928,25981492,,28482008,26270112,26213228,28476012,,1980,1980,1980,1980,,2828852,4161656,3603508,2847592
249,0,107,106,1,0,0,23960936,97293456,109362784,7920,13442768,,4623872,7226388,7266468,4844208,,25973244,22413840,22955412,25950960,,28452196,26258752,26206308,28445528,,1980,1980,1980,1980,,2829160,4161880,3604088,2847640
251,1,108,107,1,0,0,24119648,97143512,109215320,7920,13443684,,4707696,7234640,7271968,4905344,,25884660,22413936,22952784,25892132,,28364588,26259160,26203844,28387728,,1980,1980,1980,1980,,2829320,4162228,3604196,2847940
254,0,109,108,1,0,0,24230976,97003928,109078216,7920,13444220,,4722304,7234692,7305976,4968004,,25868920,22415224,22903496,25816288,,28348900,26260520,26156864,28311932,,1980,1980,1980,1980,,2829364,4162320,3604564,2847972
256,0,110,109,1,0,0,24335876,96921988,108997928,7920,13444492,,4741040,7246504,7348624,4999708,,25843428,22416252,22866320,25795988,,28323428,26263060,26119792,28291648,,1980,1980,1980,1980,,2829372,4162468,3604640,2848012
259,0,111,110,1,0,0,24430232,96790220,108869420,7920,13445556,,4743852,7275916,7405636,5004828,,25838128,22365256,22803796,25783040,,28318168,26213016,26059360,28278876,,1980,1980,1980,1980,,2829400,4162820,3605184,2848152
261,0,112,111,1,0,0,24510440,96727644,108809664,7920,13446464,,4743964,7302588,7461724,5002164,,25838128,22357544,22747852,25784120,,28318220,26207516,26003944,28279984,,1980,1980,1980,1980,,2829456,4163432,3605400,2848176
264,0,113,112,1,0,0,24643920,96604448,108687092,7920,13446892,,4778612,7359696,7503516,5002096,,25806188,22290200,22706424,25801636,,28286360,26140580,25962596,28297556,,1980,1980,1980,1980,,2829536,4163672,3605472,2848212
266,0,114,113,1,0,0,24764388,96452220,108537812,7920,13448056,,4801320,7401888,7508592,5052588,,25788996,22236924,22695956,25730344,,28270548,26087612,25952212,28227440,,1980,1980,1980,1980,,2829928,4164000,3605600,2848528
268,1,115,114,1,0,0,24863724,96360392,108448484,7920,13448904,,4822400,7432276,7534588,5074460,,25768116,22210372,22665248,25716656,,28249712,26061424,25923508,28213840,,1980,1980,1980,1980,,2829960,4164376,3605936,2848632
271,0,116,115,1,0,0,24976468,96248092,108339256,7920,13449900,,4847856,7453932,7563852,5110828,,25737716,22184728,22644196,25681452,,28219352,26038220,25902900,28178784,,1980,1980,1980,1980,,2830004,4164828,3606280,2848788
273,1,117,116,1,0,0,25079464,96127544,108220480,7920,13450888,,4849272,7492876,7591448,5145868,,25735236,22143056,22616796,25632456,,28216904,25996864,25875856,28130856,,1980,1980,1980,1980,,2830020,4165052,3606616,2849200
276,0,118,117,1,0,0,25184528,96043864,108137412,7920,13451448,,4883948,7511592,7612704,5176284,,25701752,22128152,22601348,25612612,,28183672,25981972,25860688,28111080,,1980,1980,1980,1980,,2830228,4165112,3606856,2849252
278,1,119,118,1,0,0,25314336,95901100,107998968,7920,13452556,,4901588,7547060,7649724,5215964,,25694788,22090288,22548016,25568008,,28178744,25944560,25809160,28066504,,1980,1980,1980,1980,,2830484,4165520,3607276,2849276
281,0,120,119,1,0,0,25425172,95804652,107904088,7920,13453588,,4940296,7579732,7675692,5229452,,25656356,22061404,22510872,25576020,,28140328,25916160,25773024,28074576,,1980,1980,1980,1980,,2830500,4165948,3607816,2849324
283,1,121,119,2,0,0,25562180,95636748,107739220,7920,13453904,,4957740,7598584,7738508,5267348,,25629768,22025548,22456916,25524516,,28113296,25882372,25719172,28024380,,1980,1980,1980,1980,,2829900,4166368,3607888,2849748
286,0,122,121,1,0,0,25636244,95583788,107686752,7920,13454208,,4988516,7618768,7745232,5283728,,25599584,22020680,22453460,25510064,,28083404,25877572,25715876,28009900,,1980,1980,1980,1980,,2830008,4166424,3607988,2849788
288,1,123,121,2,0,0,25694976,95498812,107603684,7920,13455104,,4978560,7651100,7745532,5319784,,25599308,21977064,22451952,25470488,,28084424,25834208,25714692,27970360,,1980,1980,1980,1980,,2830248,4166700,3608324,2849832
291,0,124,122,2,0,0,25813512,95366824,107476368,7920,13456040,,5017244,7688376,7776252,5331640,,25573108,21931756,22416708,25445252,,28058256,25790912,25682008,27945192,,1980,1980,1980,1980,,2830284,4167012,3608892,2849852
293,1,125,124,1,0,0,25915548,95271556,107381952,7920,13456868,,5063888,7725744,7793240,5332676,,25538312,21892672,22401104,25439468,,28023696,25752320,25666472,27939464,,1980,1980,1980,1980,,2830548,4167424,3608996,2849900
296,0,126,125,1,0,0,26026872,95123084,107238284,7920,13457884,,5113728,7756972,7802568,5353604,,25472056,21851132,22387128,25412768,,27959660,25711308,25652648,27914668,,1980,1980,1980,1980,,2830728,4167888,3609100,2850168
298,1,127,125,2,0,0,26155968,95009720,107126676,7920,13458724,,5150152,7779028,7832772,5394016,,25430516,21844376,22355764,25379064,,27918048,25704856,25621360,27882412,,1980,1980,1980,1980,,2830780,4168152,3609180,2850612
301,0,128,126,2,0,0,26255776,94913604,107031596,7920,13459184,,5184084,7779308,7834168,5458216,,25397036,21832700,22363044,25320824,,27884612,25693264,25628772,27824948,,1980,1980,1980,1980,,2830844,4168232,3609312,2850796
303,1,129,128,1,0,0,26376696,94762860,106885620,7920,13460564,,5223652,7800400,7837564,5515080,,25348900,21798652,22353628,25261680,,27838340,25661572,25619868,27765840,,1980,1980,1980,1980,,2831128,4168748,3609872,2850816
306,0,130,129,1,0,0,26482148,94685964,106810964,7920,13461112,,5244016,7823328,7871740,5543064,,25334096,21793856,22315544,25242468,,27823564,25656828,25583900,27746672,,1980,1980,1980,1980,,2831156,4168824,3610268,2850864
308,1,131,130,1,0,0,26582000,94581372,106709464,7920,13462188,,5251716,7841204,7939732,5549348,,25318884,21772920,22256440,25233128,,27808440,25636212,25527452,27737360,,1980,1980,1980,1980,,2831208,4169116,3610976,2850888
311,0,132,131,1,0,0,26732356,94389104,106520260,7920,13463280,,5288216,7891836,8006976,5545328,,25294596,21716156,22151252,25227100,,27784216,25581980,25422692,27731372,,1980,1980,1980,1980,,2831240,4169844,3611272,2850924
314,0,133,132,1,0,0,26814668,94346420,106478324,7920,13463732,,5302660,7932356,8034912,5544740,,25287768,21675364,22153428,25229860,,27777820,25541440,25424868,27734196,,1980,1980,1980,1980,,2831408,4169972,3611380,2850972
316,0,134,133,1,0,0,26907292,94247940,106384412,7920,13464616,,5341268,7937500,8051624,5576900,,25221064,21692780,22130604,25203492,,27713056,25558928,25402392,27710036,,1980,1980,1980,1980,,2831592,4170024,3611720,2851280
319,0,135,134,1,0,0,26988472,94178580,106316484,7920,13465132,,5377972,7969144,8054244,5587112,,25193556,21658536,22123836,25202652,,27685468,25526240,25395700,27709076,,1980,1980,1980,1980,,2831628,4170380,3611792,2851332
321,1,136,135,1,0,0,27123924,94034440,106174020,7920,13465932,,5387756,8018676,8102452,5615040,,25188224,21593856,22076412,25175948,,27680192,25462652,25348800,27682376,,1980,1980,1980,1980,,2831672,4170808,3612104,2851348
324,0,137,135,2,0,0,27191744,93934328,106078468,7920,13466916,,5383800,8044268,8101184,5662492,,25180976,21572832,22071072,25109448,,27673036,25441808,25345500,27618124,,1980,1980,1980,1980,,2831764,4170960,3612352,2851840
326,1,138,137,1,0,0,27311792,93834320,105979300,7920,13467656,,5397260,8084008,8117924,5712600,,25178276,21538124,22059160,25058760,,27670492,25407596,25333664,27567548,,1980,1980,1980,1980,,2831892,4171436,3612424,2851904
329,0,139,138,1,0,0,27493636,93629228,105778948,7920,13468652,,5449204,8113040,8181948,5749444,,25108964,21501244,21996364,25022656,,27603184,25371004,25273320,27531440,,1980,1980,1980,1980,,2832248,4171676,3612796,2851932
332,0,140,139,1,0,0,27589536,93537880,105690428,7920,13469736,,5473928,8128744,8227200,5759664,,25095072,21473572,21946508,25022728,,27589384,25345692,25223784,27531568,,1980,1980,1980,1980,,2832292,4172296,3613144,2852004
334,1,141,140,1,0,0,27688236,93430852,105584388,7920,13470612,,5500672,8174404,8246492,5766668,,25066416,21427912,21918652,25017872,,27560944,25300188,25196368,27526888,,1980,1980,1980,1980,,2832524,4172360,3613564,2852164
337,0,142,141,1,0,0,27819204,93307224,105465072,7920,13471460,,5534068,8209732,8274996,5800408,,25034632,21401804,21898188,24972600,,27531136,25274196,25176108,27483632,,1980,1980,1980,1980,,2832768,4172484,3613760,2852448
340,0,143,142,1,0,0,27912348,93197156,105357604,7920,13472548,,5557000,8236052,8310792,5808504,,25008208,21372420,21860996,24955532,,27504752,25245040,25141168,27466644,,1980,1980,1980,1980,,2832812,4172752,3614484,2852500
342,0,144,143,1,0,0,28005560,93119784,105281424,7920,13473472,,5607596,8217592,8340752,5839620,,24969504,21396756,21822084,24931440,,27466292,25269868,25102696,27442568,,1980,1980,1980,1980,,2832988,4173232,3614716,2852536
345,0,145,143,2,0,0,28066432,93038768,105203028,7920,13474112,,5625748,8225776,8353724,5861184,,24939580,21388508,21803632,24907048,,27438244,25262040,25084448,27418296,,1980,1980,1980,1980,,2833168,4173480,3614884,2852580
347,1,146,144,2,0,0,28175828,92904580,105073384,7920,13475088,,5660672,8245972,8375040,5894144,,24903676,21351628,21788432,24860844,,27402408,25227200,25069620,27374156,,1980,1980,1980,1980,,2833192,4173788,3615240,2852868
350,0,147,146,1,0,0,28278616,92790364,104962192,7920,13475824,,5672944,8262428,8397752,5945492,,24894864,21334096,21760200,24801204,,27393668,25209840,25041536,27317148,,1980,1980,1980,1980,,2833252,4173932,3615340,2853300
352,1,148,147,1,0,0,28418768,92670096,104842528,7920,13476612,,5710084,8292656,8404568,6011460,,24866628,21305248,21761112,24737108,,27365764,25181240,25042596,27252928,,1980,1980,1980,1980,,2833568,4174196,3615508,2853340
355,0,149,147,2,0,0,28532856,92523104,104698788,7920,13477248,,5742032,8315044,8409868,6065912,,24804500,21276100,21752596,24689908,,27305540,25152280,25035260,27205708,,1980,1980,1980,1980,,2833732,4174372,3615772,2853372
357,1,150,148,2,0,0,28613600,92460284,104639496,7920,13478408,,5767844,8342264,8424076,6079416,,24805600,21242244,21733868,24678572,,27306720,25120848,25017496,27194432,,1980,1980,1980,1980,,2833784,4175172,3616032,2853420
360,1,151,150,1,0,0,28761412,92310992,104492928,7920,13479276,,5797704,8377032,8478432,6108244,,24770528,21214092,21679892,24646480,,27271700,25093200,24965436,27162592,,1980,1980,1980,1980,,2833808,4175476,3616320,2853672
363,0,152,151,1,0,0,28831820,92238596,104423668,7920,13481108,,5807312,8395192,8536456,6092860,,24758720,21195664,21622548,24661664,,27260160,25075004,24908800,27179704,,1980,1980,1980,1980,,2834080,4175716,3616848,2854464
365,1,153,152,1,0,0,28959240,92089556,104277288,7920,13481816,,5853620,8436092,8590152,6079376,,24694276,21156332,21560904,24678044,,27197580,25036048,24847332,27196328,,1980,1980,1980,1980,,2834296,4175940,3617056,2854524
368,0,154,153,1,0,0,29075924,91982620,104174360,7920,13483032,,5884296,8476288,8606020,6109320,,24682144,21117064,21543904,24639508,,27185492,24998880,24830624,27159364,,1980,1980,1980,1980,,2834332,4176344,3617380,2854976
371,0,155,154,1,0,0,29177788,91869596,104064388,7920,13484028,,5909496,8500616,8638128,6129548,,24658836,21075492,21510068,24625200,,27162244,24957564,24799388,27145192,,1980,1980,1980,1980,,2834388,4176480,3618124,2855036
373,1,156,155,1,0,0,29328836,91692452,103903936,7920,13500592,,5933412,8520304,8680856,6194264,,24628912,21053648,21462848,24547044,,27132636,24936148,24752312,27082840,,1980,1980,1980,1980,,2834584,4176892,3618244,2870872
376,0,157,156,1,0,0,29437740,91573832,103799824,7920,13510720,,5984164,8529104,8693912,6230560,,24548428,21061636,21472240,24491528,,27054132,24944212,24761796,27039684,,1980,1980,1980,1980,,2834756,4176976,3618328,2880660
378,1,158,157,1,0,0,29531708,91517456,103746152,7920,13511672,,6010888,8550488,8714588,6255744,,24545592,21035744,21455844,24480276,,27051332,24920372,24745800,27028648,,1980,1980,1980,1980,,2834796,4177488,3618708,2880680
381,0,159,158,1,0,0,29684564,91320068,103551740,7920,13512576,,6019796,8586624,8795036,6283108,,24526584,20994452,21347716,24451316,,27032364,24879576,24640068,26999732,,1980,1980,1980,1980,,2834840,4177852,3619152,2880732
384,0,160,159,1,0,0,29737588,91281276,103513660,7920,13513148,,6025020,8598348,8814044,6300176,,24523996,20988088,21339008,24430184,,27030080,24873408,24631560,26978612,,1980,1980,1980,1980,,2835140,4178008,3619232,2880768
387,0,161,160,1,0,0,29833896,91166332,103401632,7920,13514268,,6073164,8636724,8815520,6308488,,24472460,20943648,21326060,24424164,,26980524,24829672,24618652,26972784,,1980,1980,1980,1980,,2835344,4178628,3619356,2880940
389,1,162,161,1,0,0,29952612,91060740,103300440,7920,13515192,,6099208,8673544,8836488,6343372,,24456208,20906640,21308988,24388904,,26964300,24795100,24601716,26939324,,1980,1980,1980,1980,,2835376,4179012,3619468,2881336
392,0,163,162,1,0,0,30041288,90947116,103189660,7920,13516212,,6120712,8675648,8858080,6386848,,24429908,20900500,21284700,24332008,,26938064,24788988,24577812,26884796,,1980,1980,1980,1980,,2835468,4179236,3619820,2881688
395,0,164,163,1,0,0,30113404,90888460,103131724,7920,13516920,,6135804,8708128,8865268,6404204,,24410556,20856236,21301360,24320308,,26918804,24744820,24594916,26873184,,1980,1980,1980,1980,,2835576,4179328,3620284,2881732
397,1,165,164,1,0,0,30241368,90762172,103009564,7920,13517748,,6160728,8733620,8897308,6449712,,24387820,20842420,21247432,24284500,,26898020,24731144,24542992,26837408,,1980,1980,1980,1980,,2835824,4179480,3620672,2881772
400,0,166,165,1,0,0,30360024,90597136,102847440,7920,13519056,,6191116,8766088,8914876,6487944,,24353044,20789280,21221552,24233260,,26863340,24679924,24517964,26786212,,1980,1980,1980,1980,,2835888,4180068,3621288,2881812
402,1,167,166,1,0,0,30519020,90474192,102727756,7920,13520100,,6241356,8806804,8969868,6500992,,24315092,20777540,21164408,24217152,,26825416,24669408,24462796,26770136,,1980,1980,1980,1980,,2835916,4180648,3621700,2881836
405,0,168,167,1,0,0,30606552,90379356,102634904,7920,13519928,,6252328,8810544,9007832,6535848,,24297188,20753592,21140216,24188360,,26807012,24645456,24439000,26743436,,1980,1980,1980,1980,,2835240,4180728,3621816,2882144
408,0,169,168,1,0,0,30744528,90234184,102491840,7920,13520756,,6251912,8846892,9078968,6566756,,24284832,20709932,21071256,24168164,,26794744,24603364,24370392,26723340,,1980,1980,1980,1980,,2835292,4181080,3622180,2882204
410,1,170,169,1,0,0,30824944,90136100,102394920,7920,13521380,,6251184,8882736,9103444,6587580,,24298556,20680480,21031144,24125920,,26808580,24574736,24330424,26681180,,1980,1980,1980,1980,,2835456,4181392,3622292,2882240
413,0,171,170,1,0,0,30929716,90014788,102277608,7920,13522256,,6288380,8899444,9127984,6613908,,24246964,20655096,21005904,24106824,,26758440,24549564,24307456,26662148,,1980,1980,1980,1980,,2835648,4181596,3622744,2882268
415,1,172,171,1,0,0,31024824,89943380,102207032,7920,13522888,,6299964,8935416,9162056,6627388,,24238380,20626696,20980336,24097968,,26749880,24521732,24282084,26653336,,1980,1980,1980,1980,,2835684,4182044,3622864,2882296
418,1,173,172,1,0,0,31133488,89820796,102087476,7920,13523964,,6338180,8985916,9176308,6633084,,24185584,20577380,20964624,24093208,,26697304,24475052,24266500,26648620,,1980,1980,1980,1980,,2835828,4182800,3622976,2882360
421,0,174,173,1,0,0,31243524,89701872,101970984,7920,13524648,,6386208,9011912,9202476,6642928,,24148980,20546116,20936764,24070012,,26662628,24443900,24238744,26625712,,1980,1980,1980,1980,,2836064,4182892,3623088,2882604
424,0,175,173,2,0,0,31357780,89619412,101891684,7920,13525960,,6411560,9051304,9225912,6669004,,24136336,20509016,20906988,24067072,,26650052,24407104,24209784,26624744,,1980,1980,1980,1980,,2836112,4183152,3623800,2882896
426,1,176,174,2,0,0,31512724,89442756,101719352,7920,13526864,,6444756,9068852,9242580,6756536,,24085152,20506160,20888360,23963084,,26598888,24404364,24193128,26522972,,1980,1980,1980,1980,,2836144,4183296,3624092,2883332
429,0,177,176,1,0,0,31627828,89316964,101595012,7920,13528128,,6453784,9061440,9321084,6791520,,24083036,20490916,20810276,23932736,,26597156,24389504,24115664,26492688,,1980,1980,1980,1980,,2836472,4183576,3624708,2883372
432,0,178,177,1,0,0,31714824,89224280,101505244,7920,13529044,,6504008,9081784,9314500,6814532,,24020120,20486904,20818020,23899236,,26536372,24386032,24123584,26459256,,1980,1980,1980,1980,,2836660,4184100,3624868,2883416
434,1,179,178,1,0,0,31827764,89095848,101380428,7920,13529656,,6535628,9115364,9350752,6826020,,24002184,20450912,20756276,23886476,,26518312,24351992,24063572,26446552,,1980,1980,1980,1980,,2836708,4184340,3625132,2883476
437,1,180,179,1,0,0,31897772,89003016,101291092,7920,13530808,,6557168,9141132,9373072,6826400,,23970296,20412100,20736324,23884296,,26486464,24315688,24044528,26444412,,1980,1980,1980,1980,,2836732,4184936,3625624,2883516
440,0,181,180,1,0,0,31991064,88932732,101221500,7920,13531360,,6550468,9193468,9412504,6834624,,23969348,20366736,20708544,23888104,,26485568,24270564,24016824,26448544,,1980,1980,1980,1980,,2836792,4185156,3625720,2883692
443,0,182,180,2,0,0,32132488,88780280,101071460,7920,13532060,,6562864,9264700,9441896,6863028,,23965140,20290580,20668924,23855636,,26481520,24194628,23977388,26417924,,1980,1980,1980,1980,,2836924,4185364,3625896,2883876
445,1,183,182,1,0,0,32244516,88636684,100933312,7920,13533312,,6592564,9284460,9437492,6930000,,23928956,20266464,20671836,23769428,,26447668,24170824,23980508,26334312,,1980,1980,1980,1980,,2837296,4185668,3626044,2884304
448,1,184,183,1,0,0,32313068,88600420,100897800,7920,13534128,,6629776,9285008,9436640,6961644,,23907460,20254300,20689376,23749284,,26426248,24159220,23998152,26314180,,1980,1980,1980,1980,,2837456,4186180,3626128,2884364
451,0,185,184,1,0,0,32440800,88455124,100756856,7920,13535008,,6703044,9293068,9461228,6983460,,23821024,20257248,20659312,23717540,,26341680,24162284,23970456,26282436,,1980,1980,1980,1980,,2837672,4186284,3626660,2884392
453,1,186,185,1,0,0,32550368,88363476,100666332,7920,13536076,,6733560,9313384,9482792,7020632,,23796644,20244420,20638208,23684204,,26317368,24149828,23949992,26249144,,1980,1980,1980,1980,,2837732,4186652,3627252,2884440
456,1,187,186,1,0,0,32671784,88194204,100501368,7920,13536876,,6754772,9350604,9525696,7040712,,23748960,20204352,20575900,23664992,,26269716,24111748,23889912,26229992,,1980,1980,1980,1980,,2837760,4186928,3627684,2884504
459,0,188,187,1,0,0,32765296,88111972,100422056,7920,13538100,,6754152,9374256,9574264,7062624,,23750168,20174516,20553888,23633400,,26270984,24082296,23868352,26200424,,1980,1980,1980,1980,,2837836,4187200,3628292,2884772
462,0,189,188,1,0,0,32874584,88009928,100321084,7920,13539016,,6775792,9388048,9629580,7081164,,23726000,20163524,20499424,23620980,,26247024,24071844,23814172,26188044,,1980,1980,1980,1980,,2838000,4187716,3628448,2884852
465,0,190,189,1,0,0,32962256,87888444,100202408,7920,13539920,,6819336,9416720,9628884,7097316,,23682284,20123272,20481252,23601636,,26205484,24032000,23796172,26168752,,1980,1980,1980,1980,,2838332,4188104,3628572,2884912
467,1,191,190,1,0,0,33072168,87783824,100102436,7920,13540924,,6845400,9435116,9669060,7122592,,23679064,20097404,20433156,23574200,,26202332,24008312,23750412,26141380,,1980,1980,1980,1980,,2838384,4188404,3629180,2884956
470,1,192,191,1,0,0,33202464,87654836,99976240,7920,13541800,,6867096,9456508,9705636,7173224,,23654212,20085128,20389324,23526172,,26177540,23996144,23706824,26095732,,1980,1980,1980,1980,,2838444,4188664,3629324,2885368
473,0,193,192,1,0,0,33250480,87577580,99899844,7920,13542428,,6873428,9475484,9722872,7178696,,23638052,20059344,20371644,23508540,,26161764,23970572,23689348,26078160,,1980,1980,1980,1980,,2838624,4188892,3629492,2885420
476,0,194,193,1,0,0,33381164,87440560,99766796,7920,13543084,,6919368,9515044,9742560,7204192,,23590360,20007968,20360856,23481376,,26116140,23920924,23678684,26051048,,1980,1980,1980,1980,,2838816,4189196,3629620,2885452
478,1,195,194,1,0,0,33519528,87328892,99656700,7920,13544180,,6951048,9569388,9748936,7250156,,23551012,19976092,20364364,23437424,,26076744,23890520,23682288,26007148,,1980,1980,1980,1980,,2838856,4190100,3629720,2885504
481,0,196,194,2,0,0,33650888,87202576,99537536,7920,13546108,,6967088,9605856,9781440,7296504,,23533248,19928528,20327400,23413400,,26059040,23845108,23647672,25985716,,1980,1980,1980,1980,,2838928,4190428,3630232,2886520
484,0,197,196,1,0,0,33715044,87136736,99472688,7920,13546892,,6991236,9660472,9796916,7266420,,23530180,19887896,20295672,23422988,,26055984,23804856,23616344,25995504,,1980,1980,1980,1980,,2838940,4190728,3630692,2886532
486,1,198,197,1,0,0,33860712,87006244,99346372,7920,13548116,,7022504,9713352,9826540,7298316,,23491440,19835492,20283388,23395924,,26019360,23752564,23604308,25970140,,1980,1980,1980,1980,,2839440,4190892,3630856,2886928
489,1,199,198,1,0,0,33986948,86862980,99204356,7920,13549360,,7050520,9750940,9848952,7336536,,23464728,19783748,20255320,23359184,,25992848,23701124,23576860,25933524,,1980,1980,1980,1980,,2839600,4191184,3631520,2887056
492,0,200,199,1,0,0,34117940,86715140,99061052,7920,13550372,,7149956,9763640,9851488,7352856,,23353508,19778508,20250616,23332508,,25883572,23698252,23572356,25906872,,1980,1980,1980,1980,,2839788,4191844,3631648,2887092
495,0,201,200,1,0,0,34201984,86610540,98958896,7920,13551016,,7167876,9782924,9894436,7356748,,23326756,19747756,20206576,23329452,,25856892,23667736,23530384,25903884,,1980,1980,1980,1980,,2839856,4191968,3632036,2887156
498,0,202,201,1,0,0,34287912,86505360,98856320,7920,13551896,,7172728,9803356,9917728,7394100,,23321560,19732600,20175980,23275220,,25851760,23652804,23500220,25851536,,1980,1980,1980,1980,,2839884,4192160,3632392,2887460
500,1,203,202,1,0,0,34372852,86437768,98789276,7920,13552396,,7175960,9826792,9961220,7408880,,23330348,19692388,20132504,23282528,,25860632,23612820,23456892,25858932,,1980,1980,1980,1980,,2839972,4192388,3632520,2887516
503,1,204,202,2,0,0,34459492,86347604,98704192,7920,13553760,,7200852,9839740,9959196,7459704,,23302716,19691496,20130960,23222432,,25835228,23612216,23455596,25801152,,1980,1980,1980,1980,,2840412,4192652,3632760,2887936
506,0,205,204,1,0,0,34529920,86268548,98628044,7920,13554832,,7206512,9866124,9957900,7499384,,23286896,19658668,20135808,23187176,,25819584,23582004,23460540,25765916,,1980,1980,1980,1980,,2840460,4193552,3632848,2887972
509,0,206,205,1,0,0,34675312,86119204,98480192,7920,13555432,,7242016,9879900,9997056,7556340,,23247212,19650528,20092260,23129204,,25779940,23574256,23417992,25708004,,1980,1980,1980,1980,,2840532,4193812,3633084,2888004
512,0,207,206,1,0,0,34824312,85947028,98312124,7920,13556768,,7275976,9913592,10064972,7569772,,23209636,19608224,20030748,23098420,,25742428,23532184,23360264,25677248,,1980,1980,1980,1980,,2840588,4194076,3634016,2888088
514,1,208,207,1,0,0,34918604,85856192,98223428,7920,13557632,,7277044,9961932,10104136,7575492,,23219984,19560628,19977940,23097640,,25752836,23486004,23308056,25676532,,1980,1980,1980,1980,,2840652,4194356,3634484,2888140
517,1,209,208,1,0,0,35041320,85710176,98078972,7920,13558328,,7292632,10004132,10175504,7569052,,23209648,19497364,19908716,23094448,,25742824,23423712,23239036,25673400,,1980,1980,1980,1980,,2840832,4194604,3634708,2888184
520,1,210,209,1,0,0,35167504,85627296,98000908,7920,13559720,,7325988,10034684,10206536,7600296,,23161760,19486632,19889356,23089548,,25696796,23413276,23220308,25670528,,1980,1980,1980,1980,,2841032,4194900,3635324,2888464
523,0,211,210,1,0,0,35287008,85505020,97881776,7920,13560892,,7373808,10044780,10246412,7622008,,23116044,19484636,19847676,23056664,,25651192,23411896,23180968,25637720,,1980,1980,1980,1980,,2841076,4195500,3635764,2888552
526,0,212,211,1,0,0,35388448,85378744,97757856,7920,13561544,,7393624,10057720,10251608,7685496,,23102200,19450220,19844920,22981404,,25637408,23377536,23178280,25564632,,1980,1980,1980,1980,,2841136,4195560,3635864,2888984
529,0,213,212,1,0,0,35515028,85246580,97627748,7920,13562552,,7413220,10078248,10286740,7736820,,23072972,19436340,19808220,22929048,,25608240,23365080,23142020,25512408,,1980,1980,1980,1980,,2841172,4196072,3636272,2889036
531,1,214,213,1,0,0,35605032,85172720,97555032,7920,13562724,,7408232,10105504,10329136,7762160,,23081500,19416632,19767660,22906928,,25617044,23346640,23101696,25489652,,1980,1980,1980,1980,,2841524,4196492,3636472,2888236
534,1,215,214,1,0,0,35715916,85023724,97409668,7920,13563432,,7453776,10123936,10356972,7781232,,23031004,19386252,19717604,22888864,,25568568,23316548,23052964,25471588,,1980,1980,1980,1980,,2841716,4196720,3636724,2888272
537,0,216,215,1,0,0,35780816,84957688,97346816,7920,13564760,,7475272,10146700,10335716,7823128,,23024876,19368996,19735104,22828712,,25562412,23299820,23071604,25412980,,1980,1980,1980,1980,,2841792,4197224,3637016,2888728
540,0,217,216,1,0,0,35868236,84873616,97263384,7920,13565356,,7506396,10162044,10361184,7838612,,23000420,19337176,19709616,22826404,,25538100,23268312,23046204,25410768,,1980,1980,1980,1980,,2841960,4197492,3637128,2888776
543,0,218,217,1,0,0,35976148,84763652,97156492,7920,13566688,,7534104,10178796,10396220,7867028,,22970320,19326780,19675664,22790888,,25510028,23258372,23012748,25375344,,1980,1980,1980,1980,,2842304,4197884,3637648,2888852
546,0,219,218,1,0,0,36070608,84668420,97065720,7920,13567656,,7541004,10196820,10415676,7917108,,22949440,19311232,19672096,22735652,,25489220,23244744,23009448,25322308,,1980,1980,1980,1980,,2842396,4198112,3637920,2889228
548,1,220,219,1,0,0,36191632,84540296,96939096,7920,13568864,,7587480,10227048,10428368,7948736,,22900768,19274784,19646408,22718336,,25440764,23208720,22984488,25305124,,1980,1980,1980,1980,,2842460,4198464,3638644,2889296
551,1,221,220,1,0,0,36315444,84397336,96800656,7920,13570020,,7658652,10237548,10457848,7961396,,22819840,19271632,19600164,22705700,,25361788,23205944,22940392,25292532,,1980,1980,1980,1980,,2842740,4198880,3639060,2889340
554,1,222,221,1,0,0,36430376,84291764,96697524,7920,13570816,,7687448,10286980,10472904,7983044,,22794460,19215800,19599644,22681860,,25336544,23151784,22940300,25268896,,1980,1980,1980,1980,,2842812,4199308,3639160,2889536
557,0,223,222,1,0,0,36544860,84168176,96575528,7920,13571768,,7738320,10307376,10513708,7985456,,22741832,19188168,19562172,22676004,,25284128,23125208,22903108,25263084,,1980,1980,1980,1980,,2843008,4199616,3639548,2889596
560,0,224,223,1,0,0,36609328,84113748,96525464,7920,13572764,,7754316,10307592,10534356,8013064,,22721072,19199072,19548688,22644916,,25265276,23136348,22889732,25234108,,1980,1980,1980,1980,,2843188,4199860,3639668,2890048
563,0,225,224,1,0,0,36665732,84051732,96464260,7920,13573448,,7772220,10340912,10524844,8027756,,22700296,19158816,19549240,22643380,,25244536,23096556,22890536,25232632,,1980,1980,1980,1980,,2843244,4200212,3639916,2890076
566,0,226,225,1,0,0,36777708,83902688,96319728,7920,13574520,,7780700,10387492,10550472,8059044,,22684288,19089208,19521816,22607376,,25228736,23029112,22865184,25196696,,1980,1980,1980,1980,,2843452,4200620,3640304,2890144
568,1,227,226,1,0,0,36964484,83742700,96162480,7920,13575532,,7796960,10447104,10583980,8136440,,22673844,19056696,19481276,22530884,,25218332,22997212,22824692,25122244,,1980,1980,1980,1980,,2843488,4201164,3640416,2890464
571,1,228,227,1,0,0,37063040,83603584,96024228,7920,13576228,,7833832,10470948,10595768,8162492,,22638416,19023208,19472648,22469312,,25183004,22964020,22816380,25060824,,1980,1980,1980,1980,,2843572,4201448,3640668,2890540
574,1,229,228,1,0,0,37200644,83525020,95948724,7920,13577464,,7859776,10499812,10642340,8198716,,22619840,19005108,19433916,22466156,,25166476,22946040,22778480,25057728,,1980,1980,1980,1980,,2843888,4201568,3641416,2890592
577,0,230,229,1,0,0,37265216,83412228,95840548,7920,13578424,,7858856,10511612,10684992,8209756,,22619440,18978624,19367484,22446680,,25166156,22921940,22714136,25038316,,1980,1980,1980,1980,,2843940,4202096,3641748,2890640
580,0,231,230,1,0,0,37377876,83299480,95729508,7920,13579640,,7901208,10545316,10725876,8205476,,22564332,18939804,19347620,22447724,,25111416,22883632,22695016,25039444,,1980,1980,1980,1980,,2844116,4202400,3642440,2890684
583,0,232,231,1,0,0,37596084,83048964,95483856,7920,13580848,,7981064,10612608,10797708,8204704,,22481700,18879512,19252468,22435284,,25030628,22823932,22602264,25027032,,1980,1980,1980,1980,,2844304,4202980,3642828,2890736
585,1,233,232,1,0,0,37673444,82993560,95430864,7920,13581612,,7994820,10635476,10810524,8232624,,22476380,18849800,19240732,22426648,,25025408,22794304,22590640,25020512,,1980,1980,1980,1980,,2844384,4203064,3642964,2891200
588,1,234,233,1,0,0,37741892,82912148,95350644,7920,13582612,,8016972,10633172,10827956,8263792,,22451464,18848704,19225756,22386224,,25000676,22793684,22576100,24980184,,1980,1980,1980,1980,,2844544,4203396,3643400,2891272
591,1,235,234,1,0,0,37838736,82794720,95235836,7920,13583484,,8029436,10647348,10861300,8300652,,22426968,18827064,19191532,22349156,,24976448,22774076,22542092,24943220,,1980,1980,1980,1980,,2844748,4203824,3643596,2891316
594,0,236,235,1,0,0,37917252,82733372,95179016,7920,13584444,,8061680,10663804,10851632,8340136,,22399492,18817964,19199272,22316644,,24950932,22765424,22549940,24912720,,1980,1980,1980,1980,,2844936,4204208,3643696,2891604
597,0,237,236,1,0,0,38035052,82619328,95068304,7920,13585508,,8102636,10686968,10878144,8367304,,22359216,18807400,19162048,22290664,,24910776,22755392,22515272,24886864,,1980,1980,1980,1980,,2844992,4204720,3644124,2891672
600,0,238,237,1,0,0,38114056,82523716,94974848,7920,13586224,,8123880,10717096,10894752,8378328,,22337660,18749584,19162260,22274212,,24889292,22699560,22515472,24870524,,1980,1980,1980,1980,,2845068,4205152,3644236,2891768
602,1,239,238,1,0,0,38237780,82422420,94874792,7920,13587148,,8134276,10769116,10932892,8401496,,22341412,18717252,19117476,22246280,,24893184,22667996,22470884,24842728,,1980,1980,1980,1980,,2845192,4205540,3644504,2891912
605,0,240,239,1,0,0,38384452,82265040,94722136,7920,13588400,,8174804,10798596,10952604,8458448,,22302636,18688256,19093272,22180876,,24856412,22639096,22447176,24779452,,1980,1980,1980,1980,,2845436,4205660,3644980,2892324
608,0,241,240,1,0,0,38503784,82144996,94605092,7920,13589340,,8197028,10830988,10984116,8491652,,22271752,18652476,19072868,22147900,,24825608,22603476,22429424,24746584,,1980,1980,1980,1980,,2845504,4205784,3645648,2892404
611,0,242,241,1,0,0,38640368,81982260,94445272,7920,13590932,,8253068,10872092,11013872,8501336,,22227172,18605212,19023092,22126784,,24781236,22558240,22380240,24725556,,1980,1980,1980,1980,,2845680,4206616,3646188,2892448
614,0,243,242,1,0,0,38735064,81871292,94335460,7920,13591544,,8264444,10910932,11045776,8513912,,22191784,18561008,19001596,22116904,,24745996,22514836,22358856,24715772,,1980,1980,1980,1980,,2845884,4206844,3646292,2892524
616,1,244,243,1,0,0,38851400,81782392,94251304,7920,13592612,,8309960,10930884,11058876,8551680,,22144044,18554340,18992688,22091320,,24700284,22508492,22350032,24692496,,1980,1980,1980,1980,,2846060,4207176,3646380,2892996
619,1,245,244,1,0,0,38924648,81697416,94169108,7920,13593576,,8326456,10935084,11093868,8569240,,22145572,18556032,18933412,22062400,,24701944,22510400,22293112,24663652,,1980,1980,1980,1980,,2846124,4207360,3647056,2893036
622,0,246,245,1,0,0,39024984,81607460,94082112,7920,13594408,,8339756,10970272,11114772,8600184,,22123940,18507440,18934044,22042036,,24680376,22464312,22294068,24643356,,1980,1980,1980,1980,,2846200,4207852,3647260,2893096
625,0,247,246,1,0,0,39115128,81507668,93983204,7920,13595148,,8350532,10981320,11140604,8642672,,22105116,18491372,18900692,22010488,,24661652,22448392,22260848,24612312,,1980,1980,1980,1980,,2846276,4208120,3647468,2893284
628,0,248,246,2,0,0,39235224,81366556,93844852,7920,13596308,,8352604,11037340,11160308,8684972,,22112080,18429892,18880280,21944304,,24668800,22387592,22240540,24547920,,1980,1980,1980,1980,,2846424,4208816,3647572,2893496
631,0,249,248,1,0,0,39364388,81216056,93699212,7920,13597400,,8395300,11063896,11188788,8716404,,22068992,18406280,18841496,21899288,,24627740,22364124,22204360,24502988,,1980,1980,1980,1980,,2846648,4208940,3648272,2893540
634,0,250,249,1,0,0,39518700,81075952,93561784,7920,13598704,,8423784,11109280,11238356,8747280,,22042960,18353672,18789516,21889804,,24601756,22313552,22152872,24493604,,1980,1980,1980,1980,,2846860,4209496,3648732,2893616
637,0,251,250,1,0,0,39572612,81011188,93498064,7920,13599392,,8444712,11146600,11232884,8748416,,22015448,18316532,18792360,21886848,,24574412,22276988,22155948,24490716,,1980,1980,1980,1980,,2847028,4209736,3648952,2893676
639,1,252,251,1,0,0,39755788,80823112,93314852,7920,13600908,,8514276,11184112,11281832,8775568,,21944380,18275940,18764988,21837804,,24505248,22236680,22129240,24443684,,1980,1980,1980,1980,,2847244,4210012,3649640,2894012
642,1,253,252,1,0,0,39854940,80735144,93230136,7920,13602212,,8559052,11194012,11305532,8796344,,21898376,18280636,18715776,21840356,,24459372,22241980,22082280,24446504,,1980,1980,1980,1980,,2847288,4210672,3650056,2894196
645,1,254,253,1,0,0,39918284,80661292,93158396,7920,13602812,,8582660,11208316,11309792,8817516,,21862800,18252884,18727588,21818020,,24423896,22216116,22094204,24424180,,1980,1980,1980,1980,,2847348,4211024,3650192,2894248
648,1,255,254,1,0,0,39998156,80597880,93096696,7920,13603596,,8596052,11220252,11355364,8826488,,21847012,18256252,18688988,21805628,,24408972,22219888,22055988,24411848,,1980,1980,1980,1980,,2847500,4211216,3650580,2894300
651,1,256,255,1,0,0,40127536,80459388,92961040,7920,13603988,,8602504,11240772,11406448,8877812,,21859376,18233456,18626444,21740112,,24422728,22197416,21993692,24347204,,1980,1980,1980,1980,,2847840,4211524,3650828,2893796
654,0,257,256,1,0,0,40214196,80384548,92887172,7920,13604776,,8623396,11268180,11417900,8904720,,21833512,18204788,18606888,21739360,,24397048,22169332,21974260,24346532,,1980,1980,1980,1980,,2848024,4211948,3650964,2893840
657,0,258,257,1,0,0,40305036,80275776,92783280,7920,13606076,,8637960,11327656,11413564,8925856,,21819844,18139276,18605164,21711492,,24383444,22106424,21974660,24318752,,1980,1980,1980,1980,,2848080,4212740,3651344,2893912
660,1,259,258,1,0,0,40429144,80160180,92668640,7920,13606836,,8666180,11371296,11436452,8955216,,21797120,18084404,18594380,21684276,,24361060,22051892,21964092,24291596,,1980,1980,1980,1980,,2848340,4213008,3651516,2893972
663,0,260,259,1,0,0,40552608,79968556,92482156,7920,13608404,,8712940,11399220,11447628,8992820,,21720432,18055276,18583156,21609692,,24286396,22023076,21953412,24219272,,1980,1980,1980,1980,,2848616,4213308,3652060,2894420
666,0,261,260,1,0,0,40705428,79837496,92353676,7920,13609212,,8767888,11445164,11474024,9018352,,21674596,17999956,18549856,21613088,,24240588,21970004,21920420,24222664,,1980,1980,1980,1980,,2848664,4213720,3652328,2894500
669,0,262,261,1,0,0,40769940,79759464,92278688,7920,13610472,,8770176,11444376,11530940,9024448,,21676924,18003376,18477788,21601376,,24242996,21973780,21850880,24211032,,1980,1980,1980,1980,,2848740,4214044,3653124,2894564
672,0,263,262,1,0,0,40890308,79644224,92166264,7920,13611648,,8800960,11501964,11543356,9044028,,21649768,17947448,18473904,21573104,,24215880,21920240,21847276,24182868,,1980,1980,1980,1980,,2848776,4214768,3653468,2894636
675,0,264,263,1,0,0,40947584,79554532,92103888,7920,13637408,,8766560,11517660,11608724,9054640,,21664836,17931492,18393304,21564900,,24231076,21904612,21793508,24174692,,1980,1980,1980,1980,,2848880,4215044,3678820,2894664
678,0,265,264,1,0,0,41051248,79465936,92018004,7920,13638600,,8779368,11575832,11648152,9047896,,21667876,17874184,18359728,21564148,,24234312,21847504,21762144,24174044,,1980,1980,1980,1980,,2849056,4215200,3679576,2894768
681,0,266,265,1,0,0,41165848,79321604,91878536,7920,13639752,,8831712,11591548,11666312,9076276,,21598836,17865208,18314780,21542780,,24167184,21838808,21717448,24155096,,1980,1980,1980,1980,,2849284,4215488,3679772,2895208
684,0,267,266,1,0,0,41268076,79232304,91791312,7920,13640476,,8854228,11637332,11685160,9091356,,21588892,17805424,18311748,21526240,,24157336,21780956,21714568,24138452,,1980,1980,1980,1980,,2849312,4215980,3679916,2895268
686,1,268,267,1,0,0,41420880,79075380,91637628,7920,13643424,,8910884,11682440,11689740,9137816,,21531288,17752436,18306756,21484900,,24099828,21728836,21711800,24097164,,1980,1980,1980,1980,,2849436,4216568,3682100,2895320
689,1,269,268,1,0,0,41525056,78960264,91527376,7920,13644588,,8921252,11700576,11706840,9196388,,21509768,17749140,18297044,21404312,,24080540,21725916,21702248,24018672,,1980,1980,1980,1980,,2849856,4216828,3682256,2895648
692,1,270,269,1,0,0,41625860,78865396,91434868,7920,13645688,,8935788,11731912,11741224,9216936,,21493560,17720720,18250528,21400588,,24064420,21697836,21657596,24015016,,1980,1980,1980,1980,,2849924,4217168,3682888,2895708
695,1,271,270,1,0,0,41766700,78725836,91298808,7920,13646796,,8959376,11777264,11761832,9268228,,21468460,17666084,18235252,21356040,,24039540,21645240,21643460,23970568,,1980,1980,1980,1980,,2850132,4217464,3683404,2895796
698,0,272,271,1,0,0,41898460,78554320,91130636,7920,13648144,,8979924,11811316,11806688,9300532,,21441296,17632216,18187944,21292864,,24012420,21611780,21596720,23909716,,1980,1980,1980,1980,,2850152,4217868,3683992,2896132
701,0,273,272,1,0,0,42014472,78480616,91059860,7920,13649440,,8998952,11828672,11859584,9327264,,21427772,17622272,18131076,21299496,,23998996,21602328,21542200,23916336,,1980,1980,1980,1980,,2850264,4218324,3684644,2896208
704,0,274,273,1,0,0,42050004,78412412,90992576,7920,13650320,,9022336,11818240,11881084,9328344,,21396108,17616492,18110772,21289040,,23967604,21596924,21522012,23906036,,1980,1980,1980,1980,,2850460,4218752,3684744,2896364
707,0,275,274,1,0,0,42187832,78296508,90880908,7920,13651552,,9055600,11853336,11933228,9345668,,21378564,17589364,18063576,21265004,,23951924,21571612,21475324,23882048,,1980,1980,1980,1980,,2850652,4219272,3685192,2896436
709,1,276,275,1,0,0,42248184,78194004,90779744,7920,13652040,,9056416,11884420,11945296,9362052,,21362912,17541300,18042376,21247416,,23936512,21524332,21454300,23864600,,1980,1980,1980,1980,,2850840,4219372,3685304,2896524
712,1,277,276,1,0,0,42384080,78048172,90638708,7920,13653192,,9130540,11914660,11971720,9367160,,21293512,17524804,17994584,21235272,,23869240,21508116,21408872,23852480,,1980,1980,1980,1980,,2851172,4219684,3685748,2896588
715,1,278,277,1,0,0,42532108,77911820,90505120,7920,13653984,,9183088,11943840,11996340,9408840,,21238680,17495676,17994188,21183276,,23814468,21479156,21408836,23802660,,1980,1980,1980,1980,,2851244,4219872,3685960,2896908
718,1,279,278,1,0,0,42658680,77791180,90387452,7920,13655236,,9198784,11963032,12019992,9476872,,21231132,17479548,17962572,21117928,,23807028,21463764,21377272,23739388,,1980,1980,1980,1980,,2851320,4220596,3686084,2897236
721,1,280,279,1,0,0,42753648,77683216,90280704,7920,13656100,,9206628,11975052,12042836,9529132,,21215696,17451204,17940500,21075816,,23792096,21435784,21355500,23697324,,1980,1980,1980,1980,,2851472,4220936,3686428,2897264
724,1,281,280,1,0,0,42880532,77530592,90131896,7920,13657264,,9251716,12019124,12041776,9567916,,21154496,17407244,17933520,21035332,,23732516,21393516,21348908,23656956,,1980,1980,1980,1980,,2851724,4221272,3686884,2897384
727,1,282,281,1,0,0,43005620,77428708,90033988,7920,13658660,,9261632,12043208,12091768,9609012,,21149656,17383756,17895072,21000224,,23727820,21371380,21312716,23622072,,1980,1980,1980,1980,,2851840,4221896,3687328,2897596
730,1,283,282,1,0,0,43074152,77338460,89945176,7920,13660072,,9303360,12047576,12141672,9581544,,21118248,17375800,17822216,21022196,,23696740,21363660,21240676,23644100,,1980,1980,1980,1980,,2852140,4222168,3688124,2897640
733,1,284,283,1,0,0,43208100,77215332,89826184,7920,13661128,,9358216,12080856,12186624,9582404,,21068500,17322932,17804036,21019864,,23649084,21312624,21222648,23641828,,1980,1980,1980,1980,,2852412,4222736,3688264,2897716
736,1,285,284,1,0,0,43320592,77117472,89731772,7920,13662216,,9402236,12132696,12202468,9583192,,21025800,17291848,17772616,21027208,,23606436,21282372,21193720,23649244,,1980,1980,1980,1980,,2852472,4223016,3688960,2897768
739,1,286,285,1,0,0,43422404,77023892,89640728,7920,13662908,,9428780,12146044,12239012,9608568,,21003804,17287924,17741092,20991072,,23584492,21278704,21162308,23615224,,1980,1980,1980,1980,,2852528,4223220,3689044,2898116
742,1,287,286,1,0,0,43501636,76904516,89524020,7920,13663848,,9404468,12175464,12260356,9661348,,21008304,17248960,17699192,20948060,,23589088,21240040,21120648,23574244,,1980,1980,1980,1980,,2852624,4223520,3689244,2898460
745,1,288,287,1,0,0,43616088,76769248,89389336,7920,13664456,,9417108,12194596,12276960,9727424,,20985544,17213028,17689640,20881036,,23566404,21204296,21111308,23507328,,1980,1980,1980,1980,,2852724,4223752,3689468,2898512
748,1,289,288,1,0,0,43702852,76723772,89348980,7920,13665884,,9446332,12214104,12260760,9781656,,20970696,17207952,17718148,20826976,,23553788,21201980,21139924,23453288,,1980,1980,1980,1980,,2853044,4224728,3689572,2898540
751,1,290,289,1,0,0,43807500,76572660,89200876,7920,13667256,,9472452,12237648,12301100,9796300,,20940588,17179812,17655992,20796268,,23523700,21174276,21080164,23422736,,1980,1980,1980,1980,,2853088,4225148,3690308,2898712
754,1,291,290,1,0,0,43909952,76455708,89086728,7920,13668284,,9490308,12287472,12328380,9803792,,20921580,17108820,17642216,20783092,,23504780,21105492,21066776,23409680,,1980,1980,1980,1980,,2853180,4225552,3690740,2898812
757,0,292,291,1,0,0,44007624,76370864,89002940,7920,13669048,,9526584,12339544,12348136,9793360,,20886652,17074032,17617352,20792828,,23470284,21070948,21042220,23419488,,1980,1980,1980,1980,,2853496,4225700,3690964,2898888
760,0,293,292,1,0,0,44113852,76266736,88903876,7920,13670604,,9572156,12342380,12372576,9826740,,20848976,17059908,17589544,20768308,,23434436,21057176,21015148,23397116,,1980,1980,1980,1980,,2853692,4226020,3691692,2899200
763,0,294,293,1,0,0,44210508,76172268,88812712,7920,13671880,,9614108,12366536,12394716,9835148,,20807860,17047596,17572196,20744616,,23393472,21045560,21000116,23373564,,1980,1980,1980,1980,,2853788,4226708,3692128,2899256
766,0,295,294,1,0,0,44309344,76049708,88693160,7920,13672936,,9638400,12403572,12412504,9854868,,20766496,16997564,17556476,20729172,,23352172,20997836,20984976,23358176,,1980,1980,1980,1980,,2853840,4227140,3692608,2899348
769,0,296,295,1,0,0,44424848,75934928,88581200,7920,13673864,,9660212,12430072,12435688,9898876,,20758540,16970940,17532504,20672944,,23344344,20971596,20961088,23304172,,1980,1980,1980,1980,,2853936,4227556,3692684,2899688
772,0,297,296,1,0,0,44543832,75796248,88444232,7920,13674328,,9628644,12477956,12502344,9934888,,20779612,16922524,17446408,20647704,,23365504,20923456,20876768,23278504,,1980,1980,1980,1980,,2854072,4227852,3693368,2899036
775,1,298,297,1,0,0,44609496,75761728,88411072,7920,13674852,,9641604,12499832,12478384,9989676,,20749932,16914056,17494360,20603380,,23336124,20915184,20925512,23234252,,1980,1980,1980,1980,,2854312,4228048,3693372,2899120
778,1,299,298,1,0,0,44755972,75611884,88264392,7920,13675972,,9684844,12542456,12513572,10015100,,20722836,16864948,17450684,20573416,,23311260,20866800,20881992,23204340,,1980,1980,1980,1980,,2854632,4228648,3693512,2899180
781,1,300,299,1,0,0,44852496,75494488,88151784,7920,13677388,,9708900,12551148,12546100,10046348,,20696224,16841360,17420368,20536536,,23286788,20843688,20852052,23169256,,1980,1980,1980,1980,,2854944,4229104,3693844,2899496
784,1,301,300,1,0,0,44981508,75372784,88032772,7920,13678540,,9750532,12582856,12574808,10073312,,20656848,16815896,17384688,20515352,,23247404,20820488,20816848,23148032,,1980,1980,1980,1980,,2855032,4229628,3694304,2899576
787,1,302,301,1,0,0,45094692,75219332,87881976,7920,13679288,,9792320,12615292,12603616,10083464,,20607032,16777912,17333536,20500852,,23197612,20782744,20768008,23133612,,1980,1980,1980,1980,,2855080,4229804,3694760,2899644
790,1,303,302,1,0,0,45241752,75094228,87760136,7920,13680864,,9849424,12624008,12642100,10126220,,20555400,16760004,17330992,20447832,,23146092,20765192,20766356,23082496,,1980,1980,1980,1980,,2855184,4230164,3695532,2899984
793,1,304,303,1,0,0,45343244,74961324,87630420,7920,13682560,,9854124,12670628,12662252,10156240,,20548904,16702392,17299832,20410196,,23139696,20710436,20735296,23044992,,1980,1980,1980,1980,,2855240,4231560,3695684,2900076
796,1,305,304,1,0,0,45402220,74907720,87579920,7920,13683372,,9839288,12693420,12690044,10179468,,20555336,16691780,17266224,20394380,,23146200,20700164,20704328,23029228,,1980,1980,1980,1980,,2855320,4231532,3696396,2900124
799,1,306,305,1,0,0,45505852,74812528,87485776,7920,13684224,,9852364,12713772,12750052,10189664,,20552344,16679544,17212436,20368204,,23143488,20688308,20650688,23003292,,1980,1980,1980,1980,,2855500,4231860,3696508,2900356
803,0,307,306,1,0,0,45629732,74675604,87352664,7920,13685500,,9873648,12755140,12795632,10205312,,20520580,16626000,17171564,20357460,,23113720,20636284,20610024,22992636,,1980,1980,1980,1980,,2855764,4232564,3696744,2900428
806,0,308,307,1,0,0,45691748,74605244,87284084,7920,13686372,,9895560,12777316,12793264,10225608,,20491264,16619964,17154564,20339452,,23084708,20631444,20593188,22974744,,1980,1980,1980,1980,,2856084,4232900,3696864,2900524
809,0,309,308,1,0,0,45800432,74507440,87190824,7920,13687612,,9949328,12803608,12816500,10230996,,20446188,16597392,17129700,20334160,,23041556,20609440,20570344,22969484,,1980,1980,1980,1980,,2856316,4233460,3697276,2900560
812,0,310,309,1,0,0,45930496,74349384,87036056,7920,13689064,,10000712,12833804,12844884,10251096,,20392992,16556648,17096284,20303460,,22988392,20569132,20537668,22940864,,1980,1980,1980,1980,,2856368,4233816,3698004,2900876
815,0,311,310,1,0,0,46029424,74267568,86955132,7920,13689748,,10025892,12880848,12855956,10266728,,20365588,16509188,17092760,20300032,,22961100,20522036,20534412,22937584,,1980,1980,1980,1980,,2856484,4234064,3698248,2900952
818,0,312,311,1,0,0,46118560,74149312,86841520,7920,13690760,,10041572,12893492,12905516,10277980,,20348660,16492940,17019656,20288056,,22944240,20507884,20463744,22925652,,1980,1980,1980,1980,,2856528,4234368,3698832,2901032
821,0,313,312,1,0,0,46272752,73982324,86677556,7920,13692424,,10076448,12931976,12972872,10291456,,20308552,16440256,16953744,20279772,,22905648,20455796,20398664,22917448,,1980,1980,1980,1980,,2856752,4235036,3699512,2901124
824,0,314,313,1,0,0,46433276,73856084,86554692,7920,13693484,,10121336,12972752,13000860,10338328,,20265560,16415188,16936152,20239184,,22863432,20431056,20381156,22879048,,1980,1980,1980,1980,,2856940,4235348,3699624,2901572
827,0,315,314,1,0,0,46530704,73750456,86452016,7920,13694616,,10153100,12994588,13014072,10368944,,20245188,16379180,16927272,20198816,,22843196,20397196,20372796,22838828,,1980,1980,1980,1980,,2857036,4235876,3700100,2901604
830,0,316,315,1,0,0,46601272,73708092,86412644,7920,13695320,,10160760,12999468,13013812,10427232,,20232076,16381440,16944560,20150016,,22830164,20400160,20390236,22792084,,1980,1980,1980,1980,,2857112,4236044,3700208,2901956
833,0,317,316,1,0,0,46668160,73601908,86307528,7920,13696468,,10166508,13034548,13012284,10454820,,20218280,16346880,16931232,20105516,,22816664,20365968,20377172,22747724,,1980,1980,1980,1980,,2857384,4236532,3700480,2902072
836,1,318,317,1,0,0,46774060,73472144,86182596,7920,13697784,,10190392,13057224,13034508,10491936,,20188324,16322212,16883048,20078560,,22788712,20341844,20331220,22720820,,1980,1980,1980,1980,,2857652,4237128,3700884,2902120
839,0,319,318,1,0,0,46859108,73379512,86092648,7920,13698624,,10190444,13075232,13052340,10541092,,20194204,16291704,16873380,20020224,,22794668,20311732,20321732,22664516,,1980,1980,1980,1980,,2857720,4237436,3701016,2902452
842,1,320,319,1,0,0,46970348,73274268,85988912,7920,13699588,,10224384,13097184,13092632,10556148,,20154672,16283820,16834504,20001272,,22755904,20304188,20283180,22645640,,1980,1980,1980,1980,,2857952,4237768,3701372,2902496
845,1,321,320,1,0,0,47126396,73112864,85831632,7920,13700924,,10287312,13128416,13128668,10582000,,20078116,16247052,16805824,19981872,,22680832,20269232,20255108,22626460,,1980,1980,1980,1980,,2858156,4238116,3701936,2902716
848,1,322,321,1,0,0,47298136,72935456,85662092,7920,13706504,,10333628,13155864,13179480,10629164,,20053948,16204364,16732748,19944396,,22656796,20227404,20188780,22589112,,1980,1980,1980,1980,,2858232,4238560,3706880,2902832
851,1,323,322,1,0,0,47479248,72795312,85524960,7920,13707704,,10405228,13182872,13221676,10669472,,19983556,16200280,16712284,19899192,,22586440,20223748,20168708,22546064,,1980,1980,1980,1980,,2858308,4239012,3707220,2903164
855,0,324,323,1,0,0,47510488,72715524,85447908,7920,13708548,,10361244,13200040,13241204,10708000,,19997976,16184892,16684760,19847896,,22600928,20208628,20143496,22494856,,1980,1980,1980,1980,,2858372,4239240,3707712,2903224
858,0,325,324,1,0,0,47572904,72633124,85366540,7920,13709432,,10377216,13181384,13294192,10720112,,20001044,16174940,16627024,19830116,,22604300,20198876,20086220,22477144,,1980,1980,1980,1980,,2858612,4239424,3708124,2903272
861,0,326,325,1,0,0,47688808,72518072,85256452,7920,13710724,,10416320,13206696,13332492,10733300,,19962980,16148520,16592172,19814400,,22568288,20175020,20051644,22461500,,1980,1980,1980,1980,,2858840,4240152,3708404,2903328
864,0,327,326,1,0,0,47777152,72441788,85182568,7920,13711516,,10429428,13247760,13353316,10746648,,19941676,16121344,16568088,19810680,,22547036,20149952,20027660,22457920,,1980,1980,1980,1980,,2858892,4240676,3708504,2903444
867,0,328,327,1,0,0,47847272,72356552,85099688,7920,13713036,,10464040,13271116,13350656,10761460,,19903772,16088384,16565772,19798624,,22509704,20118520,20025532,22445932,,1980,1980,1980,1980,,2859060,4241780,3708696,2903500
870,1,329,328,1,0,0,47968172,72232588,84979796,7920,13714004,,10512900,13310004,13388556,10756712,,19853304,16053844,16532292,19793148,,22460764,20084284,19994188,22440560,,1980,1980,1980,1980,,2859308,4242068,3709044,2903584
873,1,330,329,1,0,0,48100784,72123684,84874536,7920,13715840,,10528836,13376892,13399668,10795388,,19840964,15992580,16517756,19772384,,22448628,20023324,19980588,22421996,,1980,1980,1980,1980,,2859484,4242384,3709944,2904028
876,1,331,330,1,0,0,48250092,71967092,84720588,7920,13716764,,10527136,13437388,13437332,10848236,,19837108,15932232,16481488,19716264,,22444892,19965160,19944576,22365960,,1980,1980,1980,1980,,2859556,4242972,3710136,2904100
879,1,332,331,1,0,0,48338516,71844464,84601272,7920,13718244,,10561888,13438096,13477164,10861368,,19812400,15921136,16428220,19682708,,22420264,19954464,19892064,22334480,,1980,1980,1980,1980,,2859616,4243292,3710880,2904456
883,0,333,332,1,0,0,48495852,71666136,84424400,7920,13719640,,10616872,13476624,13503004,10899352,,19749768,15867956,16397632,19650780,,22358000,19902108,19861696,22302596,,1980,1980,1980,1980,,2859976,4244104,3711072,2904488
886,0,334,333,1,0,0,48557516,71637084,84399892,7920,13720692,,10634768,13491028,13501580,10930140,,19725448,15870736,16420800,19620100,,22335760,19905004,19887136,22271992,,1980,1980,1980,1980,,2860316,4244216,3711584,2904576
889,0,335,334,1,0,0,48663824,71515184,84280976,7920,13721776,,10658324,13535184,13531744,10938572,,19707492,15825424,16379940,19602328,,22317952,19862056,19846660,22254308,,1980,1980,1980,1980,,2860400,4244812,3711916,2904648
892,1,336,335,1,0,0,48759672,71416968,84182880,7920,13721724,,10683248,13545908,13571400,10959116,,19671432,15822228,16335788,19587520,,22282152,19859208,19802676,22238844,,1980,1980,1980,1980,,2860624,4245128,3712108,2903864
895,1,337,336,1,0,0,48859872,71301636,84071492,7920,13722780,,10719948,13567368,13569716,11002840,,19636752,15785920,16342200,19536764,,22249388,19823116,19809320,22189668,,1980,1980,1980,1980,,2860816,4245324,3712320,2904320
898,1,338,337,1,0,0,48968832,71212308,83983256,7920,13723848,,10772896,13582508,13572684,11040744,,19586364,15779368,16330488,19516088,,22199280,19817188,19797728,22169060,,1980,1980,1980,1980,,2861088,4245908,3712444,2904408
902,0,339,338,1,0,0,49073452,71083940,83859948,7920,13725256,,10836464,13613300,13587380,11036308,,19516332,15749416,16310640,19507552,,22131220,19787804,19780280,22160644,,1980,1980,1980,1980,,2861276,4246456,3713032,2904492
905,1,340,339,1,0,0,49269476,70890096,83668908,7920,13726372,,10877916,13651900,13627128,11112532,,19482416,15709360,16277236,19421084,,22097412,19747872,19747388,22076236,,1980,1980,1980,1980,,2861364,4246612,3713568,2904828
908,1,341,340,1,0,0,49373340,70751848,83534052,7920,13727848,,10899620,13654604,13673744,11145372,,19445060,15678300,16227820,19400668,,22060180,19719360,19698540,22055972,,1980,1980,1980,1980,,2861452,4247348,3714136,2904912
911,1,342,341,1,0,0,49516080,70602772,83388568,7920,13729396,,10931184,13687328,13755080,11142488,,19426944,15653532,16144140,19378156,,22042316,19695264,19617432,22033556,,1980,1980,1980,1980,,2861680,4247916,3714832,2904968
914,1,343,342,1,0,0,49553488,70567836,83356276,7920,13730180,,10892444,13713336,13789244,11158464,,19458628,15640756,16102984,19365468,,22074092,19682708,19578536,22020940,,1980,1980,1980,1980,,2861760,4248136,3715236,2905048
918,0,344,343,1,0,0,49635752,70494892,83284420,7920,13731164,,10902676,13724340,13845092,11163644,,19468352,15609408,16055400,19361732,,22084088,19651628,19531404,22017300,,1980,1980,1980,1980,,2862008,4248340,3715672,2905144
921,0,345,344,1,0,0,49787304,70334864,83129068,7920,13732492,,10928612,13735728,13909032,11213932,,19425436,15608876,15984824,19315728,,22043072,19651388,19461096,21973512,,1980,1980,1980,1980,,2862192,4248704,3715924,2905672
924,1,346,345,1,0,0,49901960,70209632,83006444,7920,13733448,,10969164,13766468,13929324,11237004,,19385848,15567656,15969672,19286456,,22003604,19612476,19446040,21944324,,1980,1980,1980,1980,,2862300,4249352,3716068,2905728
927,1,347,346,1,0,0,49965752,70142668,82942524,7920,13734520,,10990576,13795928,13914448,11264800,,19364592,15526388,15977124,19274564,,21982428,19573888,19453724,21932484,,1980,1980,1980,1980,,2862356,4250132,3716248,2905784
930,1,348,347,1,0,0,50060464,70065852,82868836,7920,13735680,,10995784,13841048,13949204,11274428,,19355832,15493796,15953208,19263016,,21973792,19541728,19432252,21921064,,1980,1980,1980,1980,,2862460,4250484,3716848,2905888
934,0,349,348,1,0,0,50200068,69912192,82716520,7920,13737104,,11018784,13899080,13980460,11301744,,19332728,15437408,15908220,19233836,,21950976,19485700,19387864,21891980,,1980,1980,1980,1980,,2862808,4250832,3717492,2905972
937,1,350,349,1,0,0,50333040,69779092,82588832,7920,13738380,,11042336,13915852,14031356,11343496,,19310576,15412132,15864076,19192308,,21931152,19460640,19344016,21853024,,1980,1980,1980,1980,,2863040,4251044,3717740,2906556
940,1,351,350,1,0,0,50429772,69667468,82481084,7920,13740912,,11062556,13971500,14054120,11341596,,19292612,15360880,15836240,19177736,,21913352,19412224,19317056,21838452,,1980,1980,1980,1980,,2863368,4252324,3718564,2906656
943,1,352,351,1,0,0,50575836,69480184,82295280,7920,13741972,,11105884,14019456,14076404,11374092,,19222084,15307236,15806708,19144156,,21843104,19359456,19287668,21805052,,1980,1980,1980,1980,,2863588,4252856,3718696,2906832
946,1,353,352,1,0,0,50586612,69510752,82328992,7920,13743344,,11142776,14004152,14045012,11394672,,19199788,15343700,15844468,19122796,,21823000,19396344,19325868,21783780,,1980,1980,1980,1980,,2863996,4253240,3719180,2906928
949,1,354,352,2,0,0,50727120,69369756,82192740,7920,13744540,,11205980,14030968,14057932,11432240,,19147224,15294612,15827668,19100252,,21772392,19347484,19309280,21763584,,1980,1980,1980,1980,,2864364,4253452,3719312,2907412
953,0,355,354,1,0,0,50832032,69239168,82064952,7920,13745544,,11262364,14057228,14079696,11432744,,19088536,15269312,15790416,19090904,,21713808,19322548,19274284,21754312,,1980,1980,1980,1980,,2864452,4253820,3719800,2907472
956,1,356,355,1,0,0,50953736,69139128,81968084,7920,13746884,,11293596,14070384,14089804,11499952,,19060468,15263848,15791036,19023776,,21685836,19317800,19275192,21689256,,1980,1980,1980,1980,,2864548,4254548,3719980,2907808
959,1,357,356,1,0,0,51043184,69041616,81873644,7920,13747992,,11314460,14084444,14107940,11536340,,19036748,15224644,15786804,18993420,,21662356,19281036,19271148,21659104,,1980,1980,1980,1980,,2864748,4255224,3720144,2907876
962,1,358,357,1,0,0,51174916,68895996,81730404,7920,13749936,,11324992,14097640,14143468,11608816,,19000628,15234956,15744444,18915968,,21626952,19291768,19229372,21582312,,1980,1980,1980,1980,,2865204,4255596,3720724,2908412
966,0,359,358,1,0,0,51263008,68794536,81633092,7920,13750972,,11355416,14143092,14137784,11626716,,18977024,15193680,15731596,18892236,,21605040,19250684,19216824,21560544,,1980,1980,1980,1980,,2865480,4255768,3721060,2908664
969,0,360,359,1,0,0,51366160,68666600,81508576,7920,13752476,,11380116,14143236,14181316,11661492,,18948040,15169280,15691996,18857284,,21576144,19226668,19180000,21525764,,1980,1980,1980,1980,,2865572,4256192,3721936,2908776
972,1,361,360,1,0,0,51486820,68538040,81382860,7920,13753972,,11447564,14187700,14193276,11658280,,18896368,15117940,15672012,18851720,,21524564,19177556,19160464,21520276,,1980,1980,1980,1980,,2865660,4257160,3722324,2908828
976,0,362,361,1,0,0,51547860,68482500,81330220,7920,13754488,,11429044,14194412,14249024,11675380,,18893856,15126536,15618932,18843176,,21522156,19186760,19109492,21511812,,1980,1980,1980,1980,,2865744,4257104,3722740,2908900
979,0,363,362,1,0,0,51649688,68385968,81235360,7920,13756004,,11433764,14223976,14312644,11679304,,18888352,15106408,15552900,18838308,,21517392,19167000,19043956,21507012,,1980,1980,1980,1980,,2866400,4257408,3723220,2908976
982,1,364,363,1,0,0,51829272,68214656,81068616,7920,13756996,,11461088,14250840,14381348,11735996,,18865704,15080724,15485748,18782480,,21496440,19141656,18977056,21453464,,1980,1980,1980,1980,,2866332,4257736,3723468,2909460
985,1,365,364,1,0,0,51891688,68091464,81001128,7920,13811344,,11484040,14290424,14350560,11766664,,18853240,15020664,15470392,18747168,,21484060,19083640,19015212,21418216,,1980,1980,1980,1980,,2866412,4258540,3776868,2909524
989,0,366,365,1,0,0,52028992,67940412,80853472,7920,13812464,,11514140,14325008,14398820,11791024,,18810060,14997272,15418188,18714892,,21441008,19061392,18965068,21386004,,1980,1980,1980,1980,,2866536,4259108,3777248,2909572
992,1,367,366,1,0,0,52115768,67795180,80752896,7920,13854984,,11525052,14376244,14423984,11790488,,18795376,14890228,15386172,18723404,,21426404,18997804,18934048,21394640,,1980,1980,1980,1980,,2866608,4300684,3778036,2909656
995,1,368,367,1,0,0,52224180,67679284,80638916,7920,13855996,,11540140,14416384,14453792,11813864,,18779512,14860428,15344848,18694496,,21411912,18968220,18892924,21365860,,1980,1980,1980,1980,,2867096,4300808,3778340,2909752
999,0,369,368,1,0,0,52395816,67492932,80457316,7920,13858060,,11572404,14425760,14552148,11845504,,18743908,14838792,15248032,18662200,,21377500,18947028,18799252,21333536,,1980,1980,1980,1980,,2867452,4301244,3779572,2909792
1002,1,370,369,1,0,0,52518332,67389672,80357328,7920,13859392,,11637576,14461464,14572804,11846488,,18699396,14796116,15226756,18667404,,21333064,18905064,18778316,21340884,,1980,1980,1980,1980,,2867544,4301916,3779764,2910168
1005,1,371,370,1,0,0,52573784,67297264,80267912,7920,13860260,,11621220,14514452,14581492,11856620,,18704132,14730040,15203876,18659216,,21338008,18841252,18755752,21332900,,1980,1980,1980,1980,,2867680,4302312,3780040,2910228
1008,1,372,371,1,0,0,52668704,67224468,80196908,7920,13861692,,11653936,14518024,14622972,11873772,,18657044,14735596,15187272,18644556,,21291720,18847264,18739636,21318288,,1980,1980,1980,1980,,2868188,4302684,3780528,2910292
1012,0,373,372,1,0,0,52788468,67119148,80095944,7920,13862884,,11674724,14555236,14657296,11901212,,18648020,14714124,15140016,18616988,,21284444,18826132,18694540,21290828,,1980,1980,1980,1980,,2868444,4303088,3780992,2910360
1015,0,374,373,1,0,0,52914384,66960812,79940408,7920,13863864,,11697024,14581460,14672364,11963536,,18615812,14677192,15128260,18539548,,21252356,18789440,18683040,21215572,,1980,1980,1980,1980,,2868548,4303308,3781176,2910832
1018,1,375,374,1,0,0,53025316,66879992,79861612,7920,13865112,,11735136,14644976,14666656,11978548,,18598724,14627416,15149368,18504484,,21236320,18740424,18704276,21180592,,1980,1980,1980,1980,,2868800,4304060,3781312,2910940
1021,1,376,375,1,0,0,53221068,66700084,79685912,7920,13866192,,11797212,14681404,14696996,12045456,,18536352,14588436,15110784,18464512,,21175164,18701604,18666092,21143052,,1980,1980,1980,1980,,2869020,4304204,3781708,2911260
1024,1,377,376,1,0,0,53319332,66545868,79534260,7920,13867428,,11818664,14709476,14710036,12081156,,18503728,14539856,15074300,18427984,,21142628,18655116,18630144,21106372,,1980,1980,1980,1980,,2869092,4304872,3782164,2911300
1027,1,378,377,1,0,0,53452224,66395228,79385828,7920,13868236,,11865712,14751284,14736852,12098376,,18452924,14498888,15051988,18391428,,21093036,18614756,18608140,21069896,,1980,1980,1980,1980,,2869256,4305140,3782460,2911380
1031,0,379,378,1,0,0,53637348,66245820,79241092,7920,13870376,,11949064,14791156,14768128,12129000,,18368148,14474368,15030752,18372552,,21009308,18590872,18589792,21051120,,1980,1980,1980,1980,,2869544,4305772,3783572,2911488
1034,0,380,379,1,0,0,53738496,66085012,79083160,7920,13871552,,11935492,14878652,14796340,12128012,,18357188,14359908,14994360,18373556,,20998464,18479044,18553436,21052216,,1980,1980,1980,1980,,2869652,4306652,3783676,2911572
1037,1,381,380,1,0,0,53876004,65997844,78999292,7920,13872692,,11956020,14925392,14828548,12166044,,18366392,14333656,14960416,18337380,,21007868,18453140,18520032,21018252,,1980,1980,1980,1980,,2869864,4306624,3784168,2912036
1040,1,382,381,1,0,0,53935064,65918272,78922632,7920,13873600,,11958148,14949072,14845568,12182276,,18357564,14298756,14948608,18313344,,20999144,18418572,18510652,20994264,,1980,1980,1980,1980,,2869968,4306920,3784624,2912088
1044,0,383,382,1,0,0,54020796,65823664,78841232,7920,13886732,,11971460,14970176,14861520,12217640,,18332340,14283932,14918344,18289048,,20974304,18404080,18492788,20970060,,1980,1980,1980,1980,,2870212,4307236,3797120,2912164
1047,1,384,383,1,0,0,54152296,65671852,78696872,7920,13890272,,12008800,14988660,14918524,12236312,,18298448,14262700,14852376,18258328,,20942572,18383400,18431460,20939440,,1980,1980,1980,1980,,2870432,4307892,3799688,2912260
1050,1,385,384,1,0,0,54266012,65544328,78572128,7920,13891312,,12041612,14996016,14950428,12277956,,18270216,14249068,14819148,18205896,,20914432,18370016,18398560,20889120,,1980,1980,1980,1980,,2870532,4308160,3800032,2912588
1054,0,386,385,1,0,0,54359668,65435176,78470152,7920,13897116,,12061092,15028076,14991248,12279252,,18246964,14204532,14780452,18203228,,20891280,18331784,18360500,20886588,,1980,1980,1980,1980,,2870648,4313100,3800704,2912664
1057,0,387,386,1,0,0,54446216,65353504,78391564,7920,13897776,,12060988,15047732,15017468,12320028,,18248732,14175972,14762328,18166472,,20893152,18305876,18342636,20849900,,1980,1980,1980,1980,,2870732,4313408,3800908,2912728
1060,1,388,387,1,0,0,54577376,65229340,78270724,7920,13899576,,12073512,15122460,15073088,12308316,,18240920,14112988,14709160,18166272,,20885428,18243324,18292192,20849780,,1980,1980,1980,1980,,2870824,4313920,3802028,2912804
1063,1,389,388,1,0,0,54671548,65126752,78171444,7920,13900928,,12063104,15159708,15083208,12365528,,18242704,14072808,14684172,18127068,,20887384,18203692,18267540,20812828,,1980,1980,1980,1980,,2870948,4314500,3802176,2913304
1067,0,390,389,1,0,0,54706808,65074524,78120332,7920,13901952,,12077820,15142348,15107616,12379024,,18210904,14088288,14669416,18105916,,20855756,18219412,18253392,20791772,,1980,1980,1980,1980,,2871120,4314724,3802704,2913404
1070,1,391,390,1,0,0,54817848,64977704,78027612,7920,13903316,,12106916,15187536,15131216,12392180,,18202756,14044420,14635920,18094608,,20849832,18177148,18220020,20780612,,1980,1980,1980,1980,,2871508,4315448,3802896,2913464
1074,1,392,391,0,1,0,54979856,64814408,77868352,7920,13904284,,12141756,15235480,15133584,12469036,,18171036,13980320,14642044,18021008,,20818264,18114268,18226432,20709388,,1980,1980,1980,1980,,2871624,4315676,3803148,2913836
1078,0,393,392,1,0,0,55060024,64676536,77731552,7920,13905524,,12173392,15258908,15118056,12509668,,18111064,13953960,14642084,17969428,,20758504,18088720,18226596,20657732,,1980,1980,1980,1980,,2871888,4316440,3803264,2913932
1081,1,394,393,1,0,0,55136816,64635696,77693880,7920,13906612,,12221904,15278564,15131788,12504560,,18067920,13940140,14642912,17984724,,20718048,18075116,18227588,20673128,,1980,1980,1980,1980,,2872508,4316640,3803436,2914028
1084,1,395,394,1,0,0,55333184,64449260,77512412,7920,13908108,,12294104,15329180,15145136,12564764,,18009504,13897316,14621488,17920952,,20661280,18032664,18206852,20611616,,1980,1980,1980,1980,,2872472,4317032,3804124,2914480
1088,0,396,395,1,0,0,55443344,64331712,77397500,7920,13909004,,12339676,15328112,15194068,12581488,,17965124,13893428,14572548,17900612,,20617048,18028952,18160172,20591328,,1980,1980,1980,1980,,2872616,4317236,3804588,2914564
1091,0,397,396,1,0,0,55588056,64186536,77254616,7920,13911216,,12376556,15350748,15247220,12613532,,17924728,13873680,14519532,17868596,,20576868,18010248,18108104,20559396,,1980,1980,1980,1980,,2872824,4318252,3805508,2914632
1094,1,398,397,1,0,0,55659400,64081848,77154576,7920,13912344,,12397324,15341812,15275104,12645160,,17895288,13861908,14479100,17845552,,20547548,18000624,18069944,20536460,,1980,1980,1980,1980,,2872936,4318740,3805940,2914728
1097,1,399,398,1,0,0,55798060,63979220,77055244,7920,13913440,,12399432,15393296,15348708,12656624,,17913308,13828580,14415584,17821748,,20565668,17969888,18006900,20512788,,1980,1980,1980,1980,,2873044,4319172,3806392,2914832
1100,1,400,399,1,0,0,55891072,63870976,76947812,7920,13914464,,12389304,15441048,15400516,12660204,,17908116,13776184,14364948,17821728,,20560992,17917568,17956416,20512836,,1980,1980,1980,1980,,2873528,4319456,3806592,2914888
1104,0,401,400,1,0,0,55988188,63757572,76836908,7920,13915208,,12413652,15483352,15410820,12680364,,17876152,13729712,14360836,17790872,,20530624,17871496,17952452,20482336,,1980,1980,1980,1980,,2873512,4319840,3806740,2915116
1107,1,402,400,2,0,0,56109756,63599628,76683880,7920,13916676,,12439092,15542576,15429828,12698260,,17857996,13669852,14304256,17767524,,20512648,17812324,17898100,20460808,,1980,1980,1980,1980,,2873656,4320456,3807272,2915292
1111,0,403,402,1,0,0,56162168,63548496,76634156,7920,13917608,,12466116,15557228,15441660,12697164,,17820596,13646376,14310824,17770700,,20475684,17789144,17905228,20464100,,1980,1980,1980,1980,,2873872,4320756,3807592,2915388
1114,1,404,403,1,0,0,56302068,63440668,76531296,7920,13919224,,12515328,15595616,15463680,12727444,,17772020,13611472,14304872,17752304,,20428844,17756616,17900020,20445816,,1980,1980,1980,1980,,2874076,4321376,3808296,2915476
1118,0,405,404,1,0,0,56401256,63317936,76411864,7920,13920432,,12552644,15612060,15485156,12751396,,17721836,13592756,14279744,17723600,,20378932,17738476,17875084,20419372,,1980,1980,1980,1980,,2874332,4321700,3808500,2915900
1121,1,406,405,1,0,0,56608400,63117436,76215452,7920,13922632,,12625184,15645652,15572820,12764744,,17667564,13562848,14179656,17707368,,20324780,17709328,17778028,20403316,,1980,1980,1980,1980,,2874432,4322508,3809688,2916004
1124,1,407,406,1,0,0,56622132,63100800,76201116,7920,13923688,,12587424,15680416,15558724,12795568,,17705384,13522392,14194576,17678448,,20362816,17670752,17793092,20374456,,1980,1980,1980,1980,,2874568,4323268,3809784,2916068
1128,0,408,407,1,0,0,56735440,62946864,76050588,7920,13924584,,12586700,15667676,15646648,12834416,,17710968,13520884,14079512,17635500,,20368456,17669964,17680592,20331576,,1980,1980,1980,1980,,2874612,4323304,3810536,2916132
1131,0,409,408,1,0,0,56878216,62808824,75914872,7920,13925832,,12603836,15715200,15721336,12837844,,17691452,13477212,14011576,17628584,,20350468,17626604,17612952,20324848,,1980,1980,1980,1980,,2875136,4323688,3810772,2916236
1134,1,410,409,1,0,0,57016756,62679344,75788844,7920,13926596,,12638600,15728612,15769372,12880172,,17643268,13464420,13980064,17591592,,20303112,17614140,17581532,20290060,,1980,1980,1980,1980,,2875092,4323972,3810968,2916564
1138,0,411,410,1,0,0,57123260,62575012,75687708,7920,13928008,,12679252,15765636,15757884,12920488,,17596888,13443016,13994972,17540136,,20256920,17595540,17596540,20238708,,1980,1980,1980,1980,,2875236,4325028,3811088,2916656
1141,1,412,411,1,0,0,57234108,62444980,75560548,7920,13928860,,12693436,15794824,15778640,12967208,,17574892,13416784,13951944,17501360,,20235008,17569600,17553736,20202204,,1980,1980,1980,1980,,2875308,4325280,3811260,2917012
1144,1,413,412,1,0,0,57320828,62354988,75474236,7920,13931008,,12706656,15837512,15779028,12997632,,17556684,13370008,13951484,17476812,,20219124,17523396,17554008,20177708,,1980,1980,1980,1980,,2876148,4325804,3811976,2917080
1148,1,414,413,1,0,0,57418124,62262296,75385012,7920,13932604,,12734244,15838044,15814860,13030976,,17549444,13362772,13919380,17430700,,20212664,17516652,17524012,20131684,,1980,1980,1980,1980,,2876360,4326308,3812772,2917164
1151,1,415,414,1,0,0,57539184,62131984,75256492,7920,13933980,,12817032,15860612,15840200,13021340,,17469424,13334400,13894044,17434116,,20132908,17488580,17499836,20135168,,1980,1980,1980,1980,,2876796,4326632,3813328,2917224
1155,1,416,415,1,0,0,57600120,62091772,75221180,7920,13935268,,12839724,15859724,15823816,13076856,,17442188,13340880,13916544,17392160,,20107748,17495520,17522560,20095352,,1980,1980,1980,1980,,2877116,4327036,3813528,2917588
1158,1,417,416,1,0,0,57724880,61913500,75045972,7920,13936556,,12872780,15880192,15846916,13124992,,17402696,13301316,13876736,17332752,,20068544,17458136,17483204,20036088,,1980,1980,1980,1980,,2877340,4327520,3813988,2917708
1162,1,418,417,1,0,0,57846544,61832396,74968104,7920,13937856,,12873068,15906116,15913712,13153648,,17401492,13304268,13817928,17308708,,20067604,17461604,17426692,20012204,,1980,1980,1980,1980,,2877584,4327932,3814504,2917836
1165,1,419,418,1,0,0,57949816,61712848,74851584,7920,13939144,,12915548,15933060,15922436,13178772,,17352720,13261156,13816992,17281980,,20021092,17418812,17426136,19985544,,1980,1980,1980,1980,,2878356,4328200,3814688,2917900
1169,1,420,419,1,0,0,58081596,61560300,74702068,7920,13940196,,12950200,15952476,15977072,13201848,,17316388,13246632,13736752,17260528,,19984688,17405168,17348060,19964152,,1980,1980,1980,1980,,2878088,4329008,3815124,2917976
1173,0,421,420,0,1,0,58198316,61441548,74584912,7920,13941684,,12964384,15989072,16035612,13209248,,17306720,13202308,13681156,17251364,,19975124,17361468,17293276,19955044,,1980,1980,1980,1980,,2878152,4329568,3815920,2918044
1176,0,422,421,1,0,0,58286384,61331040,74479540,7920,13943172,,12978508,16005224,16063944,13238708,,17285940,13185320,13645856,17213924,,19954456,17346676,17258332,19920076,,1980,1980,1980,1980,,2878260,4330032,3816256,2918624
1179,1,423,422,1,0,0,58391444,61256256,74406528,7920,13944844,,12996128,16047524,16114076,13233716,,17270764,13156388,13603384,17225720,,19939416,17318376,17216788,19931948,,1980,1980,1980,1980,,2878392,4330568,3817148,2918736
1183,0,424,423,1,0,0,58518372,61115472,74270256,7920,13946604,,13029184,16129540,16132464,13227184,,17246616,13061688,13585428,17221740,,19916620,17226516,17199072,19928048,,1980,1980,1980,1980,,2878740,4331636,3817396,2918832
1186,0,425,424,1,0,0,58590660,61012932,74170860,7920,13947348,,13105076,16118112,16122568,13244904,,17164696,13041940,13597544,17208752,,19835904,17206860,17212956,19915140,,1980,1980,1980,1980,,2879056,4331712,3817688,2918892
1189,1,426,425,1,0,0,58719144,60877136,74038648,7920,13948632,,13122964,16138840,16164824,13292516,,17132572,13047676,13545180,17151708,,19803864,17212900,17161492,19860392,,1980,1980,1980,1980,,2879104,4332000,3818292,2919236
1192,1,427,426,1,0,0,58731704,60870072,74033948,7920,13949576,,13123452,16158764,16154348,13295140,,17134596,13019704,13566256,17149516,,19805984,17186900,17182804,19858260,,1980,1980,1980,1980,,2879208,4332552,3818508,2919308
1196,0,428,427,1,0,0,58873588,60708584,73875876,7920,13950688,,13124468,16175232,16166064,13407824,,17127680,13000256,13553564,17027084,,19799264,17168136,17170280,19738196,,1980,1980,1980,1980,,2879384,4332864,3818664,2919776
1199,1,429,428,1,0,0,58995724,60558460,73728584,7920,13952108,,13127240,16215060,16200632,13452792,,17121372,12949508,13508700,16978880,,19793212,17118236,17127036,19690100,,1980,1980,1980,1980,,2879620,4333632,3819000,2919856
1202,1,430,429,1,0,0,59145180,60470940,73643224,7920,13953592,,13136828,16256500,16253828,13498024,,17122064,12922420,13461752,16964704,,19794172,17091628,17081444,19675980,,1980,1980,1980,1980,,2879816,4334072,3819784,2919920
1206,0,431,430,1,0,0,59280852,60324728,73501988,7920,13954852,,13175228,16326564,16273708,13505352,,17087840,12850872,13444540,16941476,,19761952,17022572,17064612,19652852,,1980,1980,1980,1980,,2880064,4334652,3820116,2920020
1209,1,432,431,1,0,0,59377116,60203052,73382352,7920,13956516,,13209876,16349852,16308052,13509336,,17057920,12806432,13396348,16942352,,19732652,16978608,17017280,19653812,,1980,1980,1980,1980,,2880328,4335080,3821008,2920100
1213,0,433,432,1,0,0,59538076,60036608,73220404,7920,13957900,,13294808,16402184,16301148,13539936,,16958604,12760980,13420424,16896600,,19634988,16933768,17041592,19610056,,1980,1980,1980,1980,,2880596,4335688,3821192,2920424
1216,1,434,433,1,0,0,59628800,59916292,73102776,7920,13958644,,13348824,16367772,16311436,13600768,,16889436,12781540,13396772,16848544,,19565860,16954564,17018068,19564284,,1980,1980,1980,1980,,2880660,4335932,3821300,2920752
1219,1,435,434,1,0,0,59712632,59845948,73034308,7920,13960552,,13376980,16370476,16328888,13636288,,16877664,12795096,13385420,16787768,,19555128,16968340,17007220,19503620,,1980,1980,1980,1980,,2881740,4336144,3821828,2920840
1223,0,436,435,1,0,0,59802104,59733088,72925904,7920,13961256,,13375020,16374164,16378952,13673968,,16869976,12798184,13315108,16749820,,19548876,16971820,16939396,19465812,,1980,1980,1980,1980,,2881296,4336496,3822512,2920952
1226,0,437,436,1,0,0,59846488,59721212,72916720,7920,13962460,,13386884,16405612,16352340,13701652,,16862872,12766208,13367356,16724776,,19542020,16941740,16991952,19441008,,1980,1980,1980,1980,,2881536,4337052,3822696,2921176
1229,1,438,437,1,0,0,59920084,59643788,72841268,7920,13963820,,13400004,16406476,16375192,13738412,,16843464,12761812,13341732,16696780,,19523068,16938704,16966432,19413064,,1980,1980,1980,1980,,2881904,4337868,3822820,2921228
1233,1,439,438,1,0,0,60062144,59487628,72690600,7920,13965724,,13454572,16458560,16392020,13756992,,16801672,12699876,13312784,16673296,,19483204,16877184,16938444,19391768,,1980,1980,1980,1980,,2882124,4338268,3823764,2921568
1236,1,440,439,1,0,0,60217512,59313764,72519388,7920,13966560,,13489660,16504376,16456500,13766976,,16741164,12661384,13251216,16660000,,19422776,16838896,16879152,19378564,,1980,1980,1980,1980,,2882216,4338452,3824220,2921672
1240,0,441,440,1,0,0,60325192,59190252,72399604,7920,13968472,,13525968,16528048,16502020,13769156,,16711740,12611880,13204544,16662088,,19393632,16791844,16833428,19380700,,1980,1980,1980,1980,,2882452,4339124,3825116,2921780
1243,1,442,441,1,0,0,60393944,59134668,72347464,7920,13969956,,13552424,16541508,16510356,13789656,,16691592,12607292,13177836,16657948,,19373616,16788140,16809096,19376612,,1980,1980,1980,1980,,2882580,4339864,3825652,2921860
1247,1,443,442,1,0,0,60438556,59111620,72326108,7920,13971316,,13558288,16584472,16496196,13799600,,16675640,12579720,13215980,16640280,,19358484,16760788,16847772,19359064,,1980,1980,1980,1980,,2883064,4340148,3826144,2921960
1250,1,444,443,1,0,0,60604484,58900928,72119492,7920,13972116,,13575132,16606608,16554608,13868136,,16662992,12547088,13137552,16553296,,19347240,16728444,16769552,19274256,,1980,1980,1980,1980,,2883056,4340420,3826352,2922288
1254,0,445,444,1,0,0,60687192,58819412,72040664,7920,13973196,,13566876,16613516,16620024,13886776,,16661844,12539660,13066664,16551244,,19346216,16721256,16700772,19272420,,1980,1980,1980,1980,,2883148,4340720,3826796,2922532
1257,1,446,445,1,0,0,60756608,58736232,71960964,7920,13974636,,13582364,16639464,16606448,13928332,,16643428,12497204,13080264,16515336,,19327936,16681804,16714620,19236604,,1980,1980,1980,1980,,2883264,4341820,3826940,2922612
1260,1,447,446,1,0,0,60834568,58689956,71916048,7920,13975484,,13616672,16654052,16625536,13938308,,16628232,12492744,13077636,16491344,,19313476,16677604,16712216,19212752,,1980,1980,1980,1980,,2883508,4342072,3827184,2922720
1264,0,448,447,1,0,0,61023540,58533436,71764848,7920,13977316,,13652812,16698880,16685532,13986316,,16598220,12471088,13018716,16445412,,19285416,16656404,16653984,19169044,,1980,1980,1980,1980,,2883900,4342484,3827884,2923048
1267,0,449,448,1,0,0,61161812,58343948,71578252,7920,13978268,,13702224,16751692,16705812,14002084,,16536876,12387788,12987432,16431852,,19224172,16575460,16622984,19155636,,1980,1980,1980,1980,,2883960,4343020,3828140,2923148
1270,1,450,449,1,0,0,61286600,58233660,71471452,7920,13980384,,13774408,16754740,16744168,14013284,,16477496,12398572,12938680,16418912,,19166576,16586828,16575252,19142796,,1980,1980,1980,1980,,2884472,4343596,3829092,2923224
1274,0,451,450,1,0,0,61447392,58032236,71273432,7920,13981356,,13818648,16789728,16780280,14058736,,16419072,12359124,12900496,16353544,,19108764,16547872,16537200,19079596,,1980,1980,1980,1980,,2884476,4344068,3829208,2923604
1277,1,452,451,1,0,0,61527148,57967748,71211900,7920,13982532,,13859564,16798260,16793912,14075412,,16374316,12346072,12897900,16349460,,19064004,16535044,16537208,19075644,,1980,1980,1980,1980,,2884580,4344272,3829972,2923708
1281,0,453,452,1,0,0,61580716,57908932,71156360,7920,13983816,,13844824,16820084,16813904,14101904,,16384316,12327432,12877108,16320076,,19074116,16518884,16516812,19046548,,1980,1980,1980,1980,,2884668,4344980,3830268,2923900
1284,1,454,453,1,0,0,61628512,57815452,71064080,7920,13984904,,13842332,16836096,16819952,14130132,,16369292,12310736,12841512,16293912,,19059436,16502732,16481428,19020484,,1980,1980,1980,1980,,2884956,4345484,3830472,2923992
1288,0,455,454,1,0,0,61762632,57693788,70948508,7920,13987216,,13884608,16873772,16831372,14172880,,16338348,12271040,12845656,16238744,,19030636,16464512,16485692,18967668,,1980,1980,1980,1980,,2885320,4346928,3830632,2924336
1291,1,456,455,1,0,0,61876064,57592056,70849832,7920,13988716,,13925180,16898156,16875692,14177036,,16308748,12254260,12811352,16217696,,19001176,16448080,16454012,18946564,,1980,1980,1980,1980,,2885468,4347304,3831516,2924428
1295,0,457,456,1,0,0,62009232,57460340,70721280,7920,13990052,,13957656,16945032,16881912,14224632,,16282844,12172604,12805164,16199728,,18975428,16368788,16448332,18928732,,1980,1980,1980,1980,,2885604,4347880,3832040,2924528
1298,1,458,457,1,0,0,62135540,57319476,70583624,7920,13991352,,13954640,16964404,16913220,14303276,,16257600,12183764,12757984,16120128,,18950252,16380244,16401864,18851264,,1980,1980,1980,1980,,2885644,4348112,3832740,2924856
1302,0,459,458,1,0,0,62282756,57144660,70412612,7920,13993296,,14004768,17029280,16950308,14298400,,16227972,12097428,12708452,16110808,,18920776,16294956,16354772,18842108,,1980,1980,1980,1980,,2885764,4349180,3833376,2924976
1305,1,460,459,1,0,0,62354408,57078716,70349444,7920,13994060,,13985060,17063760,16974728,14330860,,16237044,12059560,12694576,16087536,,18932000,16257228,16341284,18818932,,1980,1980,1980,1980,,2886068,4349324,3833600,2925068
1309,0,461,460,1,0,0,62431688,56994404,70268900,7920,13995652,,13990856,17047180,17039084,14354568,,16220916,12080472,12640872,16052144,,18916292,16278520,16290276,18783812,,1980,1980,1980,1980,,2886320,4349680,3834368,2925284
1312,1,462,461,1,0,0,62537568,56877984,70155096,7920,13996932,,14024804,17059444,17085524,14367796,,16194732,12070412,12582960,16029880,,18890152,16270568,16232744,18761632,,1980,1980,1980,1980,,2886396,4350468,3834688,2925380
1316,0,463,462,1,0,0,62642512,56802032,70082216,7920,13997688,,14053524,17087328,17080220,14421440,,16187548,12036008,12582568,15995908,,18883000,16236728,16232616,18729872,,1980,1980,1980,1980,,2886476,4350532,3834856,2925824
1319,1,464,463,1,0,0,62733012,56674224,69955936,7920,13999044,,14080952,17100772,17117228,14434060,,16121796,12029804,12537288,15985336,,18817552,16231360,16187536,18719488,,1980,1980,1980,1980,,2886732,4351352,3835044,2925916
1322,1,465,464,1,0,0,62820704,56622768,69908396,7920,14000988,,14084768,17150532,17132180,14453224,,16132524,11978884,12546480,15964880,,18830512,16181228,16197368,18699288,,1980,1980,1980,1980,,2887080,4352068,3835688,2926152
1326,1,466,464,2,0,0,62963120,56395564,69685792,7920,14002136,,14126812,17185576,17206888,14443844,,16069604,11928672,12445212,15952076,,18767676,16133100,16098424,18686592,,1980,1980,1980,1980,,2887184,4352392,3836304,2926256
1330,0,467,466,1,0,0,63074384,56270520,69564644,7920,14004180,,14169172,17210832,17220344,14474036,,16044416,11889864,12420512,15915728,,18742584,16094792,16074712,18652556,,1980,1980,1980,1980,,2887288,4352832,3837204,2926856
1333,1,468,467,1,0,0,63114852,56242452,69537652,7920,14005356,,14204344,17218716,17207780,14484012,,15999472,11896620,12444436,15901924,,18697788,16102204,16098808,18638852,,1980,1980,1980,1980,,2887512,4353452,3837428,2926964
1337,0,469,468,1,0,0,63194084,56198524,69497840,7920,14006592,,14212884,17236480,17244476,14500244,,16006448,11875568,12417936,15898572,,18706812,16082560,16072856,18635612,,1980,1980,1980,1980,,2887784,4353832,3837940,2927036
1340,1,470,469,1,0,0,63345668,56010168,69313400,7920,14007728,,14234580,17274924,17270568,14565596,,15990792,11820004,12371508,15827864,,18691280,16028288,16026676,18567156,,1980,1980,1980,1980,,2887908,4354244,3838172,2927404
1343,1,471,470,1,0,0,63471268,55916092,69221644,7920,14008592,,14270420,17298704,17298920,14603224,,15955852,11809228,12348960,15802052,,18657992,16017840,16004344,18541468,,1980,1980,1980,1980,,2888168,4354556,3838364,2927504
1347,1,472,471,1,0,0,63586124,55794892,69105464,7920,14011496,,14311456,17313036,17308912,14652720,,15896600,11806876,12342372,15749044,,18599400,16017756,15999744,18488564,,1980,1980,1980,1980,,2888364,4356792,3838748,2927592
1350,1,473,472,1,0,0,63726416,55647832,68961240,7920,14013008,,14342512,17364824,17324128,14694952,,15874720,11730956,12314216,15727940,,18577640,15943916,15972128,18467556,,1980,1980,1980,1980,,2888468,4357688,3839172,2927680
1354,1,474,473,1,0,0,63824920,55517936,68833252,7920,14014404,,14374456,17403416,17348208,14698840,,15820528,11695080,12309896,15692432,,18523740,15908828,15968560,18432124,,1980,1980,1980,1980,,2888792,4357940,3839916,2927756
1357,1,475,474,1,0,0,63922644,55407648,68727844,7920,14015604,,14422508,17401576,17412416,14686144,,15784876,11705368,12222548,15694856,,18490472,15919280,15883448,18434644,,1980,1980,1980,1980,,2889212,4358128,3840412,2927852
1361,1,476,475,1,0,0,64092260,55272800,68597080,7920,14017780,,14508844,17417084,17457188,14709144,,15705452,11684256,12197656,15685436,,18411148,15898808,15859664,18427460,,1980,1980,1980,1980,,2889300,4358772,3841376,2928332
1364,1,477,476,1,0,0,64195860,55110920,68438344,7920,14019068,,14531236,17449256,17494476,14720892,,15676536,11627496,12139864,15667024,,18382348,15844736,15802032,18409228,,1980,1980,1980,1980,,2889404,4359700,3841512,2928452
1368,1,478,477,1,0,0,64270140,55060896,68391584,7920,14020292,,14536012,17477104,17510216,14746808,,15666332,11612008,12134336,15648220,,18372272,15829532,15799272,18390508,,1980,1980,1980,1980,,2889512,4359908,3842320,2928552
1372,0,479,478,1,0,0,64367932,54970008,68303776,7920,14021528,,14497184,17491324,17589276,14790148,,15703928,11608096,12057456,15600528,,18410104,15826020,15722604,18345048,,1980,1980,1980,1980,,2889768,4360328,3842540,2928892
1375,1,480,479,1,0,0,64482764,54822320,68157232,7920,14022544,,14514280,17514416,17620408,14833660,,15678660,11576844,12014780,15552036,,18385476,15794992,15680100,18296664,,1980,1980,1980,1980,,2890284,4360556,3842712,2928992
1379,0,481,480,1,0,0,64595944,54701752,68041644,7920,14024044,,14546636,17544384,17621256,14883668,,15651080,11538784,12007348,15504540,,18359636,15757960,15674776,18249272,,1980,1980,1980,1980,,2890252,4361536,3843164,2929092
1382,1,482,481,1,0,0,64704612,54592776,67934924,7920,14025504,,14568548,17590040,17653332,14892692,,15622856,11509928,11972760,15487232,,18331532,15730136,15641200,18232056,,1980,1980,1980,1980,,2890372,4362096,3843860,2929176
1386,0,483,482,1,0,0,64867300,54428396,67775212,7920,14026812,,14600080,17620068,17681776,14965376,,15578876,11474316,11953780,15421424,,18287744,15696212,15622536,18168720,,1980,1980,1980,1980,,2890520,4362436,3844180,2929676
1389,1,484,483,1,0,0,64968044,54331884,67680416,7920,14028548,,14633404,17675832,17723368,14935440,,15577284,11413672,11921920,15419008,,18286388,15636072,15591648,18166308,,1980,1980,1980,1980,,2890772,4362876,3845120,2929780
1393,1,485,484,1,0,0,65017536,54220176,67572268,7920,14029836,,14637168,17685988,17758172,14936208,,15537132,11389420,11865472,15428152,,18248236,15613168,15535352,18175512,,1980,1980,1980,1980,,2891020,4363636,3845308,2929872
1397,1,486,485,0,1,0,65083492,54174856,67529988,7920,14031496,,14679468,17719096,17738028,14946900,,15513444,11368848,11874848,15417716,,18225304,15594256,15545256,18165172,,1980,1980,1980,1980,,2891648,4364016,3845868,2929964
1400,1,487,486,1,0,0,65232764,54038912,67398552,7920,14032432,,14719020,17766920,17794744,14952080,,15463624,11319256,11821340,15434692,,18177292,15545076,15493968,18182216,,1980,1980,1980,1980,,2891616,4364396,3846376,2930044
1404,1,488,487,1,0,0,65320932,53952936,67315568,7920,14033492,,14765192,17780696,17772096,15002948,,15424372,11306048,11842340,15380176,,18138192,15532208,15515236,18129932,,1980,1980,1980,1980,,2891744,4364732,3846608,2930408
1408,0,489,488,1,0,0,65462172,53814068,67180088,7920,14034988,,14798244,17822552,17788004,15053372,,15402476,11248180,11826348,15337064,,18116436,15477332,15499400,18086920,,1980,1980,1980,1980,,2891852,4365912,3846756,2930468
1411,1,490,489,1,0,0,65618024,53655384,67024612,7920,14036172,,14819976,17876764,17814948,15106336,,15381820,11203380,11803720,15266464,,18095900,15432736,15477132,18018844,,1980,1980,1980,1980,,2891964,4366068,3847124,2931016
1415,1,491,490,1,0,0,65738356,53554352,66925208,7920,14037804,,14817684,17920324,17830620,15169728,,15384444,11166664,11795192,15208052,,18098684,15396464,15469516,17960544,,1980,1980,1980,1980,,2892100,4366520,3848068,2931116
1418,1,492,491,1,0,0,65806888,53429328,66803380,7920,14038964,,14834732,17942680,17853212,15176264,,15350480,11121860,11759508,15197480,,18065164,15351940,15436240,17950036,,1980,1980,1980,1980,,2892348,4366784,3848656,2931176
1422,1,493,492,1,0,0,65932392,53309544,66689292,7920,14041524,,14883560,17988380,17855468,15204984,,15300156,11087904,11740604,15180880,,18016772,15320844,15418128,17933548,,1980,1980,1980,1980,,2892604,4368280,3849396,2931244
1425,1,494,493,1,0,0,66019088,53249932,66632616,7920,14042188,,14934360,17973880,17898792,15212056,,15261160,11101612,11718912,15168248,,17977900,15335036,15398668,17921012,,1980,1980,1980,1980,,2892748,4368288,3849812,2931340
1429,0,495,494,1,0,0,66164376,53084636,66470132,7920,14043556,,15015320,17984428,17950528,15214100,,15165160,11085708,11670596,15163172,,17883500,15319456,15351076,17916100,,1980,1980,1980,1980,,2893140,4368576,3850388,2931452
1432,1,496,495,1,0,0,66184896,53034972,66424124,7920,14044752,,14971372,17992416,17977496,15243612,,15219056,11062156,11639444,15114316,,17938388,15296288,15320136,17869312,,1980,1980,1980,1980,,2893416,4368944,3850600,2931792
1436,1,497,496,1,0,0,66258412,52937120,66329776,7920,14046336,,14985324,18027976,17964532,15280580,,15188516,11032556,11638092,15077956,,17907920,15269704,15319080,17833072,,1980,1980,1980,1980,,2893520,4370108,3850828,2931880
1440,0,498,497,1,0,0,66412280,52803852,66199488,7920,14047356,,15010556,18061132,17978932,15361660,,15171760,11016616,11620300,14995176,,17891312,15254136,15301468,17752572,,1980,1980,1980,1980,,2893664,4370380,3850980,2932332
1443,1,499,498,1,0,0,66588500,52632744,66030352,7920,14049268,,15041540,18141332,18004644,15400984,,15143272,10932140,11597736,14959596,,17863360,15170168,15279712,17717112,,1980,1980,1980,1980,,2894204,4370836,3851792,2932436
1446,1,500,499,1,0,0,66763940,52453944,65855708,7920,14050036,,15090844,18182424,18050908,15439764,,15089180,10884520,11561144,14919100,,17811024,15122816,15245212,17676656,,1980,1980,1980,1980,,2894200,4371072,3852292,2932472
1450,1,501,500,1,0,0,66972668,52258432,65664008,7920,14051924,,15122148,18270392,18121096,15459032,,15062312,10784272,11491212,14920636,,17784252,15025060,15176356,17678340,,1980,1980,1980,1980,,2894292,4371804,3853252,2932576
1453,1,502,501,1,0,0,67025900,52179268,65588192,7920,14053356,,15128000,18317208,18156328,15424364,,15046740,10754624,11436632,14941272,,17768896,14996232,15124012,17699052,,1980,1980,1980,1980,,2894580,4372440,3853672,2932664
1457,0,503,502,1,0,0,67121576,52064996,65477192,7920,14054508,,15164008,18312168,18212656,15432744,,15016096,10733004,11391088,14924808,,17740568,14974868,15079052,17682704,,1980,1980,1980,1980,,2894868,4372672,3854200,2932768
1460,1,504,503,1,0,0,67250760,51963316,65378584,7920,14055536,,15198328,18308736,18275364,15468332,,14981000,10743908,11345212,14893196,,17705760,14986032,15033404,17653388,,1980,1980,1980,1980,,2895052,4372980,3854436,2933068
1464,0,505,504,1,0,0,67329244,51884464,65300816,7920,14056592,,15233068,18341972,18267744,15486460,,14950588,10711632,11336472,14885772,,17675392,14954532,15024864,17646028,,1980,1980,1980,1980,,2895184,4373656,3854600,2933152
1467,1,506,504,2,0,0,67443336,51771560,65191048,7920,14057988,,15255072,18361960,18296064,15530240,,14908536,10709348,11314052,14839624,,17633664,14954728,15002664,17599992,,1980,1980,1980,1980,,2895440,4374472,3854808,2933268
1471,0,507,506,1,0,0,67597676,51577412,65001652,7920,14059372,,15296148,18426020,18329812,15545696,,14879928,10642020,11257216,14798248,,17606988,14887836,14948120,17558708,,1980,1980,1980,1980,,2895724,4374900,3855388,2933360
1474,1,508,507,1,0,0,67739352,51420524,64848448,7920,14061248,,15333128,18455100,18365596,15585528,,14835916,10605936,11216472,14762200,,17563160,14852176,14908352,17524760,,1980,1980,1980,1980,,2895904,4375284,3856228,2933832
1478,1,509,508,1,0,0,67847816,51298976,64729932,7920,14062540,,15349680,18515584,18415084,15567468,,14822172,10524900,11174208,14777696,,17549604,14773596,14866400,17540332,,1980,1980,1980,1980,,2896032,4376028,3856560,2933920
1481,1,510,509,1,0,0,67982804,51158080,64591352,7920,14064832,,15398340,18543120,18455332,15586012,,14751628,10510236,11125284,14770932,,17479448,14759860,14818348,17533696,,1980,1980,1980,1980,,2896392,4376944,3857444,2934052
1485,1,511,510,1,0,0,68088056,51050392,64488432,7920,14065888,,15426756,18592660,18428080,15640560,,14741600,10458384,11148676,14701732,,17471524,14708268,14841944,17466696,,1980,1980,1980,1980,,2896688,4377176,3857624,2934400
1488,1,512,511,1,0,0,68188844,50958788,64400044,7920,14067280,,15465480,18548440,18506908,15668016,,14701536,10495864,11073444,14687944,,17431740,14746040,14769324,17452940,,1980,1980,1980,1980,,2896948,4377444,3858436,2934452
1492,0,513,512,1,0,0,68276388,50895348,64339760,7920,14068540,,15443500,18582012,18578996,15671880,,14736448,10455208,11012008,14691684,,17466760,14707956,14708144,17456900,,1980,1980,1980,1980,,2897040,4378292,3858636,2934572
1495,1,514,513,1,0,0,68339540,50802412,64249784,7920,14069556,,15441108,18611896,18544308,15742228,,14718196,10433928,11047624,14602664,,17448604,14686944,14743988,17370248,,1980,1980,1980,1980,,2897144,4378504,3858848,2935060
1499,0,515,514,1,0,0,68429768,50707596,64158204,7920,14071132,,15447704,18638072,18575480,15768512,,14719444,10402920,11004076,14581156,,17449964,14656968,14702440,17348832,,1980,1980,1980,1980,,2897268,4379496,3859224,2935144
1502,1,516,515,1,0,0,68555304,50573228,64026116,7920,14072996,,15466392,18687332,18594396,15807184,,14688612,10356376,10986504,14541736,,17419820,14610988,14685856,17309452,,1980,1980,1980,1980,,2897860,4379972,3859964,2935200
1506,1,517,516,1,0,0,68730384,50425036,63882444,7920,14073868,,15492060,18707404,18620192,15910728,,14672328,10348452,10973988,14430268,,17405284,14603284,14673728,17200148,,1980,1980,1980,1980,,2897784,4380200,3860332,2935552
1509,1,518,517,1,0,0,68831568,50246756,63707556,7920,14075600,,15526148,18774304,18649624,15881492,,14641724,10246232,10922636,14436164,,17374736,14503544,14623068,17206208,,1980,1980,1980,1980,,2897932,4380968,3861020,2935680
1513,1,519,518,1,0,0,68955252,50181600,63645552,7920,14077088,,15586800,18770384,18679164,15918904,,14573012,10268648,10906256,14433684,,17307896,14526676,14607136,17203844,,1980,1980,1980,1980,,2898220,4381616,3861480,2935772
1517,1,520,519,1,0,0,69021364,50087092,63554788,7920,14078644,,15606696,18773832,18689924,15950912,,14559056,10251660,10876988,14399388,,17294656,14509948,14580532,17169652,,1980,1980,1980,1980,,2898632,4381852,3862296,2935864
1520,1,521,520,1,0,0,69079052,50031688,63500620,7920,14079660,,15633012,18786484,18705072,15954484,,14539820,10245376,10855448,14391044,,17275560,14504064,14559588,17161408,,1980,1980,1980,1980,,2898744,4382260,3862696,2935960
1524,1,522,520,2,0,0,69218968,49875528,63348936,7920,14081056,,15644908,18838224,18758364,15977472,,14516800,10181256,10806724,14370748,,17252668,14442176,14512900,17141192,,1980,1980,1980,1980,,2898868,4383132,3863032,2936024
1528,1,523,522,1,0,0,69280480,49792432,63267768,7920,14082192,,15668380,18857464,18775552,15979084,,14485648,10175708,10777240,14353836,,17221968,14437808,14483624,17124368,,1980,1980,1980,1980,,2899096,4383800,3863184,2936112
1532,0,524,523,1,0,0,69415652,49662012,63142328,7920,14083796,,15707084,18894460,18807228,16006880,,14436012,10132768,10756004,14337228,,17174268,14395108,14463004,17109948,,1980,1980,1980,1980,,2899400,4384016,3863796,2936584
1535,1,525,524,1,0,0,69579684,49514404,62997684,7920,14085280,,15750932,18957108,18830736,16040908,,14397968,10074640,10739264,14302532,,17136348,14339032,14446828,17075476,,1980,1980,1980,1980,,2899512,4384672,3864388,2936708
1539,1,526,525,1,0,0,69738452,49322232,62808896,7920,14087640,,15766224,19007540,18865576,16099112,,14380792,10014072,10683992,14243376,,17119360,14279720,14392536,17017280,,1980,1980,1980,1980,,2899652,4385400,3865356,2937232
1542,1,527,525,2,0,0,69829620,49227972,62717716,7920,14089164,,15811160,19046796,18874628,16097036,,14325824,9978528,10675968,14247652,,17065024,14245056,14384788,17022848,,1980,1980,1980,1980,,2900180,4386240,3865592,2937152
1546,1,528,527,1,0,0,69917404,49122916,62617112,7920,14090204,,15800940,19092840,18908400,16115224,,14328356,9929900,10641748,14222912,,17069336,14196684,14352872,16998220,,1980,1980,1980,1980,,2900308,4386524,3866116,2937256
1550,0,529,528,1,0,0,69940284,49099584,62597056,7920,14091532,,15839628,19056336,18907540,16136780,,14310908,9944580,10648020,14196076,,17051980,14213860,14359636,16971580,,1980,1980,1980,1980,,2900408,4387192,3866592,2937340
1553,1,530,529,1,0,0,69996308,49043512,62542256,7920,14092572,,15877432,19061212,18908648,16149016,,14264516,9963576,10627616,14187804,,17006060,14233328,14339500,16963368,,1980,1980,1980,1980,,2900724,4387604,3866832,2937412
1557,0,531,530,1,0,0,70126208,48922636,62426612,7920,14094216,,15910884,19077400,18916320,16221604,,14231564,9943764,10639944,14107364,,16975140,14214212,14352072,16885188,,1980,1980,1980,1980,,2900904,4388316,3867056,2937940
1560,1,532,531,1,0,0,70235032,48792376,62299232,7920,14095228,,15932252,19120504,18949180,16233096,,14206376,9892096,10602988,14090916,,16950096,14162968,14317300,16868868,,1980,1980,1980,1980,,2901040,4388676,3867468,2938044
1564,1,533,532,1,0,0,70352920,48662672,62172276,7920,14096916,,15950836,19175300,18959464,16267320,,14191684,9834880,10590708,14045400,,16935508,14107520,14305816,16823432,,1980,1980,1980,1980,,2901136,4389412,3868248,2938120
1568,0,534,533,1,0,0,70490212,48558492,62070096,7920,14097984,,15985088,19217696,19021672,16265756,,14157280,9794196,10535580,14071436,,16901508,14068016,14250940,16849632,,1980,1980,1980,1980,,2901428,4389816,3868500,2938240
1571,1,535,534,1,0,0,70676292,48374656,61892464,7920,14100624,,16067040,19229280,19072780,16307192,,14067316,9794824,10488440,14024076,,16813448,14069700,14204868,16804448,,1980,1980,1980,1980,,2901704,4390804,3869548,2938568
1575,1,536,535,1,0,0,70717112,48273308,61792132,7920,14101488,,16100100,19237260,19069360,16310392,,14019780,9769688,10461432,14022408,,16766160,14044824,14178236,16802912,,1980,1980,1980,1980,,2901944,4391032,3869836,2938676
1579,0,537,535,2,0,0,70844472,48149500,61673296,7920,14102996,,16122440,19213124,19181056,16327852,,14006932,9791108,10357916,13993544,,16753412,14066560,14079180,16774144,,1980,1980,1980,1980,,2902080,4391376,3870764,2938776
1582,1,538,537,1,0,0,70950656,48042528,61569380,7920,14104184,,16086032,19247004,19269752,16347868,,14043284,9753612,10278216,13967416,,16789940,14031504,13999860,16748076,,1980,1980,1980,1980,,2902240,4392044,3871036,2938864
1586,1,539,538,1,0,0,71032072,47967708,61495852,7920,14105456,,16101392,19286664,19245660,16398356,,14023644,9734260,10286888,13922916,,16770560,14012940,14008680,16703672,,1980,1980,1980,1980,,2902488,4392800,3871208,2938960
1590,0,540,539,1,0,0,71203296,47834924,61368172,7920,14106712,,16131780,19321768,19278396,16471352,,14007496,9694788,10271396,13861244,,16756436,13973852,13993440,16644444,,1980,1980,1980,1980,,2902728,4393156,3871424,2939404
1593,1,541,540,1,0,0,71316560,47702116,61237268,7920,14108528,,16151124,19377864,19324992,16462580,,13982620,9636200,10220864,13862432,,16731752,13915752,13944004,16645760,,1980,1980,1980,1980,,2902888,4393604,3872536,2939500
1597,1,542,541,1,0,0,71415680,47563132,61102868,7920,14109680,,16166764,19436784,19342816,16469316,,13959868,9556748,10198104,13848412,,16709160,13838460,13923432,16631816,,1980,1980,1980,1980,,2903028,4394140,3872904,2939608
1601,0,543,542,0,1,0,71567388,47414172,60956160,7920,14111760,,16223256,19486472,19396872,16460788,,13921496,9512040,10140908,13839728,,16671088,13794544,13867292,16623236,,1980,1980,1980,1980,,2903268,4394880,3873904,2939708
1604,1,544,543,1,0,0,71699108,47267720,60813136,7920,14113168,,16258176,19514140,19446240,16480552,,13867584,9482796,10086580,13830760,,16619392,13765968,13813220,16614556,,1980,1980,1980,1980,,2903624,4395536,3874088,2939920
1608,1,545,543,2,0,0,71716232,47268392,60817364,7920,14114540,,16250316,19503660,19440424,16521832,,13873092,9479860,10103164,13812276,,16625180,13763820,13830404,16597960,,1980,1980,1980,1980,,2903776,4395948,3874684,2940132
1611,1,546,544,2,0,0,71840872,47147876,60701680,7920,14115856,,16266648,19523848,19488156,16562220,,13849836,9486916,10039676,13771448,,16602076,13773072,13769248,16557284,,1980,1980,1980,1980,,2903932,4396516,3875188,2940220
1615,1,547,546,1,0,0,71901944,47068396,60625068,7920,14116916,,16277528,19523492,19466168,16634756,,13864396,9472340,10059784,13671876,,16616736,13758756,13789664,16459912,,1980,1980,1980,1980,,2904036,4396756,3875408,2940716
1619,0,548,547,1,0,0,71974396,47017140,60575388,7920,14118304,,16302572,19568140,19475384,16628300,,13831212,9433224,10066364,13686340,,16583968,13720564,13796408,16474448,,1980,1980,1980,1980,,2904300,4397632,3875596,2940776
1622,1,549,548,1,0,0,72149792,46819860,60383740,7920,14120480,,16338948,19633612,19501600,16675632,,13771180,9366624,10037828,13644228,,16526004,13656692,13768616,16432428,,1980,1980,1980,1980,,2904576,4398752,3876304,2940848
1626,1,550,549,1,0,0,72365404,46610272,60177120,7920,14121332,,16380372,19699744,19567472,16717816,,13737996,9303296,9961260,13607720,,16492988,13593604,13694440,16396088,,1980,1980,1980,1980,,2904712,4398716,3876912,2940992
1630,0,551,550,1,0,0,72539536,46400692,59969436,7920,14123104,,16437388,19717300,19659716,16725132,,13690456,9261092,9863868,13585276,,16445788,13551888,13598024,16373736,,1980,1980,1980,1980,,2904996,4399172,3877852,2941084
1633,1,552,550,2,0,0,72621732,46325080,59899136,7920,14124700,,16433312,19763404,19713504,16711512,,13696876,9220876,9807908,13599420,,16454156,13512368,13542316,16390296,,1980,1980,1980,1980,,2905292,4399880,3878100,2941428
1637,1,553,552,1,0,0,72702644,46255768,59831200,7920,14125896,,16492120,19758392,19719728,16732404,,13624632,9220348,9820800,13589988,,16382060,13512300,13555792,16381048,,1980,1980,1980,1980,,2905432,4400256,3878672,2941536
1640,1,554,553,1,0,0,72778684,46151376,59731836,7920,14127420,,16537692,19772548,19727460,16740984,,13575784,9208420,9798944,13568228,,16335744,13502556,13534164,16359372,,1980,1980,1980,1980,,2906136,4400796,3878888,2941600
1644,1,555,554,1,0,0,72841036,46071480,59655036,7920,14128508,,16545020,19793244,19722136,16780636,,13563300,9186748,9789720,13531712,,16323528,13481224,13527340,16322944,,1980,1980,1980,1980,,2906284,4401128,3879408,2941688
1648,1,556,555,1,0,0,72972784,45945600,59532504,7920,14130184,,16560768,19812972,19747980,16851064,,13561280,9170024,9771932,13442364,,16321624,13465364,13509688,16235828,,1980,1980,1980,1980,,2906400,4401932,3879556,2942296
1651,1,557,556,1,0,0,73073580,45816680,59407360,7920,14132380,,16593508,19852628,19759884,16867560,,13532500,9104744,9766360,13413076,,16292924,13402700,13505028,16206708,,1980,1980,1980,1980,,2906492,4403016,3880452,2942420
1655,1,558,557,1,0,0,73253464,45628256,59221780,7920,14133144,,16619296,19912300,19801832,16920036,,13502364,9058896,9698784,13368212,,16262968,13357092,13439804,16161916,,1980,1980,1980,1980,,2906660,4402984,3881024,2942476
1659,0,559,558,1,0,0,73338064,45519928,59116816,7920,14135144,,16640944,19957860,19833864,16905396,,13461580,9015060,9685632,13357656,,16223816,13313832,13427680,16151488,,1980,1980,1980,1980,,2906996,4403556,3881988,2942604
1662,1,560,559,1,0,0,73555504,45310644,58911564,7920,14136776,,16735476,20001988,19872468,16945572,,13361568,8972644,9638392,13338040,,16124492,13272280,13380700,16134092,,1980,1980,1980,1980,,2907164,4404444,3882228,2942940
1666,1,561,560,1,0,0,73625556,45253592,58857244,7920,14137768,,16733064,20036512,19895208,16960772,,13359208,8937700,9627032,13329652,,16122284,13237540,13371684,16125736,,1980,1980,1980,1980,,2907320,4404676,3882752,2943020
1669,1,562,561,1,0,0,73684208,45136448,58743184,7920,14139152,,16743408,20016424,19951356,16973020,,13337980,8940932,9553288,13304248,,16101188,13242828,13298664,16100504,,1980,1980,1980,1980,,2907404,4405388,3883248,2943112
1673,1,563,562,1,0,0,73804916,45052764,58662788,7920,14140068,,16748164,20032088,20007508,17017156,,13352428,8934520,9501464,13264352,,16115740,13237088,13247084,16062876,,1980,1980,1980,1980,,2907532,4405588,3883484,2943464
1677,0,564,563,1,0,0,73924696,44926236,58538760,7920,14141460,,16769344,20065772,20005908,17083672,,13328768,8908052,9485056,13204360,,16093456,13211460,13230820,16003024,,1980,1980,1980,1980,,2907832,4406372,3883680,2943576
1680,1,565,564,1,0,0,74034212,44822416,58438748,7920,14142984,,16801328,20098324,20028432,17106128,,13294280,8877456,9481536,13169144,,16060368,13182996,13227496,15967888,,1980,1980,1980,1980,,2908364,4407028,3883904,2943688
1684,1,566,565,1,0,0,74148888,44695536,58315864,7920,14144844,,16838204,20152216,20033092,17125376,,13257000,8811260,9468888,13158388,,16025004,13117920,13215684,15957256,,1980,1980,1980,1980,,2908708,4407584,3884740,2943812
1688,1,567,566,1,0,0,74372560,44476244,58100264,7920,14146244,,16890148,20202688,20124696,17155028,,13199328,8758292,9381152,13137472,,15968052,13065252,13130512,15936448,,1980,1980,1980,1980,,2908900,4407892,3885532,2943920
1692,0,568,567,1,0,0,74565480,44278952,57907824,7920,14148736,,16967612,20251824,20174956,17171088,,13124120,8709732,9341076,13104024,,15893000,13017708,13091276,15905840,,1980,1980,1980,1980,,2909048,4408852,3886268,2944568
1695,1,569,568,1,0,0,74586464,44215356,57846428,7920,14149728,,16971800,20258200,20170604,17185860,,13106604,8689432,9333900,13085420,,15875588,12999160,13084464,15887216,,1980,1980,1980,1980,,2909212,4409244,3886600,2944672
1699,1,570,569,1,0,0,74633816,44198064,57831780,7920,14150956,,16965136,20275664,20191468,17201548,,13124256,8690020,9301752,13082036,,15894500,13000524,13052808,15883948,,1980,1980,1980,1980,,2909400,4409652,3887100,2944804
1703,1,571,570,1,0,0,74736600,44054684,57692404,7920,14152560,,17003004,20283100,20221984,17228512,,13082544,8678588,9247080,13046472,,15854024,12989500,13000324,15848556,,1980,1980,1980,1980,,2909884,4410084,3887640,2944952
1707,1,572,571,1,0,0,74883520,43921276,57562480,7920,14154240,,17013288,20313568,20250644,17306020,,13057672,8646108,9255572,12961924,,15829260,12957772,13009080,15766368,,1980,1980,1980,1980,,2910012,4410836,3887844,2945548
1711,0,573,572,1,0,0,75013076,43729100,57373496,7920,14155624,,17042052,20378992,20299100,17292932,,13032644,8560760,9179688,12956008,,15804364,12874912,12933644,15760576,,1980,1980,1980,1980,,2910140,4411556,3888264,2945664
1714,1,574,573,1,0,0,75112072,43668224,57316048,7920,14157368,,17053876,20412304,20304064,17341828,,13021828,8539124,9177028,12930244,,15793620,12853820,12931752,15736856,,1980,1980,1980,1980,,2910232,4412068,3889060,2946008
1718,1,575,574,1,0,0,75208720,43591832,57242888,7920,14159064,,17085348,20442316,20335352,17345704,,12994640,8516900,9156880,12923412,,15768240,12832100,12912428,15730120,,1980,1980,1980,1980,,2910464,4412580,3889896,2946124
1722,1,576,575,1,0,0,75357100,43415644,57070692,7920,14161096,,17113660,20491412,20387800,17364228,,12965788,8471484,9081316,12897056,,15739844,12787528,12839436,15703884,,1980,1980,1980,1980,,2910792,4413444,3890628,2946232
1726,1,577,576,1,0,0,75437348,43356092,57014056,7920,14162044,,17123972,20503092,20414480,17395804,,12951536,8455820,9079336,12869400,,15725752,12772036,12839840,15676428,,1980,1980,1980,1980,,2910920,4413636,3891084,2946404
1729,1,578,577,1,0,0,75491716,43271508,56932716,7920,14163428,,17153252,20474820,20444556,17419088,,12923568,8465264,9041712,12840964,,15697944,12783704,12802936,15648132,,1980,1980,1980,1980,,2911032,4414224,3891700,2946472
1733,1,579,578,1,0,0,75576628,43199388,56864032,7920,14164740,,17164564,20489700,20480196,17442168,,12905744,8459820,9018928,12814896,,15680196,12778948,12780448,15624440,,1980,1980,1980,1980,,2911112,4414668,3891996,2946964
1737,0,580,579,1,0,0,75710372,43068304,56735232,7920,14166648,,17168120,20562180,20487104,17492968,,12899388,8400948,8998364,12769604,,15675076,12720876,12760136,15579144,,1980,1980,1980,1980,,2911832,4415472,3892220,2947124
1741,0,581,580,1,0,0,75850524,42912140,56583144,7920,14167492,,17185848,20591312,20529936,17543428,,12887756,8363220,8943852,12717312,,15664780,12683528,12707872,15526964,,1980,1980,1980,1980,,2911788,4415788,3892688,2947228
1744,1,582,581,1,0,0,75936052,42809868,56484856,7920,14169540,,17227140,20636760,20538816,17533336,,12846156,8296252,8933308,12734152,,15623360,12619296,12698240,15543960,,1980,1980,1980,1980,,2911952,4416664,3893540,2947384
1748,1,583,582,1,0,0,76060704,42669012,56345672,7920,14171128,,17254424,20661528,20592604,17552148,,12804216,8265804,8895092,12703900,,15581628,12589452,12660828,15513764,,1980,1980,1980,1980,,2912080,4417220,3894376,2947452
1752,1,584,583,1,0,0,76194376,42560632,56242752,7920,14173032,,17323620,20699468,20604264,17567024,,12755144,8236252,8873288,12695948,,15534524,12560604,12639540,15508084,,1980,1980,1980,1980,,2912380,4417932,3894880,2947840
1755,1,585,584,1,0,0,76272592,42458600,56142660,7920,14173956,,17341980,20714396,20603368,17612848,,12725796,8223432,8859928,12649444,,15505328,12549300,12626384,15461648,,1980,1980,1980,1980,,2912528,4418460,3895048,2947920
1759,1,586,585,1,0,0,76366880,42355428,56043536,7920,14175580,,17377740,20718228,20643132,17627780,,12675988,8212668,8832980,12633792,,15455648,12539700,12602056,15446132,,1980,1980,1980,1980,,2912628,4418796,3896124,2948032
1763,1,587,586,1,0,0,76475500,42265580,55955528,7920,14176572,,17365696,20776324,20705708,17627772,,12706912,8155332,8773176,12630160,,15487420,12482860,12542552,15442696,,1980,1980,1980,1980,,2912892,4419244,3896232,2948204
1767,0,588,587,1,0,0,76543436,42107724,55802296,7920,14178252,,17404084,20789068,20662676,17687608,,12658812,8127404,8767648,12553860,,15440796,12455656,12537252,15368592,,1980,1980,1980,1980,,2913164,4419984,3896416,2948688
1770,1,589,588,1,0,0,76667772,42022224,55719724,7920,14179552,,17435220,20827988,20688408,17716156,,12619280,8111212,8763212,12528520,,15401340,12441688,12533240,15343456,,1980,1980,1980,1980,,2913288,4420604,3896832,2948828
1774,1,590,589,1,0,0,76917336,41800084,55499916,7920,14181360,,17468980,20935044,20762280,17751032,,12582276,8002896,8714592,12500320,,15364700,12334416,12485444,15315356,,1980,1980,1980,1980,,2913564,4421236,3897648,2948912
1778,1,591,590,1,0,0,77093844,41623572,55328956,7920,14183248,,17508392,20987328,20787548,17810576,,12540196,7948104,8682020,12453252,,15327300,12279900,12453380,15268376,,1980,1980,1980,1980,,2914532,4421512,3898184,2949020
1782,1,592,591,1,0,0,77249164,41456348,55166456,7920,14185784,,17624588,20988916,20864876,17770784,,12429948,7935036,8600940,12490424,,15217232,12268024,12375532,15305668,,1980,1980,1980,1980,,2914648,4422684,3899300,2949152
1785,1,593,592,1,0,0,77301480,41366272,55079080,7920,14186744,,17614900,20966796,20906240,17813544,,12434368,7943800,8547884,12440220,,15221804,12276968,12322692,15257616,,1980,1980,1980,1980,,2914748,4422840,3899604,2949552
1789,1,594,593,1,0,0,77432920,41258848,54973900,7920,14188096,,17648048,21011328,20960004,17813540,,12401000,7910176,8502488,12445184,,15188656,12244588,12277844,15262812,,1980,1980,1980,1980,,2914896,4423372,3900116,2949712
1793,1,595,594,1,0,0,77585972,41122032,54840988,7920,14189392,,17675344,21025904,21027884,17856840,,12381384,7900860,8435532,12404256,,15169200,12236672,12213108,15222008,,1980,1980,1980,1980,,2915048,4423900,3900644,2949800
1797,1,596,595,1,0,0,77675848,41006472,54729092,7920,14191036,,17676548,21059548,21021948,17917804,,12379300,7864160,8433132,12329880,,15167244,12200840,12210972,15150036,,1980,1980,1980,1980,,2915140,4424708,3900884,2950304
1801,0,597,596,1,0,0,77826768,40844316,54569844,7920,14192104,,17678924,21100352,21099728,17947764,,12366680,7810760,8363048,12303828,,15154732,12147808,12143112,15124192,,1980,1980,1980,1980,,2915252,4425056,3901376,2950420
1804,1,598,597,1,0,0,77932956,40735668,54463384,7920,14193932,,17688136,21154932,21100184,17989704,,12362004,7775080,8341288,12257296,,15150228,12113208,12122220,15077728,,1980,1980,1980,1980,,2915424,4425832,3902180,2950496
1808,1,599,597,2,0,0,77984340,40680980,54412468,7920,14195872,,17691076,21149572,21142040,18001652,,12371080,7772520,8299076,12238304,,15159384,12111156,12080880,15061048,,1980,1980,1980,1980,,2915496,4426372,3903068,2950936
1812,1,600,598,2,0,0,78123452,40531124,54266152,7920,14197564,,17780348,21174104,21182344,17986656,,12280604,7740448,8257564,12252508,,15069268,12081556,12039920,15075408,,1980,1980,1980,1980,,2915768,4427204,3903544,2951048
1815,1,601,600,1,0,0,78175196,40470968,54208960,7920,14198560,,17767828,21220852,21158508,18028008,,12281348,7694304,8288100,12207216,,15072012,12035972,12070796,15030180,,1980,1980,1980,1980,,2916004,4427540,3903884,2951132
1819,1,602,600,2,0,0,78233988,40411396,54156740,7920,14202092,,17771120,21201360,21196740,18064768,,12274744,7704124,8257812,12174716,,15065540,12048048,12045296,14997856,,1980,1980,1980,1980,,2916088,4428116,3906628,2951260
1822,1,603,602,1,0,0,78348220,40260928,54009572,7920,14203704,,17774484,21223160,21231312,18119264,,12254956,7675500,8226284,12104188,,15046060,12019880,12014024,14929608,,1980,1980,1980,1980,,2916412,4428516,3906996,2951780
1826,1,604,603,1,0,0,78487200,40157988,53908312,7920,14205028,,17809728,21249576,21250312,18177584,,12241352,7668776,8187676,12060184,,15032976,12013960,11975616,14885760,,1980,1980,1980,1980,,2916620,4429304,3907180,2951924
1830,1,605,604,1,0,0,78673520,39996156,53751400,7920,14206876,,17841336,21309456,21283668,18239060,,12221232,7601792,8159068,12014064,,15014512,11949728,11947432,14839728,,1980,1980,1980,1980,,2916900,4430352,3907628,2951996
1834,1,606,605,1,0,0,78782028,39850424,53609596,7920,14208728,,17855748,21361584,21317016,18247680,,12201452,7545588,8115980,11987404,,14994832,11894284,11907248,14813232,,1980,1980,1980,1980,,2917016,4430832,3908744,2952136
1838,1,607,606,1,0,0,78903056,39711724,53472552,7920,14210236,,17892768,21391008,21385928,18233352,,12145144,7498236,8068172,12000172,,14939252,11847256,11859964,14826080,,1980,1980,1980,1980,,2917592,4431124,3909292,2952228
1842,0,608,607,1,0,0,79025244,39570984,53338016,7920,14212644,,17983660,21418760,21391460,18231364,,12066268,7493340,8021472,11989904,,14862100,11843516,11814128,14818272,,1980,1980,1980,1980,,2917572,4432316,3910112,2952644
1845,1,609,608,1,0,0,79074960,39513960,53283832,7920,14213972,,17971076,21470048,21396988,18236848,,12057252,7426928,8033472,11996308,,14853316,11779368,11826460,14824688,,1980,1980,1980,1980,,2917696,4433060,3910420,2952796
1849,1,610,609,1,0,0,79133800,39443356,53217256,7920,14215252,,17973044,21446156,21451720,18262880,,12054624,7434352,7981036,11973344,,14850844,11787504,11777004,14801904,,1980,1980,1980,1980,,2917800,4433360,3911176,2952916
1853,1,611,610,1,0,0,79207856,39378116,53153148,7920,14216580,,17991804,21479560,21462676,18273816,,12028496,7421352,7975828,11952440,,14825144,11774920,11771940,14781144,,1980,1980,1980,1980,,2918204,4433820,3911524,2953032
1857,1,612,611,1,0,0,79358056,39205604,52985672,7920,14218308,,18022436,21500148,21482904,18352568,,12016584,7387752,7944244,11857024,,14815100,11742180,11740552,14687840,,1980,1980,1980,1980,,2918440,4434632,3911736,2953500
1861,0,613,612,1,0,0,79520848,39061944,52845576,7920,14219732,,18081540,21548564,21511108,18379636,,11949752,7351988,7920792,11839412,,14748476,11708700,11717324,14671076,,1980,1980,1980,1980,,2918632,4435228,3911940,2953932
1865,0,614,613,1,0,0,79665040,38914020,52700840,7920,14221536,,18112692,21618328,21527512,18406508,,11926796,7275992,7900376,11810856,,14726892,11633392,11697768,14642788,,1980,1980,1980,1980,,2918940,4435776,3912812,2954008
1868,1,615,614,1,0,0,79740948,38825696,52617228,7920,14223640,,18145400,21620988,21558316,18416244,,11879508,7269948,7873172,11803068,,14680780,11627932,11671328,14637188,,1980,1980,1980,1980,,2919168,4436352,3913600,2954520
1872,1,616,615,1,0,0,79777912,38790988,52586128,7920,14225440,,18146760,21635524,21546764,18448864,,11876436,7264340,7876056,11774156,,14677792,11623080,11676896,14608360,,1980,1980,1980,1980,,2919260,4437092,3914468,2954620
1876,0,617,616,1,0,0,79859020,38681208,52479164,7920,14226504,,18146340,21604672,21615312,18492696,,11876456,7284388,7796032,11724332,,14677984,11643368,11599212,14558600,,1980,1980,1980,1980,,2919416,4437372,3915032,2954684
1879,1,618,617,1,0,0,79970300,38579276,52379780,7920,14228076,,18160428,21649420,21658436,18502016,,11869596,7233880,7767944,11707856,,14671264,11594648,11571624,14542244,,1980,1980,1980,1980,,2919576,4438232,3915488,2954780
1883,1,619,618,1,0,0,80079480,38459916,52264104,7920,14229200,,18167596,21652136,21733380,18526368,,11865924,7210208,7694052,11689732,,14667836,11572048,11497936,14526284,,1980,1980,1980,1980,,2919808,4438436,3915784,2955172
1887,0,620,619,1,0,0,80124380,38435384,52242340,7920,14230944,,18205180,21661856,21687656,18569688,,11830940,7226780,7718592,11659072,,14634368,11589408,11522816,14495748,,1980,1980,1980,1980,,2920404,4439188,3916040,2955312
1890,1,621,620,1,0,0,80232736,38308744,52119760,7920,14232216,,18232664,21701620,21717996,18580456,,11790856,7174036,7715680,11628172,,14595228,11539144,11520404,14464984,,1980,1980,1980,1980,,2920372,4439864,3916536,2955444
1894,1,622,621,1,0,0,80398808,38154140,51968924,7920,14234016,,18273364,21744156,21754844,18626444,,11755380,7146224,7661420,11591116,,14559900,11511888,11469044,14428092,,1980,1980,1980,1980,,2920520,4440332,3917608,2955556
1898,1,623,622,1,0,0,80527368,38016624,51834864,7920,14235772,,18299092,21765540,21824516,18638220,,11736060,7110272,7589356,11580936,,14540748,11476520,11397472,14420124,,1980,1980,1980,1980,,2920648,4440956,3918116,2956052
1902,1,624,623,1,0,0,80671432,37877292,51698172,7920,14237996,,18392588,21812672,21811180,18654992,,11631088,7072696,7611280,11562228,,14436588,11439764,11420236,14401584,,1980,1980,1980,1980,,2921020,4441844,3918932,2956200
1906,1,625,624,1,0,0,80722872,37787232,51612708,7920,14239400,,18377876,21838464,21834748,18671784,,11636892,7030508,7581420,11538412,,14443976,11400032,11390784,14377916,,1980,1980,1980,1980,,2921276,4442524,3919272,2956328
1910,0,626,625,1,0,0,80859128,37660072,51487608,7920,14241092,,18421060,21867124,21880900,18690044,,11595364,7016752,7530392,11517564,,14403216,11386804,11340348,14357240,,1980,1980,1980,1980,,2921904,4442892,3919848,2956448
1913,1,627,626,1,0,0,80927452,37602924,51435020,7920,14242152,,18430248,21883844,21907172,18706188,,11582192,7001336,7508604,11510792,,14391776,11371728,11320972,14350544,,1980,1980,1980,1980,,2922008,4443216,3920412,2956516
1917,1,628,627,1,0,0,81052528,37467064,51302564,7920,14243652,,18465920,21887884,21916556,18782168,,11547644,6997056,7497800,11424564,,14357352,11368244,11310440,14266528,,1980,1980,1980,1980,,2922108,4444020,3920624,2956900
1921,0,629,628,1,0,0,81165008,37337408,51175892,7920,14244628,,18483144,21959536,21926824,18795504,,11521900,6918280,7495248,11401980,,14331728,11291892,11308236,14244036,,1980,1980,1980,1980,,2922228,4444416,3920968,2957016
1925,0,630,629,1,0,0,81273892,37198980,51041184,7920,14246468,,18501916,21998856,21956048,18817072,,11506448,6880284,7428920,11383328,,14316408,11254452,11244824,14225500,,1980,1980,1980,1980,,2922364,4444932,3922040,2957132
1928,1,631,630,1,0,0,81442248,37036128,50880316,7920,14248468,,18531940,22074808,22044772,18790728,,11472436,6789016,7359444,11415232,,14282928,11163816,11176024,14257548,,1980,1980,1980,1980,,2922772,4445532,3922864,2957300
1932,1,632,631,1,0,0,81547608,36934428,50784352,7920,14250540,,18580864,22056296,22087468,18822980,,11420072,6822864,7310636,11380856,,14232504,11198368,11127844,14225636,,1980,1980,1980,1980,,2923016,4446256,3923480,2957788
1936,1,633,632,1,0,0,81596908,36859808,50712544,7920,14251556,,18580096,22047368,22118572,18850872,,11423796,6806608,7279148,11350256,,14236332,11182232,11098980,14195000,,1980,1980,1980,1980,,2923132,4446416,3924092,2957916
1940,1,634,633,1,0,0,81747312,36738820,50595308,7920,14253248,,18626268,22073948,22157400,18889696,,11388876,6791348,7242884,11315712,,14201516,11167512,11063396,14162884,,1980,1980,1980,1980,,2923236,4446888,3924704,2958420
1944,1,635,634,1,0,0,81845264,36624144,50483380,7920,14254468,,18636832,22096800,22152360,18959272,,11364764,6758076,7259332,11241972,,14177548,11136496,11080116,14089220,,1980,1980,1980,1980,,2923372,4447628,3924936,2958532
1948,1,636,635,1,0,0,81975832,36465484,50327860,7920,14256092,,18664904,22117028,22186628,19007272,,11345672,6737424,7190156,11192232,,14160180,11116952,11011104,14039624,,1980,1980,1980,1980,,2923712,4448580,3925120,2958680
1952,1,637,636,1,0,0,82063120,36376136,50242560,7920,14258312,,18684628,22161260,22193132,19024100,,11324088,6684584,7194588,11172876,,14139320,11066128,11016556,14020556,,1980,1980,1980,1980,,2923984,4449312,3926084,2958932
1956,1,638,637,1,0,0,82183112,36305084,50175172,7920,14259524,,18705336,22183104,22218528,19076144,,11302008,6678496,7190020,11134560,,14117332,11060880,11014572,13982388,,1980,1980,1980,1980,,2924080,4449620,3926752,2959072
1960,1,639,638,1,0,0,82237788,36208300,50082924,7920,14261996,,18718588,22179612,22267576,19072012,,11286412,6672632,7132072,11117184,,14102020,11055800,10957684,13967420,,1980,1980,1980,1980,,2924320,4450324,3927784,2959568
1963,1,640,639,1,0,0,82367308,36090656,49968772,7920,14263496,,18757792,22226304,22273008,19110204,,11251140,6637860,7106268,11095388,,14069072,11021844,10932164,13945692,,1980,1980,1980,1980,,2924716,4451060,3928044,2959676
1967,1,641,640,1,0,0,82350060,36075444,49956140,7920,14264828,,18748296,22209808,22286264,19105692,,11254492,6630480,7092276,11098196,,14072692,11016000,10918832,13948616,,1980,1980,1980,1980,,2924856,4451536,3928640,2959796
1971,1,642,641,1,0,0,82420228,36008968,49893948,7920,14266360,,18766428,22237884,22304144,19111772,,11235600,6621188,7073020,11079160,,14053960,11008252,10901932,13929804,,1980,1980,1980,1980,,2925016,4452164,3929232,2959948
1974,1,643,642,1,0,0,82567748,35891452,49779724,7920,14267388,,18786592,22283196,22322760,19175200,,11225104,6571548,7080836,11013964,,14043640,10958944,10909988,13867152,,1980,1980,1980,1980,,2925184,4452448,3929432,2960324
1978,1,644,643,1,0,0,82707116,35740128,49629860,7920,14268880,,18826804,22325232,22352100,19202980,,11176016,6533300,7047108,10983704,,13994836,10921608,10876432,13836984,,1980,1980,1980,1980,,2925444,4453368,3929584,2960484
1982,1,645,644,1,0,0,82952748,35498528,49394196,7920,14271068,,18905336,22408056,22381732,19257624,,11100064,6454940,7001924,10941600,,13920856,10846124,10832120,13795096,,1980,1980,1980,1980,,2925680,4454232,3930452,2960704
1986,1,646,645,1,0,0,83026312,35388592,49285196,7920,14272060,,18935672,22430536,22424988,19235116,,11054924,6404308,6967356,10962004,,13875892,10795608,10798004,13815692,,1980,1980,1980,1980,,2925852,4454428,3930920,2960860
1990,1,647,646,1,0,0,83156620,35250356,49152812,7920,14274740,,18950020,22483300,22476216,19247084,,11045992,6364320,6907092,10932952,,13867260,10756284,10740708,13788560,,1980,1980,1980,1980,,2926128,4455144,3932208,2961260
1994,1,648,647,1,0,0,83290064,35113424,49017104,7920,14275944,,19003956,22481836,22520844,19283428,,10991440,6355312,6862560,10904112,,13812920,10747916,10696404,13759864,,1980,1980,1980,1980,,2926380,4455748,3932428,2961388
1998,0,649,648,1,0,0,83352988,35049684,48958620,7920,14277584,,19019928,22519940,22505176,19307944,,10979140,6316960,6871084,10882500,,13802700,10711988,10705536,13738396,,1980,1980,1980,1980,,2926652,4456392,3933016,2961524
2001,1,650,649,1,0,0,83424244,34988476,48900732,7920,14278856,,19027916,22545956,22497056,19353316,,10959112,6297708,6904356,10827300,,13782816,10693192,10739156,13685568,,1980,1980,1980,1980,,2926760,4456824,3933284,2961988
2005,1,651,650,1,0,0,83537924,34876324,48789908,7920,14279996,,19060972,22584788,22509528,19382636,,10930488,6265824,6877696,10802316,,13754548,10661856,10712764,13660740,,1980,1980,1980,1980,,2926968,4457340,3933552,2962136
2009,1,652,651,1,0,0,83674012,34697260,48616456,7920,14281936,,19088476,22612220,22544844,19428472,,10902584,6222788,6819248,10752640,,13728844,10619532,10656924,13611156,,1980,1980,1980,1980,,2927308,4458036,3934360,2962232
2013,1,653,652,1,0,0,83824500,34552664,48475564,7920,14283896,,19110564,22652984,22602992,19457960,,10878380,6180272,6765616,10728396,,13704852,10577484,10606052,13587176,,1980,1980,1980,1980,,2927516,4458520,3935348,2962512
2017,1,654,653,1,0,0,83889124,34462504,48388540,7920,14285248,,19116004,22685244,22642224,19445652,,10876376,6135712,6720320,10730096,,13702988,10535200,10561328,13589024,,1980,1980,1980,1980,,2927640,4459104,3935860,2962644
2021,1,655,654,1,0,0,84062172,34305264,48234776,7920,14287520,,19202772,22696512,22713152,19449736,,10787104,6134244,6643404,10740512,,13615296,10534380,10485492,13599608,,1980,1980,1980,1980,,2928036,4459756,3936916,2962812
2025,1,656,655,1,0,0,84174584,34176100,48109788,7920,14289348,,19251984,22752324,22684720,19485556,,10717380,6082868,6680780,10695072,,13546416,10483848,10523240,13556284,,1980,1980,1980,1980,,2928316,4460596,3937268,2963168
2029,1,657,656,1,0,0,84204288,34114420,48055200,7920,14294696,,19262440,22698288,22745376,19498184,,10706048,6120764,6624420,10663188,,13535188,10522032,10473416,13524564,,1980,1980,1980,1980,,2928416,4460880,3942088,2963312
2033,0,658,657,1,0,0,84320604,34026172,47970324,7920,14296192,,19247888,22725416,22813420,19533880,,10725240,6115984,6541112,10643836,,13554520,10519868,10390544,13505392,,1980,1980,1980,1980,,2928540,4461688,3942480,2963484
2036,1,659,658,1,0,0,84366280,33969652,47915928,7920,14297616,,19261340,22741184,22780772,19582984,,10715836,6070016,6579580,10604220,,13546012,10474764,10429272,13465880,,1980,1980,1980,1980,,2928836,4462524,3942688,2963568
2040,1,660,659,1,0,0,84495568,33838032,47788940,7920,14298864,,19305440,22777504,22785868,19626756,,10666884,6057428,6576856,10536864,,13498684,10462540,10426716,13401000,,1980,1980,1980,1980,,2929112,4462876,3942888,2963988
2044,1,661,660,1,0,0,84610632,33738468,47691596,7920,14300916,,19329520,22845608,22784912,19650592,,10656552,5973324,6574264,10534328,,13488464,10379300,10425080,13398752,,1980,1980,1980,1980,,2929228,4463612,3943832,2964244
2048,1,662,661,1,0,0,84753444,33536424,47493416,7920,14303052,,19374608,22849364,22903132,19626340,,10596352,5963736,6442608,10533728,,13428660,10372172,10294296,13398288,,1980,1980,1980,1980,,2929640,4464364,3944668,2964380
2052,1,663,662,1,0,0,84955396,33330624,47293288,7920,14305084,,19445140,22883564,22947532,19679160,,10526000,5917596,6404544,10482484,,13360364,10326848,10256868,13349208,,1980,1980,1980,1980,,2929936,4465140,3945256,2964752
2056,1,664,663,1,0,0,85032720,33245456,47210624,7920,14305964,,19437192,22906404,22986316,19702808,,10522936,5910916,6352984,10458620,,13357364,10320312,10207492,13325456,,1980,1980,1980,1980,,2930008,4465280,3945800,2964876
2060,1,665,664,1,0,0,85117652,33179124,47148076,7920,14307808,,19441324,22932272,22999692,19744364,,10530544,5889288,6351940,10407352,,13365140,10299168,10207288,13276480,,1980,1980,1980,1980,,2930172,4465764,3946504,2965368
2064,1,666,665,1,0,0,85266060,33052024,47022216,7920,14309328,,19475772,23023652,22981880,19784756,,10498544,5798348,6381168,10373964,,13333604,10208604,10236740,13243268,,1980,1980,1980,1980,,2930928,4466172,3946716,2965512
2068,1,667,666,1,0,0,85404668,32915028,46890820,7920,14310860,,19520172,23047380,23001656,19835460,,10451140,5763392,6373036,10327460,,13288340,10176804,10228760,13196916,,1980,1980,1980,1980,,2930768,4467548,3946876,2965668
2072,1,668,667,1,0,0,85558348,32751144,46730736,7920,14312792,,19535668,23108344,23034068,19880268,,10433424,5709164,6322500,10286056,,13270700,10123104,10181304,13155628,,1980,1980,1980,1980,,2930880,4467992,3948164,2965756
2076,1,669,668,1,0,0,85753820,32543984,46526872,7920,14314148,,19585116,23171404,23064544,19932756,,10390088,5640748,6285884,10227264,,13227464,10057192,10145104,13097112,,1980,1980,1980,1980,,2930976,4468564,3948588,2966020
2080,1,670,669,1,0,0,85776132,32521928,46508896,7920,14316328,,19613008,23182728,23059340,19921056,,10362072,5628872,6293016,10237968,,13199588,10045968,10153416,13109924,,1980,1980,1980,1980,,2931108,4469080,3949736,2966404
2084,1,671,670,1,0,0,85893740,32391280,46381052,7920,14318100,,19651556,23208540,23092452,19941192,,10308456,5591616,6264020,10227188,,13147428,10009712,10124676,13099236,,1980,1980,1980,1980,,2931552,4470068,3949972,2966508
2088,1,672,671,1,0,0,85973532,32303908,46298080,7920,14319752,,19638740,23220532,23149876,19964384,,10327188,5576180,6189628,10210912,,13167416,9994596,10052936,13083132,,1980,1980,1980,1980,,2931860,4470372,3950836,2966684
2092,1,673,672,1,0,0,86119124,32163120,46160448,7920,14320976,,19660652,23231648,23244904,19981920,,10304724,5569572,6107360,10181464,,13145044,9988464,9973116,13053824,,1980,1980,1980,1980,,2931984,4470840,3951356,2966796
2096,0,674,673,1,0,0,86173528,32097508,46097528,7920,14322288,,19689704,23243516,23221884,20018424,,10268440,5569828,6116316,10142924,,13110464,9989232,9982448,13015384,,1980,1980,1980,1980,,2932304,4471380,3951640,2966964
2099,1,675,674,1,0,0,86244376,31965836,45969692,7920,14323860,,19710508,23258400,23267888,20007580,,10247528,5516128,6075716,10126464,,13090124,9938484,9942052,12999032,,1980,1980,1980,1980,,2932508,4472432,3951876,2967044
2103,1,676,675,1,0,0,86457112,31799160,45806808,7920,14325732,,19736616,23369636,23282644,20068216,,10221788,5427028,6060756,10089588,,13064516,9850008,9927928,12964356,,1980,1980,1980,1980,,2932616,4472980,3952720,2967416
2107,1,677,676,1,0,0,86548432,31687472,45696532,7920,14326880,,19758652,23431484,23315716,20042580,,10203956,5362096,6027296,10094124,,13046860,9785632,9895024,12969016,,1980,1980,1980,1980,,2932760,4473376,3953220,2967524
2111,1,678,677,1,0,0,86724948,31500432,45515432,7920,14329556,,19837800,23467224,23378700,20041224,,10116316,5317332,5956664,10110120,,12959508,9743152,9827428,12985344,,1980,1980,1980,1980,,2933040,4474276,3954408,2967832
2115,1,679,678,1,0,0,86762388,31459156,45476696,7920,14330824,,19808512,23507652,23393784,20052440,,10146096,5283168,5930412,10099480,,12990764,9709568,9801560,12974804,,1980,1980,1980,1980,,2933388,4474824,3954660,2967952
2119,1,680,679,1,0,0,86844548,31369392,45390544,7920,14332320,,19869740,23455316,23450512,20068980,,10083212,5323004,5879668,10083508,,12930284,9749748,9751528,12958984,,1980,1980,1980,1980,,2933772,4475164,3955316,2968068
2122,1,681,680,1,0,0,86993124,31223392,45248340,7920,14333684,,19863916,23459904,23528636,20140668,,10078940,5333124,5800052,10011276,,12926728,9760328,9672196,12889088,,1980,1980,1980,1980,,2934016,4475612,3955628,2968428
2126,1,682,681,1,0,0,87116000,31102844,45131108,7920,14335184,,19924476,23474332,23484776,20232416,,10019924,5310952,5851436,9920532,,12867808,9738984,9723808,12800508,,1980,1980,1980,1980,,2934108,4476452,3955816,2968808
2130,1,683,682,1,0,0,87207376,31005304,45037132,7920,14336860,,19945660,23501176,23507432,20253108,,9999544,5289696,5825016,9891048,,12847568,9720428,9697896,12771240,,1980,1980,1980,1980,,2934264,4477344,3956288,2968964
2134,1,684,683,1,0,0,87364512,30863508,44899376,7920,14338952,,19978648,23547716,23515688,20322460,,9967464,5251320,5819212,9825512,,12815668,9682724,9692948,12708036,,1980,1980,1980,1980,,2934432,4477872,3957140,2969508
2138,1,685,684,1,0,0,87515376,30681404,44719220,7920,14340752,,20013972,23568032,23533872,20399500,,9924760,5228432,5783652,9744560,,12773428,9660488,9657992,12627312,,1980,1980,1980,1980,,2934864,4478508,3957724,2969656
2142,1,686,685,1,0,0,87620316,30542568,44586380,7920,14343184,,20047192,23616592,23597836,20358696,,9906992,5154656,5704380,9776540,,12757684,9587664,9581572,12659460,,1980,1980,1980,1980,,2935084,4479436,3958908,2969756
2146,1,687,686,1,0,0,87598560,30595460,44642152,7920,14344304,,20070120,23600128,23541964,20386348,,9891888,5173724,5779384,9750464,,12742848,9608968,9656892,12633444,,1980,1980,1980,1980,,2935260,4479952,3959212,2969880
2150,1,688,687,1,0,0,87769484,30394984,44445472,7920,14345944,,20066800,23643048,23621844,20437792,,9864260,5140076,5700304,9690344,,12715396,9575912,9578432,12575732,,1980,1980,1980,1980,,2935432,4480412,3959808,2970292
2154,1,689,688,1,0,0,87858200,30327456,44379188,7920,14346976,,20086428,23666204,23643524,20462044,,9870284,5106168,5674164,9676840,,12721912,9542336,9552536,12562404,,1980,1980,1980,1980,,2935680,4480792,3960100,2970404
2158,1,690,689,1,0,0,87954996,30230896,44287868,7920,14348816,,20119364,23685988,23629956,20519688,,9821516,5095180,5699648,9614552,,12675040,9532360,9580228,12500240,,1980,1980,1980,1980,,2935956,4481764,3960576,2970520
2162,1,691,690,1,0,0,88106840,30085924,44146924,7920,14350800,,20147812,23767344,23633720,20557964,,9807876,5002712,5691392,9583944,,12661492,9442596,9573048,12469788,,1980,1980,1980,1980,,2936072,4482648,3961392,2970688
2166,1,692,691,1,0,0,88214916,29932664,43996952,7920,14352056,,20174952,23814252,23687568,20538144,,9767108,4955856,5626380,9583320,,12620908,9396116,9510656,12469272,,1980,1980,1980,1980,,2936244,4482968,3962076,2970768
2170,1,693,692,1,0,0,88304936,29829740,43898036,7920,14354412,,20209816,23813508,23768292,20513320,,9746644,4952600,5539148,9591348,,12600640,9393480,9426436,12477480,,1980,1980,1980,1980,,2936424,4483564,3963488,2970936
2173,1,694,693,1,0,0,88413912,29724856,43796484,7920,14356036,,20240648,23884716,23768664,20519884,,9715612,4875480,5527420,9606344,,12569716,9319044,9415004,12492720,,1980,1980,1980,1980,,2936536,4484568,3963752,2971180
2178,1,695,694,1,0,0,88511856,29629112,43704280,7920,14357640,,20305404,23847796,23832036,20526620,,9620908,4926240,5472748,9609216,,12477336,9370192,9360988,12495764,,1980,1980,1980,1980,,2937016,4484876,3964412,2971336
2182,0,696,695,1,0,0,88520924,29621832,43699944,7920,14358768,,20257256,23850292,23839208,20574168,,9687092,4928324,5463740,9542676,,12543692,9372516,9352280,12431456,,1980,1980,1980,1980,,2937156,4485224,3964652,2971736
2185,1,697,696,1,0,0,88664448,29471552,43552700,7920,14359924,,20298832,23861728,23904344,20599544,,9634980,4899760,5398296,9538516,,12491732,9344412,9289152,12427404,,1980,1980,1980,1980,,2937268,4485616,3965192,2971848
2189,1,698,697,1,0,0,88738416,29366036,43451084,7920,14361740,,20311424,23886508,23919456,20621028,,9614584,4865244,5375016,9511192,,12471536,9313084,9266236,12400228,,1980,1980,1980,1980,,2937460,4486836,3965452,2971992
2193,1,699,698,1,0,0,88925992,29171528,43260724,7920,14364060,,20328284,23952752,23984800,20660156,,9592932,4799896,5316992,9461708,,12450016,9248508,9209368,12352832,,1980,1980,1980,1980,,2937600,4487496,3966592,2972372
2197,1,700,699,1,0,0,89038508,29038516,43129328,7920,14365144,,20348148,24012240,24016792,20661328,,9570364,4745392,5283288,9439472,,12428232,9194212,9176152,12330732,,1980,1980,1980,1980,,2937872,4487712,3967064,2972496
2201,1,701,700,1,0,0,89204528,28923300,43019840,7920,14367708,,20402512,24033876,24066896,20701244,,9539476,4723720,5238240,9421864,,12398804,9173344,9132068,12315624,,1980,1980,1980,1980,,2938100,4488540,3968036,2973032
2205,1,702,701,1,0,0,89271968,28785356,42885324,7920,14369404,,20422612,24014788,24069612,20764956,,9500372,4731944,5201488,9351552,,12361892,9182344,9095616,12245472,,1980,1980,1980,1980,,2938664,4489300,3968272,2973168
2208,1,703,702,1,0,0,89373972,28705664,42809388,7920,14370908,,20448036,24054600,24050924,20820412,,9473500,4687788,5238904,9305472,,12335480,9140584,9133760,12199564,,1980,1980,1980,1980,,2938756,4489900,3968952,2973300
2212,1,704,703,1,0,0,89462392,28621640,42728468,7920,14372332,,20509828,24072188,24046468,20833908,,9413668,4676928,5251472,9279572,,12277780,9130316,9146576,12173796,,1980,1980,1980,1980,,2939344,4490332,3969252,2973404
2216,1,705,704,1,0,0,89589180,28488792,42599116,7920,14373368,,20539092,24115068,24061676,20873344,,9380832,4644808,5215556,9247596,,12245192,9098704,9113260,12141960,,1980,1980,1980,1980,,2939308,4490820,3969712,2973528
2220,1,706,705,1,0,0,89704504,28388348,42501776,7920,14374872,,20557200,24120092,24070196,20957016,,9374296,4625096,5215372,9173584,,12238844,9079684,9113200,12070048,,1980,1980,1980,1980,,2939460,4491532,3969984,2973896
2224,1,707,706,1,0,0,89833808,28234700,42353616,7920,14378980,,20589720,24176760,24085820,20981508,,9337420,4561932,5201256,9134092,,12202104,9018832,9102000,12030680,,1980,1980,1980,1980,,2939592,4492444,3972900,2974044
2228,1,708,707,1,0,0,89930452,28157696,42279264,7920,14380476,,20606044,24180304,24136996,21007108,,9326324,4571776,5155828,9103768,,12191156,9029324,9057172,12001612,,1980,1980,1980,1980,,2939744,4492784,3973500,2974448
2232,1,709,707,2,0,0,90065352,28010024,42137104,7920,14383236,,20639716,24236380,24229388,20959868,,9288976,4513404,5059744,9147900,,12153984,8972032,8964064,12047024,,1980,1980,1980,1980,,2939888,4493848,3974736,2974764
2236,1,710,709,1,0,0,90095692,27937480,42065972,7920,14384384,,20662928,24204528,24232720,20995516,,9257704,4515928,5045200,9118648,,12123004,8975172,8949888,12017908,,1980,1980,1980,1980,,2940168,4494244,3975084,2974888
2239,1,711,709,2,0,0,90113320,27925696,42057308,7920,14385876,,20622204,24229804,24252548,21008764,,9300092,4505872,5022956,9096776,,12165588,8967328,8928228,11996164,,1980,1980,1980,1980,,2940436,4494792,3975616,2975032
2243,1,712,710,2,0,0,90316148,27720812,41857412,7920,14387292,,20655868,24301424,24327184,21031672,,9266708,4432772,4953320,9068012,,12134252,8894640,8860972,11967548,,1980,1980,1980,1980,,2940708,4495216,3976200,2975168
2247,1,713,712,1,0,0,90385292,27653800,41793776,7920,14388892,,20684208,24318092,24297052,21085940,,9236356,4409092,4981964,9026388,,12104056,8873892,8889772,11926056,,1980,1980,1980,1980,,2940848,4496388,3976352,2975304
2251,1,714,713,1,0,0,90501392,27517136,41661288,7920,14391164,,20704708,24369876,24333676,21093132,,9213132,4368000,4934768,9001236,,12080968,8833416,8845792,11901112,,1980,1980,1980,1980,,2940960,4496920,3977776,2975508
2256,0,715,714,1,0,0,90621440,27379992,41527572,7920,14392660,,20726652,24397484,24366460,21130844,,9179972,4334684,4900476,8964860,,12047948,8800692,8811892,11867040,,1980,1980,1980,1980,,2941092,4497508,3978172,2975888
2259,1,716,715,1,0,0,90758340,27246028,41396020,7920,14394704,,20775020,24486452,24405804,21091064,,9132640,4230312,4879556,9003520,,12001112,8696916,8792108,11905884,,1980,1980,1980,1980,,2941352,4498084,3979260,2976008
2263,1,717,716,1,0,0,91032408,26943476,41099104,7920,14396792,,20882888,24555212,24478948,21115360,,9024960,4150028,4785952,8982536,,11895572,8619560,8698812,11885160,,1980,1980,1980,1980,,2941656,4499328,3979540,2976268
2267,1,718,717,1,0,0,91215384,26793624,40952788,7920,14398432,,20980792,24555512,24540416,21138664,,8926252,4167864,4737552,8961956,,11799152,8637792,8651160,11864684,,1980,1980,1980,1980,,2942176,4499608,3980268,2976380
2271,1,719,718,1,0,0,91222304,26783520,40943964,7920,14399700,,20941140,24598108,24526512,21156544,,8978784,4123972,4744924,8935840,,11851908,8594400,8658844,11838812,,1980,1980,1980,1980,,2942468,4500072,3980564,2976596
2275,1,720,719,1,0,0,91331880,26661280,40826860,7920,14401136,,20989640,24622616,24529808,21189816,,8912084,4106064,4733548,8909584,,11787240,8577000,8649960,11812660,,1980,1980,1980,1980,,2942732,4500628,3981080,2976696
2279,1,721,720,1,0,0,91441960,26531564,40700272,7920,14402600,,21006560,24646036,24532860,21256504,,8886200,4073832,4733264,8838268,,11761528,8545624,8649652,11743468,,1980,1980,1980,1980,,2942852,4501376,3981268,2977104
2283,1,722,721,1,0,0,91552556,26413272,40586068,7920,14404788,,21024560,24684828,24563876,21279292,,8873280,4028908,4701044,8810040,,11748796,8501276,8618520,11717476,,1980,1980,1980,1980,,2943036,4501936,3982320,2977496
2288,0,723,722,1,0,0,91681820,26305280,40481196,7920,14406232,,21053992,24693412,24607220,21327196,,8840756,4045544,4644036,8774944,,11716400,8520164,8562068,11682564,,1980,1980,1980,1980,,2943140,4502556,3982876,2977660
2292,1,724,723,1,0,0,91932248,26024328,40205164,7920,14409020,,21164040,24739528,24707724,21320956,,8742600,3980704,4549264,8751760,,11618424,8456728,8470432,11659580,,1980,1980,1980,1980,,2943304,4503788,3984084,2977844
2296,1,725,724,1,0,0,91798128,26171424,40355432,7920,14410320,,21099232,24672472,24682080,21344344,,8806316,4054964,4566568,8743576,,11682280,8531264,8488200,11653688,,1980,1980,1980,1980,,2943428,4504104,3984432,2978356
2300,1,726,725,1,0,0,91904996,26059972,40246848,7920,14412020,,21135544,24687740,24716840,21364872,,8758008,4041780,4533740,8726444,,11635692,8518468,8456008,11636680,,1980,1980,1980,1980,,2944016,4504472,3985048,2978484
2304,1,727,726,1,0,0,91994688,25985148,40175980,7920,14413120,,21151896,24729300,24713268,21400224,,8757876,3970728,4554484,8702060,,11636400,8450116,8477040,11612424,,1980,1980,1980,1980,,2944052,4505124,3985332,2978612
2308,1,728,727,1,0,0,92205808,25768572,39962264,7920,14414744,,21217404,24772644,24749800,21465960,,8686020,3944336,4512892,8625324,,11566172,8424604,8435676,11535812,,1980,1980,1980,1980,,2944324,4506084,3985596,2978740
2312,1,729,728,1,0,0,92322692,25629476,39827360,7920,14416644,,21214340,24847468,24781592,21479292,,8681812,3863104,4473412,8611148,,11562704,8343620,8399192,11521844,,1980,1980,1980,1980,,2944568,4506308,3986864,2978904
2316,1,730,729,1,0,0,92479780,25458524,39660144,7920,14418396,,21239804,24925588,24816888,21497500,,8651344,3780356,4435136,8591688,,11532448,8263676,8361508,11502512,,1980,1980,1980,1980,,2944716,4507332,3987308,2979040
2320,1,731,730,1,0,0,92589168,25343636,39549640,7920,14420796,,21281980,24931700,24857816,21517672,,8617048,3774624,4386292,8565672,,11498288,8258740,8313784,11478828,,1980,1980,1980,1980,,2944848,4508036,3988472,2979440
2323,1,732,731,1,0,0,92724604,25200016,39409452,7920,14422436,,21337516,25005960,24858708,21522420,,8554160,3698128,4391104,8556624,,11435560,8183108,8320812,11469972,,1980,1980,1980,1980,,2944988,4508900,3988968,2979580
2327,1,733,732,1,0,0,92771824,25158796,39371412,7920,14423896,,21357820,24996852,24867420,21549732,,8534292,3696812,4382900,8544792,,11415804,8184076,8313304,11458228,,1980,1980,1980,1980,,2945096,4509488,3989648,2979664
2331,1,734,733,1,0,0,92853524,25063832,39279896,7920,14425260,,21327964,25015156,24940116,21570288,,8559096,3688436,4294188,8522112,,11440736,8176324,8227012,11435824,,1980,1980,1980,1980,,2945216,4509920,3990188,2979936
2335,1,735,734,1,0,0,92954356,24928356,39148504,7920,14427016,,21329184,25026304,24944388,21654480,,8574564,3662636,4276416,8414740,,11456516,8151156,8209784,11331048,,1980,1980,1980,1980,,2945528,4510532,3990536,2980420
2340,1,736,735,1,0,0,93116064,24830796,39054032,7920,14428492,,21356936,25068040,24975468,21715620,,8537016,3650116,4277184,8366480,,11421008,8139388,8210768,11282868,,1980,1980,1980,1980,,2945864,4511268,3990816,2980544
2344,1,737,736,1,0,0,93267440,24625520,38852568,7920,14430576,,21357400,25144212,25025500,21740328,,8529008,3561884,4208408,8326220,,11413308,8051760,8142904,11244596,,1980,1980,1980,1980,,2946120,4511808,3991704,2980944
2348,1,738,737,1,0,0,93407368,24506908,38735832,7920,14432188,,21422112,25183068,25086748,21715440,,8464352,3533236,4148600,8360720,,11349528,8023484,8083664,11279156,,1980,1980,1980,1980,,2946684,4512160,3992272,2981072
2352,1,739,738,1,0,0,93576972,24321904,38556440,7920,14434956,,21506144,25217556,25123072,21730200,,8375220,3478644,4120280,8347760,,11262120,7971604,8056332,11266384,,1980,1980,1980,1980,,2946648,4513828,3993248,2981232
2356,1,740,739,1,0,0,93643324,24235560,38472120,7920,14436012,,21533512,25196892,25122080,21790840,,8350808,3486848,4104856,8293048,,11237888,7980736,8041220,11212276,,1980,1980,1980,1980,,2946844,4513976,3993568,2981624
2360,1,741,739,2,0,0,93679968,24158288,38399968,7920,14437800,,21505092,25201752,25174632,21798492,,8354524,3488932,4058856,8255976,,11241764,7983172,7997860,11177172,,1980,1980,1980,1980,,2947008,4514340,3994540,2981912
2364,1,742,741,1,0,0,93755756,24123632,38366784,7920,14439084,,21527492,25243252,25121660,21863352,,8351208,3445528,4112456,8214440,,11238964,7940244,8051712,11135864,,1980,1980,1980,1980,,2947484,4514764,3994776,2982060
2368,1,743,742,1,0,0,93877856,24010020,38258572,7920,14441016,,21570528,25261664,25140296,21905368,,8320508,3427160,4094756,8167596,,11210288,7924948,8034192,11089144,,1980,1980,1980,1980,,2947700,4516200,3994940,2982176
2372,1,744,743,1,0,0,93984056,23880648,38134284,7920,14443704,,21600196,25361264,25138048,21884548,,8296272,3330620,4082056,8171700,,11186536,7829504,8024896,11093348,,1980,1980,1980,1980,,2948084,4516864,3996432,2982324
2376,1,745,744,1,0,0,94092868,23746408,38003300,7920,14445124,,21635584,25377264,25183812,21896208,,8231844,3300788,4034796,8178980,,11122272,7802084,7978180,11100764,,1980,1980,1980,1980,,2948232,4517528,3996908,2982456
2381,1,746,745,1,0,0,94390516,23446840,37708412,7920,14447836,,21711720,25458996,25335916,21883884,,8167540,3211812,3890040,8177448,,11058112,7713880,7836980,11099440,,1980,1980,1980,1980,,2948384,4518284,3998484,2982684
2385,1,747,746,1,0,0,94362376,23485080,37753156,7920,14450144,,21643052,25475660,25334688,21908976,,8237972,3191996,3885416,8169696,,11128780,7695696,7833520,11095160,,1980,1980,1980,1980,,2948584,4519248,3998864,2983448
2388,1,748,747,1,0,0,94490952,23324776,37595668,7920,14452056,,21655968,25465008,25441940,21928036,,8209988,3204268,3755464,8155056,,11102168,7708412,7704208,11080880,,1980,1980,1980,1980,,2949256,4519592,3999516,2983692
2392,1,749,748,1,0,0,94625292,23172316,37447828,7920,14453172,,21696032,25493544,25493612,21942104,,8171296,3150624,3730412,8119984,,11065216,7657252,7679432,11045928,,1980,1980,1980,1980,,2949248,4520316,3999800,2983808
2396,1,750,749,1,0,0,94783556,23024016,37385100,7920,14537764,,21728208,25558588,25503104,21993656,,8139616,3088312,3722668,8073420,,11033624,7619692,7732288,10999496,,1980,1980,1980,1980,,2949368,4544308,4060140,2983948
2400,1,751,749,2,0,0,94935968,22836776,37258736,7920,14594836,,21741384,25572476,25578804,22043304,,8135044,3068612,3624940,8008180,,11029296,7602696,7690212,10936532,,1980,1980,1980,1980,,2949644,4546908,4113904,2984380
2405,1,752,751,1,0,0,95100220,22644700,37073760,7920,14600324,,21769632,25643744,25597496,22089348,,8077228,2993640,3612856,7960976,,10973420,7528352,7682404,10889584,,1980,1980,1980,1980,,2950028,4547496,4118204,2984596
2409,1,753,752,1,0,0,95236200,22517820,36951732,7920,14603084,,21774448,25694980,25669768,22097004,,8090380,2932256,3539108,7956076,,10987112,7469664,7610136,10884820,,1980,1980,1980,1980,,2950240,4548504,4119648,2984692
2413,1,754,753,1,0,0,95415060,22354356,36794096,7920,14606768,,21830728,25698828,25762672,22122832,,8035016,2928752,3452168,7938420,,10931928,7467252,7527576,10867340,,1980,1980,1980,1980,,2950408,4549336,4122188,2984836
2417,1,755,754,1,0,0,95370124,22377884,36819012,7920,14607824,,21841608,25655848,25748292,22124376,,8025836,2964080,3440296,7947672,,10923268,7502972,7516100,10876672,,1980,1980,1980,1980,,2950672,4549684,4122548,2984920
2421,1,756,755,1,0,0,95411180,22340336,36785124,7920,14610092,,21854684,25696944,25716192,22143360,,8021940,2921824,3480332,7916240,,10921100,7461312,7557256,10845456,,1980,1980,1980,1980,,2950924,4550316,4123632,2985220
2425,1,757,755,2,0,0,95562780,22221788,36671432,7920,14611532,,21885172,25719240,25740288,22218080,,7989020,2914356,3480120,7838292,,10888388,7454152,7557328,10771564,,1980,1980,1980,1980,,2951096,4550620,4123920,2985896
2429,1,758,757,1,0,0,95736468,21987324,36440720,7920,14613484,,21950760,25737508,25768500,22279700,,7907128,2888700,3415928,7775568,,10808848,7429468,7493372,10709032,,1980,1980,1980,1980,,2951672,4551596,4124156,2986060
2433,1,759,758,1,0,0,95876996,21842484,36300012,7920,14615840,,21996208,25780584,25774196,22326008,,7854400,2832964,3419040,7736080,,10756440,7376240,7497636,10669696,,1980,1980,1980,1980,,2951832,4552452,4125332,2986224
2437,1,760,759,1,0,0,95977268,21736212,36196916,7920,14617080,,22036080,25785824,25807448,22347916,,7824232,2828800,3397608,7685572,,10726416,7372412,7476652,10621436,,1980,1980,1980,1980,,2951972,4552732,4125744,2986632
2441,1,761,760,1,0,0,96131584,21598052,36063428,7920,14619804,,22099180,25839292,25829608,22363504,,7767896,2774292,3365268,7690596,,10672416,7318988,7445444,10626580,,1980,1980,1980,1980,,2952408,4553792,4126852,2986752
2445,1,762,761,1,0,0,96291212,21439712,35908268,7920,14621236,,22136908,25899128,25861724,22393452,,7727472,2712104,3343284,7656852,,10632148,7257320,7425760,10593040,,1980,1980,1980,1980,,2952536,4554332,4127440,2986928
2449,1,763,762,1,0,0,96307156,21399912,35870520,7920,14623116,,22138168,25857248,25901256,22410484,,7703192,2749136,3299236,7648348,,10607996,7294920,7382832,10584772,,1980,1980,1980,1980,,2952664,4554928,4128456,2987068
2453,1,764,762,2,0,0,96371524,21343160,35819604,7920,14625060,,22155408,25865988,25898360,22451768,,7695856,2762652,3274148,7610504,,10600808,7311040,7360524,10547232,,1980,1980,1980,1980,,2952836,4555656,4129204,2987364
2458,1,765,764,1,0,0,96486244,21231620,35711856,7920,14626816,,22168800,25927512,25920892,22469040,,7685628,2681000,3271016,7593976,,10590720,7232408,7357868,10530860,,1980,1980,1980,1980,,2952944,4556872,4129504,2987496
2461,1,766,765,1,0,0,96642172,21058424,35541940,7920,14627968,,22177308,25981448,25970548,22512868,,7678544,2644032,3200156,7535692,,10583920,7195924,7289384,10472712,,1980,1980,1980,1980,,2953244,4557144,4129968,2987612
2465,1,767,766,1,0,0,96560456,21173296,35659844,7920,14630928,,22190324,26042620,25849364,22478148,,7666576,2580420,3360968,7565332,,10572632,7132856,7451880,10502476,,1980,1980,1980,1980,,2953956,4557688,4131556,2987728
2469,1,768,767,1,0,0,96706340,21003948,35496908,7920,14633448,,22209272,26041916,25940228,22514924,,7651680,2578988,3250876,7522404,,10559388,7132080,7343512,10461928,,1980,1980,1980,1980,,2953736,4558320,4133260,2988132
2473,1,769,768,1,0,0,96945944,20754208,35250676,7920,14635364,,22322212,26088092,26019264,22516376,,7540196,2521268,3164640,7528104,,10448092,7076876,7257912,10467796,,1980,1980,1980,1980,,2953904,4559312,4133868,2988280
2477,1,770,769,1,0,0,96973504,20700704,35201056,7920,14636996,,22357408,26060304,26012232,22543560,,7495188,2545992,3162616,7496908,,10403276,7102328,7256648,10438804,,1980,1980,1980,1980,,2954044,4559620,4134600,2988732
2481,1,771,770,1,0,0,96937964,20724296,35227796,7920,14638260,,22254748,26069800,26054988,22558428,,7589332,2534008,3126824,7474132,,10497568,7090800,7223236,10416192,,1980,1980,1980,1980,,2954188,4560088,4135144,2988840
2485,1,772,771,1,0,0,97060004,20605332,35110252,7920,14639612,,22282996,26076768,26051188,22649052,,7571796,2525108,3110696,7397732,,10480392,7082528,7207392,10339940,,1980,1980,1980,1980,,2954472,4560732,4135396,2989012
2489,1,773,772,1,0,0,97159328,20476948,34987008,7920,14641340,,22318128,26103180,26052060,22685960,,7524268,2492196,3103104,7357380,,10434932,7052212,7200028,10299836,,1980,1980,1980,1980,,2954736,4561708,4135636,2989260
2493,1,774,773,1,0,0,97365912,20254832,34769452,7920,14643740,,22339928,26195144,26144660,22686180,,7505684,2401548,2995000,7352600,,10416524,6962436,7095232,10295260,,1980,1980,1980,1980,,2954900,4562332,4137088,2989420
2497,1,775,774,1,0,0,97531240,20048388,34566332,7920,14645088,,22372844,26278372,26176992,22703032,,7460388,2318032,2962364,7307604,,10371508,6879232,7063096,10252496,,1980,1980,1980,1980,,2955168,4562632,4137420,2989868
2501,1,776,775,1,0,0,97767724,19842600,34365384,7920,14648072,,22424300,26341684,26277676,22724064,,7413036,2244100,2876304,7309160,,10324376,6808500,6978280,10254228,,1980,1980,1980,1980,,2955368,4564000,4138692,2990012
2505,1,777,776,1,0,0,97728352,19863504,34388316,7920,14649448,,22383560,26324436,26280352,22740004,,7440588,2263384,2870304,7289228,,10352868,6828356,6972624,10234468,,1980,1980,1980,1980,,2955680,4564540,4139036,2990192
2509,1,778,777,1,0,0,97905632,19701904,34231612,7920,14651228,,22405104,26376696,26314536,22809296,,7443104,2206324,2834036,7218440,,10356992,6771736,6936916,10165968,,1980,1980,1980,1980,,2955940,4564964,4139712,2990612
2513,1,779,778,1,0,0,98066240,19543280,34075624,7920,14652684,,22453204,26399192,26363412,22850432,,7384728,2182624,2783848,7192080,,10300396,6748476,6887016,10139736,,1980,1980,1980,1980,,2956560,4565400,4139952,2990772
2517,1,780,779,1,0,0,98125388,19468608,34004732,7920,14654248,,22505632,26421880,26309972,22887904,,7336528,2160196,2815832,7156052,,10252740,6727132,6920984,10103876,,1980,1980,1980,1980,,2956488,4566464,4140376,2990920
2521,1,781,780,1,0,0,98251864,19327192,33865612,7920,14656048,,22561704,26444056,26312976,22933128,,7284724,2136188,2808188,7098092,,10201652,6703400,6914356,10046204,,1980,1980,1980,1980,,2957200,4566680,4140992,2991176
2525,1,782,781,1,0,0,98296248,19281560,33823372,7920,14657656,,22585676,26444676,26359712,22906184,,7251412,2135580,2793620,7100948,,10170080,6703444,6900476,10049372,,1980,1980,1980,1980,,2957204,4567300,4141692,2991460
2529,1,783,781,2,0,0,98433356,19161056,33707128,7920,14660128,,22631348,26451068,26449432,22901508,,7202360,2128932,2708812,7120952,,10121180,6697396,6817172,10071380,,1980,1980,1980,1980,,2957360,4567912,4143132,2991724
2533,2,784,782,2,0,0,98591336,18994428,33544420,7920,14661800,,22753772,26484060,26436196,22917308,,7080552,2094688,2705604,7113584,,10000100,6663972,6816164,10064184,,1980,1980,1980,1980,,2957660,4568720,4143544,2991876
2538,1,785,784,1,0,0,98660564,18908276,33463088,7920,14663648,,22769292,26422932,26500352,22967988,,7069092,2154400,2639416,7045368,,9990488,6723940,6750712,9997948,,1980,1980,1980,1980,,2957936,4568980,4144240,2992492
2542,1,786,784,1,1,0,98712360,18872988,33431500,7920,14664888,,22754400,26417372,26575616,22964972,,7085848,2178716,2552640,7055784,,10007408,6748788,6666376,10008928,,1980,1980,1980,1980,,2958088,4569504,4144848,2992448
2546,1,787,786,1,0,0,98713704,18834040,33395576,7920,14666272,,22763640,26424644,26529580,22995840,,7049244,2154092,2599168,7031536,,9972916,6724712,6713140,9984808,,1980,1980,1980,1980,,2958556,4570028,4145100,2992588
2550,1,788,787,1,0,0,98836196,18692272,33258004,7920,14668220,,22820444,26428252,26558044,23029456,,6995512,2148348,2570416,6977996,,9919456,6719696,6684884,9933968,,1980,1980,1980,1980,,2958740,4570764,4145612,2993104
2554,1,789,788,1,0,0,99001804,18543384,33112780,7920,14670260,,22850616,26470292,26579528,23101368,,6973392,2104420,2558328,6907244,,9897472,6676336,6673716,9865256,,1980,1980,1980,1980,,2958872,4571340,4146548,2993500
2558,1,790,789,1,0,0,99151320,18374332,32946668,7920,14671636,,22878044,26498536,26616660,23158080,,6930580,2076092,2517084,6850576,,9856532,6648276,6633032,9808828,,1980,1980,1980,1980,,2959204,4571616,4147116,2993700
2562,1,791,790,1,0,0,99382928,18142252,32720024,7920,14674708,,23001292,26482912,26665924,23232800,,6823860,2082456,2465008,6770928,,9750420,6656100,6581940,9731564,,1980,1980,1980,1980,,2959452,4573084,4148064,2994108
2566,1,792,791,1,0,0,99351692,18186472,32766056,7920,14676128,,22960828,26478508,26639300,23273056,,6848896,2116588,2491032,6729956,,9776380,6690456,6608344,9690876,,1980,1980,1980,1980,,2959956,4573332,4148444,2994396
2570,1,793,792,1,0,0,99430488,18111872,32696736,7920,14677868,,23003376,26417940,26682744,23326428,,6817940,2175336,2458552,6660044,,9747104,6749664,6576516,9623452,,1980,1980,1980,1980,,2960168,4573748,4149112,2994840
2574,1,794,793,1,0,0,99559504,17994876,32581544,7920,14679044,,23072696,26420092,26707392,23359324,,6743296,2179824,2429276,6642480,,9673588,6754480,6547552,9605924,,1980,1980,1980,1980,,2960436,4574196,4149424,2994988
2578,1,795,794,1,0,0,99753748,17791336,32381696,7920,14680856,,23125612,26429728,26739792,23458616,,6672308,2173400,2392464,6553164,,9604948,6749016,6510936,9516796,,1980,1980,1980,1980,,2960872,4575188,4149628,2995168
2582,1,796,795,1,0,0,99875184,17662316,32256920,7920,14682588,,23192164,26449956,26720260,23512804,,6609436,2140896,2412768,6499216,,9543060,6716812,6532108,9464940,,1980,1980,1980,1980,,2961128,4575428,4150460,2995572
2586,1,797,796,1,0,0,100028000,17484604,32081264,7920,14684340,,23272184,26462200,26734464,23559152,,6528472,2125820,2393148,6437164,,9462804,6702400,6513000,9403060,,1980,1980,1980,1980,,2961540,4576076,4150976,2995748
2590,1,798,797,1,0,0,100173784,17330976,31934032,7920,14687388,,23332440,26504204,26767596,23569544,,6470348,2083184,2355248,6422196,,9406488,6660648,6476420,9390476,,1980,1980,1980,1980,,2961784,4576996,4152288,2996320
2594,1,799,798,1,0,0,100196244,17268916,31873440,7920,14688612,,23351140,26468680,26822184,23554240,,6439216,2115640,2298096,6415964,,9375880,6693780,6419396,9384384,,1980,1980,1980,1980,,2962080,4577640,4152424,2996468
2598,1,800,799,1,0,0,100291664,17178864,31788964,7920,14690400,,23377680,26451452,26851440,23611092,,6420064,2126704,2263408,6368688,,9358860,6705216,6385440,9339448,,1980,1980,1980,1980,,2962352,4578024,4153148,2996876
2602,1,801,800,1,0,0,100380444,17093740,31707296,7920,14691752,,23409700,26426728,26873308,23670708,,6387524,2159312,2241328,6305576,,9326500,6738296,6363716,9278784,,1980,1980,1980,1980,,2962488,4578488,4153484,2997292
2606,1,802,801,1,0,0,100460884,17022776,31637932,7920,14693408,,23482756,26428780,26802920,23746428,,6310380,2142236,2321208,6248952,,9249668,6722008,6443856,9222400,,1980,1980,1980,1980,,2962788,4579304,4153748,2997568
2610,1,803,802,1,0,0,100549784,16934980,31553600,7920,14694892,,23541596,26447712,26797676,23762800,,6248144,2126268,2348816,6211752,,9189932,6706484,6471888,9185296,,1980,1980,1980,1980,,2963340,4579704,4154192,2997656
2614,1,804,803,1,0,0,100732056,16739840,31363996,7920,14697112,,23616960,26466472,26798536,23850088,,6170116,2105148,2336876,6127700,,9113836,6685956,6460884,9103320,,1980,1980,1980,1980,,2963600,4580292,4155144,2998076
2618,1,805,804,1,0,0,100893232,16571952,31197476,7920,14698432,,23699600,26480768,26867676,23845188,,6089256,2089104,2272192,6121400,,9033308,6670160,6396820,9097188,,1980,1980,1980,1980,,2963888,4580552,4155748,2998244
2622,1,806,805,0,1,0,101017348,16436136,31068552,7920,14701508,,23783372,26492796,26862688,23878492,,6007528,2068552,2262084,6097972,,8953656,6650996,6387700,9076200,,1980,1980,1980,1980,,2964120,4582000,4156744,2998644
2626,1,807,806,1,0,0,101060692,16414288,31049828,7920,14702896,,23779576,26432940,26881556,23966620,,5998496,2157104,2242584,6016104,,8944768,6739876,6368580,8996604,,1980,1980,1980,1980,,2964300,4582304,4157116,2999176
2630,1,808,807,1,0,0,101199248,16277228,30916156,7920,14704552,,23843484,26435216,26869260,24051288,,5934524,2159540,2262468,5920696,,8883020,6742644,6389108,8901384,,1980,1980,1980,1980,,2964800,4582640,4157812,2999300
2634,1,809,808,1,0,0,101287892,16173284,30815748,7920,14705976,,23856724,26441236,26848348,24141584,,5913928,2159872,2279508,5819976,,8863016,6743400,6406416,8802916,,1980,1980,1980,1980,,2965104,4583068,4158052,2999752
2638,1,810,809,1,0,0,101420928,16039504,30685548,7920,14707796,,23910884,26442520,26859628,24207896,,5865908,2136572,2278372,5758652,,8817080,6721156,6405480,8741832,,1980,1980,1980,1980,,2965444,4584152,4158252,2999948
2642,1,811,810,1,0,0,101590520,15825212,30475648,7920,14710060,,23955340,26472428,26854588,24308164,,5813676,2088404,2269088,5654044,,8765288,6673620,6397252,8639488,,1980,1980,1980,1980,,2965616,4584756,4159332,3000356
2646,2,812,811,1,0,0,101690644,15739256,30391088,7920,14711276,,23986668,26450572,26890312,24363092,,5773120,2135936,2229736,5600464,,8725256,6721436,6358304,8586092,,1980,1980,1980,1980,,2965936,4585032,4159772,3000536
2651,1,813,812,0,1,0,101788356,15637152,30293276,7920,14713820,,24098544,26467084,26908280,24314448,,5677844,2121412,2207868,5630028,,8631936,6707696,6337652,8615992,,1980,1980,1980,1980,,2966184,4585824,4160944,3000868
2655,1,814,812,0,2,0,101864632,15576340,30233724,7920,14715140,,24169908,26439560,26878452,24376712,,5597996,2149204,2230528,5598612,,8552212,6736072,6360664,8584776,,1980,1980,1980,1980,,2966356,4586448,4161284,3001052
2660,1,815,812,0,3,0,101926088,15489376,30148396,7920,14716764,,24164140,26452324,26911784,24397840,,5600140,2127044,2196024,5566168,,8554644,6714436,6326848,8552468,,1980,1980,1980,1980,,2966636,4586980,4161956,3001192
2664,1,816,812,0,4,0,101980712,15427716,30087740,7920,14717764,,24160260,26460012,26937312,24423128,,5594868,2113712,2168884,5550252,,8549536,6701460,6300020,8536724,,1980,1980,1980,1980,,2966808,4587344,4162268,3001344
2668,1,817,812,0,5,0,101959872,15479720,30141164,7920,14719152,,24167280,26482540,26868744,24441308,,5597908,2090372,2277992,5513448,,8552692,6679056,6409364,8500052,,1980,1980,1980,1980,,2966896,4588296,4162488,3001472
2672,1,818,812,0,6,0,101905028,15540556,30204012,7920,14721184,,24166468,26420436,26866200,24451924,,5603564,2149584,2257540,5529868,,8558552,6738700,6390120,8516640,,1980,1980,1980,1980,,2967088,4588724,4163700,3001672
2676,2,819,812,0,7,0,102018516,15408788,30073512,7920,14722428,,24169792,26445388,26886024,24517312,,5577284,2137344,2226712,5467448,,8532460,6727064,6359596,8454392,,1980,1980,1980,1980,,2967272,4589328,4163992,3001836
2681,1,820,812,0,8,0,102046920,15383152,30050828,7920,14725404,,24223528,26449264,26912452,24461676,,5541568,2143780,2195668,5502136,,8496872,6734316,6330392,8489248,,1980,1980,1980,1980,,2967392,4590176,4165832,3002004
2684,2,821,812,0,9,0,102039836,15364388,30033512,7920,14726832,,24234960,26385840,26943608,24475428,,5524212,2191400,2165360,5483416,,8479624,6782760,6300452,8470676,,1980,1980,1980,1980,,2967496,4590980,4166200,3002156
2689,0,822,812,0,10,0,101959740,15450384,30120892,7920,14728208,,24169464,26374528,26938996,24476752,,5581304,2206312,2167824,5494944,,8536880,6798076,6303612,8482324,,1980,1980,1980,1980,,2967692,4591360,4166892,3002264
2693,0,823,812,0,11,0,101906116,15532476,30204232,7920,14729428,,24172744,26376564,26895988,24460820,,5591580,2202964,2242744,5495188,,8547288,6795168,6379040,8482736,,1980,1980,1980,1980,,2967832,4591808,4167400,3002388
2696,1,824,812,0,12,0,101948568,15459376,30132216,7920,14730492,,24166520,26378680,26901472,24501896,,5588644,2185012,2229844,5455876,,8544548,6777736,6366344,8443588,,1980,1980,1980,1980,,2968000,4592328,4167612,3002552
2700,1,825,812,0,13,0,102004700,15394972,30069156,7920,14731800,,24164108,26406700,26901904,24531988,,5587472,2174416,2210968,5422116,,8543548,6767904,6347760,8409944,,1980,1980,1980,1980,,2968136,4593088,4167904,3002672
2704,1,826,812,0,14,0,102016140,15391012,30066932,7920,14733572,,24175216,26429988,26876904,24534032,,5592376,2149556,2236552,5412528,,8548604,6743616,6374216,8400496,,1980,1980,1980,1980,,2968292,4593672,4168772,3002836
2708,1,827,812,0,15,0,102061832,15336548,30013956,7920,14735044,,24174936,26428436,26906868,24551592,,5574784,2139192,2215980,5406592,,8531116,6733792,6354232,8394816,,1980,1980,1980,1980,,2968392,4594204,4169356,3003092
2712,1,828,812,0,16,0,102140712,15304096,29983676,7920,14737288,,24297284,26443776,26924292,24475360,,5487596,2142572,2195560,5478368,,8444096,6737984,6334780,8466816,,1980,1980,1980,1980,,2968556,4595084,4170344,3003304
2716,1,829,812,0,17,0,101955880,15410260,30090752,7920,14738228,,24199572,26391156,26904880,24460272,,5542484,2163812,2223744,5480220,,8499168,6759548,6363260,8468776,,1980,1980,1980,1980,,2968736,4595400,4170676,3003416
2721,1,830,812,0,18,0,101947396,15437424,30119392,7920,14739704,,24174252,26370376,26937244,24465524,,5587276,2187720,2182272,5480156,,8544100,6783872,6322552,8468868,,1980,1980,1980,1980,,2968888,4595864,4171396,3003556
2725,1,831,812,0,19,0,101947732,15476508,30159760,7920,14740972,,24172024,26382312,26894040,24499356,,5607384,2191784,2229828,5447512,,8564364,6788532,6370340,8436524,,1980,1980,1980,1980,,2969040,4596444,4171636,3003852
2729,1,832,812,0,20,0,101913000,15475128,30159612,7920,14742196,,24174168,26375600,26895188,24468044,,5587156,2197368,2209524,5481080,,8544248,6794848,6350236,8470280,,1980,1980,1980,1980,,2969140,4597192,4171832,3004032
2733,1,833,812,0,21,0,101986492,15450880,30137620,7920,14744452,,24180552,26410684,26882116,24513140,,5582160,2159828,2255560,5453332,,8539576,6757896,6397440,8442708,,1980,1980,1980,1980,,2969476,4597772,4172984,3004220
2738,0,834,812,0,22,0,101970492,15438284,30126252,7920,14745732,,24182360,26391348,26921604,24475180,,5579308,2195612,2203488,5459876,,8536900,6794016,6345976,8449360,,1980,1980,1980,1980,,2969660,4598116,4173632,3004324
2741,1,835,812,0,23,0,102105780,15301804,29992068,7920,14748024,,24267084,26403084,26958392,24477220,,5495572,2174924,2160848,5470460,,8453352,6774328,6304320,8460068,,1980,1980,1980,1980,,2969836,4599132,4174596,3004460
2745,2,836,812,0,24,0,102124828,15283924,29976868,7920,14749552,,24335516,26387040,26933960,24468312,,5437632,2184508,2197864,5463920,,8395580,6785892,6341692,8453704,,1980,1980,1980,1980,,2970004,4599972,4174940,3004636
2749,2,837,812,0,25,0,101962352,15390864,30085448,7920,14750972,,24194080,26363364,26930208,24474700,,5552272,2185624,2188856,5464112,,8510400,6787608,6333300,8454140,,1980,1980,1980,1980,,2970160,4600404,4175548,3004860
2754,1,838,812,0,26,0,101979120,15409008,30104624,7920,14751996,,24199952,26374104,26907776,24497288,,5543956,2201604,2216296,5447152,,8502276,6803976,6361076,8437296,,1980,1980,1980,1980,,2970348,4600800,4175884,3004964
2758,1,839,812,0,27,0,101942840,15444468,30141464,7920,14753384,,24199676,26328144,26892184,24522836,,5553220,2234116,2235420,5421712,,8511672,6837432,6380368,8411992,,1980,1980,1980,1980,,2970480,4601728,4176088,3005088
2762,1,840,812,0,28,0,102013852,15380092,30079044,7920,14755200,,24204412,26376264,26889024,24544152,,5556000,2203720,2214368,5406004,,8514588,6807880,6360164,8396412,,1980,1980,1980,1980,,2970660,4602364,4176968,3005208
2766,1,841,812,0,29,0,102055880,15339512,30040084,7920,14756544,,24205020,26404884,26893384,24552592,,5565788,2166692,2217372,5389660,,8524512,6771688,6363640,8380244,,1980,1980,1980,1980,,2970792,4602952,4177400,3005400
2770,1,842,812,0,30,0,102089928,15278148,29981112,7920,14758964,,24232644,26453536,26930092,24473656,,5545888,2105368,2167868,5459024,,8504784,6711140,6315376,8449812,,1980,1980,1980,1980,,2970984,4603776,4178612,3005592
2774,1,843,812,0,31,0,102117152,15265068,29969228,7920,14760132,,24199584,26474088,26941868,24501612,,5558200,2080484,2154624,5471760,,8517236,6686912,6302380,8462700,,1980,1980,1980,1980,,2971124,4604392,4178860,3005756
2779,1,844,812,0,32,0,102012928,15353436,30058904,7920,14761492,,24205312,26404184,26925264,24478168,,5553640,2155272,2165452,5479072,,8512812,6762024,6313920,8470148,,1980,1980,1980,1980,,2971264,4604776,4179572,3005880
2783,1,845,812,0,33,0,102059584,15311692,30018452,7920,14762744,,24209152,26405112,26961788,24483532,,5547856,2164300,2138528,5461008,,8507196,6771724,6287304,8452228,,1980,1980,1980,1980,,2971440,4605384,4179912,3006008
2787,1,846,812,0,34,0,102058128,15310412,30018444,7920,14764100,,24207680,26440828,26887604,24522016,,5554652,2117608,2213692,5424460,,8514092,6725768,6362756,8415828,,1980,1980,1980,1980,,2971632,4606152,4180168,3006148
2791,0,847,812,0,35,0,102086920,15303484,30012692,7920,14765272,,24206352,26459320,26871424,24549824,,5551092,2111828,2228472,5412092,,8510664,6720424,6377984,8403620,,1980,1980,1980,1980,,2971764,4606584,4180612,3006312
2794,1,848,812,0,36,0,102134684,15230732,29941696,7920,14767008,,24209592,26488144,26886148,24550800,,5545384,2066140,2206316,5412892,,8505084,6675348,6356716,8404548,,1980,1980,1980,1980,,2971900,4607176,4181500,3006432
2798,1,849,812,0,37,0,102174984,15165640,29882308,7920,14772708,,24209700,26467244,26931560,24566480,,5555384,2070628,2159820,5379808,,8515220,6684544,6310868,8371676,,1980,1980,1980,1980,,2972020,4611892,4182152,3006644
2803,1,850,812,0,38,0,102282500,15090212,29809388,7920,14775228,,24330676,26501364,26958684,24491776,,5441400,2036112,2151200,5461500,,8401364,6651132,6303248,8453644,,1980,1980,1980,1980,,2972148,4612980,4183164,3006936
2807,1,851,812,0,39,0,102134492,15196424,29916736,7920,14776368,,24297520,26449316,26895964,24491692,,5455360,2084304,2207260,5449500,,8415456,6699576,6359928,8441776,,1980,1980,1980,1980,,2972284,4613248,4183776,3007060
