Start,GetPodsTime,Wanted,Running,Creating,Pending,Terminating,Total Active Memory,Total Free Memory,Total Available,Total Buffers,Total Cached,Active,0,1,2,3,Free,0,1,2,3,Available,0,1,2,3,Buffers,0,1,2,3,Cached,0,1,2,3
1,0,0,0,0,0,1,8660180,116780332,120047556,88,4911008,,1746260,3051756,2345352,1516812,,30171044,28752796,27696376,30160116,,30779832,29803708,28624672,30839344,,12,52,12,12,,1018148,1460888,1337312,1094660
3,1,1,0,1,0,1,8689948,116744896,120030792,88,4928444,,1768268,3040928,2349964,1530788,,30152636,28778944,27676956,30136360,,30770700,29830632,28610608,30818852,,12,52,12,12,,1027456,1461336,1342032,1097620
6,0,2,1,1,0,1,8771240,116644044,119938328,88,4936376,,1827340,3049888,2349772,1544240,,30108760,28758584,27665052,30111648,,30727508,29810496,28598816,30801508,,12,52,12,12,,1027608,1461556,1342184,1105028
9,0,3,2,1,0,1,8805420,116612520,119915828,88,4945520,,1808912,3070192,2355356,1570960,,30104676,28741912,27669284,30096648,,30727528,29794504,28607280,30786516,,12,52,12,12,,1031712,1462404,1346376,1105028
11,0,4,3,1,0,1,8872508,116540016,119843844,88,4946216,,1827092,3083860,2367080,1594476,,30088056,28727624,27653552,30070784,,30710912,29780348,28591924,30760660,,12,52,12,12,,1031720,1462544,1346916,1105036
14,0,5,4,1,0,1,8895596,116543880,119848260,88,4946856,,1838336,3103632,2375236,1578392,,30071636,28718232,27665772,30088240,,30694564,29771120,28604440,30778136,,12,52,12,12,,1031868,1462696,1347228,1105064
16,0,6,5,1,0,1,8980956,116443776,119749312,88,4947648,,1862408,3102488,2400020,1616040,,30035696,28716168,27627072,30064840,,30659304,29769340,28565828,30754840,,12,52,12,12,,1032004,1463004,1347308,1105332
19,0,7,6,1,0,1,9062664,116358008,119664628,88,4948740,,1871956,3133064,2415760,1641884,,30043024,28671744,27611392,30031848,,30666648,29725536,28550532,30721912,,12,52,12,12,,1032024,1463608,1347712,1105396
22,0,8,7,1,0,1,9156924,116246672,119553640,88,4949260,,1893540,3160464,2443016,1659904,,30020104,28649984,27574412,30002172,,30643804,29703840,28513748,30692248,,12,52,12,12,,1032112,1463688,1348044,1105416
24,0,9,8,1,0,1,9195288,116224508,119532264,88,4950056,,1901960,3171064,2457384,1664880,,30007540,28640464,27586292,29990212,,30631368,29694604,28525868,30680424,,12,52,12,12,,1032256,1463952,1348292,1105556
27,0,10,9,1,0,1,9291516,116128596,119440052,88,4952752,,1926212,3195196,2485168,1684940,,29978384,28622764,27546788,29980660,,30602968,29677112,28486416,30673556,,12,52,12,12,,1032416,1464168,1348348,1107820
29,0,11,10,1,0,1,9355672,116071020,119383364,88,4953192,,1940852,3214024,2490276,1710520,,29985600,28595296,27542088,29948036,,30610176,29650464,28481768,30640956,,12,52,12,12,,1032408,1464532,1348408,1107844
32,0,12,11,1,0,0,9361452,116090704,119403212,88,4953364,,1896092,3223412,2513032,1728916,,30037692,28597324,27508268,29947420,,30661980,29652572,28448300,30640360,,12,52,12,12,,1032084,1464608,1348804,1107868
34,1,13,12,1,0,0,9418108,116050604,119363652,88,4954008,,1906872,3246628,2539764,1724844,,30024796,28570708,27502316,29952784,,30649140,29626192,28442596,30645724,,12,52,12,12,,1032136,1464832,1349156,1107884
37,0,14,13,1,0,0,9542896,115871984,119186308,88,4954896,,1935580,3271596,2571276,1764444,,29982160,28534328,27467644,29887852,,30606628,29590076,28408052,30581552,,12,52,12,12,,1032316,1465108,1349308,1108164
40,0,15,14,1,0,0,9594688,115816916,119132380,88,4955624,,1950300,3289464,2576508,1778416,,29958476,28511668,27458936,29887836,,30582956,29568404,28399460,30581560,,12,52,12,12,,1032324,1465720,1349404,1108176
42,0,16,15,1,0,0,9682388,115725924,119042724,88,4956424,,1961660,3308976,2613972,1797780,,29947920,28504752,27404928,29868324,,30572404,29561816,28346444,30562060,,12,52,12,12,,1032324,1465908,1350000,1108192
45,0,17,16,1,0,0,9684316,115721956,119039044,88,4956768,,1974380,3306084,2601704,1802148,,29932368,28503420,27424540,29861628,,30556932,29560564,28366176,30555372,,12,52,12,12,,1032480,1465988,1350108,1108192
48,0,18,17,1,0,0,9767120,115628824,118948624,88,4958512,,1997628,3315428,2629028,1825036,,29921284,28480332,27396932,29830276,,30547492,29537672,28338632,30524828,,12,52,12,12,,1033568,1466200,1350196,1108548
50,1,19,17,2,0,0,9839376,115576000,118897288,88,4959432,,2017432,3341380,2637208,1843356,,29885876,28467780,27387432,29834912,,30512116,29526128,28329556,30529488,,12,52,12,12,,1033524,1466712,1350620,1108576
53,0,20,19,1,0,0,9922944,115500800,118823524,88,4960404,,2027932,3364156,2660532,1870324,,29876380,28446924,27376220,29801276,,30502608,29505548,28319440,30495928,,12,52,12,12,,1033540,1466980,1351228,1108656
56,0,21,20,1,0,0,9983744,115465960,118788876,88,4960616,,2041584,3387372,2678416,1876372,,29885544,28430084,27362092,29788240,,30511836,29488780,28305360,30482900,,12,52,12,12,,1033632,1467060,1351276,1108648
58,1,22,21,1,0,0,10045548,115381568,118708784,88,4963980,,2056224,3376892,2702660,1909772,,29856660,28427124,27344340,29753444,,30483632,29486100,28287712,30451340,,12,52,12,12,,1033836,1467340,1351376,1111428
61,0,23,22,1,0,0,10157428,115288372,118616112,88,4964596,,2076476,3396884,2726496,1957572,,29843552,28407832,27329192,29707796,,30470536,29467024,28272844,30405708,,12,52,12,12,,1033848,1467640,1351660,1111448
64,0,24,22,2,0,0,10182476,115248076,118577092,88,4965368,,2098192,3418244,2742700,1923340,,29820648,28396460,27284028,29746940,,30447640,29456516,28228076,30444860,,12,52,12,12,,1033860,1467980,1352076,1111452
66,0,25,24,1,0,0,10227140,115179036,118509432,88,4966296,,2108712,3430572,2758536,1929320,,29806804,28367752,27262832,29741648,,30433956,29428056,28207704,30439716,,12,52,12,12,,1034076,1468208,1352412,1111600
69,0,26,25,1,0,0,10333084,115055920,118388524,88,4967412,,2130904,3455388,2784160,1962632,,29769636,28351520,27248732,29686032,,30397576,29412188,28193744,30385016,,12,52,12,12,,1034244,1468628,1352536,1112004
72,0,27,26,1,0,0,10373504,115026120,118359744,88,4968004,,2144128,3465248,2793848,1970280,,29756992,28330124,27231216,29707788,,30384928,29391640,28176376,30406800,,12,52,12,12,,1034244,1469012,1352700,1112048
74,0,28,27,1,0,0,10476184,114955504,118290496,88,4968720,,2163348,3498780,2817092,1996964,,29746628,28309760,27219668,29679448,,30374572,29371640,28165816,30378468,,12,52,12,12,,1034252,1469220,1353200,1112048
77,0,29,28,1,0,0,10519496,114890100,118226216,88,4969440,,2162508,3514624,2829440,2012924,,29765080,28291500,27204744,29628776,,30393032,29353568,28151028,30328588,,12,52,12,12,,1034268,1469476,1353320,1112376
80,0,30,29,1,0,0,10589108,114830112,118166780,88,4969928,,2174572,3514480,2856072,2043984,,29738316,28289868,27185140,29616788,,30366340,29351972,28131844,30316624,,12,52,12,12,,1034360,1469416,1353752,1112400
82,0,31,29,2,0,0,10655608,114740712,118079376,88,4970912,,2181980,3541104,2863928,2068596,,29716076,28265224,27168852,29590560,,30344900,29328348,28115704,30290424,,12,52,12,12,,1034584,1470008,1353888,1112432
85,0,32,31,1,0,0,10723828,114648148,117988012,88,4971544,,2196144,3577972,2889868,2059844,,29692204,28219000,27118532,29618412,,30321004,29282408,28066312,30318288,,12,52,12,12,,1034588,1470180,1354336,1112440
88,0,33,32,1,0,0,10800124,114574724,117915104,88,4972152,,2231248,3594112,2905292,2069472,,29668908,28207880,27093416,29604520,,30297808,29271564,28041316,30304416,,12,52,12,12,,1034756,1470468,1354460,1112468
91,0,34,33,1,0,0,10878940,114483832,117826024,88,4972924,,2265188,3599384,2930496,2083872,,29634736,28187120,27087744,29574232,,30264328,29250848,28035924,30274924,,12,52,12,12,,1034912,1470512,1354748,1112752
93,1,35,34,1,0,0,10936812,114473972,117817124,88,4973600,,2270360,3617312,2930268,2118872,,29647584,28181292,27098676,29546420,,30277184,29245772,28047048,30247120,,12,52,12,12,,1034916,1470980,1354940,1112764
96,0,36,35,1,0,0,11036936,114342340,117686968,88,4974384,,2285336,3658720,2956608,2136272,,29630520,28131152,27056832,29523836,,30260136,29196128,28006152,30224552,,12,52,12,12,,1034948,1471248,1355408,1112780
99,0,37,36,1,0,0,11072384,114318116,117663924,88,4975612,,2304336,3675924,2965240,2126884,,29614292,28112832,27054108,29536884,,30243936,29178780,28003588,30237620,,12,52,12,12,,1035020,1472208,1355560,1112824
102,0,38,36,2,0,0,11150704,114234848,117582512,88,4976236,,2318248,3682272,2985732,2164452,,29593016,28113264,27037528,29491040,,30223616,29179252,27987072,30192572,,12,52,12,12,,1035260,1472244,1355628,1113104
104,1,39,38,1,0,0,11203564,114174072,117522580,88,4977140,,2347236,3693612,2996032,2166684,,29565012,28101768,27011056,29496236,,30195620,29168252,27960920,30197788,,12,52,12,12,,1035260,1472816,1355932,1113132
107,0,40,39,1,0,0,11275652,114096044,117446396,88,4977980,,2360212,3695896,3021404,2198140,,29539524,28110896,26982020,29463604,,30170156,29178352,27932728,30165160,,12,52,12,12,,1035288,1473224,1356336,1113132
110,0,41,40,1,0,0,11327692,114053596,117406444,88,4980512,,2369440,3720004,3036912,2201336,,29534888,28064080,26987052,29467576,,30165596,29133488,27938192,30169168,,12,52,12,12,,1035364,1475188,1356784,1113176
112,1,42,40,2,0,0,11412744,113930336,117285428,88,4981528,,2379816,3742524,3057444,2232960,,29510744,28052460,26946176,29420956,,30142408,29122196,27897504,30123320,,12,52,12,12,,1035600,1475484,1356972,1113472
115,0,43,42,1,0,0,11469016,113892668,117257192,88,4990432,,2394480,3744352,3065884,2264300,,29508948,28045196,26947780,29390744,,30140632,29115844,27899264,30101452,,12,52,12,12,,1035612,1475900,1357100,1121820
118,0,44,43,1,0,0,11577340,113800528,117167748,88,4992596,,2418996,3774400,3095624,2288320,,29475244,28022928,26921140,29381216,,30106936,29093872,27873504,30093436,,12,52,12,12,,1035616,1476168,1357492,1123320
121,0,45,44,1,0,0,11647436,113720092,117087752,88,4993080,,2451800,3797012,3111452,2287172,,29442472,27993680,26913820,29370120,,30074228,29064712,27866364,30082448,,12,52,12,12,,1035728,1476256,1357668,1123428
123,0,46,45,1,0,0,11730844,113605068,116975048,88,4994216,,2461140,3805500,3140056,2324148,,29431820,27996968,26857832,29318448,,30064524,29068200,27810776,30031548,,12,52,12,12,,1035936,1476464,1358088,1123728
126,0,47,46,1,0,0,11772680,113534492,116905464,88,4994748,,2473060,3824736,3135608,2339276,,29420024,27946624,26862268,29305576,,30052768,29018652,27815360,30018684,,12,52,12,12,,1035968,1476812,1358240,1123728
129,0,48,47,1,0,0,11835604,113502860,116875640,88,4995776,,2492512,3828368,3157736,2356988,,29407924,27958568,26851904,29284464,,30040680,29031424,27805936,29997600,,12,52,12,12,,1035984,1477352,1358684,1123756
131,0,49,48,1,0,0,11916944,113453024,116826028,88,4996076,,2527588,3866360,3169288,2353708,,29376224,27924716,26849276,29302808,,30009024,28997656,27803368,30015980,,12,52,12,12,,1036060,1477484,1358740,1123792
134,0,50,49,1,0,0,11973640,113341468,116716748,88,4997112,,2535160,3887760,3192384,2358336,,29349368,27899224,26808956,29283920,,29983164,28972328,27763404,29997852,,12,52,12,12,,1036312,1477636,1359092,1124072
137,0,51,50,1,0,0,12019164,113311596,116688236,88,4997780,,2550748,3886328,3203912,2378176,,29349056,27885440,26801688,29275412,,29982896,28959752,27756224,29989364,,12,52,12,12,,1036324,1478188,1359180,1124088
140,0,52,51,1,0,0,12109708,113224260,116601780,88,4998576,,2563844,3910748,3218580,2416536,,29333272,27868944,26787560,29234484,,29967148,28943348,27742812,29948472,,12,52,12,12,,1036368,1478280,1359800,1124128
142,0,53,51,2,0,0,12176772,113185084,116566844,88,5002480,,2579652,3922772,3259600,2414748,,29320960,27866604,26760876,29236644,,29958112,28941272,27716804,29950656,,12,52,12,12,,1039708,1478528,1360096,1124148
145,0,54,53,1,0,0,12253552,113067780,116452024,88,5003672,,2607236,3947744,3271040,2427532,,29276892,27840516,26747188,29203184,,29915216,28915304,27703284,29918220,,12,52,12,12,,1040100,1478624,1360264,1124684
148,0,55,54,1,0,0,12330680,113015968,116401216,88,5004148,,2623344,3967680,3286064,2453592,,29264320,27823408,26731704,29196536,,29902668,28899072,27687884,29911592,,12,52,12,12,,1040116,1478976,1360348,1124708
150,1,56,55,1,0,0,12386864,112942948,116329828,88,5005044,,2635188,3974336,3311980,2465360,,29248820,27801904,26704260,29187964,,29887192,28878124,27661456,29903056,,12,52,12,12,,1040136,1479292,1360872,1124744
153,0,57,56,1,0,0,12449532,112874680,116262264,88,5005780,,2645236,4001224,3320352,2482720,,29243148,27778012,26678940,29174580,,29881608,28854416,27636540,29889700,,12,52,12,12,,1040252,1479480,1361276,1124772
156,0,58,57,1,0,0,12524596,112798424,116188308,88,5006648,,2672028,4015296,3342860,2494412,,29229364,27758000,26664568,29146492,,29868892,28834600,27622320,29862496,,12,52,12,12,,1040460,1479692,1361428,1125068
159,0,59,58,1,0,0,12611120,112690244,116081628,88,5007548,,2686360,4055236,3358044,2511480,,29202452,27712376,26645724,29129692,,29842000,28790300,27603616,29845712,,12,52,12,12,,1040460,1480440,1361568,1125080
161,1,60,59,1,0,0,12693860,112636292,116028960,88,5008212,,2704652,4080328,3374552,2534328,,29195544,27684856,26641084,29114808,,29835136,28763124,27599832,29830868,,12,52,12,12,,1040508,1480648,1361936,1125120
164,0,61,60,1,0,0,12734148,112545768,115939072,88,5008900,,2712088,4096156,3391316,2534588,,29171948,27658164,26599960,29115696,,29811604,28736620,27559056,29831792,,12,52,12,12,,1040620,1480812,1362308,1125160
167,0,62,61,1,0,0,12897884,112418440,115858428,88,5054056,,2732208,4126244,3419036,2620396,,29162200,27659476,26573096,29023668,,29802776,28738204,27532284,29785164,,12,52,12,12,,1040828,1481100,1362376,1169752
170,0,63,62,1,0,0,12935136,112374584,115815468,88,5054964,,2745088,4140648,3423180,2626220,,29157636,27632660,26571520,29012768,,29798240,28711568,27531360,29774300,,12,52,12,12,,1040852,1481344,1363036,1169732
173,0,64,63,1,0,0,13023036,112305664,115748428,88,5055908,,2768748,4152884,3441064,2660340,,29134788,27626796,26553012,28991068,,29775420,28706888,27513492,29752628,,12,52,12,12,,1040884,1481792,1363468,1169764
175,1,65,64,1,0,0,13093604,112232448,115675852,88,5056308,,2792940,4179792,3460288,2660584,,29099936,27591604,26557388,28983520,,29740600,28671840,27518296,29745116,,12,52,12,12,,1040936,1481936,1363632,1169804
178,0,66,65,1,0,0,13146816,112188568,115634248,88,5057208,,2807012,4167480,3488596,2683728,,29093532,27614868,26525308,28954860,,29735188,28695360,27486288,29717412,,12,52,12,12,,1041216,1482168,1363740,1170084
181,0,67,66,1,0,0,13234116,112067892,115514704,88,5057832,,2816552,4189520,3526372,2701672,,29069044,27575060,26465256,28958532,,29710732,28656272,27426572,29721128,,12,52,12,12,,1041244,1482420,1364044,1170124
184,0,68,67,1,0,0,13318000,111989860,115438440,88,5058932,,2834420,4209184,3545268,2729128,,29063596,27563896,26450012,28912356,,29705300,28645700,27412464,29674976,,12,52,12,12,,1041264,1482832,1364696,1170140
186,0,69,68,1,0,0,13361100,111927372,115375816,88,5058708,,2849200,4216240,3563792,2731868,,29037124,27544840,26430736,28914672,,29678148,28626980,27393364,29677324,,12,52,12,12,,1040560,1483080,1364880,1170188
189,0,70,69,1,0,0,13470272,111814496,115265348,88,5059904,,2877612,4250340,3582508,2759812,,29016992,27517852,26404008,28875644,,29658748,28600552,27366788,29639260,,12,52,12,12,,1040740,1483648,1365032,1170484
192,0,71,70,1,0,0,13518004,111773204,115225304,88,5060484,,2881992,4273048,3585204,2777760,,29010536,27488292,26413836,28860540,,29652324,28572000,27376776,29624204,,12,52,12,12,,1040768,1483980,1365220,1170516
195,0,72,71,1,0,0,13580804,111693076,115146568,88,5061288,,2902904,4270552,3615528,2791820,,28984188,27494556,26371140,28843192,,29625996,28578492,27335200,29606880,,12,52,12,12,,1040792,1484144,1365816,1170536
197,1,73,72,1,0,0,13656084,111630488,115084528,88,5061892,,2915824,4300328,3634612,2805320,,28967048,27465844,26367480,28830116,,29608976,28550064,27331640,29593848,,12,52,12,12,,1040952,1484424,1365928,1170588
200,0,74,73,1,0,0,13736724,111521956,114978560,88,5062960,,2935260,4323304,3643696,2834464,,28934812,27431196,26352912,28803036,,29577692,28515556,27317544,29567768,,12,52,12,12,,1041136,1484552,1366396,1170876
203,0,75,74,1,0,0,13766548,111523412,114981616,88,5063904,,2946620,4337636,3650132,2832160,,28929400,27425640,26354044,28814328,,29572308,28511272,27318940,29579096,,12,52,12,12,,1041152,1485160,1366684,1170908
206,0,76,75,1,0,0,13854684,111430168,114889332,88,5064456,,2964052,4361432,3676600,2852600,,28910000,27415344,26316888,28787936,,29552936,28501220,27282460,29552716,,12,52,12,12,,1041180,1485424,1366940,1170912
208,1,77,76,1,0,0,13905104,111391560,114851328,88,5065016,,2975388,4371076,3688812,2869828,,28924040,27390456,26303060,28774004,,29567080,28476488,27268912,29538848,,12,52,12,12,,1041348,1485540,1367144,1170984
211,1,78,77,0,1,0,14001392,111285784,114747840,88,5065840,,3003324,4394604,3715568,2887896,,28880356,27371756,26295488,28738184,,29524332,28457876,27261624,29504008,,12,52,12,12,,1041520,1485608,1367440,1171272
214,0,79,78,1,0,0,14059476,111209712,114673256,88,5066648,,3019644,4410452,3723912,2905468,,28866440,27338648,26267096,28737528,,29510432,28425992,27233464,29503368,,12,52,12,12,,1041548,1486140,1367664,1171296
217,0,80,79,1,0,0,14151140,111150884,114615892,88,5067512,,3035160,4429388,3755556,2931036,,28858644,27342892,26238012,28711336,,29502704,28430620,27205356,29477212,,12,52,12,12,,1041564,1486476,1368136,1171336
220,0,81,80,1,0,0,14205244,111078568,114544356,88,5068364,,3047944,4459808,3773996,2923496,,28831668,27307436,26213640,28725824,,29475840,28395616,27181184,29491716,,12,52,12,12,,1041748,1486924,1368332,1171360
223,0,82,81,1,0,0,14294552,110960088,114428304,88,5069316,,3070116,4465884,3797720,2960832,,28795896,27309448,26196728,28658016,,29441036,28397784,27164592,29424892,,12,52,12,12,,1041916,1487092,1368644,1171664
226,0,83,82,1,0,0,14346780,110937856,114406612,88,5069896,,3086232,4480700,3801524,2978324,,28780052,27280972,26213948,28662884,,29425228,28369660,27181912,29429812,,12,52,12,12,,1041948,1487500,1368748,1171700
229,0,84,82,2,0,0,14404752,110878148,114349400,88,5071108,,3101968,4481544,3826448,2994792,,28771236,27285984,26171832,28649096,,29416504,28375768,27141072,29416056,,12,52,12,12,,1042032,1487804,1369536,1171736
231,1,85,84,1,0,0,14473176,110796504,114267972,88,5071336,,3115860,4518448,3840228,2998640,,28768152,27234472,26162084,28631796,,29413456,28324324,27131400,29398792,,12,52,12,12,,1042072,1487880,1369612,1171772
234,0,86,85,1,0,0,14577376,110694076,114168136,88,5072512,,3149128,4538288,3867900,3022060,,28714876,27225076,26123880,28630244,,29361164,28315240,27093480,29398252,,12,52,12,12,,1042356,1488184,1369896,1172076
237,0,87,86,1,0,0,14641216,110603164,114078636,88,5073268,,3158076,4558588,3878444,3046108,,28697348,27189652,26125160,28591004,,29343676,28281048,27094848,29359064,,12,52,12,12,,1042392,1488748,1370004,1172124
240,0,88,87,1,0,0,14705784,110574396,114050368,88,5073840,,3183608,4576108,3879348,3066720,,28685260,27175068,26140384,28573684,,29331696,28266620,27110272,29341780,,12,52,12,12,,1042560,1488876,1370236,1172168
243,0,89,88,1,0,0,14779956,110458016,113936468,88,5074988,,3206424,4601336,3904836,3067360,,28657332,27146372,26098460,28555852,,29304796,28238132,27069564,29323976,,12,52,12,12,,1042716,1489116,1370960,1172196
246,0,90,89,1,0,0,14822624,110435516,113915400,88,5075824,,3216384,4602872,3908892,3094476,,28649764,27154956,26098876,28531920,,29297192,28247052,27070156,29301000,,12,52,12,12,,1042764,1489448,1371128,1172484
249,0,91,90,1,0,0,14888884,110408048,113889192,88,5076460,,3238304,4617712,3933128,3099740,,28642604,27128944,26084304,28552196,,29290064,28222048,27055768,29321312,,12,52,12,12,,1042792,1489860,1371300,1172508
252,0,92,91,1,0,0,14956652,110312400,113795016,88,5077408,,3239740,4638652,3953056,3125204,,28638152,27112608,26051112,28510528,,29285640,28206264,27023416,29279696,,12,52,12,12,,1042824,1490248,1371776,1172560
255,0,93,92,1,0,0,15042980,110232112,113715348,88,5077920,,3274400,4658252,3970532,3139796,,28613272,27097608,26023024,28498208,,29260800,28191432,26995704,29267412,,12,52,12,12,,1042880,1490412,1372028,1172600
257,1,94,93,1,0,0,15087424,110153500,113639256,88,5079028,,3273648,4675832,3991512,3146432,,28601468,27068064,26003428,28480540,,29250128,28162172,26976204,29250752,,12,52,12,12,,1043292,1490716,1372124,1172896
260,1,95,94,1,0,0,15136192,110084704,113572228,88,5080040,,3280848,4691516,4003968,3159860,,28584420,27039484,25986664,28474136,,29233120,28134780,26959932,29244396,,12,52,12,12,,1043332,1491148,1372636,1172924
263,0,96,95,1,0,0,15214432,110013096,113502172,88,5080876,,3293820,4712328,4037292,3170992,,28578796,27019768,25964164,28450368,,29227528,28115376,26938588,29220680,,12,52,12,12,,1043364,1491432,1373104,1172976
266,0,97,96,1,0,0,15293396,109943720,113433424,88,5081500,,3312416,4730300,4046628,3204052,,28556452,27004876,25946416,28435976,,29205272,28100820,26921040,29206292,,12,52,12,12,,1043480,1491716,1373296,1173008
269,0,98,97,1,0,0,15399640,109803628,113295616,88,5082256,,3334768,4750128,4081196,3233548,,28513004,26988884,25920892,28380848,,29162852,28085000,26895616,29152148,,12,52,12,12,,1043716,1491860,1373384,1173296
272,0,99,98,1,0,0,15409996,109813116,113306592,88,5083064,,3348956,4755012,4076868,3229160,,28523032,26979172,25924804,28386108,,29172900,28076356,26899896,29157440,,12,52,12,12,,1043740,1492264,1373736,1173324
275,0,100,99,1,0,0,15505544,109740344,113235476,88,5083916,,3370612,4778696,4098000,3258236,,28501164,26966504,25906164,28366512,,29151064,28064080,26882452,29137880,,12,52,12,12,,1043784,1492512,1374252,1173368
277,1,101,100,1,0,0,15576112,109659304,113155044,88,5084620,,3394744,4793860,4114108,3273400,,28473016,26943116,25891976,28351196,,29122968,28040932,26868536,29122608,,12,52,12,12,,1043860,1492832,1374520,1173408
280,1,102,101,1,0,0,15638172,109579356,113077672,88,5085768,,3401576,4815072,4133600,3287924,,28450916,26927232,25854920,28346288,,29101844,28025580,26831564,29118684,,12,52,12,12,,1044112,1493344,1374592,1173720
283,0,103,102,1,0,0,15699120,109540860,113042184,88,5088080,,3414936,4836320,4139240,3308624,,28455784,26899556,25857244,28328276,,29106756,27999072,26835644,29100712,,12,52,12,12,,1044160,1493776,1376388,1173756
286,0,104,103,1,0,0,15756660,109466448,112969452,88,5088996,,3430768,4841984,4166396,3317512,,28439004,26882276,25831052,28314116,,29090000,27982164,26810568,29086720,,12,52,12,12,,1044176,1494108,1376792,1173920
289,0,105,104,1,0,0,15860776,109352768,112857672,88,5090796,,3472440,4872252,4184964,3331120,,28396240,26857416,25797260,28301852,,29048448,27957440,26777292,29074492,,12,52,12,12,,1045284,1494252,1377300,1173960
292,0,106,105,1,0,0,15902344,109317036,112823408,88,5090840,,3468256,4872440,4206664,3354984,,28384020,26875492,25782376,28275148,,29036344,27975764,26762520,29048780,,12,52,12,12,,1044636,1494496,1377452,1174256
295,0,107,106,1,0,0,15971760,109247596,112755424,88,5091588,,3481804,4909112,4212928,3367916,,28372380,26818908,25801796,28254512,,29024732,27920268,26782224,29028200,,12,52,12,12,,1044672,1494916,1377692,1174308
298,0,108,107,1,0,0,16066228,109153600,112662980,88,5092308,,3498980,4941128,4217456,3408664,,28369184,26797112,25792400,28194904,,29021600,27898912,26772908,28969560,,12,52,12,12,,1044716,1495200,1377784,1174608
300,1,109,108,1,0,0,16110528,109071896,112581704,88,5092812,,3513156,4956700,4218604,3422068,,28341180,26773556,25774668,28182492,,28993680,27875448,26755392,28957184,,12,52,12,12,,1044848,1495344,1377988,1174632
303,1,110,109,1,0,0,16185432,108997324,112509760,88,5094032,,3530696,4966132,4245116,3443488,,28318588,26760232,25747620,28170884,,28972024,27862356,26729756,28945624,,12,52,12,12,,1045060,1495580,1378712,1174680
306,1,111,110,1,0,0,16233780,108989816,112503320,88,5094288,,3549684,4969012,4259724,3455360,,28323428,26770612,25737208,28158568,,28976052,27874344,26719564,28933360,,12,52,12,12,,1044180,1496452,1378932,1174724
309,1,112,111,1,0,0,16318288,108889928,112405128,88,5095296,,3570356,4994888,4292940,3460104,,28301856,26730904,25703864,28153304,,28954536,27835084,26687388,28928120,,12,52,12,12,,1044240,1496904,1379392,1174760
312,1,113,112,1,0,0,16373648,108806328,112322244,88,5096028,,3585624,5022092,4311204,3454728,,28269888,26699552,25669600,28167288,,28922640,27803948,26653496,28942160,,12,52,12,12,,1044336,1497116,1379764,1174812
315,0,114,113,1,0,0,16440340,108730732,112248748,88,5096840,,3605164,5014872,4335664,3484640,,28254004,26712808,25644036,28119884,,28907544,27817312,26628076,28895816,,12,52,12,12,,1044588,1497212,1379900,1175140
318,0,115,114,1,0,0,16535632,108614180,112133912,88,5097780,,3621040,5047940,4373320,3493332,,28231008,26653812,25610772,28118588,,28884600,27759676,26595036,28894600,,12,52,12,12,,1044624,1497824,1380156,1175176
321,0,116,115,0,1,0,16596556,108574828,112096224,88,5098640,,3639192,5050320,4398216,3508828,,28223024,26659028,25587988,28104788,,28876664,27765120,26573600,28880840,,12,52,12,12,,1044684,1497968,1380784,1175204
324,0,117,116,1,0,0,16672104,108490776,112012936,88,5099384,,3655076,5076340,4414628,3526060,,28205008,26639376,25559188,28087204,,28858780,27745760,26545088,28863308,,12,52,12,12,,1044780,1498272,1381068,1175264
327,0,118,117,1,0,0,16737688,108387740,111912292,88,5100276,,3669972,5087248,4434048,3546420,,28167716,26637116,25531024,28051884,,28822512,27743760,26517008,28829012,,12,52,12,12,,1045032,1498536,1381156,1175552
330,0,119,118,1,0,0,16809680,108412740,111938864,88,5101052,,3689772,5103900,4446348,3569660,,28174340,26619504,25557516,28061380,,28829200,27727376,26543728,28838560,,12,52,12,12,,1045080,1498976,1381404,1175592
333,1,120,119,1,0,0,16887028,108308408,111835888,88,5101908,,3703600,5121400,4471524,3590504,,28158996,26618108,25513860,28017444,,28813896,27726268,26501044,28794680,,12,52,12,12,,1045120,1499228,1381932,1175628
336,0,121,119,2,0,0,16939436,108223208,111751840,88,5102840,,3717848,5142936,4481012,3597640,,28119108,26588988,25505408,28009704,,28774176,27697500,26493172,28786992,,12,52,12,12,,1045296,1499596,1382276,1175672
339,0,122,121,1,0,0,17021056,108125136,111656424,88,5103980,,3744264,5155136,4501348,3620308,,28092236,26572892,25482388,27977620,,28748240,27681848,26470340,28755996,,12,52,12,12,,1045460,1500080,1382444,1175996
342,0,123,122,1,0,0,17080660,108072424,111605120,88,5104624,,3756972,5173244,4519668,3630776,,28100916,26530628,25464248,27976632,,28757000,27640664,26452404,28755052,,12,52,12,12,,1045516,1500416,1382664,1176028
345,0,124,123,1,0,0,17142868,108005944,111539428,88,5105412,,3773960,5192592,4526444,3649872,,28077924,26524368,25440324,27963328,,28734052,27634704,26428876,28741796,,12,52,12,12,,1045556,1500668,1383116,1176072
348,0,125,123,2,0,0,17243328,107880700,111415788,88,5106368,,3791544,5212616,4578020,3661148,,28041964,26498272,25392964,27947500,,28698232,27608932,26382632,28725992,,12,52,12,12,,1045752,1500996,1383512,1176108
351,0,126,125,1,0,0,17334572,107810896,111348756,88,5107320,,3812016,5228120,4599484,3694952,,28028580,26495760,25377944,27908612,,28685904,27606528,26368028,28688296,,12,52,12,12,,1045924,1501100,1383880,1176416
354,0,127,126,1,0,0,17407020,107717332,111256660,88,5108268,,3827780,5256272,4619200,3703768,,28016136,26463144,25348776,27889276,,28673456,27575156,26339124,28668924,,12,52,12,12,,1045972,1501632,1384200,1176464
357,0,128,127,1,0,0,17438252,107682968,111223096,88,5108976,,3843204,5249604,4625544,3719900,,27999600,26457928,25349940,27875500,,28657064,27570384,26340456,28655192,,12,52,12,12,,1046144,1502024,1384304,1176504
360,0,129,128,1,0,0,17554996,107558588,111101052,88,5109872,,3876448,5273992,4637068,3767488,,27964972,26429368,25339664,27824584,,28623384,27541916,26330380,28605372,,12,52,12,12,,1046328,1502144,1384532,1176868
363,0,130,129,1,0,0,17616236,107500052,111044308,88,5110916,,3886300,5290472,4662272,3777192,,27944852,26419580,25304644,27830976,,28603304,27532360,26296792,28611852,,12,52,12,12,,1046372,1502360,1385268,1176916
366,0,131,130,1,0,0,17668228,107444084,110989820,88,5111816,,3905592,5310872,4665740,3786024,,27930108,26396752,25298248,27818976,,28588596,27510556,26290764,28599904,,12,52,12,12,,1046404,1502804,1385640,1176968
369,0,132,131,1,0,0,17735552,107390900,110938632,88,5112948,,3906292,5327508,4708360,3793392,,27945608,26371664,25265120,27808508,,28604168,27486076,26258900,28589488,,12,52,12,12,,1046456,1503264,1386208,1177020
372,0,133,132,1,0,0,17804668,107316324,110864968,88,5113808,,3916200,5356696,4730416,3801356,,27916396,26361220,25242104,27796604,,28575376,27475868,26236096,28577628,,12,52,12,12,,1046872,1503468,1386408,1177060
375,0,134,133,1,0,0,17892812,107224888,110776060,88,5114804,,3943136,5372088,4753348,3824240,,27903136,26324044,25225760,27771948,,28563096,27438940,26220036,28553988,,12,52,12,12,,1047072,1503696,1386684,1177352
378,0,135,134,1,0,0,17957372,107163184,110715564,88,5115600,,3961356,5388460,4771624,3835932,,27881184,26322980,25203360,27755660,,28541212,27438788,26197760,28537804,,12,52,12,12,,1047136,1504208,1386832,1177424
381,0,136,135,1,0,0,18021856,107083156,110637908,88,5116872,,3977392,5394896,4794664,3854904,,27861052,26310168,25165780,27746156,,28521132,27426772,26161660,28528344,,12,52,12,12,,1047188,1504608,1387612,1177464
384,0,137,136,1,0,0,18084324,107028132,110583532,88,5117552,,3985996,5420952,4806636,3870740,,27845880,26288080,25167588,27726584,,28506096,27404840,26163784,28508812,,12,52,12,12,,1047364,1504764,1387924,1177500
387,0,138,137,1,0,0,18171356,106916828,110474636,88,5118444,,4019684,5435652,4826456,3889564,,27815856,26275816,25141560,27683596,,28477012,27392900,26137844,28466880,,12,52,12,12,,1047536,1505072,1388020,1177816
390,0,139,138,1,0,0,18222860,106875236,110434612,88,5119240,,4023324,5454480,4841120,3903936,,27802260,26247280,25141928,27683768,,28463480,27365512,26138492,28467128,,12,52,12,12,,1047596,1505472,1388284,1177888
393,1,140,139,1,0,0,18278424,106798608,110359728,88,5120252,,4037856,5464076,4856088,3920404,,27784396,26231596,25099292,27683324,,28445664,27350104,26097212,28466748,,12,52,12,12,,1047640,1505748,1388948,1177916
396,1,141,140,1,0,0,18339548,106798324,110360240,88,5121024,,4051928,5476860,4875832,3934928,,27792128,26237184,25099240,27669772,,28453572,27356084,26097348,28453236,,12,52,12,12,,1047820,1506128,1389124,1177952
399,1,142,141,1,0,0,18430500,106654496,110219356,88,5122356,,4076156,5491468,4904304,3958572,,27749664,26218800,25064580,27621452,,28412088,27338184,26062868,28406216,,12,52,12,12,,1048024,1506608,1389332,1178392
402,1,143,142,1,0,0,18490108,106580056,110146552,88,5123292,,4088276,5523480,4912620,3965732,,27735676,26166868,25042488,27635024,,28398152,27287448,26041164,28419788,,12,52,12,12,,1048064,1507068,1389704,1178456
405,1,144,143,1,0,0,18564212,106527392,110095512,88,5124716,,4113716,5540392,4913140,3996964,,27717724,26164584,25043232,27601852,,28380320,27285360,26042056,28387776,,12,52,12,12,,1048240,1507212,1389856,1179408
408,1,145,144,1,0,0,18619280,106435656,110006432,88,5125948,,4120316,5553348,4932684,4012932,,27703232,26128240,25014216,27589968,,28366816,27249388,26014292,28375936,,12,52,12,12,,1048448,1507580,1390504,1179416
411,1,146,145,1,0,0,18679796,106390788,109962440,88,5126548,,4143000,5571884,4949536,4015376,,27678620,26119888,25018564,27573716,,28342252,27241152,26019028,28360008,,12,52,12,12,,1048480,1507696,1390784,1179588
414,1,147,145,2,0,0,18756448,106308352,109882264,88,5127712,,4164700,5590176,4969784,4031788,,27666060,26096736,24994112,27551444,,28329736,27219220,25994872,28338436,,12,52,12,12,,1048536,1508300,1391104,1179772
417,1,148,147,1,0,0,18801668,106273096,109847804,88,5128316,,4184784,5592504,4972716,4051664,,27645048,26107576,24989800,27530672,,28308884,27230504,25990684,28317732,,12,52,12,12,,1048676,1508604,1391208,1179828
421,0,149,148,1,0,0,18893084,106151016,109728188,88,5129264,,4202164,5610920,4976720,4103280,,27627880,26079992,24967224,27475920,,28292764,27203080,25968340,28264004,,12,52,12,12,,1048924,1508756,1391448,1180136
423,1,150,149,1,0,0,18966856,106102732,109681640,88,5130272,,4224308,5628940,4993660,4119948,,27602944,26061964,24966264,27471560,,28267844,27185260,25968804,28259732,,12,52,12,12,,1048948,1508960,1392196,1180168
426,1,151,150,1,0,0,19037240,106044296,109626232,88,5132476,,4242328,5656212,5006760,4131940,,27583796,26042508,24961512,27456480,,28248000,27169272,25964260,28244700,,12,52,12,12,,1048164,1511684,1392400,1180228
430,0,152,151,1,0,0,19112460,105935012,109518644,88,5133460,,4244652,5674484,5049096,4144228,,27580812,26007192,24906560,27440448,,28245048,27134340,25910532,28228724,,12,52,12,12,,1048208,1512056,1392912,1180284
432,1,153,152,1,0,0,19163152,105874636,109459096,88,5134348,,4252992,5696332,5067960,4145868,,27575656,25987676,24893764,27417540,,28240052,27115164,25898032,28205848,,12,52,12,12,,1048408,1512392,1393232,1180316
436,0,154,153,1,0,0,19236440,105789552,109376200,88,5135148,,4270272,5710720,5093300,4162148,,27536936,25973052,24870968,27408596,,28202156,27100652,25875424,28197968,,12,52,12,12,,1048600,1512504,1393408,1180636
438,1,155,154,1,0,0,19306972,105747492,109336044,88,5136404,,4289328,5730240,5107640,4179764,,27524060,25950992,24850652,27421788,,28189328,27079784,25855684,28211248,,12,52,12,12,,1048656,1513064,1393984,1180700
442,0,156,155,1,0,0,19377504,105636512,109226824,88,5137288,,4308620,5736908,5142864,4189112,,27510712,25943684,24794112,27388004,,28176028,27073016,25800272,28177508,,12,52,12,12,,1048712,1513440,1394392,1180744
445,0,157,156,1,0,0,19434028,105604528,109195696,88,5138092,,4321908,5754820,5152340,4204960,,27509440,25934780,24789412,27370896,,28174940,27064272,25796012,28160472,,12,52,12,12,,1048904,1513608,1394764,1180816
448,0,158,157,1,0,0,19529468,105492884,109086620,88,5139024,,4348204,5767772,5173724,4239768,,27465056,25907520,24772852,27347456,,28131652,27037368,25779548,28138052,,12,52,12,12,,1049092,1513960,1394864,1181108
451,1,159,158,1,0,0,19596036,105387348,108982692,88,5139936,,4358904,5794528,5188336,4254268,,27440216,25863560,24754256,27329316,,28106780,26994504,25761332,28120076,,12,52,12,12,,1049144,1514336,1395264,1181192
454,1,160,159,1,0,0,19652188,105338780,108934836,88,5140696,,4373820,5811480,5198644,4268244,,27431268,25857524,24741716,27308272,,28097892,26988768,25749108,28099068,,12,52,12,12,,1049208,1514616,1395636,1181236
457,1,161,159,2,0,0,19690400,105346496,108944180,88,5141556,,4384812,5820196,5207096,4278296,,27440668,25861604,24744492,27299732,,28107396,26993196,25753012,28090576,,12,52,12,12,,1049300,1514952,1396020,1181284
461,0,162,161,1,0,0,19768020,105246960,108847516,88,5142892,,4397464,5836788,5225532,4308236,,27416648,25843988,24710760,27275564,,28084444,26976128,25719524,28067420,,12,52,12,12,,1049596,1515488,1396240,1181568
464,0,163,162,1,0,0,19857648,105155004,108757016,88,5143816,,4415632,5866656,5251368,4323992,,27405288,25790608,24690768,27268340,,28073172,26923684,25699876,28060284,,12,52,12,12,,1049680,1515872,1396600,1181664
467,0,164,163,1,0,0,19925856,105078356,108681396,88,5144676,,4446996,5887412,5253996,4337452,,27374676,25787364,24667260,27249056,,28042644,26921176,25676520,28041056,,12,52,12,12,,1049816,1516388,1396776,1181696
470,0,165,164,1,0,0,20009764,105003076,108608900,88,5145800,,4472488,5900792,5283500,4352984,,27330000,25791396,24641388,27240292,,27999000,26925376,25652204,28032320,,12,52,12,12,,1050004,1516500,1397572,1181724
473,0,166,165,1,0,0,20065968,104914360,108521776,88,5146748,,4482568,5917572,5279212,4386616,,27309868,25767484,24651056,27185952,,27978936,26901704,25662088,27979048,,12,52,12,12,,1050096,1516812,1397784,1182056
476,0,167,166,1,0,0,20142920,104827252,108436380,88,5147568,,4505088,5947540,5297280,4393012,,27289792,25709900,24644004,27183556,,27958920,26845432,25655260,27976768,,12,52,12,12,,1050128,1517268,1398024,1182148
479,0,168,167,1,0,0,20229344,104769884,108379752,88,5148288,,4524256,5982536,5318300,4404252,,27273116,25687788,24628288,27180692,,27942392,26823720,25639680,27973960,,12,52,12,12,,1050324,1517616,1398152,1182196
482,0,169,168,1,0,0,20322264,104668612,108281148,88,5149476,,4546576,6009156,5345476,4421056,,27263020,25659740,24592400,27153452,,27933304,26795860,25605200,27946784,,12,52,12,12,,1050532,1517824,1398884,1182236
485,0,170,169,1,0,0,20376936,104643328,108257520,88,5150364,,4557964,6024444,5358172,4436356,,27251480,25649856,24603612,27138380,,27921852,26786200,25616704,27932764,,12,52,12,12,,1050624,1518044,1399152,1182544
488,0,171,169,2,0,0,20459820,104572084,108188172,88,5151464,,4573632,6048676,5385176,4452336,,27248100,25623288,24566660,27134036,,27918556,26761052,25580084,27928480,,12,52,12,12,,1050648,1518720,1399484,1182612
491,1,172,171,1,0,0,20503772,104495952,108112832,88,5152240,,4590476,6057308,5386196,4469792,,27225256,25618932,24545344,27106420,,27895840,26757016,25559032,27900944,,12,52,12,12,,1050808,1519028,1399732,1182672
495,0,173,172,1,0,0,20576980,104412020,108031500,88,5153304,,4606704,6070148,5414484,4485644,,27192108,25612672,24506368,27100872,,27863756,26750988,25521316,27895440,,12,52,12,12,,1051064,1519248,1400284,1182708
498,0,174,173,1,0,0,20659472,104282564,107903912,88,5154404,,4631052,6088796,5425240,4514384,,27169504,25578792,24491744,27042524,,27841208,26717512,25506984,27838208,,12,52,12,12,,1051108,1519628,1400576,1183092
501,0,175,174,1,0,0,20739664,104237944,107860956,88,5155268,,4652768,6115580,5438924,4532392,,27141376,25558680,24477836,27060052,,27813104,26698488,25493524,27855840,,12,52,12,12,,1051132,1520000,1400972,1183164
504,1,176,175,1,0,0,20785668,104186100,107810192,88,5156268,,4659976,6126340,5456536,4542816,,27133852,25527132,24482352,27042764,,27805856,26667352,25498388,27838596,,12,52,12,12,,1051360,1520376,1401320,1183212
507,1,177,176,1,0,0,20871760,104085624,107712468,88,5157268,,4675908,6145404,5462304,4588144,,27131080,25502608,24481912,26970024,,27804136,26643220,25498064,27767048,,12,52,12,12,,1051568,1520708,1401464,1183528
511,0,178,177,1,0,0,20938000,104025456,107653744,88,5158116,,4694756,6154260,5487516,4601468,,27105864,25490952,24445516,26983124,,27778968,26631664,25462932,27780180,,12,52,12,12,,1051612,1520832,1402064,1183608
514,0,179,178,1,0,0,20998672,103962924,107592940,88,5159068,,4714828,6177104,5496504,4610236,,27091808,25480264,24421412,26969440,,27764964,26622240,25439192,27766544,,12,52,12,12,,1051656,1521384,1402368,1183660
517,0,180,179,0,1,0,21033632,103909124,107540048,88,5159956,,4724792,6181716,5507756,4619368,,27086784,25462864,24401112,26958364,,27760128,26605292,25419108,27755520,,12,52,12,12,,1051876,1521776,1402596,1183708
520,1,181,180,1,0,0,21117108,103845380,107495540,88,5177684,,4753364,6192664,5522632,4648448,,27051156,25456272,24418720,26919232,,27735012,26599216,25443912,27717400,,12,52,12,12,,1061580,1522308,1409776,1184020
524,0,182,181,1,0,0,21190384,103781380,107436240,88,5181508,,4770544,6204716,5560280,4654844,,27039308,25456456,24358928,26926688,,27723436,26599600,25388252,27724952,,12,52,12,12,,1061844,1522504,1413076,1184084
527,0,183,182,1,0,0,21309612,103624068,107281728,88,5183408,,4794760,6237268,5570632,4706952,,27010764,25404352,24346576,26862376,,27694972,26548904,25375928,27661924,,12,52,12,12,,1061944,1523168,1413204,1185092
530,0,184,183,1,0,0,21372768,103545368,107204856,88,5184524,,4799736,6244196,5606868,4721968,,26998500,25400960,24305772,26840136,,27682776,26545700,25335748,27640632,,12,52,12,12,,1062016,1523352,1413816,1185340
533,1,185,184,1,0,0,21432636,103487416,107147456,88,5185136,,4813056,6270452,5614584,4734544,,26965904,25380944,24304760,26835808,,27650220,26525984,25334928,27636324,,12,52,12,12,,1062088,1523676,1413988,1185384
537,0,186,185,1,0,0,21529344,103436328,107098360,88,5185532,,4827940,6296484,5655932,4748988,,26977908,25373152,24271588,26813680,,27663364,26518588,25302932,27613476,,12,52,12,12,,1062388,1524024,1414512,1184608
540,0,187,186,1,0,0,21574284,103361840,107025548,88,5186380,,4830784,6321164,5660024,4762312,,26962076,25342244,24251712,26805808,,27647688,26488848,25283332,27605680,,12,52,12,12,,1062452,1524452,1414776,1184700
543,0,188,187,1,0,0,21633916,103298912,106963636,88,5187404,,4858888,6337460,5676100,4761468,,26932364,25323884,24229132,26813532,,27618108,26470744,25261332,27613452,,12,52,12,12,,1062652,1524716,1415304,1184732
546,1,189,188,1,0,0,21729276,103196140,106870548,88,5195544,,4876992,6364844,5725792,4761648,,26913480,25275272,24196808,26810580,,27600168,26429712,25230128,27610540,,12,52,12,12,,1062824,1532200,1415756,1184764
549,1,190,189,0,1,0,21792824,103114460,106790312,88,5196588,,4905624,6375120,5729072,4783008,,26881868,25265048,24199340,26768204,,27568628,26419856,25232924,27568904,,12,52,12,12,,1062908,1532556,1416012,1185112
553,0,191,189,2,0,0,21851580,103045128,106722844,88,5197716,,4915776,6397676,5749052,4789076,,26865056,25234188,24167192,26778692,,27551908,26390152,25201176,27579608,,12,52,12,12,,1062980,1533160,1416408,1185168
556,0,192,191,1,0,0,21935368,102991492,106671248,88,5198820,,4927120,6416916,5784088,4807244,,26857356,25240284,24135448,26758404,,27544256,26396928,25170672,27559392,,12,52,12,12,,1063052,1533592,1416932,1185244
559,0,193,192,1,0,0,21987812,102940088,106620916,88,5199688,,4947548,6421844,5793872,4824548,,26829532,25234128,24129564,26746864,,27516756,26390912,25165356,27547892,,12,52,12,12,,1063228,1533740,1417468,1185252
562,1,194,193,1,0,0,22055468,102846192,106529636,88,5200808,,4961952,6430540,5809172,4853804,,26819284,25225920,24106400,26694588,,27507364,26383016,25142428,27496828,,12,52,12,12,,1063452,1534044,1417708,1185604
565,1,195,194,1,0,0,22128064,102763872,106448408,88,5201388,,4982544,6456576,5826792,4862152,,26806084,25175228,24080872,26701688,,27494232,26333140,25117116,27503920,,12,52,12,12,,1063492,1534336,1417920,1185640
569,0,196,195,1,0,0,22187168,102715252,106401044,88,5202396,,5006528,6468844,5834648,4877148,,26769792,25175284,24086828,26683348,,27458152,26333972,25123264,27485656,,12,52,12,12,,1063700,1534852,1418120,1185724
572,0,197,196,1,0,0,22266516,102636440,106324760,88,5203548,,5024396,6489276,5857372,4895472,,26743236,25156156,24059940,26677108,,27432608,26315120,25097560,27479472,,12,52,12,12,,1063904,1535112,1418768,1185764
575,1,198,197,1,0,0,22318248,102547360,106237632,88,5204568,,5041700,6502104,5856792,4917652,,26740356,25124356,24052792,26629856,,27429788,26283548,25090916,27433380,,12,52,12,12,,1063980,1535340,1419028,1186220
578,1,199,198,0,1,0,22390040,102462448,106154660,88,5205764,,5058508,6521288,5878340,4931904,,26708252,25097376,24029636,26627184,,27397780,26258036,25068080,27430764,,12,52,12,12,,1064064,1536080,1419356,1186264
582,0,200,199,1,0,0,22452968,102434720,106127688,88,5206604,,5064236,6526200,5917212,4945320,,26712220,25125296,23981556,26615648,,27401768,26286284,25020340,27419296,,12,52,12,12,,1064112,1536412,1419740,1186340
585,0,201,200,1,0,0,22517800,102380580,106075308,88,5207608,,5078700,6552568,5930856,4955676,,26701052,25090000,23990344,26599184,,27390780,26251328,25030308,27402892,,12,52,12,12,,1064316,1536724,1420172,1186396
588,1,202,201,1,0,0,22605976,102253780,105951660,88,5209164,,5110472,6576416,5939084,4980004,,26657072,25051632,23974552,26570524,,27347944,26213340,25015108,27375268,,12,52,12,12,,1064532,1537124,1420792,1186716
591,1,203,202,1,0,0,22686480,102131880,105831284,88,5209900,,5111332,6624396,5953276,4997476,,26656924,24999208,23933800,26541948,,27347768,26162196,24974516,27346804,,12,52,12,12,,1064564,1537616,1420924,1186796
595,0,204,203,1,0,0,22763164,102068148,105768472,88,5210764,,5143404,6636372,5971360,5012028,,26621516,24999220,23921032,26526380,,27312576,26162504,24962080,27331312,,12,52,12,12,,1064792,1537848,1421260,1186864
598,0,205,204,1,0,0,22833596,102003096,105705044,88,5211700,,5170052,6648740,5987544,5027260,,26603964,24972928,23916920,26509284,,27295992,26136632,24958148,27314272,,12,52,12,12,,1064996,1538260,1421524,1186920
601,1,206,205,1,0,0,22914520,101927872,105632564,88,5212820,,5188464,6666816,5997888,5061352,,26580404,24968848,23892900,26485720,,27272504,26132632,24935572,27291856,,12,52,12,12,,1065068,1538348,1422184,1187220
605,0,207,206,0,1,0,22986824,101837164,105543692,88,5213852,,5207308,6686088,6021048,5072380,,26561504,24927636,23869100,26478924,,27253656,26092868,24912040,27285128,,12,52,12,12,,1065116,1539000,1422436,1187300
608,1,208,207,1,0,0,23032136,101812676,105520160,88,5214740,,5198228,6701672,6048352,5083884,,26574716,24924544,23845764,26467652,,27266976,26089876,24889348,27273960,,12,52,12,12,,1065204,1539172,1422968,1187396
612,0,209,207,2,0,0,23117760,101706644,105416204,88,5215968,,5211912,6734312,6077780,5093756,,26557520,24887376,23807500,26454248,,27250168,26053304,24852128,27260604,,12,52,12,12,,1065424,1539744,1423348,1187452
615,0,210,209,1,0,0,23212560,101596392,105308404,88,5216980,,5238984,6756376,6097680,5119520,,26523464,24861516,23787908,26423504,,27216904,26027688,24832804,27231008,,12,52,12,12,,1065604,1540004,1423604,1187768
618,0,211,209,2,0,0,23295744,101527928,105241916,88,5218260,,5257792,6796440,6108492,5133020,,26516896,24820756,23776060,26414216,,27210416,25988368,24821404,27221728,,12,52,12,12,,1065680,1540688,1424072,1187820
621,1,212,211,1,0,0,23365256,101465972,105180736,88,5218860,,5283900,6808632,6113324,5159400,,26481268,24819172,23768568,26396964,,27175040,25986968,24814184,27204544,,12,52,12,12,,1065792,1540836,1424336,1187896
625,0,213,212,1,0,0,23421820,101401688,105121532,88,5222512,,5292500,6826352,6130680,5172288,,26481328,24776720,23763044,26380596,,27176060,25944928,24812284,27188260,,12,52,12,12,,1066108,1541216,1427216,1187972
628,0,214,213,1,0,0,23507440,101295168,105016796,88,5223532,,5306468,6844476,6143828,5212668,,26453964,24780908,23745712,26314584,,27148796,25949484,24795204,27123312,,12,52,12,12,,1066176,1541596,1427472,1188288
632,0,215,214,1,0,0,23585684,101210840,104934096,88,5224416,,5328476,6861792,6170684,5224732,,26427892,24746376,23724984,26311588,,27122768,25915992,24774900,27120436,,12,52,12,12,,1066216,1541916,1427888,1188396
635,0,216,215,1,0,0,23637332,101155080,104879452,88,5225528,,5343476,6870004,6182032,5241820,,26420196,24748888,23694124,26291872,,27115264,25919032,24744372,27100784,,12,52,12,12,,1066472,1542388,1428216,1188452
638,1,217,216,0,1,0,23688856,101096440,104823868,88,5226972,,5353196,6883668,6198012,5253980,,26398796,24732972,23683724,26280948,,27094920,25903724,24734328,27090896,,12,52,12,12,,1066648,1542976,1428568,1188780
642,0,218,217,1,0,0,23759348,101020416,104749316,88,5227800,,5381264,6918316,6196624,5263144,,26370076,24685276,23686980,26278084,,27066228,25857260,24737736,27088092,,12,52,12,12,,1066732,1543468,1428768,1188832
645,1,219,218,1,0,0,23851800,100949228,104681256,88,5229856,,5401456,6931508,6224988,5293848,,26368472,24680560,23673836,26226360,,27064724,25852880,24726028,27037624,,12,52,12,12,,1066844,1543764,1429388,1189860
649,0,220,219,1,0,0,23912492,100897936,104631556,88,5231480,,5429556,6953736,6212972,5316228,,26343080,24665048,23686304,26203504,,27039724,25837856,24739136,27014840,,12,52,12,12,,1067324,1544260,1430008,1189888
652,1,221,220,1,0,0,23973856,100811356,104547648,88,5232504,,5429452,6974640,6235148,5334616,,26338020,24641084,23642508,26189744,,27035704,25814192,24695572,27002180,,12,52,12,12,,1067516,1544552,1430232,1190204
656,0,222,221,1,0,0,24050292,100727632,104465436,88,5233180,,5449220,6975440,6277220,5348412,,26315352,24629904,23604648,26177728,,27013060,25803288,24658988,26990100,,12,52,12,12,,1067536,1544780,1430752,1190112
659,0,223,222,1,0,0,24110036,100663852,104402452,88,5233956,,5479784,6977900,6281492,5370860,,26281240,24624704,23598772,26159136,,26979204,25798424,24653232,26971592,,12,52,12,12,,1067788,1545108,1430868,1190192
662,1,224,223,1,0,0,24190240,100606204,104346936,88,5235372,,5506836,6989640,6301224,5392540,,26245732,24629344,23583232,26147896,,26944656,25803424,24638420,26960436,,12,52,12,12,,1067964,1545532,1431604,1190272
666,0,225,224,1,0,0,24230544,100518452,104261840,88,5236460,,5516852,6991380,6324124,5398188,,26234132,24611964,23547096,26125260,,26933184,25787328,24602472,26938856,,12,52,12,12,,1068084,1545980,1431804,1190592
669,1,226,225,1,0,0,24277540,100506772,104252044,88,5237612,,5529488,7017248,6323352,5407452,,26234900,24578896,23570512,26122464,,26934056,25755716,24626168,26936104,,12,52,12,12,,1068160,1546720,1432100,1190632
673,0,227,226,1,0,0,24329128,100454096,104201160,88,5238544,,5531968,7046156,6336384,5414620,,26232664,24557764,23535976,26127692,,26931896,25734768,24593056,26941440,,12,52,12,12,,1068228,1546836,1432748,1190732
676,0,228,227,1,0,0,24434688,100357696,104106512,88,5239644,,5573164,7080644,6351516,5429364,,26172284,24532340,23538988,26114084,,26872360,25709940,24596296,26927916,,12,52,12,12,,1068444,1547460,1432932,1190808
679,0,229,228,1,0,0,24522836,100247304,103998344,88,5240968,,5583020,7106872,6357624,5475320,,26161316,24501920,23537816,26046252,,26861756,25679652,24595668,26861268,,12,52,12,12,,1068644,1547592,1433484,1191248
683,0,230,229,1,0,0,24599972,100140172,103893060,88,5241996,,5579984,7117464,6406176,5496348,,26154624,24472468,23478828,26034252,,26855164,25650584,24537984,26849328,,12,52,12,12,,1068728,1547968,1434016,1191284
686,0,231,230,1,0,0,24646232,100092520,103846484,88,5243024,,5592460,7124228,6417356,5512188,,26138580,24472220,23465472,26016248,,26839192,25650968,24524888,26831436,,12,52,12,12,,1068800,1548540,1434284,1191400
689,1,232,230,2,0,0,24675904,100071996,103827680,88,5243840,,5613676,7121788,6428568,5511872,,26136636,24471828,23445388,26018144,,26837532,25651804,24504944,26833400,,12,52,12,12,,1068936,1549008,1434436,1191460
692,1,233,232,1,0,0,24758332,99959012,103717272,88,5245088,,5625864,7143008,6463760,5525700,,26107112,24447420,23419480,25985000,,26808824,25627644,24479460,26801344,,12,52,12,12,,1069228,1549248,1434816,1191796
696,0,234,233,1,0,0,24840920,99869640,103629720,88,5246192,,5638580,7156296,6506312,5539732,,26102724,24416304,23368420,25982192,,26804516,25596848,24429748,26798608,,12,52,12,12,,1069304,1549568,1435476,1191844
699,0,235,234,1,0,0,24938968,99831600,103594060,88,5247768,,5660024,7185208,6536944,5556792,,26106680,24391316,23359632,25973972,,26808544,25573772,24421276,26790468,,12,52,12,12,,1069372,1550700,1435772,1191924
702,1,236,235,1,0,0,25002052,99737124,103500316,88,5248516,,5678916,7198468,6552984,5571684,,26072840,24398776,23324848,25940660,,26774788,25581372,24386920,26757236,,12,52,12,12,,1069512,1550812,1436200,1191992
706,0,237,236,0,1,0,25082484,99624376,103390576,88,5249912,,5706464,7209296,6568764,5597960,,26019084,24392320,23303768,25909204,,26722152,25575504,24366048,26726872,,12,52,12,12,,1069800,1551392,1436396,1192324
709,1,238,237,1,0,0,25171948,99580288,103348456,88,5251156,,5725684,7239912,6596752,5609600,,26019036,24364108,23291748,25905396,,26722208,25547408,24355688,26723152,,12,52,12,12,,1069892,1551548,1437304,1192412
713,0,239,238,1,0,0,25240712,99490432,103260540,88,5252232,,5740444,7259004,6606300,5634964,,25999200,24337036,23268868,25885328,,26702460,25521848,24333072,26703160,,12,52,12,12,,1069976,1552244,1437528,1192484
716,1,240,239,1,0,0,25307092,99411948,103183112,88,5253228,,5750396,7273376,6630676,5652644,,25983484,24310528,23249148,25868788,,26686960,25495816,24313644,26686692,,12,52,12,12,,1070168,1552688,1437820,1192552
720,0,241,240,1,0,0,25388064,99323444,103097220,88,5254284,,5765504,7286040,6668740,5667780,,25963296,24300244,23207692,25852212,,26667816,25485744,24273460,26670200,,12,52,12,12,,1070420,1552876,1438352,1192636
723,1,242,241,1,0,0,25437916,99258344,103034124,88,5255544,,5781176,7296088,6678600,5682052,,25947208,24286972,23199176,25824988,,26651792,25472712,24265580,26644040,,12,52,12,12,,1070492,1553144,1438952,1192956
727,0,243,242,1,0,0,25510588,99189132,102965696,88,5256324,,5810384,7313232,6701916,5685056,,25919764,24273048,23171548,25824772,,26624532,25459076,24238192,26643896,,12,52,12,12,,1070712,1553412,1439176,1193024
730,1,244,243,1,0,0,25558000,99084132,102865680,88,5259796,,5828272,7340256,6702376,5687096,,25878752,24225468,23167208,25812704,,26584560,25415080,24234132,26631908,,12,52,12,12,,1070924,1556288,1439468,1193116
734,0,245,244,1,0,0,25665176,99024704,102808224,88,5260912,,5845536,7360600,6730172,5728868,,25874548,24211272,23146404,25792480,,26580436,25401188,24213740,26612860,,12,52,12,12,,1070996,1556540,1439860,1193516
737,0,246,245,0,1,0,25753816,98948200,102733664,88,5262108,,5871868,7398212,6739736,5744000,,25862336,24182880,23135160,25767824,,26568340,25374188,24202660,26588476,,12,52,12,12,,1071104,1557224,1440028,1193752
740,1,247,246,1,0,0,25808276,98876756,102664212,88,5263340,,5869380,7406788,6768664,5763444,,25853304,24176824,23101424,25745204,,26559356,25368312,24170568,26565976,,12,52,12,12,,1071172,1557424,1440924,1193820
744,0,248,247,1,0,0,25866528,98796580,102585124,88,5264380,,5881484,7423264,6782620,5779160,,25833420,24151648,23084740,25726772,,26539708,25343480,24154304,26547632,,12,52,12,12,,1071400,1557768,1441324,1193888
747,0,249,248,1,0,0,25951944,98747660,102538360,88,5265740,,5909536,7442280,6796912,5803216,,25827484,24142764,23077884,25699528,,26534812,25334960,24148048,26520540,,12,52,12,12,,1071616,1558136,1441932,1194056
750,1,250,248,2,0,0,25996576,98701148,102493536,88,5266596,,5917980,7454600,6820064,5803932,,25827436,24121052,23056596,25696064,,26534836,25313452,24127196,26518052,,12,52,12,12,,1071692,1558300,1442300,1194304
754,0,251,248,3,0,0,26030352,98672268,102466616,88,5267820,,5933508,7473480,6816564,5806800,,25809360,24093356,23061512,25708040,,26516848,25287084,24132528,26530156,,12,52,12,12,,1071796,1558884,1442760,1194380
757,1,252,251,1,0,0,26125680,98561188,102358100,88,5268916,,5948060,7485136,6872172,5820312,,25784360,24090768,22992580,25693480,,26492540,25284980,24064924,26515656,,12,52,12,12,,1071884,1559252,1443344,1194436
761,0,253,252,1,0,0,26187360,98511372,102310764,88,5270328,,5961988,7506716,6853728,5864928,,25765168,24076508,23020620,25649076,,26473964,25271316,24093104,26472380,,12,52,12,12,,1072224,1559884,1443456,1194764
764,1,254,253,1,0,0,26321784,98350976,102152268,88,5271484,,5990612,7573988,6876836,5880348,,25743220,23994288,22988080,25625388,,26452112,25190404,24061000,26448752,,12,52,12,12,,1072324,1560456,1443880,1194824
768,0,255,254,1,0,0,26389312,98266100,102070460,88,5273504,,6021236,7549348,6911140,5907588,,25694136,24032988,22945132,25593844,,26404252,25229652,24019232,26417324,,12,52,12,12,,1073316,1560904,1444344,1194940
771,1,256,255,1,0,0,26443604,98250784,102056280,88,5274648,,6022900,7570792,6916244,5933668,,25700388,24000100,22965592,25584704,,26410672,25197040,24040316,26408252,,12,52,12,12,,1073496,1561184,1444952,1195016
775,0,257,256,1,0,0,26531312,98155564,101964992,88,5276984,,6030416,7587204,6941552,5972140,,25712716,23986472,22933184,25523192,,26423920,25183648,24008280,26349144,,12,52,12,12,,1073704,1561424,1445304,1196552
778,1,258,257,1,0,0,26635608,98053668,101864916,88,5278068,,6058612,7596560,6995016,5985420,,25663400,23977056,22878964,25534248,,26374724,25174680,23955236,26360276,,12,52,12,12,,1073812,1561860,1445764,1196632
782,0,259,258,1,0,0,26681516,97974424,101786736,88,5279176,,6095112,7597516,7011944,5976944,,25614968,23974640,22850860,25533956,,26326428,25172528,23927692,26360088,,12,52,12,12,,1074036,1562124,1446304,1196712
785,1,260,259,1,0,0,26706944,97948116,101763028,88,5280188,,6088212,7618148,7010692,5989892,,25625380,23934376,22869376,25518984,,26337816,25133464,23946540,26345208,,12,52,12,12,,1074244,1562548,1446608,1196788
789,0,261,260,1,0,0,26783520,97820788,101637592,88,5281532,,6111032,7629456,7029064,6013968,,25606200,23916192,22823588,25474808,,26318740,25115788,23901144,26301920,,12,52,12,12,,1074344,1563092,1446964,1197132
792,1,262,261,1,0,0,26875048,97797104,101616120,88,5282860,,6129132,7652032,7068640,6025244,,25600084,23908124,22805148,25483748,,26312704,25108188,23884272,26310956,,12,52,12,12,,1074424,1563532,1447684,1197220
796,0,263,262,1,0,0,26960864,97711676,101532472,88,5283848,,6141184,7701472,7077712,6040496,,25584056,23861844,22797820,25467956,,26296784,25063352,23877104,26295232,,12,52,12,12,,1074520,1564184,1447856,1197288
799,1,264,263,1,0,0,27044068,97627188,101450228,88,5285224,,6155108,7716656,7085388,6086916,,25569988,23854088,22788388,25414724,,26282828,25055896,23868316,26243188,,12,52,12,12,,1074608,1564496,1448488,1197632
803,0,265,264,1,0,0,27071840,97558120,101384100,88,5288192,,6170120,7713112,7091768,6096840,,25536264,23845260,22783352,25393244,,26251384,25047432,23863488,26221796,,12,52,12,12,,1076892,1564868,1448732,1197700
806,0,266,265,0,1,0,27130524,97461836,101290604,88,5289400,,6184096,7728532,7108972,6108924,,25513876,23821592,22745724,25380644,,26230008,25024224,23827124,26209248,,12,52,12,12,,1077084,1565280,1449280,1197756
809,1,267,266,0,1,0,27211100,97385916,101215832,88,5290160,,6201688,7764616,7115696,6129100,,25501360,23792752,22729460,25362344,,26217624,24996236,23810976,26190996,,12,52,12,12,,1077196,1565720,1449416,1197828
813,0,268,267,1,0,0,27260460,97344500,101176044,88,5291448,,6216472,7769036,7128636,6146316,,25494572,23781504,22724164,25344260,,26210996,24985776,23806268,26173004,,12,52,12,12,,1077400,1566156,1449984,1197908
816,1,269,268,1,0,0,27310832,97314796,101149856,88,5292664,,6251196,7770908,7161620,6127108,,25469780,23783640,22696920,25364456,,26187208,24988284,23781096,26193268,,12,52,12,12,,1077616,1566568,1450500,1197980
820,0,270,269,1,0,0,27378016,97206160,101043456,88,5294072,,6265568,7794716,7165380,6152352,,25443744,23755592,22688540,25318284,,26161268,24960916,23773076,26148196,,12,52,12,12,,1077724,1567192,1450824,1198332
823,1,271,270,1,0,0,27459840,97141716,100980908,88,5295104,,6278516,7830880,7182664,6167780,,25426676,23719644,22666168,25329228,,26144304,24926272,23751148,26159184,,12,52,12,12,,1077816,1567692,1451228,1198368
827,0,272,271,1,0,0,27527260,97117208,100958112,88,5296112,,6297232,7833056,7197184,6199788,,25416392,23722284,22680972,25297560,,26134936,24929424,23766128,26127624,,12,52,12,12,,1078060,1568172,1451404,1198476
831,0,273,272,1,0,0,27604692,97009704,100853020,88,5297644,,6319484,7842316,7211924,6230968,,25388856,23694124,22667276,25259448,,26107812,24901456,23753052,26090700,,12,52,12,12,,1078388,1568384,1451988,1198884
834,0,274,273,1,0,0,27646244,96937324,100783452,88,5298800,,6320760,7852992,7237352,6235140,,25374844,23690524,22627532,25244424,,26093876,24898220,23715648,26075708,,12,52,12,12,,1078472,1568728,1452656,1198944
837,1,275,274,1,0,0,27740008,96829296,100676736,88,5299648,,6349956,7892572,7253412,6244068,,25353112,23631548,22608976,25235660,,26072236,24840128,23697336,26067036,,12,52,12,12,,1078560,1569212,1452844,1199032
841,0,276,275,1,0,0,27828332,96785292,100634620,88,5300844,,6369760,7915840,7280608,6262124,,25323620,23634936,22589580,25237156,,26043312,24844232,23678440,26068636,,12,52,12,12,,1078800,1569588,1453356,1199100
844,1,277,276,1,0,0,27901092,96677096,100529296,88,5302140,,6371052,7934816,7311888,6283336,,25327868,23609876,22550692,25188660,,26048508,24819572,23639904,26021312,,12,52,12,12,,1078988,1569984,1453720,1199448
848,1,278,277,1,0,0,27995784,96590568,100445968,88,5303672,,6397788,7954904,7340316,6302776,,25314268,23589040,22510580,25176680,,26035028,24799288,23602228,26009424,,12,52,12,12,,1079096,1570552,1454488,1199536
852,0,279,278,1,0,0,28054260,96516092,100372600,88,5304608,,6421840,7963528,7349908,6318984,,25269388,23573208,22503400,25170096,,25990452,24783792,23595452,26002904,,12,52,12,12,,1079348,1570868,1454788,1199604
855,1,280,279,1,0,0,28138880,96457128,100317324,88,5305796,,6453228,7964680,7368060,6352912,,25249724,23585060,22499300,25123044,,25972700,24795976,23591664,25956984,,12,52,12,12,,1079576,1571196,1455088,1199936
858,1,281,280,1,0,0,28218656,96351608,100214040,88,5307312,,6469448,7985296,7388600,6375312,,25238384,23554480,22460472,25098272,,25961452,24766804,23553480,25932304,,12,52,12,12,,1079656,1571896,1455736,1200024
862,1,282,281,1,0,0,28302988,96274684,100138748,88,5308172,,6475220,8020496,7401448,6405824,,25222376,23519872,22470560,25061876,,25945604,24733324,23563836,25895984,,12,52,12,12,,1079748,1572308,1456012,1200104
866,0,283,282,1,0,0,28362524,96195232,100062316,88,5309360,,6479032,8025688,7433804,6424000,,25216880,23504128,22427720,25046504,,25940212,24718212,23523208,25880684,,12,52,12,12,,1079848,1572760,1456564,1200188
869,0,284,283,0,1,0,28377584,96183032,100051092,88,5310300,,6488328,8052964,7419368,6416924,,25204548,23473592,22444456,25060436,,25927980,24688044,23540100,25894968,,12,52,12,12,,1079928,1573124,1456736,1200512
872,1,285,283,2,0,0,28422184,96151388,100021196,88,5311320,,6506752,8072944,7434108,6408380,,25187300,23457212,22433132,25073744,,25910848,24671892,23529420,25909036,,12,52,12,12,,1080052,1573364,1457324,1200580
876,0,286,283,3,0,0,28477868,96085984,99958720,88,5312588,,6485772,8094216,7469784,6428096,,25207000,23435412,22384396,25059176,,25930784,24650440,23482680,25894816,,12,52,12,12,,1080260,1573716,1457808,1200804
879,1,287,286,1,0,0,28568856,95972520,99850252,88,5314216,,6503176,8132320,7493664,6439696,,25189164,23386856,22356688,25039812,,25914764,24604540,23455420,25875528,,12,52,12,12,,1080472,1574716,1458152,1200876
883,0,288,287,1,0,0,28678724,95871996,99752564,88,5315356,,6524864,8143916,7533984,6475960,,25171500,23378164,22325496,24996836,,25897248,24596208,23424632,25834476,,12,52,12,12,,1080572,1575024,1458544,1201216
886,1,289,288,1,0,0,28783844,95823800,99705448,88,5316320,,6566948,8167144,7544488,6505264,,25143960,23371668,22324088,24984084,,25870012,24590160,23423436,25821840,,12,52,12,12,,1080832,1575432,1458732,1201324
890,1,290,289,1,0,0,28864872,95719260,99606060,88,5317848,,6583008,8194380,7561800,6525684,,25109152,23341572,22305220,24963316,,25837180,24560324,23407360,25801196,,12,52,12,12,,1081076,1575672,1459676,1201424
894,0,291,290,1,0,0,28925568,95646536,99534228,88,5318860,,6598320,8217928,7577964,6531356,,25088316,23307356,22301576,24949288,,25816408,24526640,23403920,25787260,,12,52,12,12,,1081156,1576152,1460052,1201500
897,1,292,290,2,0,0,28961788,95610104,99501148,88,5319208,,6617880,8195932,7585384,6562592,,25078292,23336244,22296572,24898996,,25806468,24557632,23399164,25737884,,12,52,12,12,,1081228,1576764,1460228,1200988
901,1,293,292,1,0,0,29041852,95520144,99412028,88,5319888,,6640264,8219312,7608984,6573292,,25050664,23296924,22277104,24895452,,25778960,24518468,23380116,25734484,,12,52,12,12,,1081360,1576856,1460620,1201052
905,0,294,293,1,0,0,29128276,95436196,99333120,88,5321508,,6643288,8234460,7664256,6586272,,25053464,23299008,22203464,24880260,,25783828,24520976,23308900,25719416,,12,52,12,12,,1081696,1577284,1461372,1201156
908,1,295,294,1,0,0,29166132,95390844,99290920,88,5322868,,6656068,8258624,7658612,6592828,,25033404,23257784,22225404,24874252,,25763904,24482152,23331352,25713512,,12,52,12,12,,1081800,1578008,1461792,1201268
912,0,296,295,1,0,0,29243892,95292700,99195492,88,5323856,,6670732,8280188,7692268,6600704,,25016868,23235704,22173244,24866884,,25747444,24460552,23281292,25706204,,12,52,12,12,,1081888,1578332,1462304,1201332
915,1,297,296,1,0,0,29310148,95212660,99118676,88,5324920,,6683840,8289288,7715140,6621880,,25004024,23210856,22164348,24833432,,25734736,24435968,23272888,25675084,,12,52,12,12,,1082000,1578644,1462616,1201660
919,0,298,297,1,0,0,29373880,95180108,99087684,88,5326380,,6706440,8299392,7738092,6629956,,24974728,23230520,22150428,24824432,,25705836,24456112,23259652,25666084,,12,52,12,12,,1082228,1579108,1463276,1201768
922,1,299,298,1,0,0,29438776,95111580,99022292,88,5327368,,6731432,8293680,7757128,6656536,,24943640,23206656,22150300,24810984,,25676920,24432556,23259792,25653024,,12,52,12,12,,1082448,1579412,1463524,1201984
926,0,300,298,2,0,0,29498280,95070388,98983796,88,5328604,,6751128,8298016,7778532,6670604,,24942844,23230072,22109656,24787816,,25676160,24456500,23219504,25631632,,12,52,12,12,,1082652,1579908,1463856,1202188
929,1,301,299,2,0,0,29567148,94977764,98893452,88,5329508,,6751820,8329120,7782600,6703608,,24922252,23192800,22108876,24753836,,25655736,24421012,23218960,25597744,,12,52,12,12,,1082756,1580356,1464140,1202256
933,1,302,301,1,0,0,29646876,94928756,98849492,88,5330844,,6770936,8339832,7817152,6718956,,24912648,23179568,22068308,24768232,,25647928,24408624,23180700,25612240,,12,52,12,12,,1082988,1580628,1464864,1202364
937,0,303,302,1,0,0,29754684,94821692,98745636,88,5332068,,6801884,8385524,7835024,6732252,,24891952,23113748,22065860,24750132,,25627500,24345196,23178680,25594260,,12,52,12,12,,1083104,1581340,1465172,1202452
940,1,304,303,1,0,0,29835456,94745208,98670488,88,5333300,,6823960,8420408,7860260,6730828,,24857004,23097684,22037404,24753116,,25592756,24329828,23150560,25597344,,12,52,12,12,,1083312,1581952,1465496,1202540
944,0,305,303,1,1,0,29882524,94693728,98624392,88,5336964,,6821080,8439784,7883116,6738544,,24862216,23074524,22014064,24742924,,25598148,24309492,23129540,25587212,,12,52,12,12,,1083428,1584776,1466164,1202596
947,1,306,305,1,0,0,29943040,94601332,98534644,88,5338060,,6846020,8453020,7883960,6760040,,24837480,23057800,21996128,24709924,,25575256,24293188,23111816,25554384,,12,52,12,12,,1083660,1585192,1466376,1202832
951,0,307,305,2,0,0,30031364,94541176,98479028,88,5339384,,6867740,8483008,7908920,6771696,,24823436,23027036,21998072,24692632,,25561300,24264472,23114352,25538904,,12,52,12,12,,1083756,1585644,1466964,1203020
955,0,308,307,1,0,0,30106292,94440428,98380508,88,5340696,,6894796,8501180,7929316,6781000,,24781420,23004016,21976136,24678856,,25520504,24241852,23092908,25525244,,12,52,12,12,,1084120,1586044,1467412,1203120
958,1,309,308,1,0,0,30197240,94367480,98313356,88,5344052,,6927260,8518344,7956572,6795064,,24756928,22999204,21939196,24672152,,25497036,24237552,23060128,25518640,,12,52,12,12,,1084356,1586548,1469928,1203220
962,1,310,309,1,0,0,30280868,94283864,98233092,88,5345572,,6952532,8519688,7983952,6824696,,24731808,22987020,21926056,24638980,,25472020,24225620,23047880,25487572,,12,52,12,12,,1084480,1586800,1470724,1203568
966,0,311,310,1,0,0,30390988,94126200,98079180,88,5347464,,6995660,8547740,8009052,6838536,,24687016,22931936,21890768,24616480,,25428148,24173104,23012760,25465168,,12,52,12,12,,1085436,1587492,1470872,1203664
970,0,312,311,1,0,0,30395212,94117896,98072080,88,5348772,,6956500,8566800,8017736,6854176,,24705316,22923648,21886284,24602648,,25446884,24165100,23008700,25451396,,12,52,12,12,,1085772,1587944,1471304,1203752
973,1,313,312,1,0,0,30492000,94032296,97991532,88,5350344,,6964980,8601388,8031384,6894248,,24720684,22903916,21850112,24557584,,25464288,24145904,22972964,25408376,,12,52,12,12,,1086048,1588484,1471720,1204092
977,0,314,313,1,0,0,30589008,93949068,97911160,88,5351492,,6991512,8618004,8064372,6915120,,24692976,22889932,21821096,24545064,,25436688,24132432,22946060,25395980,,12,52,12,12,,1086136,1588976,1472188,1204192
980,1,315,314,1,0,0,30656636,93869408,97834564,88,5352752,,7011132,8641076,8067952,6936476,,24679236,22839512,21830928,24519732,,25423064,24084140,22956600,25370760,,12,52,12,12,,1086212,1589436,1472836,1204268
984,0,316,315,1,0,0,30694292,93825312,97791772,88,5353884,,7027096,8637728,8085432,6944036,,24639812,22843352,21818900,24523248,,25383928,24088544,22944924,25374376,,12,52,12,12,,1086492,1589812,1473232,1204348
987,1,317,316,1,0,0,30767692,93707364,97678676,88,5355056,,7061332,8644384,8093548,6968428,,24598040,22848844,21795180,24465300,,25344292,24094436,22921436,25318512,,12,52,12,12,,1086692,1590208,1473408,1204748
991,0,318,317,1,0,0,30850292,93664404,97638192,88,5356096,,7092248,8664928,8117744,6975372,,24566228,22833732,21774260,24490184,,25312416,24079568,22902748,25343460,,12,52,12,12,,1086796,1590436,1474048,1204816
995,0,319,318,1,0,0,30907288,93553088,97530048,88,5357468,,7087324,8676504,8127684,7015776,,24561192,22807472,21750276,24434148,,25307528,24053704,22879324,25289492,,12,52,12,12,,1086928,1590844,1474524,1205172
998,1,320,319,1,0,0,30955740,93541056,97523060,88,5360944,,7087056,8701468,8124396,7042820,,24585580,22777380,21760952,24417144,,25332004,24028124,22890396,25272536,,12,52,12,12,,1087020,1593764,1474932,1205228
1002,0,321,320,1,0,0,31011592,93494776,97478912,88,5361968,,7093380,8710924,8143708,7063580,,24569212,22787072,21750132,24388360,,25316972,24038180,22879816,25243944,,12,52,12,12,,1087372,1594092,1475164,1205340
1006,0,322,321,1,0,0,31112032,93359400,97347420,88,5363396,,7128916,8758192,8153768,7071156,,24532180,22731656,21724844,24370720,,25280896,23985208,22854912,25226404,,12,52,12,12,,1087600,1594836,1475524,1205436
1009,1,323,322,1,0,0,31237072,93244564,97235844,88,5364980,,7164220,8794252,8191688,7086912,,24500204,22704168,21680224,24359968,,25249096,23958132,22812868,25215748,,12,52,12,12,,1087728,1595240,1476480,1205532
1013,1,324,323,0,1,0,31299436,93195152,97189524,88,5366188,,7158184,8807880,8203708,7129664,,24515924,22686776,21675260,24317192,,25264900,23941080,22808412,25175132,,12,52,12,12,,1087812,1595584,1476916,1205876
1017,0,325,324,1,0,0,31356244,93124156,97120564,88,5366488,,7156924,8836628,8242976,7119716,,24509396,22654568,21644016,24316176,,25258520,23909312,22779268,25173464,,12,52,12,12,,1087944,1596024,1477364,1205156
1021,0,326,325,1,0,0,31417104,93047576,97046532,88,5367516,,7193120,8839984,8254452,7129548,,24460300,22645928,21629588,24311760,,25211100,23900868,22765396,25169168,,12,52,12,12,,1088264,1596240,1477796,1205216
1024,1,327,326,1,0,0,31480368,92971208,96973060,88,5368780,,7190540,8863160,8278312,7148356,,24473352,22606832,21602036,24288988,,25224572,23863644,22738364,25146480,,12,52,12,12,,1088412,1596764,1478312,1205292
1028,0,328,327,1,0,0,31536132,92940956,96946000,88,5370336,,7221652,8856808,8282408,7175264,,24440432,22632740,21591656,24276128,,25191920,23890496,22728360,25135224,,12,52,12,12,,1088616,1597376,1478728,1205616
1031,1,329,328,1,0,0,31591728,92909520,96919520,88,5375248,,7239216,8889144,8291972,7171396,,24421420,22599916,21601832,24286352,,25177136,23857996,22738840,25145548,,12,52,12,12,,1092860,1597688,1479004,1205696
1035,0,330,329,0,1,0,31690568,92807732,96824452,88,5378704,,7258048,8912720,8329872,7189928,,24393812,22583224,21563336,24267360,,25151512,23841676,22702560,25128704,,12,52,12,12,,1093196,1598044,1479620,1207844
1038,1,331,330,1,0,0,31774320,92734640,96754764,88,5380292,,7289844,8960540,8316000,7207936,,24378536,22527432,21578924,24249748,,25136372,23788372,22718820,25111200,,12,52,12,12,,1093284,1598812,1480256,1207940
1042,1,332,331,1,0,0,31840756,92626204,96647484,88,5381096,,7307212,8964244,8339840,7229460,,24353616,22504612,21551880,24216096,,25111908,23765900,22692036,25077640,,12,52,12,12,,1093536,1599084,1480464,1208012
1046,0,333,332,1,0,0,31961588,92473452,96499192,88,5382420,,7353152,8977572,8369640,7261224,,24294972,22501152,21499848,24177480,,25055104,23762768,22640408,25040912,,12,52,12,12,,1093796,1599400,1480856,1208368
1050,0,334,333,1,0,0,32020216,92415092,96443888,88,5383628,,7354952,8997392,8412368,7255504,,24294768,22483956,21464056,24172312,,25055072,23746012,22606976,25035828,,12,52,12,12,,1093900,1599832,1481436,1208460
1053,1,335,334,1,0,0,32053852,92392332,96423520,88,5384764,,7361636,9016040,8422660,7253516,,24290268,22454684,21461932,24185448,,25050652,23718340,22605412,25049116,,12,52,12,12,,1093988,1600260,1481976,1208540
1057,1,336,335,1,0,0,32125192,92305500,96340564,88,5386064,,7363096,9026072,8449404,7286620,,24294452,22438328,21432644,24140076,,25055008,23703316,22576404,25005836,,12,52,12,12,,1094116,1600812,1482224,1208912
1061,0,337,336,1,0,0,32172376,92290996,96327552,88,5387476,,7378328,9041232,8455240,7297576,,24290096,22433020,21431324,24136556,,25050924,23698664,22575512,25002452,,12,52,12,12,,1094360,1601492,1482624,1209000
1064,1,338,337,1,0,0,32279852,92177520,96217592,88,5389104,,7420064,9050348,8483160,7326280,,24241084,22408880,21406868,24120688,,25004568,23674912,22551408,24986704,,12,52,12,12,,1095172,1601860,1482976,1209096
1068,1,339,338,1,0,0,32406788,92014264,96058932,88,5390492,,7470508,9078544,8476800,7380936,,24175988,22378508,21406280,24053488,,24940812,23645036,22551472,24921612,,12,52,12,12,,1094964,1602368,1483692,1209468
1072,1,340,339,1,0,0,32458832,91976460,96024280,88,5391572,,7472368,9092784,8489344,7404336,,24165208,22390312,21388728,24032212,,24930184,23657112,22536416,24900568,,12,52,12,12,,1095112,1602644,1484148,1209668
1076,0,341,340,1,0,0,32527488,91894696,95945384,88,5392744,,7496688,9093928,8498016,7438856,,24149924,22374024,21371996,23998752,,24914988,23643260,22520004,24867132,,12,52,12,12,,1095200,1603236,1484564,1209744
1079,1,342,341,1,0,0,32600156,91839920,95893496,88,5393964,,7500660,9099388,8538452,7461656,,24153852,22369292,21349236,23967540,,24919084,23638904,22499448,24836060,,12,52,12,12,,1095304,1603660,1485116,1209884
1083,1,343,342,1,0,0,32620140,91792504,95848428,88,5395316,,7496752,9124584,8559860,7438944,,24152884,22334632,21313100,23991888,,24918220,23605672,22463988,24860548,,12,52,12,12,,1095452,1604048,1485832,1209984
1087,1,344,343,1,0,0,32738604,91691796,95751564,88,5397084,,7525824,9151016,8608744,7453020,,24118796,22311372,21277316,23984312,,24886176,23583640,22428664,24853084,,12,52,12,12,,1096224,1604516,1486260,1210084
1091,1,345,344,1,0,0,32818852,91592252,95655632,88,5398080,,7539624,9187820,8619856,7471552,,24102904,22275916,21266040,23947392,,24870616,23548848,22417672,24818496,,12,52,12,12,,1095916,1605188,1486528,1210448
1095,1,346,345,1,0,0,32884680,91528820,95595032,88,5399444,,7566200,9210428,8631840,7476212,,24085076,22253476,21234952,23955316,,24852976,23526792,22388880,24826384,,12,52,12,12,,1096108,1605572,1487188,1210576
1099,0,347,346,1,0,0,32986712,91421220,95489032,88,5400952,,7582556,9269724,8619896,7514536,,24054728,22182276,21258856,23925360,,24822752,23456164,22413572,24796544,,12,52,12,12,,1096192,1606184,1487928,1210648
1103,0,348,346,1,1,0,32995004,91380308,95449604,88,5402656,,7573200,9262336,8639336,7520132,,24046144,22196496,21223792,23913876,,24814644,23470820,22378996,24785144,,12,52,12,12,,1096988,1606576,1488356,1210736
1107,0,349,348,1,0,0,33084688,91299608,95375012,88,5403508,,7601668,9265408,8653648,7563964,,24028744,22189512,21227252,23854100,,24798780,23466124,22382608,24727500,,12,52,12,12,,1096704,1607208,1488508,1211088
1110,1,350,349,0,1,0,33205200,91162368,95244668,88,5408720,,7639480,9277992,8686764,7600964,,23992132,22158792,21182036,23829408,,24762272,23435608,22343800,24702988,,12,52,12,12,,1096804,1607392,1493312,1211212
1114,1,351,350,1,0,0,33247044,91129284,95213348,88,5409920,,7650776,9311532,8701880,7582856,,23983172,22136968,21180288,23828856,,24753396,23414876,22342508,24702568,,12,52,12,12,,1096892,1607988,1493712,1211328
1118,1,352,351,1,0,0,33295512,91063260,95151540,88,5411876,,7646092,9326656,8725032,7597732,,23982900,22113032,21152396,23814932,,24754692,23393044,22315072,24688732,,12,52,12,12,,1097508,1608800,1494160,1211408
1122,1,353,352,1,0,0,33407768,90948420,95040144,88,5412796,,7667064,9357840,8779792,7603072,,23976436,22090228,21067208,23814548,,24749072,23370560,22232088,24688424,,12,52,12,12,,1097524,1609144,1494660,1211468
1126,0,354,353,1,0,0,33489800,90900024,94994732,88,5414116,,7693044,9359416,8811384,7625956,,23955132,22086340,21054820,23803732,,24727920,23367160,22220076,24679576,,12,52,12,12,,1097652,1609612,1494996,1211856
1129,1,355,354,1,0,0,33591832,90759036,94861196,88,5419892,,7716500,9391884,8830704,7652744,,23928428,22026868,21029456,23774284,,24701480,23310000,22195408,24654308,,12,52,12,12,,1097868,1610284,1495688,1216052
1133,1,356,355,1,0,0,33652356,90700904,94806100,88,5421276,,7701480,9390832,8866796,7693248,,23923968,22051788,21010076,23715072,,24697148,23335320,22176508,24597124,,12,52,12,12,,1098000,1610716,1496136,1216424
1137,1,357,356,1,0,0,33756064,90601640,94707940,88,5422452,,7742392,9408708,8878040,7726924,,23894652,22016892,20985820,23704276,,24668244,23300852,22152456,24586388,,12,52,12,12,,1098428,1611176,1496364,1216484
1141,0,358,357,1,0,0,33825324,90527256,94638432,88,5423704,,7746164,9449592,8885648,7743920,,23872428,21983640,20988132,23683056,,24647828,23269872,22155400,24565332,,12,52,12,12,,1098572,1611604,1496956,1216572
1145,0,359,358,1,0,0,33864172,90467540,94579076,88,5423980,,7753248,9470520,8907092,7733312,,23861716,21966280,20951880,23687664,,24636384,23252932,22119508,24570252,,12,52,12,12,,1097828,1612024,1497316,1216812
1149,0,360,358,2,0,0,33923260,90428732,94543568,88,5425704,,7778528,9479100,8909884,7755748,,23855480,21954040,20958892,23660320,,24630652,23241184,22126936,24544796,,12,52,12,12,,1098364,1612524,1497736,1217080
1153,0,361,360,1,0,0,34040492,90295956,94415264,88,5427156,,7793600,9508188,8950224,7788480,,23820432,21927000,20919320,23629204,,24596956,23214700,22089824,24513784,,12,52,12,12,,1098360,1613084,1498536,1217176
1157,0,362,361,1,0,0,34104852,90244496,94366896,88,5428392,,7813548,9516180,8971252,7803872,,23815820,21922532,20889260,23616884,,24592552,23210740,22062040,24501564,,12,52,12,12,,1098488,1613556,1499092,1217256
1161,0,363,362,1,0,0,34248184,90087940,94213684,88,5429752,,7854004,9555816,8999784,7838580,,23776616,21872296,20863920,23575108,,24553456,23162808,22037420,24460000,,12,52,12,12,,1098600,1614064,1499736,1217352
1164,1,364,363,1,0,0,34252552,90061504,94190564,88,5431116,,7835108,9543648,9020648,7853148,,23790776,21880048,20850276,23540404,,24567804,23171136,22024268,24427356,,12,52,12,12,,1098748,1614452,1500180,1217736
1168,1,365,363,2,0,0,34347112,89997996,94131716,88,5434272,,7876548,9557012,9050472,7863080,,23744320,21885820,20813408,23554448,,24525140,23177416,21987624,24441536,,12,52,12,12,,1101100,1614944,1500380,1217848
1172,0,366,365,1,0,0,34419576,89936912,94073888,88,5435556,,7888228,9557032,9099668,7874648,,23738628,21879844,20772472,23545968,,24519816,23171804,21949136,24433132,,12,52,12,12,,1101288,1615252,1501100,1217916
1176,0,367,366,0,1,0,34485176,89843076,93982884,88,5437028,,7895148,9586328,9126712,7876988,,23725436,21823860,20754384,23539396,,24506792,23117780,21931600,24426712,,12,52,12,12,,1101392,1615992,1501580,1218064
1180,0,368,367,1,0,0,34539860,89780200,93922172,88,5438464,,7917004,9609520,9122280,7891056,,23707880,21818560,20725216,23528544,,24489836,23113644,21902756,24415936,,12,52,12,12,,1101692,1616664,1501944,1218164
1184,0,369,368,1,0,0,34620992,89710284,93856416,88,5439736,,7944000,9642048,9129484,7905460,,23678124,21782564,20740800,23508796,,24461704,23078004,21918808,24397900,,12,52,12,12,,1101916,1617016,1502380,1218424
1188,0,370,369,0,1,0,34707212,89614764,93764528,88,5441368,,7976248,9638120,9171628,7921216,,23639640,21796864,20671680,23506580,,24423456,23092796,21852200,24396076,,12,52,12,12,,1102068,1617564,1503152,1218584
1191,1,371,370,1,0,0,34805204,89504584,93655292,88,5442308,,8004748,9659852,9185424,7955180,,23611220,21766740,20672832,23453792,,24395124,23062948,21853760,24343460,,12,52,12,12,,1102172,1617856,1503560,1218720
1195,1,372,371,1,0,0,34847088,89449880,93605576,88,5443776,,7982764,9679832,9198736,7985756,,23636172,21741492,20660120,23412096,,24420168,23040032,21841504,24303872,,12,52,12,12,,1102292,1618388,1504012,1219084
1199,1,373,372,1,0,0,34878696,89388968,93547704,88,5445072,,7978768,9679044,9212168,8008716,,23630900,21745008,20630388,23382672,,24415100,23043992,21812052,24276560,,12,52,12,12,,1102432,1618876,1504304,1219460
1203,0,374,373,1,0,0,34935104,89359388,93519692,88,5446508,,7990876,9695420,9219264,8029544,,23624300,21729196,20629604,23376288,,24409116,23028528,21811752,24270296,,12,52,12,12,,1103008,1619212,1504760,1219528
1207,1,375,374,1,0,0,35040392,89269372,93432860,88,5447572,,8015200,9707380,9251020,8066792,,23603584,21714704,20614976,23336108,,24390612,23014324,21797680,24230244,,12,52,12,12,,1103092,1619520,1505296,1219664
1211,1,376,375,1,0,0,35130272,89142880,93311264,88,5449304,,8046412,9724320,9277456,8082084,,23569372,21697832,20556616,23319060,,24358048,22998152,21741732,24213332,,12,52,12,12,,1103328,1620184,1506024,1219768
1215,1,377,376,1,0,0,35233544,89022968,93194120,88,5450524,,8103140,9769824,9261424,8099156,,23513872,21633228,20572880,23302988,,24302720,22935596,21758436,24197368,,12,52,12,12,,1103516,1620732,1506396,1219880
1219,1,378,377,1,0,0,35299568,88995900,93171136,88,5452372,,8141056,9753744,9263316,8141452,,23475956,21676504,20579788,23263652,,24264952,22979788,21766108,24160288,,12,52,12,12,,1103612,1621408,1507116,1220236
1223,1,379,378,1,0,0,35339012,88946908,93125240,88,5453748,,8117008,9761308,9303460,8157236,,23486148,21663484,20539820,23257456,,24275272,22967180,21728504,24154284,,12,52,12,12,,1103700,1621768,1507868,1220412
1227,1,380,379,1,0,0,35349068,88896760,93078176,88,5455104,,8123792,9791868,9283604,8149804,,23489784,21604408,20545176,23257392,,24279128,22910480,21734212,24154356,,12,52,12,12,,1103868,1622588,1508124,1220524
1231,1,381,380,1,0,0,35426700,88869084,93051684,88,5456152,,8154104,9799972,9314080,8158544,,23454288,21612668,20551148,23250980,,24243952,22919060,21740576,24148096,,12,52,12,12,,1104152,1622856,1508528,1220616
1235,1,382,381,1,0,0,35487864,88757172,92946552,88,5459536,,8143596,9807860,9371188,8165220,,23461040,21602432,20455864,23237836,,24252576,22909132,21649804,24135040,,12,52,12,12,,1104380,1623152,1511292,1220712
1239,1,383,382,1,0,0,35595876,88637800,92830392,88,5461240,,8168044,9841988,9422304,8163540,,23441876,21560608,20403148,23232168,,24233628,22869928,21597368,24129468,,12,52,12,12,,1104504,1624280,1511652,1220804
1243,1,384,383,1,0,0,35663084,88568800,92763116,88,5462656,,8198064,9888124,9413560,8163336,,23403000,21508320,20420684,23236796,,24195240,22818208,21615400,24134268,,12,52,12,12,,1104988,1624604,1512128,1220936
1247,1,385,384,1,0,0,35715836,88489520,92689000,88,5464344,,8235276,9891296,9402616,8186648,,23357476,21516436,20414164,23201444,,24151404,22826948,21609548,24101100,,12,52,12,12,,1105044,1625220,1512796,1221284
1251,1,386,385,1,0,0,35840128,88407984,92610456,88,5465588,,8253876,9906920,9462644,8216688,,23348380,21490016,20381204,23188384,,24142420,22800884,21579116,24088036,,12,52,12,12,,1105180,1625544,1513492,1221372
1255,1,387,386,1,0,0,35864660,88381408,92587060,88,5466844,,8260164,9929712,9440760,8234024,,23340120,21474508,20401972,23164808,,24134352,22787736,21600412,24064560,,12,52,12,12,,1105332,1626112,1513912,1221488
1260,0,388,387,1,0,0,35951060,88325824,92533696,88,5468784,,8287224,9942540,9463824,8257472,,23325324,21467996,20382940,23149564,,24120792,22781712,21581752,24049440,,12,52,12,12,,1106232,1626608,1514320,1221624
1264,0,389,388,1,0,0,35992020,88222384,92434676,88,5470356,,8260456,9980688,9508152,8242724,,23318208,21432512,20312500,23159164,,24115244,22746520,21513756,24059156,,12,52,12,12,,1106512,1626912,1515208,1221724
1268,0,390,389,1,0,0,36038740,88162796,92378472,88,5471848,,8280892,10002196,9508144,8247508,,23334452,21379108,20310708,23138528,,24131664,22693756,21512460,24040592,,12,52,12,12,,1106640,1627516,1515644,1222048
1272,0,391,390,0,1,0,36107196,88102088,92318672,88,5472812,,8303752,10031184,9523320,8248940,,23308312,21359612,20299208,23134956,,24105568,22674752,21501264,24037088,,12,52,12,12,,1106708,1628028,1515928,1222148
1275,1,392,391,1,0,0,36194288,87989072,92208900,88,5474264,,8337844,10066848,9522420,8267176,,23258548,21315864,20293984,23120676,,24056264,22633288,21496396,24022952,,12,52,12,12,,1107000,1628672,1516300,1222292
1279,1,393,392,1,0,0,36306276,87912440,92135752,88,5476020,,8375528,10098476,9528912,8303360,,23218656,21301340,20299416,23093028,,24018504,22619268,21502580,23995400,,12,52,12,12,,1107432,1629144,1517068,1222376
1283,1,394,393,1,0,0,36397528,87825416,92053524,88,5477464,,8424912,10102192,9532844,8337580,,23181392,21303784,20298348,23041892,,23983072,22622008,21502008,23946436,,12,52,12,12,,1107692,1629492,1517540,1222740
1287,1,395,394,1,0,0,36439976,87769076,92000204,88,5478572,,8456700,10083328,9533980,8365968,,23135092,21316268,20287624,23030092,,23936960,22634888,21491512,23936844,,12,52,12,12,,1107844,1629940,1517716,1223072
1291,1,396,395,1,0,0,36516064,87664284,91898500,88,5479704,,8486260,10085900,9541116,8402788,,23113376,21298020,20258496,22994392,,23915404,22616884,21465036,23901176,,12,52,12,12,,1107964,1630132,1518412,1223196
1295,1,397,396,1,0,0,36537980,87656284,91891792,88,5481016,,8455468,10099676,9565924,8416912,,23147708,21284564,20257512,22966500,,23949868,22604092,21464440,23873392,,12,52,12,12,,1108092,1630724,1518864,1223336
1299,1,398,397,1,0,0,36593272,87557576,91797720,88,5482716,,8450276,10134420,9570932,8437644,,23127472,21232332,20250816,22946956,,23929868,22555752,21458196,23853904,,12,52,12,12,,1108248,1631732,1519340,1223396
1303,1,399,398,1,0,0,36660564,87455348,91699496,88,5484312,,8458952,10152016,9587172,8462424,,23119244,21215860,20221956,22898288,,23921784,22540452,21429776,23807484,,12,52,12,12,,1108388,1632364,1519788,1223772
1307,0,400,399,1,0,0,36733332,87401040,91647836,88,5485540,,8476236,10176796,9612476,8467824,,23121300,21187072,20200108,22892560,,23923952,22512116,21410012,23801756,,12,52,12,12,,1108500,1632824,1520292,1223924
1311,1,401,400,1,0,0,36829272,87328812,91578628,88,5486908,,8484388,10205412,9634056,8505416,,23098488,21168848,20180308,22881168,,23903020,22494212,21390916,23790480,,12,52,12,12,,1108848,1633068,1520980,1224012
1315,0,402,401,1,0,0,36859448,87290552,91541752,88,5488256,,8493500,10214216,9657048,8494684,,23092432,21160816,20160896,22876408,,23897204,22486628,21372080,23785840,,12,52,12,12,,1109056,1633496,1521576,1224128
1319,1,403,401,2,0,0,36973020,87161908,91419944,88,5491752,,8541540,10242140,9679352,8509988,,23037564,21121196,20143408,22859740,,23842484,22451588,21356640,23769232,,12,52,12,12,,1109204,1636376,1521964,1224208
1323,0,404,403,1,0,0,37022216,87116064,91375704,88,5493180,,8570200,10247672,9695336,8509008,,22990680,21142068,20110864,22872452,,23795880,22472868,21324876,23782080,,12,52,12,12,,1109444,1636696,1522732,1224308
1327,1,405,404,1,0,0,37094920,87019844,91284320,88,5494424,,8564120,10259268,9735452,8536080,,23006632,21109080,20073692,22830440,,23814020,22440172,21288008,23742120,,12,52,12,12,,1109708,1637020,1523008,1224688
1331,0,406,405,1,0,0,37185516,86936812,91204656,88,5495956,,8579452,10285396,9776792,8543876,,22988540,21089436,20014720,22844116,,23796072,22421192,21231484,23755908,,12,52,12,12,,1109848,1637684,1523632,1224792
1335,0,407,406,0,1,0,37256580,86848648,91117648,88,5497124,,8600896,10306664,9802612,8546408,,22976864,21041848,19996092,22833844,,23784468,22374144,21213344,23745692,,12,52,12,12,,1109984,1638220,1524052,1224868
1338,1,408,407,1,0,0,37393964,86765752,91040404,88,5499180,,8620692,10356600,9820792,8595880,,22968416,21017724,19998528,22781084,,23776168,22352328,21216556,23695352,,12,52,12,12,,1110140,1638896,1524812,1225332
1342,1,409,408,1,0,0,37434088,86699560,90975292,88,5500464,,8621952,10368976,9823200,8619960,,22964264,20992212,19981720,22761364,,23772460,22327216,21199996,23675620,,12,52,12,12,,1110604,1639308,1525096,1225456
1346,1,410,409,1,0,0,37512984,86606520,90887192,88,5501516,,8639572,10386932,9847644,8638836,,22935548,20990780,19944760,22735432,,23745856,22326140,21165452,23649744,,12,52,12,12,,1110676,1639608,1525704,1225528
1350,1,411,410,0,1,0,37553124,86532128,90815696,88,5502652,,8655196,10405492,9852540,8639896,,22903780,20954260,19937272,22736816,,23714268,22291952,21158280,23651196,,12,52,12,12,,1110812,1640236,1526004,1225600
1354,0,412,411,1,0,0,37636660,86479544,90766296,88,5504112,,8662292,10421180,9887804,8665384,,22904500,20954660,19912120,22708264,,23715120,22292684,21133752,23624740,,12,52,12,12,,1110952,1640568,1526616,1225976
1358,0,413,412,1,0,0,37717004,86381248,90671664,88,5505896,,8660172,10445684,9922080,8689068,,22920880,20920464,19874640,22665264,,23731640,22259356,21096744,23583924,,12,52,12,12,,1111068,1641344,1527088,1226396
1362,0,414,413,0,1,0,37748492,86350516,90642068,88,5506860,,8676788,10466724,9902736,8702244,,22909636,20888468,19880628,22671784,,23720780,22227788,21102944,23590556,,12,52,12,12,,1111324,1641732,1527328,1226476
1365,1,415,413,2,0,0,37832472,86284788,90581188,88,5508304,,8681956,10497472,9914356,8738688,,22897020,20867520,19890208,22630040,,23710128,22207268,21114880,23548912,,12,52,12,12,,1111576,1642172,1527972,1226584
1369,1,416,415,1,0,0,37911748,86192052,90491468,88,5510016,,8725308,10494712,9930660,8761068,,22848912,20859672,19869976,22613492,,23663640,22199968,21095424,23532436,,12,52,12,12,,1111856,1642700,1528772,1226688
1374,0,417,416,0,1,0,38019516,86076728,90379784,88,5511568,,8773232,10525576,9943576,8777132,,22801132,20826296,19857692,22591608,,23616628,22168768,21083672,23510716,,12,52,12,12,,1112136,1643316,1529256,1226860
1378,1,418,417,1,0,0,38065336,86023028,90329028,88,5512996,,8820768,10504020,9954656,8785892,,22742968,20857160,19845508,22577392,,23560340,22200452,21071636,23496600,,12,52,12,12,,1112660,1643940,1529448,1226948
1382,1,419,418,1,0,0,38140572,85941200,90250728,88,5514180,,8839472,10527160,9998848,8775092,,22732948,20843924,19773548,22590780,,23550792,22187452,21002444,23510040,,12,52,12,12,,1112648,1644192,1530312,1227028
1386,1,420,419,1,0,0,38217848,85853024,90165672,88,5515672,,8861844,10559356,10022480,8774168,,22694824,20795596,19766484,22596120,,23512880,22141304,20995956,23515532,,12,52,12,12,,1112816,1644804,1530880,1227172
1390,1,421,420,0,1,0,38287360,85793760,90110056,88,5517272,,8872600,10584808,10056212,8773740,,22682824,20781480,19728460,22600996,,23501052,22128072,20960432,23520500,,12,52,12,12,,1112960,1645512,1531532,1227268
1394,1,422,421,1,0,0,38342620,85692516,90012152,88,5518684,,8876200,10614984,10061976,8789460,,22673652,20728180,19736396,22554288,,23492060,22075172,20968864,23476056,,12,52,12,12,,1113104,1645920,1532004,1227656
1398,1,423,422,1,0,0,38412844,85656160,89979220,88,5520456,,8888880,10641876,10072596,8809492,,22679916,20696576,19731352,22548316,,23498456,22046116,20964556,23470092,,12,52,12,12,,1113248,1646740,1532712,1227756
1402,1,424,423,0,1,0,38461084,85594484,89920304,88,5521624,,8898296,10639364,10091244,8832180,,22656616,20705404,19706996,22525468,,23477016,22055380,20940532,23447376,,12,52,12,12,,1113560,1647156,1533020,1227888
1406,1,425,424,1,0,0,38529980,85497520,89826612,88,5522836,,8908804,10674764,10098268,8848144,,22651628,20667148,19685400,22493344,,23472616,22017352,20919344,23417300,,12,52,12,12,,1113820,1647388,1533404,1228224
1410,1,426,424,2,0,0,38602000,85461732,89793908,88,5524336,,8930928,10692136,10122936,8856000,,22637712,20669328,19657028,22497664,,23458808,22020016,20893272,23421812,,12,52,12,12,,1113976,1647856,1534144,1228360
1415,0,427,426,1,0,0,38657224,85361740,89696920,88,5525712,,8930440,10719944,10148580,8858260,,22626432,20620836,19630448,22484024,,23447668,21973816,20867164,23408272,,12,52,12,12,,1114108,1648572,1534568,1228464
1419,0,428,427,1,0,0,38697964,85330196,89667564,88,5527332,,8948948,10725464,10159232,8864320,,22610244,20621340,19620316,22478296,,23432336,21975052,20857512,23402664,,12,52,12,12,,1114468,1649220,1535060,1228584
1423,0,429,428,1,0,0,38789572,85259872,89600484,88,5528968,,8973448,10748808,10185592,8881724,,22595112,20600712,19585396,22478652,,23418856,21955108,20823372,23403148,,12,52,12,12,,1114748,1649860,1535668,1228692
1427,0,430,428,2,0,0,38885492,85153096,89498676,88,5530392,,9017436,10758040,10179612,8930404,,22546244,20580768,19594624,22431460,,23370132,21935752,20834640,23358152,,12,52,12,12,,1114880,1650460,1536008,1229044
1431,0,431,430,0,1,0,39012364,85015244,89363816,88,5531824,,9029844,10811420,10202392,8968708,,22531416,20521360,19577912,22384556,,23355444,21878580,20818636,23311156,,12,52,12,12,,1115020,1650980,1536688,1229136
1435,0,432,431,1,0,0,39013556,84987656,89337836,88,5533216,,9031680,10824404,10197484,8959988,,22518112,20500660,19568472,22400412,,23342496,21858484,20809720,23327136,,12,52,12,12,,1115292,1651468,1537196,1229260
1439,0,433,432,1,0,0,39067512,84945332,89300296,88,5534640,,9058840,10809520,10214344,8984808,,22482120,20554212,19549544,22359456,,23308576,21912528,20791016,23288176,,12,52,12,12,,1115568,1651992,1537468,1229612
1443,0,434,433,1,0,0,39175608,84835912,89194408,88,5536372,,9092472,10821952,10262360,8998824,,22467232,20525740,19494368,22348572,,23293828,21884416,20738764,23277400,,12,52,12,12,,1115716,1652324,1538596,1229736
1447,1,435,434,1,0,0,39233608,84755600,89116780,88,5537692,,9073816,10859888,10258100,9041804,,22483700,20463904,19505360,22302636,,23310476,21824720,20750032,23231552,,12,52,12,12,,1115888,1653096,1538880,1229828
1451,1,436,435,1,0,0,39296444,84700232,89063688,88,5539504,,9080208,10884100,10285908,9046228,,22467696,20456052,19482792,22293692,,23294996,21817788,20728112,23222792,,12,52,12,12,,1116364,1653648,1539528,1229964
1456,0,437,436,0,1,0,39370284,84637196,89005640,88,5540796,,9105376,10929408,10276680,9058820,,22458596,20403180,19494476,22280944,,23287680,21765476,20740088,23212396,,12,52,12,12,,1116472,1654228,1539760,1230336
1460,0,438,437,1,0,0,39476004,84520096,88891980,88,5542560,,9134740,10916788,10296880,9127596,,22411320,20415676,19470812,22222288,,23240572,21778440,20717188,23155780,,12,52,12,12,,1116624,1654668,1540520,1230748
1464,1,439,438,1,0,0,39559516,84447192,88822208,88,5543948,,9171604,10906112,10312048,9169752,,22381036,20431208,19457828,22177120,,23212412,21794376,20704704,23110716,,12,52,12,12,,1116984,1655092,1541040,1230832
1468,1,440,439,1,0,0,39620076,84336736,88715160,88,5545400,,9205776,10907656,10337104,9169540,,22353068,20407380,19399308,22176980,,23184832,21771164,20648488,23110676,,12,52,12,12,,1117228,1655676,1541560,1230936
1472,1,441,440,0,1,0,39689756,84311888,88693616,88,5546932,,9229408,10928672,10356096,9175580,,22324900,20397848,19417852,22171288,,23156788,21763884,20667756,23105188,,12,52,12,12,,1117372,1656292,1542204,1231064
1477,0,442,441,1,0,0,39755316,84215912,88600632,88,5548160,,9218976,10941020,10409072,9186248,,22332180,20377820,19346332,22159580,,23164272,21744416,20598332,23093612,,12,52,12,12,,1117504,1656740,1542728,1231188
1481,0,443,442,1,0,0,39818152,84138828,88527072,88,5549992,,9209248,10993748,10439096,9176060,,22340672,20309356,19319972,22168828,,23172952,21678576,20572568,23102976,,12,52,12,12,,1117740,1657700,1543252,1231300
1485,0,444,443,1,0,0,39903288,84041212,88432668,88,5551264,,9221628,11018272,10458752,9204636,,22334748,20289832,19294468,22122164,,23167188,21659500,20547484,23058496,,12,52,12,12,,1117860,1658100,1543640,1231664
1489,0,445,444,0,1,0,39998460,83962420,88355512,88,5552848,,9258768,11040808,10462004,9236880,,22301452,20278836,19277096,22105036,,23134172,21649076,20530836,23041428,,12,52,12,12,,1118088,1658668,1544324,1231768
1493,0,446,445,1,0,0,40075860,83889580,88287204,88,5554148,,9300268,11061820,10473100,9240672,,22249204,20251588,19299376,22089412,,23085720,21622172,20553372,23025940,,12,52,12,12,,1118604,1659044,1544600,1231900
1497,1,447,446,1,0,0,40144592,83797312,88198548,88,5555704,,9329188,11048680,10472104,9294620,,22210696,20262228,19295700,22028688,,23047656,21633296,20550168,22967428,,12,52,12,12,,1118828,1659556,1545052,1232268
1501,0,448,447,1,0,0,40236644,83694836,88099252,88,5557116,,9344144,11056584,10498260,9337656,,22193836,20268904,19247532,21984564,,23030936,21640304,20504580,22923432,,12,52,12,12,,1118952,1659792,1545976,1232396
1505,1,449,448,1,0,0,40270516,83633712,88040932,88,5558524,,9348532,11082608,10517192,9322184,,22182620,20218516,19233696,21998880,,23019884,21591912,20491284,22937852,,12,52,12,12,,1119108,1660440,1546476,1232500
1509,1,450,449,1,0,0,40361224,83554480,87965788,88,5560300,,9347608,11129984,10555028,9328604,,22207796,20167876,19181212,21997596,,23045272,21544572,20439268,22936676,,12,52,12,12,,1119272,1661536,1546904,1232588
1514,0,451,450,1,0,0,40433068,83487536,87901940,88,5561584,,9356976,11152432,10599012,9324648,,22189828,20148960,19148504,22000244,,23027472,21525908,20409140,22939420,,12,52,12,12,,1119404,1661916,1547576,1232688
1518,0,452,451,1,0,0,40510992,83446104,87862284,88,5563164,,9378612,11172260,10619992,9340128,,22165500,20149724,19125316,22005564,,23003552,21527252,20386524,22944956,,12,52,12,12,,1119672,1662488,1548144,1232860
1522,0,453,452,1,0,0,40551764,83373284,87794644,88,5564788,,9378072,11196440,10592152,9385100,,22172056,20112636,19150252,21938340,,23012296,21490488,20411944,22879916,,12,52,12,12,,1120104,1662848,1548568,1233268
1526,0,454,453,1,0,0,40616176,83282892,87707276,88,5566072,,9428720,11195580,10606260,9385616,,22094496,20119000,19128856,21940540,,22936828,21497304,20390996,22882148,,12,52,12,12,,1120468,1663196,1549040,1233368
1530,0,455,454,1,0,0,40740180,83146756,87574256,88,5567352,,9489716,11197672,10611236,9441556,,22035592,20111132,19129824,21870208,,22878172,21489884,20392260,22813940,,12,52,12,12,,1120648,1663636,1549340,1233728
1534,0,456,455,1,0,0,40773940,83083156,87513936,88,5568812,,9489808,11196296,10653532,9434304,,22025112,20106224,19077344,21874476,,22867836,21485336,20342348,22818416,,12,52,12,12,,1120788,1664012,1550200,1233812
1538,0,457,456,1,0,0,40833840,83032644,87466400,88,5570048,,9486760,11213508,10689824,9443748,,22041064,20083844,19035220,21872516,,22883992,21465372,20300472,22816564,,12,52,12,12,,1120944,1664724,1550464,1233916
1542,0,458,457,1,0,0,40878652,83019492,87457168,88,5571968,,9489644,11236080,10693848,9459080,,22037212,20080200,19035068,21867012,,22880292,21462460,20303224,22811192,,12,52,12,12,,1121100,1665428,1551404,1234036
1546,0,459,458,1,0,0,40941004,82935572,87374444,88,5573076,,9523288,11272732,10684484,9460500,,21986260,20030972,19047840,21870500,,22829688,21413804,20316148,22814804,,12,52,12,12,,1121384,1665964,1551572,1234156
1550,1,460,459,1,0,0,41019620,82845884,87290400,88,5575248,,9534120,11301844,10705200,9478456,,21991844,19992532,19014908,21846600,,22837796,21377576,20284024,22791004,,12,52,12,12,,1121920,1666700,1552364,1234264
1554,1,461,460,1,0,0,41141748,82749412,87197464,88,5576860,,9558924,11326392,10735228,9521204,,21969724,19983980,18993540,21802168,,22815828,21369652,20263100,22748884,,12,52,12,12,,1122108,1667060,1552884,1234808
1558,1,462,461,1,0,0,41163520,82717332,87168632,88,5578224,,9593816,11303440,10732304,9533960,,21923880,20001924,19000752,21790776,,22772200,21388292,20270524,22737616,,12,52,12,12,,1122560,1667656,1553092,1234916
1563,0,463,462,1,0,0,41277512,82600548,87055512,88,5580088,,9629336,11325880,10754648,9567648,,21900876,19970044,18979288,21750340,,22749548,21356744,20249932,22699288,,12,52,12,12,,1122832,1668020,1553948,1235288
1567,0,464,463,1,0,0,41307992,82536960,86995052,88,5583040,,9615776,11356048,10773756,9562412,,21884744,19933940,18953652,21764624,,22733632,21323148,20224564,22713708,,12,52,12,12,,1122852,1670548,1554228,1235412
1571,0,465,464,1,0,0,41380368,82454564,86917972,88,5584884,,9618980,11381272,10804424,9575692,,21880112,19909104,18910936,21754412,,22729148,21300796,20184376,22703652,,12,52,12,12,,1122996,1671332,1554992,1235564
1575,1,466,465,0,1,0,41454524,82429548,86895136,88,5586264,,9648964,11425264,10787368,9592928,,21882200,19875352,18937132,21734864,,22732328,21267516,20211076,22684216,,12,52,12,12,,1123324,1671852,1555424,1235664
1579,1,467,466,1,0,0,41547996,82310788,86781388,88,5588196,,9688160,11440440,10788720,9630676,,21847204,19862192,18923160,21678232,,22698752,21254940,20197896,22629800,,12,52,12,12,,1123576,1672392,1556184,1236044
1584,0,468,467,1,0,0,41544924,82276772,86750764,88,5589832,,9688020,11426868,10783956,9646080,,21834292,19839068,18940680,21662732,,22686084,21234196,20216020,22614464,,12,52,12,12,,1123796,1673076,1556772,1236188
1588,1,469,468,1,0,0,41618332,82234608,86711680,88,5591112,,9699144,11429964,10824748,9664476,,21823484,19865980,18898036,21647108,,22675424,21261720,20175596,22598940,,12,52,12,12,,1123940,1673644,1557248,1236280
1593,0,470,469,1,0,0,41675256,82172080,86652732,88,5592744,,9691012,11454916,10852540,9676788,,21818260,19843068,18866996,21643756,,22670360,21239172,20147524,22595676,,12,52,12,12,,1124124,1673996,1558244,1236380
1597,1,471,470,1,0,0,41775164,82054072,86537936,88,5594088,,9695724,11476900,10901040,9701500,,21816804,19813468,18821468,21602332,,22669136,21210064,20102288,22556448,,12,52,12,12,,1124292,1674472,1558548,1236776
1601,1,472,471,1,0,0,41895904,81913464,86400484,88,5596164,,9725036,11517436,10944088,9709344,,21789520,19762700,18759660,21601584,,22643472,21160048,20041100,22555864,,12,52,12,12,,1124808,1675232,1559220,1236904
1606,0,473,472,1,0,0,42002772,81824696,86315568,88,5597472,,9741424,11582720,10955548,9723080,,21781880,19689176,18760576,21593064,,22636580,21089184,20042328,22547476,,12,52,12,12,,1124904,1676084,1559468,1237016
1610,1,474,473,1,0,0,42015920,81784904,86279340,88,5599212,,9746672,11561096,10949820,9758332,,21762280,19702188,18760388,21560048,,22617180,21104668,20042920,22514572,,12,52,12,12,,1125092,1676800,1560196,1237124
1614,0,475,474,1,0,0,42071752,81702160,86199548,88,5600676,,9752988,11582724,10956248,9779792,,21755264,19687060,18742196,21517640,,22610284,21089916,20025192,22474156,,12,52,12,12,,1125228,1677192,1560704,1237552
1618,0,476,475,1,0,0,42179736,81634320,86134820,88,5601908,,9779280,11621036,10984084,9795336,,21740756,19657004,18726732,21509828,,22595928,21060444,20011780,22466668,,12,52,12,12,,1125364,1677736,1561160,1237648
1622,0,477,476,1,0,0,42287420,81510696,86012928,88,5603400,,9806364,11636472,10998960,9845624,,21704260,19644936,18702656,21458844,,22559796,21048752,19988516,22415864,,12,52,12,12,,1125676,1678092,1561852,1237780
1626,1,478,477,1,0,0,42317596,81479180,85986292,88,5605004,,9803184,11641420,11054876,9818116,,21706920,19655972,18635452,21480836,,22564440,21060172,19923756,22437924,,12,52,12,12,,1126004,1678456,1562644,1237900
1630,1,479,478,1,0,0,42392076,81409992,85920828,88,5606644,,9832696,11665004,11062948,9831428,,21677364,19616892,18644644,21471092,,22535016,21021792,19933384,22430636,,12,52,12,12,,1126148,1679164,1563060,1238272
1635,0,480,479,1,0,0,42491316,81276028,85788192,88,5608028,,9860644,11677940,11110404,9842328,,21652520,19586752,18585892,21450864,,22510584,20992108,19875120,22410380,,12,52,12,12,,1126484,1679588,1563536,1238420
1639,0,481,480,1,0,0,42548448,81208916,85726824,88,5610200,,9853156,11708980,11101468,9884844,,21637808,19542328,18606560,21422220,,22498044,20950316,19896604,22381860,,12,52,12,12,,1126796,1680480,1564384,1238540
1644,0,482,481,1,0,0,42602584,81134684,85655868,88,5611664,,9877496,11701304,11136344,9887440,,21620548,19554176,18565284,21394676,,22480924,20962600,19857896,22354448,,12,52,12,12,,1126924,1680896,1565176,1238668
1648,0,483,482,1,0,0,42684336,81092440,85616856,88,5613112,,9916152,11727272,11128256,9912656,,21605820,19535864,18571020,21379736,,22466452,20946912,19863824,22339668,,12,52,12,12,,1127156,1681724,1565412,1238820
1652,1,484,483,1,0,0,42705688,81072428,85598376,88,5614600,,9913744,11740008,11155836,9896100,,21584988,19521888,18557700,21407852,,22445868,20933360,19851284,22367864,,12,52,12,12,,1127416,1682088,1566168,1238928
1657,0,485,484,1,0,0,42832680,80920476,85451620,88,5616068,,9929084,11780612,11199036,9923948,,21569784,19486916,18504496,21359280,,22432800,20898900,19798384,22321536,,12,52,12,12,,1127696,1682572,1566472,1239328
1661,1,486,485,1,0,0,42877292,80831792,85366368,88,5617920,,9949492,11819200,11168780,9939820,,21546920,19434032,18522548,21328292,,22410120,20846784,19816964,22292500,,12,52,12,12,,1127900,1683340,1566984,1239696
1665,1,487,486,1,0,0,42970568,80794840,85330916,88,5619236,,9994388,11832408,11178412,9965360,,21514428,19438660,18519808,21321944,,22378076,20851988,19814584,22286268,,12,52,12,12,,1128188,1683888,1567348,1239812
1670,1,488,487,1,0,0,43057976,80656516,85198204,88,5621420,,10007380,11839572,11191036,10019988,,21478728,19420220,18489144,21268424,,22344260,20834020,19786988,22232936,,12,52,12,12,,1128472,1684396,1568568,1239984
1674,1,489,488,1,0,0,43127628,80599672,85144740,88,5623048,,10038452,11868700,11200324,10020152,,21460300,19386304,18484252,21268816,,22326028,20802592,19782684,22233436,,12,52,12,12,,1128652,1685200,1569120,1240076
1679,0,490,489,1,0,0,43188420,80543024,85090900,88,5624516,,10091036,11860428,11204500,10032456,,21404556,19390080,18495772,21252616,,22272028,20806984,19794520,22217368,,12,52,12,12,,1129024,1685820,1569460,1240212
1683,1,491,490,1,0,0,43262748,80467628,85019468,88,5626252,,10101132,11874688,11262732,10024196,,21404864,19380728,18412328,21269708,,22273032,20797988,19713864,22234584,,12,52,12,12,,1129284,1686180,1570460,1240328
1687,1,492,491,1,0,0,43318080,80404420,84959528,88,5627464,,10085980,11892396,11295316,10044388,,21413620,19365784,18384308,21240708,,22281984,20783384,19686192,22207968,,12,52,12,12,,1129448,1686500,1570792,1240724
1691,1,493,492,1,0,0,43427584,80286576,84845252,88,5629500,,10094716,11988416,11290704,10053748,,21393068,19252628,18396412,21244468,,22261608,20672944,19698980,22211720,,12,52,12,12,,1129640,1687480,1571480,1240900
1696,0,494,493,1,0,0,43520548,80199492,84761344,88,5630808,,10114668,12027484,11304568,10073828,,21374340,19234136,18362844,21228172,,22243060,20655016,19667752,22195516,,12,52,12,12,,1129784,1688044,1572004,1240976
1700,1,495,494,1,0,0,43585904,80132300,84697916,88,5632648,,10138604,12009428,11318484,10119388,,21353540,19240752,18374100,21163908,,22222460,20662224,19679744,22133488,,12,52,12,12,,1129996,1688568,1572704,1241380
1704,1,496,495,1,0,0,43592160,80105648,84673260,88,5634312,,10117228,11999508,11351824,10123600,,21352904,19238908,18344980,21168856,,22222656,20660776,19651208,22138620,,12,52,12,12,,1130596,1688972,1573208,1241536
1709,0,497,496,1,0,0,43707808,79982196,84554540,88,5635704,,10158740,12025552,11384916,10138600,,21332812,19214388,18290516,21144480,,22204384,20638648,19597124,22114384,,12,52,12,12,,1130624,1689788,1573612,1241680
1713,1,498,497,1,0,0,43802896,79898960,84474716,88,5637268,,10170784,12040104,11433052,10158956,,21315028,19203404,18256388,21124140,,22188904,20628036,19563608,22094168,,12,52,12,12,,1131068,1690176,1574236,1241788
1718,0,499,498,1,0,0,43894148,79802556,84382088,88,5639148,,10206760,12070336,11456424,10160628,,21282488,19176752,18222284,21121032,,22156460,20602196,19532252,22091180,,12,52,12,12,,1131220,1690992,1575028,1241908
1722,1,500,499,1,0,0,44003964,79702176,84285320,88,5640864,,10240940,12128280,11460492,10174252,,21252828,19116852,18209072,21123424,,22127000,20542960,19519476,22095884,,12,52,12,12,,1131412,1691668,1575500,1242284
1727,0,501,500,1,0,0,44097948,79591396,84177656,88,5642372,,10262672,12169112,11470128,10196036,,21225992,19057688,18215828,21091888,,22100320,20486432,19526488,22064416,,12,52,12,12,,1131580,1692544,1575808,1242440
1731,1,502,501,1,0,0,44204588,79441736,84029740,88,5644124,,10297832,12169828,11496012,10240916,,21174272,19061384,18166248,21039832,,22048884,20490552,19477776,22012528,,12,52,12,12,,1131884,1692952,1576664,1242624
1736,0,503,502,1,0,0,44241952,79438368,84031320,88,5645636,,10280428,12210104,11506440,10244980,,21195864,19045820,18168892,21027792,,22072528,20477376,19480856,22000560,,12,52,12,12,,1132228,1693564,1577108,1242736
1740,0,504,503,0,1,0,44282704,79393128,83989436,88,5646928,,10305652,12191108,11513356,10272588,,21174928,19050232,18168092,20999876,,22051748,20482316,19480348,21975024,,12,52,12,12,,1132424,1694016,1577400,1243088
1744,0,505,504,1,0,0,44306460,79355556,83955292,88,5648684,,10310716,12194604,11551480,10249660,,21172980,19043288,18117176,21022112,,22049984,20475776,19432216,21997316,,12,52,12,12,,1132612,1694412,1578456,1243204
1748,1,506,505,1,0,0,44373996,79287296,83888956,88,5650368,,10313192,12218152,11582168,10260484,,21172192,19011428,18087220,21016456,,22049744,20444572,19402868,21991772,,12,52,12,12,,1132956,1695052,1579020,1243340
1752,1,507,506,1,0,0,44430228,79201976,83808692,88,5651988,,10323992,12257252,11574420,10274564,,21142956,18963524,18084232,21011264,,22022568,20397144,19402272,21986708,,12,52,12,12,,1133260,1695504,1579756,1243468
1757,0,508,507,1,0,0,44517760,79134612,83744132,88,5653204,,10359248,12294928,11559440,10304144,,21109236,18941700,18100052,20983624,,21988896,20377752,19418344,21959140,,12,52,12,12,,1133396,1696320,1579936,1243552
1761,0,509,508,1,0,0,44647160,78956564,83570492,88,5655312,,10368452,12323872,11601144,10353692,,21087144,18895444,18060864,20913112,,21967048,20332164,19380068,21891212,,12,52,12,12,,1133624,1696972,1580760,1243956
1765,1,510,509,1,0,0,44730760,78876364,83493580,88,5656824,,10398868,12297796,11644292,10389804,,21053088,18915196,18016768,20891312,,21935264,20352324,19336568,21869424,,12,52,12,12,,1134064,1697348,1581316,1244096
1770,0,511,510,1,0,0,44853028,78781916,83402208,88,5658096,,10428588,12316476,11672516,10435448,,21031104,18903948,18001628,20845236,,21913576,20343528,19321724,21823380,,12,52,12,12,,1134216,1698088,1581608,1244184
1774,1,512,511,1,0,0,44901416,78719600,83343660,88,5659952,,10453244,12343004,11739868,10365300,,21012764,18887272,17910976,20908588,,21895420,20327464,19233836,21886940,,12,52,12,12,,1134408,1698660,1582544,1244340
1779,0,513,512,1,0,0,44974864,78606124,83233436,88,5661660,,10435016,12377068,11767064,10395716,,21036540,18832928,17874532,20862124,,21919352,20273760,19197888,21842436,,12,52,12,12,,1134552,1699304,1583048,1244756
1783,1,514,513,1,0,0,45060888,78545872,83177024,88,5663500,,10444896,12400780,11786312,10428900,,21038548,18804456,17882740,20820128,,21921580,20246020,19206588,21802836,,12,52,12,12,,1134756,1700048,1583552,1245144
1788,0,515,514,1,0,0,45082684,78541556,83176764,88,5665412,,10455324,12421832,11754568,10450960,,21019116,18794336,17899268,20828836,,21902348,20238916,19223696,21811804,,12,52,12,12,,1134956,1700992,1584088,1245376
1792,1,516,515,1,0,0,45184296,78415212,83053776,88,5666968,,10455476,12442928,11798116,10487776,,21013152,18764128,17859480,20778452,,21896508,20209136,19186552,21761580,,12,52,12,12,,1135092,1701380,1584988,1245508
1796,1,517,516,1,0,0,45225924,78392132,83032060,88,5668284,,10477580,12432584,11816736,10499024,,21004152,18780100,17843252,20764628,,21887800,20225524,19170836,21747900,,12,52,12,12,,1135436,1701760,1585440,1245648
1801,0,518,517,1,0,0,45298916,78296600,82942140,88,5670108,,10504192,12459204,11853568,10481952,,20960840,18772132,17803080,20760548,,21846640,20218048,19133504,21743948,,12,52,12,12,,1135728,1702264,1586360,1245756
1804,1,519,518,1,0,0,45411116,78204300,82852952,88,5671444,,10506152,12466264,11924436,10514264,,20969260,18755184,17733944,20745912,,21855196,20201476,19064744,21731536,,12,52,12,12,,1135856,1702640,1586804,1246144
1808,1,520,519,1,0,0,45484584,78115540,82766436,88,5672976,,10530640,12478472,11937412,10538060,,20937492,18738824,17716976,20722248,,21824584,20185700,19048284,21707868,,12,52,12,12,,1136208,1703208,1587300,1246260
1813,1,521,520,0,1,0,45583892,77995104,82650552,88,5674984,,10560488,12513168,11951732,10558504,,20918028,18686352,17696416,20694308,,21806492,20135760,19028236,21680064,,12,52,12,12,,1136552,1704208,1587832,1246392
1818,0,522,521,1,0,0,45727816,77864500,82523400,88,5676644,,10596512,12526408,11987132,10617764,,20887644,18691716,17660084,20625056,,21776316,20141752,18992452,21612880,,12,52,12,12,,1136684,1704828,1588372,1246760
1822,0,523,522,1,0,0,45813404,77758616,82420972,88,5678228,,10621184,12564208,11962260,10665752,,20841372,18652516,17684576,20580152,,21732392,20102884,19017572,21568124,,12,52,12,12,,1137144,1705172,1589000,1246912
1827,0,524,523,1,0,0,45865964,77717320,82382980,88,5679628,,10647436,12555244,11980844,10682440,,20818572,18666252,17677332,20555164,,21709944,20119012,19010800,21543224,,12,52,12,12,,1137352,1705808,1589432,1247036
1831,1,525,524,1,0,0,45978300,77607592,82276740,88,5681280,,10692256,12579712,12014152,10692180,,20777860,18637160,17630416,20562156,,21669404,20090588,18966316,21550432,,12,52,12,12,,1137508,1706360,1590184,1247228
1836,0,526,525,1,0,0,46029544,77548612,82221376,88,5683144,,10680988,12619280,12059392,10669884,,20783744,18582820,17586652,20595396,,21675508,20038948,18923136,21583784,,12,52,12,12,,1137676,1707344,1590792,1247332
1840,1,527,526,1,0,0,46102188,77430052,82106444,88,5685028,,10691952,12665096,12082880,10662260,,20762132,18520684,17550988,20596248,,21656204,19977568,18887876,21584796,,12,52,12,12,,1138208,1708048,1591288,1247484
1845,0,528,527,0,1,0,46140996,77410652,82090656,88,5686708,,10728828,12677440,12054620,10680108,,20737776,18517664,17589608,20565604,,21632140,19975088,18927064,21556364,,12,52,12,12,,1138448,1708524,1591808,1247928
1850,0,529,528,1,0,0,46302752,77277644,81961604,88,5688800,,10771944,12724692,12089496,10716620,,20704384,18478564,17556844,20537852,,21598904,19936612,18897296,21528792,,12,52,12,12,,1138644,1709136,1592916,1248104
1854,1,530,529,0,1,0,46295124,77257024,81942696,88,5690328,,10771980,12709412,12094128,10719604,,20685920,18483604,17560292,20527208,,21580908,19942192,18901312,21518284,,12,52,12,12,,1138988,1709660,1593432,1248248
1858,1,531,529,1,1,0,46406008,77134260,81825160,88,5692000,,10795324,12717084,12142596,10751004,,20667060,18483092,17489676,20494432,,21564008,19942396,18833076,21485680,,12,52,12,12,,1139260,1710376,1593964,1248400
1863,0,532,531,1,0,0,46470100,77061636,81755660,88,5693532,,10833064,12714564,12167148,10755324,,20634176,18483996,17477004,20466460,,21531308,19943608,18820852,21459892,,12,52,12,12,,1139444,1710724,1594568,1248796
1867,0,533,532,1,0,0,46544612,76972644,81670016,88,5695196,,10817160,12736548,12229328,10761576,,20648752,18447176,17411532,20465184,,21546128,19909080,18756000,21458808,,12,52,12,12,,1139664,1711384,1595192,1248956
1871,1,534,533,1,0,0,46575820,76949024,81650496,88,5697128,,10819140,12764340,12228716,10763624,,20646508,18430456,17414584,20457476,,21544052,19893332,18761868,21451244,,12,52,12,12,,1139816,1712200,1596016,1249096
1876,0,535,534,1,0,0,46654404,76852532,81556144,88,5698564,,10856128,12803340,12222316,10772620,,20594748,18402124,17403464,20452196,,21493312,19865676,18751056,21446100,,12,52,12,12,,1140056,1712860,1596420,1249228
1880,1,536,535,0,1,0,46758632,76731260,81440020,88,5700680,,10914456,12771948,12253420,10818808,,20530428,18409744,17379892,20411196,,21430456,19873792,18728280,21407492,,12,52,12,12,,1140500,1713360,1597224,1249596
1885,0,537,536,1,0,0,46862960,76597772,81309944,88,5702080,,10906740,12778760,12290252,10887208,,20527268,18396356,17326840,20347308,,21427416,19863020,18675796,21343712,,12,52,12,12,,1140644,1713992,1597756,1249688
1889,0,538,537,1,0,0,46872432,76599424,81315220,88,5703652,,10936208,12783960,12291552,10860712,,20498420,18400188,17328904,20371912,,21400968,19867532,18678228,21368492,,12,52,12,12,,1141060,1714596,1598140,1249856
1893,1,539,538,1,0,0,46932352,76565308,81284708,88,5705532,,10943004,12800204,12338308,10850836,,20512340,18377120,17297268,20378580,,21415176,19844996,18649204,21375332,,12,52,12,12,,1141368,1715140,1599024,1250000
1898,0,540,539,1,0,0,46937060,76535572,81258344,88,5707132,,10905480,12787720,12376376,10867484,,20528828,18383944,17253208,20369592,,21431812,19854532,18605528,21366472,,12,52,12,12,,1141524,1716176,1599308,1250124
1902,0,541,540,1,0,0,47046072,76433552,81160036,88,5708816,,10914756,12855944,12387032,10888340,,20531096,18333316,17228704,20340436,,21434220,19804392,18581796,21339628,,12,52,12,12,,1141664,1716616,1600060,1250476
1906,0,542,541,0,1,0,47167076,76324240,81053140,88,5710004,,10965208,12918112,12384332,10899424,,20480016,18271568,17245252,20327404,,21384756,19743188,18598516,21326680,,12,52,12,12,,1141980,1717164,1600248,1250612
1910,1,543,542,0,1,0,47307520,76181576,80914748,88,5712072,,11014228,12918020,12436200,10939072,,20438212,18271280,17183604,20288480,,21343700,19743448,18539728,21287872,,12,52,12,12,,1142240,1717712,1601336,1250784
1914,1,544,543,1,0,0,47374104,76061964,80798684,88,5713740,,11012620,12938860,12436564,10986060,,20432004,18216464,17167200,20246296,,21337724,19691200,18523948,21245812,,12,52,12,12,,1142468,1718484,1601884,1250904
1919,0,545,544,1,0,0,47485868,75939132,80679180,88,5715156,,11041484,12994332,12460220,10989832,,20402248,18172896,17151836,20212152,,21308084,19648260,18508976,21213860,,12,52,12,12,,1142604,1719044,1602260,1251248
1923,1,546,545,1,0,0,47531812,75903028,80645224,88,5717060,,11074812,12999920,12483660,10973420,,20367036,18173216,17112332,20250444,,21273576,19648960,18470376,21252312,,12,52,12,12,,1143144,1719420,1603144,1251352
1928,0,547,546,1,0,0,47570604,75886408,80633708,88,5718872,,11058408,12994020,12536748,10981428,,20387696,18164968,17090388,20243356,,21296196,19641076,18451060,21245376,,12,52,12,12,,1143292,1720136,1603944,1251500
1932,1,548,547,1,0,0,47712216,75725472,80476492,88,5720400,,11076320,13098396,12538024,10999476,,20361920,18073060,17080672,20209820,,21270576,19549988,18441752,21214176,,12,52,12,12,,1143436,1720652,1604420,1251892
1937,0,549,548,1,0,0,47865232,75561704,80331384,88,5737068,,11108308,13138096,12583480,11035348,,20334552,18003292,17030896,20192964,,21243300,19483500,18407100,21197484,,12,52,12,12,,1143612,1721832,1619560,1252064
1941,1,550,549,1,0,0,47989572,75380360,80180560,88,5765744,,11093656,13159472,12660604,11075840,,20322196,17989504,16922652,20146008,,21231148,19469984,18328764,21150664,,12,52,12,12,,1143844,1722164,1647564,1252172
1945,1,551,550,0,1,0,48047960,75316772,80122460,88,5771024,,11115416,13143720,12662476,11126348,,20313064,17980712,16934572,20088424,,21222456,19461548,18345236,21093220,,12,52,12,12,,1144108,1722508,1652092,1252316
1950,1,552,551,1,0,0,48067464,75340804,80151572,88,5772764,,11116624,13165944,12676432,11108464,,20303420,17987104,16945328,20104952,,21214792,19470376,18356488,21109916,,12,52,12,12,,1144448,1723308,1652584,1252424
1955,0,553,552,1,0,0,48174760,75211872,80027344,88,5775604,,11128420,13184444,12758360,11103536,,20302168,17958072,16846156,20105476,,21213724,19441880,18259068,21112672,,12,52,12,12,,1144644,1723812,1654296,1252852
1959,1,554,553,0,1,0,48279556,75099660,79918676,88,5777308,,11143832,13226040,12775252,11134432,,20298620,17911396,16824128,20065516,,21210380,19395912,18237464,21074920,,12,52,12,12,,1144804,1724508,1654772,1253224
1963,1,555,554,0,1,0,48403652,74985028,79807096,88,5779548,,11172556,13282764,12800132,11148200,,20260416,17845752,16806828,20072032,,21172436,19332224,18220620,21081816,,12,52,12,12,,1145056,1725712,1655240,1253540
1967,1,556,555,0,1,0,48509356,74860616,79686296,88,5780596,,11211220,13313064,12803560,11181512,,20217900,17820788,16783760,20038168,,21131868,19308644,18197808,21047976,,12,52,12,12,,1145336,1726088,1655504,1253668
1972,0,557,556,1,0,0,48594672,74795664,79625376,88,5782576,,11253172,13316608,12820888,11204004,,20180940,17814992,16783272,20016460,,21095292,19303272,18200448,21026364,,12,52,12,12,,1145620,1726544,1656616,1253796
1976,0,558,557,1,0,0,48679160,74710384,79543264,88,5783932,,11243032,13353264,12819088,11263776,,20182152,17789892,16780960,19957380,,21096680,19280616,18198500,20967468,,12,52,12,12,,1145772,1727136,1657064,1253960
1980,1,559,558,0,1,0,48695472,74639708,79474084,88,5785428,,11237556,13352836,12853580,11251500,,20167492,17772884,16741500,19957832,,21082364,19264180,18159440,20968100,,12,52,12,12,,1146136,1727680,1657528,1254084
1984,1,560,559,1,0,0,48722596,74615600,79455632,88,5787340,,11246608,13370652,12882924,11222412,,20162368,17761348,16715488,19976396,,21079464,19253156,18134172,20988840,,12,52,12,12,,1146428,1728172,1658276,1254464
1989,1,561,560,1,0,0,48782172,74550544,79393916,88,5788940,,11258804,13390468,12903228,11229672,,20144460,17737912,16700536,19967636,,21061760,19230232,18121768,20980156,,12,52,12,12,,1146628,1728672,1659096,1254544
1993,1,562,561,1,0,0,48919160,74409796,79256708,88,5790952,,11317056,13420332,12921440,11260332,,20102960,17706572,16656200,19944064,,21022388,19199672,18077900,20956748,,12,52,12,12,,1147264,1729452,1659540,1254696
1998,1,563,562,1,0,0,49074584,74258032,79109224,88,5792728,,11357012,13465736,12958248,11293588,,20056596,17668200,16616748,19916488,,20976504,19161964,18041396,20929360,,12,52,12,12,,1147364,1730116,1660368,1254880
2003,0,564,563,1,0,0,49022724,74291672,79146072,88,5794340,,11358532,13427072,12933084,11304036,,20051444,17701028,16651772,19887428,,20971528,19195168,18076940,20902436,,12,52,12,12,,1147528,1730560,1660984,1255268
2007,1,565,564,1,0,0,49098908,74223952,79081912,88,5796200,,11388480,13389104,12969200,11352124,,20026252,17724992,16624844,19847864,,20946620,19221724,18050504,20863064,,12,52,12,12,,1147788,1731456,1661516,1255440
2012,0,566,565,1,0,0,49167884,74176552,79038132,88,5797584,,11415060,13403152,12999572,11350100,,20001668,17731228,16583996,19859660,,20922228,19228460,18012356,20875088,,12,52,12,12,,1147972,1731772,1662228,1255612
2016,1,567,566,1,0,0,49221204,74101516,78966904,88,5799408,,11372184,13423328,13035940,11389752,,20036088,17701044,16542496,19821888,,20956856,19198908,17971440,20839700,,12,52,12,12,,1148160,1732368,1662868,1256012
2021,1,568,567,1,0,0,49329468,74018200,78887280,88,5801692,,11392560,13459908,13073772,11403228,,20026552,17677544,16515924,19798180,,20949268,19176184,17945664,20816164,,12,52,12,12,,1148744,1733156,1663676,1256116
2026,1,569,568,1,0,0,49375928,73963208,78835888,88,5803088,,11420944,13472068,13070996,11411920,,20005260,17663208,16507772,19786968,,20928568,19164460,17937744,20805116,,12,52,12,12,,1148804,1734084,1663936,1256264
2031,0,570,569,1,0,0,49467488,73841100,78717860,88,5805388,,11463996,13470024,13076336,11457132,,19957348,17650576,16494776,19738400,,20880952,19152436,17927800,20756672,,12,52,12,12,,1149108,1734728,1665132,1256420
2035,1,571,570,1,0,0,49477316,73795024,78675252,88,5806880,,11436076,13468920,13110828,11461492,,19964316,17641276,16459892,19729540,,20888180,19143548,17893548,20749976,,12,52,12,12,,1149352,1735088,1665628,1256812
2040,0,572,571,0,1,0,49508104,73788996,78670548,88,5808148,,11446648,13475324,13120364,11465768,,19959060,17644272,16457500,19728164,,20883256,19147112,17891448,20748732,,12,52,12,12,,1149632,1735652,1665924,1256940
2044,1,573,572,1,0,0,49620872,73687820,78574828,88,5810204,,11450284,13526144,13177408,11467036,,19972520,17588276,16398444,19728580,,20898688,19093596,17833240,20749304,,12,52,12,12,,1149920,1736376,1666816,1257092
2048,1,574,573,1,0,0,49710876,73614752,78505432,88,5811976,,11479228,13564160,13187336,11480152,,19945568,17557292,16394500,19717392,,20874016,19063156,17829928,20738332,,12,52,12,12,,1150380,1736900,1667404,1257292
2053,1,575,574,1,0,0,49837252,73463284,78357352,88,5813748,,11535336,13592624,13221416,11487876,,19874244,17523184,16361976,19703880,,20802872,19029796,17799744,20724940,,12,52,12,12,,1150540,1737648,1668140,1257420
2057,1,576,575,1,0,0,49962432,73333372,78230924,88,5815540,,11594312,13637604,13219580,11510936,,19828508,17472912,16347924,19684028,,20757320,18982048,17786328,20705228,,12,52,12,12,,1150724,1738552,1668720,1257544
2062,1,577,576,1,0,0,50058272,73190976,78092292,88,5817232,,11585028,13655320,13235912,11582012,,19823068,17450472,16324888,19592548,,20752172,18960292,17763828,20616000,,12,52,12,12,,1150964,1739032,1669256,1257980
2067,0,578,577,1,0,0,50087952,73193476,78096396,88,5818724,,11604700,13641352,13279876,11562024,,19815424,17470368,16300720,19606964,,20745276,18980496,17740128,20630496,,12,52,12,12,,1151644,1739296,1669708,1258076
2071,0,579,578,1,0,0,50174896,73065732,77973660,88,5820156,,11646404,13675696,13286436,11566360,,19743604,17416484,16299356,19606288,,20675224,18929132,17739248,20630056,,12,52,12,12,,1151648,1740096,1670192,1258220
2075,1,580,579,0,1,0,50254924,73001012,77912136,88,5821684,,11645072,13684244,13372052,11553556,,19731376,17438900,16202320,19628416,,20663156,18952024,17644688,20652268,,12,52,12,12,,1151800,1740560,1671004,1258320
2079,1,581,580,1,0,0,50321636,72925112,77839944,88,5823692,,11648508,13710684,13386496,11575948,,19745860,17399108,16187044,19593100,,20677948,18912960,17629968,20619068,,12,52,12,12,,1152036,1741264,1671580,1258812
2084,0,582,581,0,1,0,50461668,72786248,77703400,88,5825324,,11669000,13761924,13448448,11582296,,19732628,17338928,16118444,19596248,,20665652,18853516,17561820,20622412,,12,52,12,12,,1152348,1741996,1672024,1258956
2088,1,583,582,0,1,0,50607268,72669044,77591444,88,5827340,,11725184,13808172,13462620,11611292,,19678712,17296960,16115984,19577388,,20613464,18814356,17559924,20603700,,12,52,12,12,,1152680,1742948,1672604,1259108
2093,0,584,583,1,0,0,50623624,72612392,77536428,88,5828920,,11732120,13798708,13480744,11612052,,19654484,17296684,16082968,19578256,,20589628,18814464,17527580,20604756,,12,52,12,12,,1153008,1743376,1673252,1259284
2097,1,585,584,1,0,0,50673552,72562504,77492172,88,5830780,,11760256,13817576,13449380,11646340,,19647828,17285128,16115916,19513632,,20584992,18803676,17561104,20542400,,12,52,12,12,,1153368,1744064,1673780,1259568
2102,0,586,585,1,0,0,50787952,72456644,77390116,88,5832488,,11817260,13835004,13464056,11671632,,19592432,17253308,16104508,19506396,,20529812,18772264,17550392,20537648,,12,52,12,12,,1153564,1744416,1674464,1260044
2106,1,587,586,1,0,0,50807884,72405084,77341928,88,5834248,,11775972,13848272,13497580,11686060,,19606032,17232408,16062360,19504284,,20543724,18751760,17510768,20535676,,12,52,12,12,,1153808,1744864,1675392,1260184
2111,0,588,587,1,0,0,50865636,72335680,77276348,88,5836092,,11770860,13863540,13496824,11734412,,19613464,17227320,16053756,19441140,,20551336,18747460,17502792,20474760,,12,52,12,12,,1153984,1745604,1675988,1260516
2115,1,589,588,1,0,0,50997960,72235320,77179060,88,5837476,,11796132,13943648,13488248,11769932,,19601932,17143172,16082944,19407272,,20539976,18665660,17532420,20441004,,12,52,12,12,,1154128,1746324,1676408,1260616
2119,1,590,589,1,0,0,51012020,72179292,77126756,88,5839628,,11795756,13904032,13500052,11812180,,19575420,17181024,16059476,19363372,,20515336,18704212,17509924,20397284,,12,52,12,12,,1154584,1746948,1677328,1260768
2123,1,591,590,1,0,0,51121132,72071760,77022964,88,5841236,,11818088,13892772,13544828,11865444,,19563976,17195044,15995476,19317264,,20504316,18718760,17448544,20351344,,12,52,12,12,,1154724,1747440,1678172,1260900
2128,1,592,591,1,0,0,51190496,72012544,76967008,88,5842700,,11873432,13896656,13551228,11869180,,19501648,17196432,15997988,19316476,,20444168,18720836,17451308,20350696,,12,52,12,12,,1155176,1748092,1678404,1261028
2132,1,593,592,1,0,0,51238708,71975084,76933452,88,5844520,,11903372,13928980,13558340,11848016,,19488632,17164124,16001156,19321172,,20431732,18690932,17455264,20355524,,12,52,12,12,,1155464,1748720,1679208,1261128
2137,1,594,593,1,0,0,51330972,71872100,76833580,88,5846020,,11911568,13953112,13621844,11844448,,19484104,17130680,15926772,19330544,,20427384,18658096,17383060,20365040,,12,52,12,12,,1155628,1749272,1679772,1261348
2141,1,595,594,1,0,0,51473960,71724892,76690320,88,5847968,,11930008,13995064,13701520,11847368,,19463340,17099692,15845272,19316588,,20406824,18627920,17304388,20351188,,12,52,12,12,,1155824,1750064,1680596,1261484
2146,0,596,595,1,0,0,51559020,71668284,76637252,88,5849552,,11935708,14059172,13711724,11852416,,19456900,17031348,15850380,19329656,,20400592,18562332,17309956,20364372,,12,52,12,12,,1156040,1750940,1680952,1261620
2150,1,597,596,1,0,0,51523344,71653728,76626636,88,5851648,,11916744,14007740,13692596,11906264,,19465544,17084332,15847100,19256752,,20409504,18615888,17307524,20293720,,12,52,12,12,,1156276,1751536,1681804,1262032
2154,1,598,597,0,1,0,51633032,71555972,76532272,88,5853276,,11927352,14037468,13720072,11948140,,19468492,17034888,15833852,19218740,,20412644,18568944,17294844,20255840,,12,52,12,12,,1156452,1752240,1682372,1262212
2159,1,599,598,1,0,0,51645268,71508724,76488560,88,5854856,,11941136,14055584,13717440,11931108,,19431008,17012868,15848368,19216480,,20375352,18547612,17309704,20255892,,12,52,12,12,,1156668,1752844,1682740,1262604
2164,0,600,599,1,0,0,51758320,71395256,76378872,88,5856692,,11964184,14056432,13777240,11960464,,19409472,17016944,15762344,19206496,,20353996,18552028,17226724,20246124,,12,52,12,12,,1156868,1753204,1683880,1262740
2168,0,601,600,0,1,0,51780604,71399584,76384600,88,5857964,,11932568,14074920,13790184,11982932,,19461492,17006272,15736856,19194964,,20406380,18541952,17201540,20234728,,12,52,12,12,,1157152,1753812,1684124,1262876
2172,0,602,601,1,0,0,51843996,71340800,76331668,88,5859904,,11927300,14101328,13804468,12010900,,19471868,16964824,15754388,19149720,,20418796,18500968,17219916,20191988,,12,52,12,12,,1157428,1754276,1684916,1263284
2176,1,603,602,1,0,0,51983056,71221496,76215544,88,5861380,,11979448,14140944,13827548,12035116,,19414496,16945800,15720220,19140980,,20361592,18482556,17187964,20183432,,12,52,12,12,,1157584,1754888,1685460,1263448
2181,1,604,603,1,0,0,52078304,71077088,76075208,88,5863516,,11997248,14138164,13846588,12096304,,19377380,16935020,15685660,19079028,,20326832,18472312,17154404,20121660,,12,52,12,12,,1158104,1755424,1686380,1263608
2185,1,605,604,1,0,0,52089768,71077560,76079536,88,5865188,,12015780,14113372,13854840,12105776,,19379300,16939736,15693012,19065512,,20328992,18479896,17162364,20108284,,12,52,12,12,,1158320,1756216,1686904,1263748
2190,1,606,605,1,0,0,52167660,70977140,75984104,88,5870660,,12070084,14107460,13867948,12122168,,19307108,16957512,15657704,19054816,,20257128,18497932,17131264,20097780,,12,52,12,12,,1158580,1756712,1691452,1263916
2194,1,607,605,2,0,0,52206972,70886852,75897592,88,5872332,,12059372,14133364,13903844,12110392,,19283872,16930096,15626472,19046412,,20236096,18471052,17100984,20089460,,12,52,12,12,,1159028,1757232,1692072,1264000
2199,1,608,606,2,0,0,52336432,70808832,75825304,88,5874480,,12091828,14209864,13962608,12072132,,19290288,16853896,15572096,19092552,,20244624,18395560,17049472,20135648,,12,52,12,12,,1159432,1757956,1692952,1264140
2203,1,609,608,1,0,0,52484760,70651044,75670948,88,5876464,,12160204,14300820,13937944,12085792,,19211100,16757244,15600760,19081940,,20165580,18299820,17078496,20127052,,12,52,12,12,,1159608,1758864,1693460,1264532
2208,1,610,609,1,0,0,52600264,70473028,75496896,88,5878564,,12240524,14323976,13917128,12118636,,19114516,16725460,15581424,19051628,,20069300,18270632,17059992,20096972,,12,52,12,12,,1159816,1759744,1694292,1264712
2213,1,611,610,1,0,0,52657296,70388792,75415888,88,5879952,,12214212,14316500,13963568,12163016,,19114672,16721736,15544584,19007800,,20069620,18267380,17025548,20053340,,12,52,12,12,,1160004,1760176,1694872,1264900
2217,1,612,611,1,0,0,52730864,70338452,75369344,88,5881792,,12223116,14334468,13988528,12184752,,19142388,16718584,15522024,18955456,,20097576,18264984,17003516,20003268,,12,52,12,12,,1160200,1760892,1695416,1265284
2222,0,613,612,1,0,0,52812372,70269652,75304012,88,5883260,,12247904,14372228,13991308,12200932,,19117736,16669204,15520800,18961912,,20073088,18218124,17002936,20009864,,12,52,12,12,,1160360,1761488,1696048,1265364
2226,1,614,613,0,1,0,52822460,70253664,75289856,88,5884820,,12221580,14373136,14034428,12193316,,19140388,16684324,15483376,18945576,,20096432,18233540,16966172,19993712,,12,52,12,12,,1160696,1761876,1696716,1265532
2230,1,615,614,1,0,0,52940704,70147028,75188568,88,5886864,,12239144,14425832,14068756,12206972,,19127408,16619084,15451636,18948900,,20085336,18171020,16935024,19997188,,12,52,12,12,,1161004,1762924,1697272,1265664
2235,1,616,615,1,0,0,52987964,70095080,75140236,88,5888468,,12258508,14451980,14061524,12215952,,19109324,16579856,15456072,18949828,,20067436,18132292,16942220,19998288,,12,52,12,12,,1161192,1763432,1697996,1265848
2240,0,617,616,1,0,0,53078060,70015984,75065316,88,5890852,,12266972,14487332,14064540,12259216,,19109664,16562236,15446664,18897420,,20068052,18115488,16933716,19948060,,12,52,12,12,,1161444,1764164,1698840,1266404
2244,1,618,617,1,0,0,53219664,69862892,74915680,88,5892528,,12299216,14517812,14086692,12315944,,19061060,16530436,15428592,18842804,,20021640,18084100,16916324,19893616,,12,52,12,12,,1161900,1764584,1699496,1266548
2249,1,619,618,1,0,0,53243132,69836744,74893164,88,5894248,,12354512,14525960,14079204,12283456,,19005260,16514920,15442176,18874388,,19966144,18071284,16930300,19925436,,12,52,12,12,,1162140,1765460,1699888,1266760
2254,0,620,619,1,0,0,53351944,69702240,74762308,88,5895936,,12390532,14538856,14120236,12302320,,18967256,16501096,15395252,18838636,,19928368,18057868,16884092,19891980,,12,52,12,12,,1162372,1765864,1700564,1267136
2258,1,621,620,0,1,0,53411932,69633620,74697296,88,5897896,,12339980,14574236,14190648,12307068,,19009472,16478056,15308660,18837432,,19970756,18035676,16799948,19890916,,12,52,12,12,,1162544,1766696,1701380,1267276
2263,0,622,621,0,1,0,53440380,69601788,74669932,88,5902152,,12358420,14603480,14150876,12327604,,18993716,16427812,15358040,18822220,,19957904,17986256,16849884,19875888,,12,52,12,12,,1165332,1767508,1701884,1267428
2267,1,623,622,1,0,0,53540096,69485492,74559136,88,5904132,,12402764,14618436,14161252,12357644,,18960612,16397712,15338852,18788316,,19926944,17958820,16831256,19842116,,12,52,12,12,,1165692,1768432,1702452,1267556
2272,1,624,623,0,1,0,53596008,69455372,74532800,88,5906028,,12416200,14611204,14179508,12389096,,18933060,16424264,15330760,18767288,,19901832,17985836,16823840,19821292,,12,52,12,12,,1166392,1768792,1703124,1267720
2276,1,625,624,1,0,0,53669848,69359364,74440148,88,5907200,,12460148,14631220,14178160,12400320,,18879544,16415860,15325108,18738852,,19848464,17977772,16818660,19795252,,12,52,12,12,,1166328,1769176,1703580,1268116
2281,1,626,625,1,0,0,53777668,69229216,74313792,88,5909208,,12518260,14637752,14193908,12427748,,18822240,16395148,15300212,18711616,,19791428,17957640,16794508,19770216,,12,52,12,12,,1166564,1769752,1704304,1268588
2285,1,627,626,1,0,0,53798012,69226224,74314632,88,5911044,,12470672,14650184,14231148,12446008,,18888432,16372512,15255532,18709748,,19857860,17935564,16752676,19768532,,12,52,12,12,,1166784,1770296,1705212,1268752
2290,1,628,627,1,0,0,53864468,69208404,74300572,88,5913016,,12467092,14677496,14251232,12468648,,18895544,16366368,15256048,18690444,,19865200,17930192,16755836,19749344,,12,52,12,12,,1166984,1771072,1706092,1268868
2295,1,629,628,1,0,0,53965392,69045352,74141024,88,5914712,,12499776,14729044,14246252,12490320,,18863072,16301924,15218300,18662056,,19832908,17868448,16718580,19721088,,12,52,12,12,,1167224,1771948,1706552,1268988
2300,1,630,629,1,0,0,54005516,69029292,74127348,88,5916916,,12497156,14725572,14263664,12519124,,18845464,16307020,15235136,18641672,,19815992,17874212,16736268,19700876,,12,52,12,12,,1167832,1772552,1707396,1269136
2305,1,631,630,1,0,0,54055244,68938288,74041192,88,5918588,,12536156,14698588,14304104,12516396,,18811032,16319408,15179176,18628672,,19784872,17887252,16680972,19688096,,12,52,12,12,,1168064,1773124,1708040,1269360
2310,1,632,631,1,0,0,54162300,68816928,73924552,88,5920476,,12569976,14705440,14309472,12577412,,18772444,16306388,15170036,18568060,,19747364,17874784,16672348,19630056,,12,52,12,12,,1168424,1773684,1708572,1269796
2314,1,633,632,0,1,0,54190088,68797576,73907952,88,5921840,,12569672,14714716,14349760,12555940,,18768892,16301196,15137092,18590396,,19743880,17869884,16641868,19652320,,12,52,12,12,,1168592,1774000,1709340,1269908
2319,0,634,633,1,0,0,54307444,68691616,73807912,88,5926032,,12576668,14768620,14414404,12547752,,18771048,16254876,15073848,18591844,,19746256,17828540,16579256,19653860,,12,52,12,12,,1168808,1777228,1709948,1270048
2324,0,635,634,1,0,0,54456572,68563156,73683352,88,5928096,,12611444,14842864,14442048,12560216,,18738592,16177876,15058016,18588672,,19713992,17754560,16563972,19650828,,12,52,12,12,,1169028,1778388,1710484,1270196
2329,0,636,635,1,0,0,54432132,68574924,73699336,88,5930412,,12616852,14821648,14392156,12601476,,18730700,16184436,15117268,18542520,,19706360,17761952,16624184,19606840,,12,52,12,12,,1169288,1779124,1711372,1270628
2334,0,637,636,1,0,0,54588720,68425268,73553208,88,5932124,,12624584,14869200,14452840,12642096,,18729120,16166120,15026364,18503664,,19704976,17743956,16536040,19568236,,12,52,12,12,,1169500,1779488,1712316,1270820
2338,1,638,637,1,0,0,54572680,68404304,73536168,88,5934012,,12648420,14875992,14428336,12619932,,18699676,16147712,15057724,18499192,,19675748,17728560,16567860,19564000,,12,52,12,12,,1169724,1780472,1712768,1271048
2343,1,639,638,1,0,0,54647544,68338256,73473928,88,5936152,,12636964,14890352,14485652,12634576,,18715032,16126428,14998128,18498668,,19693356,17707700,16509200,19563672,,12,52,12,12,,1170396,1780896,1713676,1271184
2348,1,640,639,1,0,0,54715916,68228728,73368096,88,5937896,,12654356,14928876,14504104,12628580,,18662940,16073784,14987764,18504240,,19641756,17655220,16501728,19569392,,12,52,12,12,,1170484,1781532,1714556,1271324
2353,1,641,640,1,0,0,54797148,68146788,73290776,88,5939916,,12687732,14955344,14511368,12642704,,18637072,16048212,14975292,18486212,,19616120,17631016,16489772,19553868,,12,52,12,12,,1170700,1782368,1715056,1271792
2358,0,642,641,0,1,0,54871012,68099652,73246984,88,5941664,,12707020,14960808,14529464,12673720,,18640604,16041168,14961220,18456660,,19619800,17624668,16478188,19524328,,12,52,12,12,,1170840,1783060,1715828,1271936
2362,1,643,642,1,0,0,54913292,68016216,73165304,88,5943220,,12710208,14947724,14543864,12711496,,18622564,16035980,14933244,18424428,,19602284,17619856,16450980,19492184,,12,52,12,12,,1171196,1783476,1716536,1272012
2367,0,644,643,1,0,0,54955892,68022828,73177040,88,5944828,,12753088,14930708,14540352,12731744,,18588188,16083480,14941376,18409784,,19569936,17667780,16459624,19479700,,12,52,12,12,,1171512,1783876,1717032,1272408
2371,1,645,644,1,0,0,55093164,67831608,72989420,88,5946644,,12811904,14973264,14575848,12732148,,18519992,16027460,14905256,18378900,,19501960,17614380,16423968,19449112,,12,52,12,12,,1171728,1784800,1717492,1272624
2376,1,646,645,1,0,0,55139116,67746064,72907816,88,5948664,,12768832,14988228,14638432,12743624,,18557640,15996036,14815444,18376944,,19539880,17583680,16336964,19447292,,12,52,12,12,,1171984,1785444,1718468,1272768
2381,1,647,646,0,1,0,55288804,67648176,72813832,88,5950704,,12772592,15059632,14672232,12784348,,18554524,15958656,14797988,18337008,,19536948,17547096,16320132,19409656,,12,52,12,12,,1172172,1786240,1719076,1273216
2385,1,648,647,1,0,0,55437980,67493344,72661908,88,5952320,,12808556,15169216,14672680,12787528,,18505092,15850236,14794676,18343340,,19489172,17439372,16317276,19416088,,12,52,12,12,,1172588,1786916,1719496,1273320
2390,1,649,648,1,0,0,55473272,67453404,72626460,88,5954712,,12793912,15166576,14674936,12837848,,18532164,15832932,14790428,18297880,,19517132,17424616,16313900,19370812,,12,52,12,12,,1172920,1787956,1720340,1273496
2394,1,650,649,1,0,0,55580548,67343144,72520000,88,5956348,,12821848,15147912,14730264,12880524,,18504292,15860472,14727652,18250728,,19489444,17452848,16253804,19323904,,12,52,12,12,,1173104,1788268,1721224,1273752
2399,1,651,650,1,0,0,55661748,67213400,72393848,88,5958044,,12893332,15169864,14741636,12856916,,18427696,15806708,14731540,18247456,,19415200,17399700,16258180,19320768,,12,52,12,12,,1173596,1788860,1721708,1273880
2404,1,652,651,0,1,0,55758924,67140548,72324744,88,5959984,,12928540,15216224,14775044,12839116,,18396280,15769208,14687848,18287212,,19384004,17364852,16215240,19360648,,12,52,12,12,,1173812,1789680,1722484,1274008
2409,1,653,652,0,1,0,55826084,67069608,72259620,88,5963840,,12891652,15241216,14830276,12862940,,18432524,15758868,14626456,18251760,,19420572,17355020,16154440,19329588,,12,52,12,12,,1174056,1790224,1723056,1276504
2414,1,654,653,1,0,0,55955984,66943008,72136860,88,5965944,,12941068,15292440,14842268,12880208,,18376656,15688716,14626644,18250992,,19366788,17285828,16155204,19329040,,12,52,12,12,,1174516,1791132,1723600,1276696
2419,1,655,654,1,0,0,55997012,66869220,72067344,88,5968192,,12980420,15292112,14781560,12942920,,18323420,15695376,14679584,18170840,,19314040,17293224,16209064,19251016,,12,52,12,12,,1174752,1791864,1724496,1277080
2424,1,656,655,0,1,0,56066152,66777412,71979356,88,5969868,,12953632,15270576,14833028,13008916,,18348560,15696148,14623256,18109448,,19339416,17294416,16155728,19189796,,12,52,12,12,,1174988,1792284,1725380,1277216
2428,1,657,656,0,1,0,56099760,66753096,71958312,88,5971492,,12990860,15289672,14830760,12988468,,18349656,15675620,14621724,18106096,,19340788,17276636,16154308,19186580,,12,52,12,12,,1175260,1793248,1725652,1277332
2433,1,658,657,1,0,0,56160796,66714036,71926820,88,5977320,,13054088,15280492,14850428,12975788,,18277608,15693884,14609136,18133408,,19274836,17295376,16142412,19214196,,12,52,12,12,,1179740,1793652,1726388,1277540
2438,1,659,658,1,0,0,56209676,66692124,71908712,88,5979492,,13016848,15315348,14904520,12972960,,18296588,15665064,14569156,18161316,,19296164,17267400,16102832,19242316,,12,52,12,12,,1180212,1794500,1727064,1277716
2442,1,660,659,1,0,0,56354352,66483144,71703808,88,5981504,,13059140,15395788,14924712,12974712,,18254116,15565388,14526012,18137628,,19254108,17170484,16060484,19218732,,12,52,12,12,,1180536,1795540,1727592,1277836
2447,1,661,660,1,0,0,56470584,66377172,71637300,88,6018680,,13104248,15426108,14872216,13068012,,18198740,15542880,14587372,18048180,,19198932,17148908,16122460,19167000,,12,52,12,12,,1180780,1796340,1728208,1313352
2452,1,662,661,1,0,0,56483200,66347852,71611088,88,6020332,,13114336,15436048,14869876,13062940,,18185352,15543088,14567356,18052056,,19185752,17149544,16103072,19172720,,12,52,12,12,,1180984,1796784,1728828,1313736
2457,1,663,662,1,0,0,56535556,66341440,71608544,88,6022204,,13104228,15398420,14913068,13119840,,18211524,15568384,14556548,18004984,,19212168,17175552,16095008,19125816,,12,52,12,12,,1181208,1797484,1729624,1313888
2462,1,664,663,1,0,0,56585068,66262612,71533344,88,6024100,,13116104,15418536,14917264,13133164,,18195804,15540404,14557956,17968448,,19196664,17150028,16097112,19089540,,12,52,12,12,,1181436,1798204,1730348,1314112
2467,1,665,664,1,0,0,56640488,66200268,71473040,88,6025844,,13122344,15445684,14967972,13104488,,18180640,15529816,14497756,17992056,,19181960,17140192,16037580,19113308,,12,52,12,12,,1181624,1798908,1731060,1314252
2472,1,666,665,1,0,0,56776212,66042916,71321532,88,6028116,,13147976,15535440,14961540,13131256,,18155444,15414552,14496148,17976772,,19158768,17027708,16036820,19098236,,12,52,12,12,,1182028,1799780,1731876,1314432
2477,1,667,666,1,0,0,56885876,65962380,71245132,88,6030424,,13173644,15562708,14981660,13167864,,18143656,15407608,14468964,17942152,,19147260,17021844,16012220,19063808,,12,52,12,12,,1182268,1800808,1732748,1314600
2482,1,668,667,1,0,0,56954016,65878100,71164552,88,6032140,,13177060,15592308,15015208,13169440,,18136872,15380104,14443416,17917708,,19140716,16994796,15987348,19041692,,12,52,12,12,,1182516,1801260,1733308,1315056
2487,0,669,668,0,1,0,57038256,65790836,71080512,88,6033612,,13186880,15591136,15057888,13202352,,18133548,15374904,14377408,17904976,,19137648,16989880,15923868,19029116,,12,52,12,12,,1182724,1801532,1734144,1315212
2491,1,670,669,1,0,0,57152900,65650628,70947716,88,6039744,,13237292,15592156,15073708,13249744,,18054076,15371984,14370976,17853592,,19059852,16987736,15922144,18977984,,12,52,12,12,,1183324,1802280,1738724,1315416
2496,0,671,670,1,0,0,57101604,65707864,71007676,88,6040956,,13205512,15600444,15097308,13198340,,18086180,15364544,14347928,17909212,,19093580,16980712,15899672,19033712,,12,52,12,12,,1183496,1802672,1739288,1315500
2500,1,672,671,1,0,0,57210220,65580168,70885372,88,6043504,,13271880,15636148,15109648,13192544,,18018512,15316896,14325728,17919032,,19027372,16936200,15878128,19043672,,12,52,12,12,,1183844,1804100,1739924,1315636
2505,0,673,672,1,0,0,57347984,65471112,70779976,88,6045344,,13327396,15669536,15129848,13221204,,17992152,15278844,14321336,17878780,,19001232,16898776,15874284,19005684,,12,52,12,12,,1184088,1804688,1740484,1316084
2510,1,674,673,1,0,0,57366704,65424236,70737468,88,6047640,,13304332,15667792,15138744,13255836,,17994472,15281564,14292600,17855600,,19003808,16902272,15848688,18982700,,12,52,12,12,,1184316,1805428,1741648,1316248
2514,1,675,674,0,1,0,57425092,65391540,70708332,88,6049292,,13309132,15680464,15140476,13295020,,18003184,15276864,14305964,17805528,,19012756,16900112,15862716,18932748,,12,52,12,12,,1184528,1806136,1742268,1316360
2519,1,676,675,1,0,0,57460248,65287664,70607760,88,6051184,,13357244,15675188,15158192,13269624,,17924628,15270516,14271812,17820708,,18936168,16894584,15828916,18948092,,12,52,12,12,,1185220,1806848,1742604,1316512
2523,1,677,676,0,1,0,57511240,65253900,70578156,88,6052824,,13346716,15691428,15199324,13273772,,17945044,15256240,14234212,17818404,,18957248,16880604,15792248,18948056,,12,52,12,12,,1185176,1807188,1743536,1316924
2528,0,678,677,1,0,0,57668524,65092428,70420164,88,6054640,,13373884,15742368,15272912,13279360,,17932044,15206244,14145344,17808796,,18944512,16831392,15705796,18938464,,12,52,12,12,,1185404,1807980,1744140,1317116
2532,1,679,678,0,1,0,57783152,64976820,70308224,88,6056532,,13371384,15811540,15305952,13294276,,17926920,15124704,14128576,17796620,,18939624,16750376,15691784,18926440,,12,52,12,12,,1185648,1808500,1745136,1317248
2537,1,680,679,1,0,0,57915564,64842556,70178188,88,6058944,,13413652,15855944,15305084,13340884,,17865280,15091524,14131524,17754228,,18880232,16718252,15695508,18884196,,12,52,12,12,,1186184,1809568,1745796,1317396
2542,0,681,680,1,0,0,57876052,64864244,70203520,88,6060576,,13410592,15800892,15266800,13397768,,17864788,15149532,14151536,17698388,,18880000,16776656,15716164,18830700,,12,52,12,12,,1186360,1809964,1746396,1317856
2546,0,682,681,1,0,0,58001044,64785248,70130068,88,6064220,,13435104,15795744,15333416,13436780,,17863904,15162460,14113776,17645108,,18879368,16789976,15681092,18779632,,12,52,12,12,,1186580,1810324,1749076,1318240
2550,1,683,682,1,0,0,58103324,64627216,69975436,88,6065888,,13453556,15815456,15369124,13465188,,17841048,15111884,14058972,17615312,,18856700,16741980,15626744,18750012,,12,52,12,12,,1186764,1811180,1749548,1318396
2555,1,684,683,1,0,0,58111928,64598412,69948412,88,6067572,,13446528,15812960,15429244,13423196,,17838680,15111144,13995072,17653516,,18854580,16741772,15563652,18788408,,12,52,12,12,,1186988,1811704,1750280,1318600
2560,1,685,684,0,1,0,58277052,64452676,69808852,88,6070100,,13446404,15870184,15521052,13439412,,17835432,15056556,13909776,17650912,,18851640,16690376,15480836,18786000,,12,52,12,12,,1187232,1813004,1751096,1318768
2565,1,686,685,1,0,0,58440132,64254216,69613932,88,6071740,,13465636,15942184,15554056,13478256,,17831736,14974092,13848256,17600132,,18848204,16608504,15419848,18737376,,12,52,12,12,,1187472,1813552,1751584,1319132
2569,1,687,686,1,0,0,58601632,64113384,69476356,88,6073852,,13475000,15959548,15638616,13528468,,17805416,14965608,13785912,17556448,,18823352,16600812,15358372,18693820,,12,52,12,12,,1187788,1814340,1752440,1319284
2573,1,688,687,0,1,0,58684468,64020908,69388252,88,6075684,,13478732,15972860,15687568,13545308,,17814872,14948240,13727260,17530536,,18833768,16583892,15302488,18668104,,12,52,12,12,,1188180,1814772,1753316,1319416
2578,1,689,688,0,1,0,58743928,63971376,69345972,88,6081368,,13526996,15955372,15692380,13569180,,17770664,14961308,13718576,17520828,,18789744,16599464,15298172,18658592,,12,52,12,12,,1188380,1815704,1757700,1319584
2583,1,690,689,1,0,0,58837824,63841244,69220180,88,6083484,,13572596,15975844,15736204,13553180,,17720052,14953736,13670812,17496644,,18739352,16592732,15253436,18634660,,12,52,12,12,,1188608,1816128,1758972,1319776
2588,1,691,690,1,0,0,58841772,63847864,69230900,88,6085580,,13531824,15988996,15775340,13545612,,17738708,14944116,13652888,17512152,,18760476,16583800,15236364,18650260,,12,52,12,12,,1189212,1816792,1759704,1319872
2593,1,692,691,1,0,0,58997952,63699372,69084788,88,6087500,,13555884,16072436,15812488,13557144,,17726496,14848284,13610140,17514452,,18748552,16489336,15194164,18652736,,12,52,12,12,,1189372,1817820,1760232,1320076
2598,1,693,692,1,0,0,59096988,63633156,69024208,88,6089584,,13594624,16106032,15796740,13599592,,17696308,14829520,13629464,17477864,,18718664,16473064,15214076,18618404,,12,52,12,12,,1189604,1818676,1760824,1320480
2603,1,694,693,0,1,0,59203228,63519028,68913076,88,6092536,,13600700,16146036,15807544,13648948,,17681036,14790576,13624696,17422720,,18705144,16434540,15209988,18563404,,12,52,12,12,,1191336,1819068,1761484,1320648
2607,1,695,694,0,1,0,59257228,63426884,68826828,88,6094708,,13667420,16136120,15801416,13652272,,17602284,14784364,13620564,17419672,,18630840,16429092,15206400,18560496,,12,52,12,12,,1192124,1819772,1762004,1320808
2612,1,696,695,1,0,0,59320004,63332704,68735908,88,6096292,,13680324,16152128,15828112,13659440,,17571884,14768156,13578688,17413976,,18600700,16415068,15165108,18555032,,12,52,12,12,,1192300,1820488,1762532,1320972
2616,1,697,696,1,0,0,59377596,63290868,68700240,88,6102036,,13713008,16175484,15870980,13618124,,17569544,14738748,13532044,17450532,,18598536,16390492,15119212,18592000,,12,52,12,12,,1192472,1825072,1763216,1321276
2621,1,698,696,1,1,0,59454432,63202052,68617580,88,6104564,,13722876,16210892,15863404,13657260,,17553904,14704016,13534844,17409288,,18583192,16356660,15122800,18554928,,12,52,12,12,,1192752,1825924,1764024,1321864
2626,1,699,698,1,0,0,59548104,63102064,68520836,88,6105992,,13740512,16275932,15836444,13695216,,17539952,14653176,13537248,17371688,,18569396,16306452,15127516,18517472,,12,52,12,12,,1192912,1826548,1764516,1322016
2631,1,700,699,1,0,0,59528684,63150948,68573252,88,6108516,,13749584,16236220,15786140,13756740,,17529132,14679488,13624276,17318052,,18560080,16333572,15215576,18464024,,12,52,12,12,,1193496,1827312,1765520,1322188
2636,1,701,700,1,0,0,59586480,63065792,68492480,88,6110240,,13785144,16222272,15817180,13761884,,17485916,14693792,13586396,17299688,,18517872,16348368,15180424,18445816,,12,52,12,12,,1193692,1827788,1766424,1322336
2641,0,702,701,1,0,0,59680876,62962280,68392820,88,6112244,,13813484,16239824,15852760,13774808,,17448992,14670612,13548904,17293772,,18481232,16327832,15143692,18440064,,12,52,12,12,,1193940,1828668,1767132,1322504
2645,1,703,702,1,0,0,59729364,62901388,68335684,88,6114100,,13790796,16263652,15884756,13790160,,17457112,14648184,13523572,17272520,,18489552,16305964,15119092,18421076,,12,52,12,12,,1194168,1829264,1767788,1322880
2650,1,704,703,1,0,0,59842472,62809496,68245468,88,6115560,,13804132,16317876,15920072,13800392,,17469580,14601528,13473120,17265268,,18502540,16259800,15069136,18413992,,12,52,12,12,,1194492,1829716,1768320,1323032
2655,1,705,703,2,0,0,59972488,62631272,68073316,88,6118164,,13831932,16329796,15999060,13811700,,17426584,14582292,13383900,17238496,,18461424,16241620,14982812,18387460,,12,52,12,12,,1194904,1830836,1769172,1323252
2660,1,706,705,1,0,0,59938388,62687208,68137512,88,6124708,,13842588,16299084,15917816,13878900,,17416940,14602488,13491972,17175808,,18452116,16262608,15091544,18331244,,12,52,12,12,,1195184,1831568,1770180,1327776
2665,1,707,706,1,0,0,59996476,62607972,68060048,88,6126444,,13873476,16322568,15933144,13867288,,17391684,14582772,13454596,17178920,,18427204,16243468,15054860,18334516,,12,52,12,12,,1195468,1832148,1770872,1327956
2670,1,708,706,2,0,0,60113820,62496056,67953692,88,6128420,,13894328,16349308,15955380,13914804,,17365708,14552264,13440648,17137436,,18401524,16217496,15041392,18293280,,12,52,12,12,,1195720,1833176,1771332,1328192
2675,1,709,708,1,0,0,60126396,62467476,67937796,88,6138904,,13894496,16369072,15972132,13890696,,17361528,14532016,13419916,17154016,,18399924,16198108,15029648,18310116,,12,52,12,12,,1196192,1834000,1780276,1328436
2680,1,710,709,1,0,0,60198480,62382220,67856412,88,6141132,,13921240,16412324,15973060,13891856,,17330504,14474204,13414464,17163048,,18369144,16143044,15024860,18319364,,12,52,12,12,,1196484,1835064,1780944,1328640
2685,1,711,710,0,1,0,60299376,62271964,67749752,88,6142904,,13951612,16442748,15972916,13932100,,17308016,14445416,13414148,17104384,,18346904,16115048,15024928,18262872,,12,52,12,12,,1196768,1835752,1781344,1329040
2690,0,712,711,1,0,0,60454560,62147860,67629624,88,6145140,,13980224,16517344,15994016,13962976,,17280996,14376704,13391948,17098212,,18320044,16046992,15005696,18256892,,12,52,12,12,,1196976,1836404,1782548,1329212
2694,1,713,712,1,0,0,60518120,62043684,67529292,88,6146840,,13937516,16565448,15969208,14045948,,17294764,14330688,13413784,17004448,,18334088,16001464,15028196,18165544,,12,52,12,12,,1197236,1836864,1783156,1329584
2699,1,714,713,1,0,0,60505008,62073024,67562400,88,6148540,,13955112,16518512,16006680,14024704,,17301532,14386648,13364864,17019980,,18341076,16058104,14982012,18181208,,12,52,12,12,,1197440,1837548,1783832,1329720
2703,1,715,714,0,1,0,60539484,62027032,67520056,88,6150476,,13957576,16533044,16035300,14013564,,17291324,14366700,13339520,17029488,,18332940,16038592,14957628,18190896,,12,52,12,12,,1197836,1837976,1784804,1329860
2708,1,716,715,1,0,0,60628176,61923128,67420120,88,6152412,,13936876,16551848,16113404,14026048,,17306464,14339980,13260376,17016308,,18348596,16012528,14881032,18177964,,12,52,12,12,,1198076,1838628,1785620,1330088
2713,1,717,716,1,0,0,60754260,61788684,67289704,88,6154564,,13987728,16610232,16122816,14033484,,17264960,14251932,13259964,17011828,,18307364,15927352,14881392,18173596,,12,52,12,12,,1198344,1839772,1786192,1330256
2718,0,718,717,1,0,0,60863256,61716116,67220856,88,6156620,,14006148,16617592,16166796,14072720,,17248780,14272752,13222608,16971976,,18291524,15948940,14844672,18135720,,12,52,12,12,,1198696,1840480,1786828,1330616
2722,1,719,718,1,0,0,60851244,61668976,67177524,88,6158420,,14000448,16667184,16122560,14061052,,17240504,14211424,13250960,16966088,,18283508,15890288,14873692,18130036,,12,52,12,12,,1198936,1841188,1787480,1330816
2727,1,720,719,1,0,0,60876748,61645396,67157988,88,6160280,,14012200,16639956,16137168,14087424,,17235248,14239196,13228208,16942744,,18278484,15918864,14853752,18106888,,12,52,12,12,,1199152,1841852,1788288,1330988
2731,1,721,720,1,0,0,61054568,61498640,67014464,88,6162228,,14054708,16684976,16181556,14133328,,17185476,14204660,13193908,16914596,,18230840,15884692,14819932,18079000,,12,52,12,12,,1199944,1842304,1788836,1331144
2736,1,722,721,1,0,0,61034644,61495976,67019816,88,6167948,,14017820,16711304,16221168,14084352,,17235748,14160068,13135708,16964452,,18281656,15840728,14766456,18130976,,12,52,12,12,,1199900,1842916,1793560,1331572
2741,1,723,722,0,1,0,61145204,61369312,66895196,88,6169944,,14053736,16738276,16246612,14106580,,17201300,14122072,13122148,16923792,,18247460,15803656,14753568,18090512,,12,52,12,12,,1200144,1843816,1794248,1331736
2746,1,724,722,1,1,0,61199504,61299624,66831304,88,6172040,,14112684,16738884,16203424,14144512,,17112696,14137984,13152544,16896400,,18160968,15820248,14784404,18065684,,12,52,12,12,,1200632,1844520,1794724,1332164
2751,0,725,724,1,0,0,61267216,61250976,66786192,88,6174596,,14126556,16766112,16176532,14198016,,17101820,14115568,13186512,16847076,,18151836,15798636,14819432,18016288,,12,52,12,12,,1201312,1845292,1795744,1332248
2755,1,726,725,1,0,0,61246372,61234912,66774160,88,6175996,,14158624,16774996,16108840,14203912,,17066592,14100580,13238384,16829356,,18117352,15786120,14871936,17998752,,12,52,12,12,,1201268,1845908,1796388,1332432
2759,1,727,726,0,1,0,61352600,61142668,66685536,88,6177672,,14214092,16772840,16148540,14217128,,17029856,14090620,13209332,16812860,,18080916,15776772,14845392,17982456,,12,52,12,12,,1201564,1846528,1796960,1332620
2764,1,728,727,0,1,0,61411144,61082012,66628672,88,6179856,,14211212,16788236,16175956,14235740,,17020804,14075952,13180272,16804984,,18073848,15762668,14817392,17974764,,12,52,12,12,,1202040,1847132,1797932,1332752
2769,1,729,728,1,0,0,61478128,61002688,66553112,88,6181640,,14212660,16809420,16205392,14250656,,17023812,14053048,13135964,16789864,,18077472,15740352,14775508,17959780,,12,52,12,12,,1202252,1847688,1798824,1332876
2774,1,730,729,1,0,0,61578108,60875760,66430456,88,6183860,,14253716,16817288,16250280,14256824,,16981780,14012204,13102352,16779424,,18035776,15702692,14742540,17949448,,12,52,12,12,,1202556,1848900,1799412,1332992
2779,1,731,730,1,0,0,61639328,60843416,66402420,88,6186408,,14268148,16873568,16210260,14287352,,16941604,14009320,13140152,16752340,,17997840,15700732,14781248,17922600,,12,52,12,12,,1203260,1849664,1800264,1333220
2784,0,732,731,1,0,0,61753120,60735528,66298212,88,6187944,,14284360,16905868,16250432,14312460,,16944672,13968076,13096596,16726184,,18001080,15659884,14740652,17896596,,12,52,12,12,,1203192,1850104,1801276,1333372
2788,1,733,732,1,0,0,61813328,60650844,66217384,88,6189724,,14342228,16897064,16262736,14311300,,16886812,13955552,13096168,16712312,,17943500,15650328,14740688,17882868,,12,52,12,12,,1203428,1851092,1801688,1333516
2793,1,734,733,1,0,0,61795252,60666296,66240780,88,6195828,,14329228,16884356,16293408,14288260,,16883092,13972704,13054164,16756336,,17940064,15667972,14703624,17929120,,12,52,12,12,,1203724,1851596,1806608,1333900
2799,1,735,734,1,0,0,61761068,60675296,66253468,88,6198024,,14353396,16783596,16339556,14284520,,16874304,14066864,12998708,16735420,,17933224,15762988,14648812,17908444,,12,52,12,12,,1204160,1852468,1807292,1334104
2804,1,736,735,1,0,0,61879344,60574488,66157212,88,6200224,,14371984,16846784,16353512,14307064,,16860444,14003404,12980248,16730392,,17920136,15702596,14630892,17903588,,12,52,12,12,,1204516,1853684,1807764,1334260
2809,1,737,736,0,1,0,61894996,60540704,66127944,88,6202724,,14384212,16839540,16328736,14342508,,16827888,14006576,13024920,16681320,,17887836,15706668,14676512,17856928,,12,52,12,12,,1204780,1854548,1808716,1334680
2814,1,738,737,1,0,0,62072088,60351764,65942868,88,6205064,,14412676,16875736,16399596,14384080,,16813944,13966552,12924360,16646908,,17874156,15667248,14578756,17822708,,12,52,12,12,,1205040,1855140,1810048,1334836
2819,1,739,738,1,0,0,62133296,60302764,65897452,88,6206604,,14441668,16848992,16402900,14439736,,16787328,14005672,12928736,16581028,,17847836,15707004,14583596,17759016,,12,52,12,12,,1205304,1855776,1810228,1335296
2824,1,740,739,1,0,0,62193140,60203636,65802368,88,6209048,,14404536,16869968,16494740,14423896,,16811848,13971048,12831996,16588744,,17872644,15674872,14487956,17766896,,12,52,12,12,,1205604,1856624,1811348,1335472
2830,0,741,740,1,0,0,62403872,59973388,65575704,88,6210820,,14406728,17005668,16558792,14432684,,16817988,13814228,12766532,16574640,,17879072,15520600,14423060,17752972,,12,52,12,12,,1205824,1857456,1811904,1335636
2835,0,742,741,1,0,0,62545420,59832928,65438600,88,6212876,,14444100,17081024,16550832,14469464,,16775852,13755976,12759440,16541660,,17838464,15463380,14416516,17720240,,12,52,12,12,,1206156,1858420,1812436,1335864
2840,1,743,742,1,0,0,62598196,59787052,65397944,88,6215388,,14467988,17086376,16523436,14520396,,16732432,13747328,12810148,16497144,,17796224,15455516,14468204,17678000,,12,52,12,12,,1206556,1859124,1813428,1336280
2844,1,744,743,0,1,0,62613340,59774380,65390236,88,6218636,,14475968,17089820,16532836,14514716,,16737292,13758160,12789952,16488976,,17801316,15466860,14452044,17670016,,12,52,12,12,,1206768,1859660,1815744,1336464
2849,1,745,744,0,1,0,62677052,59697156,65316712,88,6220428,,14492696,17062836,16568700,14552820,,16728628,13764328,12751040,16453160,,17792912,15473644,14415820,17634336,,12,52,12,12,,1207044,1860280,1816532,1336572
2854,1,746,745,1,0,0,62767092,59612784,65244200,88,6230500,,14560504,17077440,16592488,14536660,,16659280,13754156,12724256,16475092,,17725888,15464016,14397904,17656392,,12,52,12,12,,1207640,1860840,1825328,1336692
2859,1,747,746,0,1,0,62797304,59580636,65216036,88,6232672,,14534096,17089112,16622352,14551744,,16691584,13734708,12692964,16461380,,17758456,15445372,14367268,17644940,,12,52,12,12,,1207892,1861592,1825980,1337208
2864,1,748,747,1,0,0,62896396,59451492,65090848,88,6234936,,14562312,17103928,16653528,14576628,,16663288,13714072,12644116,16430016,,17730420,15425712,14320960,17613756,,12,52,12,12,,1208172,1862564,1826824,1337376
2869,1,749,748,1,0,0,63015608,59356428,65000228,88,6237388,,14607580,17127932,16668356,14611740,,16607708,13690952,12642224,16415544,,17675116,15405592,14320056,17599464,,12,52,12,12,,1208456,1863612,1827776,1337544
2875,0,750,749,1,0,0,62994304,59353960,65001248,88,6239056,,14570224,17123184,16630772,14670124,,16621972,13705648,12670840,16355500,,17689584,15422820,14349260,17539584,,12,52,12,12,,1208652,1864312,1828380,1337712
2879,1,751,750,0,1,0,63046012,59301696,64953008,88,6240952,,14599600,17130556,16676796,14639060,,16619932,13699596,12621412,16360756,,17687836,15417688,14300348,17547136,,12,52,12,12,,1208892,1865052,1828812,1338196
2884,1,752,751,1,0,0,63110440,59256344,64911036,88,6242892,,14586888,17163764,16712840,14646948,,16609736,13665672,12605176,16375760,,17679412,15384144,14285104,17562376,,12,52,12,12,,1209300,1865436,1829796,1338360
2889,1,753,752,1,0,0,63165864,59172296,64831516,88,6245084,,14600292,17162648,16760836,14642088,,16596652,13668856,12536056,16370732,,17669228,15388040,14216668,17557580,,12,52,12,12,,1209952,1866092,1830496,1338544
2894,1,754,753,1,0,0,63171232,59153944,64817448,88,6247252,,14620392,17163280,16730040,14657520,,16577720,13660452,12563396,16352376,,17650624,15380608,14244564,17541652,,12,52,12,12,,1210200,1867088,1831016,1338948
2899,1,755,754,1,0,0,63308276,59016672,64684456,88,6249648,,14683468,17180256,16734032,14710520,,16516264,13646620,12564932,16288856,,17589500,15367528,14249080,17478348,,12,52,12,12,,1210484,1867836,1832212,1339116
2904,1,756,755,1,0,0,63495692,58833356,64505248,88,6251652,,14691808,17219224,16801136,14783524,,16500596,13617708,12485360,16229692,,17574232,15339116,14172480,17419420,,12,52,12,12,,1210852,1868296,1833180,1339324
2909,1,757,756,1,0,0,63496072,58785788,64460596,88,6253348,,14724920,17195484,16831240,14744428,,16474212,13622916,12461376,16227284,,17548148,15346504,14148780,17417164,,12,52,12,12,,1211084,1869296,1833492,1339476
2913,1,758,757,0,1,0,63581892,58716564,64399644,88,6259208,,14773216,17189436,16867936,14751304,,16431324,13623800,12406536,16254904,,17507544,15348276,14098820,17445004,,12,52,12,12,,1211492,1869712,1838356,1339648
2918,1,759,758,0,1,0,63686788,58585264,64272288,88,6261036,,14773880,17230088,16929276,14753544,,16419856,13579960,12339848,16245600,,17496580,15305360,14032432,17437916,,12,52,12,12,,1211780,1870576,1838656,1340024
2922,1,760,759,1,0,0,63783148,58515288,64206576,88,6263188,,14743808,17301452,16960504,14777384,,16455916,13521788,12318724,16218860,,17532808,15247756,14014548,17411464,,12,52,12,12,,1211968,1871132,1839804,1340284
2927,1,761,760,1,0,0,63941260,58341108,64038424,88,6267652,,14793244,17349008,16980264,14818744,,16415308,13460156,12286992,16178652,,17492328,15191172,13983432,17371492,,12,52,12,12,,1212196,1874524,1840428,1340504
2933,0,762,761,0,1,0,64032580,58208636,63909308,88,6269560,,14799116,17375280,17014264,14843920,,16388168,13422028,12257956,16140484,,17467112,15153592,13955128,17333476,,12,52,12,12,,1212720,1875020,1841184,1340636
2937,1,763,762,1,0,0,64017672,58264516,63968868,88,6271136,,14827808,17327604,17028112,14834148,,16374584,13495232,12248764,16145936,,17454072,15227196,13946508,17341092,,12,52,12,12,,1212984,1875344,1841756,1341052
2942,1,764,763,1,0,0,64137616,58130384,63838640,88,6273228,,14871404,17325420,17090524,14850268,,16331956,13472312,12192112,16134004,,17411596,15205084,13892568,17329392,,12,52,12,12,,1213128,1876120,1842768,1341212
2947,0,765,764,1,0,0,64132904,58096464,63808208,88,6275004,,14833668,17347448,17114900,14836888,,16352872,13457120,12150020,16136452,,17432708,15192236,13851216,17332048,,12,52,12,12,,1213328,1876804,1843452,1341420
2952,1,766,765,1,0,0,64181336,58047008,63763076,88,6277376,,14817720,17383164,17137712,14842740,,16364324,13423852,12130548,16128284,,17444428,15159880,13834640,17324128,,12,52,12,12,,1213592,1877644,1844564,1341576
2956,1,767,766,0,1,0,64241880,57993136,63712136,88,6278952,,14876736,17371504,17140692,14852948,,16316628,13415112,12137604,16123792,,17398408,15151876,13842044,17319808,,12,52,12,12,,1213948,1878388,1844872,1341744
2961,0,768,767,1,0,0,64405780,57836912,63560304,88,6281260,,14931536,17383248,17166760,14924236,,16251416,13405476,12113572,16066448,,17333956,15142856,13818960,17264532,,12,52,12,12,,1214268,1879032,1845792,1342168
2965,1,769,768,1,0,0,64490044,57755684,63483072,88,6283160,,14909500,17404416,17194008,14982120,,16276988,13395844,12074540,16008312,,17359784,15136120,13780592,17206576,,12,52,12,12,,1214488,1879876,1846444,1342352
2970,1,770,769,0,1,0,64598152,57613380,63342580,88,6284808,,14918696,17473076,17224704,14981676,,16269388,13310908,12037344,15995740,,17352668,15051796,13743904,17194212,,12,52,12,12,,1214820,1880532,1846912,1342544
2975,1,771,770,1,0,0,64715320,57511488,63246164,88,6287368,,14953000,17535740,17268444,14958136,,16224600,13255956,11992144,16038788,,17311736,14997412,13699536,17237480,,12,52,12,12,,1215716,1881152,1847740,1342760
2980,1,772,771,1,0,0,64735240,57458944,63199824,88,6291388,,15009068,17522720,17264340,14939112,,16142524,13278364,12002240,16035816,,17232144,15020556,13710356,17236768,,12,52,12,12,,1216072,1881852,1848468,1344996
2986,1,773,772,1,0,0,64925616,57280348,63025592,88,6293736,,15091292,17580600,17305928,14947796,,16089212,13206612,11957596,16026928,,17179440,14951952,13666144,17228056,,12,52,12,12,,1216412,1883272,1848892,1345160
2991,0,774,773,1,0,0,64906680,57279448,63028960,88,6296164,,15092784,17591036,17222584,15000276,,16060436,13191316,12036608,15991088,,17150908,14937572,13746132,17194348,,12,52,12,12,,1216660,1884104,1849848,1345552
2995,1,775,774,1,0,0,64959348,57244212,62997596,88,6298072,,15130916,17575264,17231756,15021412,,16051768,13198728,12033064,15960652,,17142560,14945460,13743396,17166180,,12,52,12,12,,1216956,1884528,1850644,1345944
3000,1,776,775,1,0,0,65003036,57192468,62949772,88,6300156,,15108808,17604952,17244416,15044860,,16057276,13190152,12009284,15935756,,17148336,14937512,13720404,17143520,,12,52,12,12,,1217216,1885156,1851432,1346352
3006,1,777,776,1,0,0,65103520,57082656,62843856,88,6302184,,15112020,17641084,17282676,15067740,,16058800,13151028,11969208,15903620,,17150184,14898920,13683208,17111544,,12,52,12,12,,1217532,1885708,1852420,1346524
3011,1,778,777,1,0,0,65264924,56869792,62635556,88,6304640,,15112360,17676412,17358548,15117604,,16049356,13093932,11888328,15838176,,17140952,14842732,13603172,17048700,,12,52,12,12,,1217756,1886584,1853332,1346968
3017,1,779,778,0,1,0,65391632,56801112,62570320,88,6306740,,15168036,17744708,17335772,15143116,,16002284,13053904,11917308,15827616,,17095584,14803548,13632824,17038364,,12,52,12,12,,1218416,1887424,1853728,1347172
3022,1,780,779,1,0,0,65390300,56802536,62577068,88,6309368,,15138104,17702116,17344480,15205600,,16033216,13092836,11914748,15761736,,17127752,14845476,13631140,16972700,,12,52,12,12,,1218612,1888500,1854888,1347368
3027,1,781,780,0,1,0,65523700,56646756,62424856,88,6311108,,15180228,17752900,17379784,15210788,,15986276,13020920,11871960,15767600,,17081108,14774016,13590972,16978760,,12,52,12,12,,1218844,1888908,1855800,1347556
3032,1,782,781,0,1,0,65597048,56542684,62324524,88,6313092,,15175580,17764500,17427448,15229520,,15972572,13020376,11817812,15731924,,17067656,14774312,13537308,16945248,,12,52,12,12,,1219096,1889720,1856304,1347972
3037,1,783,782,1,0,0,65607980,56539700,62325996,88,6315456,,15181988,17798572,17401672,15225748,,15992780,12983840,11838144,15724936,,17088164,14740976,13558420,16938436,,12,52,12,12,,1219360,1890860,1857088,1348148
3042,1,784,783,1,0,0,65720200,56431940,62221964,88,6317688,,15183396,17868752,17426368,15241684,,15978248,12888984,11847076,15717632,,17073872,14648532,13568192,16931368,,12,52,12,12,,1219624,1891752,1857924,1348388
3047,1,785,784,1,0,0,65800516,56343480,62137912,88,6320388,,15228716,17874484,17422972,15274344,,15928204,12899344,11826076,15689856,,17025960,14660236,13547808,16903908,,12,52,12,12,,1220092,1893036,1858552,1348708
3052,1,786,785,1,0,0,65828944,56322536,62121004,88,6322352,,15223088,17850296,17446532,15309028,,15935112,12930020,11803840,15653564,,17033164,14691396,13528628,16867816,,12,52,12,12,,1220420,1893540,1859488,1348904
3057,1,787,786,1,0,0,65960496,56150096,61951748,88,6324220,,15282828,17877776,17489080,15310812,,15864960,12881432,11753924,15649780,,16964752,14643528,13479316,16864152,,12,52,12,12,,1220844,1894204,1860148,1349024
3063,1,788,787,0,1,0,65996892,56104040,61909888,88,6326208,,15265932,17895816,17540456,15294688,,15878012,12877980,11706156,15641892,,16978620,14640520,13434424,16856324,,12,52,12,12,,1221160,1894664,1861160,1349224
3068,0,789,788,0,1,0,66010008,56083176,61892984,88,6328288,,15271944,17914968,17559236,15263860,,15881504,12848896,11665716,15687060,,16982456,14612156,13396672,16901700,,12,52,12,12,,1221408,1895372,1862100,1349408
3072,1,790,789,1,0,0,66128920,55958444,61772316,88,6330460,,15301272,17967188,17582024,15278436,,15848380,12774340,11641464,15694260,,16949612,14540240,13373364,16909100,,12,52,12,12,,1221680,1896252,1862936,1349592
3077,1,791,790,1,0,0,66176416,55929900,61748200,88,6332832,,15346660,17962360,17561572,15305824,,15793404,12802328,11667860,15666308,,16897132,14569460,13400324,16881284,,12,52,12,12,,1222132,1897424,1863544,1349732
3082,1,792,791,1,0,0,66340248,55754164,61576084,88,6334688,,15352820,18060068,17580164,15347196,,15801244,12682876,11644444,15625600,,16905276,14452448,13377620,16840740,,12,52,12,12,,1222456,1898108,1864256,1349868
3087,1,793,792,1,0,0,66368172,55736180,61561884,88,6336480,,15401260,18044572,17587416,15334924,,15756784,12709616,11638020,15631760,,16861064,14479732,13371864,16849224,,12,52,12,12,,1222688,1898536,1864892,1350364
3092,1,794,793,1,0,0,66379196,55709260,61538812,88,6338448,,15370748,18051604,17634408,15322436,,15780408,12704704,11597252,15626896,,16884844,14475628,13333768,16844572,,12,52,12,12,,1222912,1899312,1865640,1350584
3097,1,795,794,1,0,0,66482004,55615644,61453584,88,6344988,,15379180,18057540,17715468,15329816,,15791676,12699364,11502768,15621836,,16896408,14471240,13244168,16841768,,12,52,12,12,,1223200,1900268,1870508,1351012
3102,1,796,795,1,0,0,66581616,55450980,61293060,88,6347284,,15381728,18125996,17734576,15339316,,15764580,12616816,11462000,15607584,,16869608,14391428,13204324,16827700,,12,52,12,12,,1223500,1901124,1871452,1351208
3107,1,797,796,0,1,0,66824444,55286964,61132908,88,6349284,,15410216,18125316,17896324,15392588,,15758964,12629276,11339480,15559244,,16864228,14405020,13082112,16781548,,12,52,12,12,,1223736,1902208,1871728,1351612
3112,1,798,797,1,0,0,66788916,55259732,61107628,88,6351232,,15396660,18140616,17856832,15394808,,15742532,12605428,11362504,15549268,,16848144,14381576,13106180,16771728,,12,52,12,12,,1224108,1902636,1872748,1351740
3117,1,799,798,1,0,0,66892944,55146652,61000280,88,6353444,,15440660,18143804,17859752,15448728,,15700060,12594220,11348232,15504140,,16810052,14370916,13092492,16726820,,12,52,12,12,,1225016,1903144,1873352,1351932
3122,1,800,799,1,0,0,66991708,55054228,60912004,88,6355436,,15456308,18166896,17904268,15464236,,15683880,12576896,11308884,15484568,,16794108,14354396,13056084,16707416,,12,52,12,12,,1225040,1903936,1874404,1352056
3127,1,801,800,0,1,0,67135548,54888240,60750028,88,6357620,,15499004,18182672,18003452,15450420,,15635840,12563332,11200084,15488984,,16746312,14341484,12950152,16712080,,12,52,12,12,,1225272,1904612,1875432,1352304
3132,1,802,801,0,1,0,67229676,54786664,60653048,88,6360132,,15509676,18234828,18006716,15478456,,15626452,12514600,11186732,15458880,,16737316,14293544,12937744,16684444,,12,52,12,12,,1225664,1905364,1876344,1352760
3137,1,803,802,1,0,0,67355828,54654776,60525288,88,6362580,,15564600,18273104,17985160,15532964,,15577408,12441192,11225840,15410336,,16688552,14223220,12977476,16636040,,12,52,12,12,,1225916,1906756,1876960,1352948
3143,1,804,803,1,0,0,67355308,54697436,60571604,88,6364400,,15567624,18228420,18010012,15549252,,15554000,12531708,11204036,15407692,,16667284,14314304,12956432,16633584,,12,52,12,12,,1226364,1907272,1877640,1353124
3148,1,805,804,1,0,0,67460144,54579608,60458144,88,6366736,,15626596,18235136,18005412,15593000,,15505044,12498812,11211384,15364368,,16621060,14282196,12964408,16590480,,12,52,12,12,,1227020,1908068,1878328,1353320
3153,0,806,805,1,0,0,67621176,54402272,60284004,88,6368164,,15675300,18243800,18102396,15599680,,15465136,12482596,11099604,15354936,,16581380,14266296,12855096,16581232,,12,52,12,12,,1227180,1908400,1879092,1353492
3157,1,807,806,0,1,0,67626316,54384768,60269260,88,6370640,,15661224,18275704,18129816,15559572,,15468252,12455932,11072204,15388380,,16584780,14241148,12828508,16614824,,12,52,12,12,,1227452,1909712,1879840,1353636
3162,1,808,807,1,0,0,67688892,54313832,60203864,88,6372756,,15666328,18314688,18137516,15570360,,15466584,12414632,11057600,15375016,,16583360,14202116,12816772,16601616,,12,52,12,12,,1227716,1910236,1880952,1353852
3166,1,809,808,0,1,0,67713244,54256228,60149984,88,6374240,,15685952,18313160,18124700,15589432,,15447316,12387340,11064300,15357272,,16564300,14177880,12823780,16584024,,12,52,12,12,,1227900,1911172,1881180,1353988
3171,1,810,809,0,1,0,67770868,54190308,60088564,88,6376816,,15666236,18355180,18109272,15640180,,15452320,12359164,11088164,15290660,,16569544,14150528,12848812,16519680,,12,52,12,12,,1228144,1912020,1882236,1354416
3176,1,811,810,0,1,0,67798436,54193876,60093712,88,6378376,,15700728,18357628,18119268,15620812,,15438680,12370440,11077376,15307380,,16556280,14162252,12838592,16536588,,12,52,12,12,,1228512,1912424,1882812,1354628
3181,1,812,811,1,0,0,67956512,54006732,59912284,88,6380556,,15770908,18388732,18184416,15612456,,15345956,12323776,11011768,15325232,,16467620,14116228,12773804,16554632,,12,52,12,12,,1229080,1913076,1883600,1354800
3187,0,813,812,1,0,0,68018112,53928044,59837632,88,6382592,,15747296,18414676,18241448,15614692,,15364552,12308160,10946292,15309040,,16486692,14101228,12711060,16538652,,12,52,12,12,,1229360,1913700,1884560,1354972
3191,1,814,813,1,0,0,68104516,53884496,59859384,88,6445868,,15790740,18443052,18239008,15631716,,15333656,12289456,10951736,15309648,,16456156,14083432,12778220,16541576,,12,52,12,12,,1229696,1914632,1946060,1355480
3197,1,815,814,1,0,0,68322328,53626812,59661828,88,6504316,,15840572,18505124,18303116,15673516,,15283008,12199180,10876284,15268340,,16405680,13996092,12759628,16500428,,12,52,12,12,,1229944,1915936,2002796,1355640
3202,1,816,815,0,1,0,68463184,53500148,59539372,88,6506596,,15831448,18571012,18346516,15714208,,15281752,12148700,10837188,15232508,,16404760,13946512,12723404,16464696,,12,52,12,12,,1230248,1916764,2003816,1355768
3207,1,817,816,1,0,0,68477796,53463240,59506744,88,6509112,,15854788,18513112,18364492,15745404,,15269588,12200160,10807248,15186244,,16392980,13998748,12694400,16420616,,12,52,12,12,,1230608,1917528,2004740,1356236
3212,1,818,817,1,0,0,68483340,53419072,59468044,88,6512736,,15826896,18548308,18391884,15716252,,15268608,12161516,10794984,15193964,,16392128,13962704,12684580,16428632,,12,52,12,12,,1230836,1918232,2007184,1356484
3217,1,819,818,1,0,0,68633264,53310696,59364148,88,6515176,,15836448,18592004,18462540,15742272,,15280256,12134596,10715916,15179928,,16404112,13936820,12606252,16416964,,12,52,12,12,,1231156,1919192,2007940,1356888
3223,1,820,819,1,0,0,68657448,53273088,59331620,88,6518260,,15839468,18629128,18412488,15776364,,15274732,12090120,10759228,15149008,,16398904,13893304,12650984,16388428,,12,52,12,12,,1231476,1920140,2009336,1357308
3229,1,821,820,1,0,0,68774156,53108620,59171616,88,6520928,,15831616,18647904,18437780,15856856,,15283144,12042812,10740288,15042376,,16407536,13846888,12633028,16284164,,12,52,12,12,,1231688,1921052,2010352,1357836
3234,1,822,821,1,0,0,68790592,53087600,59154412,88,6522968,,15833252,18677492,18401336,15878512,,15281356,12020000,10772580,15013664,,16406084,13826548,12666152,16255628,,12,52,12,12,,1232032,1921812,2011080,1358044
3240,0,823,822,0,1,0,68876808,53047288,59118160,88,6525488,,15900744,18615016,18400812,15960236,,15223852,12092776,10772516,14958144,,16350764,13900168,12666868,16200360,,12,52,12,12,,1232756,1922628,2011872,1358232
3245,1,824,823,1,0,0,68902616,52980532,59055456,88,6527216,,15866360,18635256,18458520,15942480,,15241216,12077744,10687476,14974096,,16368660,13885728,12584544,16216524,,12,52,12,12,,1232796,1923216,2012780,1358424
3250,1,825,824,0,1,0,68997036,52884412,58963296,88,6529276,,15888868,18703112,18446832,15958224,,15221528,11980812,10729464,14952608,,16349320,13791344,12627356,16195276,,12,52,12,12,,1233128,1923968,2013548,1358632
3255,2,826,825,1,0,0,69180992,52738424,58822224,88,6532016,,15923684,18739204,18513460,16004644,,15194852,11960772,10668076,14914724,,16322976,13774668,12566968,16157612,,12,52,12,12,,1233400,1925376,2014392,1358848
3261,2,827,826,1,0,0,69206076,52659460,58747112,88,6534676,,15936484,18770044,18468984,16030564,,15163432,11931988,10680444,14883596,,16293072,13746836,12580532,16126672,,12,52,12,12,,1233872,1926276,2015492,1359036
3267,1,828,827,1,0,0,69269984,52595428,58688156,88,6536948,,15978712,18761844,18483812,16045616,,15141736,11921768,10681652,14850272,,16272596,13737444,12582440,16095676,,12,52,12,12,,1234244,1927020,2016196,1359488
3272,1,829,828,1,0,0,69364564,52520244,58616480,88,6538572,,16053760,18785756,18496028,16029020,,15048200,11903300,10678856,14889888,,16181300,13719416,12580204,16135560,,12,52,12,12,,1234640,1927476,2016760,1359696
3277,1,830,829,1,0,0,69385272,52475840,58581528,88,6546128,,15999604,18816636,18539788,16029244,,15117416,11872148,10600860,14885416,,16250872,13688940,12510544,16131172,,12,52,12,12,,1234928,1928148,2023236,1359816
3282,1,831,830,1,0,0,69445172,52424180,58534044,88,6548584,,16025812,18857920,18529604,16031836,,15091960,11839624,10630036,14862560,,16225688,13657316,12542576,16108464,,12,52,12,12,,1235192,1929052,2024396,1359944
3287,1,832,831,0,1,0,69521996,52323800,58437660,88,6550720,,16060208,18879204,18520608,16061976,,15039452,11804160,10626000,14854188,,16173428,13625012,12538880,16100340,,12,52,12,12,,1235436,1930408,2024696,1360180
3292,1,833,832,1,0,0,69594912,52251776,58370160,88,6553164,,16016824,18926340,18546188,16105560,,15092056,11766308,10596156,14797256,,16226308,13587812,12512372,16043668,,12,52,12,12,,1235704,1931004,2026048,1360408
3297,1,834,833,1,0,0,69601816,52206740,58328744,88,6555360,,16073656,18879820,18565440,16082900,,15017432,11811304,10579804,14798200,,16153720,13633612,12496652,16044760,,12,52,12,12,,1236320,1931808,2026676,1360556
3302,1,835,834,1,0,0,69716372,52125572,58251540,88,6557036,,16125004,18903172,18607788,16080408,,14981468,11783980,10533060,14827064,,16118276,13606676,12450656,16075932,,12,52,12,12,,1236492,1932184,2027408,1360952
3307,1,836,835,1,0,0,69760952,52072980,58202520,88,6558836,,16135220,18914888,18624472,16086372,,14975444,11768824,10514536,14814176,,16112504,13591980,12432840,16065196,,12,52,12,12,,1236700,1932636,2028132,1361368
3312,1,837,836,0,1,0,69823404,52009704,58142852,88,6561168,,16123268,18945484,18651488,16103164,,14979152,11740296,10502252,14788004,,16117832,13564316,12421484,16039220,,12,52,12,12,,1237024,1933528,2029036,1361580
3317,1,838,837,1,0,0,69963516,51878496,58016540,88,6563668,,16172592,18962668,18665492,16162764,,14948304,11727000,10456776,14746416,,16088056,13551852,12378672,15997960,,12,52,12,12,,1237496,1934344,2029924,1361904
3322,1,839,838,0,1,0,70117456,51683536,57825868,88,6566068,,16163364,19071700,18683528,16198864,,14919960,11606604,10464088,14692884,,16060060,13434340,12386780,15944688,,12,52,12,12,,1237776,1935532,2030668,1362092
3327,1,840,839,1,0,0,70106148,51676964,57823444,88,6568244,,16185716,19032000,18676960,16211472,,14922280,11629736,10448740,14676208,,16062664,13460368,12372176,15928236,,12,52,12,12,,1238008,1936584,2031360,1362292
3333,1,841,840,1,0,0,70143652,51635912,57786384,88,6570188,,16171228,19039456,18770412,16162556,,14909944,11632216,10357340,14736412,,16050656,13463396,12283684,15988648,,12,52,12,12,,1238372,1937076,2032252,1362488
3339,1,842,841,1,0,0,70255192,51531548,57684680,88,6572892,,16177488,19099208,18796096,16182400,,14905804,11576452,10336444,14712848,,16046996,13408572,12263852,15965260,,12,52,12,12,,1238760,1937988,2033440,1362704
3344,1,843,842,1,0,0,70370228,51383400,57542208,88,6575584,,16252908,19099920,18807520,16209880,,14830068,11568356,10318684,14666292,,15974804,13401496,12246592,15919316,,12,52,12,12,,1239376,1938992,2034008,1363208
3350,1,844,843,1,0,0,70469784,51305704,57470316,88,6578284,,16282260,19146552,18810440,16230532,,14797808,11534420,10310840,14662636,,15943796,13368476,12241996,15916048,,12,52,12,12,,1239800,1939884,2035232,1363368
3355,1,845,844,0,1,0,70435020,51334000,57502248,88,6580328,,16299652,19101104,18795360,16238904,,14774032,11569352,10324304,14666312,,15920276,13404020,12256152,15921800,,12,52,12,12,,1240064,1940416,2035996,1363852
3360,2,846,845,1,0,0,70545372,51197788,57370192,88,6582640,,16348592,19095888,18813952,16286940,,14740684,11561568,10291612,14603924,,15887232,13399124,12224240,15859596,,12,52,12,12,,1240336,1941528,2036780,1363996
3366,1,847,846,1,0,0,70549700,51191696,57368112,88,6584412,,16347008,19103752,18864316,16234624,,14737264,11556432,10249728,14648272,,15886324,13394512,12183124,15904152,,12,52,12,12,,1240704,1941960,2037544,1364204
3371,1,848,847,0,1,0,70619612,51122780,57301832,88,6586996,,16363324,19158264,18855872,16242152,,14713748,11497848,10256448,14654736,,15863204,13336884,12190828,15910916,,12,52,12,12,,1241136,1942888,2038480,1364492
3377,1,849,848,1,0,0,70764436,50993444,57178396,88,6589324,,16430024,19194836,18858468,16281108,,14642552,11459544,10273872,14617476,,15794144,13299396,12208920,15875936,,12,52,12,12,,1241512,1943696,2039160,1364956
3382,1,850,849,1,0,0,70817040,50871408,57060508,88,6591700,,16411708,19196780,18866668,16341884,,14651712,11447492,10245824,14526380,,15803616,13288224,12181636,15787032,,12,52,12,12,,1241868,1944588,2039928,1365316
3387,1,851,850,1,0,0,70846940,50886680,57079404,88,6593880,,16449192,19175852,18859656,16362240,,14613236,11487004,10258424,14528016,,15765428,13330144,12194912,15788920,,12,52,12,12,,1242156,1945548,2040624,1365552
3393,1,852,851,1,0,0,70864256,50816260,57016908,88,6599700,,16441884,19166068,18924348,16331956,,14626704,11469412,10188196,14531948,,15779120,13317496,12127228,15793064,,12,52,12,12,,1242396,1950196,2041388,1365720
3398,1,853,852,0,1,0,71010164,50693608,56898616,88,6602108,,16434572,19221880,19005468,16348244,,14649964,11402336,10110452,14530856,,15802732,13253444,12050272,15792168,,12,52,12,12,,1242708,1951296,2042192,1365912
3402,1,854,853,1,0,0,71136248,50573468,56782572,88,6604404,,16453532,19253152,19057880,16371684,,14614464,11383536,10054372,14521096,,15767460,13235328,11997116,15782668,,12,52,12,12,,1242948,1951976,2043344,1366136
3408,1,855,854,1,0,0,71144048,50551384,56764944,88,6606996,,16456588,19287204,18970052,16430204,,14633908,11334260,10128228,14454988,,15787176,13187320,12071696,15718752,,12,52,12,12,,1243204,1953232,2043972,1366588
3413,1,856,855,1,0,0,71318120,50369352,56586832,88,6608896,,16446288,19332468,19050128,16489236,,14623048,11287740,10064392,14394172,,15776548,13143620,12008560,15658104,,12,52,12,12,,1243448,1954008,2044704,1366736
3418,1,857,856,0,1,0,71196760,50481600,56703140,88,6611152,,16460084,19321120,18973404,16442152,,14611904,11294724,10136088,14438884,,15765712,13153444,12080972,15703012,,12,52,12,12,,1243748,1955064,2045400,1366940
3423,1,858,857,1,0,0,71345156,50329756,56555740,88,6613600,,16534384,19354148,19028396,16428228,,14514580,11286436,10071104,14457636,,15670880,13145660,12017168,15722032,,12,52,12,12,,1244384,1955496,2046568,1367152
3429,0,859,858,1,0,0,71416564,50262884,56492628,88,6615612,,16451444,19415908,19121020,16428192,,14601516,11215176,9979200,14466992,,15757944,13075108,11928016,15731560,,12,52,12,12,,1244616,1956136,2047552,1367308
3433,1,860,859,1,0,0,71533708,50156788,56390736,88,6618076,,16505824,19483096,19075316,16469472,,14554560,11161328,10023256,14417644,,15711360,13022392,11972684,15684300,,12,52,12,12,,1244976,1957248,2048148,1367704
3439,1,861,860,1,0,0,71636504,50047668,56285296,88,6620320,,16581396,19492512,19064204,16498392,,14479124,11141212,10051676,14375656,,15637932,13003060,12001808,15642496,,12,52,12,12,,1245560,1958056,2048808,1367896
3444,1,862,861,1,0,0,71649112,49999920,56242132,88,6622832,,16580752,19432128,19072376,16563856,,14486944,11183528,10019724,14309724,,15646132,13046000,11973220,15576780,,12,52,12,12,,1245852,1958656,2050224,1368100
3450,1,863,862,1,0,0,71701840,49960332,56204808,88,6624732,,16652688,19437740,19109668,16501744,,14407716,11185204,9993224,14374188,,15567612,13048424,11947284,15641488,,12,52,12,12,,1246280,1959384,2050772,1368296
3455,1,864,863,1,0,0,71759220,49904812,56155404,88,6627352,,16618592,19440284,19179100,16521244,,14443972,11194316,9920124,14346400,,15605984,13058388,11875036,15615996,,12,52,12,12,,1246684,1960236,2051632,1368800
3461,1,865,864,1,0,0,71886492,49773084,56026080,88,6629676,,16656388,19480640,19231136,16518328,,14405336,11150752,9861752,14355244,,15567620,13015892,11817564,15625004,,12,52,12,12,,1246940,1961296,2052492,1368948
3466,1,866,865,0,1,0,71998092,49649888,55908584,88,6631888,,16685620,19479640,19253472,16579360,,14381488,11142532,9836068,14289800,,15544084,13010308,11794404,15559788,,12,52,12,12,,1247296,1962220,2053208,1369164
3472,1,867,866,1,0,0,71984924,49634880,55896136,88,6634368,,16680244,19503808,19187788,16613084,,14368968,11113804,9901064,14251044,,15531852,12982416,11860488,15521380,,12,52,12,12,,1247588,1963032,2054244,1369504
3477,1,868,866,1,1,0,72021820,49583340,55850008,88,6636276,,16699196,19489484,19208260,16624880,,14354916,11125640,9873988,14228796,,15518088,12996672,11834108,15501140,,12,52,12,12,,1247868,1963724,2054864,1369820
3482,1,869,868,0,1,0,72068520,49547700,55818828,88,6638696,,16717944,19413712,19281372,16655492,,14346388,11187012,9799436,14214864,,15509780,13059176,11762408,15487464,,12,52,12,12,,1248132,1964664,2055884,1370016
3487,1,870,869,0,1,0,72090828,49516220,55791468,88,6640888,,16643584,19469892,19329304,16648048,,14416092,11137940,9748028,14214160,,15579780,13012856,11711872,15486960,,12,52,12,12,,1248380,1965592,2056716,1370200
3492,1,871,870,0,1,0,72161228,49448652,55727972,88,6643028,,16664596,19503076,19343888,16649668,,14387952,11106300,9742596,14211804,,15553908,12981856,11707360,15484848,,12,52,12,12,,1248816,1966176,2057636,1370400
3497,1,872,871,1,0,0,72208332,49398392,55680152,88,6645172,,16660832,19558676,19305688,16683136,,14392008,11058012,9761872,14186500,,15558376,12934416,11727616,15459744,,12,52,12,12,,1249152,1967032,2058400,1370588
3502,1,873,871,2,0,0,72249944,49313504,55603656,88,6649728,,16674696,19501140,19303456,16770652,,14375016,11097312,9773636,14067540,,15541692,12974616,11743940,15343408,,12,52,12,12,,1249456,1967940,2061268,1371064
3508,1,874,873,1,0,0,72374268,49207176,55501520,88,6652084,,16714052,19546840,19320360,16793016,,14325512,11066612,9754040,14061012,,15492596,12944728,11725144,15339052,,12,52,12,12,,1249844,1968748,2061972,1371520
3514,1,875,874,1,0,0,72443960,49119860,55418024,88,6654616,,16821856,19537244,19352036,16732824,,14210476,11074384,9720916,14114084,,15379484,12953168,11692996,15392376,,12,52,12,12,,1250492,1969400,2062972,1371752
3520,1,876,875,1,0,0,72470228,49099036,55405852,88,6661016,,16753496,19580576,19395064,16741092,,14290084,11035176,9665084,14108692,,15459944,12914748,11643912,15387248,,12,52,12,12,,1250668,1970244,2068120,1371984
3525,1,877,876,1,0,0,72581496,48954684,55308564,88,6704520,,16837160,19626328,19337432,16780576,,14187468,10977644,9722952,14066620,,15402344,12858496,11702384,15345340,,12,52,12,12,,1292208,1971500,2068660,1372152
3531,1,878,877,1,0,0,72714944,48831392,55189956,88,6707256,,16862284,19647132,19375424,16830104,,14173780,10960052,9674280,14023280,,15389340,12843464,11654948,15302204,,12,52,12,12,,1292592,1972472,2069836,1372356
3537,1,879,878,1,0,0,72706104,48805616,55168300,88,6709368,,16891592,19600908,19370928,16842676,,14123800,11007344,9663996,14010476,,15339644,12891592,11645500,15291564,,12,52,12,12,,1292856,1973080,2070632,1372800
3542,1,880,878,2,0,0,72799852,48695544,55062256,88,6711772,,16940212,19598268,19444660,16816712,,14076516,10988080,9629988,14000960,,15294560,12873164,11612240,15282292,,12,52,12,12,,1293404,1973932,2071408,1373028
3548,1,881,880,0,1,0,72882616,48637116,55008148,88,6714008,,16931420,19626880,19492224,16832092,,14080476,10975900,9568924,14011816,,15301212,12861688,11551936,15293312,,12,52,12,12,,1294040,1974612,2072168,1373188
3553,1,882,881,1,0,0,72992612,48541028,54916516,88,6716596,,16998748,19645936,19526024,16821904,,14031152,10956112,9536360,14017404,,15252260,12842844,11522296,15299116,,12,52,12,12,,1294352,1975556,2073324,1373364
3558,1,883,882,1,0,0,73179156,48333396,54713180,88,6719052,,17066396,19710780,19516532,16885448,,13957980,10882004,9534024,13959388,,15179376,12769692,11520776,15243336,,12,52,12,12,,1294628,1976532,2074100,1373792
3564,1,884,883,1,0,0,73126732,48351068,54735780,88,6721588,,17035848,19692632,19510640,16887612,,13962440,10892804,9541428,13954396,,15184196,12783584,11529372,15238628,,12,52,12,12,,1294968,1977276,2075304,1374040
3569,2,885,884,0,1,0,73248204,48262072,54650948,88,6723828,,17074868,19701940,19508052,16963344,,13939100,10894056,9543792,13885124,,15161172,12785524,11534592,15169660,,12,52,12,12,,1295276,1978128,2076148,1374276
3575,1,886,885,1,0,0,73268792,48208136,54601332,88,6726240,,17040220,19682832,19605776,16939964,,13960344,10902496,9443284,13902012,,15182736,12794788,11434932,15188876,,12,52,12,12,,1295552,1978952,2076984,1374752
3581,1,887,886,1,0,0,73399416,48069748,54466940,88,6728628,,17033476,19762744,19652380,16950816,,13973924,10813752,9394268,13887804,,15196556,12708728,11386796,15174860,,12,52,12,12,,1295828,1980012,2077868,1374920
3586,1,888,887,1,0,0,73539624,47933776,54334508,88,6730768,,17076836,19815728,19668208,16978852,,13924740,10770464,9392188,13846384,,15149300,12666644,11384952,15133612,,12,52,12,12,,1296452,1980996,2078248,1375072
3591,1,889,888,1,0,0,73525596,47933844,54339788,88,6733444,,17055988,19800520,19641024,17028064,,13939792,10763688,9406096,13824268,,15167312,12660736,11399980,15111760,,12,52,12,12,,1297012,1981836,2079304,1375292
3597,1,890,889,1,0,0,73590624,47864340,54274240,88,6735548,,17108272,19790476,19611540,17080336,,13889296,10801892,9419116,13754036,,15117276,12699548,11413752,15043664,,12,52,12,12,,1297352,1982420,2080036,1375740
3603,1,891,890,1,0,0,73673940,47787636,54202072,88,6738224,,17130664,19826088,19664540,17052648,,13868540,10758868,9361028,13799200,,15096920,12657432,11358536,15089184,,12,52,12,12,,1297744,1983320,2081144,1376016
3609,1,892,891,0,1,0,73754840,47698236,54116900,88,6740556,,17136788,19854916,19731520,17031616,,13879888,10711912,9298784,13807652,,15108660,12613336,11297096,15097808,,12,52,12,12,,1298040,1984416,2081916,1376184
3614,1,893,892,1,0,0,73869464,47583924,54007648,88,6743592,,17178804,19931908,19719004,17039748,,13818100,10646848,9322352,13796624,,15047300,12551628,11321704,15087016,,12,52,12,12,,1298444,1985836,2082920,1376392
3620,1,894,893,1,0,0,74048996,47391244,53819896,88,6746588,,17207440,19991100,19752892,17097564,,13798756,10585688,9272208,13734592,,15028316,12491308,11272740,15027532,,12,52,12,12,,1298816,1986748,2084056,1376968
3626,1,895,894,1,0,0,74034932,47390356,53822688,88,6748648,,17184188,19998240,19750408,17102096,,13818164,10582792,9278376,13711024,,15047988,12490828,11279676,15004196,,12,52,12,12,,1299144,1987492,2084816,1377196
3631,1,896,895,1,0,0,74132968,47300652,53737292,88,6750860,,17173300,20033800,19767320,17158548,,13823252,10524956,9292008,13660436,,15053392,12436172,11293948,14953780,,12,52,12,12,,1299448,1988628,2085420,1377364
3637,1,897,896,1,0,0,74174700,47248500,53689184,88,6753156,,17154824,20065596,19824948,17129332,,13837696,10508660,9201060,13701084,,15068144,12420528,11203796,14996716,,12,52,12,12,,1299760,1989348,2086204,1377844
3642,1,898,897,1,0,0,74256616,47165192,53609564,88,6755724,,17156140,20143604,19812660,17144212,,13839788,10413768,9228968,13682668,,15071736,12326608,11232704,14978516,,12,52,12,12,,1300208,1990316,2087200,1378000
3647,1,899,898,1,0,0,74402832,47023104,53472432,88,6758112,,17194576,20190344,19823296,17194616,,13791664,10374140,9217520,13639780,,15024848,12287840,11221896,14937848,,12,52,12,12,,1300612,1991156,2087860,1378484
3653,1,900,899,1,0,0,74495756,46947640,53399480,88,6760344,,17198824,20221840,19784772,17290320,,13805812,10339724,9249712,13552392,,15039556,12254340,11254892,14850692,,12,52,12,12,,1301020,1992044,2088612,1378668
3658,1,901,900,1,0,0,74472348,46947556,53405352,88,6763096,,17287740,20169364,19750592,17264652,,13699748,10392856,9284604,13570348,,14937248,12308412,11290776,14868916,,12,52,12,12,,1301648,1992956,2089612,1378880
3665,1,902,901,1,0,0,74511888,46913160,53375516,88,6765456,,17260704,20184048,19789180,17277956,,13735876,10369400,9255372,13552512,,14974036,12287712,11262508,14851260,,12,52,12,12,,1301996,1993804,2090564,1379092
3670,1,903,902,1,0,0,74661068,46713028,53181832,88,6769852,,17332824,20215604,19837904,17274736,,13648092,10335656,9182776,13546504,,14890912,12254568,11190796,14845556,,12,52,12,12,,1304760,1994332,2091440,1379320
3675,1,904,903,1,0,0,74711136,46643508,53116588,88,6772288,,17427428,20213920,19772984,17296804,,13554728,10319096,9237264,13532420,,14797976,12239200,11245792,14833620,,12,52,12,12,,1305072,1995512,2091928,1379776
3681,1,905,904,1,0,0,74907372,46477592,52955500,88,6775216,,17470880,20301228,19772104,17363160,,13512352,10238040,9265516,13461684,,14756008,12161104,11275216,14763172,,12,52,12,12,,1305412,1996716,2093104,1379984
3686,1,906,905,1,0,0,74875124,46523520,53004660,88,6777184,,17464600,20249640,19763284,17397600,,13506208,10309800,9281768,13425744,,14751652,12233372,11292216,14727420,,12,52,12,12,,1306088,1997108,2093804,1380184
3692,1,907,906,1,0,0,74917480,46471788,52957216,88,6779324,,17502720,20277804,19778248,17358708,,13492588,10274308,9250032,13454860,,14738684,12200588,11261060,14756884,,12,52,12,12,,1306180,1998276,2094396,1380472
3698,1,908,907,1,0,0,74936436,46400540,52890332,88,6781860,,17494048,20298484,19791280,17352624,,13477400,10237480,9227384,13458276,,14725812,12164844,11239200,14760476,,12,52,12,12,,1306776,1999264,2095168,1380652
3703,1,909,908,0,1,0,75037504,46318500,52812744,88,6784656,,17518176,20335296,19825096,17358936,,13463868,10195860,9191264,13467508,,14712616,12126256,11204032,14769840,,12,52,12,12,,1307116,2000584,2096112,1380844
3708,1,910,909,0,1,0,75115272,46234432,52732492,88,6786600,,17579936,20377996,19772780,17384560,,13384176,10157596,9249992,13442668,,14635052,12088920,11263360,14745160,,12,52,12,12,,1307456,2001420,2096732,1380992
3713,1,911,910,1,0,0,75207312,46122856,52624916,88,6788680,,17564944,20435476,19775516,17431376,,13396376,10083540,9256728,13386212,,14647616,12017460,11270860,14688980,,12,52,12,12,,1307768,2002180,2097484,1381248
3718,1,912,911,1,0,0,75189332,46112212,52618636,88,6791064,,17640040,20377140,19775860,17396292,,13299548,10149216,9260232,13403216,,14553176,12084072,11275248,14706140,,12,52,12,12,,1308320,2002988,2098360,1381396
3723,1,913,912,0,1,0,75208900,46099968,52610548,88,6793240,,17631308,20425852,19788584,17363156,,13330760,10086324,9232444,13450440,,14584680,12023808,11248496,14753564,,12,52,12,12,,1308544,2003716,2099396,1381584
3728,1,914,913,1,0,0,75325392,46009872,52525864,88,6794916,,17650964,20510280,19803268,17360880,,13325628,10015508,9223672,13445064,,14579868,11957684,11240020,14748292,,12,52,12,12,,1308824,2004640,2099728,1381724
3734,1,915,914,1,0,0,75505052,45796668,52315404,88,6797772,,17703268,20613728,19818152,17369904,,13264880,9891964,9199524,13440300,,14519432,11835308,11216892,14743772,,12,52,12,12,,1309112,2005972,2100716,1381972
3739,1,916,915,0,1,0,75607116,45708720,52229756,88,6800080,,17755308,20691908,19755460,17404440,,13212976,9819904,9262096,13413744,,14467844,11764152,11280396,14717364,,12,52,12,12,,1309424,2006856,2101680,1382120
3744,1,917,915,0,2,0,75548424,45730700,52253512,88,6801812,,17684024,20734100,19681084,17449216,,13263436,9771452,9327740,13368072,,14518600,11716312,11346760,14671840,,12,52,12,12,,1309688,2007440,2102404,1382280
3749,1,918,915,0,3,0,75481588,45839344,52364024,88,6803596,,17708296,20690672,19683200,17399420,,13259308,9840856,9340148,13399032,,14514780,11786640,11359620,14702984,,12,52,12,12,,1309980,2008340,2102824,1382452
3754,1,919,915,0,4,0,75477628,45827732,52354144,88,6805372,,17787192,20618644,19706308,17365484,,13183172,9886076,9324480,13434004,,14438880,11832292,11344792,14738180,,12,52,12,12,,1310220,2008808,2103668,1382676
3759,1,920,915,0,5,0,75476048,45806232,52334656,88,6807432,,17701040,20641744,19766032,17367232,,13253380,9865032,9247936,13439884,,14509480,11812080,11268876,14744220,,12,52,12,12,,1310560,2009728,2104304,1382840
3764,2,921,915,0,6,0,75509492,45767520,52298068,88,6809600,,17734840,20655852,19749844,17368956,,13231908,9851680,9240284,13443648,,14488260,11799796,11261916,14748096,,12,52,12,12,,1310848,2010800,2105004,1382948
3769,1,922,915,0,7,0,75565924,45753128,52285880,88,6811868,,17759828,20695824,19709600,17400672,,13193668,9815828,9331192,13412440,,14450232,11764868,11353812,14716968,,12,52,12,12,,1311064,2011704,2106016,1383084
3775,1,923,915,0,8,0,75623196,45663812,52198444,88,6813728,,17747036,20707928,19717084,17451148,,13190664,9792636,9304384,13376128,,14447592,11742288,11327736,14680828,,12,52,12,12,,1311424,2012288,2106752,1383264
3780,1,924,915,0,9,0,75495292,45782716,52319008,88,6815420,,17738636,20670544,19708772,17377340,,13215684,9844392,9298524,13424116,,14472896,11794744,11322432,14728936,,12,52,12,12,,1311724,2013004,2107304,1383388
3785,1,925,915,0,10,0,75557928,45715212,52253816,88,6817764,,17744412,20677752,19752272,17383492,,13206976,9812408,9260036,13435792,,14464496,11763396,11285080,14740844,,12,52,12,12,,1312040,2013648,2108456,1383620
3791,1,926,915,0,11,0,75527812,45792320,52333384,88,6820144,,17716856,20691332,19758408,17361216,,13243796,9807768,9269020,13471736,,14501796,11759684,11295004,14776900,,12,52,12,12,,1312424,2014576,2109404,1383740
3796,1,927,915,0,12,0,75573256,45724100,52266772,88,6821748,,17744024,20717632,19724144,17387456,,13220512,9778356,9277132,13448100,,14478768,11731020,11303544,14753440,,12,52,12,12,,1312684,2015296,2109828,1383940
3802,1,928,915,0,13,0,75563600,45713420,52258452,88,6824072,,17709836,20729176,19697900,17426688,,13257076,9763648,9314124,13378572,,14515524,11717196,11341584,14684148,,12,52,12,12,,1312884,2016192,2110856,1384140
3807,1,929,915,0,14,0,75524896,45750512,52297388,88,6825936,,17726712,20683320,19693920,17420944,,13229460,9836084,9315356,13369612,,14488244,11790168,11343580,14675396,,12,52,12,12,,1313212,2016740,2111616,1384368
3812,1,930,915,0,15,0,75620224,45627176,52175676,88,6827600,,17766264,20680288,19723348,17450324,,13175300,9818756,9277024,13356096,,14434172,11773692,11305764,14662048,,12,52,12,12,,1313364,2017556,2112160,1384520
3817,0,931,915,0,16,0,75501156,45756968,52307256,88,6829404,,17702628,20675760,19740600,17382168,,13241756,9837772,9257256,13420184,,14500820,11793316,11286828,14726292,,12,52,12,12,,1313564,2018180,2112980,1384680
3821,1,932,915,0,17,0,75581188,45642292,52198988,88,6835828,,17704952,20707116,19798244,17370876,,13226012,9780408,9201860,13434012,,14485376,11736896,11236456,14740260,,12,52,12,12,,1313884,2019124,2118004,1384816
3827,0,933,915,0,18,0,75619016,45668884,52227352,88,6837604,,17734072,20739624,19744332,17400988,,13229068,9761056,9264376,13414384,,14488728,11718492,11299296,14720836,,12,52,12,12,,1314160,2020088,2118336,1385020
3832,1,934,915,0,19,0,75583748,45685176,52246264,88,6840208,,17708644,20728672,19716864,17429568,,13224696,9778160,9290804,13391516,,14484684,11736472,11326912,14698196,,12,52,12,12,,1314492,2020964,2119504,1385248
3837,1,935,915,0,20,0,75511772,45746400,52309472,88,6842168,,17736064,20673664,19701344,17400700,,13221684,9837104,9301852,13385760,,14481988,11796144,11338708,14692632,,12,52,12,12,,1314808,2021680,2120236,1385444
3842,1,936,915,0,21,0,75561704,45689080,52253940,88,6843972,,17773068,20668216,19737868,17382552,,13182588,9826124,9263100,13417268,,14443160,11785732,11300736,14724312,,12,52,12,12,,1315080,2022248,2121016,1385628
3848,1,937,915,0,22,0,75582256,45665652,52232532,88,6845980,,17723168,20692400,19798644,17368044,,13227048,9806624,9197980,13434000,,14487928,11766980,11236396,14741228,,12,52,12,12,,1315408,2022960,2121796,1385816
3853,1,938,915,0,23,0,75627040,45631240,52200624,88,6848456,,17751756,20762004,19737564,17375716,,13208776,9730192,9245180,13447092,,14469964,11691660,11284500,14754500,,12,52,12,12,,1315700,2024060,2122704,1385992
3859,1,939,915,0,24,0,75725948,45541580,52113440,88,6850948,,17773188,20816700,19727244,17408816,,13189704,9684380,9260740,13406756,,14451228,11646628,11301136,14714448,,12,52,12,12,,1316008,2024836,2123804,1386300
3865,0,940,915,0,25,0,75614004,45589144,52162884,88,6852828,,17733352,20787464,19707160,17386028,,13200192,9697080,9284676,13407196,,14462024,11659948,11325852,14715060,,12,52,12,12,,1316332,2025464,2124560,1386472
3869,2,941,915,0,26,0,75536340,45701564,52277068,88,6854548,,17743908,20728108,19703096,17361228,,13217888,9764360,9283832,13435484,,14480016,11727928,11325608,14743516,,12,52,12,12,,1316624,2026180,2125120,1386624
3875,1,942,915,0,27,0,75640532,45583984,52165600,88,6860664,,17790624,20733684,19747044,17369180,,13164768,9735888,9246956,13436372,,14427196,11704184,11289576,14744644,,12,52,12,12,,1316948,2030880,2125968,1386868
3881,1,943,915,0,28,0,75640664,45562788,52147176,88,6863452,,17720144,20765176,19788828,17366516,,13211748,9723080,9195308,13432652,,14474572,11692552,11238884,14741168,,12,52,12,12,,1317352,2032048,2126928,1387124
3887,1,944,915,0,29,0,75740672,45482428,52068816,88,6865476,,17767084,20856036,19711104,17406448,,13181384,9623064,9281292,13396688,,14444516,11593456,11325384,14705460,,12,52,12,12,,1317628,2032992,2127492,1387364
3892,2,945,915,0,30,0,75764400,45486688,52075616,88,6867976,,17745764,20847832,19715684,17455120,,13203572,9630172,9286412,13366532,,14467036,11601560,11331484,14675536,,12,52,12,12,,1317964,2033988,2128420,1387604
3898,1,946,915,0,31,0,75724688,45529288,52120260,88,6870044,,17752124,20795120,19720048,17457396,,13203596,9684620,9283244,13357828,,14467356,11656884,11329028,14666992,,12,52,12,12,,1318284,2034820,2129164,1387776
3903,1,947,915,0,32,0,75693192,45540140,52132592,88,6871480,,17776068,20801896,19734360,17380868,,13183116,9685788,9250820,13420416,,14447116,11658452,11297304,14729720,,12,52,12,12,,1318528,2035224,2129816,1387912
3908,1,948,915,0,33,0,75749376,45529688,52124204,88,6873512,,17744124,20813876,19803144,17388232,,13229356,9673128,9197064,13430140,,14493684,11646488,11244424,14739608,,12,52,12,12,,1318824,2035920,2130704,1388064
3914,1,949,915,0,34,0,75692436,45570424,52167504,88,6876096,,17730132,20771136,19819900,17371268,,13239428,9716392,9180056,13434548,,14504112,11690832,11228408,14744152,,12,52,12,12,,1319160,2037004,2131700,1388232
3920,1,950,915,0,35,0,75680256,45532872,52132356,88,6878520,,17725628,20794424,19760660,17399544,,13223444,9663276,9217480,13428672,,14488376,11638636,11266888,14738456,,12,52,12,12,,1319444,2037900,2132760,1388416
3925,0,951,915,0,36,0,75712932,45521720,52122912,88,6880216,,17732084,20791528,19744660,17444660,,13213708,9686952,9246012,13375048,,14478964,11662804,11296132,14685012,,12,52,12,12,,1319748,2038388,2133488,1388592
3929,1,952,915,0,37,0,75675312,45584776,52187832,88,6882080,,17741940,20753320,19751660,17428392,,13221316,9739352,9228612,13395496,,14486764,11716048,11279296,14705724,,12,52,12,12,,1319952,2039236,2134036,1388856
3935,1,953,915,0,38,0,75668632,45576044,52181000,88,6883992,,17735588,20761448,19770436,17401160,,13218708,9727012,9214976,13415348,,14484460,11704332,11266472,14725736,,12,52,12,12,,1320248,2039880,2134844,1389020
3940,1,954,915,0,39,0,75645076,45580012,52186824,88,6885860,,17713888,20785400,19774440,17371348,,13242952,9689820,9197768,13449472,,14508924,11667896,11250020,14759984,,12,52,12,12,,1320488,2040620,2135612,1389140
3945,1,955,915,0,40,0,75720816,45489648,52098700,88,6888100,,17750148,20802672,19802664,17365332,,13201524,9664684,9190848,13432592,,14467760,11643976,11243644,14743320,,12,52,12,12,,1320760,2041832,2136148,1389360
3951,1,956,915,0,41,0,75813596,45421480,52033224,88,6890788,,17793956,20824944,19758492,17436204,,13165112,9653288,9226856,13376224,,14431712,11633480,11280756,14687276,,12,52,12,12,,1321120,2042732,2137252,1389684
3956,1,957,915,0,42,0,75660368,45555624,52168908,88,6892356,,17761184,20749760,19744216,17405208,,13191664,9727088,9234472,13402400,,14458516,11707680,11289096,14713616,,12,52,12,12,,1321372,2043156,2137984,1389844
3962,1,958,915,0,43,0,75697360,45526892,52142320,88,6894484,,17809228,20758492,19761356,17368284,,13150840,9718592,9223672,13433788,,14417996,11700084,11279108,14745132,,12,52,12,12,,1321668,2044044,2138788,1389984
3967,1,959,915,0,44,0,75666196,45566248,52183244,88,6896032,,17752476,20760748,19776792,17376180,,13188368,9730728,9205316,13441836,,14455752,11712684,11261472,14753336,,12,52,12,12,,1321876,2044508,2139512,1390136
3972,0,960,915,0,45,0,75658748,45575144,52194472,88,6898356,,17728324,20780756,19761424,17388244,,13220964,9703560,9218740,13431880,,14488612,11686464,11275836,14743560,,12,52,12,12,,1322152,2045424,2140440,1390340
3977,1,961,915,0,46,0,75654284,45547356,52168504,88,6900180,,17767468,20743432,19753164,17390220,,13182924,9721948,9222796,13419688,,14450824,11705644,11280476,14731560,,12,52,12,12,,1322420,2046228,2141036,1390496
3982,1,962,915,0,47,0,75638572,45559672,52183128,88,6902468,,17702148,20777316,19754160,17404948,,13218096,9701100,9240232,13400244,,14486284,11685756,11298732,14712356,,12,52,12,12,,1322680,2047196,2141852,1390740
3988,1,963,915,0,48,0,75676268,45508788,52134272,88,6904488,,17759208,20743364,19763540,17410156,,13183964,9722032,9212156,13390636,,14452592,11707388,11271344,14702948,,12,52,12,12,,1323124,2047880,2142540,1390944
3993,1,964,915,0,49,0,75727332,45458532,52085588,88,6906084,,17711372,20742012,19834852,17439096,,13240076,9738428,9120424,13359604,,14508992,11724328,11180084,14672184,,12,52,12,12,,1323428,2048420,2143000,1391236
3998,0,965,915,0,50,0,75753492,45410240,52039344,88,6908136,,17730000,20747688,19911096,17364708,,13206888,9727212,9050432,13425708,,14475980,11714032,11110852,14738480,,12,52,12,12,,1323592,2049344,2143804,1391396
4003,1,966,915,0,51,0,75843704,45341892,51973088,88,6910240,,17724960,20814972,19932028,17371744,,13215004,9661264,9049280,13416344,,14484420,11648756,11110644,14729268,,12,52,12,12,,1323924,2050008,2144744,1391564
4008,1,967,915,0,52,0,75905988,45261672,51895368,88,6912684,,17764208,20793392,19938144,17410244,,13167960,9663852,9040556,13389304,,14437760,11652544,11102600,14702464,,12,52,12,12,,1324296,2051216,2145380,1391792
4013,1,968,915,0,53,0,75807132,45390424,52025876,88,6914428,,17708900,20717972,19933504,17446756,,13218016,9755672,9054764,13361972,,14488088,11744916,11117544,14675328,,12,52,12,12,,1324576,2051764,2146104,1391984
4019,2,969,915,0,54,0,75876808,45314788,51953004,88,6917176,,17788904,20730588,19928860,17428456,,13163212,9732916,9038304,13380356,,14433628,11723048,11102368,14693960,,12,52,12,12,,1324920,2052624,2147392,1392240
4025,1,970,915,0,55,0,75805528,45348104,51988200,88,6919040,,17736420,20732704,19968716,17367688,,13188944,9717164,9015916,13426080,,14459676,11707896,11080748,14739880,,12,52,12,12,,1325224,2053224,2148164,1392428
4030,2,971,915,0,56,0,75888480,45247580,51928688,88,6958132,,17732180,20753076,20025488,17377736,,13203804,9697812,8925608,13420356,,14474876,11689076,11030380,14734356,,12,52,12,12,,1325584,2053756,2186148,1392644
4036,1,972,915,0,57,0,75938484,45205616,51889040,88,6960336,,17768104,20759944,20011808,17398628,,13194008,9682968,8930728,13397912,,14465432,11675344,11036108,14712156,,12,52,12,12,,1325904,2054904,2186656,1392872
4042,1,973,915,0,58,0,75920096,45241296,51927296,88,6962868,,17757164,20783636,19960336,17418960,,13186104,9678148,8992804,13384240,,14457840,11671520,11099264,14698672,,12,52,12,12,,1326220,2055864,2187724,1393060
4047,1,974,915,0,59,0,75949796,45207036,51895092,88,6964924,,17773604,20770788,19960552,17444852,,13163768,9690448,9002156,13350664,,14435824,11684704,11109316,14665248,,12,52,12,12,,1326540,2056732,2188436,1393216
4053,1,975,915,0,60,0,75877336,45278920,51968428,88,6966344,,17737672,20777752,19971648,17390264,,13197968,9699268,8973420,13408264,,14470248,11694016,11081152,14723012,,12,52,12,12,,1326772,2057220,2188976,1393376
4058,1,976,915,0,61,0,75979552,45146412,51838184,88,6968580,,17734932,20794620,20053004,17396996,,13192560,9672024,8889776,13392052,,14465160,11667748,10998244,14707032,,12,52,12,12,,1327080,2058196,2189692,1393612
4063,1,977,915,0,62,0,76000876,45148032,51841740,88,6970604,,17751544,20809968,20058560,17380804,,13202008,9643964,8879932,13422128,,14474816,11640376,10989276,14737272,,12,52,12,12,,1327296,2058888,2190636,1393784
4068,1,978,915,0,63,0,75968264,45179740,51875684,88,6972840,,17771192,20816208,19974448,17406416,,13175488,9643392,8958056,13402804,,14448600,11640948,11067980,14718156,,12,52,12,12,,1327596,2060036,2191236,1393972
4073,1,979,915,0,64,0,75837088,45290308,51988236,88,6974820,,17720056,20855916,19867248,17393868,,13232336,9596060,9075768,13386144,,14505756,11594200,11186596,14701684,,12,52,12,12,,1327912,2060656,2192080,1394172
4079,1,980,915,0,65,0,75853864,45281116,51981440,88,6977208,,17759640,20792928,19852612,17448684,,13182228,9668200,9083588,13347100,,14456000,11667196,11195392,14662852,,12,52,12,12,,1328256,2061476,2193088,1394388
4085,1,981,915,0,66,0,75779972,45332744,52035188,88,6979264,,17714348,20786088,19886616,17392920,,13212660,9661732,9067200,13391152,,14486684,11661332,11180036,14707136,,12,52,12,12,,1328496,2062072,2194084,1394612
4090,1,982,915,0,67,0,75809932,45330256,52034592,88,6981172,,17713916,20802828,19900264,17392924,,13241380,9649880,9037804,13401192,,14515752,11650036,11151420,14717384,,12,52,12,12,,1328844,2062632,2194872,1394824
4095,1,983,915,0,68,0,75848664,45272936,51979324,88,6983240,,17736900,20792392,19930260,17389112,,13208176,9649040,9009752,13405968,,14482868,11650276,11123912,14722268,,12,52,12,12,,1329180,2063704,2195412,1394944
4101,0,984,915,0,69,0,75851820,45290220,51998968,88,6985580,,17721932,20832200,19879284,17418404,,13217920,9636612,9050620,13385068,,14492872,11638656,11165840,14701600,,12,52,12,12,,1329428,2064508,2196488,1395156
4106,0,985,915,0,70,0,75842960,45289344,51999904,88,6987400,,17748628,20781600,19879896,17432836,,13191484,9668424,9065352,13364084,,14466732,11671124,11181256,14680792,,12,52,12,12,,1329724,2065160,2197164,1395352
4111,1,986,915,0,71,0,75919824,45225188,51937412,88,6989040,,17783848,20785096,19891148,17459732,,13169512,9659828,9053704,13342144,,14445028,11663200,11170160,14659024,,12,52,12,12,,1329980,2065836,2197716,1395508
4116,1,987,915,0,72,0,75898508,45252128,51970476,88,6995176,,17744536,20786996,19971084,17395892,,13205444,9673844,8969840,13403000,,14481168,11682104,11087112,14720092,,12,52,12,12,,1330192,2070728,2198512,1395744
4122,1,988,915,0,73,0,75916532,45200792,51921608,88,6997644,,17742472,20808312,19986676,17379072,,13208764,9639964,8946404,13405660,,14484760,11649188,11064664,14722996,,12,52,12,12,,1330480,2071688,2199496,1395980
4127,2,989,915,0,74,0,75970136,45173072,51896656,88,7000348,,17778716,20883884,19900548,17406988,,13180756,9576968,9030548,13384800,,14457196,11587444,11149508,14702508,,12,52,12,12,,1330888,2072940,2200188,1396332
4134,1,990,915,0,75,0,75902880,45204840,51930484,88,7002392,,17737876,20854004,19893568,17417432,,13175264,9598184,9050132,13381260,,14451988,11609160,11170164,14699172,,12,52,12,12,,1331168,2073436,2201240,1396548
4139,1,991,915,0,76,0,75945432,45194876,51922632,88,7004492,,17772336,20838436,19909976,17424684,,13161052,9612860,9033432,13387532,,14438128,11624664,11154160,14705680,,12,52,12,12,,1331528,2074256,2201936,1396772
4145,1,992,915,0,77,0,75970656,45156684,51886668,88,7006712,,17808780,20846140,19922096,17393640,,13131764,9598436,9013760,13412724,,14409148,11610856,11135576,14731088,,12,52,12,12,,1331836,2074864,2203024,1396988
4151,1,993,915,0,78,0,75940056,45164620,51896740,88,7008836,,17736920,20872336,19943476,17387324,,13210200,9560216,8979028,13415176,,14487928,11573248,11101828,14733736,,12,52,12,12,,1332184,2075452,2204012,1397188
4156,1,994,915,0,79,0,76035164,45092776,51826984,88,7010940,,17774092,20915576,19943596,17401900,,13169704,9521552,8986244,13415276,,14447776,11535868,11109364,14733976,,12,52,12,12,,1332528,2076744,2204336,1397332
4161,1,995,915,0,80,0,75969044,45165788,51902436,88,7013348,,17771748,20888328,19889368,17419600,,13175160,9563644,9047304,13379680,,14453500,11578872,11171420,14698644,,12,52,12,12,,1332796,2077636,2205328,1397588
4166,1,996,915,0,81,0,75947672,45184696,51923164,88,7015160,,17766804,20841612,19882984,17456272,,13176464,9603940,9062120,13342172,,14455116,11619692,11187036,14661320,,12,52,12,12,,1333100,2078156,2206124,1397780
4172,1,997,915,0,82,0,75937804,45152060,51892396,88,7017052,,17798352,20841076,19906668,17391708,,13139752,9610092,9018040,13384176,,14418664,11626688,11143544,14703500,,12,52,12,12,,1333364,2079024,2206716,1397948
4177,1,998,915,0,83,0,75932464,45149260,51891640,88,7019084,,17770280,20851040,19927668,17383476,,13167752,9578960,9005760,13396788,,14447008,11596256,11132020,14716356,,12,52,12,12,,1333712,2079708,2207476,1398188
4183,1,999,915,0,84,0,75932944,45160316,51905588,88,7021996,,17731356,20877664,19952184,17371740,,13206720,9574340,8971820,13407436,,14486356,11592880,11099148,14727204,,12,52,12,12,,1334088,2080952,2208540,1398416
4189,2,1000,915,0,85,0,75991872,45065232,51813292,88,7024760,,17735088,20909496,19929404,17417884,,13188768,9535328,8978872,13362264,,14468744,11554916,11107156,14682476,,12,52,12,12,,1334432,2081996,2209500,1398832
4195,1,1001,915,0,86,0,75906968,45184348,51934436,88,7026792,,17750980,20879852,19812388,17463748,,13186324,9550728,9113172,13334124,,14466656,11570908,11242372,14654500,,12,52,12,12,,1334784,2082596,2210408,1399004
4201,1,1002,915,0,87,0,75871920,45240264,51992280,88,7028720,,17765720,20852672,19856404,17397124,,13178888,9576008,9078580,13406788,,14459484,11596924,11208568,14727304,,12,52,12,12,,1335040,2083360,2211176,1399144
4206,2,1003,915,0,88,0,75874740,45222892,51976972,88,7030792,,17737652,20845440,19903744,17387904,,13193800,9580788,9025856,13422448,,14474752,11602400,11156632,14743188,,12,52,12,12,,1335416,2084040,2211972,1399364
4212,1,1004,915,0,89,0,75926964,45145328,51901744,88,7033068,,17716016,20934156,19891660,17385132,,13226392,9493844,9036116,13388976,,14507608,11516416,11167808,14709912,,12,52,12,12,,1335664,2084984,2212880,1399540
4217,1,1005,915,0,90,0,75980312,45108416,51866816,88,7035092,,17769052,20968340,19829976,17412944,,13174648,9468888,9080740,13384140,,14456124,11492284,11213144,14705264,,12,52,12,12,,1335924,2085840,2213596,1399732
4222,2,1006,915,0,91,0,76023500,45058228,51819008,88,7037480,,17753828,20970636,19833564,17465472,,13177744,9449440,9094420,13336624,,14459496,11473748,11227592,14658172,,12,52,12,12,,1336200,2086740,2214376,1400164
4228,1,1007,915,0,92,0,75862212,45209856,51972988,88,7039800,,17767732,20838460,19831072,17424948,,13167324,9596140,9086444,13359948,,14449452,11621360,11220432,14681744,,12,52,12,12,,1336588,2087636,2215180,1400396
4234,1,1008,915,0,93,0,75827708,45241088,52006364,88,7041964,,17723860,20848080,19876556,17379212,,13199684,9592332,9042792,13406280,,14482124,11618120,11177812,14728308,,12,52,12,12,,1336900,2088204,2216216,1400644
4240,1,1009,915,0,94,0,75849128,45228976,52000248,88,7047920,,17738752,20863484,19863412,17383480,,13189296,9565620,9054452,13419608,,14471996,11592240,11194216,14741796,,12,52,12,12,,1337164,2089024,2220940,1400792
4244,2,1010,915,0,95,0,75867128,45220424,51993792,88,7050028,,17754668,20912356,19814344,17385760,,13189156,9517184,9105256,13408828,,14472148,11544836,11245580,14731228,,12,52,12,12,,1337432,2090064,2221508,1401024
4250,1,1011,914,0,97,1,75973640,45120164,51895972,88,7052456,,17814824,20905280,19832248,17421288,,13117004,9536120,9084520,13382520,,14400320,11564632,11225900,14705120,,12,52,12,12,,1337764,2090940,2222544,1401208
4255,1,1012,914,0,98,1,75908080,45154212,51931744,88,7054184,,17751884,20913616,19836652,17405928,,13183704,9515776,9075732,13379000,,14467292,11544844,11217852,14701756,,12,52,12,12,,1338048,2091480,2223284,1401372
4260,1,1013,914,0,99,1,75912528,45137180,51916328,88,7055792,,17788520,20840272,19833060,17450676,,13139704,9574092,9079708,13343676,,14423564,11603820,11222336,14666608,,12,52,12,12,,1338308,2092136,2223800,1401548
4265,1,1014,914,0,100,1,75859240,45197560,51978828,88,7057908,,17738544,20850928,19875476,17394292,,13180060,9586376,9042896,13388228,,14464196,11616724,11186520,14711388,,12,52,12,12,,1338580,2092764,2224788,1401776
4270,1,1015,914,0,101,1,75924172,45148916,51932180,88,7059928,,17740392,20868104,19924216,17391460,,13177516,9573928,8983740,13413732,,14461992,11604780,11128288,14737120,,12,52,12,12,,1338952,2093268,2225700,1402008
4276,1,1016,914,0,102,1,75887920,45175284,51959328,88,7062084,,17771612,20876984,19833984,17405340,,13174120,9551172,9053596,13396396,,14458952,11581780,11198656,14719940,,12,52,12,12,,1339284,2094440,2226204,1402156
4281,1,1017,914,0,103,0,76019812,45049268,51871748,88,7099912,,17822948,20901792,19857736,17437336,,13112764,9518252,9064872,13353380,,14397944,11585644,11211064,14677096,,12,52,12,12,,1339648,2130600,2227336,1402328
4286,1,1018,915,0,103,0,75843880,45173352,51998804,88,7101176,,17779316,20825028,19831980,17407556,,13135556,9600456,9078192,13359148,,14420976,11669804,11225004,14683020,,12,52,12,12,,1339868,2130876,2227952,1402480
4291,1,1019,915,0,104,0,75923460,45163080,51990300,88,7102996,,17792540,20843320,19882880,17404720,,13145312,9591308,9033768,13392692,,14430888,11661464,11181180,14716768,,12,52,12,12,,1340020,2131720,2228556,1402700
4297,0,1020,915,0,105,0,75896228,45055292,52011672,88,7231956,,17714240,20860496,19929600,17391892,,13232772,9431904,8980416,13410200,,14518592,11630008,11128596,14734476,,12,52,12,12,,1340284,2259452,2229328,1402892
4302,1,1021,915,0,106,0,75945860,44859796,51966460,88,7381888,,17736588,20900604,19917296,17391372,,13197548,9392104,8867200,13402944,,14483680,11591236,11164084,14727460,,12,52,12,12,,1340596,2260444,2377716,1403132
4307,1,1022,915,0,107,0,75670368,45080544,52189580,88,7384284,,17744316,20895840,19619668,17410544,,13193928,9377020,9124580,13385016,,14480340,11577368,11422148,14709724,,12,52,12,12,,1340864,2261708,2378408,1403304
4313,1,1023,915,0,108,0,75680436,45080500,52191304,88,7386076,,17735028,20874008,19623508,17447892,,13200732,9399740,9139936,13340092,,14487408,11600524,11438312,14665060,,12,52,12,12,,1341136,2262172,2379208,1403560
4319,1,1024,915,0,109,0,75692172,45080368,52193384,88,7388348,,17769140,20896896,19619468,17406668,,13174556,9397804,9124536,13383472,,14461632,11599484,11423592,14708676,,12,52,12,12,,1341524,2263112,2379912,1403800
4324,1,1025,915,0,110,0,75691052,45070480,52185596,88,7390420,,17735888,20911604,19654484,17389076,,13175812,9366760,9113260,13414648,,14463148,11568960,11413460,14740028,,12,52,12,12,,1341784,2263628,2381032,1403976
4329,1,1026,915,0,111,0,75687412,45096240,52213176,88,7392052,,17729888,20951048,19624284,17382192,,13219160,9332404,9138036,13406640,,14506692,11535176,11439084,14732224,,12,52,12,12,,1341856,2264184,2381840,1404172
4335,1,1027,915,0,112,0,75828448,44961780,52081128,88,7394480,,17765216,20968172,19703564,17391496,,13161520,9335484,9059520,13405256,,14449352,11539464,11361204,14731108,,12,52,12,12,,1342156,2265420,2382472,1404432
4341,1,1028,915,0,113,0,75682540,45075300,52197128,88,7397008,,17722468,20886352,19658920,17414800,,13209096,9380784,9110676,13374744,,14497288,11585612,11413468,14700760,,12,52,12,12,,1342516,2266288,2383604,1404600
4346,1,1029,915,0,114,0,75724812,45053548,52181204,88,7402804,,17760588,20911608,19634640,17417976,,13174460,9378028,9128008,13373052,,14467080,11583332,11431560,14699232,,12,52,12,12,,1346948,2266724,2384364,1404768
4352,1,1030,915,0,115,0,75723012,45023808,52153548,88,7404872,,17733888,20908912,19691648,17388564,,13196676,9369628,9061788,13395716,,14489604,11575896,11365924,14722124,,12,52,12,12,,1347256,2267700,2384924,1404992
4357,1,1031,915,0,116,0,75740864,44996452,52132380,88,7411080,,17742384,20908664,19709188,17380628,,13186224,9344252,9050900,13415076,,14479372,11555592,11355768,14741648,,12,52,12,12,,1347476,2272772,2385664,1405168
4363,1,1032,915,0,117,0,75770908,44993836,52131868,88,7413156,,17740016,20941052,19703180,17386660,,13193676,9325328,9064844,13409988,,14487136,11537344,11370588,14736800,,12,52,12,12,,1347784,2273428,2386536,1405408
4367,2,1033,915,0,118,0,75882772,44874548,52016888,88,7417464,,17785064,21007164,19675192,17415352,,13149184,9271944,9077352,13376068,,14442880,11485116,11385788,14703104,,12,52,12,12,,1348012,2274592,2389240,1405620
4374,0,1034,915,0,119,0,75749752,44973856,52118068,88,7419288,,17731156,20893604,19658160,17466832,,13187656,9367412,9084664,13334124,,14481680,11581124,11393884,14661380,,12,52,12,12,,1348308,2275112,2390012,1405856
4379,1,1035,915,0,120,0,75726732,45041480,52187620,88,7421244,,17781492,20848740,19679352,17417148,,13158844,9440476,9076696,13365464,,14453132,11654876,11386640,14692972,,12,52,12,12,,1348568,2275860,2390724,1406092
4383,1,1036,915,0,121,0,75679124,45045924,52194060,88,7423316,,17733752,20842548,19699016,17403808,,13177432,9433168,9063280,13372044,,14471976,11647972,11374400,14699712,,12,52,12,12,,1348832,2276304,2391916,1406264
4389,0,1037,915,0,122,0,75757068,44935640,52085148,88,7424664,,17732212,20871644,19776160,17377052,,13174912,9395676,8964040,13401012,,14469680,11611124,11275440,14728904,,12,52,12,12,,1349060,2276952,2392176,1406476
4393,2,1038,915,0,123,0,75798824,44938948,52091076,88,7427280,,17751444,20911880,19745548,17389952,,13174132,9364160,9003924,13396732,,14469152,11580680,11316408,14724836,,12,52,12,12,,1349304,2278020,2393264,1406692
4400,1,1039,915,0,124,0,75827596,44918576,52073032,88,7429604,,17802824,20878512,19722640,17423620,,13134180,9394460,9013320,13376616,,14429500,11611820,11326824,14704888,,12,52,12,12,,1349624,2278836,2394284,1406860
4405,1,1040,915,0,125,0,75734252,44972448,52128620,88,7431332,,17753404,20858604,19718576,17403668,,13158276,9410448,9034616,13369108,,14453856,11628376,11348836,14697552,,12,52,12,12,,1349864,2279412,2395024,1407032
4409,1,1041,915,0,126,0,75820684,44920852,52078500,88,7432772,,17782992,20853396,19732500,17451796,,13148460,9416432,9003656,13352304,,14444284,11635052,11318292,14680872,,12,52,12,12,,1350112,2280100,2395404,1407156
4414,1,1042,915,0,127,0,75769556,44904620,52064240,88,7434756,,17744928,20853540,19772460,17398628,,13174540,9398768,8972820,13358492,,14470616,11617976,11288368,14687280,,12,52,12,12,,1350368,2280688,2396324,1407376
4420,1,1043,915,0,128,0,75833964,44893304,52055120,88,7436956,,17746344,20877468,19813560,17396592,,13177476,9402424,8923520,13389884,,14473852,11622496,11239884,14718888,,12,52,12,12,,1350664,2281552,2397152,1407588
4426,1,1044,915,0,129,0,75809500,44894852,52059064,88,7439276,,17775756,20864300,19764368,17405076,,13150352,9402268,8959220,13383012,,14447004,11623592,11276192,14712276,,12,52,12,12,,1350940,2282800,2397740,1407796
4431,2,1045,915,0,130,0,75885392,44860680,52027432,88,7441844,,17837476,20911396,19721012,17415508,,13093072,9361128,9028028,13378452,,14390076,11583328,11346120,14707908,,12,52,12,12,,1351304,2283684,2398852,1408004
4437,1,1046,915,0,131,0,75843960,44864908,52033396,88,7443576,,17815204,20858936,19742980,17426840,,13095120,9417036,8984624,13368128,,14392452,11639704,11303448,14697792,,12,52,12,12,,1351624,2284176,2399576,1408200
4443,1,1047,915,0,132,0,75806148,44864172,52034816,88,7445756,,17787500,20856284,19764968,17397396,,13111500,9417312,8968272,13367088,,14409148,11640804,11287908,14696956,,12,52,12,12,,1351940,2285004,2400396,1408416
4448,2,1048,915,0,133,0,75751916,44945156,52118248,88,7448208,,17738000,20869700,19754788,17389428,,13171636,9399432,8988656,13385432,,14469592,11623664,11309496,14715496,,12,52,12,12,,1352256,2285748,2401584,1408620
4454,1,1049,915,0,134,0,75855712,44843660,52019132,88,7450576,,17766424,20904676,19789620,17394992,,13149308,9353016,8958072,13383264,,14447640,11578452,11279504,14713536,,12,52,12,12,,1352620,2286968,2402180,1408808
4460,1,1050,915,0,135,0,75812264,44887856,52065752,88,7453036,,17755032,20895288,19724252,17437692,,13170808,9355288,9003980,13357780,,14469496,11581488,11326500,14688268,,12,52,12,12,,1352964,2287752,2403304,1409016
4466,1,1051,915,0,136,0,75805524,44910160,52090108,88,7454992,,17762144,20853168,19726832,17463380,,13151404,9429268,9000664,13328824,,14450464,11656096,11324012,14659536,,12,52,12,12,,1353328,2288348,2404072,1409244
4471,2,1052,915,0,137,0,75894996,44789960,51971788,88,7456840,,17783540,20848236,19804444,17458776,,13137748,9404624,8920496,13327092,,14437076,11632324,11244392,14657996,,12,52,12,12,,1353592,2289208,2404608,1409432
4477,1,1053,915,0,138,0,75830100,44861188,52045280,88,7459160,,17742580,20854244,19839700,17393576,,13170412,9419704,8894888,13376184,,14470032,11648428,11219572,14707248,,12,52,12,12,,1353892,2290260,2405404,1409604
4483,1,1054,915,0,139,0,75849088,44865984,52052336,88,7461364,,17748636,20879500,19830308,17390644,,13189600,9384160,8914184,13378040,,14489540,11613644,11239860,14709292,,12,52,12,12,,1354208,2290996,2406372,1409788
4488,1,1055,915,0,140,0,75904876,44792252,51981080,88,7463876,,17809696,20890544,19798268,17406368,,13116428,9371000,8934908,13369916,,14416752,11601672,11261236,14701420,,12,52,12,12,,1354576,2292228,2407036,1410036
4493,2,1056,915,0,141,0,75913704,44804324,51994848,88,7465560,,17725176,20932228,19805120,17451180,,13195892,9329196,8929564,13349672,,14496464,11560428,11256612,14681344,,12,52,12,12,,1354820,2292768,2407764,1410208
4498,2,1057,915,0,142,0,75821552,44862268,52054872,88,7467672,,17781972,20864112,19781912,17393556,,13138168,9397968,8946984,13379148,,14439036,11630012,11274824,14711000,,12,52,12,12,,1355136,2293564,2408580,1410392
4504,1,1058,915,0,143,0,75805776,44905748,52100616,88,7469884,,17726016,20862516,19830100,17387144,,13190656,9399288,8905236,13410568,,14491856,11631876,11234252,14742632,,12,52,12,12,,1355460,2294104,2409732,1410588
4510,1,1059,915,0,144,0,75859240,44847496,52044708,88,7472228,,17734092,20886628,19851280,17387240,,13195184,9371908,8883168,13397236,,14496764,11605380,11213028,14729536,,12,52,12,12,,1355836,2294968,2410584,1410840
4516,1,1060,915,0,145,0,75942572,44743120,51942404,88,7474384,,17773448,20947860,19812476,17408788,,13150700,9307100,8904028,13381292,,14452520,11541768,11234320,14713796,,12,52,12,12,,1356096,2296200,2411064,1411024
4521,1,1061,915,0,146,0,75999560,44670188,51872064,88,7476956,,17736560,21025108,19801384,17436508,,13153352,9239796,8912476,13364564,,14455468,11475384,11243948,14697264,,12,52,12,12,,1356400,2297120,2412204,1411232
4527,1,1062,915,0,147,0,75957536,44743720,51947636,88,7479084,,17776932,20953616,19777040,17449948,,13129404,9299184,8969272,13345860,,14431840,11535572,11301476,14678748,,12,52,12,12,,1356740,2297996,2412932,1411416
4533,1,1063,915,0,148,0,75917432,44757340,51962796,88,7480600,,17754928,20950016,19813932,17398556,,13160924,9305188,8920400,13370828,,14463584,11542092,11253168,14703952,,12,52,12,12,,1356980,2298476,2413496,1411648
4538,1,1064,915,0,149,0,75913412,44726380,51934052,88,7482784,,17751120,20961192,19806792,17394308,,13162624,9283044,8906340,13374372,,14465524,11520976,11239880,14707672,,12,52,12,12,,1357196,2299464,2414288,1411836
4543,1,1065,915,0,150,0,75932540,44742256,51952688,88,7485524,,17765220,20964016,19816328,17386976,,13160632,9277560,8915000,13389064,,14463900,11516680,11249540,14722568,,12,52,12,12,,1357560,2300664,2415268,1412032
4549,1,1066,915,0,151,0,75974084,44685732,51898556,88,7487884,,17773888,20984356,19796428,17419412,,13153652,9261008,8918444,13352628,,14457244,11501040,11253936,14686336,,12,52,12,12,,1357896,2301536,2416220,1412232
4554,2,1067,915,0,152,0,76068840,44589404,51804136,88,7489812,,17768204,21008620,19827376,17464640,,13147388,9237380,8889188,13315448,,14451272,11478016,11225536,14649312,,12,52,12,12,,1358200,2302148,2417068,1412396
4560,1,1068,915,0,153,0,75933704,44744512,51961088,88,7491612,,17760264,20943164,19844984,17385292,,13168036,9292608,8876488,13407380,,14472228,11534012,11213392,14741456,,12,52,12,12,,1358480,2302900,2417636,1412596
4565,1,1069,915,0,154,0,75936884,44716584,51935412,88,7493864,,17738304,20930720,19882636,17385224,,13171036,9310428,8832028,13403092,,14475624,11552444,11169988,14737356,,12,52,12,12,,1358876,2303516,2418688,1412784
4571,1,1070,915,0,155,0,76014644,44635376,51855980,88,7495640,,17745312,20969604,19920732,17378996,,13164988,9283808,8791664,13394916,,14469832,11526340,11130388,14729420,,12,52,12,12,,1359124,2304028,2419464,1413024
4576,1,1071,915,0,156,0,76006236,44642332,51865332,88,7498016,,17771140,20971224,19853112,17410760,,13133812,9269276,8854384,13384860,,14439040,11513084,11193620,14719588,,12,52,12,12,,1359492,2305308,2419964,1413252
4581,1,1072,915,0,157,0,76023100,44597744,51823084,88,7500368,,17743452,20995156,19854924,17429568,,13157500,9260468,8840284,13339492,,14462964,11505056,11180632,14674432,,12,52,12,12,,1359720,2306116,2421080,1413452
4587,1,1073,915,0,158,0,76014620,44631504,51858696,88,7502200,,17764812,20946548,19847260,17456000,,13140332,9298880,8869512,13322780,,14446096,11544052,11210588,14657960,,12,52,12,12,,1360020,2306676,2421800,1413704
4592,1,1074,915,0,159,0,75992932,44658336,51887368,88,7504052,,17750584,20940056,19853124,17449168,,13147640,9307888,8867080,13335728,,14453648,11553916,11208692,14671112,,12,52,12,12,,1360288,2307532,2422324,1413908
4597,2,1075,915,0,160,0,75989868,44653280,51884568,88,7506292,,17741284,20957440,19896820,17394324,,13163056,9296556,8832088,13361580,,14469344,11543528,11174536,14697160,,12,52,12,12,,1360556,2308472,2423160,1414104
4604,1,1076,915,0,161,0,76054624,44557772,51791700,88,7508924,,17756888,20991384,19912324,17394028,,13133708,9241532,8794708,13387824,,14440328,11489604,11138176,14723592,,12,52,12,12,,1360880,2309576,2424180,1414288
4609,2,1077,915,0,162,0,76042060,44618232,51854608,88,7511344,,17778684,20986788,19841876,17434712,,13141332,9249040,8871532,13356328,,14448280,11497948,11216036,14692344,,12,52,12,12,,1361224,2310416,2425220,1414484
4615,1,1078,915,0,163,0,75991724,44660324,51898628,88,7513264,,17758776,20965388,19849164,17418396,,13167268,9263956,8867892,13361208,,14474608,11513432,11213136,14697452,,12,52,12,12,,1361592,2310992,2425972,1414708
4620,1,1079,915,0,164,0,75961208,44676108,51916392,88,7515276,,17791776,20943728,19838720,17386984,,13135220,9294144,8874036,13372708,,14442768,11544404,11220108,14709112,,12,52,12,12,,1361808,2311760,2426808,1414900
4626,1,1080,915,0,165,0,75982012,44670636,51912868,88,7517192,,17750720,20951120,19884140,17396032,,13157000,9287492,8836360,13389784,,14464884,11538328,11183244,14726412,,12,52,12,12,,1362152,2312336,2427604,1415100
4632,1,1081,915,0,166,0,76010516,44642652,51887320,88,7519616,,17757880,20972416,19891100,17389120,,13162160,9272688,8812112,13395692,,14470384,11524496,11159976,14732464,,12,52,12,12,,1362484,2313308,2428576,1415248
4637,1,1082,915,0,167,0,76000052,44642052,51888816,88,7521720,,17777604,20936424,19871900,17414124,,13140020,9309632,8809728,13382672,,14448476,11562372,11158272,14719696,,12,52,12,12,,1362732,2314248,2429248,1415492
4643,1,1083,915,0,168,0,75979376,44653528,51902576,88,7524004,,17750204,20936228,19823856,17469088,,13162652,9304280,8865924,13320672,,14471452,11557944,11215256,14657924,,12,52,12,12,,1363068,2315164,2430048,1415724
4648,2,1084,915,0,169,0,75984376,44657268,51908528,88,7526216,,17794292,20884420,19842328,17463336,,13130024,9350916,8859952,13316376,,14439188,11605448,11210068,14653824,,12,52,12,12,,1363416,2316024,2430844,1415932
4654,1,1085,915,0,170,0,75936052,44697300,51950668,88,7528296,,17775348,20905516,19867240,17387948,,13132572,9341800,8845436,13377492,,14442052,11596924,11196496,14715196,,12,52,12,12,,1363744,2316604,2431804,1416144
4660,1,1086,915,0,171,0,75982056,44635952,51891328,88,7530272,,17752544,20932192,19902564,17394756,,13154792,9299268,8801832,13380060,,14464620,11555156,11153616,14717936,,12,52,12,12,,1364084,2317368,2432500,1416320
4665,1,1087,915,0,172,0,76034928,44607848,51865424,88,7532460,,17788324,20934292,19923856,17388456,,13129328,9303100,8796948,13378472,,14439444,11560200,11149264,14716516,,12,52,12,12,,1364368,2318580,2433024,1416488
4670,1,1088,915,0,173,0,75931660,44692592,51952596,88,7534912,,17724436,20937524,19846900,17422800,,13174324,9301156,8866692,13350420,,14484740,11559020,11220156,14688680,,12,52,12,12,,1364676,2319352,2434176,1416708
4676,1,1089,915,0,174,0,75932488,44686044,51948040,88,7536872,,17754728,20917112,19842632,17418016,,13162244,9309228,8855652,13358920,,14473048,11567708,11209876,14697408,,12,52,12,12,,1365060,2319956,2434920,1416936
4682,1,1090,915,0,175,0,75734956,44862564,52127080,88,7539404,,17748088,20722596,19870740,17393532,,13160168,9502192,8832236,13367968,,14471340,11761656,11187416,14706668,,12,52,12,12,,1365436,2320944,2435876,1417148
4688,2,1091,915,0,176,0,75720460,44923656,52190492,88,7541756,,17729476,20754256,19842400,17394328,,13189956,9470756,8865624,13397320,,14501432,11731004,11221844,14736212,,12,52,12,12,,1365752,2321724,2436940,1417340
4694,2,1092,915,0,177,0,75856352,44800768,52070132,88,7544296,,17775976,20809932,19877308,17393136,,13152676,9426584,8833212,13388296,,14464592,11687960,11190188,14727392,,12,52,12,12,,1366168,2322908,2437672,1417548
4700,1,1093,915,0,178,0,75685312,44915796,52187612,88,7546696,,17746396,20774016,19744252,17420648,,13170700,9429336,8959520,13356240,,14482932,11691532,11317548,14695600,,12,52,12,12,,1366488,2323668,2438732,1417808
4705,2,1094,915,0,179,0,75670776,44964124,52237652,88,7548352,,17751404,20736044,19717880,17465448,,13149796,9504512,8995104,13314712,,14462240,11767284,11353904,14654224,,12,52,12,12,,1366680,2324232,2439480,1417960
4711,1,1095,915,0,180,0,75688552,44919752,52195440,88,7550524,,17810280,20733040,19763216,17382016,,13114240,9482052,8935512,13387948,,14427136,11745676,11294924,14727704,,12,52,12,12,,1367152,2325084,2440092,1418196
4717,1,1096,915,0,181,0,75713812,44911304,52188832,88,7552384,,17749736,20777712,19796508,17389856,,13169792,9436824,8905696,13398992,,14482936,11701160,11265856,14738880,,12,52,12,12,,1367404,2325800,2440836,1418344
4721,1,1097,915,0,182,0,75740996,44856180,52136052,88,7554724,,17752536,20808276,19794216,17385968,,13155572,9397268,8902428,13400912,,14468884,11662616,11263516,14741036,,12,52,12,12,,1367568,2326812,2441772,1418572
4727,1,1098,915,0,183,0,75751160,44863900,52145840,88,7556788,,17782864,20822336,19740292,17405668,,13132380,9414148,8937728,13379644,,14446016,11680384,11299496,14719944,,12,52,12,12,,1367892,2327700,2442448,1418748
4733,1,1099,915,0,184,0,75789312,44846256,52130340,88,7558912,,17748168,20858032,19740832,17442280,,13160052,9369944,8968196,13348064,,14473940,11637068,11330792,14688540,,12,52,12,12,,1368136,2328588,2443264,1418924
4738,1,1100,915,0,185,0,75726656,44874776,52161028,88,7561096,,17765508,20803776,19735836,17421536,,13148364,9419872,8969268,13337272,,14462592,11687828,11332684,14677924,,12,52,12,12,,1368468,2329424,2444096,1419108
4744,1,1101,915,0,186,0,75681728,44872860,52161664,88,7563640,,17740740,20795616,19759404,17385968,,13137844,9424932,8938112,13371972,,14452392,11693656,11302776,14712840,,12,52,12,12,,1368788,2330200,2445320,1419332
4750,1,1102,915,0,187,0,75723620,44869696,52160192,88,7565368,,17740124,20818460,19785056,17379980,,13144420,9415316,8910520,13399440,,14459236,11684712,11275760,14740484,,12,52,12,12,,1369060,2330848,2445972,1419488
4755,1,1103,915,0,188,0,75722820,44868808,52161768,88,7567780,,17779960,20802672,19748092,17392096,,13115040,9414400,8940548,13398820,,14430168,11685004,11306460,14740136,,12,52,12,12,,1369352,2332056,2446596,1419776
4761,1,1104,915,0,189,0,75817424,44777340,52072876,88,7570336,,17764248,20848584,19786516,17418076,,13147600,9382464,8889116,13358160,,14463072,11653928,11256220,14699656,,12,52,12,12,,1369696,2332912,2447784,1419944
4767,0,1105,915,0,190,0,75734660,44854064,52151136,88,7571832,,17771924,20800944,19747200,17414592,,13146564,9420680,8935096,13351724,,14462248,11692656,11302888,14693344,,12,52,12,12,,1369908,2333428,2448436,1420060
4772,1,1106,915,0,191,0,75887712,44723092,52022100,88,7573780,,17824348,20838796,19775208,17449360,,13085828,9387356,8908124,13341784,,14401860,11660240,11276452,14683548,,12,52,12,12,,1370272,2334304,2448972,1420232
4777,2,1107,915,0,192,0,75845476,44752632,52054144,88,7576248,,17767460,20859004,19822244,17396768,,13132200,9360544,8874532,13385356,,14448588,11634404,11243732,14727420,,12,52,12,12,,1370616,2335280,2449840,1420512
4783,1,1108,915,0,193,0,75867320,44743068,52047244,88,7578892,,17782184,20869628,19821564,17393944,,13115104,9356424,8876856,13394684,,14431856,11631360,11247076,14736952,,12,52,12,12,,1370976,2336352,2450852,1420712
4789,1,1109,915,0,194,0,75883956,44680268,51986376,88,7580836,,17785596,20909980,19772768,17415612,,13118716,9287068,8913644,13360840,,14435800,11562840,11284460,14703276,,12,52,12,12,,1371304,2337188,2451448,1420896
4794,1,1110,915,0,195,0,75946732,44632652,51940736,88,7582880,,17772668,20897892,19845176,17430996,,13128056,9315964,8840144,13348488,,14445440,11592188,11211964,14691144,,12,52,12,12,,1371616,2337700,2452456,1421108
4799,2,1111,915,0,196,0,75902064,44664348,51974432,88,7584884,,17768848,20859116,19813432,17460668,,13130644,9357300,8860300,13316104,,14448328,11634312,11232808,14658984,,12,52,12,12,,1371920,2338492,2453140,1421332
4805,1,1112,915,0,197,0,75728780,44833636,52145620,88,7586780,,17731048,20853188,19734476,17410068,,13153572,9382000,8942452,13355612,,14471592,11659488,11315884,14698656,,12,52,12,12,,1372256,2338960,2454064,1421500
4810,1,1113,915,0,198,0,75784352,44823372,52137368,88,7588804,,17742844,20878904,19766744,17395860,,13167784,9340816,8929684,13385088,,14486056,11618976,11303968,14728368,,12,52,12,12,,1372500,2339640,2454936,1421728
4815,1,1114,915,0,199,0,75827400,44742564,52058708,88,7590976,,17756812,20927868,19733636,17409084,,13133980,9290188,8942308,13376088,,14452516,11569536,11317068,14719588,,12,52,12,12,,1372760,2340844,2455432,1421940
4821,2,1115,915,0,200,0,75882616,44675484,51994352,88,7593692,,17831928,20907612,19700700,17442376,,13059044,9290008,8978860,13347572,,14377880,11570312,11354840,14691320,,12,52,12,12,,1373060,2341852,2456592,1422188
4827,1,1116,915,0,201,0,75664476,44939224,52259668,88,7595264,,17766880,20696480,19744960,17456156,,13129284,9539652,8949572,13320716,,14448408,11820380,11326228,14664652,,12,52,12,12,,1373352,2342248,2457284,1422380
4832,1,1117,915,0,202,0,75698276,44876848,52199140,88,7597088,,17817436,20706260,19779028,17395552,,13090476,9504800,8899848,13381724,,14409880,11786336,11277080,14725844,,12,52,12,12,,1373628,2343060,2457844,1422556
4838,1,1118,915,0,203,0,75720528,44856524,52181176,88,7599464,,17740160,20755708,19820600,17404060,,13167708,9450388,8856824,13381604,,14487456,11732928,11234880,14725912,,12,52,12,12,,1373968,2344052,2458700,1422744
4844,1,1119,915,0,204,0,75780944,44808164,52135488,88,7602144,,17778012,20789716,19827872,17385344,,13132296,9423196,8857300,13395372,,14452348,11706852,11236352,14739936,,12,52,12,12,,1374284,2345184,2459672,1423004
4850,1,1120,915,0,205,0,75776456,44817588,52147544,88,7604760,,17804216,20792412,19757564,17422264,,13111580,9417084,8939844,13349080,,14431964,11701632,11320016,14693932,,12,52,12,12,,1374612,2346060,2460796,1423292
4855,2,1121,915,0,206,0,75772388,44742320,52073988,88,7606504,,17760976,20800796,19750140,17460476,,13110728,9389496,8921612,13320484,,14431340,11674584,11302564,14665500,,12,52,12,12,,1374832,2346644,2461576,1423452
4861,1,1122,915,0,207,0,75685820,44827564,52161616,88,7608848,,17773488,20733308,19758164,17420860,,13109144,9447224,8930716,13340480,,14430164,11733212,11312572,14685668,,12,52,12,12,,1375248,2347500,2462472,1423628
4867,1,1123,915,0,208,0,75673072,44863352,52199312,88,7610772,,17742792,20730772,19817852,17381656,,13154296,9460316,8869264,13379476,,14475688,11746824,11251908,14724892,,12,52,12,12,,1375620,2348024,2463268,1423860
4872,1,1124,915,0,209,0,75708016,44833980,52172208,88,7613052,,17740700,20768656,19804500,17394160,,13157236,9439836,8853636,13383272,,14478920,11727252,11237140,14728896,,12,52,12,12,,1375908,2348904,2464168,1424072
4877,2,1125,915,0,210,0,75776952,44789556,52129996,88,7615260,,17776744,20770060,19819872,17410276,,13137316,9426012,8862900,13363328,,14459380,11714292,11247156,14709168,,12,52,12,12,,1376308,2349800,2464876,1424276
4882,2,1126,915,0,211,0,75733196,44799188,52141860,88,7617492,,17758040,20791264,19754428,17429464,,13149308,9408948,8906948,13333984,,14471660,11698164,11291996,14680040,,12,52,12,12,,1376616,2350712,2465668,1424496
4888,1,1127,915,0,212,0,75739104,44806160,52150944,88,7619580,,17783468,20734608,19766724,17454304,,13120696,9456340,8904080,13325044,,14443436,11746268,11289976,14671264,,12,52,12,12,,1376976,2351436,2466512,1424656
4894,1,1128,915,0,213,0,75759512,44780504,52127508,88,7621772,,17819016,20740404,19813344,17386748,,13081996,9446728,8862908,13388872,,14405108,11737396,11249716,14735288,,12,52,12,12,,1377348,2352148,2467424,1424852
4900,1,1129,915,0,214,0,75733712,44795000,52144168,88,7623928,,17748496,20760924,19838288,17386004,,13154148,9447652,8821128,13372072,,14477548,11739148,11208728,14718744,,12,52,12,12,,1377636,2352964,2468208,1425120
4905,2,1130,915,0,215,0,75722052,44776800,52128280,88,7626240,,17769592,20771056,19788988,17392416,,13116100,9416624,8876012,13368064,,14439840,11709352,11264152,14714936,,12,52,12,12,,1377960,2354204,2468764,1425312
4911,1,1131,915,0,216,0,75872124,44656832,52010892,88,7628812,,17774712,20770564,19897908,17428940,,13085204,9439652,8767904,13364072,,14409332,11733268,11157160,14711132,,12,52,12,12,,1378352,2355092,2469868,1425500
4916,1,1132,915,0,217,0,75796720,44699540,52055084,88,7630256,,17758464,20732764,19897816,17407676,,13135992,9451168,8754876,13357504,,14460356,11745252,11144752,14704724,,12,52,12,12,,1378580,2355552,2470468,1425656
4921,1,1133,915,0,218,0,75801076,44704268,52061580,88,7632088,,17781080,20738708,19910496,17370792,,13121320,9442280,8754432,13386236,,14445836,11737048,11145068,14733628,,12,52,12,12,,1378744,2356240,2471268,1425836
4926,2,1134,915,0,219,0,75859348,44667012,52026444,88,7634172,,17738872,20779764,19965088,17375624,,13158160,9410560,8713652,13384640,,14483048,11705948,11105204,14732244,,12,52,12,12,,1379120,2356844,2472160,1426048
4932,1,1135,915,0,220,0,75898944,44629176,51991192,88,7636760,,17738644,20803884,19978264,17378152,,13148268,9387584,8694052,13399272,,14473524,11683964,11086616,14747088,,12,52,12,12,,1379488,2357844,2473168,1426260
4938,1,1136,915,0,221,0,75935456,44574820,51939324,88,7639236,,17771844,20817588,19943644,17402380,,13124908,9361916,8707832,13380164,,14450456,11659588,11101080,14728200,,12,52,12,12,,1379772,2359148,2473844,1426472
4944,1,1137,915,0,222,0,76065220,44480888,51847340,88,7641208,,17737888,20969008,19914180,17444144,,13149428,9231228,8763948,13336284,,14475352,11529488,11157960,14684540,,12,52,12,12,,1380172,2359708,2474624,1426704
4949,1,1138,915,0,223,0,76028756,44466772,51835576,88,7643532,,17769168,20911456,19913620,17434512,,13114116,9266132,8751404,13335120,,14440388,11565196,11146420,14683572,,12,52,12,12,,1380492,2360524,2475632,1426884
4955,1,1139,915,0,224,0,76022188,44478696,51849576,88,7645616,,17742248,20927808,19962100,17390032,,13130828,9273180,8692876,13381812,,14457400,11572940,11088788,14730448,,12,52,12,12,,1380800,2361212,2476520,1427084
4961,1,1140,915,0,225,0,76088576,44428948,51804396,88,7650164,,17737804,20959840,20003848,17387084,,13144708,9223524,8674352,13386364,,14471656,11526436,11071084,14735220,,12,52,12,12,,1381172,2364360,2477340,1427292
4967,1,1141,915,0,226,0,76258304,44257744,51637572,88,7654556,,17779440,21084844,19989916,17404104,,13102324,9093796,8691144,13370480,,14429596,11397628,11090732,14719616,,12,52,12,12,,1381504,2365292,2480188,1427572
4973,1,1142,915,0,227,0,76230040,44294640,51677048,88,7657156,,17742964,21085344,19952860,17448872,,13155800,9089304,8718012,13331524,,14483432,11394124,11118660,14680832,,12,52,12,12,,1381872,2366292,2481248,1427744
4979,1,1143,915,0,228,0,76204312,44296808,51681436,88,7659320,,17794384,21033080,19953696,17423152,,13095180,9144532,8711380,13345716,,14423252,11450168,11112808,14695208,,12,52,12,12,,1382300,2367084,2482012,1427924
4985,1,1144,915,0,229,0,76212204,44271908,51658824,88,7661640,,17778852,21015736,20006768,17410848,,13102684,9169264,8656996,13342964,,14431032,11475452,11059532,14692808,,12,52,12,12,,1382592,2367652,2483116,1428280
4991,1,1145,915,0,230,0,76188148,44317216,51705912,88,7663388,,17749720,21077644,19995952,17364832,,13131856,9114868,8663020,13407472,,14460516,11421636,11066272,14757488,,12,52,12,12,,1382888,2368208,2483828,1428464
4996,1,1146,915,0,231,0,76218320,44299276,51690236,88,7665608,,17778744,21065984,19999404,17374188,,13122364,9122448,8645868,13408596,,14451304,11430424,11049668,14758840,,12,52,12,12,,1383156,2369404,2484372,1428676
5001,1,1147,915,0,232,0,76287128,44191884,51585200,88,7667944,,17807980,21105756,19968080,17405312,,13086164,9068948,8685992,13350780,,14415380,11377792,11090856,14701172,,12,52,12,12,,1383436,2370256,2485432,1428820
5006,2,1148,915,0,233,0,76191628,44287108,51682164,88,7669704,,17751324,21063076,19973376,17403852,,13148020,9100816,8672380,13365892,,14477576,11410044,11078024,14716520,,12,52,12,12,,1383764,2370656,2486216,1429068
5011,1,1149,915,0,234,0,76202836,44272820,51669536,88,7671360,,17725572,21058700,19981888,17436676,,13140184,9112272,8687796,13332568,,14469992,11422152,11093980,14683412,,12,52,12,12,,1384008,2371308,2486748,1429296
5017,2,1150,915,0,235,0,75949396,44539368,51938752,88,7673976,,17745560,21064132,19748624,17391080,,13154836,9113408,8909392,13361732,,14485024,11424492,11316408,14712828,,12,52,12,12,,1384384,2372500,2487560,1429532
5023,2,1151,915,0,236,0,76007860,44511608,51913616,88,7676624,,17745124,21110668,19770300,17381768,,13160076,9066412,8881644,13403476,,14490568,11378604,11289680,14754764,,12,52,12,12,,1384684,2373604,2488576,1429760
5029,1,1152,915,0,237,0,76021008,44463956,51867968,88,7678568,,17780728,21113252,19716716,17410312,,13118880,9071072,8924840,13349164,,14449608,11384104,11333508,14700748,,12,52,12,12,,1384908,2374448,2489200,1430012
5035,1,1153,915,0,238,0,76067256,44411480,51817860,88,7680964,,17744828,21158332,19716672,17447424,,13136504,9030816,8929280,13314880,,14467620,11344428,11339116,14666696,,12,52,12,12,,1385300,2375036,2490376,1430252
5040,1,1154,915,0,239,0,76066336,44394688,51803164,88,7683036,,17787488,21091764,19727396,17459688,,13097476,9078444,8912612,13306156,,14428908,11392816,11323256,14658184,,12,52,12,12,,1385620,2375764,2491180,1430472
5046,1,1155,915,0,240,0,75978004,44481444,51891660,88,7684788,,17743268,21074412,19772424,17387900,,13123456,9091648,8883660,13382680,,14455108,11406592,11295100,14734860,,12,52,12,12,,1385856,2376340,2491976,1430616
5051,1,1156,915,0,241,0,75997700,44485436,51897348,88,7686472,,17731288,21115512,19771944,17378956,,13147772,9057076,8884716,13395872,,14479664,11372560,11296868,14748256,,12,52,12,12,,1386084,2376884,2492684,1430820
5056,1,1157,915,0,242,0,76077920,44400420,51814476,88,7688656,,17774536,21117752,19797864,17387768,,13102472,9050820,8861248,13385880,,14434656,11367452,11273924,14738444,,12,52,12,12,,1386384,2378036,2493224,1431012
5061,1,1158,915,0,243,0,76018064,44439676,51856280,88,7691164,,17735636,21127556,19744304,17410568,,13129328,9057060,8896280,13357008,,14461872,11374584,11310080,14709744,,12,52,12,12,,1386720,2378928,2494340,1431176
5067,1,1159,915,0,244,0,76007044,44469108,51887432,88,7692868,,17759224,21086736,19749524,17411560,,13133388,9089488,8886980,13359252,,14466208,11407488,11301524,14712212,,12,52,12,12,,1386992,2379400,2495080,1431396
5072,1,1160,915,0,245,0,76085288,44394072,51811712,88,7692176,,17793400,21091248,19754704,17445936,,13096704,9086268,8891460,13319640,,14429828,11405176,11306548,14670160,,12,52,12,12,,1387296,2380304,2495620,1428956
5077,1,1161,915,0,246,0,76058144,44407848,51827772,88,7694452,,17754380,21098148,19803612,17402004,,13136640,9079156,8831116,13360936,,14470076,11399008,11247012,14711676,,12,52,12,12,,1387604,2381244,2496432,1429172
5083,1,1162,915,0,247,0,76061644,44389868,51812012,88,7696680,,17760104,21102396,19809384,17389760,,13122956,9067856,8827416,13371640,,14456664,11388416,11244332,14722600,,12,52,12,12,,1387888,2381952,2497440,1429400
5088,1,1163,915,0,248,0,76070500,44429904,51854524,88,7699156,,17785940,21110908,19738776,17434876,,13119976,9053836,8920572,13335520,,14454064,11375620,11338124,14686716,,12,52,12,12,,1388264,2383184,2498072,1429636
5094,2,1164,915,0,249,0,76024972,44439800,51866856,88,7701604,,17772556,21079980,19770840,17401596,,13109256,9085860,8878432,13366252,,14443668,11408308,11297176,14717704,,12,52,12,12,,1388596,2383848,2499272,1429888
5100,2,1165,915,0,250,0,76141308,44327352,51756680,88,7703840,,17824084,21080156,19794260,17442808,,13074204,9079096,8853560,13320492,,14408948,11402372,11273260,14672100,,12,52,12,12,,1388920,2384652,2500220,1430048
5107,1,1166,915,0,251,0,76125008,44322784,51754120,88,7705824,,17768356,21083488,19885148,17388016,,13119172,9080248,8762468,13360896,,14454300,11404164,11182940,14712716,,12,52,12,12,,1389296,2385276,2500992,1430260
5113,1,1167,915,0,252,0,76075304,44383124,51817148,88,7708532,,17761324,21109736,19828512,17375732,,13122308,9057748,8805756,13397312,,14457784,11382736,11227240,14749388,,12,52,12,12,,1389632,2386352,2502024,1430524
5119,1,1168,915,0,253,0,76174824,44272756,51709604,88,7711316,,17799536,21113424,19851340,17410524,,13081928,9049924,8784660,13356244,,14417708,11376116,11207236,14708544,,12,52,12,12,,1389952,2387536,2503092,1430736
5125,1,1169,915,0,254,0,76031152,44383248,51822100,88,7713336,,17751724,21072260,19810232,17396936,,13123764,9086576,8819424,13353484,,14459880,11413452,11242812,14705956,,12,52,12,12,,1390276,2388232,2503912,1430916
5131,1,1170,915,0,255,0,76115716,44309524,51750476,88,7715412,,17804112,21077576,19834244,17399784,,13078976,9082744,8806296,13341508,,14415432,11410492,11230344,14694208,,12,52,12,12,,1390628,2389092,2504544,1431148
5137,1,1171,915,0,256,0,76085480,44342712,51785864,88,7717620,,17746920,21085204,19864368,17388988,,13125452,9083072,8764660,13369528,,14462172,11411808,11189436,14722448,,12,52,12,12,,1390900,2390096,2505276,1431348
5142,1,1172,915,0,257,0,76068492,44358380,51803872,88,7719952,,17734524,21081776,19876276,17375916,,13151444,9080084,8743772,13383080,,14488556,11409572,11169520,14736224,,12,52,12,12,,1391296,2390824,2506248,1431584
5148,1,1173,914,0,259,1,76140756,44329656,51777580,88,7722360,,17777128,21128472,19832308,17402848,,13122728,9040460,8799560,13366908,,14460196,11371072,11226052,14720260,,12,52,12,12,,1391648,2391952,2506972,1431788
5154,1,1174,914,0,260,1,76064140,44404364,51854648,88,7724712,,17752140,21041200,19824576,17446224,,13132292,9125128,8823632,13323312,,14470048,11456404,11251344,14676852,,12,52,12,12,,1391932,2392608,2508196,1431976
5160,1,1175,914,0,261,1,76087020,44333672,51783276,88,7724032,,17793012,21042748,19816196,17435064,,13098332,9122664,8801828,13310848,,14433524,11454808,11230352,14664592,,12,52,12,12,,1389368,2393476,2509012,1432176
5165,1,1176,914,0,262,1,76036696,44386956,51838268,88,7725776,,17731928,21044712,19861116,17398940,,13146604,9120976,8770276,13349100,,14482072,11453664,11199548,14702984,,12,52,12,12,,1389644,2394028,2509752,1432352
5170,1,1177,914,0,263,1,75923908,44488064,51941224,88,7727572,,17742308,21073592,19728268,17379740,,13131628,9069620,8900464,13386352,,14467384,11402884,11330532,14740424,,12,52,12,12,,1389928,2394584,2510552,1432508
5176,1,1178,914,0,264,1,75922284,44551176,52005848,88,7730412,,17763100,21021440,19739544,17398200,,13132880,9142632,8901836,13373828,,14469008,11476240,11332464,14728136,,12,52,12,12,,1390304,2395932,2511428,1432748
5182,2,1179,914,0,265,0,75859216,44534508,51992372,88,7733104,,17735620,21057384,19682648,17383564,,13128584,9100584,8944356,13360984,,14465132,11435460,11376220,14715560,,12,52,12,12,,1390720,2397060,2512312,1433012
5189,1,1180,915,0,265,0,75897600,44520292,51981812,88,7735460,,17770632,20993164,19684772,17449032,,13108492,9140024,8947756,13324020,,14445284,11477264,11380436,14678828,,12,52,12,12,,1390984,2398104,2513132,1433240
5194,2,1181,915,0,266,0,75837460,44587756,52051364,88,7737556,,17730380,21005372,19712724,17388984,,13161212,9155564,8895628,13375352,,14498396,11493424,11329200,14730344,,12,52,12,12,,1391368,2398740,2514028,1433420
5200,1,1182,915,0,267,0,75878064,44554424,52020556,88,7740116,,17743628,21048940,19703288,17382208,,13150748,9101128,8926980,13375568,,14488288,11440184,11361308,14730776,,12,52,12,12,,1391720,2399960,2514796,1433640
5206,1,1183,915,0,268,0,75734604,44697872,52165856,88,7741892,,17776604,20830592,19729796,17397612,,13114632,9326332,8890008,13366900,,14452444,11666272,11324860,14722280,,12,52,12,12,,1391980,2400800,2515292,1433820
5211,1,1184,915,0,269,0,75722996,44712612,52183348,88,7744672,,17747996,20838680,19695572,17440748,,13125320,9314548,8938072,13334672,,14463584,11655368,11374036,14690360,,12,52,12,12,,1392460,2401696,2516400,1434116
5217,1,1185,915,0,270,0,75653632,44791908,52264484,88,7746340,,17785316,20764804,19683128,17420384,,13100468,9402620,8938204,13350616,,14439060,11744040,11374940,14706444,,12,52,12,12,,1392764,2402284,2517176,1434116
5223,1,1186,915,0,271,0,75653612,44739232,52214120,88,7748680,,17748160,20803352,19724404,17377696,,13132532,9349084,8886016,13371600,,14471492,11691352,11323632,14727644,,12,52,12,12,,1393136,2403136,2518068,1434340
5229,2,1187,915,0,272,0,75675632,44703320,52180632,88,7751132,,17745500,20806924,19743296,17379912,,13140336,9330424,8863884,13368676,,14479664,11673456,11302604,14724908,,12,52,12,12,,1393504,2403884,2519224,1434520
5235,1,1188,915,0,273,0,75757128,44682568,52162216,88,7753428,,17763840,20845608,19760444,17387236,,13130596,9309328,8870336,13372308,,14470232,11653552,11309636,14728796,,12,52,12,12,,1393804,2405092,2519752,1434780
5241,1,1189,915,0,274,0,75733052,44685416,52167680,88,7756024,,17748280,20865228,19711672,17407872,,13137332,9274644,8904888,13368552,,14477248,11619820,11345364,14725248,,12,52,12,12,,1394076,2406036,2520916,1434996
5246,2,1190,915,0,275,0,75753764,44669504,52153440,88,7757700,,17760896,20857088,19727604,17408176,,13120824,9292820,8899944,13355916,,14461096,11638460,11341092,14712792,,12,52,12,12,,1394436,2406504,2521592,1435168
5252,1,1191,915,0,276,0,75782024,44596656,52082512,88,7759632,,17805688,20866748,19723604,17385984,,13059428,9271456,8903684,13362088,,14400036,11617928,11345400,14719148,,12,52,12,12,,1394780,2407344,2522152,1435356
5257,2,1192,915,0,277,0,75789684,44602152,52090556,88,7762112,,17747044,20889496,19773528,17379616,,13123580,9250512,8849868,13378192,,14464560,11598012,11292492,14735492,,12,52,12,12,,1395108,2408360,2523052,1435592
5263,2,1193,915,0,277,0,75910576,44467892,51958824,88,7764648,,17762392,20978392,19781728,17388064,,13105404,9153764,8826852,13381872,,14446680,11502228,11270500,14739416,,12,52,12,12,,1395408,2409312,2524092,1435836
5268,2,1194,915,0,279,0,75914760,44472896,51966212,88,7767080,,17730064,21048116,19722684,17413896,,13142188,9096432,8874992,13359284,,14483744,11445840,11319596,14717032,,12,52,12,12,,1395704,2410288,2525048,1436040
5274,1,1195,915,0,280,0,76006056,44424568,51919824,88,7769060,,17754060,21049680,19730332,17471984,,13120288,9091968,8905420,13306892,,14462168,11441944,11350904,14664808,,12,52,12,12,,1396032,2410900,2525920,1436208
5279,2,1196,915,0,281,0,75960268,44426376,51923444,88,7770908,,17783144,21008344,19737888,17430892,,13108612,9133200,8860708,13323856,,14450752,11483992,11306748,14681952,,12,52,12,12,,1396304,2411708,2526504,1436392
5285,1,1197,915,0,282,0,76056776,44335440,51874404,88,7811240,,17820664,21012212,19776148,17447752,,13056072,9141516,8838216,13299636,,14398472,11492960,11285368,14697604,,12,52,12,12,,1396548,2412368,2527576,1474748
5290,2,1198,915,0,283,0,76089876,44291236,51835252,88,7815928,,17766228,21086120,19823924,17413604,,13096872,9061432,8789076,13343856,,14439584,11413312,11236944,14745412,,12,52,12,12,,1396856,2412900,2528304,1477868
5296,1,1199,915,0,284,0,76180788,44186140,51732220,88,7818004,,17793196,21173532,19795172,17418888,,13088236,8957192,8813268,13327444,,14431244,11310208,11261616,14729152,,12,52,12,12,,1397160,2414048,2528788,1478008
5301,1,1200,915,0,285,0,76169104,44186668,51735316,88,7820580,,17841324,21137636,19745732,17444412,,13039528,8976736,8870932,13299472,,14382808,11330632,11320444,14701432,,12,52,12,12,,1397440,2414932,2529936,1478272
5307,1,1201,915,0,286,0,76083880,44273620,51824276,88,7822528,,17791092,21095908,19742656,17454224,,13069028,9045472,8874424,13284696,,14412652,11399984,11324712,14686928,,12,52,12,12,,1397768,2415516,2530728,1478516
5313,1,1202,915,0,287,0,76110784,44221452,51774008,88,7824388,,17824440,21092944,19765472,17427928,,13035212,9029600,8867956,13288684,,14379164,11385012,11318732,14691100,,12,52,12,12,,1398100,2416396,2531196,1478696
5318,1,1203,915,0,288,0,76054016,44314740,51869620,88,7826748,,17723852,21101100,19808560,17420504,,13149640,9042348,8813820,13308932,,14493892,11398756,11265440,14711532,,12,52,12,12,,1398420,2417360,2532072,1478896
5324,1,1204,915,0,289,0,76145112,44201172,51758708,88,7829336,,17762580,21153392,19812600,17416540,,13105000,8988492,8789748,13317932,,14449552,11345976,11242396,14720784,,12,52,12,12,,1398696,2418432,2533076,1479132
5330,1,1205,915,0,290,0,76140340,44241912,51802060,88,7831928,,17822144,21153560,19726444,17438192,,13058760,8995148,8880812,13307192,,14403684,11353540,11334480,14710356,,12,52,12,12,,1399080,2419336,2534104,1479408
5335,2,1206,915,0,291,0,76115612,44223072,51787056,88,7835804,,17772700,21131804,19737568,17473540,,13096900,9007924,8865060,13253188,,14442184,11366764,11319496,14658612,,12,52,12,12,,1399432,2419840,2534856,1481676
5341,2,1207,915,0,292,0,76075484,44262628,51829152,88,7838340,,17798652,21093932,19763344,17419556,,13086668,9032560,8849740,13293660,,14432272,11392416,11305144,14699320,,12,52,12,12,,1399752,2420872,2535808,1481908
5348,1,1208,915,0,293,0,76065272,44261020,51829776,88,7840564,,17749028,21104476,19803224,17408544,,13106400,9022468,8798284,13333868,,14452404,11383096,11254488,14739788,,12,52,12,12,,1400152,2421652,2536608,1482152
5354,1,1209,915,0,294,0,76091972,44238948,51810492,88,7843328,,17748764,21145572,19792800,17404836,,13122164,8982376,8804960,13329448,,14468632,11344144,11262128,14735588,,12,52,12,12,,1400612,2422776,2537572,1482368
5359,1,1210,915,0,295,0,76161372,44178340,51752288,88,7845724,,17801772,21153936,19767436,17438228,,13075536,8972332,8833948,13296524,,14422324,11334928,11292164,14702872,,12,52,12,12,,1400956,2423604,2538596,1482568
5365,1,1211,915,0,296,0,76105852,44224884,51800928,88,7847828,,17745076,21142744,19743144,17474888,,13112804,8986980,8859688,13265412,,14459936,11350288,11318724,14671980,,12,52,12,12,,1401284,2424316,2539416,1482812
5371,1,1212,915,0,297,0,76045484,44297428,51875552,88,7849896,,17784236,21083292,19763796,17414160,,13091580,9037148,8844644,13324056,,14438984,11401368,11304344,14730856,,12,52,12,12,,1401552,2425232,2540072,1483040
5377,2,1213,915,0,298,0,76058276,44263988,51844604,88,7852384,,17741340,21095812,19804960,17416164,,13125024,9028072,8798112,13312780,,14472764,11393348,11258608,14719884,,12,52,12,12,,1401888,2426292,2540896,1483308
5383,2,1214,915,0,299,0,76104508,44257160,51840296,88,7854912,,17762256,21127472,19798332,17416448,,13103520,9016908,8806460,13330272,,14451580,11383176,11267952,14737588,,12,52,12,12,,1402212,2427284,2541876,1483540
5389,1,1215,915,0,300,0,76110004,44244664,51829844,88,7856952,,17743868,21133004,19795716,17437416,,13133480,9008944,8803712,13298528,,14481808,11376160,11265852,14706024,,12,52,12,12,,1402488,2428240,2542528,1483696
5394,1,1216,915,0,301,0,76182568,44184948,51771788,88,7858584,,17752668,21153460,19775276,17501164,,13133324,8979392,8822828,13249404,,14481936,11347088,11285712,14657052,,12,52,12,12,,1402760,2428696,2543260,1483868
5399,1,1217,915,0,302,0,76085280,44282148,51871204,88,7860804,,17784180,21095580,19746504,17459016,,13095116,9034252,8866708,13286072,,14444040,11402808,11330412,14693944,,12,52,12,12,,1403084,2429532,2544092,1484096
5404,1,1218,915,0,303,0,76081740,44257508,51848532,88,7862744,,17813268,21084168,19774364,17409940,,13063640,9032236,8817236,13344396,,14412744,11401296,11282060,14752432,,12,52,12,12,,1403252,2430048,2545196,1484248
5409,2,1219,915,0,304,0,76074684,44236756,51829812,88,7864788,,17747960,21113576,19797972,17415176,,13116068,9006584,8790212,13323892,,14465500,11376300,11255824,14732188,,12,52,12,12,,1403592,2430692,2545996,1484508
5415,1,1220,915,0,305,0,76153220,44191344,51786832,88,7867272,,17777920,21148204,19814296,17412800,,13093224,8986452,8782532,13329136,,14443036,11357360,11248780,14737656,,12,52,12,12,,1403980,2431908,2546640,1484744
5421,1,1221,915,0,306,0,76131832,44183252,51781308,88,7869776,,17755080,21148168,19775892,17452692,,13105460,8979976,8806512,13291304,,14455512,11351780,11273932,14700084,,12,52,12,12,,1404208,2432780,2547796,1484992
5427,1,1222,915,0,307,0,76193448,44100832,51700816,88,7871704,,17786136,21180504,19739016,17487792,,13085584,8930120,8832576,13252552,,14435968,11302452,11300888,14661508,,12,52,12,12,,1404536,2433312,2548684,1485172
5433,1,1223,915,0,308,0,76067640,44235724,51837768,88,7873784,,17762524,21110196,19779940,17414980,,13102052,9001324,8811476,13320872,,14452864,11374548,11280316,14730040,,12,52,12,12,,1404968,2434220,2549208,1485388
5439,1,1224,915,0,309,0,76126352,44177592,51782348,88,7876520,,17770420,21136904,19806712,17412316,,13104816,8972808,8784280,13315688,,14455880,11347052,11254240,14725176,,12,52,12,12,,1405216,2435256,2550340,1485708
5445,2,1225,915,0,310,0,76145752,44183836,51791028,88,7878956,,17801732,21159800,19761464,17422756,,13068204,8957608,8847096,13310928,,14419592,11333120,11317636,14720680,,12,52,12,12,,1405536,2436516,2550936,1485968
5452,1,1226,915,0,311,0,76077488,44197068,51806960,88,7881644,,17725512,21179048,19721812,17451116,,13133908,8934084,8842348,13286728,,14485712,11310516,11314052,14696680,,12,52,12,12,,1405976,2437428,2552068,1486172
5457,1,1227,915,0,312,0,76063240,44229316,51840936,88,7883372,,17775692,21118548,19704788,17464212,,13089492,9002052,8881676,13256096,,14441524,11378980,11354140,14666292,,12,52,12,12,,1406196,2437932,2552828,1486416
5463,1,1228,915,0,313,0,75786752,44463540,52077440,88,7885640,,17741212,20902276,19732084,17411180,,13093524,9191908,8864972,13313136,,14445936,11569704,11338236,14723564,,12,52,12,12,,1406556,2438796,2553636,1486652
5468,1,1229,915,0,314,0,75810736,44488116,52103912,88,7887524,,17737992,20909488,19753200,17410056,,13134144,9206684,8835552,13311736,,14486888,11585112,11309552,14722360,,12,52,12,12,,1406892,2439420,2554364,1486848
5473,2,1230,915,0,315,0,75890596,44412540,52031028,88,7890188,,17766392,20941420,19767920,17414864,,13086964,9184856,8808928,13331792,,14439976,11564416,11283992,14742644,,12,52,12,12,,1407164,2440556,2555396,1487072
5479,1,1231,915,0,316,0,75907544,44406804,52027132,88,7892068,,17776808,20955388,19727248,17448100,,13093888,9159568,8857744,13295604,,14447116,11539904,11333428,14706684,,12,52,12,12,,1407380,2441360,2556032,1487296
5484,1,1232,915,0,317,0,75853604,44459540,52081944,88,7894124,,17749440,20958812,19713212,17432140,,13122812,9158380,8870072,13308276,,14476332,11539192,11346848,14719572,,12,52,12,12,,1407668,2441836,2557120,1487500
5490,1,1233,915,0,318,0,75920296,44367004,51991448,88,7896172,,17784204,20911584,19733268,17491240,,13099072,9189104,8840576,13238252,,14452900,11570744,11317972,14649832,,12,52,12,12,,1407976,2442676,2557740,1487780
5496,1,1234,915,0,319,0,75796592,44524308,52151028,88,7898432,,17744052,20901160,19738396,17412984,,13129260,9225732,8857392,13311924,,14483408,11608308,11335660,14723652,,12,52,12,12,,1408292,2443604,2558604,1487932
5501,2,1235,915,0,320,0,75826480,44471976,52101012,88,7900760,,17735756,20921160,19758208,17411356,,13131392,9187136,8844360,13309088,,14485804,11570628,11323548,14721032,,12,52,12,12,,1408568,2444524,2559516,1488152
5507,1,1236,915,0,321,0,75872300,44401328,52032684,88,7903048,,17788480,20922904,19727388,17433528,,13071268,9191900,8846460,13291700,,14426048,11576232,11326368,14704036,,12,52,12,12,,1408928,2445384,2560216,1488520
5512,2,1237,915,0,322,0,75916444,44374408,52007848,88,7905160,,17771564,20956460,19701788,17486632,,13085200,9159968,8890264,13238976,,14440248,11545176,11370928,14651496,,12,52,12,12,,1409208,2446256,2560988,1488708
5518,1,1238,915,0,323,0,75830404,44425716,52061204,88,7907140,,17781688,20900948,19703808,17443960,,13071820,9196184,8876040,13281672,,14427116,11582296,11357392,14694400,,12,52,12,12,,1409436,2447124,2561656,1488924
5523,1,1239,915,0,324,0,75891892,44381436,52018764,88,7909016,,17833052,20892012,19738832,17427996,,13041748,9204020,8838304,13297364,,14397404,11590600,11320468,14710292,,12,52,12,12,,1409788,2447604,2562492,1489132
5529,1,1240,915,0,325,0,75821936,44450232,52089864,88,7911268,,17771868,20920512,19720908,17408648,,13091472,9184848,8849944,13323968,,14447428,11572144,11333128,14737164,,12,52,12,12,,1410092,2448288,2563492,1489396
5535,1,1241,915,0,326,0,75926500,44349256,51991176,88,7913524,,17775248,20949736,19785156,17416360,,13077924,9159220,8795388,13316724,,14434164,11547624,11279296,14730092,,12,52,12,12,,1410364,2449380,2564212,1489568
5540,1,1242,915,0,327,0,75895076,44390612,52034768,88,7915776,,17760468,20961176,19721372,17452060,,13095960,9141760,8854772,13298120,,14452508,11531032,11339540,14711688,,12,52,12,12,,1410684,2450256,2565080,1489756
5545,1,1243,915,0,328,0,75920404,44340052,51986192,88,7917788,,17764052,20952660,19737724,17465968,,13086000,9149592,8834848,13269612,,14442824,11539424,11320532,14683412,,12,52,12,12,,1410956,2450828,2565996,1490008
5551,1,1244,915,0,329,0,76001128,44283280,51931588,88,7919936,,17807068,20911584,19786760,17495716,,13052348,9210168,8782216,13238548,,14409460,11600940,11268600,14652588,,12,52,12,12,,1411256,2451760,2566684,1490236
5557,1,1245,915,0,330,0,75938308,44331100,51981452,88,7921980,,17775300,20918176,19806844,17437988,,13094284,9192888,8759416,13284512,,14451732,11584480,11246532,14698708,,12,52,12,12,,1411588,2452576,2567432,1490384
5562,1,1246,915,0,331,0,75921216,44310240,51962904,88,7924348,,17768724,20948320,19786428,17417744,,13082044,9146424,8779692,13302080,,14439796,11538896,11267764,14716448,,12,52,12,12,,1411880,2453508,2568404,1490556
5568,1,1247,915,0,332,0,75811472,44474416,52129508,88,7926716,,17750560,20781880,19831084,17447948,,13113840,9331372,8743884,13285320,,14471884,11725132,11232628,14699864,,12,52,12,12,,1412176,2454748,2569060,1490732
5573,1,1248,915,0,332,0,75898856,44345488,52002488,88,7928612,,17744984,20805920,19849680,17498272,,13102368,9283208,8716156,13243756,,14460768,11677528,11205676,14658516,,12,52,12,12,,1412528,2455308,2569816,1490960
5579,1,1249,915,0,334,0,75906896,44394284,52053548,88,7930848,,17762924,20763724,19923648,17456600,,13115444,9345836,8655828,13277176,,14474112,11740960,11146340,14692136,,12,52,12,12,,1412792,2456104,2570808,1491144
5585,1,1250,915,0,335,0,75931320,44330208,51991824,88,7933236,,17826040,20752844,19933640,17418796,,13047808,9326072,8644228,13312100,,14406836,11721844,11135888,14727256,,12,52,12,12,,1413164,2456776,2571944,1491352
5590,1,1251,915,0,336,0,75950760,44334408,51998000,88,7935204,,17749004,20783640,19995840,17422276,,13134124,9317136,8578224,13304924,,14493552,11713496,11070664,14720288,,12,52,12,12,,1413560,2457352,2572720,1491572
5595,2,1252,915,0,337,0,76048220,44223484,51889248,88,7937364,,17780176,20849836,19990336,17427872,,13088052,9251992,8572592,13310848,,14447768,11649540,11065508,14726432,,12,52,12,12,,1413856,2458528,2573200,1491780
5601,1,1253,915,0,338,0,75944104,44288492,51956904,88,7940020,,17741708,20832908,19917152,17452336,,13105348,9279644,8642824,13260676,,14465472,11678048,11136884,14676500,,12,52,12,12,,1414268,2459384,2574348,1492020
5607,1,1254,915,0,339,0,75909248,44326572,51996652,88,7941724,,17768508,20778520,19912076,17450144,,13088756,9317264,8641504,13279048,,14449196,11716172,11136256,14695028,,12,52,12,12,,1414584,2459932,2575044,1492164
5612,1,1255,915,0,340,0,75903376,44319420,51991412,88,7943640,,17785436,20782456,19920956,17414528,,13066916,9304868,8649868,13297768,,14427660,11704580,11145220,14713952,,12,52,12,12,,1414880,2460720,2575664,1492376
5618,1,1256,915,0,341,0,75986224,44208108,51882392,88,7945896,,17748324,20836672,19988152,17413076,,13083760,9247436,8575008,13301904,,14444816,11648172,11071096,14718308,,12,52,12,12,,1415192,2461716,2576392,1492596
5624,1,1257,915,0,342,0,76008612,44226540,51903124,88,7948184,,17758056,20868068,19974184,17408304,,13115076,9222748,8568192,13320524,,14476440,11624244,11065308,14737132,,12,52,12,12,,1415492,2462472,2577424,1492796
5629,1,1258,915,0,343,0,76029216,44233308,51916836,88,7955100,,17802148,20878880,19903112,17445076,,13062152,9224804,8664168,13282184,,14423828,11627580,11166464,14698964,,12,52,12,12,,1415812,2463748,2582576,1492964
5635,1,1259,915,0,344,0,76040616,44177368,51862884,88,7957104,,17750944,20877180,19914008,17498484,,13075456,9210912,8657092,13233908,,14437464,11614300,11160220,14650900,,12,52,12,12,,1416144,2464376,2583388,1493196
5641,1,1260,915,0,345,0,76016632,44196096,51883844,88,7959344,,17789668,20824368,19978064,17424532,,13075476,9241488,8577600,13301532,,14437792,11645664,11081604,14718784,,12,52,12,12,,1416448,2465204,2584248,1493444
5647,1,1261,915,0,346,0,75904868,44300864,51990564,88,7961240,,17737712,20750920,19983440,17432796,,13102384,9334524,8573708,13290248,,14465016,11739316,11078516,14707716,,12,52,12,12,,1416772,2465764,2585044,1493660
5653,1,1262,915,0,347,0,76013508,44211548,51904104,88,7964092,,17766764,20782564,20042108,17422072,,13095832,9306180,8510400,13299136,,14458784,11712408,11016116,14716796,,12,52,12,12,,1417076,2467180,2585964,1493872
5659,2,1263,915,0,348,0,76251300,44002684,51697772,88,7966592,,17811776,20805140,20171844,17462540,,13062860,9284412,8380524,13274888,,14426192,11691520,10887304,14692756,,12,52,12,12,,1417444,2468064,2587020,1494064
5665,2,1264,915,0,349,0,76161956,44046700,51743640,88,7968452,,17767420,20803284,20153504,17437748,,13098104,9269748,8403904,13274944,,14461732,11677456,10911428,14693024,,12,52,12,12,,1417744,2468680,2587756,1494272
5671,2,1265,915,0,350,0,76236996,43987124,51690348,88,7974668,,17768624,20800808,20192156,17475408,,13085404,9284036,8363728,13253956,,14449336,11696756,10871948,14672308,,12,52,12,12,,1418048,2473648,2588432,1494540
5678,1,1266,915,0,351,0,76249012,43959608,51665172,88,7977020,,17759968,20820852,20256920,17411272,,13098108,9256136,8286516,13318848,,14462320,11669904,10795544,14737404,,12,52,12,12,,1418340,2474700,2589236,1494744
5684,1,1267,915,0,352,0,76296596,43919772,51627800,88,7979504,,17759292,20922620,20201996,17412688,,13098108,9157420,8353168,13311076,,14462612,11572292,10863120,14729776,,12,52,12,12,,1418616,2475804,2590180,1494904
5689,1,1268,915,0,353,0,76361784,43861396,51571820,88,7981868,,17808544,20944504,20158548,17450188,,13042440,9147260,8391228,13280468,,14407240,11563004,10902196,14699380,,12,52,12,12,,1418900,2476676,2591192,1495100
5695,1,1269,915,0,354,0,76219712,43962032,51674296,88,7983704,,17748912,20874600,20161248,17434952,,13106740,9200364,8368224,13286704,,14471780,11616716,10879940,14705860,,12,52,12,12,,1419128,2477292,2591936,1495348
5700,1,1270,915,0,355,0,76173272,44042968,51757312,88,7985788,,17768416,20825748,20152172,17426936,,13087392,9260700,8389980,13304896,,14452728,11677736,10902640,14724208,,12,52,12,12,,1419440,2477964,2592876,1495508
5706,1,1271,915,0,356,0,76197696,44020944,51737152,88,7987632,,17756288,20819624,20201716,17420068,,13108260,9255056,8359012,13298616,,14473864,11672708,10872408,14718172,,12,52,12,12,,1419688,2478588,2593608,1495748
5711,1,1272,915,0,357,0,76270144,43914912,51632860,88,7989392,,17760336,20840088,20240924,17428796,,13084256,9239608,8300276,13290772,,14450188,11657800,10814384,14710488,,12,52,12,12,,1420028,2479120,2594332,1495912
5716,1,1273,915,0,358,0,76252160,43952552,51672788,88,7991652,,17779940,20867612,20163784,17440824,,13073412,9221272,8368336,13289532,,14439684,11640712,10882908,14709484,,12,52,12,12,,1420356,2480356,2594784,1496156
5721,1,1274,915,0,359,0,76271404,43934684,51657536,88,7994244,,17746720,20873212,20175548,17475924,,13101516,9206868,8384128,13242172,,14468104,11627216,10899848,14662368,,12,52,12,12,,1420684,2481248,2595928,1496384
5727,1,1275,915,0,360,0,76213400,43975028,51702012,88,7998348,,17774840,20830600,20153264,17454696,,13081084,9244672,8386956,13262316,,14447988,11665672,10905636,14682716,,12,52,12,12,,1420992,2481880,2598892,1496584
5732,1,1276,915,0,361,0,76262816,43930076,51661128,88,8002488,,17803856,20840212,20179348,17439400,,13049012,9238172,8389564,13253328,,14416208,11659932,10908812,14676176,,12,52,12,12,,1421308,2482680,2599464,1499036
5738,1,1277,915,0,362,0,76163096,44024524,51757888,88,8004712,,17737524,20838600,20173616,17413356,,13131296,9229468,8360732,13303028,,14498832,11652244,10880760,14726052,,12,52,12,12,,1421596,2483636,2600268,1499212
5744,1,1278,915,0,363,0,76236040,43967404,51703080,88,8007008,,17767320,20860844,20190824,17417052,,13092904,9209004,8362832,13302664,,14460728,11632700,10883832,14725820,,12,52,12,12,,1421892,2484568,2601200,1499348
5748,2,1279,915,0,364,0,76345356,43849928,51587524,88,8008944,,17816388,20926240,20159308,17443420,,13037908,9150196,8376604,13285220,,14405960,11574848,10898184,14708532,,12,52,12,12,,1422120,2485520,2601808,1499496
5753,2,1280,915,0,365,0,76245428,43935552,51675400,88,8011180,,17758936,20885584,20174064,17426844,,13071696,9199772,8382552,13281532,,14440088,11624912,10905344,14705056,,12,52,12,12,,1422464,2486008,2602992,1499716
5759,1,1281,915,0,366,0,76272308,43914716,51656504,88,8013116,,17815708,20889980,20160456,17406164,,13046804,9176220,8375088,13316604,,14415468,11602212,10898460,14740364,,12,52,12,12,,1422744,2486852,2603572,1499948
5765,1,1282,915,0,367,0,76277288,43916160,51660192,88,8015368,,17762424,20898940,20201272,17414652,,13079104,9177328,8350364,13309364,,14448144,11603908,10874840,14733300,,12,52,12,12,,1423112,2487452,2604676,1500128
5770,1,1283,915,0,368,0,76338212,43864556,51610412,88,8017220,,17770736,20919684,20235272,17412520,,13087320,9154960,8315160,13307116,,14456632,11582072,10840416,14731292,,12,52,12,12,,1423408,2487980,2605472,1500360
5776,1,1284,915,0,369,0,76349876,43813624,51561676,88,8019392,,17797076,20923908,20203480,17425412,,13056476,9137436,8320256,13299456,,14426056,11565772,10846036,14723812,,12,52,12,12,,1423656,2489200,2605984,1500552
5781,1,1285,915,0,370,0,76424724,43790348,51541040,88,8022012,,17842704,20955640,20166176,17460204,,13023848,9117456,8377488,13271556,,14393788,11546688,10904476,14696088,,12,52,12,12,,1424028,2490088,2607184,1500712
5787,1,1286,915,0,371,0,76287836,43917748,51670512,88,8024168,,17765608,20907384,20179000,17435844,,13101264,9172476,8364068,13279940,,14471552,11602504,10891780,14704676,,12,52,12,12,,1424360,2490972,2607904,1500932
5793,1,1287,915,0,372,0,76289632,43918008,51672428,88,8025744,,17789804,20898012,20184768,17417048,,13068472,9172728,8360548,13316260,,14439088,11603344,10888800,14741196,,12,52,12,12,,1424696,2491488,2608428,1501132
5798,2,1288,915,0,373,0,76298464,43895164,51652280,88,8028468,,17736564,20917260,20206940,17437700,,13111648,9152976,8336632,13293908,,14482564,11584644,10866048,14719024,,12,52,12,12,,1424992,2492540,2609628,1501308
5804,1,1289,915,0,374,0,76335840,43885904,51645112,88,8030536,,17742432,20947700,20217472,17428236,,13110408,9124152,8345932,13305412,,14481584,11556864,10875968,14730696,,12,52,12,12,,1425252,2493576,2610224,1501484
5810,1,1290,915,0,375,0,76247840,43933736,51695328,88,8032904,,17738600,20908388,20163844,17437008,,13110764,9151848,8377792,13293332,,14482240,11585388,10908908,14718792,,12,52,12,12,,1425552,2494388,2611304,1501660
5815,1,1291,915,0,376,0,76245996,43945936,51709460,88,8034820,,17745428,20903320,20167856,17429392,,13120052,9161320,8367404,13297160,,14491912,11595452,10899280,14722816,,12,52,12,12,,1425932,2494976,2612064,1501848
5820,1,1292,915,0,377,0,76283696,43907824,51673416,88,8036892,,17779824,20893308,20139132,17471432,,13080780,9171076,8401680,13254288,,14452976,11605964,10934360,14680116,,12,52,12,12,,1426276,2495728,2612864,1502024
5826,1,1293,915,0,378,0,76358428,43798692,51566296,88,8038884,,17839824,20890584,20207156,17420864,,13008968,9171308,8331480,13286936,,14381488,11606828,10865008,14712972,,12,52,12,12,,1426588,2496364,2613708,1502224
5831,1,1294,915,0,379,0,76304424,43833140,51603244,88,8041384,,17749532,20919080,20226244,17409568,,13098360,9124272,8296268,13314240,,14471232,11560736,10830776,14740500,,12,52,12,12,,1426924,2497312,2614684,1502464
5837,1,1295,915,0,380,0,76399016,43775648,51547936,88,8043568,,17782784,20960168,20215508,17440556,,13069316,9106652,8318176,13281504,,14442516,11544004,10853436,14707980,,12,52,12,12,,1427244,2498220,2615444,1502660
5843,1,1296,915,0,381,0,76405252,43766264,51540912,88,8045896,,17740948,20996300,20175776,17492228,,13106964,9055260,8377016,13227024,,14480544,11493596,10913060,14653712,,12,52,12,12,,1427616,2499188,2616216,1502876
5848,2,1297,915,0,382,0,76330552,43819508,51596292,88,8048040,,17771904,20946652,20167372,17444624,,13087892,9109024,8364132,13258460,,14461832,11548188,10900888,14685384,,12,52,12,12,,1427984,2500020,2616916,1503120
5854,1,1298,915,0,383,0,76248152,43898292,51677196,88,8050148,,17760256,20884564,20188956,17414376,,13084688,9168080,8346252,13299272,,14458956,11607816,10883988,14726436,,12,52,12,12,,1428316,2500568,2617916,1503348
5860,1,1299,915,0,384,0,76256664,43873544,51654748,88,8052432,,17729824,20900156,20216752,17409932,,13119336,9150736,8305156,13298316,,14493968,11591340,10843716,14725724,,12,52,12,12,,1428668,2501432,2618728,1503604
5866,1,1300,915,0,385,0,76333172,43856128,51639708,88,8054832,,17778000,20880792,20236784,17437596,,13084416,9191324,8292812,13287576,,14459396,11633156,10831964,14715192,,12,52,12,12,,1429012,2502676,2619340,1503804
5872,2,1301,915,0,386,0,76348136,43814724,51600912,88,8057392,,17799304,20930500,20161840,17456492,,13043280,9131392,8373100,13266952,,14418572,11574252,10913356,14694732,,12,52,12,12,,1429336,2503696,2620392,1503968
5877,2,1302,915,0,387,0,76424032,43719404,51507124,88,8059008,,17791824,20954008,20178388,17499812,,13050620,9090196,8353640,13224948,,14426180,11533464,10894560,14652920,,12,52,12,12,,1429612,2504100,2621096,1504200
5883,2,1303,915,0,388,0,76263448,43882336,51672884,88,8061760,,17805276,20871916,20175668,17410588,,13048416,9188348,8340492,13305080,,14424368,11632548,10882644,14733324,,12,52,12,12,,1429984,2505036,2622308,1504432
5889,1,1304,915,0,389,0,76303484,43854784,51647412,88,8063852,,17751700,20902304,20237192,17412288,,13090408,9161700,8294912,13307764,,14466700,11606632,10837880,14736200,,12,52,12,12,,1430336,2505764,2623124,1504628
5895,1,1305,915,0,390,0,76363436,43766028,51561032,88,8066224,,17770248,20958880,20224432,17409876,,13086256,9096200,8283104,13300468,,14462912,11542368,10826656,14729096,,12,52,12,12,,1430696,2507000,2623716,1504812
5901,1,1306,915,0,391,0,76338680,43780576,51578196,88,8068828,,17761224,20963524,20159036,17454896,,13075676,9083664,8354340,13266896,,14452684,11530740,10899020,14695752,,12,52,12,12,,1431028,2507912,2624840,1505048
5906,1,1307,915,0,392,0,76338356,43822660,51623524,88,8072108,,17784652,20944620,20166212,17442872,,13070312,9119740,8351228,13281380,,14447552,11567260,10898288,14710424,,12,52,12,12,,1431256,2508364,2627232,1505256
5911,1,1308,915,0,393,0,76160280,43960072,51762616,88,8073764,,17828184,20879552,20043596,17408948,,13033020,9163948,8464592,13298512,,14410456,11612216,11012152,14727792,,12,52,12,12,,1431460,2509104,2627732,1505468
5916,1,1309,915,0,394,0,76120024,44017660,51822336,88,8075880,,17756520,20877584,20066400,17419520,,13078420,9176556,8459856,13302828,,14456148,11625704,11008236,14732248,,12,52,12,12,,1431756,2509980,2628536,1505608
5922,1,1310,915,0,395,0,76167504,43961616,51768684,88,8078308,,17754904,20919760,20082228,17410612,,13087272,9124708,8444084,13305552,,14465272,11574808,10993420,14735184,,12,52,12,12,,1432040,2510944,2629496,1505828
5927,1,1311,915,0,396,0,76208144,43954124,51762848,88,8079980,,17780412,20891732,20109632,17426368,,13074564,9162520,8420048,13296992,,14452880,11613408,10969724,14726836,,12,52,12,12,,1432348,2511724,2629876,1506032
5932,2,1312,915,0,397,0,76149172,43971812,51783128,88,8082532,,17770212,20939228,20026404,17413328,,13079876,9107436,8488816,13295684,,14458508,11559304,11039576,14725740,,12,52,12,12,,1432660,2512704,2630912,1506256
5938,2,1313,915,0,398,0,76202080,43912372,51726024,88,8084872,,17809900,20881680,20036316,17474184,,13043704,9160180,8472128,13236360,,14422684,11612940,11023728,14666672,,12,52,12,12,,1433000,2513628,2631744,1506500
5944,1,1314,915,0,399,0,76152764,43960820,51776632,88,8087020,,17773536,20883848,20076936,17418444,,13074364,9179864,8422416,13284176,,14453576,11633212,10975208,14714636,,12,52,12,12,,1433252,2514204,2632924,1506640
5950,1,1315,915,0,400,0,76179724,43918304,51735952,88,8088860,,17771288,20897024,20102428,17408984,,13052328,9162632,8402892,13300452,,14431828,11616580,10956464,14731080,,12,52,12,12,,1433532,2514816,2633696,1506816
5955,1,1316,915,0,401,0,76256720,43815028,51634956,88,8091116,,17796272,20932928,20102132,17425388,,13047332,9086056,8392004,13289636,,14427128,11541208,10946168,14720452,,12,52,12,12,,1433820,2516000,2634292,1507004
5961,2,1317,915,0,402,0,76408072,43709796,51532724,88,8094084,,17856972,20975944,20079540,17495616,,12984428,9060584,8433864,13230920,,14364616,11516772,10989276,14662060,,12,52,12,12,,1434220,2517028,2635508,1507328
5968,1,1318,915,0,403,0,76182424,43906648,51733640,88,8098120,,17804060,20893852,20036000,17448512,,13029264,9147072,8481148,13249164,,14409756,11604096,11037280,14682508,,12,52,12,12,,1434516,2517872,2636200,1509532
5973,1,1319,915,0,404,0,76168460,43932908,51761688,88,8099908,,17812600,20878136,20063516,17414208,,13028452,9168012,8445816,13290628,,14409152,11625492,11002792,14724252,,12,52,12,12,,1434716,2518344,2637048,1509800
5979,1,1320,915,0,405,0,76128932,43980604,51811808,88,8102336,,17762816,20909268,20044204,17412644,,13085664,9136660,8478744,13279536,,14466588,11595176,11036604,14713440,,12,52,12,12,,1434956,2519356,2637936,1510088
5985,1,1321,915,0,406,0,76325820,43812028,51645504,88,8104616,,17787352,21017620,20100764,17420084,,13066232,9034132,8428724,13282940,,14447512,11493744,10987196,14717052,,12,52,12,12,,1435320,2520444,2638548,1510304
5990,1,1322,915,0,407,0,76428972,43679032,51514892,88,8106964,,17808920,21078632,20098800,17442620,,13042452,8965144,8400260,13271176,,14424056,11425588,10959692,14705556,,12,52,12,12,,1435632,2521284,2639516,1510532
5996,1,1323,915,0,408,0,76417464,43692500,51530184,88,8108752,,17771412,21135888,20020588,17489576,,13056564,8916276,8490348,13229312,,14438404,11377308,11050608,14663864,,12,52,12,12,,1435864,2521856,2640332,1510700
6001,2,1324,915,0,409,0,76273508,43787868,51627752,88,8110968,,17806716,20985992,20060968,17419832,,13027704,9045260,8443112,13271792,,14409820,11507112,11004288,14706532,,12,52,12,12,,1436144,2522680,2641244,1510900
6007,2,1325,915,0,410,0,76285820,43811756,51653836,88,8113164,,17752708,21000440,20108544,17424128,,13097988,9037312,8399184,13277272,,14480368,11499972,10961176,14712320,,12,52,12,12,,1436408,2523492,2642060,1511204
6013,2,1326,915,0,411,0,76270596,43819532,51664388,88,8115920,,17783276,21045400,20036908,17405012,,13067064,8978376,8468856,13305236,,14449796,11442216,11031896,14740480,,12,52,12,12,,1436752,2524664,2643112,1511392
6020,1,1327,915,0,412,0,76343448,43736600,51583760,88,8118248,,17819400,21057272,20037732,17429044,,13017156,8975308,8458732,13285404,,14400180,11439920,11022776,14720884,,12,52,12,12,,1437036,2525448,2644128,1511636
6025,2,1328,915,0,413,0,76251256,43843528,51692988,88,8120548,,17765868,21006072,20044116,17435200,,13073208,9022872,8455172,13292276,,14456736,11488136,11020116,14728000,,12,52,12,12,,1437528,2526112,2645028,1511880
6032,1,1329,915,0,414,0,76255228,43823020,51674492,88,8122536,,17773088,21013280,20062680,17406180,,13068932,9014424,8453708,13285956,,14452764,11480640,11019212,14721876,,12,52,12,12,,1437832,2527052,2645580,1512072
6038,1,1330,915,0,415,0,76311948,43767088,51620952,88,8124920,,17756160,21018964,20123160,17413664,,13080596,9009420,8375612,13301460,,14464772,11476676,10941944,14737560,,12,52,12,12,,1438180,2528088,2646396,1512256
6043,2,1331,915,0,416,0,76281944,43797724,51654376,88,8127724,,17755912,21001140,20117740,17407152,,13072948,9040536,8377392,13306848,,14457456,11508860,10944816,14743244,,12,52,12,12,,1438520,2529152,2647504,1512548
6050,1,1332,914,0,418,1,76385504,43703224,51562436,88,8130288,,17819728,21054748,20057912,17453116,,13023448,8976324,8438560,13264892,,14408316,11445548,11007068,14701504,,12,52,12,12,,1438872,2530044,2648612,1512760
6056,1,1333,914,0,419,1,76248156,43827120,51688328,88,8132340,,17766668,21002072,20039608,17439808,,13080540,9013536,8462432,13270612,,14465756,11483320,11031756,14707496,,12,52,12,12,,1439224,2530648,2649432,1513036
6062,2,1334,914,0,420,1,76359624,43707580,51571132,88,8134620,,17813516,21004960,20064320,17476828,,13035488,9019072,8431440,13221580,,14421016,11489896,11001592,14658628,,12,52,12,12,,1439552,2531636,2650224,1513208
6068,1,1335,914,0,421,1,76291724,43726088,51591816,88,8136796,,17735828,21002284,20117436,17436176,,13078764,9009560,8384356,13253408,,14464708,11481068,10955332,14690708,,12,52,12,12,,1439964,2532320,2651064,1513448
6074,1,1336,914,0,422,1,76288072,43730512,51598964,88,8139488,,17778160,20993132,20108024,17408756,,13056068,9009608,8392212,13272624,,14442364,11482192,10964200,14710208,,12,52,12,12,,1440300,2533408,2652048,1513732
6080,2,1337,914,0,423,0,76421204,43654720,51524924,88,8142108,,17827120,21081564,20058176,17454344,,13017816,8941184,8433112,13262608,,14404400,11413884,11006228,14700412,,12,52,12,12,,1440580,2534344,2653228,1513956
6086,1,1338,915,0,423,0,76226768,43810908,51688000,88,8147540,,17757280,20981324,20054188,17433976,,13080708,9039384,8431564,13259252,,14467636,11514412,11008688,14697264,,12,52,12,12,,1440932,2535228,2657204,1514176
6092,2,1339,915,0,424,0,76296024,43781800,51660912,88,8149556,,17819180,20975136,20073944,17427764,,13016996,9051556,8425068,13288180,,14404312,11527460,11002784,14726356,,12,52,12,12,,1441328,2536112,2657780,1514336
6098,1,1340,915,0,425,0,76276524,43773392,51654904,88,8151924,,17757844,21005688,20106960,17406032,,13068232,9024936,8383256,13296968,,14455816,11501884,10961780,14735424,,12,52,12,12,,1441592,2537152,2658572,1514608
6104,1,1341,915,0,426,0,76387276,43674608,51558776,88,8154604,,17782780,21074196,20125984,17404316,,13062316,8953424,8372372,13286496,,14450296,11431444,10951884,14725152,,12,52,12,12,,1441984,2538252,2659556,1514812
6109,2,1342,915,0,427,0,76350012,43737292,51623236,88,8156364,,17769312,21080512,20064100,17436088,,13072160,8943332,8445704,13276096,,14460312,11422156,11025820,14714948,,12,52,12,12,,1442152,2539048,2660156,1515008
6114,1,1343,915,0,428,0,76416112,43661892,51549844,88,8158492,,17781896,21067432,20083820,17482964,,13069624,8961308,8398868,13232092,,14458052,11440496,10980144,14671152,,12,52,12,12,,1442436,2539516,2661328,1515212
6120,1,1344,915,0,429,0,76336472,43714816,51604968,88,8160560,,17814552,21048732,20063240,17409948,,13015712,8967832,8441112,13290160,,14404444,11447892,11023304,14729328,,12,52,12,12,,1442740,2540404,2662236,1515180
6126,1,1345,915,0,430,0,76466880,43585536,51477636,88,8162472,,17864328,21061256,20126248,17415048,,12972368,8951692,8378276,13283200,,14361380,11432396,10961296,14722564,,12,52,12,12,,1443016,2541028,2663052,1515376
6132,1,1346,915,0,431,0,76448136,43609972,51504484,88,8164868,,17780260,21143084,20118536,17406256,,13045772,8876416,8385812,13301972,,14435112,11358088,10969800,14741484,,12,52,12,12,,1443332,2541968,2664044,1515524
6137,2,1347,915,0,432,0,76495748,43539352,51436360,88,8167380,,17796660,21141564,20120164,17437360,,13032208,8864028,8366876,13276240,,14421844,11347008,10951600,14715908,,12,52,12,12,,1443636,2543268,2664800,1515676
6143,2,1348,915,0,433,0,76459252,43598476,51497452,88,8169300,,17733012,21170128,20066620,17489492,,13111572,8836232,8415604,13235068,,14501596,11319688,11001188,14674980,,12,52,12,12,,1444012,2543748,2665612,1515928
6149,2,1349,915,0,434,0,76445632,43603624,51505044,88,8171804,,17782900,21111768,20066528,17484436,,13057172,8892528,8432548,13221376,,14447540,11376872,11019196,14661436,,12,52,12,12,,1444372,2544636,2666724,1516072
6155,1,1350,915,0,435,0,76452408,43594040,51497376,88,8173680,,17822636,21118924,20101748,17409100,,13004576,8903252,8381804,13304408,,14395240,11388192,10969284,14744660,,12,52,12,12,,1444664,2545232,2667516,1516268
6160,1,1351,915,0,436,0,76405904,43636532,51541792,88,8175656,,17752152,21146748,20092180,17414824,,13080328,8852868,8407444,13295892,,14471280,11338688,10995540,14736284,,12,52,12,12,,1444960,2546112,2668172,1516412
6165,2,1352,915,0,437,0,76497688,43534848,51442448,88,8177972,,17795384,21219340,20058000,17424964,,13029936,8796956,8418416,13289540,,14421192,11283956,11007152,14730148,,12,52,12,12,,1445248,2547320,2668776,1516628
6171,1,1353,915,0,438,0,76475876,43543372,51453548,88,8180536,,17765772,21201888,20073316,17434900,,13049668,8798172,8416436,13279096,,14441244,11286052,11006288,14719964,,12,52,12,12,,1445576,2548196,2669884,1516880
6176,2,1354,915,0,439,0,76446136,43579684,51491636,88,8182356,,17783044,21156144,20061564,17445384,,13043996,8856192,8423336,13256160,,14435828,11344536,11014036,14697236,,12,52,12,12,,1445828,2548700,2670736,1517092
6183,1,1355,915,0,440,0,76420852,43603760,51518676,88,8185260,,17746080,21157404,20094704,17422664,,13085860,8853884,8384416,13279600,,14478144,11343300,10976380,14720852,,12,52,12,12,,1446284,2549708,2672004,1517264
6189,1,1356,915,0,441,0,76461468,43567676,51484056,88,8186808,,17754524,21165424,20129216,17412304,,13066512,8855192,8348692,13297280,,14459116,11345224,10940976,14738740,,12,52,12,12,,1446600,2550356,2672376,1517476
6194,2,1357,915,0,442,0,76502804,43521112,51440184,88,8189444,,17772456,21215496,20100488,17414364,,13066372,8797244,8366292,13291204,,14459328,11288360,10959576,14732920,,12,52,12,12,,1446944,2551448,2673328,1517724
6200,1,1358,915,0,443,0,76568268,43430388,51355936,88,8195944,,17833696,21220920,20071180,17442472,,12997316,8773116,8400392,13259564,,14390576,11265176,10994776,14705408,,12,52,12,12,,1447256,2552428,2674408,1521852
6206,1,1359,915,0,444,0,76428828,43566712,51494132,88,8197772,,17773952,21155420,20063544,17435912,,13050456,8833476,8413780,13269000,,14444028,11326056,11008916,14715132,,12,52,12,12,,1447560,2552908,2675160,1522144
6211,2,1360,915,0,445,0,76531864,43467976,51397304,88,8199680,,17815012,21157272,20076352,17483228,,13013452,8822324,8411200,13221000,,14407264,11315788,11006912,14667340,,12,52,12,12,,1447796,2553792,2675732,1522360
6217,1,1361,915,0,446,0,76447820,43534248,51466056,88,8202172,,17751856,21154772,20129500,17411692,,13059824,8847276,8338008,13289140,,14453960,11341816,10934572,14735708,,12,52,12,12,,1448128,2554864,2676592,1522588
6224,1,1362,915,0,447,0,76543784,43470616,51401924,88,8201720,,17782468,21203824,20136452,17421040,,13039512,8791700,8355228,13284176,,14434060,11287332,10949556,14730976,,12,52,12,12,,1448536,2555988,2674380,1522816
6229,1,1363,915,0,448,0,76595768,43374548,51307624,88,8203464,,17824268,21218096,20104860,17448544,,12995420,8759952,8371748,13247428,,14390248,11256468,10966472,14694436,,12,52,12,12,,1448824,2556872,2674752,1523016
6235,1,1364,915,0,449,0,76558740,43437476,51372664,88,8205668,,17768276,21250316,20105100,17435048,,13049080,8741460,8376044,13270892,,14444240,11238468,10971880,14718076,,12,52,12,12,,1449144,2557476,2675852,1523196
6240,2,1365,915,0,450,0,76485760,43539916,51477344,88,8207896,,17820872,21170792,20085460,17408636,,13003216,8838004,8399952,13298744,,14398692,11335752,10996740,14746160,,12,52,12,12,,1449460,2558196,2676804,1523436
6245,1,1366,915,0,451,0,76449448,43577060,51516288,88,8209732,,17756576,21153364,20125012,17414496,,13077064,8836932,8370968,13292096,,14472800,11335236,10968540,14739712,,12,52,12,12,,1449724,2558788,2677592,1523628
6251,1,1367,915,0,452,0,76473440,43538292,51479964,88,8212152,,17762024,21178652,20113012,17419752,,13061256,8810372,8372296,13294368,,14457308,11309608,10970832,14742216,,12,52,12,12,,1450048,2559688,2678552,1523864
6257,1,1368,915,0,453,0,76496260,43522740,51466420,88,8214184,,17774288,21171220,20111216,17439536,,13063460,8841012,8343604,13274664,,14459844,11341132,10942744,14722700,,12,52,12,12,,1450368,2560572,2679196,1524048
6262,1,1369,915,0,454,0,76500212,43484160,51430260,88,8216588,,17769160,21207668,20100404,17422980,,13052888,8805904,8366464,13258904,,14449592,11306996,10966496,14707176,,12,52,12,12,,1450696,2561540,2680056,1524296
6268,1,1370,915,0,455,0,76533588,43436668,51384884,88,8218732,,17782612,21179784,20098404,17472788,,13039468,8797288,8357296,13242616,,14436520,11299144,10958100,14691120,,12,52,12,12,,1451040,2562344,2680828,1524520
6274,1,1371,915,0,456,0,76506340,43477224,51427600,88,8220860,,17807404,21148924,20126236,17423776,,13020380,8850320,8354520,13252004,,14417748,11352788,10956284,14700780,,12,52,12,12,,1451368,2562920,2681776,1524796
6280,1,1372,915,0,457,0,76436308,43576436,51528916,88,8222936,,17750672,21161040,20106260,17418336,,13071708,8836216,8379168,13289344,,14469408,11339540,10981696,14738272,,12,52,12,12,,1451688,2563768,2682536,1524944
6285,1,1373,915,0,458,0,76518388,43488196,51443056,88,8225352,,17772648,21188328,20136112,17421300,,13067740,8791928,8346356,13282172,,14465760,11296476,10949512,14731308,,12,52,12,12,,1452012,2565004,2683172,1525164
6291,2,1374,915,0,459,0,76533160,43432096,51389688,88,8228068,,17789120,21206776,20077552,17459712,,13027780,8768972,8387248,13248096,,14426168,11274512,10991508,14697500,,12,52,12,12,,1452388,2565992,2684268,1525420
6297,1,1375,915,0,460,0,76532688,43438020,51397476,88,8229928,,17791912,21149948,20079892,17510936,,13032652,8819724,8386516,13199128,,14431416,11325760,10991560,14648740,,12,52,12,12,,1452760,2566492,2685056,1525620
6302,2,1376,915,0,461,0,76453472,43504040,51465588,88,8232020,,17774780,21152700,20114208,17411784,,13028484,8838476,8349108,13287972,,14427504,11345344,10954964,14737776,,12,52,12,12,,1453016,2567324,2685868,1525812
6308,1,1377,915,0,462,0,76441052,43531336,51494800,88,8234052,,17749420,21164360,20111040,17416232,,13072704,8833212,8354900,13270520,,14472004,11340672,10961592,14720532,,12,52,12,12,,1453292,2568036,2686704,1526020
6314,1,1378,915,0,463,0,76588936,43428304,51394612,88,8236912,,17778700,21228352,20161748,17420136,,13052304,8768744,8304564,13302692,,14452000,11277428,10912240,14752944,,12,52,12,12,,1453688,2569276,2687688,1526260
6320,1,1379,915,0,464,0,76577824,43416160,51384912,88,8239368,,17760176,21228704,20132604,17456340,,13064324,8761476,8334900,13255460,,14464336,11270984,10943660,14705932,,12,52,12,12,,1454004,2570108,2688776,1526480
6326,1,1380,915,0,465,0,76531772,43442380,51413012,88,8241288,,17773056,21239504,20082540,17436672,,13055112,8744428,8379940,13262900,,14455408,11254536,10989504,14713564,,12,52,12,12,,1454308,2570712,2689592,1526676
6332,1,1381,915,0,466,0,76483696,43429356,51402108,88,8243344,,17752348,21139700,20113620,17478028,,13053188,8807280,8351444,13217444,,14453888,11318320,10961604,14668296,,12,52,12,12,,1454692,2571620,2690168,1526864
6337,2,1382,915,0,467,0,76523476,43457308,51432392,88,8245736,,17763288,21149280,20176184,17434724,,13043788,8852112,8297664,13263744,,14444824,11364176,10908580,14714812,,12,52,12,12,,1455028,2572664,2690956,1527088
6343,1,1383,915,0,468,0,76524188,43440124,51418060,88,8248528,,17782696,21152072,20170704,17418716,,13040788,8847484,8284856,13266996,,14442148,11360736,10896836,14718340,,12,52,12,12,,1455348,2573832,2691992,1527356
6349,2,1384,915,0,469,0,76509460,43455928,51436364,88,8251056,,17774552,21161688,20115948,17457272,,13027276,8837184,8344284,13247184,,14429000,11351336,10957272,14698756,,12,52,12,12,,1455728,2574748,2693000,1527580
6355,2,1385,915,0,470,0,76434456,43504228,51486744,88,8253100,,17777168,21126392,20075224,17455672,,13040256,8842768,8379724,13241480,,14442320,11357564,10993588,14693272,,12,52,12,12,,1456060,2575360,2693880,1527800
6362,1,1386,915,0,471,0,76478200,43460956,51445900,88,8255496,,17837996,21112800,20118312,17409092,,12993068,8850872,8346952,13270064,,14395468,11366592,10961772,14722068,,12,52,12,12,,1456396,2576288,2694800,1528012
6368,1,1387,915,0,472,0,76499652,43432356,51419328,88,8257528,,17778280,21130728,20174396,17416248,,13028432,8854560,8272324,13277040,,14431144,11371052,10887952,14729180,,12,52,12,12,,1456700,2577056,2695620,1528152
6373,1,1388,915,0,473,0,76476212,43450068,51439600,88,8260044,,17750072,21153740,20163920,17408480,,13057468,8817748,8295224,13279628,,14460472,11335308,10911864,14731956,,12,52,12,12,,1456988,2578084,2696628,1528344
6379,1,1389,915,0,474,0,76551076,43401640,51393312,88,8262184,,17793652,21177632,20124512,17455280,,13031508,8802108,8318396,13249628,,14434820,11320632,10935720,14702140,,12,52,12,12,,1457284,2579056,2697304,1528540
6385,1,1390,915,0,475,0,76475536,43437256,51431200,88,8264396,,17764044,21170092,20103944,17437456,,13042976,8809888,8337144,13247248,,14446588,11329040,10955628,14699944,,12,52,12,12,,1457596,2579672,2698416,1528712
6390,1,1391,915,0,476,0,76455872,43505980,51501876,88,8266340,,17770504,21138012,20099560,17447796,,13045176,8842800,8369100,13248904,,14449184,11362676,10988188,14701828,,12,52,12,12,,1457988,2580396,2699016,1528940
6396,2,1392,915,0,477,0,76446796,43500980,51499160,88,8268668,,17738868,21135212,20128952,17443764,,13076612,8843088,8322080,13259200,,14480944,11363848,10942036,14712332,,12,52,12,12,,1458308,2581336,2699880,1529144
6402,1,1393,915,0,478,0,76501100,43437172,51437712,88,8271016,,17758464,21149264,20173160,17420212,,13061212,8817248,8277200,13281512,,14465804,11339064,10898032,14734812,,12,52,12,12,,1458576,2582336,2700780,1529324
6407,2,1394,915,0,479,0,76552180,43388880,51391900,88,8273520,,17763540,21182376,20150448,17455816,,13051368,8784968,8295744,13256800,,14456264,11308012,10917284,14710340,,12,52,12,12,,1458900,2583576,2701480,1529564
6413,2,1395,915,0,480,0,76561600,43388188,51393600,88,8275892,,17747044,21195016,20120168,17499372,,13073192,8772984,8335948,13206064,,14478528,11296636,10958592,14659844,,12,52,12,12,,1459324,2584176,2702596,1529796
6420,1,1396,915,0,481,0,76453964,43477316,51485252,88,8278360,,17778764,21121104,20123464,17430632,,13033360,8829568,8332716,13281672,,14439056,11354104,10956428,14735664,,12,52,12,12,,1459672,2585056,2703640,1529992
6426,2,1397,915,0,482,0,76440852,43484260,51494260,88,8280432,,17748920,21122400,20139316,17430216,,13036704,8854812,8319684,13273060,,14442728,11380032,10944220,14727280,,12,52,12,12,,1459992,2585740,2704468,1530232
6432,2,1398,915,0,483,0,76495208,43430928,51443408,88,8282896,,17753100,21154824,20154368,17432916,,13063000,8805412,8302236,13260280,,14469328,11331604,10927724,14714752,,12,52,12,12,,1460300,2586708,2705416,1530472
6439,1,1399,915,0,484,0,76515604,43433824,51448748,88,8285356,,17795132,21154864,20114448,17451160,,13013580,8823996,8347716,13248532,,14420208,11351444,10973916,14703180,,12,52,12,12,,1460600,2587968,2706148,1530640
6444,1,1400,915,0,485,0,76443704,43469748,51486788,88,8287436,,17770020,21128320,20100316,17445048,,13009488,8843416,8354956,13261888,,14416488,11371336,10982244,14716720,,12,52,12,12,,1460968,2588428,2707204,1530836
6449,1,1401,915,0,486,0,76474204,43440696,51459328,88,8289060,,17784608,21127508,20090188,17471900,,13019500,8841316,8354988,13224892,,14426656,11369992,10982796,14679884,,12,52,12,12,,1461136,2589188,2707740,1530996
6454,2,1402,915,0,487,0,76425708,43491692,51512220,88,8290960,,17766760,21117944,20115284,17425720,,13042180,8867036,8315420,13267056,,14449612,11396264,10944032,14722312,,12,52,12,12,,1461400,2589760,2708544,1531256
6460,1,1403,915,0,488,0,76496860,43441280,51463880,88,8293004,,17767796,21144864,20158416,17425784,,13033116,8833028,8292240,13282896,,14440760,11363160,10921560,14738400,,12,52,12,12,,1461616,2590648,2709240,1531500
6465,1,1404,915,0,489,0,76449996,43480460,51505076,88,8295052,,17786556,21120732,20120852,17421856,,13021044,8859192,8327180,13273044,,14428920,11390372,10957064,14728720,,12,52,12,12,,1461840,2591716,2709812,1531684
6470,2,1405,915,0,490,0,76493652,43442944,51469940,88,8297408,,17773028,21175912,20083560,17461152,,13044324,8791828,8367848,13238944,,14452504,11323828,10998748,14694860,,12,52,12,12,,1462160,2592520,2710816,1531912
6475,2,1406,915,0,491,0,76408400,43503844,51532580,88,8299196,,17759060,21112428,20096072,17440840,,13055400,8845428,8342228,13260788,,14463876,11378028,10973780,14716896,,12,52,12,12,,1462468,2593116,2711500,1532112
6481,2,1407,915,0,492,0,76547928,43362940,51394072,88,8301536,,17814632,21126132,20123476,17483688,,12994080,8834672,8314104,13220084,,14402864,11368136,10946648,14676424,,12,52,12,12,,1462760,2593992,2712452,1532332
6487,2,1408,915,0,493,0,76484440,43456316,51489632,88,8303720,,17752848,21138876,20160848,17431868,,13073628,8837764,8297468,13247456,,14482748,11372000,10930828,14704056,,12,52,12,12,,1463096,2594760,2713268,1532596
6493,2,1409,915,0,494,0,76594532,43323348,51359400,88,8306456,,17777064,21226132,20174384,17416952,,13042628,8736548,8273148,13271024,,14452120,11271916,10907504,14727860,,12,52,12,12,,1463456,2595900,2714268,1532832
6499,2,1410,915,0,495,0,76545692,43370712,51408996,88,8308688,,17753976,21222020,20105672,17464024,,13056216,8748708,8336724,13229064,,14466020,11284968,10971880,14686128,,12,52,12,12,,1463768,2596804,2715052,1533064
6505,1,1411,915,0,496,0,76446824,43468724,51509116,88,8310792,,17764464,21156536,20087788,17438036,,13053592,8795964,8368500,13250668,,14463632,11332800,11004756,14707928,,12,52,12,12,,1464008,2597376,2716152,1533256
6509,2,1412,915,0,497,0,76505908,43404576,51446604,88,8312428,,17764652,21167396,20090904,17482956,,13043324,8791840,8349364,13220048,,14453584,11329408,10986160,14677452,,12,52,12,12,,1464232,2598100,2716700,1533396
6515,1,1413,915,0,498,0,76503340,43355612,51399424,88,8314220,,17760004,21171172,20141012,17431152,,13041716,8790184,8286128,13237584,,14452200,11328328,10923680,14695216,,12,52,12,12,,1464456,2598680,2717452,1533632
6520,2,1414,915,0,499,0,76561356,43350388,51396436,88,8316464,,17747372,21192460,20179792,17441732,,13074664,8749252,8259560,13266912,,14485504,11288196,10897984,14724752,,12,52,12,12,,1464808,2599476,2718340,1533840
6526,2,1415,915,0,500,0,76605628,43304256,51353116,88,8319312,,17783892,21245432,20139048,17437256,,13033696,8709772,8299416,13261372,,14444892,11250020,10938768,14719436,,12,52,12,12,,1465160,2600808,2719276,1534068
6533,1,1416,915,0,501,0,76534312,43349244,51400404,88,8321532,,17742272,21246300,20095868,17449872,,13056044,8711776,8337728,13243696,,14467552,11252988,10977896,14701968,,12,52,12,12,,1465488,2601724,2720068,1534252
6538,1,1417,915,0,502,0,76506984,43411728,51465160,88,8323768,,17794620,21161068,20083744,17467552,,13025676,8794192,8364584,13227276,,14437524,11336268,11005624,14685744,,12,52,12,12,,1465824,2602572,2720924,1534448
6544,1,1418,915,0,503,0,76475152,43399160,51454844,88,8326020,,17756460,21169088,20134636,17414968,,13053516,8781380,8297320,13266944,,14465716,11324064,10939496,14725568,,12,52,12,12,,1466168,2603168,2722076,1534608
6549,1,1419,915,0,504,0,76483088,43398656,51456060,88,8327728,,17740984,21179236,20145196,17417672,,13049824,8783628,8278808,13286396,,14462296,11326876,10921668,14745220,,12,52,12,12,,1466452,2603728,2722736,1534812
6555,1,1420,915,0,505,0,76586824,43319712,51379600,88,8330212,,17796124,21192084,20177184,17421432,,13015356,8762764,8253424,13288168,,14428140,11307260,10896980,14747220,,12,52,12,12,,1466756,2604984,2723432,1535040
6561,1,1421,915,0,506,0,76628856,43267456,51329880,88,8332740,,17844708,21210200,20119220,17454728,,12978608,8738272,8302108,13248468,,14391712,11283704,10946776,14707688,,12,52,12,12,,1467088,2605920,2724536,1535196
6566,2,1422,915,0,507,0,76492880,43388508,51452612,88,8334436,,17777776,21159172,20102084,17453848,,13038136,8785160,8320820,13244392,,14451596,11331040,10966156,14703820,,12,52,12,12,,1467416,2606396,2725224,1535400
6572,2,1423,915,0,508,0,76564500,43311456,51377880,88,8336756,,17819500,21157476,20130868,17456656,,12992852,8798004,8290988,13229612,,14406680,11344852,10936972,14689376,,12,52,12,12,,1467804,2607348,2725860,1535744
6579,1,1424,915,0,509,0,76536780,43327932,51397060,88,8339440,,17762256,21176732,20186580,17411212,,13039060,8760604,8236912,13291356,,14453216,11308468,10884052,14751324,,12,52,12,12,,1468120,2608348,2727024,1535948
6584,1,1425,915,0,510,0,76508552,43360356,51431620,88,8341588,,17790244,21203084,20097896,17417328,,13005844,8752368,8322564,13279580,,14420352,11301288,10970276,14739704,,12,52,12,12,,1468472,2609420,2727600,1536096
6589,2,1426,915,0,511,0,76616440,43254984,51328652,88,8343984,,17842712,21208624,20109628,17455476,,12964092,8726900,8321888,13242104,,14378884,11276696,10970640,14702432,,12,52,12,12,,1468756,2610284,2728632,1536312
6595,1,1427,915,0,512,0,76569108,43295152,51370672,88,8345872,,17767860,21168120,20123380,17509748,,13028888,8777508,8307512,13181244,,14443976,11327904,10957028,14641764,,12,52,12,12,,1469064,2610896,2729396,1536516
6601,1,1428,915,0,513,0,76545836,43309208,51387228,88,8348316,,17807140,21169880,20142208,17426608,,12995684,8768836,8278988,13265700,,14411196,11320176,10929476,14726380,,12,52,12,12,,1469472,2611824,2730360,1536660
6607,1,1429,915,0,514,0,76536464,43300760,51380584,88,8350116,,17752412,21167988,20185976,17430088,,13046124,8765784,8237212,13251640,,14461932,11317636,10888520,14712496,,12,52,12,12,,1469760,2612340,2731188,1536828
6613,1,1430,915,0,515,0,76471772,43417012,51499272,88,8352552,,17750044,21097196,20190332,17434200,,13058056,8855008,8235656,13268292,,14474132,11407856,10887952,14729332,,12,52,12,12,,1470024,2613324,2732180,1537024
6619,1,1431,915,0,516,0,76499412,43391356,51478056,88,8356996,,17786696,21123332,20126232,17463152,,13023168,8822292,8316880,13229016,,14441568,11376436,10969780,14690272,,12,52,12,12,,1472356,2614628,2732780,1537232
6625,1,1432,915,0,517,0,76413456,43434888,51526124,88,8361588,,17778572,21079164,20107808,17447912,,13017816,8873356,8317088,13226628,,14436556,11428116,10971192,14690260,,12,52,12,12,,1472712,2615260,2733996,1539620
6630,1,1433,915,0,518,0,76564788,43322936,51415932,88,8363304,,17803496,21139632,20126444,17495216,,13016560,8799876,8303676,13202824,,14435572,11355376,10958340,14666644,,12,52,12,12,,1472968,2616000,2734532,1539804
6635,2,1434,915,0,519,0,76489592,43375372,51470680,88,8365596,,17759408,21134248,20158268,17437668,,13053936,8817232,8259000,13245204,,14473284,11373644,10914500,14709252,,12,52,12,12,,1473312,2616896,2735364,1540024
6641,2,1435,915,0,520,0,76514900,43342356,51440244,88,8368176,,17751444,21165352,20156664,17441440,,13059156,8780516,8254848,13247836,,14478848,11337940,10911312,14712144,,12,52,12,12,,1473652,2617912,2736316,1540296
6647,2,1436,915,0,521,0,76568480,43273292,51373716,88,8370748,,17793712,21188676,20129152,17456940,,13003136,8742208,8282176,13245772,,14423140,11300936,10939352,14710288,,12,52,12,12,,1473960,2619244,2737048,1540496
6654,1,1437,915,0,522,0,76308184,43525036,51628136,88,8373364,,17760012,20959868,20133940,17454364,,13037600,8982700,8282956,13221780,,14458060,11542128,10941332,14686616,,12,52,12,12,,1474416,2619916,2738228,1540804
6661,1,1438,915,0,523,0,76345836,43512500,51618024,88,8375780,,17813688,20897228,20135732,17499188,,12983596,9056256,8284868,13187780,,14404356,11616568,10944264,14652836,,12,52,12,12,,1474720,2620796,2739248,1541016
6667,1,1439,915,0,524,0,76286240,43544704,51651912,88,8377480,,17761444,20901860,20197316,17425620,,13048116,9033464,8220640,13242484,,14469156,11594256,10880772,14707728,,12,52,12,12,,1475004,2621280,2739988,1541208
6672,2,1440,915,0,525,0,76256560,43569028,51678628,88,8379832,,17755412,20919340,20152292,17429516,,13050828,9011848,8247036,13259316,,14472180,11573616,10908096,14724736,,12,52,12,12,,1475292,2622256,2740912,1541372
6677,1,1441,915,0,526,0,76376736,43442292,51554268,88,8382224,,17791752,20942588,20190400,17451996,,13012040,8979080,8214508,13236664,,14433724,11542000,10876236,14702308,,12,52,12,12,,1475604,2623420,2741596,1541604
6683,2,1442,915,0,527,0,76311480,43533792,51648028,88,8384488,,17755096,20905144,20205200,17446040,,13043508,9048304,8201720,13240260,,14465452,11611828,10864644,14706104,,12,52,12,12,,1475880,2624040,2742776,1541792
6689,2,1443,915,0,528,0,76404364,43445744,51562112,88,8386624,,17818136,20896800,20200328,17489100,,12986192,9040828,8217460,13201264,,14408592,11605164,10881048,14667308,,12,52,12,12,,1476324,2624856,2743444,1542000
6695,1,1444,915,0,529,0,76314812,43484344,51602496,88,8388444,,17762008,20900292,20225972,17426540,,13024580,9026360,8179772,13253632,,14447256,11591340,10844056,14719844,,12,52,12,12,,1476620,2625504,2744160,1542160
6700,2,1445,915,0,530,0,76346552,43470548,51590848,88,8390584,,17771352,20933560,20223464,17418176,,13025056,9005576,8186504,13253412,,14448112,11571384,10851528,14719824,,12,52,12,12,,1476988,2626340,2744888,1542368
6706,1,1446,915,0,531,0,76526000,43281580,51404372,88,8393028,,17800544,20993408,20278740,17453308,,12983752,8941648,8122828,13233352,,14407132,11508720,10788528,14699992,,12,52,12,12,,1477304,2627572,2745560,1542592
6712,1,1447,915,0,532,0,76441836,43360756,51486324,88,8395788,,17777140,20975880,20199124,17489692,,13000812,8946000,8202712,13211232,,14424600,11514096,10869496,14678132,,12,52,12,12,,1477720,2628596,2746640,1542832
6718,1,1448,915,0,533,0,76327424,43500252,51627896,88,8397868,,17780016,20902788,20201520,17443100,,13032852,9025836,8207192,13234372,,14456948,11594704,10874760,14701484,,12,52,12,12,,1478024,2629352,2747448,1543044
6724,1,1449,915,0,534,0,76412608,43438000,51567852,88,8400044,,17815720,20931360,20233348,17432180,,12999640,8992156,8178680,13267524,,14424092,11561536,10847436,14734788,,12,52,12,12,,1478376,2629848,2748620,1543200
6730,1,1450,915,0,535,0,76392400,43412304,51544328,88,8402184,,17751560,20949136,20269540,17422164,,13037348,8965424,8137948,13271584,,14462164,11535472,10807600,14739092,,12,52,12,12,,1478744,2630500,2749504,1543436
6735,2,1451,915,0,536,0,76166192,43624904,51759460,88,8404716,,17766364,21023824,19915744,17460260,,13025984,8894876,8464180,13239864,,14451216,11466188,11134424,14707632,,12,52,12,12,,1479144,2631772,2750100,1543700
6742,1,1452,915,0,537,0,76149664,43633608,51770788,88,8407360,,17768612,21031960,19871732,17477360,,13016708,8883080,8528844,13204976,,14442252,11455380,11200192,14672964,,12,52,12,12,,1479472,2632764,2751200,1543924
6747,2,1453,915,0,538,0,76158268,43650536,51789476,88,8409104,,17767856,21036072,19860752,17493588,,13032884,8889956,8540904,13186792,,14458812,11462732,11212980,14654952,,12,52,12,12,,1479836,2633248,2751920,1544100
6753,1,1454,915,0,539,0,76243716,43576016,51716912,88,8411012,,17823604,20981660,19951716,17486736,,12987548,8935192,8456456,13196820,,14413752,11508864,11129096,14665200,,12,52,12,12,,1480116,2634120,2752452,1544324
6758,2,1455,915,0,540,0,76178864,43611764,51754884,88,8413252,,17745704,20991524,20000704,17440932,,13044148,8920628,8416080,13230908,,14470600,11495268,11089500,14699516,,12,52,12,12,,1480356,2635104,2753256,1544536
6764,2,1456,915,0,541,0,76244740,43579176,51725136,88,8416040,,17785688,21031764,19990068,17437220,,13025248,8888924,8414864,13250140,,14452124,11464716,11089320,14718976,,12,52,12,12,,1480768,2636248,2754252,1544772
6770,2,1457,915,0,542,0,76265120,43545516,51694240,88,8418788,,17836184,21027860,19940780,17460296,,12976620,8883080,8466180,13219636,,14403796,11459852,11141804,14688788,,12,52,12,12,,1481060,2637236,2755420,1545072
6777,1,1458,915,0,543,0,76059668,43746668,51897228,88,8420644,,17767692,21042852,19800268,17448856,,13045976,8872616,8587208,13240868,,14473496,11449936,11263600,14710196,,12,52,12,12,,1481392,2637808,2756192,1545252
6782,1,1459,915,0,544,0,76090724,43719768,51872468,88,8422744,,17825304,20975084,19803504,17486832,,12975740,8959332,8593304,13191392,,14403552,11537436,11270548,14660932,,12,52,12,12,,1481712,2638548,2757028,1545456
6787,2,1460,915,0,545,0,76035200,43712060,51866512,88,8424492,,17752852,20984096,19877280,17420972,,13029848,8930512,8510864,13240836,,14457980,11509044,11188876,14710612,,12,52,12,12,,1482008,2638992,2757796,1545696
6793,2,1461,915,0,546,0,76025228,43743212,51900784,88,8427604,,17768720,21009396,19831440,17415672,,13016796,8906664,8543532,13276220,,14445292,11486672,11222568,14746252,,12,52,12,12,,1482372,2640444,2758824,1545964
6800,1,1462,915,0,547,0,75983200,43783276,51943460,88,8430236,,17759372,20978172,19788416,17457240,,13019704,8932532,8616560,13214480,,14448536,11513404,11296764,14684756,,12,52,12,12,,1482728,2641312,2760012,1546184
6806,1,1463,915,0,548,0,75994944,43792620,51954640,88,8432020,,17771400,20947260,19790240,17486044,,13012164,8977860,8603492,13199104,,14441264,11559344,11284444,14669588,,12,52,12,12,,1482976,2641916,2760736,1546392
6812,1,1464,915,0,549,0,75978888,43795576,51961496,88,8435972,,17812012,20945796,19792336,17428744,,12982888,8965636,8593464,13253588,,14412248,11549992,11274972,14724284,,12,52,12,12,,1483244,2644832,2761288,1546608
6818,1,1465,915,0,550,0,75864652,43890284,52058620,88,8438344,,17758776,20973460,19711904,17420512,,13020804,8936436,8683208,13249836,,14450440,11521856,11365532,14720792,,12,52,12,12,,1483516,2645852,2762104,1546872
6824,1,1466,915,0,551,0,75916944,43837228,52008336,88,8441136,,17759792,20990268,19745924,17420960,,13020372,8908532,8658968,13249356,,14450340,11495108,11342292,14720596,,12,52,12,12,,1483852,2647024,2763108,1547152
6829,2,1467,915,0,552,0,75910868,43875292,52048760,88,8443464,,17770228,21000156,19687132,17453352,,13017964,8919480,8711656,13226192,,14448276,11506944,11395916,14697624,,12,52,12,12,,1484196,2647900,2764048,1547320
6836,1,1468,915,0,553,0,75899768,43900232,52075940,88,8445748,,17771572,20960676,19680668,17486852,,13021576,8963172,8711892,13203592,,14452208,11551472,11397020,14675240,,12,52,12,12,,1484512,2648760,2764924,1547552
6841,2,1469,915,0,554,0,75851676,43929784,52107724,88,8447928,,17838152,20837768,19757096,17418660,,12958316,9069640,8634260,13267568,,14389204,11658812,11320316,14739392,,12,52,12,12,,1484772,2649612,2765824,1547720
6847,1,1470,915,0,555,0,75793104,43968128,52147692,88,8449604,,17756624,20826824,19784188,17425468,,13040336,9072844,8593704,13261244,,14471448,11662460,11280516,14733268,,12,52,12,12,,1485000,2650076,2766596,1547932
6852,2,1471,915,0,556,0,75880000,43915660,52097816,88,8452140,,17780936,20871068,19798208,17429788,,13032024,9033728,8589748,13260160,,14463556,11624292,11277560,14732408,,12,52,12,12,,1485392,2651000,2767604,1548144
6858,1,1472,915,0,557,0,75912744,43875300,52059964,88,8454696,,17824352,20915304,19716484,17456604,,12970820,8990372,8683640,13230468,,14402756,11582092,11372148,14702968,,12,52,12,12,,1485764,2652232,2768304,1548396
6864,1,1473,915,0,558,0,75877920,43858924,52049912,88,8460944,,17771452,20902040,19717532,17486896,,13000048,9003880,8660948,13194048,,14434324,11596292,11352500,14666796,,12,52,12,12,,1488112,2652856,2771328,1548648
6870,1,1474,915,0,559,0,75832924,43934376,52127312,88,8462876,,17796680,20887792,19723092,17425360,,12996848,9010844,8669368,13257316,,14431372,11604088,11361636,14730216,,12,52,12,12,,1488364,2653684,2772036,1548792
6875,2,1475,915,0,560,0,75848384,43897688,52092732,88,8464964,,17783092,20891748,19744984,17428560,,13005196,9005844,8638168,13248480,,14440076,11599736,11331312,14721608,,12,52,12,12,,1488708,2654336,2772892,1549028
6881,1,1476,915,0,561,0,75887628,43871156,52068760,88,8467552,,17743964,20921704,19790096,17431864,,13044244,8976420,8589580,13260912,,14479352,11571576,11283624,14734208,,12,52,12,12,,1488940,2655592,2773812,1549208
6887,1,1477,915,0,562,0,75851252,43905144,52104808,88,8469580,,17781808,20903668,19721956,17443820,,13017240,8980368,8656232,13251304,,14452636,11576332,11351036,14724804,,12,52,12,12,,1489228,2656408,2774548,1549396
6893,1,1478,915,0,563,0,75823316,43930360,52132440,88,8471992,,17755216,20918332,19711520,17438248,,13015432,8998480,8680604,13235844,,14451204,11595500,11376144,14709592,,12,52,12,12,,1489608,2657456,2775276,1549652
6899,1,1479,915,0,564,0,75876768,43883164,52087472,88,8474216,,17774252,20874804,19742392,17485320,,13013824,8995008,8663644,13210688,,14449956,11592852,11359988,14684676,,12,52,12,12,,1489960,2658284,2776088,1549884
6904,1,1480,915,0,565,0,75822512,43947076,52153608,88,8476448,,17765432,20848796,19793712,17414572,,13029336,9043316,8599180,13275244,,14465716,11641708,11296676,14749508,,12,52,12,12,,1490212,2658824,2777248,1550164
6909,2,1481,915,0,566,0,75873016,43903208,52111740,88,8478416,,17756472,20870356,19826076,17420112,,13035256,9034076,8563932,13269944,,14471948,11633080,11262232,14744480,,12,52,12,12,,1490484,2659444,2778048,1550440
6916,1,1482,915,0,567,0,76018300,43739956,51951104,88,8481000,,17793456,20964904,19836520,17423420,,12999660,8927088,8539840,13273368,,14436784,11527300,11238788,14748232,,12,52,12,12,,1490900,2660628,2778700,1550772
6921,2,1483,915,0,568,0,76028244,43695436,51908972,88,8483384,,17812648,20958804,19795284,17461508,,12966252,8927668,8579784,13221732,,14403668,11528736,11279768,14696800,,12,52,12,12,,1491200,2661500,2779720,1550964
6927,1,1484,915,0,569,0,75997956,43772712,51987992,88,8485172,,17782516,20931796,19795188,17488456,,13016316,8965348,8587440,13203608,,14454028,11566892,11288208,14678864,,12,52,12,12,,1491508,2661968,2780540,1551156
6932,2,1485,915,0,570,0,75999328,43702280,51919768,88,8487336,,17816196,20916752,19847356,17419024,,12984880,8968416,8517108,13231876,,14422992,11570856,11218572,14707348,,12,52,12,12,,1491900,2662876,2781192,1551368
6938,1,1486,915,0,571,0,76059724,43663840,51883644,88,8489664,,17767100,20940784,19941540,17410300,,13017732,8950524,8430872,13264712,,14456160,11554036,11133084,14740364,,12,52,12,12,,1492236,2663940,2781936,1551552
6944,1,1487,915,0,572,0,76118968,43625100,51847760,88,8492488,,17770560,20983024,19943468,17421916,,13020964,8913908,8431620,13258608,,14459808,11518588,11134896,14734468,,12,52,12,12,,1492636,2665100,2782992,1551760
6950,1,1488,914,0,574,1,76190652,43554556,51779740,88,8494980,,17826232,20999732,19922584,17442104,,12962600,8912196,8436564,13243196,,14401804,11517796,11140888,14719252,,12,52,12,12,,1492996,2666020,2784036,1551928
6955,2,1489,914,0,575,1,76143724,43596596,51823600,88,8496796,,17768712,21006252,19927832,17440928,,13013176,8907860,8442488,13233072,,14452656,11514016,11147584,14709344,,12,52,12,12,,1493264,2666588,2784800,1552144
6961,1,1490,914,0,576,1,76213072,43554024,51785304,88,8501100,,17831976,20946464,19933276,17501356,,12960936,8959396,8446800,13186892,,14400700,11568500,11152780,14663324,,12,52,12,12,,1493556,2669528,2785696,1552320
6967,1,1491,914,0,577,1,76089844,43610656,51843892,88,8503032,,17747788,20944532,19970084,17427440,,13038308,8960648,8398356,13213344,,14478448,11570264,11105188,14689992,,12,52,12,12,,1493932,2670032,2786544,1552524
6973,1,1492,914,0,578,1,76186900,43534852,51770572,88,8505532,,17774524,20987224,20002024,17423128,,13015816,8910996,8372372,13235668,,14456304,11521580,11080188,14712500,,12,52,12,12,,1494268,2671008,2787532,1552724
6979,1,1493,914,0,579,0,76174772,43540872,51778396,88,8508444,,17754056,21027460,19936000,17457256,,13011292,8875184,8428748,13225648,,14452032,11486076,11137524,14702764,,12,52,12,12,,1494556,2672408,2788484,1552996
6986,1,1494,915,0,579,0,76093860,43617200,51858652,88,8510908,,17773760,20956868,19928780,17434452,,13008412,8931228,8441088,13236472,,14449640,11544356,11150880,14713776,,12,52,12,12,,1495040,2673156,2789520,1553192
6992,1,1495,915,0,580,0,76215312,43527524,51771016,88,8512936,,17815300,20967152,19939120,17493740,,12983192,8924360,8442532,13177440,,14424764,11538384,11152888,14654980,,12,52,12,12,,1495368,2674092,2790064,1553412
6998,2,1496,915,0,581,0,76216976,43491472,51737572,88,8515592,,17773772,20987236,20020092,17435876,,13005712,8890144,8349872,13245744,,14447632,11505244,11061104,14723592,,12,52,12,12,,1495708,2675224,2790944,1553716
7005,1,1497,915,0,582,0,76265812,43423192,51672152,88,8518452,,17778248,21017772,20047172,17422620,,12996124,8875264,8302108,13249696,,14438444,11491624,11014340,14727744,,12,52,12,12,,1496100,2676496,2791940,1553916
7011,1,1498,915,0,583,0,76291764,43407632,51659224,88,8521108,,17763972,21045284,20024104,17458404,,13017260,8840688,8335272,13214412,,14459832,11458020,11048652,14692720,,12,52,12,12,,1496364,2677468,2793092,1554184
7016,1,1499,915,0,584,0,76262908,43448440,51701688,88,8522744,,17766172,21012112,19984788,17499836,,13024092,8885488,8362604,13176256,,14466960,11503256,11076660,14654812,,12,52,12,12,,1496652,2677904,2793768,1554420
7022,1,1500,915,0,585,0,76254952,43452860,51708444,88,8525100,,17819940,21004444,19990456,17440112,,12974296,8874292,8384780,13219492,,14417500,11492956,11099768,14698220,,12,52,12,12,,1496996,2678812,2794700,1554592
7028,1,1501,915,0,586,0,76206008,43466796,51724316,88,8526992,,17756084,21013444,20010604,17425876,,13033460,8859636,8344212,13229488,,14476900,11479048,11059960,14708408,,12,52,12,12,,1497216,2679548,2795448,1554780
7033,2,1502,915,0,587,0,76300768,43410284,51670384,88,8529572,,17783344,21053908,20044528,17418988,,12995536,8828696,8315208,13270844,,14439280,11449180,11031968,14749956,,12,52,12,12,,1497524,2680592,2796468,1554988
7039,1,1503,915,0,588,0,76325012,43377204,51639856,88,8532096,,17834848,21055816,19976636,17457712,,12942036,8819440,8381784,13233944,,14386132,11440824,11099596,14713304,,12,52,12,12,,1497880,2681468,2797524,1555224
7045,1,1504,915,0,589,0,76364328,43346408,51610800,88,8533752,,17781592,21105976,19982936,17493824,,12990036,8783340,8371612,13201420,,14434412,11405276,11090136,14680976,,12,52,12,12,,1498164,2681900,2798276,1555412
7051,1,1505,915,0,590,0,76373544,43348568,51615192,88,8535936,,17833240,21039320,20015540,17485444,,12954780,8841712,8353744,13198332,,14399560,11464520,11072968,14678144,,12,52,12,12,,1498568,2682764,2798936,1555668
7057,1,1506,915,0,591,0,76305180,43336876,51605960,88,8538412,,17786484,21038220,20051572,17428904,,12991112,8826152,8290548,13229064,,14436204,11450064,11010600,14709092,,12,52,12,12,,1498880,2683888,2799760,1555884
7063,1,1507,915,0,592,0,76320404,43367640,51638984,88,8540676,,17786372,21064236,20048824,17420972,,12994840,8797876,8315300,13259624,,14440308,11422528,11036284,14739864,,12,52,12,12,,1499260,2684596,2800724,1556096
7068,2,1508,915,0,593,0,76341640,43358304,51632324,88,8543340,,17819888,21062656,19990612,17468484,,12965744,8811032,8363620,13217908,,14411556,11436968,11085392,14698408,,12,52,12,12,,1499612,2685884,2801488,1556356
7074,2,1509,915,0,594,0,76380248,43293008,51569296,88,8545620,,17773744,21117264,20030888,17458352,,13000224,8757172,8318144,13217468,,14446420,11383684,11041016,14698176,,12,52,12,12,,1499972,2686476,2802592,1556580
7081,1,1510,915,0,595,0,76281852,43394120,51672676,88,8547868,,17808924,20961716,20040676,17470536,,12974744,8920148,8299020,13200208,,14421272,11547432,11022876,14681096,,12,52,12,12,,1500320,2687236,2803568,1556744
7086,1,1511,915,0,596,0,76293252,43366324,51646816,88,8549804,,17832228,20952100,20086984,17421940,,12943284,8927508,8256268,13239264,,14390152,11555368,10980988,14720308,,12,52,12,12,,1500648,2687816,2804432,1556908
7092,1,1512,915,0,597,0,76319292,43342908,51626124,88,8552484,,17769632,21028864,20088080,17432716,,12987236,8843856,8254024,13257792,,14434452,11472768,10979768,14739136,,12,52,12,12,,1501000,2688840,2805444,1557200
7098,2,1513,915,0,598,0,76382132,43293340,51579692,88,8555644,,17803072,21087040,20029016,17463004,,12975864,8784136,8336020,13197320,,14423476,11414444,11062900,14678872,,12,52,12,12,,1501400,2690264,2806576,1557404
7105,2,1514,915,0,599,0,76369228,43268144,51556508,88,8557640,,17794400,21077932,20034052,17462844,,12966584,8800092,8298860,13202608,,14414500,11431024,11026600,14684384,,12,52,12,12,,1501708,2690880,2807420,1557632
7112,1,1515,915,0,600,0,76335788,43339420,51629904,88,8559724,,17821948,20998996,20081592,17433252,,12964700,8861088,8261940,13251692,,14412936,11493004,10990272,14733692,,12,52,12,12,,1502016,2691852,2807996,1557860
7118,1,1516,915,0,601,0,76324392,43332116,51624968,88,8562124,,17765956,21010792,20123880,17423764,,13009312,8859048,8224064,13239692,,14457864,11492032,10953168,14721904,,12,52,12,12,,1502340,2692920,2808788,1558076
7123,2,1517,915,0,602,0,76314516,43354824,51650324,88,8564772,,17772512,21014296,20102348,17425360,,13016524,8854912,8236256,13247132,,14465492,11489016,10966304,14729512,,12,52,12,12,,1502752,2694056,2809720,1558244
7130,1,1518,915,0,603,0,76319872,43368160,51666160,88,8567240,,17820660,21016792,20026428,17455992,,12955644,8862200,8324640,13225676,,14404904,11497168,11055820,14708268,,12,52,12,12,,1503048,2694896,2810848,1558448
7135,2,1519,915,0,604,0,76302528,43382588,51682444,88,8569160,,17761000,21003440,20041412,17496676,,13039004,8850548,8306224,13186812,,14488572,11486076,11038188,14669608,,12,52,12,12,,1503344,2695524,2811636,1558656
7141,2,1520,915,0,605,0,76365648,43321068,51623200,88,8571472,,17820332,20998452,20042512,17504352,,12968808,8873656,8309356,13169248,,14418644,11510048,11042260,14652248,,12,52,12,12,,1503628,2696420,2812576,1558848
7147,1,1521,915,0,606,0,76285440,43328712,51633012,88,8573620,,17780992,20989460,20077332,17437656,,12988284,8878508,8244664,13217256,,14438432,11515728,10978396,14700456,,12,52,12,12,,1503908,2697260,2813400,1559052
7153,1,1522,915,0,607,0,76399536,43265708,51572628,88,8576232,,17779608,21054696,20129736,17435496,,12988200,8821352,8226384,13229772,,14438740,11459596,10961120,14713172,,12,52,12,12,,1504296,2698272,2814404,1559260
7159,2,1523,915,0,608,0,76322944,43331780,51641188,88,8578712,,17756912,21059100,20039644,17467288,,13022312,8815544,8305448,13188476,,14473160,11454836,11041132,14672060,,12,52,12,12,,1504600,2699312,2815344,1559456
7165,1,1524,915,0,609,0,76320388,43288988,51600504,88,8580792,,17769492,21056816,20047912,17446168,,13005304,8795224,8283948,13204512,,14456460,11435160,11020596,14688288,,12,52,12,12,,1504908,2699968,2816284,1559632
7171,1,1525,915,0,610,0,76314492,43351188,51664688,88,8582812,,17810436,21002064,20063344,17438648,,12979860,8862564,8278792,13229972,,14431328,11503304,11016104,14713952,,12,52,12,12,,1505232,2700800,2816932,1559848
7176,2,1526,915,0,611,0,76308488,43303344,51618968,88,8584948,,17761004,21001416,20120976,17425092,,12994080,8856296,8215084,13237884,,14445816,11497880,10953152,14722120,,12,52,12,12,,1505500,2701652,2817700,1560096
7183,1,1527,915,0,612,0,76319044,43316772,51635324,88,8587872,,17777244,21017404,20089768,17434628,,12995836,8849520,8225820,13245596,,14447920,11492428,10964912,14730064,,12,52,12,12,,1505844,2702964,2818736,1560328
7189,1,1528,915,0,613,0,76348644,43313440,51634628,88,8590488,,17820452,21028344,20047524,17452324,,12944436,8840036,8300960,13228008,,14396888,11483892,11041140,14712708,,12,52,12,12,,1506212,2703916,2819812,1560548
7195,2,1529,915,0,614,0,76350760,43301940,51625184,88,8592548,,17795484,21052884,20056048,17446344,,12982164,8808764,8283812,13227200,,14434984,11453288,11024812,14712100,,12,52,12,12,,1506572,2704592,2820636,1560748
7202,1,1530,915,0,615,0,76342112,43306276,51631696,88,8594760,,17774788,21003848,20072748,17490728,,12998964,8859392,8283608,13164312,,14452088,11504644,11025540,14649424,,12,52,12,12,,1506888,2705344,2821556,1560972
7207,1,1531,915,0,616,0,76318428,43282048,51609320,88,8596572,,17755652,21009160,20128492,17425124,,13019000,8834712,8200064,13228272,,14472404,11480552,10942760,14713604,,12,52,12,12,,1507168,2705896,2822320,1561188
7212,1,1532,915,0,617,0,76401328,43264768,51594368,88,8598900,,17750756,21087280,20144172,17419120,,13038616,8765784,8203392,13256976,,14492328,11412592,10947004,14742444,,12,52,12,12,,1507476,2706860,2823240,1561324
7217,2,1533,915,0,618,0,76426008,43234148,51565980,88,8601136,,17781276,21106332,20086800,17451600,,12992100,8757432,8249532,13235084,,14446120,11405144,10993916,14720800,,12,52,12,12,,1507784,2707760,2824016,1561576
7223,2,1534,915,0,619,0,76381288,43249820,51584324,88,8603836,,17759936,21080896,20048968,17491488,,13023536,8760892,8272840,13192552,,14477936,11409516,11018416,14678456,,12,52,12,12,,1508188,2708700,2825192,1561756
7229,2,1535,915,0,620,0,76428072,43183664,51520284,88,8605964,,17814928,21090952,20062708,17459484,,12948408,8753916,8284760,13196580,,14403180,11403356,11030980,14682768,,12,52,12,12,,1508540,2709520,2825860,1562044
7236,1,1536,915,0,621,0,76373992,43260500,51599364,88,8608240,,17760628,21092444,20096612,17424308,,13013104,8765828,8237224,13244344,,14468208,11416188,10984248,14730720,,12,52,12,12,,1508880,2710464,2826652,1562244
7241,1,1537,915,0,622,0,76446452,43160888,51501820,88,8610280,,17765960,21121432,20126880,17432180,,13001176,8735900,8200784,13223028,,14456616,11386772,10948744,14709688,,12,52,12,12,,1509212,2710960,2827596,1562512
7247,1,1538,915,0,623,0,76492916,43140308,51483400,88,8612464,,17784928,21118940,20154568,17434480,,13003580,8737948,8175068,13223712,,14459332,11390080,10923412,14710576,,12,52,12,12,,1509520,2712216,2827996,1562732
7252,2,1539,915,0,624,0,76463820,43178684,51524216,88,8614864,,17786140,21166596,20068664,17442420,,12986544,8691768,8273744,13226628,,14442560,11344824,11023144,14713688,,12,52,12,12,,1509812,2713140,2829016,1562896
7258,2,1540,915,0,625,0,76413488,43197456,51545328,88,8617196,,17787544,21102788,20071416,17451740,,12987396,8740172,8246084,13223804,,14443784,11394136,10996316,14711092,,12,52,12,12,,1510152,2714040,2829872,1563132
7264,2,1541,915,0,626,0,76413020,43195716,51545844,88,8619440,,17761968,21109460,20111396,17430196,,12995428,8736716,8223176,13240396,,14452164,11391236,10974600,14727844,,12,52,12,12,,1510500,2714596,2831052,1563292
7269,2,1542,915,0,627,0,76383868,43214480,51566448,88,8621288,,17756792,21107464,20084336,17435276,,13003376,8747184,8225284,13238636,,14460352,11402324,10977472,14726300,,12,52,12,12,,1510740,2715220,2831828,1563500
7275,1,1543,915,0,628,0,76484112,43106640,51461112,88,8623728,,17769992,21137020,20134692,17442408,,13003264,8702348,8172476,13228552,,14460572,11358740,10925344,14716456,,12,52,12,12,,1511068,2716424,2832496,1563740
7281,1,1544,915,0,629,0,76442172,43158532,51515432,88,8626180,,17769520,21140980,20073620,17458052,,12991168,8703080,8241340,13222944,,14448860,11360244,10995292,14711036,,12,52,12,12,,1511456,2717212,2833572,1563940
7287,1,1545,915,0,630,0,76470700,43117208,51475972,88,8628076,,17784684,21161996,20057056,17466964,,12999188,8661008,8265740,13191272,,14457176,11318724,11020464,14679608,,12,52,12,12,,1511756,2717780,2834364,1564176
7292,2,1546,915,0,631,0,76311772,43308092,51668924,88,8630108,,17759268,21100904,20031736,17419864,,13015856,8748584,8289436,13254216,,14474172,11407324,11044708,14742720,,12,52,12,12,,1512088,2718796,2834888,1564336
7298,1,1547,915,0,632,0,76391220,43219220,51582276,88,8632356,,17770932,21118504,20073004,17428780,,12997872,8723424,8251252,13246672,,14456524,11383212,11007196,14735344,,12,52,12,12,,1512444,2719832,2835568,1564512
7303,2,1548,915,0,633,0,76427836,43170104,51536016,88,8635176,,17785908,21153220,20063964,17424744,,12993708,8688832,8250764,13236800,,14452756,11349772,11007748,14725740,,12,52,12,12,,1512804,2720984,2836616,1564772
7309,2,1549,915,0,634,0,76432068,43120600,51488832,88,8637504,,17776224,21189244,20014552,17452048,,12964792,8648852,8299940,13207016,,14424092,11310596,11058020,14696124,,12,52,12,12,,1513068,2721784,2837700,1564952
7315,1,1550,915,0,635,0,76463136,43132924,51503108,88,8639460,,17760996,21182396,20029476,17490268,,13012040,8660724,8291672,13168488,,14471640,11323040,11050560,14657868,,12,52,12,12,,1513368,2722360,2838500,1565232
7321,2,1551,915,0,636,0,76442356,43156820,51529316,88,8641756,,17822148,21126188,20066840,17427180,,12950008,8718876,8247160,13240776,,14409988,11381964,11006940,14730424,,12,52,12,12,,1513748,2723120,2839416,1565472
7327,1,1552,915,0,637,0,76413640,43178968,51553304,88,8643584,,17760852,21119472,20099456,17433860,,13011696,8715832,8222164,13229276,,14471952,11379528,10982752,14719072,,12,52,12,12,,1514020,2723736,2840204,1565624
7332,1,1553,915,0,638,0,76504012,43081428,51458144,88,8645956,,17765704,21161660,20154972,17421676,,13003024,8675948,8156312,13246144,,14463572,11340604,10917880,14736088,,12,52,12,12,,1514308,2724688,2841196,1565764
7338,1,1554,915,0,639,0,76433188,43168072,51547288,88,8648504,,17792756,21157624,20035796,17447012,,12968612,8696328,8278924,13224208,,14429552,11362200,11041184,14714352,,12,52,12,12,,1514688,2725960,2841884,1565972
7344,2,1555,915,0,640,0,76411132,43163136,51544784,88,8650896,,17753492,21133732,20036436,17487472,,13019516,8682772,8292832,13168016,,14480792,11349264,11056340,14658388,,12,52,12,12,,1515024,2726512,2843160,1566200
7350,2,1556,915,0,641,0,76413728,43176808,51560456,88,8652848,,17797424,21084864,20036432,17495008,,12965964,8746820,8285792,13178232,,14427452,11414208,11049964,14668832,,12,52,12,12,,1515236,2727420,2843776,1566416
7356,2,1557,915,0,642,0,76375596,43205680,51591440,88,8654956,,17770016,21083652,20082180,17439748,,12995040,8750628,8235720,13224292,,14456860,11418948,11000608,14715024,,12,52,12,12,,1515568,2728348,2844496,1566544
7361,2,1558,915,0,643,0,76392896,43155288,51543196,88,8657132,,17754012,21110992,20097836,17430056,,13009412,8715176,8205720,13224980,,14471448,11384412,10971476,14715860,,12,52,12,12,,1515784,2729272,2845360,1566716
7367,1,1559,915,0,644,0,76425556,43149516,51539136,88,8658852,,17784748,21144292,20053052,17443464,,12988436,8685976,8259224,13215880,,14450804,11355964,11025400,14706968,,12,52,12,12,,1516108,2730028,2845804,1566912
7372,1,1560,915,0,645,0,76359852,43206532,51598840,88,8661536,,17812252,21077804,20050516,17419280,,12952680,8762376,8255540,13235936,,14415368,11433372,11022852,14727248,,12,52,12,12,,1516444,2731060,2846904,1567128
7378,1,1561,915,0,646,0,76383200,43204196,51598592,88,8663580,,17797388,21086308,20037580,17461924,,12966560,8758244,8264292,13215100,,14429584,11430116,11032284,14706608,,12,52,12,12,,1516768,2731896,2847592,1567324
7383,2,1562,915,0,647,0,76372076,43158816,51555112,88,8665480,,17767320,21089692,20081864,17433200,,12980960,8745024,8212240,13220592,,14444320,11417304,10981192,14712296,,12,52,12,12,,1517120,2732320,2848520,1567520
7389,1,1563,915,0,648,0,76355016,43217644,51615996,88,8667580,,17765440,21104908,20062184,17422484,,12991236,8731960,8255344,13239104,,14454912,11405024,11025020,14731040,,12,52,12,12,,1517432,2733076,2849324,1567748
7395,1,1564,915,0,649,0,76462664,43073500,51474592,88,8670300,,17790952,21145276,20101616,17424820,,12966896,8675368,8203504,13227732,,14430952,11349652,10974156,14719832,,12,52,12,12,,1517804,2734296,2850280,1567920
7401,1,1565,915,0,650,0,76606228,42958220,51361836,88,8672820,,17849852,21095456,20194224,17466696,,12924572,8726628,8109336,13197684,,14388892,11401796,10881140,14690008,,12,52,12,12,,1518060,2735184,2851432,1568144
7407,1,1566,915,0,651,0,76509900,43061028,51466400,88,8674588,,17794320,21035040,20181012,17499528,,12964572,8800032,8126840,13169584,,14429280,11475672,10899376,14662072,,12,52,12,12,,1518460,2735680,2852140,1568308
7412,1,1567,915,0,652,0,76567824,42994560,51401944,88,8676536,,17833360,21038372,20204640,17491452,,12936192,8787664,8097224,13173480,,14401200,11464240,10870408,14666096,,12,52,12,12,,1518752,2736588,2852768,1568428
7418,1,1568,915,0,653,0,76492444,43036844,51446788,88,8679132,,17789804,21050356,20216964,17435320,,12981592,8765164,8080036,13210052,,14447040,11442784,10854076,14702888,,12,52,12,12,,1519188,2737636,2853664,1568644
7423,2,1569,915,0,654,0,76501692,43039872,51452336,88,8681652,,17757496,21072920,20233588,17437688,,12993308,8762632,8066560,13217372,,14459096,11441288,10841552,14710400,,12,52,12,12,,1519528,2738692,2854592,1568840
7429,2,1570,915,0,655,0,76455960,43087504,51502588,88,8684240,,17755860,21073316,20161020,17465764,,13012380,8753252,8125516,13196356,,14478552,11432852,10901548,14689636,,12,52,12,12,,1519912,2739616,2855620,1569092
7435,2,1571,915,0,656,0,76515288,43046964,51464884,88,8687096,,17750272,21132908,20167504,17464604,,13027988,8691124,8138524,13189328,,14494492,11371344,10915376,14683672,,12,52,12,12,,1520236,2740272,2856436,1570152
7441,2,1572,915,0,657,0,76472340,43071080,51491292,88,8689364,,17802832,21063440,20172568,17433500,,12971280,8770800,8121472,13207528,,14438092,11451812,10899324,14702064,,12,52,12,12,,1520552,2741024,2857432,1570356
7447,1,1573,915,0,658,0,76383332,43119688,51542084,88,8691580,,17748040,21022444,20182692,17430156,,13013056,8804684,8090600,13211348,,14480232,11486556,10869200,14706096,,12,52,12,12,,1520920,2741924,2858168,1570568
7452,2,1574,915,0,659,0,76455060,43102620,51527244,88,8693732,,17762000,21049936,20200364,17442760,,12999620,8761976,8117316,13223708,,14467120,11444540,10896876,14718708,,12,52,12,12,,1521240,2742556,2859124,1570812
7458,1,1575,915,0,660,0,76474152,43052600,51479648,88,8696236,,17798320,21054112,20156492,17465228,,12956260,8772632,8129852,13193856,,14424072,11456440,10910084,14689052,,12,52,12,12,,1521560,2743864,2859812,1571000
7463,2,1576,915,0,661,0,76511852,43019080,51448568,88,8698620,,17781136,21071360,20204316,17455040,,12978200,8735436,8096740,13208704,,14446340,11419860,10878244,14704124,,12,52,12,12,,1521900,2744424,2861060,1571236
7470,1,1577,915,0,662,0,76495984,43030236,51461756,88,8700644,,17794508,21009784,20191628,17500064,,12962280,8804472,8110952,13152532,,14430820,11489744,10893008,14648184,,12,52,12,12,,1522284,2745272,2861620,1571468
7476,1,1578,915,0,663,0,76492028,43000092,51433916,88,8702968,,17768936,21016736,20264516,17441840,,12972532,8795796,8025552,13206212,,14441396,11481996,10808428,14702096,,12,52,12,12,,1522604,2746224,2862436,1571704
7482,1,1579,915,0,664,0,76510180,43007492,51444076,88,8705680,,17750528,21061152,20269508,17428992,,12998640,8757176,8019064,13232612,,14467888,11444512,10802956,14728720,,12,52,12,12,,1523000,2747316,2863448,1571916
7488,2,1580,915,0,665,0,76583596,42945364,51384696,88,8708372,,17836452,21054328,20231512,17461304,,12930968,8751952,8057888,13204556,,14400612,11440628,10842520,14700936,,12,52,12,12,,1523372,2748620,2864188,1572192
7495,1,1581,915,0,666,0,76520060,43028460,51470056,88,8710656,,17765424,21087256,20164852,17502528,,12990724,8732180,8141376,13164180,,14460756,11421392,10927112,14660796,,12,52,12,12,,1523768,2749144,2865312,1572432
7500,1,1582,915,0,667,0,76432480,43109044,51552392,88,8712396,,17806332,21032000,20163380,17430768,,12959312,8771112,8139532,13239088,,14429548,11461112,10925824,14735908,,12,52,12,12,,1523972,2749932,2865860,1572632
7505,1,1583,915,0,668,0,76415948,43095900,51541352,88,8714504,,17746240,21031080,20194600,17444028,,13000856,8776516,8099996,13218532,,14471352,11467088,10887356,14715556,,12,52,12,12,,1524232,2750508,2866916,1572848
7510,1,1584,915,0,669,0,76444508,43086800,51534104,88,8716372,,17754828,21049848,20195624,17444208,,13003008,8761924,8094312,13227556,,14473764,11453056,10882444,14724840,,12,52,12,12,,1524492,2751068,2867716,1573096
7516,1,1585,915,0,670,0,76546776,42975052,51424580,88,8718556,,17777820,21097296,20209344,17462316,,12979636,8713652,8067336,13214428,,14450644,11406004,10856048,14711884,,12,52,12,12,,1524740,2752276,2868276,1573264
7521,2,1586,915,0,671,0,76628024,42902040,51354092,88,8721100,,17849548,21143204,20146344,17488928,,12922128,8659580,8143736,13176596,,14393448,11352784,10933608,14674252,,12,52,12,12,,1525060,2753140,2869432,1573468
7527,1,1587,915,0,672,0,76467784,43000312,51454160,88,8722924,,17779496,21088672,20142884,17456732,,12972820,8714436,8132768,13180288,,14444440,11408172,10923400,14678148,,12,52,12,12,,1525360,2753692,2870192,1573680
7533,1,1588,915,0,673,0,76483692,42967272,51423084,88,8724860,,17766556,21095732,20186012,17435392,,12962408,8702392,8097952,13204520,,14434352,11397008,10889128,14702596,,12,52,12,12,,1525696,2754548,2870732,1573884
7538,1,1589,915,0,674,0,76498328,42958008,51416028,88,8727048,,17755476,21105240,20194384,17443228,,12991252,8689580,8080620,13196556,,14463512,11385164,10872540,14694812,,12,52,12,12,,1525996,2755512,2871476,1574064
7544,1,1590,915,0,675,0,76527744,42973796,51434232,88,8729532,,17768064,21178076,20142280,17439324,,12977224,8624540,8148168,13223864,,14449764,11321108,10941064,14722296,,12,52,12,12,,1526280,2756500,2872488,1574264
7549,1,1591,915,0,676,0,76596764,42937636,51404272,88,8735720,,17822084,21184132,20110928,17479620,,12939468,8631204,8170252,13196712,,14412272,11332844,10963744,14695412,,12,52,12,12,,1526560,2761572,2873076,1574512
7554,2,1592,915,0,677,0,76603580,42892572,51361544,88,8738000,,17772804,21229036,20093792,17507948,,12988484,8559372,8187080,13157636,,14461656,11261576,10981764,14656548,,12,52,12,12,,1526916,2762140,2874240,1574704
7560,2,1593,915,0,678,0,76527580,42979716,51455072,88,8744372,,17816180,21160692,20088912,17461796,,12932312,8657092,8186776,13203536,,14405780,11360112,10986520,14702660,,12,52,12,12,,1527208,2762952,2879304,1574908
7567,1,1594,915,0,679,0,76526572,42961296,51438636,88,8746400,,17774240,21137560,20158072,17456700,,12979720,8664764,8118564,13198248,,14453520,11368444,10919068,14697604,,12,52,12,12,,1527552,2763632,2880064,1575152
7572,2,1595,915,0,680,0,76591044,42870348,51350280,88,8748964,,17785444,21180296,20168444,17456860,,12969164,8609312,8101812,13190060,,14443352,11314020,10903312,14689596,,12,52,12,12,,1527928,2764644,2881064,1575328
7578,2,1596,915,0,681,0,76702880,42758216,51240636,88,8751484,,17845376,21203492,20187392,17466620,,12922480,8593068,8055528,13187140,,14397040,11298992,10857696,14686908,,12,52,12,12,,1528300,2765904,2881728,1575552
7583,2,1597,915,0,682,0,76602656,42840084,51324180,88,8753136,,17783096,21212884,20136220,17470456,,12944184,8582900,8129672,13183328,,14419012,11289324,10932580,14683264,,12,52,12,12,,1528572,2766372,2882464,1575728
7589,1,1598,915,0,683,0,76514568,42926372,51412972,88,8755624,,17804196,21154596,20081444,17474332,,12942464,8633288,8168696,13181924,,14417604,11340612,10972588,14682168,,12,52,12,12,,1528876,2767260,2883448,1576040
7595,1,1599,915,0,684,0,76478028,42965424,51454028,88,8757632,,17774032,21141236,20118996,17443764,,12958044,8663848,8128144,13215388,,14433480,11371820,10932908,14715820,,12,52,12,12,,1529176,2767908,2884324,1576224
7601,1,1600,915,0,685,0,76564308,42872956,51363668,88,8759748,,17784252,21172128,20162124,17445804,,12947584,8621260,8086404,13217708,,14423372,11330140,10891848,14718308,,12,52,12,12,,1529524,2768812,2885004,1576408
7606,1,1601,915,0,686,0,76610976,42861688,51354816,88,8762164,,17801888,21202848,20138520,17467720,,12956688,8594740,8121304,13188956,,14432840,11304844,10927328,14689804,,12,52,12,12,,1529884,2770092,2885564,1576624
7612,2,1602,915,0,687,0,76681356,42744444,51244456,88,8768976,,17784460,21297644,20084292,17514960,,12944756,8491316,8168208,13140164,,14421296,11206500,10975436,14641224,,12,52,12,12,,1530272,2775112,2886752,1576840
7619,1,1603,915,0,688,0,76668692,42736012,51242440,88,8775316,,17789832,21290016,20081172,17507672,,12939768,8495276,8173808,13127160,,14416548,11211408,10986100,14628384,,12,52,12,12,,1530516,2776032,2891764,1577004
7625,1,1604,915,0,689,0,76622028,42786408,51295324,88,8777748,,17759512,21296640,20111764,17454112,,12979896,8489960,8142952,13173600,,14457036,11206740,10956436,14675112,,12,52,12,12,,1530868,2776660,2892928,1577292
7631,1,1605,915,0,690,0,76661036,42776096,51287436,88,8780192,,17776780,21302192,20130744,17451320,,12960292,8493452,8119060,13203292,,14437808,11211068,10933548,14705012,,12,52,12,12,,1531244,2777508,2893940,1577500
7637,1,1606,915,0,691,0,76722904,42730500,51244176,88,8782604,,17802740,21310804,20141908,17467452,,12955140,8469216,8105860,13200284,,14432988,11187784,10921208,14702196,,12,52,12,12,,1531584,2778508,2894820,1577692
7643,1,1607,915,0,692,0,76606116,42803704,51320124,88,8785312,,17758748,21279208,20066980,17501180,,12948500,8503964,8194272,13156968,,14426724,11223556,11010748,14659096,,12,52,12,12,,1531944,2779480,2895976,1577912
7649,1,1608,915,0,693,0,76649332,42785052,51303548,88,8787336,,17813892,21284296,20078512,17472632,,12937692,8507648,8173484,13166228,,14416256,11228084,10990652,14668556,,12,52,12,12,,1532280,2780320,2896628,1578108
7655,1,1609,915,0,694,0,76692984,42739948,51260152,88,8789116,,17860268,21285172,20107688,17439856,,12892260,8479784,8146448,13221456,,14371056,11200844,10964268,14723984,,12,52,12,12,,1532528,2780948,2897320,1578320
7660,1,1610,915,0,695,0,76659124,42782664,51305092,88,8791284,,17762220,21306076,20145656,17445172,,12982972,8474868,8119860,13204964,,14462040,11196812,10938560,14707680,,12,52,12,12,,1532788,2781840,2898152,1578504
7665,2,1611,915,0,696,0,76745128,42683440,51208308,88,8793752,,17801228,21358616,20143868,17441416,,12943188,8422744,8102492,13215016,,14422580,11146008,10921776,14717944,,12,52,12,12,,1533104,2783192,2898740,1578716
7671,1,1612,915,0,697,0,76708660,42703608,51235104,88,8800328,,17785312,21356140,20086476,17480732,,12942312,8433048,8156800,13171448,,14422012,11161296,10977188,14674608,,12,52,12,12,,1533420,2788128,2899836,1578944
7677,1,1613,915,0,698,0,76627312,42774780,51308100,88,8802192,,17808176,21277888,20083288,17457960,,12937716,8484268,8157676,13195120,,14417760,11213040,10978824,14698476,,12,52,12,12,,1533764,2788668,2900608,1579152
7683,1,1614,915,0,699,0,76548008,42854012,51389704,88,8804568,,17781064,21180352,20143264,17443328,,12944756,8600344,8098112,13210800,,14425108,11330044,10920164,14714388,,12,52,12,12,,1534076,2789608,2901508,1579376
7689,1,1615,915,0,700,0,76622856,42798852,51336816,88,8806816,,17778816,21202000,20189276,17452764,,12943636,8588536,8058292,13208388,,14424400,11319028,10881184,14712204,,12,52,12,12,,1534484,2790368,2902364,1579600
7695,1,1616,915,0,701,0,76613720,42802568,51343236,88,8809568,,17809368,21181820,20188052,17434480,,12937596,8587300,8060416,13217256,,14418692,11318956,10884316,14721272,,12,52,12,12,,1534816,2791576,2903380,1579796
7701,1,1617,915,0,702,0,76642508,42762728,51306000,88,8812104,,17778124,21235168,20151684,17477532,,12947868,8523172,8095724,13195964,,14429284,11255804,10920708,14700204,,12,52,12,12,,1535132,2792520,2904432,1580020
7707,1,1618,915,0,703,0,76621416,42776424,51321536,88,8813952,,17774508,21247948,20139328,17459632,,12973156,8514060,8104192,13185016,,14454908,11247208,10929976,14689444,,12,52,12,12,,1535452,2793044,2905236,1580220
7713,1,1619,915,0,704,0,76668920,42728136,51275120,88,8815804,,17824760,21249516,20163564,17431080,,12923056,8517440,8076860,13210780,,14405136,11251392,10903184,14715408,,12,52,12,12,,1535776,2793848,2905768,1580412
7718,2,1620,915,0,705,0,76705108,42721280,51266736,88,8818368,,17789312,21286000,20195944,17433852,,12972476,8488556,8047812,13212436,,14454924,11223612,10870888,14717312,,12,52,12,12,,1536152,2794940,2906616,1580660
7724,1,1621,915,0,706,0,76781168,42586628,51134736,88,8821000,,17784360,21368440,20192700,17435668,,12956992,8386952,8026344,13216340,,14439768,11123124,10850388,14721456,,12,52,12,12,,1536476,2796036,2907592,1580896
7730,1,1622,915,0,707,0,76718768,42669396,51219920,88,8823392,,17773540,21329520,20151372,17464336,,12970268,8438808,8082712,13177608,,14453348,11175836,10907796,14682940,,12,52,12,12,,1536784,2796880,2908632,1581096
7735,2,1623,915,0,708,0,76651664,42763564,51315968,88,8825280,,17773372,21279896,20131532,17466864,,12987236,8488868,8108692,13178768,,14470608,11226508,10934560,14684292,,12,52,12,12,,1537076,2797492,2909420,1581292
7741,1,1624,915,0,709,0,76732668,42688732,51243476,88,8827624,,17815392,21275180,20150160,17491936,,12934932,8499784,8106648,13147368,,14418596,11238324,10933468,14653088,,12,52,12,12,,1537356,2798400,2910372,1581496
7747,2,1625,915,0,710,0,76678664,42690764,51247828,88,8829952,,17758124,21297784,20172808,17449948,,12968960,8470516,8065496,13185792,,14453040,11209864,10893136,14691788,,12,52,12,12,,1537788,2799200,2911188,1581776
7754,1,1626,915,0,711,0,76745272,42646736,51206608,88,8832752,,17774440,21333084,20186664,17451084,,12965508,8417152,8059000,13205076,,14450000,11157628,10887636,14711344,,12,52,12,12,,1538200,2800308,2912192,1582052
7760,2,1627,915,0,712,0,76817216,42558236,51120820,88,8835420,,17825576,21354684,20158964,17477992,,12906320,8412960,8071176,13167780,,14391124,11154444,10900932,14674320,,12,52,12,12,,1538504,2801312,2913296,1582308
7766,2,1628,915,0,713,0,76688184,42692372,51256896,88,8837352,,17778160,21326452,20128280,17455292,,12965448,8442856,8113628,13170440,,14450676,11184872,10944164,14677184,,12,52,12,12,,1538920,2801836,2914088,1582508
7772,2,1629,915,0,714,0,76668080,42706172,51272772,88,8839412,,17782320,21279304,20154344,17452112,,12956308,8474688,8091424,13183752,,14441844,11217536,10922676,14690716,,12,52,12,12,,1539220,2802700,2914772,1582720
7778,2,1630,915,0,715,0,76728688,42612236,51181200,88,8841772,,17786504,21284344,20195260,17462580,,12939600,8456872,8039680,13176084,,14425508,11200816,10871696,14683180,,12,52,12,12,,1539596,2803768,2915540,1582868
7784,1,1631,915,0,716,0,76756952,42624488,51196156,88,8844460,,17804376,21309944,20193936,17448696,,12936760,8455784,8037888,13194056,,14423036,11200820,10870888,14701412,,12,52,12,12,,1539964,2804860,2916520,1583116
7790,1,1632,915,0,717,0,76840348,42523988,51098148,88,8846956,,17859956,21370440,20139556,17470396,,12891908,8384636,8077408,13170036,,14378560,11130528,10911484,14677576,,12,52,12,12,,1540344,2805728,2917580,1583304
7795,1,1633,915,0,718,0,76807244,42563120,51139264,88,8848936,,17794996,21331720,20206732,17473796,,12926752,8433436,8029008,13173924,,14413752,11179968,10863848,14681696,,12,52,12,12,,1540692,2806360,2918348,1583536
7801,1,1634,915,0,719,0,76764016,42586548,51165160,88,8851376,,17818668,21328300,20172720,17444328,,12917856,8425460,8051032,13192200,,14405152,11172952,10886796,14700260,,12,52,12,12,,1540980,2807316,2919264,1583816
7807,1,1635,915,0,720,0,76759892,42588684,51169136,88,8853256,,17773764,21334004,20203004,17449120,,12944104,8428280,8019516,13196784,,14431792,11176268,10856048,14705028,,12,52,12,12,,1541352,2807832,2920064,1584008
7813,2,1636,915,0,721,0,76869668,42469348,51052720,88,8856104,,17806404,21366424,20246496,17450344,,12931524,8370792,7977344,13189688,,14419528,11120228,10814864,14698100,,12,52,12,12,,1541664,2809244,2921020,1584176
7820,1,1637,915,0,722,0,76875832,42489920,51075936,88,8858792,,17823312,21380804,20184724,17486992,,12919920,8362740,8037868,13169392,,14408312,11113056,10876476,14678092,,12,52,12,12,,1542068,2810144,2922128,1584452
7825,2,1638,915,0,723,0,76796816,42550280,51138448,88,8860916,,17782788,21373216,20159520,17481292,,12942108,8373520,8072180,13162472,,14430884,11124468,10911664,14671432,,12,52,12,12,,1542456,2810756,2922980,1584724
7832,1,1639,915,0,724,0,76720184,42626132,51216164,88,8862748,,17764844,21272448,20182556,17500336,,12964540,8473632,8054676,13133284,,14453616,11225336,10894816,14642396,,12,52,12,12,,1542744,2811508,2923612,1584884
7837,2,1640,915,0,725,0,76720532,42630368,51222964,88,8865284,,17766980,21272280,20243868,17437404,,12979180,8468920,7979852,13202416,,14468568,11221856,10820756,14711784,,12,52,12,12,,1543028,2812740,2924376,1585140
7843,1,1641,915,0,726,0,76756532,42571052,51165824,88,8867452,,17776000,21307376,20226740,17446416,,12959832,8439784,7996672,13174764,,14449568,11193396,10838512,14684348,,12,52,12,12,,1543368,2813416,2925320,1585348
7848,2,1642,914,0,728,1,76704032,42662356,51259516,88,8869840,,17782188,21302524,20163176,17456144,,12960752,8441048,8069108,13191448,,14450764,11195888,10911608,14701256,,12,52,12,12,,1543652,2814648,2925968,1585572
7854,1,1643,914,0,729,1,76692340,42644956,51252704,88,8880436,,17787236,21268188,20172364,17464552,,12951328,8480156,8037688,13175784,,14441652,11243844,10881400,14685808,,12,52,12,12,,1543964,2823492,2927188,1585792
7860,2,1644,914,0,730,1,76753048,42554072,51205488,88,8924016,,17816544,21271936,20186420,17478148,,12931448,8463980,7999492,13159152,,14422160,11228612,10885260,14669456,,12,52,12,12,,1544344,2824424,2969180,1586068
7867,1,1645,914,0,731,1,76740276,42558352,51211964,88,8926208,,17778156,21268584,20246936,17446600,,12959784,8463600,7947716,13187252,,14450876,11229068,10834292,14697728,,12,52,12,12,,1544728,2825276,2969956,1586248
7873,1,1646,914,0,732,1,76753172,42532120,51187808,88,8928260,,17778444,21293788,20235340,17445600,,12962352,8431632,7951504,13186632,,14453680,11197840,10838992,14697296,,12,52,12,12,,1544964,2826004,2970868,1586424
7878,2,1647,914,0,733,1,76742740,42540728,51198304,88,8931200,,17839964,21269324,20164476,17468976,,12908096,8450992,8012004,13169636,,14399760,11217484,10900520,14680540,,12,52,12,12,,1545300,2827344,2971896,1586660
7884,1,1648,914,1,733,0,76598340,42696876,51357868,88,8933212,,17750160,21223840,20110656,17513684,,12981392,8501944,8069128,13144412,,14473384,11270472,10958484,14655528,,12,52,12,12,,1545628,2827956,2972752,1586876
7890,2,1649,915,0,734,0,76575552,42703088,51366152,88,8935280,,17807272,21221640,20102172,17444468,,12932876,8511168,8069512,13189532,,14425192,11280532,10959580,14700848,,12,52,12,12,,1545956,2828800,2973440,1587084
7896,2,1650,915,0,735,0,76590588,42663744,51329488,88,8937992,,17767492,21243984,20142644,17436468,,12961068,8482068,8033920,13186688,,14453748,11252672,10924776,14698292,,12,52,12,12,,1546320,2830060,2974248,1587364
7902,2,1651,915,0,736,0,76660320,42634356,51302384,88,8940256,,17785244,21276972,20160820,17437284,,12952584,8454692,8022144,13204936,,14445560,11226044,10914096,14716684,,12,52,12,12,,1546616,2830784,2975324,1587532
7909,2,1652,915,0,737,0,76750996,42544344,51215428,88,8943300,,17857740,21304700,20120620,17467936,,12884420,8424788,8056824,13178312,,14377780,11197452,10949856,14690340,,12,52,12,12,,1546992,2832100,2976416,1587792
7915,2,1653,915,0,738,0,76698832,42446592,51242828,88,9068196,,17787908,21345360,20104068,17461496,,12941988,8261404,8063536,13179664,,14435668,11157820,10957396,14691944,,12,52,12,12,,1547320,2955568,2977260,1588048
7922,1,1654,915,0,739,0,76387576,42635080,51528164,88,9164804,,17769432,20988788,20126268,17503088,,12947276,8601192,7951528,13135084,,14441256,11498532,10940780,14647596,,12,52,12,12,,1547628,2956484,3072416,1588276
7928,1,1655,915,0,740,0,76390504,42655732,51550976,88,9167004,,17778152,21007760,20168024,17436568,,12953932,8593048,7899924,13208828,,14448280,11491136,10890004,14721556,,12,52,12,12,,1548012,2957240,3073260,1588492
7934,1,1656,915,0,741,0,76517700,42525404,51419088,88,9169504,,17791712,21107948,20174804,17443236,,12933168,8486184,7907828,13198224,,14427780,11385380,10894784,14711144,,12,52,12,12,,1548248,2958368,3074208,1588680
7939,1,1657,915,0,742,0,76648160,42399312,51290800,88,9171372,,17813680,21148488,20229848,17456144,,12920672,8461680,7840668,13176292,,14415600,11361716,10824160,14689324,,12,52,12,12,,1548564,2959184,3074836,1588788
7944,2,1658,915,0,743,0,76491940,42544672,51438276,88,9173404,,17752864,21125756,20160796,17452524,,12980732,8475168,7892124,13196648,,14475936,11375672,10876796,14709872,,12,52,12,12,,1548844,2959560,3076016,1588984
7950,1,1659,915,0,744,0,76598376,42446848,51342336,88,9175236,,17818444,21117084,20166488,17496360,,12919732,8467324,7899468,13160324,,14415168,11368616,10884804,14673748,,12,52,12,12,,1549072,2960312,3076660,1589192
7956,1,1660,915,0,745,0,76551724,42474040,51371792,88,9177472,,17765596,21123008,20216556,17446564,,12949508,8483224,7865912,13175396,,14445316,11385480,10852036,14688960,,12,52,12,12,,1549436,2961268,3077452,1589316
7961,1,1661,915,0,746,0,76546524,42504336,51404316,88,9179708,,17772352,21150024,20189128,17435020,,12953068,8437860,7899116,13214292,,14449128,11341060,10886016,14728112,,12,52,12,12,,1549680,2962216,3078224,1589588
7967,2,1662,915,0,747,0,76641724,42412364,51314740,88,9182156,,17795520,21216872,20167560,17461772,,12939152,8376076,7906080,13191056,,14435612,11280224,10893824,14705080,,12,52,12,12,,1550104,2963156,3079092,1589804
7973,2,1663,915,0,748,0,76495992,42508572,51413840,88,9185028,,17810576,21160040,20013772,17511604,,12903064,8416432,8060088,13128988,,14399820,11321616,11049068,14643336,,12,52,12,12,,1550380,2964232,3080308,1590108
7980,2,1664,915,0,749,0,76393512,42643076,51550520,88,9187196,,17791608,21162900,19997076,17441928,,12931248,8436264,8054536,13221028,,14428344,11342144,11044456,14735576,,12,52,12,12,,1550720,2964924,3081244,1590308
7986,1,1665,915,0,750,0,76388596,42632520,51541956,88,9189204,,17743460,21164160,20042384,17438592,,12983244,8420932,8008084,13220260,,14480652,11327536,10998784,14734984,,12,52,12,12,,1551052,2965652,3082020,1590480
7992,1,1666,915,0,751,0,76414440,42630016,51541968,88,9191720,,17762316,21195108,20012348,17444668,,12967772,8385032,8080172,13197040,,14465552,11292640,11071788,14711988,,12,52,12,12,,1551408,2966656,3082952,1590704
7997,2,1667,915,0,752,0,76437420,42582608,51496824,88,9193984,,17783024,21195812,19999008,17459576,,12938504,8401200,8058728,13184176,,14436552,11309932,11051032,14699308,,12,52,12,12,,1551672,2967784,3083640,1590888
8002,2,1668,915,0,753,0,76485564,42527936,51444056,88,9195940,,17759672,21238476,19992940,17494476,,12950132,8356792,8070948,13150064,,14448496,11265996,11064084,14665480,,12,52,12,12,,1551980,2968312,3084472,1591176
8008,1,1669,915,0,754,0,76418092,42578828,51496876,88,9197864,,17795064,21167640,19993060,17462328,,12939760,8426152,8058484,13154432,,14438384,11336200,11052304,14669988,,12,52,12,12,,1552228,2969168,3085136,1591332
8013,2,1670,915,0,755,0,76400092,42603220,51523344,88,9199936,,17774740,21163408,20024540,17437404,,12941180,8422728,8035860,13203452,,14440092,11333320,11030676,14719256,,12,52,12,12,,1552532,2969708,3086136,1591560
8019,2,1671,915,0,756,0,76261484,42734492,51657068,88,9202396,,17785256,21193428,19852648,17430152,,12941496,8387216,8189244,13216536,,14440784,11298864,11184800,14732620,,12,52,12,12,,1552896,2970756,3086900,1591844
8025,2,1672,915,0,757,0,76340840,42647540,51572540,88,9204916,,17800972,21232444,19856816,17450608,,12907960,8351028,8192664,13195888,,14407668,11263860,11188856,14712156,,12,52,12,12,,1553320,2972056,3087512,1592028
8031,2,1673,915,0,758,0,76293880,42692460,51620188,88,9207660,,17779112,21255324,19776568,17482876,,12931732,8319836,8281240,13159652,,14431784,11233636,11278628,14676140,,12,52,12,12,,1553684,2973012,3088724,1592240
8037,2,1674,915,0,759,0,76258500,42693956,51623584,88,9209504,,17808080,21204396,19787396,17458628,,12910988,8350984,8274640,13157344,,14411416,11265284,11272788,14674096,,12,52,12,12,,1554040,2973504,3089464,1592496
8043,1,1675,915,0,760,0,76260716,42746020,51677932,88,9211760,,17817152,21211728,19795480,17436356,,12905012,8373936,8262096,13204976,,14405756,11289096,11261112,14721968,,12,52,12,12,,1554352,2974364,3090292,1592752
8048,2,1676,915,0,761,0,76345024,42667456,51601268,88,9213712,,17780412,21228496,19902120,17433996,,12942536,8362368,8155252,13207300,,14443496,11278248,11155028,14724496,,12,52,12,12,,1554580,2975100,3091080,1592952
8054,2,1677,915,0,762,0,76300072,42677064,51613752,88,9216564,,17793112,21225068,19847208,17434684,,12934804,8347132,8179656,13215472,,14436104,11264228,11180472,14732948,,12,52,12,12,,1554912,2976308,3092124,1593220
8061,1,1678,915,0,763,0,76268336,42746008,51685112,88,9218960,,17787288,21239616,19764936,17476496,,12934928,8339944,8297696,13173440,,14436520,11257792,11299680,14691120,,12,52,12,12,,1555220,2977056,3093264,1593420
8066,1,1679,915,0,764,0,76273704,42736772,51677676,88,9220732,,17783580,21196656,19779724,17513744,,12937900,8385544,8275184,13138144,,14439816,11304032,11277812,14656016,,12,52,12,12,,1555512,2977680,3093916,1593624
8071,2,1680,915,0,765,0,76257060,42764628,51707308,88,9222560,,17838308,21203788,19786072,17428892,,12897508,8369096,8288384,13209640,,14399708,11288268,11291632,14727700,,12,52,12,12,,1555796,2978416,3094540,1593808
8077,2,1681,915,0,766,0,76261440,42712576,51657968,88,9225216,,17791056,21217232,19821440,17431712,,12923688,8342456,8231324,13215108,,14426188,11262948,11235408,14733424,,12,52,12,12,,1556096,2979680,3095380,1594060
8083,2,1682,915,0,767,0,76327712,42676832,51625020,88,9227996,,17779940,21272348,19837968,17437456,,12953980,8292828,8226968,13203056,,14456908,11214476,11232052,14721584,,12,52,12,12,,1556536,2980812,3096360,1594288
8089,1,1683,915,0,768,0,76381604,42600684,51553296,88,9232392,,17835048,21289360,19787512,17469684,,12895948,8291660,8255760,13157316,,14399112,11214120,11263964,14676100,,12,52,12,12,,1556760,2981624,3099480,1594528
8096,1,1684,915,0,769,0,76307728,42660376,51615072,88,9234512,,17774160,21243368,19784988,17505212,,12949364,8319564,8253504,13137944,,14452900,11242608,11262592,14656972,,12,52,12,12,,1557132,2982236,3100380,1594764
8101,2,1685,915,0,770,0,76316872,42667436,51624572,88,9236980,,17824956,21241696,19805192,17445028,,12895796,8328840,8249856,13192944,,14399656,11252832,11259892,14712192,,12,52,12,12,,1557460,2983228,3101312,1594980
8107,1,1686,915,0,771,0,76278180,42712800,51671920,88,9239004,,17752212,21241616,19840192,17444160,,12970736,8331236,8220648,13190180,,14474884,11255976,11231456,14709604,,12,52,12,12,,1557748,2984008,3102088,1595160
8113,1,1687,915,0,772,0,76376356,42581808,51543624,88,9241632,,17776300,21322112,19842384,17435560,,12943268,8244576,8199432,13194532,,14447788,11170444,11211208,14714184,,12,52,12,12,,1558116,2985072,3103060,1595384
8119,1,1688,915,0,773,0,76463988,42506112,51470072,88,9243752,,17833072,21326604,19842616,17461696,,12887348,8229028,8200208,13189528,,14392228,11155896,11212564,14709384,,12,52,12,12,,1558476,2986056,3103636,1595584
8124,2,1689,915,0,774,0,76340028,42596784,51563328,88,9246344,,17772160,21248316,19861324,17458228,,12945108,8315768,8174212,13161696,,14450368,11243308,11187844,14681808,,12,52,12,12,,1558852,2986736,3104912,1595844
8131,1,1690,915,0,775,0,76253584,42685228,51653828,88,9248384,,17780280,21179164,19847628,17446512,,12927068,8384156,8195104,13178900,,14432668,11312584,11209320,14699256,,12,52,12,12,,1559200,2987604,3105488,1596092
8136,2,1691,915,0,776,0,76287732,42677556,51650520,88,9252792,,17767332,21183532,19897328,17439540,,12936304,8394028,8164172,13183052,,14442144,11325640,11179184,14703552,,12,52,12,12,,1559464,2990820,3106288,1596220
8142,2,1692,915,0,777,0,76335812,42640588,51615832,88,9255028,,17788628,21212012,19898980,17436192,,12940492,8348832,8158524,13192740,,14446700,11281200,11174500,14713432,,12,52,12,12,,1559808,2991528,3107256,1596436
8148,1,1693,915,0,778,0,76329012,42649912,51627636,88,9257480,,17817060,21213696,19838240,17460016,,12900300,8357280,8212808,13179524,,14406796,11290912,11229460,14700468,,12,52,12,12,,1560096,2992776,3107940,1596668
8154,1,1694,915,0,779,0,76301492,42634752,51614492,88,9259568,,17765428,21183472,19848516,17504076,,12935976,8370844,8197948,13129984,,14442736,11304912,11215728,14651116,,12,52,12,12,,1560352,2993304,3109060,1596852
8159,1,1695,915,0,780,0,76257832,42698068,51679744,88,9261516,,17790516,21170612,19864308,17432396,,12924696,8400828,8179960,13192584,,14431692,11335744,11198340,14713968,,12,52,12,12,,1560592,2994160,3109656,1597108
8165,2,1696,915,0,781,0,76295568,42697868,51681888,88,9263848,,17763888,21176784,19908332,17446564,,12953772,8397404,8142724,13203968,,14461056,11332968,11162308,14725556,,12,52,12,12,,1560868,2994812,3110860,1597308
8171,2,1697,915,0,782,0,76360488,42622412,51608944,88,9266328,,17754396,21213692,19956572,17435828,,12976052,8347712,8087336,13211312,,14483672,11284304,11107860,14733108,,12,52,12,12,,1561176,2995828,3111804,1597520
8178,1,1698,915,0,783,0,76204488,42773704,51762908,88,9268976,,17797440,21186780,19765732,17454536,,12924016,8367888,8287720,13194080,,14432020,11305848,11308984,14716056,,12,52,12,12,,1561556,2997180,3112544,1597696
8183,1,1699,915,0,784,0,76106904,42817120,51808012,88,9270688,,17770520,21138276,19744192,17453916,,12932188,8417936,8294040,13172956,,14440436,11356360,11316068,14695148,,12,52,12,12,,1561800,2997656,3113312,1597920
8189,1,1700,915,0,785,0,76167984,42819696,51812480,88,9272560,,17803720,21141388,19747020,17475856,,12912048,8436504,8310368,13160776,,14420548,11375752,11333032,14683148,,12,52,12,12,,1562048,2998476,3113944,1598092
8194,1,1701,915,0,786,0,76143968,42769676,51764632,88,9274740,,17770316,21140996,19777840,17454816,,12927572,8410812,8273192,13158100,,14436368,11350656,11296940,14680668,,12,52,12,12,,1562352,2999084,3114996,1598308
8199,2,1702,915,0,787,0,76158108,42790904,51788056,88,9276928,,17750300,21156208,19814888,17436712,,12965328,8403756,8226504,13195316,,14474460,11344532,11250976,14718088,,12,52,12,12,,1562684,2999972,3115760,1598512
8205,2,1703,915,0,788,0,76272788,42688744,51688396,88,9279388,,17793292,21217332,19815436,17446728,,12928584,8349044,8215892,13195224,,14437988,11291056,11241104,14718248,,12,52,12,12,,1562960,3001216,3116464,1598748
8211,2,1704,915,0,789,0,76187332,42730016,51734588,88,9284356,,17831356,21082640,19786048,17487288,,12890272,8450020,8255136,13134588,,14402132,11393056,11281508,14657892,,12,52,12,12,,1565416,3002280,3117616,1599044
8218,2,1705,915,0,790,0,76098704,42843744,51850580,88,9286576,,17806656,21069576,19753500,17468972,,12909236,8492964,8291512,13150032,,14421416,11436916,11318684,14673564,,12,52,12,12,,1565736,3003192,3118392,1599256
8224,1,1706,915,0,791,0,76152928,42782592,51791856,88,9289000,,17865380,21062600,19791352,17433596,,12860568,8470524,8251732,13199768,,14373076,11415072,11280196,14723512,,12,52,12,12,,1566064,3003780,3119696,1599460
8230,2,1707,915,0,792,0,76116952,42815732,51826916,88,9290952,,17778596,21081420,19819924,17437012,,12925944,8489092,8209696,13191000,,14438784,11434264,11238936,14714932,,12,52,12,12,,1566404,3004412,3120476,1599660
8236,1,1708,915,0,793,0,76131208,42819744,51833276,88,9293308,,17810232,21097032,19763944,17460000,,12921316,8460964,8256072,13181392,,14434484,11407380,11285868,14705544,,12,52,12,12,,1566720,3005652,3121056,1599880
8242,1,1709,915,0,794,0,76088072,42844980,51861192,88,9295964,,17768476,21073148,19768996,17477452,,12952844,8477064,8246336,13168736,,14466368,11424432,11277304,14693088,,12,52,12,12,,1567080,3006612,3122192,1600080
8248,1,1710,915,0,795,0,76050336,42841416,51859720,88,9298104,,17799712,20980468,19804104,17466052,,12911992,8568620,8215772,13145032,,14425796,11516904,11247484,14669536,,12,52,12,12,,1567360,3007540,3122964,1600240
8254,1,1711,915,0,796,0,76129968,42798680,51819188,88,9300252,,17873796,20966668,19842524,17446980,,12848400,8594312,8183416,13172552,,14362512,11543208,11216112,14697356,,12,52,12,12,,1567672,3008132,3123924,1600524
8261,1,1712,915,0,797,0,76042324,42848992,51872500,88,9303264,,17783064,21000820,19817612,17440828,,12908520,8543248,8208804,13188420,,14422956,11493540,11242580,14713424,,12,52,12,12,,1567996,3009548,3124992,1600728
8267,1,1713,915,0,798,0,76103116,42827116,51852792,88,9305524,,17832764,20998636,19808648,17463068,,12878628,8552176,8232864,13163448,,14393440,11503428,11267248,14688676,,12,52,12,12,,1568364,3010508,3125700,1600952
8273,2,1714,915,0,799,0,76102384,42811828,51839960,88,9307872,,17783124,21048176,19817156,17453928,,12930188,8503580,8207680,13170380,,14445300,11455824,11243000,14695836,,12,52,12,12,,1568668,3011476,3126544,1601184
8279,2,1715,915,0,800,0,76136532,42782660,51813140,88,9310256,,17803624,21008880,19822592,17501436,,12923928,8536836,8202428,13119468,,14439360,11489924,11238696,14645160,,12,52,12,12,,1569016,3012324,3127508,1601408
8285,1,1716,915,0,801,0,76074448,42819164,51851972,88,9312576,,17776616,20993720,19855156,17448956,,12932936,8553980,8176052,13156196,,14448676,11507716,11213496,14682084,,12,52,12,12,,1569320,3012992,3128656,1601608
8291,2,1717,915,0,802,0,76183764,42737888,51773076,88,9314932,,17759052,21026068,19961208,17437436,,12960136,8518192,8056116,13203444,,14476260,11472792,11094508,14729516,,12,52,12,12,,1569704,3013840,3129600,1601788
8297,1,1718,915,0,803,0,76276132,42633276,51670312,88,9316816,,17785692,21069848,19952028,17468564,,12938220,8455388,8055064,13184604,,14454652,11410968,11093840,14710852,,12,52,12,12,,1570016,3014824,3130000,1601976
8302,2,1719,915,0,804,0,76296404,42637132,51676904,88,9319528,,17782772,21065340,19947528,17500764,,12944452,8478808,8073656,13140216,,14461276,11435308,11113612,14666708,,12,52,12,12,,1570412,3015752,3131152,1602212
8308,2,1720,915,0,805,0,76153116,42681336,51723388,88,9321796,,17805932,21004588,19905052,17437544,,12895368,8509860,8100028,13176080,,14412548,11467228,11140848,14702764,,12,52,12,12,,1570744,3016608,3132036,1602408
8314,2,1721,915,0,805,0,76212380,42673536,51717492,88,9323764,,17838732,20995248,19932300,17446100,,12865736,8538880,8089288,13179632,,14383216,11496812,11130980,14706484,,12,52,12,12,,1571076,3017220,3132888,1602580
8320,1,1722,915,0,807,0,76162788,42756132,51802452,88,9326056,,17758428,21034620,19920200,17449540,,12957492,8500552,8115408,13182680,,14475352,11459440,11157892,14709768,,12,52,12,12,,1571436,3018128,3133676,1602816
8326,1,1723,915,0,808,0,76189800,42691528,51740028,88,9328220,,17803528,21023472,19903064,17459736,,12919820,8497952,8109584,13164172,,14437912,11458008,11152632,14691476,,12,52,12,12,,1571656,3019296,3134236,1603032
8332,1,1724,915,0,809,0,76309420,42553292,51604680,88,9331120,,17759728,21152208,19909308,17488176,,12939528,8374348,8110172,13129244,,14457988,11335400,11154480,14656812,,12,52,12,12,,1572044,3020284,3135492,1603300
8338,2,1725,915,0,810,0,76322160,42555936,51609772,88,9333556,,17801152,21102772,19928288,17489948,,12902564,8419952,8092616,13140804,,14421380,11381968,11137812,14668612,,12,52,12,12,,1572392,3021252,3136376,1603536
8345,1,1726,915,0,811,0,76241264,42636208,51694376,88,9337896,,17776620,21111116,19903728,17449800,,12923708,8425556,8113928,13173016,,14442844,11388184,11160268,14703080,,12,52,12,12,,1572716,3021860,3137528,1605792
8349,2,1727,915,0,812,0,76321376,42571764,51632076,88,9340040,,17779616,21123756,19964960,17453044,,12923392,8420336,8046352,13181684,,14442892,11383512,11093580,14712092,,12,52,12,12,,1573068,3022412,3138432,1606128
8356,1,1728,915,0,813,0,76363896,42490216,51552780,88,9342264,,17814036,21152560,19926028,17471272,,12894480,8372628,8057856,13165252,,14414216,11337036,11105716,14695812,,12,52,12,12,,1573308,3023660,3139020,1606276
8362,1,1729,915,0,814,0,76336644,42536088,51601372,88,9344972,,17815020,21153560,19882400,17485664,,12878784,8379020,8137432,13140852,,14398848,11344468,11186412,14671644,,12,52,12,12,,1573632,3024700,3140132,1606508
8368,1,1730,915,0,815,0,76354648,42548612,51615912,88,9346996,,17812820,21123952,19898432,17519444,,12905244,8415464,8128404,13099500,,14425620,11381708,11178088,14630496,,12,52,12,12,,1573940,3025516,3140836,1606704
8373,2,1731,915,0,816,0,76230784,42648640,51717788,88,9348856,,17855220,20998604,19925128,17451832,,12855932,8525744,8098844,13168120,,14376560,11492512,11149444,14699272,,12,52,12,12,,1574196,3026016,3141760,1606884
8379,2,1732,915,0,817,0,76111156,42780096,51851744,88,9351352,,17759992,20941944,19960020,17449200,,12959348,8615140,8043008,13162600,,14480336,11582984,11094460,14693964,,12,52,12,12,,1574564,3027104,3142616,1607068
8386,1,1733,915,0,818,0,76139748,42750476,51824408,88,9353648,,17796276,20928460,19959916,17455096,,12935332,8599924,8051724,13163496,,14456636,11569012,11103720,14695040,,12,52,12,12,,1574868,3028372,3143152,1607256
8391,2,1734,915,0,819,0,76182928,42720032,51796700,88,9356372,,17806032,20975736,19915132,17486028,,12901560,8558644,8111512,13148316,,14423220,11528696,11164648,14680136,,12,52,12,12,,1575240,3029304,3144296,1607532
8397,2,1735,915,0,820,0,76246288,42638712,51717208,88,9358192,,17795476,20988060,19923924,17538828,,12928004,8546040,8084660,13080008,,14450000,11516644,11138500,14612064,,12,52,12,12,,1575564,3029860,3145004,1607764
8403,2,1736,915,0,821,0,76147888,42738544,51819396,88,9360564,,17839096,20916924,19944056,17447812,,12884664,8613072,8065024,13175784,,14407024,11584576,11119764,14708032,,12,52,12,12,,1575924,3030768,3145904,1607968
8409,1,1737,915,0,822,0,76167228,42671668,51754364,88,9362424,,17770492,20946524,19989452,17460760,,12932624,8575384,8003392,13160268,,14455228,11547592,11058844,14692700,,12,52,12,12,,1576168,3031460,3146652,1608144
8414,2,1738,915,0,823,0,76174020,42685796,51771416,88,9365304,,17799696,20993372,19933476,17447476,,12912248,8550356,8061684,13161508,,14435212,11523804,11118264,14694136,,12,52,12,12,,1576532,3032668,3147764,1608340
8421,1,1739,915,0,824,0,76226072,42648996,51736920,88,9367620,,17776488,21057268,19910948,17481368,,12908600,8475604,8101768,13163024,,14431916,11449752,11159396,14695856,,12,52,12,12,,1576872,3033368,3148840,1608540
8426,2,1740,915,0,825,0,76315724,42560232,51650252,88,9369672,,17786068,21094484,19933880,17501292,,12917996,8429328,8073380,13139528,,14441656,11404140,11131832,14672624,,12,52,12,12,,1577216,3034036,3149612,1608808
8432,2,1741,915,0,826,0,76333864,42536852,51628944,88,9371748,,17861828,21017428,19947404,17507204,,12855332,8514224,8053780,13113516,,14379288,11490048,11112764,14646844,,12,52,12,12,,1577508,3035064,3150132,1609044
8439,2,1742,915,0,827,0,76295404,42541248,51636396,88,9374768,,17769104,21075640,19990416,17460244,,12930152,8461800,7999412,13149884,,14454564,11438704,11059684,14683444,,12,52,12,12,,1577940,3036124,3151432,1609272
8445,2,1743,915,0,828,0,76329084,42538240,51635888,88,9377324,,17809312,21078960,19997760,17443052,,12905040,8455120,8012648,13165432,,14429824,11433292,11073548,14699224,,12,52,12,12,,1578340,3037392,3152088,1609504
8451,2,1744,915,0,829,0,76479268,42373176,51473656,88,9380104,,17855192,21169980,19982504,17471592,,12849684,8356792,8012100,13154600,,14374764,11335956,11074264,14688672,,12,52,12,12,,1578616,3038388,3153320,1609780
8458,2,1745,915,0,830,0,76388912,42457132,51560000,88,9382616,,17800760,21116328,19944580,17527244,,12898684,8407064,8038004,13113380,,14424172,11387076,11101068,14647684,,12,52,12,12,,1579040,3039288,3154272,1610016
8464,2,1746,915,0,831,0,76307276,42521420,51626732,88,9384996,,17767360,21113408,19960596,17465912,,12926716,8414344,8045132,13135228,,14452576,11395052,11109368,14669736,,12,52,12,12,,1579396,3039944,3155436,1610220
8470,2,1747,915,0,832,0,76378252,42434144,51541532,88,9387004,,17768280,21131020,20016476,17462476,,12921220,8382864,7960412,13169648,,14447368,11364148,11025640,14704376,,12,52,12,12,,1579688,3040508,3156384,1610424
8476,1,1748,915,0,833,0,76392972,42480884,51590392,88,9389136,,17804644,21132308,19986652,17469368,,12903928,8386672,8027284,13163000,,14430320,11369156,11093000,14697916,,12,52,12,12,,1579928,3041704,3156884,1610620
8482,1,1749,915,0,834,0,76399292,42440024,51552360,88,9391972,,17791392,21161316,19940676,17505908,,12896356,8362684,8058196,13122788,,14423204,11346108,11125160,14657888,,12,52,12,12,,1580392,3042648,3158116,1610816
8488,1,1750,915,0,835,0,76409208,42427440,51541840,88,9394020,,17786608,21178244,19945344,17499012,,12922872,8338872,8042680,13123016,,14450032,11323048,11110348,14658412,,12,52,12,12,,1580676,3043432,3158816,1611096
8493,2,1751,915,0,836,0,76373340,42451060,51567632,88,9396164,,17824408,21115048,19984396,17449488,,12882628,8402420,8007440,13158572,,14410144,11387296,11076024,14694168,,12,52,12,12,,1581044,3044104,3159712,1611304
8499,2,1752,915,0,837,0,76323588,42500116,51618920,88,9398416,,17748780,21130656,19997768,17446384,,12958968,8389884,7983012,13168252,,14486780,11375724,11052360,14704056,,12,52,12,12,,1581344,3045060,3160516,1611496
8505,2,1753,915,0,838,0,76428076,42392484,51513732,88,9400836,,17794728,21144280,20038416,17450652,,12896876,8374040,7956728,13164840,,14425060,11361124,11026716,14700832,,12,52,12,12,,1581716,3046288,3161136,1611696
8511,1,1754,915,0,839,0,76346676,42496344,51620132,88,9403376,,17750644,21212516,19893444,17490072,,12947300,8323076,8094688,13131280,,14475764,11311072,11165828,14667468,,12,52,12,12,,1581992,3047200,3162276,1611908
8517,1,1755,915,0,840,0,76298308,42522488,51647816,88,9404956,,17784680,21170508,19864244,17478876,,12918948,8338308,8137340,13127892,,14447680,11326764,11209112,14664260,,12,52,12,12,,1582252,3047720,3162908,1612076
8522,2,1756,915,0,841,0,76310412,42497408,51625172,88,9407324,,17803568,21160764,19879044,17467036,,12886412,8345068,8104496,13161432,,14415444,11334468,11177248,14698012,,12,52,12,12,,1582556,3048600,3163884,1612284
8528,2,1757,915,0,842,0,76306288,42524436,51654344,88,9409492,,17767512,21186252,19896852,17455672,,12927816,8333808,8095328,13167484,,14457240,11324008,11168880,14704216,,12,52,12,12,,1582960,3049404,3164692,1612436
8534,2,1758,915,0,843,0,76413692,42378880,51511376,88,9412264,,17759472,21281744,19915184,17457292,,12935752,8205400,8065660,13172068,,14465520,11196528,11140220,14709108,,12,52,12,12,,1583292,3050548,3165684,1612740
8540,1,1759,915,0,844,0,76450312,42364712,51500212,88,9415100,,17803168,21313908,19849792,17483444,,12885476,8202832,8138844,13137560,,14415624,11195280,11214456,14674852,,12,52,12,12,,1583680,3051636,3166800,1612984
8546,2,1760,915,0,845,0,76415512,42364668,51501936,88,9416856,,17771772,21297496,19868228,17478016,,12916664,8212608,8105696,13129700,,14447156,11205508,11182100,14667172,,12,52,12,12,,1584024,3052136,3167524,1613172
8552,1,1761,915,0,846,0,76455808,42361848,51501208,88,9418888,,17834268,21233484,19883912,17504144,,12866896,8271328,8110160,13113464,,14397692,11265156,11187168,14651192,,12,52,12,12,,1584316,3053032,3168120,1613420
8558,2,1762,915,0,847,0,76307344,42515840,51657600,88,9421808,,17763556,21245164,19829300,17469324,,12948568,8260572,8152628,13154072,,14479772,11255508,11230768,14691552,,12,52,12,12,,1584736,3054128,3169260,1613684
8565,1,1763,915,0,848,0,76384528,42442924,51587596,88,9424204,,17793692,21285464,19853884,17451488,,12900420,8236028,8137544,13168932,,14431940,11232216,11216384,14707056,,12,52,12,12,,1585040,3055384,3169952,1613828
8570,2,1764,915,0,849,0,76432636,42383952,51531172,88,9426756,,17846120,21292320,19795952,17498244,,12850396,8201652,8195188,13136716,,14382296,11198732,11275140,14675004,,12,52,12,12,,1585420,3056268,3171080,1613988
8577,1,1765,915,0,850,0,76332792,42423492,51572504,88,9428576,,17813188,21237496,19786128,17495980,,12882104,8249744,8189844,13101800,,14414288,11247392,11270524,14640300,,12,52,12,12,,1585708,3056832,3171828,1614208
8582,2,1766,915,0,851,0,76412120,42406848,51558348,88,9431036,,17845932,21240832,19804824,17520532,,12865392,8256748,8171620,13113088,,14397936,11255340,11253280,14651792,,12,52,12,12,,1586064,3057784,3172780,1614408
8588,2,1767,915,0,852,0,76250344,42525372,51679000,88,9433140,,17780124,21185564,19828536,17456120,,12897508,8323224,8148256,13156384,,14430448,11322544,11230736,14695272,,12,52,12,12,,1586460,3058504,3173580,1614596
8594,1,1768,915,0,853,0,76314548,42484168,51640500,88,9435836,,17806808,21201520,19854160,17452060,,12890908,8299980,8137480,13155800,,14424108,11300496,11220984,14694912,,12,52,12,12,,1586720,3059700,3174600,1614816
8600,1,1769,915,0,854,0,76373064,42410704,51569632,88,9438424,,17856036,21248732,19795216,17473080,,12833956,8247784,8184204,13144760,,14367564,11249184,11268820,14684064,,12,52,12,12,,1587112,3060592,3175720,1615000
8605,1,1770,915,0,855,0,76280016,42532968,51693920,88,9440472,,17808020,21233308,19770372,17468316,,12885120,8276272,8216976,13154600,,14419036,11278320,11302412,14694152,,12,52,12,12,,1587428,3061244,3176544,1615256
8611,2,1771,915,0,856,0,76290292,42496208,51659328,88,9442616,,17809580,21176024,19779668,17525020,,12889176,8299096,8196564,13111372,,14423456,11302112,11282624,14651136,,12,52,12,12,,1587792,3062204,3177140,1615480
8618,1,1772,915,0,857,0,76272280,42491464,51657000,88,9445020,,17765264,21193988,19847520,17465508,,12907512,8303248,8137816,13142888,,14441996,11307396,11224716,14682892,,12,52,12,12,,1587988,3063344,3177984,1615704
8624,1,1773,915,0,858,0,76325332,42468388,51636528,88,9447616,,17782492,21246732,19851056,17445052,,12912820,8252076,8142136,13161356,,14447572,11257360,11230008,14701588,,12,52,12,12,,1588252,3064476,3178956,1615932
8630,2,1774,915,0,859,0,76408012,42380724,51551480,88,9450220,,17832604,21264356,19823012,17488040,,12847192,8241176,8155824,13136532,,14382328,11247348,11244792,14677012,,12,52,12,12,,1588652,3065356,3180052,1616160
8636,2,1775,915,0,860,0,76370920,42421508,51594328,88,9452272,,17781424,21252564,19843316,17493616,,12935580,8231396,8129524,13125008,,14471040,11238224,11219344,14665720,,12,52,12,12,,1588964,3066020,3180896,1616392
8642,1,1776,915,0,861,0,76378456,42416340,51591372,88,9454472,,17807916,21191576,19846880,17532084,,12888136,8297672,8136172,13094360,,14423864,11305396,11226880,14635232,,12,52,12,12,,1589232,3066912,3181788,1616540
8647,2,1777,915,0,862,0,76297280,42496072,51673304,88,9456680,,17774504,21189532,19894592,17438652,,12932044,8303620,8076228,13184180,,14468180,11312132,11167708,14725284,,12,52,12,12,,1589648,3067704,3182548,1616780
8654,1,1778,915,0,863,0,76405788,42368268,51548124,88,9459348,,17797824,21275828,19886012,17446124,,12896632,8221692,8083712,13166232,,14433092,11231284,11176192,14707556,,12,52,12,12,,1589964,3068808,3183584,1616992
8660,1,1779,915,0,864,0,76412828,42345828,51528192,88,9461796,,17825440,21280424,19828332,17478632,,12870616,8211264,8134364,13129584,,14407432,11221756,11227880,14671124,,12,52,12,12,,1590312,3069688,3184588,1617208
8665,2,1780,915,0,865,0,76390256,42378836,51563316,88,9463916,,17794404,21246464,19830536,17518852,,12903044,8256464,8123832,13095496,,14440272,11267592,11218224,14637228,,12,52,12,12,,1590712,3070320,3185480,1617404
8671,2,1781,915,0,866,0,76373352,42400504,51587144,88,9466036,,17766436,21243964,19847616,17515336,,12923812,8245960,8132720,13098012,,14461340,11258020,11227828,14639956,,12,52,12,12,,1591020,3071232,3186168,1617616
8677,2,1782,915,0,867,0,76363808,42377704,51566796,88,9468460,,17780940,21251452,19878884,17452532,,12906612,8233132,8080920,13157040,,14444452,11246296,11176852,14699196,,12,52,12,12,,1591316,3072340,3186980,1617824
8683,2,1783,915,0,868,0,76404056,42350468,51542472,88,9471376,,17784704,21252740,19905192,17461420,,12905968,8216868,8058908,13168724,,14444244,11231168,11155884,14711176,,12,52,12,12,,1591764,3073476,3188016,1618120
8690,2,1784,915,0,869,0,76454064,42296180,51490668,88,9473840,,17783168,21290556,19899108,17481232,,12902152,8176288,8085920,13131820,,14440688,11191548,11183972,14674460,,12,52,12,12,,1592016,3074424,3189092,1618308
8696,1,1785,915,0,870,0,76634324,42120944,51317344,88,9475784,,17784928,21307364,20062460,17479572,,12904120,8174584,7902968,13139272,,14442908,11190456,11001832,14682148,,12,52,12,12,,1592280,3075068,3189892,1618544
8702,2,1786,915,0,871,0,76645660,42105108,51304060,88,9478300,,17849872,21245208,20093236,17457344,,12848452,8229084,7865796,13161776,,14387656,11245912,10965632,14704860,,12,52,12,12,,1592696,3075984,3190860,1618760
8708,2,1787,915,0,872,0,76672088,42069320,51270396,88,9480416,,17780836,21278892,20156908,17455452,,12900052,8203396,7800508,13165364,,14439608,11221068,10901104,14708616,,12,52,12,12,,1593052,3076800,3191648,1618916
8714,2,1788,915,0,873,0,76677884,42055368,51259372,88,9483328,,17800912,21276832,20128368,17471772,,12888452,8206080,7818644,13142192,,14428400,11224992,10920304,14685676,,12,52,12,12,,1593428,3078024,3192716,1619160
8721,1,1789,915,0,874,0,76672000,42077320,51283656,88,9485632,,17808060,21298712,20077748,17487480,,12873324,8188744,7884312,13130940,,14413564,11208392,10987048,14674652,,12,52,12,12,,1593728,3078756,3193768,1619380
8726,1,1790,915,0,875,0,76629568,42118540,51326756,88,9487568,,17800520,21227396,20076824,17524828,,12884644,8263072,7883332,13087492,,14425152,11283380,10986808,14631416,,12,52,12,12,,1594004,3079412,3194556,1619596
8732,1,1791,915,0,876,0,76616164,42107084,51317456,88,9489616,,17830880,21241460,20091800,17452024,,12857920,8238808,7856404,13153952,,14398796,11260048,10960592,14698020,,12,52,12,12,,1594360,3080344,3195188,1619724
8739,1,1792,915,0,877,0,76684496,42055388,51268776,88,9492700,,17788364,21262104,20178692,17455336,,12896424,8224140,7772108,13162716,,14437640,11246500,10877504,14707132,,12,52,12,12,,1594704,3081452,3196464,1620080
8745,1,1793,915,0,878,0,76711332,42007752,51223452,88,9494968,,17775692,21303228,20188808,17443604,,12907972,8178068,7758284,13163428,,14449548,11201532,10864308,14708064,,12,52,12,12,,1595048,3082592,3197028,1620300
8751,1,1794,914,0,880,1,76665500,42084160,51302840,88,9497936,,17766188,21308376,20104644,17486292,,12915456,8170876,7854100,13143728,,14457432,11195476,10961296,14688636,,12,52,12,12,,1595460,3083692,3198220,1620564
8757,2,1795,914,0,881,1,76676008,42047000,51268000,88,9500272,,17791740,21257676,20097944,17528648,,12899872,8219916,7838512,13088700,,14442328,11245424,10946500,14633748,,12,52,12,12,,1595948,3084592,3199016,1620716
8764,1,1796,914,0,882,1,76492232,42215828,51439268,88,9502752,,17769160,21138388,20133472,17451212,,12909736,8321856,7833608,13150628,,14452524,11347896,10942888,14695960,,12,52,12,12,,1596276,3085164,3200332,1620980
8770,1,1797,914,0,883,1,76558336,42169408,51395100,88,9504940,,17772856,21156472,20172644,17456364,,12922112,8319924,7778408,13148964,,14465288,11346672,10888612,14694528,,12,52,12,12,,1596656,3085836,3201236,1621212
8776,2,1798,914,0,884,1,76549964,42144580,51371848,88,9507696,,17810660,21125548,20155752,17458004,,12880328,8334112,7786832,13143308,,14423948,11361032,10897704,14689164,,12,52,12,12,,1597100,3087200,3201892,1621504
8783,2,1799,914,1,884,0,76532716,42188012,51419880,88,9510792,,17780480,21143680,20109376,17499180,,12896736,8327800,7845964,13117512,,14440692,11357136,10958364,14663688,,12,52,12,12,,1597440,3088100,3203408,1621844
8791,2,1800,915,0,885,0,76548340,42193188,51427440,88,9513236,,17818000,21099524,20121328,17509488,,12873032,8374408,7835272,13110476,,14417420,11404728,10948404,14656888,,12,52,12,12,,1597872,3089116,3204168,1622080
8797,2,1801,915,0,886,0,76500752,42203548,51440384,88,9515816,,17755768,21122864,20184508,17437612,,12932412,8338236,7769492,13163408,,14477120,11369808,10883424,14710032,,12,52,12,12,,1598204,3090408,3204932,1622272
8803,2,1802,915,0,887,0,76599508,42118244,51357800,88,9518572,,17774504,21213236,20165708,17446060,,12913740,8258072,7777212,13169220,,14458832,11290720,10892264,14715984,,12,52,12,12,,1598580,3091536,3206040,1622416
8809,2,1803,915,0,888,0,76650436,42057972,51299808,88,9520824,,17820232,21199160,20154908,17476136,,12870696,8263156,7797400,13126720,,14416088,11296640,10913440,14673640,,12,52,12,12,,1598872,3092324,3207060,1622568
8815,1,1804,915,0,889,0,76580900,42102348,51346220,88,9522868,,17790160,21125528,20161396,17503816,,12880552,8345240,7766184,13110372,,14426236,11379404,10883108,14657472,,12,52,12,12,,1599176,3093020,3207920,1622752
8821,2,1805,915,0,890,0,76617504,42089916,51336344,88,9525424,,17838432,21149296,20170440,17459336,,12851172,8308320,7772168,13158256,,14397248,11343476,10890056,14705564,,12,52,12,12,,1599572,3094016,3208880,1622956
8828,1,1806,915,0,891,0,76592752,42162640,51410816,88,9527208,,17782616,21154304,20218648,17437184,,12918516,8314456,7730624,13199044,,14464900,11349996,10849280,14746640,,12,52,12,12,,1599876,3094456,3209656,1623220
8834,1,1807,915,0,892,0,76714728,42040400,51291748,88,9530304,,17797752,21250572,20222352,17444052,,12892752,8237196,7724128,13186324,,14439456,11274268,10843868,14734156,,12,52,12,12,,1600192,3095920,3210728,1623464
8840,2,1808,915,0,893,0,76760864,41932796,51186948,88,9533104,,17790608,21310936,20171268,17488052,,12879440,8167584,7760512,13125260,,14426508,11205736,10881384,14673320,,12,52,12,12,,1600548,3097000,3211876,1623680
8847,1,1809,915,0,894,0,76756692,41928256,51184224,88,9535012,,17807860,21276744,20167420,17504668,,12879568,8175292,7766360,13107036,,14426988,11213904,10888104,14655228,,12,52,12,12,,1600908,3097556,3212728,1623820
8852,2,1810,915,0,895,0,76666112,42021024,51279104,88,9537132,,17823992,21218524,20183888,17439708,,12855492,8234944,7769864,13160724,,14403300,11274432,10892200,14709172,,12,52,12,12,,1601300,3098428,3213320,1624084
8859,1,1811,915,0,896,0,76705080,42010724,51271496,88,9539880,,17798072,21224836,20235484,17446688,,12896264,8251932,7705996,13156532,,14444356,11292456,10829548,14705136,,12,52,12,12,,1601592,3099468,3214568,1624252
8865,1,1812,915,0,897,0,76691992,41998068,51261272,88,9542260,,17777816,21214528,20249348,17450300,,12910256,8250600,7684592,13152620,,14458656,11292356,10808780,14701480,,12,52,12,12,,1601892,3100700,3215176,1624492
8871,2,1813,915,0,898,0,76785332,41907144,51173308,88,9545192,,17834068,21271456,20200444,17479364,,12850252,8188076,7731064,13137752,,14399212,11230788,10856460,14686848,,12,52,12,12,,1602444,3101652,3216380,1624716
8878,1,1814,915,0,899,0,76689300,41957072,51225380,88,9547352,,17796196,21211376,20160376,17521352,,12873992,8236888,7755860,13090332,,14423256,11280564,10881924,14639636,,12,52,12,12,,1602748,3102620,3217052,1624932
8884,2,1815,915,0,900,0,76744408,41925244,51200168,88,9554004,,17850024,21244348,20190084,17459952,,12833468,8221820,7733892,13136064,,14383132,11270124,10861324,14685588,,12,52,12,12,,1603164,3107280,3218424,1625136
8890,1,1816,915,0,901,0,76718744,41957604,51234680,88,9556140,,17769552,21279424,20229072,17440696,,12894292,8184952,7715164,13163196,,14444328,11233968,10843464,14712920,,12,52,12,12,,1603520,3107960,3219316,1625344
8896,2,1817,915,0,902,0,76840936,41818428,51093544,88,9554200,,17809776,21295116,20261464,17474580,,12859324,8152880,7670888,13135336,,14409676,11198540,10800012,14685316,,12,52,12,12,,1603840,3104628,3220132,1625600
8903,2,1818,915,0,903,0,76792092,41878648,51156284,88,9556664,,17845232,21259588,20171044,17516228,,12830404,8189072,7765772,13093400,,14381212,11235704,10895788,14643580,,12,52,12,12,,1604288,3105576,3221012,1625788
8909,2,1819,915,0,904,0,76691172,41977612,51257576,88,9559056,,17833188,21182464,20165372,17510148,,12844068,8256368,7763860,13113316,,14395180,11303932,10894796,14663668,,12,52,12,12,,1604608,3106508,3221980,1625960
8916,1,1820,915,0,905,0,76427680,42218624,51501232,88,9561628,,17765476,21177816,20025428,17458960,,12896128,8269824,7914424,13138248,,14447660,11318364,11046284,14688924,,12,52,12,12,,1605016,3107480,3222844,1626288
8922,2,1821,915,0,906,0,76506380,42147980,51433172,88,9564228,,17788524,21222656,20056972,17438228,,12880616,8226828,7876004,13164532,,14432500,11276348,11008888,14715436,,12,52,12,12,,1605368,3108460,3223872,1626528
8928,2,1822,915,0,907,0,76573632,42083664,51371628,88,9567012,,17810336,21265168,20020168,17477960,,12876196,8183560,7903944,13119964,,14428536,11234428,11037564,14671100,,12,52,12,12,,1605836,3109808,3224616,1626752
8935,2,1823,915,0,908,0,76553864,42127216,51417780,88,9569588,,17798192,21262848,20018052,17474772,,12886296,8202724,7904996,13133200,,14439024,11254248,11039856,14684652,,12,52,12,12,,1606208,3110488,3225840,1627052
8942,2,1824,915,0,909,0,76526912,42114036,51407172,88,9572240,,17847140,21184392,20043396,17451984,,12835048,8253532,7899096,13126360,,14388124,11306040,11034944,14678064,,12,52,12,12,,1606592,3111504,3226840,1627304
8948,2,1825,915,0,910,0,76525140,42132596,51427740,88,9574200,,17783256,21207764,20086828,17447292,,12891624,8240512,7848012,13152448,,14445060,11293740,10984596,14704344,,12,52,12,12,,1606920,3112200,3227580,1627500
8953,2,1826,915,0,911,0,76535068,42135172,51433020,88,9576872,,17798636,21246412,20042356,17447664,,12871948,8219760,7886584,13156880,,14425728,11274076,11024212,14709004,,12,52,12,12,,1607268,3113296,3228588,1627720
8959,2,1827,915,0,912,0,76576316,42060400,51360844,88,9579456,,17841960,21259192,19986176,17488988,,12823356,8184552,7942736,13109756,,14377576,11239872,11081280,14662116,,12,52,12,12,,1607688,3114292,3229524,1627952
8966,1,1828,915,0,913,0,76473228,42178000,51480452,88,9581492,,17804588,21188580,19972832,17507228,,12867812,8275072,7941260,13093856,,14422332,11330976,11080740,14646404,,12,52,12,12,,1607996,3114900,3230448,1628148
8971,2,1829,915,0,914,0,76548408,42090428,51394872,88,9583444,,17840708,21188660,19997996,17521044,,12838452,8261016,7912320,13078640,,14393284,11317756,11052460,14631372,,12,52,12,12,,1608316,3115728,3231084,1628316
8977,2,1830,915,0,915,0,76475180,42166304,51473180,88,9585880,,17773664,21199676,20041124,17460716,,12895776,8249644,7887484,13133400,,14450956,11307544,11028324,14686356,,12,52,12,12,,1608648,3116892,3231792,1628548
8983,1,1831,915,0,916,0,76506980,42116932,51425972,88,9588092,,17786232,21220560,20042036,17458152,,12889236,8215136,7872904,13139656,,14444636,11273700,11014760,14692876,,12,52,12,12,,1608880,3117604,3232800,1628808
8989,2,1832,915,0,917,0,76577804,42077388,51389032,88,9590680,,17838468,21248404,20013500,17477432,,12844448,8195352,7902716,13134872,,14400208,11255248,11045252,14688324,,12,52,12,12,,1609224,3118932,3233476,1629048
8994,2,1833,915,0,918,0,76468196,42149536,51463532,88,9593052,,17793340,21219284,19976108,17479464,,12878556,8215276,7931484,13124220,,14434620,11275764,11075196,14677952,,12,52,12,12,,1609524,3119524,3234684,1629320
9001,1,1834,915,0,919,0,76447656,42212492,51528628,88,9595168,,17845656,21145952,19998060,17457988,,12843028,8305036,7924512,13139916,,14399400,11366252,11069184,14693792,,12,52,12,12,,1609840,3120264,3235600,1629464
9007,2,1835,915,0,920,0,76364328,42248600,51566892,88,9597368,,17774412,21141288,20010524,17438104,,12889932,8296064,7909792,13152812,,14446664,11357916,11055308,14707004,,12,52,12,12,,1610200,3120924,3236460,1629784
9014,2,1836,915,0,920,0,76548056,42092328,51413860,88,9600576,,17803484,21229460,20068028,17447084,,12871280,8205972,7861312,13153764,,14428468,11269340,11007856,14708196,,12,52,12,12,,1610648,3122388,3237512,1630028
9020,2,1837,915,0,922,0,76490628,42128316,51456756,88,9607432,,17774768,21247596,19986080,17482184,,12889644,8185956,7935636,13117080,,14451232,11250372,11083392,14671760,,12,52,12,12,,1615056,3123440,3238664,1630272
9027,1,1838,915,0,923,0,76476532,42125132,51455636,88,9609496,,17804360,21198648,19999564,17473960,,12873572,8237436,7914820,13099304,,14435604,11302424,11063368,14654240,,12,52,12,12,,1615484,3124012,3239472,1630528
9033,2,1839,915,0,924,0,76414864,42211128,51543840,88,9611720,,17784988,21187368,20006384,17436124,,12880924,8260152,7913928,13156124,,14443288,11325972,11063332,14711248,,12,52,12,12,,1615820,3124848,3240324,1630728
9039,2,1840,915,0,925,0,76412992,42236276,51571600,88,9614256,,17773564,21160292,20034136,17445000,,12904984,8273048,7889956,13168288,,14467676,11340000,11040272,14723652,,12,52,12,12,,1616132,3125940,3241232,1630952
9045,2,1841,915,0,926,0,76512196,42139196,51476960,88,9616716,,17809400,21206328,20034420,17462048,,12868676,8243592,7872324,13154604,,14431728,11311752,11023304,14710176,,12,52,12,12,,1616504,3127152,3241892,1631168
9051,2,1842,915,0,927,0,76469752,42142192,51482532,88,9619320,,17772872,21208824,19996456,17491600,,12881632,8227804,7917108,13115648,,14445024,11296864,11069240,14671404,,12,52,12,12,,1616832,3128088,3243048,1631352
9057,2,1843,915,0,928,0,76470716,42137084,51481384,88,9623272,,17804852,21179556,20018384,17467924,,12861252,8229596,7896612,13149624,,14424988,11299316,11051520,14705560,,12,52,12,12,,1617180,3128712,3245856,1631524
9063,2,1844,915,0,929,0,76528352,42105160,51452148,88,9625920,,17840476,21189980,20035392,17462504,,12832696,8245496,7877440,13149528,,14396728,11316100,11033616,14705704,,12,52,12,12,,1617480,3129588,3247084,1631768
9069,1,1845,915,0,930,0,76457928,42147124,51495872,88,9627656,,17798704,21205964,20012200,17441060,,12879444,8228660,7884144,13154876,,14443800,11300028,11040780,14711264,,12,52,12,12,,1617788,3130332,3247556,1631980
9074,2,1846,915,0,931,0,76556848,42068624,51420040,88,9630324,,17801720,21270900,20034432,17449796,,12870404,8167708,7867252,13163260,,14435132,11240200,11024892,14719816,,12,52,12,12,,1618164,3131448,3248560,1632152
9081,1,1847,915,0,932,0,76472340,42116544,51470816,88,9633160,,17799880,21196388,19998036,17478036,,12862748,8218824,7905316,13129656,,14427816,11292392,11064212,14686396,,12,52,12,12,,1618532,3132528,3249772,1632328
9087,1,1848,915,0,933,0,76559456,42061320,51417260,88,9634808,,17801268,21247148,19983160,17527880,,12873000,8192328,7927392,13068600,,14438380,11266416,11086948,14625516,,12,52,12,12,,1618820,3133048,3250432,1632508
9092,2,1849,915,0,934,0,76595136,42015580,51373524,88,9636828,,17865104,21169040,20022408,17538584,,12804912,8237648,7901400,13071620,,14370572,11312628,11061580,14628744,,12,52,12,12,,1619112,3133940,3251056,1632720
9098,2,1850,915,0,935,0,76439060,42171868,51532904,88,9639916,,17799448,21181052,20017740,17440820,,12855508,8254572,7891744,13170044,,14421608,11330708,11053168,14727420,,12,52,12,12,,1619536,3135096,3252324,1632960
9105,1,1851,915,0,936,0,76489020,42098136,51461472,88,9642236,,17817136,21228132,19987656,17456096,,12839772,8198676,7910652,13149036,,14406248,11275984,11072700,14706540,,12,52,12,12,,1619912,3136304,3252932,1633088
9111,1,1852,915,0,937,0,76580272,42005232,51371100,88,9644672,,17854456,21179480,20055980,17490356,,12816352,8241804,7837900,13109176,,14383060,11320088,11001076,14666876,,12,52,12,12,,1620140,3137224,3254028,1633280
9117,1,1853,915,0,938,0,76590820,42003208,51372944,88,9648596,,17796248,21246324,20063488,17484760,,12871564,8178492,7842648,13110504,,14438588,11257336,11006536,14670484,,12,52,12,12,,1620460,3137816,3254764,1635556
9122,2,1854,915,0,939,0,76679284,41898204,51270212,88,9650864,,17871496,21280684,20088188,17438916,,12805388,8145424,7810452,13136940,,14372692,11225104,10975308,14697108,,12,52,12,12,,1620748,3138660,3255716,1635740
9129,1,1855,915,0,940,0,76637420,41961036,51335660,88,9653456,,17776784,21349504,20078360,17432772,,12879260,8081852,7836504,13163420,,14446944,11162344,11002568,14723804,,12,52,12,12,,1621116,3139460,3256924,1635956
9135,2,1856,915,0,941,0,76695888,41920388,51297436,88,9655884,,17816612,21352380,20068676,17458220,,12854676,8085216,7839772,13140724,,14422744,11166952,11006428,14701312,,12,52,12,12,,1621500,3140696,3257520,1636168
9141,2,1857,915,0,942,0,76770656,41798628,51178516,88,9658736,,17783008,21380944,20089480,17517224,,12872280,8035932,7807988,13082428,,14440768,11118704,10975824,14643220,,12,52,12,12,,1621908,3141732,3258728,1636368
9148,2,1858,915,0,943,0,76774096,41826732,51208916,88,9661048,,17811348,21344064,20101588,17517096,,12854120,8085500,7803596,13083516,,14422960,11169164,10972272,14644520,,12,52,12,12,,1622264,3142624,3259576,1636584
9155,1,1859,915,0,944,0,76600408,41978364,51362656,88,9663128,,17794132,21347056,19986180,17473040,,12861928,8079592,7908644,13128200,,14431084,11163924,11078280,14689368,,12,52,12,12,,1622576,3143284,3260524,1636744
9160,1,1860,915,0,945,0,76596384,41973740,51360248,88,9665348,,17776468,21359644,20015356,17444916,,12891804,8038080,7884472,13159384,,14461224,11123360,11054876,14720788,,12,52,12,12,,1622840,3144236,3261292,1636980
9166,1,1861,915,0,946,0,76681604,41903320,51292172,88,9667696,,17803204,21380308,20034860,17463232,,12861076,8039592,7857412,13145240,,14430824,11126036,11028476,14706836,,12,52,12,12,,1623160,3145424,3261948,1637164
9172,2,1862,915,0,947,0,76575368,41973476,51365128,88,9670460,,17783184,21343704,19958484,17489996,,12852540,8067776,7946936,13106224,,14422700,11155208,11119172,14668048,,12,52,12,12,,1623568,3146392,3263096,1637404
9178,2,1863,915,0,948,0,76623832,41938800,51332620,88,9672676,,17784608,21355152,19961340,17522732,,12870856,8065164,7921620,13081160,,14441264,11153456,11094704,14643196,,12,52,12,12,,1623840,3147244,3263972,1637620
9184,2,1864,915,0,949,0,76593728,41979932,51376188,88,9675068,,17781016,21343272,19989544,17479896,,12884412,8069260,7920124,13106136,,14455136,11158164,11094484,14668404,,12,52,12,12,,1624144,3147856,3265220,1637848
9190,1,1865,915,0,950,0,76615740,41946888,51344816,88,9676772,,17773700,21370392,20023516,17448132,,12896200,8035660,7870504,13144524,,14467236,11125192,11045416,14706972,,12,52,12,12,,1624448,3148488,3265812,1638024
9196,1,1866,915,0,951,0,76697660,41865852,51266308,88,9679244,,17813584,21390356,20039376,17454344,,12856912,8004616,7862664,13141660,,14428252,11095348,11038428,14704280,,12,52,12,12,,1624748,3149684,3266612,1638200
9201,2,1867,915,0,952,0,76710252,41839004,51242320,88,9682132,,17771552,21423932,20033948,17480820,,12891464,7994660,7840192,13112688,,14463192,11086340,11017188,14675600,,12,52,12,12,,1625144,3150640,3267848,1638500
9207,2,1868,915,0,953,0,76716476,41901012,51305944,88,9683752,,17793392,21400292,20041588,17481204,,12879212,8064820,7844112,13112868,,14451196,11156944,11021804,14676000,,12,52,12,12,,1625388,3151104,3268552,1638708
9213,2,1869,915,0,954,0,76763292,41802348,51209860,88,9686288,,17851552,21396928,20050288,17464524,,12825232,8047212,7824580,13105324,,14397484,11140420,11003280,14668676,,12,52,12,12,,1625664,3152160,3269540,1638924
9220,2,1870,915,0,955,0,76787976,41801200,51211508,88,9689096,,17789940,21423768,20106980,17467288,,12862572,8010688,7788920,13139020,,14435200,11104884,10968724,14702700,,12,52,12,12,,1626036,3153152,3270652,1639256
9227,1,1871,915,0,956,0,76835828,41766676,51179336,88,9691476,,17824864,21458364,20075800,17476800,,12841060,7985480,7802392,13137744,,14413928,11080872,10982864,14701672,,12,52,12,12,,1626276,3154360,3271332,1639508
9233,1,1872,915,0,957,0,76840204,41718136,51135100,88,9695760,,17794156,21548684,20028968,17468396,,12859564,7888040,7840940,13129592,,14432708,10986488,11022228,14693676,,12,52,12,12,,1626556,3157412,3272124,1639668
9238,2,1873,915,0,958,0,76932884,41649732,51069260,88,9698328,,17843224,21492424,20078120,17519116,,12818832,7949888,7800228,13080784,,14392348,11049248,10982540,14645124,,12,52,12,12,,1626928,3158312,3273172,1639916
9245,2,1874,915,0,959,0,76768444,41812868,51234784,88,9700680,,17779828,21494024,20024116,17470476,,12877592,7961192,7857944,13116140,,14451428,11061240,11041432,14680684,,12,52,12,12,,1627244,3158988,3274332,1640116
9251,2,1875,915,0,960,0,76788612,41787204,51211544,88,9703124,,17770008,21504496,20042404,17471704,,12885004,7926160,7849728,13126312,,14459152,11027132,11034192,14691068,,12,52,12,12,,1627564,3159932,3275296,1640332
9257,2,1876,915,0,961,0,76859108,41718136,51144964,88,9705596,,17813100,21510788,20049968,17485252,,12849388,7921388,7839632,13107728,,14423852,11023552,11024856,14672704,,12,52,12,12,,1627872,3161104,3276064,1640556
9263,2,1877,915,0,962,0,76858184,41702084,51131420,88,9708104,,17812952,21553772,20022316,17469144,,12838300,7895680,7852400,13115704,,14413164,10998544,11038796,14680916,,12,52,12,12,,1628272,3161804,3277240,1640788
9270,1,1878,915,0,963,0,76570656,41983620,51415016,88,9710164,,17813656,21193572,20043044,17520384,,12826548,8252480,7830092,13074500,,14401748,11356236,11017156,14639876,,12,52,12,12,,1628608,3162696,3277896,1640964
9276,2,1879,915,0,964,0,76489620,42107340,51541196,88,9712652,,17786724,21189136,20058372,17455388,,12877564,8260396,7835992,13133388,,14453092,11365164,11023920,14699020,,12,52,12,12,,1628960,3163704,3278772,1641216
9283,1,1880,915,0,965,0,76572212,41966968,51405376,88,9717184,,17772492,21270528,20079188,17450004,,12869996,8160008,7797404,13139560,,14447904,11265764,10986304,14705404,,12,52,12,12,,1631324,3164700,3279740,1641420
9288,2,1881,915,0,966,0,76703152,41857992,51301040,88,9721812,,17852796,21308140,20054864,17487352,,12801628,8118768,7829932,13107664,,14379896,11225836,11021588,14673720,,12,52,12,12,,1631676,3166000,3282504,1641632
9295,1,1882,915,0,967,0,76694708,41885580,51330700,88,9723900,,17779188,21319496,20077156,17518868,,12885488,8118808,7799660,13081624,,14464004,11226388,10992460,14647848,,12,52,12,12,,1631924,3166512,3283660,1641804
9301,1,1883,915,0,968,0,76704360,41843524,51291060,88,9726308,,17830532,21318044,20064924,17490860,,12832364,8095208,7814928,13101024,,14411224,11203592,11008768,14667476,,12,52,12,12,,1632268,3167316,3284688,1642036
9307,1,1884,915,0,969,0,76623748,41923648,51373256,88,9728376,,17772448,21313776,20088564,17448960,,12880928,8119516,7792672,13130532,,14460136,11228572,10987328,14697220,,12,52,12,12,,1632616,3167996,3285496,1642268
9313,2,1885,915,0,970,0,76695792,41881860,51334468,88,9731408,,17795460,21342420,20116240,17441672,,12869984,8089656,7768564,13153656,,14449448,11200164,10964260,14720596,,12,52,12,12,,1632888,3169440,3286544,1642536
9320,1,1886,915,0,971,0,76706400,41830252,51285548,88,9734008,,17853408,21298904,20078764,17475324,,12796564,8122220,7789208,13122260,,14376468,11233640,10986016,14689424,,12,52,12,12,,1633300,3170340,3287628,1642740
9325,2,1887,915,0,972,0,76579444,41989560,51446676,88,9735856,,17804868,21249292,20062792,17462492,,12844536,8188840,7807528,13148656,,14424712,11300832,11005080,14716052,,12,52,12,12,,1633580,3170920,3288380,1642976
9331,1,1888,915,0,973,0,76639656,41905376,51364268,88,9737612,,17839272,21244236,20057448,17498700,,12815812,8181248,7810448,13097868,,14396280,11293948,11008560,14665480,,12,52,12,12,,1633856,3171632,3288936,1643188
9336,1,1889,915,0,974,0,76667092,41862992,51324304,88,9739980,,17874488,21249080,20104280,17439244,,12780244,8176736,7750336,13155676,,14361008,11290408,10949364,14723524,,12,52,12,12,,1634192,3172584,3289756,1643448
9342,2,1890,915,0,975,0,76657356,41724496,51342300,88,9896456,,17809284,21279832,20119392,17448848,,12844200,8135368,7605204,13139724,,14425392,11250044,10959040,14707824,,12,52,12,12,,1634584,3173596,3444588,1643688
9349,1,1891,915,0,976,0,76489616,41763372,51494804,88,10009764,,17801540,21295848,19906920,17485308,,12841736,8134672,7675820,13111144,,14423520,11250772,11141028,14679484,,12,52,12,12,,1635168,3175016,3555660,1643920
9355,1,1892,915,0,977,0,76489848,41761756,51528864,88,10044892,,17835456,21271008,19914960,17468424,,12815928,8161408,7663488,13120932,,14398016,11278156,11163208,14689484,,12,52,12,12,,1635444,3175628,3589696,1644124
9361,2,1893,915,0,978,0,76213904,42045652,51752508,88,9984748,,17835100,21190736,19745172,17442896,,12824276,8215176,7877656,13128544,,14406768,11332684,11315792,14697264,,12,52,12,12,,1635852,3176384,3528220,1644292
9367,2,1894,915,0,979,0,76218984,41967892,51806516,88,10116460,,17773628,21196940,19804176,17444240,,12883868,8231612,7696104,13156308,,14466708,11350076,11264444,14725288,,12,52,12,12,,1636196,3177372,3658336,1644556
9374,2,1895,915,0,980,0,76235524,42544456,51777368,88,9510532,,17780436,21209832,19800708,17444548,,12884320,8217964,8302304,13139868,,14467528,11337704,11263056,14709080,,12,52,12,12,,1636564,3178604,3050572,1644792
9381,2,1896,915,0,981,0,76258844,42525932,51761684,88,9513392,,17762292,21267416,19740556,17488580,,12905304,8157652,8372780,13090196,,14488996,11278368,11334620,14659700,,12,52,12,12,,1637040,3179588,3051688,1645076
9387,2,1897,915,0,982,0,76321624,42460528,51698456,88,9515548,,17799392,21203120,19808080,17511032,,12866768,8216220,8301320,13076220,,14450772,11337796,11263960,14645928,,12,52,12,12,,1637364,3180440,3052460,1645284
9393,2,1898,915,0,983,0,76315548,42415068,51654632,88,9517244,,17788192,21200368,19818692,17508296,,12837908,8215380,8282264,13079516,,14422212,11337476,11245520,14649424,,12,52,12,12,,1637656,3181012,3053100,1645476
9399,1,1899,915,0,984,0,76276028,42473592,51716004,88,9520032,,17766776,21206592,19859044,17443616,,12888548,8202512,8243688,13138844,,14473152,11325764,11208096,14708992,,12,52,12,12,,1637948,3182120,3054244,1645720
9405,1,1900,915,0,985,0,76283980,42451944,51696776,88,9522432,,17804108,21213020,19819968,17446884,,12857488,8190180,8260320,13143956,,14442436,11314644,11225400,14714296,,12,52,12,12,,1638296,3183292,3054928,1645916
9411,2,1901,915,0,986,0,76332312,42398728,51646720,88,9525560,,17765948,21239352,19846020,17480992,,12863496,8181804,8237980,13115448,,14448928,11307360,11204316,14686116,,12,52,12,12,,1638784,3184388,3056148,1646240
9418,2,1902,915,0,987,0,76423240,42338636,51588756,88,9527776,,17813244,21261108,19864232,17484656,,12843424,8149936,8242876,13102400,,14429144,11276436,11209912,14673264,,12,52,12,12,,1639084,3185396,3056860,1646436
9424,1,1903,915,0,988,0,76317856,42437656,51690408,88,9530316,,17774332,21202916,19895088,17445520,,12865120,8204676,8210544,13157316,,14451204,11331860,11178960,14728384,,12,52,12,12,,1639436,3186008,3058232,1646640
9430,1,1904,915,0,989,0,76323836,42422096,51676704,88,9532180,,17768244,21220944,19892984,17441664,,12857572,8200076,8210740,13153708,,14443960,11327844,11179932,14724968,,12,52,12,12,,1639724,3186580,3059048,1646828
9435,2,1905,915,0,990,0,76469252,42289808,51546628,88,9534392,,17810892,21268944,19931204,17458212,,12834900,8142264,8169500,13143144,,14421608,11271268,11139188,14714564,,12,52,12,12,,1640064,3187804,3059528,1646996
9442,1,1906,915,0,991,0,76449172,42308684,51568244,88,9537120,,17805304,21310284,19858144,17475440,,12842800,8108696,8251816,13105372,,14429904,11238568,11222744,14677028,,12,52,12,12,,1640468,3188704,3060728,1647220
9448,1,1907,915,0,992,0,76462036,42297088,51559008,88,9539432,,17817252,21276876,19859764,17508144,,12840624,8130860,8238552,13087052,,14428040,11261768,11210264,14658936,,12,52,12,12,,1640764,3189704,3061512,1647452
9454,2,1908,915,0,993,0,76491120,42241544,51505812,88,9541832,,17873232,21261208,19892376,17464304,,12778380,8150816,8191852,13120496,,14366136,11282408,11164624,14692644,,12,52,12,12,,1641120,3190404,3062584,1647724
9461,1,1909,915,0,994,0,76451660,42280552,51547392,88,9544440,,17804080,21287864,19916356,17443360,,12824268,8113068,8192976,13150240,,14412392,11245928,11166524,14722548,,12,52,12,12,,1641468,3191708,3063384,1647880
9466,2,1910,915,0,995,0,76573300,42201084,51470192,88,9546640,,17824588,21299068,19986148,17463496,,12831352,8115116,8115436,13139180,,14419772,11248776,11089948,14711696,,12,52,12,12,,1641772,3192468,3064320,1648080
9473,2,1911,915,0,996,0,76556392,42161704,51433868,88,9549716,,17798980,21324276,19925480,17507656,,12845004,8086260,8154360,13076080,,14433856,11221076,11130024,14648912,,12,52,12,12,,1642220,3193624,3065472,1648400
9480,2,1912,915,0,997,0,76554472,42172832,51447776,88,9552464,,17832540,21278676,19935880,17507376,,12804956,8123604,8156948,13087324,,14394184,11259508,11133668,14660416,,12,52,12,12,,1642572,3194712,3066528,1648652
9487,2,1913,915,0,998,0,76519408,42184912,51461752,88,9554372,,17774492,21274896,20025580,17444440,,12879492,8115260,8061576,13128584,,14469100,11251664,11039136,14701852,,12,52,12,12,,1642960,3195212,3067372,1648828
9493,1,1914,915,0,999,0,76592124,42141948,51421376,88,9556936,,17783760,21343368,20007720,17457276,,12876816,8053508,8074712,13136912,,14466704,11191016,11053232,14710424,,12,52,12,12,,1643236,3196308,3068324,1649068
9499,2,1915,915,0,1000,0,76574736,42144440,51426804,88,9559880,,17791296,21276752,20036980,17469708,,12849608,8121060,8050296,13123476,,14439840,11259864,11029896,14697204,,12,52,12,12,,1643572,3197604,3069412,1649292
9505,2,1916,915,0,1001,0,76491816,42235184,51519560,88,9561916,,17790928,21275440,19962164,17463284,,12852864,8126132,8134688,13121500,,14443444,11265592,11115128,14695396,,12,52,12,12,,1643908,3198272,3070272,1649464
9512,1,1917,915,0,1002,0,76384832,42333216,51619736,88,9564032,,17847600,21224712,19799012,17513508,,12788660,8175628,8289732,13079196,,14379548,11316028,11270816,14653344,,12,52,12,12,,1644216,3199216,3070888,1649712
9518,2,1918,915,0,1003,0,76325100,42396632,51685780,88,9566656,,17781296,21238312,19860180,17445312,,12868120,8163528,8232892,13132092,,14459444,11305116,11214784,14706436,,12,52,12,12,,1644636,3200384,3071708,1649928
9524,2,1919,915,0,1004,0,76388440,42352996,51644732,88,9569240,,17786804,21281784,19868108,17451744,,12862204,8114624,8229456,13146712,,14453796,11257332,11212308,14721296,,12,52,12,12,,1644904,3201528,3072656,1650152
9530,2,1920,915,0,1004,0,76393880,42312620,51607012,88,9571896,,17841024,21282236,19784196,17486424,,12821880,8109168,8279024,13102548,,14413848,11252780,11263036,14677348,,12,52,12,12,,1645284,3202412,3073832,1650368
9536,2,1921,915,0,1006,0,76314904,42385080,51681288,88,9573704,,17791568,21239264,19793024,17491048,,12857788,8151504,8299060,13076728,,14450064,11295756,11283800,14651668,,12,52,12,12,,1645580,3203072,3074544,1650508
9541,2,1922,915,0,1007,0,76365456,42319636,51617948,88,9575796,,17844356,21248020,19793032,17480048,,12814128,8159992,8263648,13081868,,14406560,11305024,11249352,14657012,,12,52,12,12,,1645744,3203824,3075508,1650720
9547,2,1923,915,0,1008,0,76319256,42358740,51658924,88,9577688,,17772040,21254564,19846944,17445708,,12857144,8144560,8222748,13134288,,14449820,11290268,11209220,14709616,,12,52,12,12,,1645992,3204524,3076280,1650892
9553,1,1924,915,0,1009,0,76289964,42397620,51700148,88,9580036,,17781956,21270676,19787636,17449696,,12848448,8134116,8271104,13143952,,14441360,11280808,11258512,14719468,,12,52,12,12,,1646224,3205496,3077228,1651088
9558,2,1925,915,0,1010,0,76373824,42313676,51618744,88,9582552,,17826592,21272704,19801596,17472932,,12806928,8111864,8269012,13125872,,14400172,11259768,11257188,14701616,,12,52,12,12,,1646560,3206708,3077980,1651304
9564,1,1926,915,0,1011,0,76318020,42387880,51695204,88,9584808,,17796468,21250888,19791672,17478992,,12832072,8142336,8307940,13105532,,14425608,11290812,11297248,14681536,,12,52,12,12,,1646836,3207276,3079128,1651568
9570,2,1927,915,0,1012,0,76368384,42330104,51639508,88,9586844,,17843768,21225568,19792600,17506448,,12811944,8148568,8300724,13068868,,14405780,11297932,11290720,14645076,,12,52,12,12,,1647132,3208160,3079792,1651760
9577,1,1928,915,0,1013,0,76330948,42376832,51688892,88,9589544,,17791868,21236000,19873628,17429452,,12846960,8157268,8211920,13160684,,14441128,11307864,11202740,14737160,,12,52,12,12,,1647464,3209420,3080636,1652024
9583,2,1929,915,0,1014,0,76362836,42282500,51597308,88,9592248,,17802000,21280676,19836828,17443332,,12826108,8111828,8216224,13128340,,14420760,11263476,11208076,14704996,,12,52,12,12,,1647932,3210452,3081660,1652204
9590,1,1930,915,0,1015,0,76421960,42243744,51561484,88,9595204,,17832272,21275604,19831924,17482160,,12799376,8106688,8230012,13107668,,14394368,11259452,11223044,14684620,,12,52,12,12,,1648308,3211552,3082836,1652508
9596,1,1931,915,0,1016,0,76389180,42278252,51598016,88,9597212,,17786804,21286520,19830148,17485708,,12846996,8106852,8230768,13093636,,14442376,11260196,11224580,14670864,,12,52,12,12,,1648664,3212144,3083620,1652784
9602,2,1932,915,0,1017,0,76380500,42309732,51631948,88,9599696,,17774752,21283764,19862264,17459720,,12866772,8111960,8221720,13109280,,14462436,11266276,11216508,14686728,,12,52,12,12,,1648960,3213132,3084592,1653012
9609,2,1933,915,0,1018,0,76384744,42311048,51635956,88,9602348,,17751188,21318204,19867932,17447420,,12890928,8074412,8200128,13145580,,14486992,11229512,11196208,14723244,,12,52,12,12,,1649340,3213896,3085888,1653224
9615,2,1934,915,0,1019,0,76441316,42246904,51574208,88,9604760,,17815784,21296208,19876036,17453288,,12831464,8088276,8193096,13134068,,14427856,11244636,11189792,14711924,,12,52,12,12,,1649672,3215152,3086524,1653412
9622,1,1935,915,0,1020,0,76443720,42236352,51566572,88,9607672,,17756368,21350520,19874820,17462012,,12882132,8045428,8185440,13123352,,14478920,11202840,11183352,14701460,,12,52,12,12,,1650060,3216220,3087728,1653664
9628,1,1936,915,0,1021,0,76375392,42293300,51625356,88,9609528,,17816504,21293904,19779520,17485464,,12816620,8094392,8271260,13111028,,14413704,11252564,11269792,14689296,,12,52,12,12,,1650356,3216964,3088368,1653840
9633,2,1937,915,0,1022,0,76345892,42303084,51637184,88,9611524,,17792560,21308120,19789308,17455904,,12823144,8074936,8298032,13106972,,14420488,11233656,11297620,14685420,,12,52,12,12,,1650624,3217508,3089388,1654004
9639,1,1938,915,0,1023,0,76365364,42314428,51650512,88,9613528,,17774452,21313424,19828332,17449156,,12879484,8073828,8235736,13125380,,14477148,11233680,11235636,14704048,,12,52,12,12,,1650948,3218640,3089716,1654224
9645,1,1939,915,0,1024,0,76462420,42228940,51567564,88,9616036,,17811904,21353476,19839464,17457576,,12837676,8023324,8235556,13132384,,14435692,11184180,11236468,14711224,,12,52,12,12,,1651288,3219652,3090708,1654388
9650,2,1940,914,0,1026,1,76485128,42203540,51545172,88,9619084,,17849520,21350920,19798444,17486244,,12791796,8023348,8284764,13103632,,14390064,11185472,11286952,14682684,,12,52,12,12,,1651560,3220920,3092000,1654604
9657,2,1941,914,0,1027,1,76429716,42231712,51575264,88,9621004,,17810384,21297860,19802204,17519268,,12828856,8074692,8263284,13064880,,14427516,11237372,11266236,14644140,,12,52,12,12,,1651936,3221496,3092748,1654824
9663,1,1942,914,0,1028,1,76407040,42267188,51617140,88,9627428,,17832948,21302376,19826888,17444828,,12810196,8092836,8235668,13128488,,14409144,11260472,11239556,14707968,,12,52,12,12,,1652220,3226496,3093684,1655028
9669,1,1943,914,0,1029,1,76481336,42150592,51502688,88,9629504,,17764192,21319412,19947028,17450704,,12865120,8067576,8095168,13122728,,14464496,11235980,11099832,14702380,,12,52,12,12,,1652648,3227164,3094492,1655200
9674,2,1944,914,0,1030,1,76551124,42126132,51483692,88,9634956,,17803928,21356476,19949988,17440732,,12834648,8018672,8123204,13149608,,14434372,11188212,11131512,14729596,,12,52,12,12,,1653004,3228288,3098116,1655548
9680,2,1945,914,0,1031,0,76522676,42172316,51534160,88,9640024,,17845060,21319076,19875088,17483452,,12791136,8072144,8203100,13105936,,14391264,11244156,11212612,14686128,,12,52,12,12,,1653400,3231520,3099356,1655748
9688,1,1946,915,0,1031,0,76412308,42240928,51606816,88,9642692,,17809912,21260244,19847800,17494352,,12816912,8110560,8215644,13097812,,14417456,11285048,11226004,14678308,,12,52,12,12,,1653808,3232664,3100172,1656048
9695,2,1947,915,0,1032,0,76428500,42203804,51572556,88,9645624,,17852604,21256080,19886824,17432992,,12791060,8100252,8165620,13146872,,14392012,11275740,11177144,14727660,,12,52,12,12,,1654228,3233720,3101328,1656348
9702,2,1948,915,0,1033,0,76539628,42118524,51489928,88,9648280,,17791788,21313368,19993828,17440644,,12828600,8062008,8081620,13146296,,14430012,11238488,11094136,14727292,,12,52,12,12,,1654684,3234704,3102340,1656552
9708,2,1949,915,0,1034,0,76549176,42059724,51433784,88,9650932,,17810716,21357552,19909624,17471284,,12792988,8019424,8136864,13110448,,14394720,11197228,11150144,14691692,,12,52,12,12,,1655004,3236052,3103076,1656800
9715,1,1950,915,0,1035,0,76544516,42082724,51459276,88,9653560,,17790992,21322928,19921844,17508752,,12812052,8054396,8141588,13074688,,14414172,11232800,11156140,14656164,,12,52,12,12,,1655396,3236768,3104352,1657044
9721,2,1951,915,0,1036,0,76616452,42029560,51408760,88,9656180,,17842476,21305500,19939576,17528900,,12777560,8056180,8133004,13062816,,14380088,11235600,11148492,14644580,,12,52,12,12,,1655800,3237788,3105292,1657300
9728,1,1952,915,0,1037,0,76539740,42034740,51416232,88,9658448,,17792420,21319912,19984368,17443040,,12811028,8049108,8061040,13113564,,14413984,11229372,11077344,14695532,,12,52,12,12,,1656228,3238612,3106104,1657504
9734,2,1953,915,0,1038,0,76596832,42006620,51391044,88,9661392,,17816524,21348260,19978936,17453112,,12810256,8005156,8059916,13131292,,14413580,11186676,11077304,14713484,,12,52,12,12,,1656584,3239872,3107208,1657728
9741,2,1954,915,0,1039,0,76340832,42248812,51636020,88,9664144,,17790728,21357560,19742788,17449756,,12827508,8001324,8314612,13105368,,14431236,11183884,11333172,14687728,,12,52,12,12,,1656988,3240888,3108364,1657904
9748,1,1955,915,0,1040,0,76398040,42243144,51632464,88,9666196,,17808092,21319724,19750624,17519600,,12818000,8054704,8311516,13058924,,14422088,11237984,11330804,14641588,,12,52,12,12,,1657352,3241524,3109120,1658200
9755,1,1956,915,0,1041,0,76361884,42222516,51614364,88,9668704,,17789800,21313288,19785000,17473796,,12813568,8039168,8255052,13114728,,14418012,11223288,11275484,14697580,,12,52,12,12,,1657700,3242376,3110240,1658388
9761,2,1957,915,0,1042,0,76386844,42246400,51641008,88,9671436,,17769624,21351224,19817764,17448232,,12854768,8019036,8232752,13139844,,14459580,11204508,11254052,14722868,,12,52,12,12,,1658064,3243716,3111100,1658556
9768,1,1958,915,0,1043,0,76435644,42208688,51605760,88,9674104,,17824012,21346396,19799460,17465776,,12826056,8015516,8243208,13123908,,14431232,11202152,11265224,14707152,,12,52,12,12,,1658428,3245068,3111832,1658776
9773,2,1959,915,0,1044,0,76491344,42121748,51520664,88,9675868,,17771872,21394752,19809208,17515512,,12850104,7972888,8237028,13061728,,14455528,11160196,11259816,14645124,,12,52,12,12,,1658688,3245652,3112588,1658940
9779,2,1960,915,0,1045,0,76508408,42115908,51517792,88,9678836,,17844756,21342172,19810640,17510840,,12791904,8012140,8233116,13078748,,14397724,11200372,11257308,14662388,,12,52,12,12,,1659076,3246576,3113996,1659188
9786,2,1961,915,0,1046,0,76430932,42188212,51592124,88,9680876,,17782792,21333492,19874856,17439792,,12854660,8022952,8191548,13119052,,14460832,11211840,11216568,14702884,,12,52,12,12,,1659444,3247232,3114832,1659368
9792,2,1962,915,0,1047,0,76475164,42117700,51524188,88,9683444,,17790916,21375520,19853336,17455392,,12834520,7980204,8185496,13117480,,14441056,11170100,11211468,14701564,,12,52,12,12,,1659808,3248232,3115788,1659616
9798,2,1963,915,0,1048,0,76502508,42081568,51490724,88,9686096,,17818132,21373500,19837228,17473648,,12805756,7972524,8206124,13097164,,14412632,11163824,11232788,14681480,,12,52,12,12,,1660136,3249628,3116480,1659852
9804,1,1964,915,0,1049,0,76500732,42072728,51484124,88,9688332,,17772796,21377812,19828652,17521472,,12850524,7947712,8215500,13058992,,14457744,11139596,11243280,14643504,,12,52,12,12,,1660476,3250224,3117588,1660044
9810,2,1965,915,0,1050,0,76501776,42106184,51519796,88,9690544,,17825688,21351904,19860276,17463908,,12812832,7992908,8190704,13109740,,14420460,11185556,11219284,14694496,,12,52,12,12,,1660892,3250968,3118384,1660300
9817,2,1966,915,0,1051,0,76503316,42105132,51521616,88,9693416,,17797500,21364356,19897180,17444280,,12837724,7991496,8147040,13128872,,14445764,11185496,11176488,14713868,,12,52,12,12,,1661292,3252320,3119252,1660552
9824,2,1967,915,0,1052,0,76630616,41956692,51376016,88,9696220,,17797036,21477348,19908652,17447580,,12830308,7877360,8126776,13122248,,14438768,11072520,11157248,14707480,,12,52,12,12,,1661704,3253472,3120280,1660764
9830,2,1968,915,0,1053,0,76652732,41937512,51359772,88,9699184,,17779976,21483620,19889736,17499400,,12828164,7874920,8152040,13082388,,14436944,11071176,11183756,14667896,,12,52,12,12,,1662052,3254560,3121524,1661048
9837,2,1969,915,0,1054,0,76626388,41995548,51419772,88,9701108,,17812188,21429284,19866460,17518456,,12821408,7930144,8190008,13053988,,14430608,11126988,11222480,14639696,,12,52,12,12,,1662448,3255152,3122268,1661240
9843,2,1970,915,0,1055,0,76570404,41994136,51420680,88,9703468,,17848224,21396904,19872372,17452904,,12776228,7937660,8176252,13103996,,14385768,11135388,11209604,14689920,,12,52,12,12,,1662784,3256068,3123156,1661460
9849,1,1971,915,0,1056,0,76568348,42020456,51449352,88,9705932,,17796388,21418032,19895748,17458180,,12830372,7923188,8140772,13126124,,14440224,11121620,11175284,14712224,,12,52,12,12,,1663124,3256772,3124400,1661636
9855,2,1972,915,0,1057,0,76531004,42060772,51492240,88,9708384,,17819300,21332052,19926008,17453644,,12807596,8029352,8102304,13121520,,14417840,11229032,11137564,14707804,,12,52,12,12,,1663480,3258020,3125060,1661824
9860,2,1973,915,0,1058,0,76457716,42110864,51544700,88,9710780,,17764564,21340256,19865880,17487016,,12856580,7985244,8171176,13097864,,14467088,11185656,11207552,14684404,,12,52,12,12,,1663760,3258776,3126176,1662068
9867,1,1974,915,0,1059,0,76504224,42075916,51511824,88,9712888,,17795460,21352112,19842268,17514384,,12822012,7991360,8197768,13064776,,14432920,11192524,11234828,14651552,,12,52,12,12,,1664176,3259512,3126888,1662312
9873,1,1975,915,0,1060,0,76572960,42015752,51453712,88,9714872,,17834236,21355004,19868808,17514912,,12783248,7997460,8175332,13059712,,14394508,11199520,11212988,14646696,,12,52,12,12,,1664500,3260400,3127456,1662516
9879,2,1976,915,0,1061,0,76507308,42046428,51487396,88,9717908,,17773460,21396432,19899084,17438332,,12838268,7938844,8143024,13126292,,14449948,11141992,11181896,14713560,,12,52,12,12,,1664924,3261500,3128684,1662800
9886,1,1977,915,0,1062,0,76605416,41964564,51408168,88,9720556,,17782048,21455332,19905956,17462080,,12857712,7897036,8100680,13109136,,14469700,11101460,11140356,14696652,,12,52,12,12,,1665228,3262768,3129512,1663048
9892,2,1978,915,0,1063,0,76609112,41957584,51403860,88,9723216,,17838636,21388348,19891784,17490344,,12782076,7936484,8149036,13089988,,14394436,11141880,11189824,14677720,,12,52,12,12,,1665632,3263724,3130592,1663268
9898,2,1979,915,0,1064,0,76504440,42087736,51536184,88,9725520,,17802800,21353556,19849452,17498632,,12844376,7976680,8187976,13078704,,14457080,11182892,11229524,14666688,,12,52,12,12,,1665940,3264708,3131348,1663524
9905,1,1980,915,0,1065,0,76550568,42013572,51464476,88,9727920,,17858612,21359364,19879348,17453244,,12770992,7992356,8149108,13101116,,14383988,11199200,11191944,14689344,,12,52,12,12,,1666228,3265292,3132644,1663756
9910,2,1981,915,0,1066,0,76549212,41991196,51443880,88,9729696,,17783980,21390344,19921508,17453380,,12837336,7942768,8101688,13109404,,14450644,11150244,11145192,14697800,,12,52,12,12,,1666548,3265892,3133332,1663924
9915,2,1982,915,0,1067,0,76587232,41984564,51439680,88,9732140,,17818748,21453768,19862000,17452716,,12800948,7896580,8169212,13117824,,14414524,11105272,11213444,14706440,,12,52,12,12,,1666824,3267112,3134040,1664164
9922,1,1983,915,0,1068,0,76586732,41928732,51386728,88,9735016,,17781616,21370144,19914532,17520440,,12810984,7957008,8108200,13052540,,14424940,11166720,11153616,14641452,,12,52,12,12,,1667200,3268140,3135224,1664452
9928,2,1984,915,0,1069,0,76602020,41938096,51400428,88,9739392,,17806504,21373508,19917276,17504732,,12812004,7970604,8094760,13060728,,14428364,11181236,11141012,14649816,,12,52,12,12,,1669588,3269056,3136092,1664656
9935,1,1985,915,0,1070,0,76552128,42017508,51482276,88,9741736,,17777536,21367032,19951872,17455688,,12835604,7982904,8074916,13124084,,14452348,11194256,11122188,14713484,,12,52,12,12,,1669984,3269780,3137076,1664896
9941,2,1986,915,0,1071,0,76567704,41973596,51441292,88,9744632,,17772296,21396064,19953104,17446240,,12842156,7929584,8073088,13128768,,14459208,11142288,11121372,14718424,,12,52,12,12,,1670284,3271092,3138084,1665172
9948,2,1987,915,0,1072,0,76748852,41817456,51287800,88,9747304,,17841956,21507760,19926380,17472756,,12779588,7835236,8098156,13104476,,14397028,11049216,11147204,14694352,,12,52,12,12,,1670684,3272372,3138860,1665388
9954,2,1988,915,0,1073,0,76649548,41880116,51352836,88,9749688,,17774936,21492500,19917660,17464452,,12840272,7837348,8102344,13100152,,14458032,11051972,11152608,14690224,,12,52,12,12,,1671004,3273048,3140068,1665568
9961,2,1989,915,0,1074,0,76607000,41947720,51422752,88,9752048,,17829592,21425572,19843976,17507860,,12792948,7911452,8178184,13065136,,14411060,11126852,11229468,14655372,,12,52,12,12,,1671352,3273852,3141084,1665760
9967,2,1990,915,0,1075,0,76537372,42027612,51509048,88,9758452,,17777200,21442556,19884768,17432848,,12846148,7898468,8141444,13141552,,14464596,11114780,11197592,14732080,,12,52,12,12,,1671692,3274776,3145956,1666028
9973,2,1991,915,0,1076,0,76608264,41929660,51413844,88,9761148,,17778096,21486060,19896516,17447592,,12826756,7852892,8116892,13133120,,14445468,11070368,11174096,14723912,,12,52,12,12,,1671944,3275896,3147012,1666296
9980,2,1992,915,0,1077,0,76674172,41881260,51368360,88,9764016,,17841088,21501064,19846044,17485976,,12791244,7821284,8170956,13097776,,14410332,11039844,11229356,14688828,,12,52,12,12,,1672316,3276968,3148176,1666556
9987,2,1993,915,0,1078,0,76560656,41956252,51445272,88,9765992,,17792848,21448016,19851156,17468636,,12839308,7871424,8154704,13090816,,14458788,11090524,11213856,14682104,,12,52,12,12,,1672700,3277520,3148972,1666800
9994,1,1994,915,0,1079,0,76556252,41940548,51432160,88,9768576,,17781420,21444980,19888616,17441236,,12824892,7886616,8118072,13110968,,14444684,11106724,11178220,14702532,,12,52,12,12,,1673020,3278532,3149956,1667068
10000,2,1995,915,0,1080,0,76585976,41973964,51468364,88,9771332,,17763676,21463620,19912928,17445752,,12860536,7879668,8100428,13133332,,14480756,11100792,11161676,14725140,,12,52,12,12,,1673440,3279532,3151048,1667312
10007,1,1996,915,0,1081,0,76660040,41873520,51370872,88,9774352,,17809828,21467380,19914496,17468336,,12815892,7863164,8082680,13111784,,14436548,11085788,11144676,14703860,,12,52,12,12,,1673876,3281092,3151804,1667580
10013,2,1997,915,0,1082,0,76606260,41912248,51412252,88,9776984,,17790416,21449592,19857748,17508504,,12813752,7867548,8157240,13073708,,14434736,11091000,11220484,14666032,,12,52,12,12,,1674236,3281868,3153044,1667836
10020,2,1998,915,0,1083,0,76634640,41900412,51402916,88,9779448,,17790256,21450548,19863276,17530560,,12828924,7883556,8136600,13051332,,14450284,11107936,11200824,14643872,,12,52,12,12,,1674584,3282788,3154036,1668040
10026,2,1999,915,0,1084,0,76657836,41850276,51354720,88,9781368,,17780492,21453868,19958780,17464696,,12835880,7880744,8056364,13077288,,14457608,11105740,11121372,14670000,,12,52,12,12,,1674948,3283396,3154812,1668212
10032,1,2000,915,0,1085,0,76701496,41826404,51368340,88,9816996,,17769072,21502384,19967900,17462140,,12852908,7823076,8058140,13092280,,14474984,11079924,11124104,14689328,,12,52,12,12,,1675292,3313408,3155764,1672532
10038,1,2001,915,0,1086,0,76807616,41704672,51248716,88,9819100,,17824892,21493656,20004060,17485008,,12802060,7823356,8001512,13077744,,14424420,11081152,11068176,14674968,,12,52,12,12,,1675580,3314312,3156496,1672712
10044,1,2002,915,0,1087,0,76844048,41644708,51191572,88,9821872,,17794924,21544744,19980952,17523428,,12798560,7757400,8026664,13062084,,14421308,11016236,11094532,14659496,,12,52,12,12,,1675968,3315352,3157672,1672880
10050,2,2003,915,0,1088,0,76839224,41644396,51193528,88,9824100,,17831076,21506208,19974148,17527792,,12793180,7772520,8032932,13045764,,14416340,11032212,11101512,14643464,,12,52,12,12,,1676380,3316200,3158388,1673132
10056,2,2004,915,0,1089,0,76778332,41703952,51255396,88,9826392,,17793828,21472968,20029316,17482220,,12798276,7835660,7987832,13082184,,14421724,11096472,11057128,14680072,,12,52,12,12,,1676668,3317312,3159096,1673316
10062,1,2005,915,0,1090,0,76731396,41746072,51299788,88,9828708,,17792852,21487712,19997544,17453288,,12822640,7816188,7991232,13116012,,14446348,11077956,11061408,14714076,,12,52,12,12,,1676920,3318268,3160020,1673500
10068,1,2006,915,0,1091,0,76800976,41679204,51235896,88,9831660,,17833712,21491024,19998748,17477492,,12770640,7803392,8010936,13094236,,14394828,11066472,11081980,14692616,,12,52,12,12,,1677416,3319584,3160844,1673816
10074,2,2007,915,0,1092,0,76860988,41626440,51185448,88,9833972,,17823944,21525996,19994264,17516784,,12786028,7783208,8006372,13050832,,14410520,11046896,11078584,14649448,,12,52,12,12,,1677716,3320180,3162036,1674040
10080,2,2008,915,0,1093,0,76876636,41652552,51214128,88,9836492,,17828824,21454128,20058616,17535068,,12800656,7861828,7947844,13042224,,14425492,11126400,11021080,14641156,,12,52,12,12,,1678048,3321068,3163036,1674340
10087,2,2009,915,0,1094,0,76809748,41689084,51253216,88,9839044,,17769512,21473192,20091488,17475556,,12832276,7844004,7915388,13097416,,14457584,11109568,10989464,14696600,,12,52,12,12,,1678516,3322060,3163876,1674592
10094,2,2010,915,0,1095,0,76883276,41619656,51186588,88,9841804,,17799740,21517288,20108892,17457356,,12814052,7801936,7890272,13113396,,14439732,11068644,10965424,14712788,,12,52,12,12,,1678884,3323184,3164944,1674792
10100,2,2011,915,0,1096,0,76958324,41516328,51085876,88,9844460,,17806216,21518692,20145044,17488372,,12806464,7782564,7848460,13078840,,14432508,11050144,10924760,14678464,,12,52,12,12,,1679260,3324060,3166108,1675032
10106,2,2012,915,0,1097,0,76930368,41559952,51131608,88,9846556,,17793792,21547160,20103920,17485496,,12832016,7764344,7879840,13083752,,14458368,11032648,10956964,14683628,,12,52,12,12,,1679560,3324800,3166916,1675280
10113,1,2013,915,0,1098,0,76893232,41569012,51142732,88,9848624,,17844936,21470424,20119320,17458552,,12783668,7822276,7880668,13082400,,14410348,11091504,10958456,14682424,,12,52,12,12,,1679896,3325716,3167568,1675444
10119,2,2014,915,0,1099,0,76886484,41593980,51170580,88,9851488,,17775808,21485944,20163092,17461640,,12839560,7813028,7837340,13104052,,14466668,11083404,10916260,14704248,,12,52,12,12,,1680320,3326864,3168708,1675596
10125,2,2015,915,0,1100,0,76942536,41553180,51132164,88,9853924,,17813908,21537908,20111216,17479504,,12798652,7757608,7901000,13095920,,14426080,11029244,10980484,14696356,,12,52,12,12,,1680644,3328088,3169340,1675852
10132,1,2016,915,0,1101,0,76789228,41685636,51267420,88,9856648,,17762576,21437648,20093744,17495260,,12851852,7862688,7893948,13077148,,14479632,11135280,10974644,14677864,,12,52,12,12,,1680992,3329056,3170480,1676120
10137,2,2017,915,0,1102,0,76798416,41681784,51265628,88,9858800,,17807036,21395356,20074672,17521352,,12808264,7904104,7923364,13046052,,14436336,11177600,11004728,14646964,,12,52,12,12,,1681288,3330000,3171188,1676324
10144,1,2018,915,0,1103,0,76704612,41714256,51300708,88,9861392,,17769796,21381144,20092644,17461028,,12821240,7900780,7899120,13093116,,14449620,11174984,10981892,14694212,,12,52,12,12,,1681612,3330660,3172612,1676508
10149,2,2019,915,0,1104,0,76801864,41661116,51249812,88,9863568,,17788432,21399884,20151816,17461732,,12820992,7893200,7847228,13099696,,14449768,11168036,10930924,14701084,,12,52,12,12,,1681996,3331296,3173488,1676788
10156,1,2020,915,0,1105,0,76838048,41612096,51203012,88,9865796,,17810820,21441548,20118564,17467116,,12797676,7849320,7869484,13095616,,14426796,11125364,10953684,14697168,,12,52,12,12,,1682324,3332512,3174000,1676960
10161,2,2021,915,0,1106,0,76843844,41598624,51192164,88,9868388,,17786144,21484396,20080720,17492584,,12805336,7804948,7903164,13085176,,14434772,11081924,10988496,14686972,,12,52,12,12,,1682644,3333428,3175120,1677196
10167,2,2022,915,0,1107,0,76635720,41816360,51411888,88,9870416,,17823216,21246700,20075520,17490284,,12789872,8036384,7903436,13086668,,14419620,11313952,10989632,14688684,,12,52,12,12,,1682964,3334044,3175988,1677420
10174,2,2023,915,0,1108,0,76620556,41816388,51414640,88,9873128,,17794312,21254204,20106388,17465652,,12799108,8031652,7888692,13096936,,14429268,11310236,10975924,14699212,,12,52,12,12,,1683380,3335052,3177016,1677680
10180,2,2024,915,0,1109,0,76660704,41778084,51379300,88,9876088,,17780636,21288808,20128828,17462432,,12822784,7996972,7856004,13102324,,14453336,11276916,10944204,14704844,,12,52,12,12,,1683760,3336408,3178000,1677920
10187,2,2025,915,0,1110,0,76643700,41801284,51404772,88,9878392,,17837132,21272668,20053432,17480468,,12750560,8028464,7937396,13084864,,14381460,11309280,11026328,14687704,,12,52,12,12,,1684120,3337304,3178724,1678244
10194,2,2026,915,0,1111,0,76583832,41820200,51426624,88,9881320,,17803360,21314732,19983244,17482496,,12783548,7975684,8002208,13058760,,14414808,11257604,11092368,14661844,,12,52,12,12,,1684476,3338400,3179952,1678492
10200,1,2027,915,0,1112,0,76600344,41846548,51455200,88,9883532,,17820468,21280076,19985284,17514516,,12800820,7994716,7991480,13059532,,14432392,11277408,11082604,14662796,,12,52,12,12,,1684788,3339148,3180932,1678664
10206,2,2028,915,0,1113,0,76435968,41986548,51597148,88,9885492,,17788944,21173308,20018084,17455632,,12805016,8109528,7976848,13095156,,14436868,11392808,11068776,14698696,,12,52,12,12,,1685072,3339760,3181716,1678944
10212,2,2029,915,0,1114,0,76488728,41929144,51542472,88,9888224,,17777732,21208132,20052804,17450060,,12823484,8057220,7931956,13116484,,14455696,11341616,11024836,14720324,,12,52,12,12,,1685424,3340852,3182676,1679272
10219,2,2030,915,0,1115,0,76468472,41972312,51588696,88,9891272,,17790396,21212816,19979896,17485364,,12819928,8076860,7995632,13079892,,14452492,11362584,11089648,14683972,,12,52,12,12,,1685808,3342172,3183804,1679488
10226,2,2031,915,0,1116,0,76289696,42152724,51771224,88,9893344,,17803348,21172828,19830264,17483256,,12805028,8105112,8156784,13085800,,14438064,11391424,11251616,14690120,,12,52,12,12,,1686228,3342760,3184632,1679724
10232,2,2032,915,0,1117,0,76261244,42167076,51787624,88,9895460,,17778920,21159816,19862056,17460452,,12806744,8138196,8123024,13099112,,14439992,11425448,11218524,14703660,,12,52,12,12,,1686448,3343744,3185296,1679972
10239,2,2033,915,0,1118,0,76392172,42070912,51694500,88,9898520,,17783976,21249604,19895484,17463108,,12831612,8036568,8091756,13110976,,14465252,11325008,11188408,14715832,,12,52,12,12,,1686844,3344896,3186520,1680260
10246,1,2034,915,0,1119,0,76448248,41975320,51601436,88,9900976,,17799248,21249696,19922336,17476968,,12804748,8023620,8059632,13087320,,14438688,11313292,11157028,14692428,,12,52,12,12,,1687140,3346140,3187184,1680512
10252,1,2035,915,0,1120,0,76487400,41900728,51529616,88,9903772,,17793280,21254124,19941980,17498016,,12789832,8020032,8032188,13058676,,14424132,11310684,11130768,14664032,,12,52,12,12,,1687500,3347136,3188372,1680764
10258,1,2036,915,0,1120,0,76420472,41959416,51590512,88,9905984,,17802420,21225988,19848952,17543112,,12803916,8035932,8106868,13012700,,14438564,11327524,11206156,14618268,,12,52,12,12,,1687864,3348048,3189092,1680980
10263,2,2037,915,0,1122,0,76386176,42007092,51640552,88,9908336,,17763788,21221252,19890848,17510288,,12830016,8054828,8072732,13049516,,14465048,11347060,11173208,14655236,,12,52,12,12,,1688232,3348716,3190264,1681124
10269,2,2038,915,0,1123,0,76420128,41996036,51631464,88,9910284,,17770780,21241804,19939760,17467784,,12837592,8022172,8041216,13095056,,14472904,11315076,11142508,14700976,,12,52,12,12,,1688520,3349344,3191088,1681332
10276,1,2039,915,0,1124,0,76449244,41963680,51601700,88,9912872,,17810900,21238592,19919076,17480676,,12790852,8035744,8060032,13077052,,14426592,11329816,11162084,14683208,,12,52,12,12,,1688940,3350512,3191840,1681580
10282,1,2040,915,0,1125,0,76541632,41875304,51516200,88,9915748,,17798788,21353100,19888484,17501260,,12812828,7927564,8086776,13048136,,14448932,11222680,11190020,14654568,,12,52,12,12,,1689308,3351560,3193040,1681840
10288,2,2041,915,0,1126,0,76611616,41796832,51439940,88,9917944,,17819804,21388084,19873604,17530124,,12784868,7882780,8106332,13022852,,14421348,11178792,11210324,14629476,,12,52,12,12,,1689688,3352448,3193780,1682028
10294,2,2042,915,0,1127,0,76559992,41817204,51462412,88,9920068,,17852208,21341384,19906412,17459988,,12744548,7918516,8068576,13085564,,14381324,11215024,11173668,14692396,,12,52,12,12,,1690004,3352944,3194876,1682244
10301,1,2043,915,0,1128,0,76556664,41834676,51482968,88,9923136,,17787156,21368196,19946156,17455156,,12804832,7912932,8019528,13097384,,14442080,11210932,11125480,14704476,,12,52,12,12,,1690448,3354440,3195756,1682492
10308,2,2044,915,0,1129,0,76631740,41763340,51414404,88,9925896,,17826932,21364408,19945684,17494716,,12766596,7902936,8017048,13076760,,14404236,11202144,11123932,14684092,,12,52,12,12,,1690844,3355660,3196660,1682732
10314,2,2045,915,0,1130,0,76675104,41751352,51405072,88,9928540,,17769712,21429544,19935252,17540596,,12824688,7859352,8044032,13023280,,14462672,11159428,11152172,14630800,,12,52,12,12,,1691176,3356512,3197924,1682928
10321,2,2046,915,0,1131,0,76659064,41690464,51346808,88,9931148,,17843732,21327632,19955888,17531812,,12767136,7904244,8011652,13007432,,14405480,11205308,11120800,14615220,,12,52,12,12,,1691540,3357496,3198924,1683188
10328,1,2047,915,0,1132,0,76564352,41818296,51476900,88,9933416,,17779860,21345620,19980220,17458652,,12825976,7933248,7971464,13087608,,14464700,11235084,11081484,14695632,,12,52,12,12,,1691920,3358260,3199808,1683428
10334,2,2048,915,0,1133,0,76663628,41758228,51419808,88,9936376,,17779900,21398516,20022752,17462460,,12828872,7873604,7958736,13097016,,14467984,11176796,11069788,14705240,,12,52,12,12,,1692308,3359616,3200832,1683620
10341,2,2049,915,0,1134,0,76617828,41763768,51428172,88,9939200,,17782536,21397756,19942696,17494840,,12802724,7865432,8039528,13056084,,14442276,11169616,11151804,14664476,,12,52,12,12,,1692752,3360600,3202052,1683796
10347,2,2050,915,0,1135,0,76593720,41765432,51432324,88,9941688,,17796596,21349288,19910544,17537292,,12802904,7920484,8038716,13003328,,14442808,11225604,11151960,14611952,,12,52,12,12,,1693104,3361556,3203012,1684016
10354,2,2051,915,0,1136,0,76547820,41781860,51450924,88,9943884,,17772304,21347256,19954908,17473352,,12804976,7902672,8014800,13059412,,14445168,11208496,11129004,14668256,,12,52,12,12,,1693412,3362248,3203976,1684248
10361,2,2052,915,0,1137,0,76581032,41804916,51476840,88,9946732,,17763280,21370820,19972800,17474132,,12836452,7885228,7993192,13090044,,14477056,11192432,11108224,14699128,,12,52,12,12,,1693808,3363624,3204812,1684488
10367,2,2053,915,0,1138,0,76654452,41709380,51383524,88,9948952,,17798656,21381772,19986164,17487860,,12795600,7868168,7969492,13076120,,14436504,11176264,11085340,14685416,,12,52,12,12,,1694100,3364508,3205636,1684708
10373,1,2054,915,0,1139,0,76662304,41723672,51400076,88,9951172,,17764628,21420604,19947428,17529644,,12819160,7851456,8022640,13030416,,14460300,11160448,11139344,14639984,,12,52,12,12,,1694340,3365392,3206476,1684964
10379,1,2055,915,0,1140,0,76552848,41825640,51504444,88,9953580,,17802704,21346528,19870408,17533208,,12789144,7922564,8078512,13035420,,14430632,11232468,11196176,14645168,,12,52,12,12,,1694700,3366304,3207444,1685132
10385,1,2056,915,0,1141,0,76498592,41832420,51513644,88,9956024,,17771632,21340892,19906140,17479928,,12818260,7917568,8036188,13060404,,14460064,11228184,11155060,14670336,,12,52,12,12,,1695008,3367016,3208672,1685328
10391,2,2057,915,0,1142,0,76525816,41823836,51507944,88,9958860,,17779600,21370004,19919500,17456712,,12802184,7877516,8045672,13098464,,14444472,11189144,11165620,14708708,,12,52,12,12,,1695492,3368000,3209724,1685644
10398,2,2058,915,0,1143,0,76604496,41760704,51448020,88,9962052,,17809472,21419044,19885220,17490760,,12795872,7821672,8077516,13065644,,14438564,11134704,11198616,14676136,,12,52,12,12,,1695880,3369392,3210888,1685892
10406,1,2059,915,0,1144,0,76534980,41786320,51475692,88,9964116,,17778812,21391588,19878952,17485628,,12791200,7853956,8066228,13074936,,14434244,11167640,11188132,14685676,,12,52,12,12,,1696220,3370076,3211680,1686140
10412,2,2060,915,0,1145,0,76476680,41866116,51557808,88,9966492,,17835808,21291676,19891996,17457200,,12757980,7964852,8041612,13101672,,14401424,11279448,11164176,14712760,,12,52,12,12,,1696632,3371004,3212368,1686488
10419,1,2061,915,0,1146,0,76469832,41897688,51591900,88,9968928,,17776480,21301808,19927212,17464332,,12820160,7953520,8035296,13088712,,14463868,11269340,11158700,14699992,,12,52,12,12,,1696888,3372176,3213180,1686684
10424,2,2062,915,0,1147,0,76480032,41869336,51566124,88,9971496,,17804560,21323944,19889300,17462228,,12792348,7920912,8071476,13084600,,14436396,11237828,11195840,14696060,,12,52,12,12,,1697224,3373268,3214140,1686864
10430,2,2063,915,0,1148,0,76519184,41843712,51543180,88,9974188,,17776376,21340444,19902804,17499560,,12813412,7914828,8057120,13058352,,14457844,11232644,11182628,14670064,,12,52,12,12,,1697616,3374168,3215288,1687116
10436,2,2064,915,0,1149,0,76504876,41851972,51553308,88,9976060,,17776356,21291908,19897956,17538656,,12829576,7954828,8050848,13016720,,14474348,11273188,11177108,14628664,,12,52,12,12,,1697944,3374740,3216024,1687352
10442,2,2065,915,0,1149,0,76550136,41761432,51465256,88,9978560,,17830564,21304176,19940472,17474924,,12770320,7935220,7997004,13058888,,14415416,11254556,11124200,14671084,,12,52,12,12,,1698284,3375700,3216984,1687592
10448,2,2066,915,0,1151,0,76524420,41805792,51511768,88,9980652,,17803488,21309564,19940340,17471028,,12788128,7954644,7994812,13068208,,14433580,11274720,11122856,14680612,,12,52,12,12,,1698604,3376428,3217824,1687796
10454,2,2067,915,0,1152,0,76513416,41819584,51528412,88,9983508,,17799788,21307048,19947672,17458908,,12776336,7954224,8011928,13077096,,14422136,11275548,11140948,14689780,,12,52,12,12,,1698944,3377684,3218804,1688076
10461,2,2068,915,0,1153,0,76520468,41804244,51515928,88,9986380,,17794844,21338700,19884628,17502296,,12790328,7910048,8053496,13050372,,14436464,11232424,11183700,14663340,,12,52,12,12,,1699280,3378748,3219988,1688364
10468,2,2069,915,0,1154,0,76489552,41831924,51546072,88,9988864,,17810700,21282672,19893780,17502400,,12773980,7960896,8060772,13036276,,14420568,11284184,11191820,14649500,,12,52,12,12,,1699732,3379644,3220860,1688628
10475,1,2070,915,0,1155,0,76460200,41841700,51558160,88,9991096,,17785284,21284704,19928800,17461412,,12799524,7960520,8020672,13060984,,14446432,11284484,11152808,14674436,,12,52,12,12,,1700048,3380320,3221904,1688824
10481,2,2071,915,0,1156,0,76492936,41800196,51519724,88,9994180,,17792416,21321816,19919496,17459208,,12792584,7921068,8002832,13083712,,14439916,11246452,11135956,14697400,,12,52,12,12,,1700472,3381740,3222900,1689068
10488,1,2072,915,0,1157,0,76567448,41756168,51478128,88,9996656,,17823708,21350136,19910360,17483244,,12760676,7894232,8028480,13072780,,14408356,11220772,11162340,14686660,,12,52,12,12,,1700832,3382928,3223644,1689252
10493,2,2073,915,0,1157,0,76548368,41731956,51456112,88,9998780,,17776912,21355084,19940944,17475428,,12797320,7893984,7972836,13067816,,14445292,11221252,11107544,14682024,,12,52,12,12,,1701108,3383616,3224468,1689588
10500,2,2074,915,0,1159,0,76537232,41786024,51513088,88,10001724,,17819284,21287852,19915012,17515084,,12767224,7954636,8022836,13041328,,14415636,11282776,11158924,14655752,,12,52,12,12,,1701556,3384496,3225864,1689808
10506,2,2075,915,0,1160,0,76477972,41853228,51582636,88,10004088,,17783808,21286468,19936668,17471028,,12811752,7959220,8015916,13066340,,14460436,11288308,11152888,14681004,,12,52,12,12,,1701832,3385448,3226752,1690056
10513,2,2076,915,0,1161,0,76518944,41697432,51561980,88,10138948,,17785932,21328224,19945600,17459188,,12818276,7783132,8010548,13085476,,14467412,11245772,11148456,14700340,,12,52,12,12,,1702264,3518740,3227680,1690264
10519,2,2077,915,0,1162,0,76530020,41545912,51484356,88,10212604,,17782492,21355704,19906236,17485588,,12802360,7664064,8028464,13051024,,14451872,11198888,11167436,14666160,,12,52,12,12,,1702628,3590708,3228748,1690520
10525,2,2078,915,0,1163,0,76529832,41700152,51536376,88,10110372,,17798372,21338028,19916472,17476960,,12797120,7806512,8033520,13063000,,14446996,11237628,11173372,14678380,,12,52,12,12,,1702976,3486996,3229640,1690760
10531,2,2079,915,0,1164,0,76486112,41726376,51602344,88,10150080,,17797144,21341992,19831880,17515096,,12794892,7778884,8122008,13030592,,14445136,11248460,11262552,14646196,,12,52,12,12,,1703344,3525440,3230308,1690988
10537,2,2080,915,0,1165,0,76466804,42146416,51561980,88,9689408,,17781716,21340780,19882268,17462040,,12799636,8231372,8054956,13060452,,14450204,11239176,11196336,14676264,,12,52,12,12,,1703712,3063332,3231148,1691216
10543,2,2081,915,0,1166,0,76490644,42110636,51528812,88,9692000,,17782644,21430112,19829040,17448848,,12798392,8128308,8105408,13078528,,14449304,11137100,11247784,14694624,,12,52,12,12,,1704032,3064332,3232152,1691484
10550,2,2082,914,0,1168,1,76591272,42050616,51471752,88,9694948,,17788928,21495140,19812596,17494608,,12798684,8075420,8124904,13051608,,14450052,11085164,11268572,14667964,,12,52,12,12,,1704500,3065284,3233408,1691756
10556,2,2083,914,0,1169,1,76578252,42030040,51453388,88,9697148,,17802816,21468896,19824712,17481828,,12781204,8088408,8105200,13055228,,14433044,11098800,11249676,14671868,,12,52,12,12,,1704948,3065940,3234224,1692036
10563,2,2084,914,0,1170,1,76679772,41968820,51395176,88,9700140,,17875216,21463980,19875540,17465036,,12712548,8107168,8064616,13084488,,14364764,11118544,11210512,14701356,,12,52,12,12,,1705328,3066904,3235656,1692252
10570,2,2085,914,0,1171,1,76610352,41998008,51427360,88,9703144,,17798816,21489736,19865688,17456112,,12783100,8056216,8066080,13092612,,14435728,11068740,11213100,14709792,,12,52,12,12,,1705744,3068052,3236796,1692552
10577,2,2086,914,0,1172,1,76591172,42032620,51463280,88,9705296,,17817400,21461308,19833136,17479328,,12762120,8104076,8093272,13073152,,14415156,11116496,11241048,14690580,,12,52,12,12,,1706144,3068772,3237572,1692808
10584,2,2087,914,0,1173,0,76605284,42026892,51461708,88,9708744,,17794656,21417636,19882724,17510268,,12785036,8140720,8061472,13039664,,14438532,11155316,11210488,14657372,,12,52,12,12,,1706608,3070256,3238796,1693084
10591,1,2088,915,0,1173,0,76456256,42163892,51597040,88,9710796,,17831592,21218520,19891016,17515128,,12760848,8336568,8039716,13026760,,14414600,11352448,11189384,14640608,,12,52,12,12,,1706876,3071144,3239440,1693336
10597,1,2089,915,0,1174,0,76407784,42132728,51568132,88,9713028,,17784216,21234264,19921412,17467892,,12778740,8312292,7988312,13053384,,14432804,11329140,11138768,14667420,,12,52,12,12,,1707180,3072108,3240224,1693516
10602,2,2090,915,0,1175,0,76538292,42052740,51491824,88,9716724,,17786752,21358520,19929872,17463148,,12793068,8192528,7984804,13082340,,14447488,11211504,11136228,14696604,,12,52,12,12,,1707528,3074260,3241184,1693752
10608,2,2091,915,0,1176,0,76627452,41956128,51397712,88,9719252,,17858752,21379080,19905624,17483996,,12722872,8180188,7996268,13056800,,14377596,11200468,11148356,14671292,,12,52,12,12,,1707832,3075572,3241884,1693964
10614,2,2092,915,0,1177,0,76569468,42029204,51473308,88,9721764,,17781992,21366056,19896348,17525072,,12793572,8189296,8027308,13019028,,14448692,11210248,11180644,14633724,,12,52,12,12,,1708232,3076256,3243096,1694180
10621,2,2093,915,0,1178,0,76588088,41987652,51434212,88,9724220,,17850004,21313460,19907780,17516844,,12726988,8241016,8005012,13014636,,14382484,11262776,11159384,14629568,,12,52,12,12,,1708596,3077084,3244128,1694412
10627,2,2094,915,0,1179,0,76505328,42018908,51467704,88,9726460,,17783628,21319112,19947224,17455364,,12767340,8241736,7961420,13048412,,14423200,11264480,11116512,14663512,,12,52,12,12,,1708956,3078072,3244848,1694584
10633,2,2095,915,0,1180,0,76575744,41992592,51443900,88,9728956,,17804764,21358744,19951760,17460476,,12771856,8193520,7957976,13069240,,14428000,11217328,11114016,14684556,,12,52,12,12,,1709244,3079128,3245792,1694792
10639,2,2096,915,0,1181,0,76576104,42003760,51457364,88,9731276,,17808248,21376444,19901460,17489952,,12763540,8183856,8011060,13045304,,14420012,11208592,11167868,14660892,,12,52,12,12,,1709580,3080052,3246568,1695076
10645,1,2097,915,0,1182,0,76576544,42026880,51482620,88,9733292,,17786144,21344548,19908392,17537460,,12794216,8204140,8018504,13010020,,14450992,11229288,11176540,14625800,,12,52,12,12,,1709880,3080364,3247800,1695248
10651,2,2098,915,0,1183,0,76634664,41947264,51405024,88,9735380,,17861088,21356356,19928340,17488880,,12720268,8216492,7981392,13029112,,14377368,11242596,11140016,14645044,,12,52,12,12,,1710212,3081344,3248408,1695416
10657,2,2099,915,0,1184,0,76582196,42028020,51488532,88,9738072,,17791704,21365916,19967440,17457136,,12786640,8203864,7946372,13091144,,14444076,11231160,11105940,14707356,,12,52,12,12,,1710536,3082508,3249340,1695688
10664,1,2100,915,0,1185,0,76560472,42029816,51492940,88,9740696,,17799956,21325060,19980976,17454480,,12770528,8222856,7949132,13087300,,14428256,11251260,11109720,14703704,,12,52,12,12,,1710840,3083624,3250348,1695884
10670,1,2101,915,0,1186,0,76650056,41915080,51380564,88,9743104,,17846772,21330784,19979484,17493016,,12716632,8218100,7918808,13061540,,14374720,11247324,11080352,14678168,,12,52,12,12,,1711188,3084436,3251380,1696100
10676,2,2102,915,0,1187,0,76551212,42027568,51495268,88,9745296,,17809436,21278676,19968836,17494264,,12761340,8286228,7932416,13047584,,14419780,11316112,11094920,14664456,,12,52,12,12,,1711544,3085124,3252276,1696352
10682,2,2103,915,0,1188,0,76470632,42062920,51537216,88,9751872,,17818284,21288396,19897664,17466288,,12750448,8277596,7999912,13034964,,14409252,11308412,11163344,14656208,,12,52,12,12,,1711896,3086044,3253220,1700712
10688,2,2104,915,0,1189,0,76491540,42058660,51535500,88,9754416,,17783500,21296256,19944612,17467172,,12783016,8250512,7966792,13058340,,14442180,11282124,11131324,14679872,,12,52,12,12,,1712268,3086832,3254316,1701000
10695,2,2105,915,0,1190,0,76540716,42058168,51537808,88,9757192,,17818724,21291036,19947420,17483536,,12762832,8269056,7965920,13060360,,14422404,11301948,11131356,14682100,,12,52,12,12,,1712676,3088108,3255200,1701208
10702,2,2106,915,0,1191,0,76528160,42006528,51489020,88,9760040,,17761444,21339196,19898260,17529260,,12795048,8202676,7983828,13024976,,14454996,11236616,11150472,14646936,,12,52,12,12,,1713048,3089172,3256396,1701424
10708,2,2107,915,0,1192,0,76522272,42057152,51541940,88,9762324,,17816332,21297840,19887520,17520580,,12756956,8261560,8022712,13015924,,14417304,11296424,11190064,14638148,,12,52,12,12,,1713456,3090076,3257124,1701668
10715,2,2108,915,0,1193,0,76454772,42081996,51571244,88,9766752,,17779136,21279636,19920568,17475432,,12775760,8266396,7985532,13054308,,14436516,11301928,11156008,14676792,,12,52,12,12,,1713864,3090748,3260232,1701908
10721,2,2109,915,0,1194,0,76549184,42013412,51505484,88,9769564,,17800964,21312544,19961892,17473784,,12763040,8244792,7940452,13065128,,14424156,11281664,11111884,14687780,,12,52,12,12,,1714216,3092084,3261180,1702084
10727,2,2110,915,0,1195,0,76574264,41984004,51478364,88,9771868,,17816152,21305884,19968560,17483668,,12745292,8251092,7929800,13057820,,14406808,11288836,11101944,14680776,,12,52,12,12,,1714608,3092968,3261916,1702376
10734,2,2111,915,0,1196,0,76479264,42060164,51557632,88,9774972,,17798828,21232108,19906936,17541392,,12756260,8306676,7989956,13007272,,14418148,11345588,11163404,14630492,,12,52,12,12,,1714984,3094124,3263208,1702656
10741,2,2112,915,0,1197,0,76484516,42055604,51555556,88,9777440,,17850632,21224436,19929320,17480128,,12719580,8310096,7977384,13048544,,14381876,11349780,11151828,14672072,,12,52,12,12,,1715392,3094912,3264200,1702936
10748,2,2113,915,0,1198,0,76445100,42095604,51598420,88,9780276,,17783432,21253144,19942660,17465864,,12763672,8288736,7965992,13077204,,14426424,11329368,11141616,14701012,,12,52,12,12,,1715844,3095836,3265384,1703212
10754,2,2114,915,0,1199,0,76479720,42055764,51561012,88,9782732,,17791360,21248652,19976376,17463332,,12775700,8288112,7928564,13063388,,14438796,11329952,11104868,14687396,,12,52,12,12,,1716180,3097064,3266068,1703420
10761,2,2115,915,0,1200,0,76487092,42049496,51557524,88,9785524,,17791944,21258356,19926116,17510676,,12766324,8266084,7983592,13033496,,14429756,11308920,11161084,14657764,,12,52,12,12,,1716528,3098080,3267244,1703672
10767,2,2116,915,0,1201,0,76445108,42080716,51590684,88,9787428,,17798072,21224124,19935112,17487800,,12782520,8311724,7948780,13037692,,14446348,11355128,11127012,14662196,,12,52,12,12,,1716904,3098616,3267992,1703916
10773,2,2117,915,0,1202,0,76510620,42012472,51525048,88,9790052,,17854284,21230384,19959936,17466016,,12712640,8299712,7945728,13054392,,14376876,11344132,11124892,14679148,,12,52,12,12,,1717312,3099668,3268912,1704160
10780,2,2118,915,0,1203,0,76481832,42039584,51554960,88,9792844,,17799976,21242528,19982228,17457100,,12752104,8302308,7909288,13075884,,14416728,11347676,11089652,14700904,,12,52,12,12,,1717700,3100596,3270120,1704428
10787,2,2119,915,0,1204,0,76604740,41936700,51454864,88,9795624,,17830568,21308208,19978484,17487480,,12733108,8236612,7907308,13059672,,14398148,11283408,11088440,14684868,,12,52,12,12,,1718108,3102020,3270896,1704600
10794,1,2120,915,0,1205,0,76679592,41847184,51368372,88,9798676,,17793680,21319884,20027648,17538380,,12757236,8207612,7877772,13004564,,14422668,11255468,11060148,14630088,,12,52,12,12,,1718512,3103080,3272152,1704932
10800,2,2121,915,0,1206,0,76517716,42009412,51533256,88,9801300,,17822992,21252124,19991424,17451176,,12741500,8287736,7899932,13080244,,14407404,11336556,11083316,14705980,,12,52,12,12,,1718976,3104044,3273144,1705136
10807,1,2122,915,0,1207,0,76518884,41991228,51516780,88,9803020,,17795768,21240556,20021772,17460788,,12751588,8304116,7866500,13069024,,14417736,11353448,11050632,14694964,,12,52,12,12,,1719232,3104544,3273896,1705348
10813,2,2123,915,0,1208,0,76586228,41947812,51476588,88,9806240,,17810448,21283348,20042268,17450164,,12751484,8259600,7850536,13086192,,14418064,11310380,11035732,14712412,,12,52,12,12,,1719656,3105996,3274956,1705632
10820,1,2124,915,0,1209,0,76594860,41944044,51475552,88,9808984,,17816560,21310752,19981680,17485868,,12757352,8220864,7904616,13061212,,14424340,11272548,11090992,14687672,,12,52,12,12,,1720064,3106896,3276152,1705872
10826,2,2125,915,0,1210,0,76605076,41914992,51448488,88,9811024,,17802508,21312204,19976528,17513836,,12756348,8232896,7899000,13026748,,14423672,11285216,11086164,14653436,,12,52,12,12,,1720396,3107564,3276968,1706096
10833,2,2126,915,0,1211,0,76575076,41912400,51448896,88,9813948,,17860644,21263532,19995544,17455356,,12696776,8271992,7880276,13063356,,14364540,11325444,11068548,14690364,,12,52,12,12,,1720832,3108664,3278028,1706424
10840,2,2127,915,0,1212,0,76547096,41955144,51494564,88,9816888,,17786816,21283892,20030972,17445416,,12757868,8244056,7863996,13089224,,14426036,11298652,11053392,14716484,,12,52,12,12,,1721236,3109808,3279164,1706680
10847,2,2128,915,0,1213,0,76657316,41874640,51416708,88,9819540,,17805772,21339164,20044564,17467816,,12760776,8187772,7847024,13079068,,14429380,11243664,11037092,14706572,,12,52,12,12,,1721680,3111124,3279824,1706912
10853,2,2129,915,0,1214,0,76587804,41879472,51424360,88,9822368,,17818136,21313420,19990968,17465280,,12724356,8202880,7894228,13058008,,14393308,11259784,11085520,14685748,,12,52,12,12,,1722024,3112120,3281072,1707152
10860,2,2130,915,0,1215,0,76517804,41966792,51514248,88,9824920,,17801520,21259992,19976560,17479732,,12763700,8263180,7889792,13050120,,14433100,11320928,11082168,14678052,,12,52,12,12,,1722472,3112968,3282132,1707348
10866,2,2131,915,0,1216,0,76551660,41952024,51501804,88,9827248,,17789024,21265216,20057648,17439772,,12767612,8260464,7840428,13083520,,14437340,11319156,11033624,14711684,,12,52,12,12,,1722800,3113916,3282952,1707580
10873,2,2132,915,0,1217,0,76579080,41909752,51462272,88,9829996,,17775964,21333440,20020996,17448680,,12777556,8186300,7868788,13077108,,14447632,11246008,11063104,14705528,,12,52,12,12,,1723148,3114944,3284076,1707828
10880,2,2133,915,0,1218,0,76649896,41849996,51405260,88,9832720,,17834164,21341968,19985532,17488232,,12719648,8186212,7890568,13053568,,14390056,11247016,11085984,14682204,,12,52,12,12,,1723488,3116012,3285180,1708040
10886,2,2134,915,0,1219,0,76680952,41804324,51361596,88,9834700,,17796072,21271928,20126460,17486492,,12760756,8251280,7753372,13038916,,14431556,11312644,10949612,14667784,,12,52,12,12,,1723856,3116572,3285996,1708276
10892,2,2135,915,0,1220,0,76635892,41855368,51414888,88,9836992,,17772744,21207808,20192260,17463080,,12792292,8315664,7702204,13045208,,14463480,11378020,10899044,14674344,,12,52,12,12,,1724248,3117592,3286600,1708552
10900,2,2136,915,0,1221,0,76515572,41911032,51469612,88,9840128,,17785840,21244524,20024920,17460288,,12754920,8275944,7827744,13052424,,14426512,11339472,11025892,14677736,,12,52,12,12,,1724648,3118740,3287924,1708816
10906,2,2137,915,0,1222,0,76544004,41926500,51487452,88,9842532,,17803168,21230000,20035984,17474852,,12741084,8294784,7848580,13042052,,14413004,11359548,11047352,14667548,,12,52,12,12,,1724976,3120020,3288540,1708996
10912,2,2138,915,0,1223,0,76584660,41924888,51488412,88,9845100,,17809316,21274732,19975908,17524704,,12745288,8257048,7896720,13025832,,14417480,11322844,11096584,14651504,,12,52,12,12,,1725252,3121052,3289624,1709172
10918,2,2139,915,0,1224,0,76496664,42002196,51568216,88,9847580,,17800564,21212280,19958536,17525284,,12763628,8304676,7909900,13023992,,14436196,11371388,11110712,14649920,,12,52,12,12,,1725620,3121956,3290576,1709428
10925,2,2140,915,0,1225,0,76471588,41997000,51565604,88,9850216,,17786036,21226948,19993604,17465000,,12766564,8300332,7878108,13051996,,14439528,11367752,11080164,14678160,,12,52,12,12,,1726052,3122684,3291812,1709668
10931,2,2141,915,0,1226,0,76576532,41937688,51508944,88,9852820,,17802804,21272480,20033116,17468132,,12760376,8263540,7845716,13068056,,14433764,11331992,11048772,14694416,,12,52,12,12,,1726452,3123704,3292808,1709856
10938,2,2142,915,0,1227,0,76735048,41764548,51342672,88,9859696,,17834452,21350668,20059544,17490384,,12727688,8187824,7803660,13045376,,14401472,11257564,11011620,14672016,,12,52,12,12,,1726840,3124984,3297724,1710148
10944,2,2143,915,0,1228,0,76651252,41828452,51408836,88,9861956,,17810008,21305176,20061844,17474224,,12735872,8236092,7806532,13049956,,14409944,11306428,11015648,14676816,,12,52,12,12,,1727128,3125584,3298880,1710364
10950,2,2144,915,0,1229,0,76730960,41773272,51355640,88,9863956,,17841280,21312768,20054080,17522832,,12719432,8230732,7812860,13010248,,14393868,11301868,11022568,14637336,,12,52,12,12,,1727500,3126376,3299492,1710588
10956,2,2145,915,0,1230,0,76761448,41662200,51247412,88,9866796,,17798584,21332688,20161220,17468956,,12728196,8194396,7697968,13041640,,14403060,11266856,10908512,14668984,,12,52,12,12,,1727920,3127712,3300312,1710852
10963,2,2146,915,0,1231,0,76759992,41687612,51279164,88,9873140,,17775312,21359252,20165968,17459460,,12772796,8155080,7696056,13063680,,14448000,11232336,10907596,14691232,,12,52,12,12,,1728256,3132512,3301308,1711064
10969,1,2147,915,0,1232,0,76774060,41720128,51314144,88,9875608,,17835612,21363720,20082972,17491756,,12720692,8159332,7781452,13058652,,14396204,11237832,10993648,14686460,,12,52,12,12,,1728560,3133744,3301992,1711312
10975,2,2148,915,0,1233,0,76789876,41677996,51276956,88,9880260,,17796252,21439716,20061708,17492200,,12748772,8084704,7801380,13043140,,14424652,11163888,11015120,14673296,,12,52,12,12,,1728948,3134452,3303192,1713668
10982,2,2149,915,0,1234,0,76772140,41659208,51260412,88,9882760,,17818648,21397620,20094756,17461116,,12732572,8113608,7758600,13054428,,14408764,11193820,10973084,14684744,,12,52,12,12,,1729248,3135452,3304232,1713828
10988,2,2150,915,0,1235,0,76813264,41649712,51252976,88,9884824,,17782968,21413604,20153072,17463620,,12760584,8118792,7715852,13054484,,14437116,11199696,10931152,14685012,,12,52,12,12,,1729588,3136144,3305060,1714032
10994,2,2151,915,0,1236,0,76907628,41550692,51156572,88,9887444,,17789256,21492684,20173776,17451912,,12764532,8034948,7690760,13060452,,14441352,11116996,10906996,14691228,,12,52,12,12,,1729884,3137284,3305992,1714284
11000,2,2152,915,0,1237,0,76937228,41529844,51138432,88,9890156,,17806024,21525600,20099032,17506572,,12720148,8013504,7759620,13036572,,14397336,11096452,10977016,14667628,,12,52,12,12,,1730244,3138196,3307160,1714556
11007,1,2153,915,0,1238,0,76951352,41490320,51100864,88,9892084,,17805692,21556572,20082488,17506600,,12726920,7965424,7769892,13028084,,14404472,11048964,10988072,14659356,,12,52,12,12,,1730604,3138780,3307928,1714772
11013,1,2154,915,0,1239,0,76730696,41729936,51342616,88,9894220,,17775496,21489532,19993668,17472000,,12764620,8038028,7881840,13045448,,14442496,11122500,11100712,14676908,,12,52,12,12,,1730928,3139716,3308620,1714956
11019,1,2155,915,0,1240,0,76805412,41644824,51260368,88,9897124,,17793384,21527968,20029364,17454696,,12759616,7994420,7824032,13066756,,14437824,11080024,11044044,14698476,,12,52,12,12,,1731256,3140852,3309784,1715232
11024,2,2156,915,0,1241,0,76844060,41627656,51245744,88,9899636,,17791932,21534508,20049560,17468060,,12762848,7990836,7804528,13069444,,14441436,11077700,11025152,14701456,,12,52,12,12,,1731636,3142108,3310372,1715520
11032,2,2157,915,0,1242,0,76905692,41574792,51195772,88,9902576,,17821616,21534912,20062288,17486876,,12735340,7988712,7798196,13052544,,14414324,11076556,11020080,14684812,,12,52,12,12,,1732076,3143104,3311624,1715772
11038,2,2158,915,0,1243,0,76859872,41606408,51229924,88,9905072,,17824976,21539552,19990316,17505028,,12730388,7973812,7865168,13037040,,14409804,11062604,11087976,14669540,,12,52,12,12,,1732484,3144040,3312544,1716004
11044,2,2159,915,0,1244,0,76838112,41570476,51196660,88,9907724,,17789668,21524440,20057524,17466480,,12751612,7985040,7794076,13039748,,14431356,11074524,11018252,14672528,,12,52,12,12,,1732800,3144720,3313912,1716292
11051,2,2160,915,0,1245,0,76811712,41629576,51258276,88,9910268,,17781280,21546472,20024952,17459008,,12772432,7973556,7836892,13046696,,14452600,11064008,11061976,14679692,,12,52,12,12,,1733228,3145692,3314836,1716512
11057,2,2161,915,0,1246,0,76875328,41543416,51174400,88,9912552,,17831384,21551800,20004704,17487440,,12708572,7967480,7830584,13036780,,14389072,11058860,11056460,14670008,,12,52,12,12,,1733564,3146636,3315616,1716736
11064,1,2162,915,0,1247,0,76739232,41676476,51314552,88,9919652,,17781368,21437016,19986436,17534412,,12741944,8086852,7842568,13005112,,14422888,11179276,11073804,14638584,,12,52,12,12,,1734004,3147692,3320956,1717000
11070,2,2163,915,0,1248,0,76723992,41710940,51351192,88,9921808,,17851564,21404592,20000700,17467136,,12701948,8113716,7853164,13042112,,14383236,11207160,11085016,14675780,,12,52,12,12,,1734344,3148696,3321600,1717168
11077,2,2164,915,0,1249,0,76714840,41697872,51340644,88,9924344,,17796812,21405668,20040972,17471388,,12735048,8110332,7809488,13043004,,14416704,11204900,11042152,14676888,,12,52,12,12,,1734716,3149856,3322384,1717388
11083,1,2165,915,0,1250,0,76854212,41541004,51190664,88,9931212,,17817140,21529240,20047724,17460108,,12724864,7978640,7780040,13057460,,14406964,11078356,11013728,14691616,,12,52,12,12,,1735156,3154968,3323416,1717672
11090,2,2166,915,0,1251,0,76826588,41596476,51248732,88,9933812,,17875092,21490100,19968816,17492580,,12672524,8008096,7877352,13038504,,14354920,11108888,11112064,14672860,,12,52,12,12,,1735456,3156036,3324444,1717876
11096,1,2167,915,0,1252,0,76804592,41630636,51285068,88,9935976,,17813888,21481468,19977636,17531600,,12731996,8035544,7864096,12999000,,14414712,11136948,11099724,14633684,,12,52,12,12,,1735784,3156648,3325360,1718184
11102,2,2168,915,0,1253,0,76741376,41675892,51333020,88,9938688,,17774588,21502296,19993708,17470784,,12758448,8012440,7858704,13046300,,14441500,11114852,11095404,14681264,,12,52,12,12,,1736116,3157660,3326444,1718468
11109,2,2169,915,0,1254,0,76797136,41632140,51291748,88,9941152,,17778228,21524752,20039456,17454700,,12769288,7995516,7799980,13067356,,14452652,11098680,11037924,14702492,,12,52,12,12,,1736408,3158400,3327696,1718648
11115,2,2170,915,0,1255,0,76923052,41481524,51143572,88,9943540,,17799816,21556356,20074900,17491980,,12737916,7936904,7768600,13038104,,14421676,11041228,11007192,14673476,,12,52,12,12,,1736792,3159568,3328304,1718876
11122,2,2171,915,0,1256,0,76906504,41525752,51190524,88,9946360,,17823168,21549748,19999584,17534004,,12715768,7944576,7858932,13006476,,14399824,11049840,11098756,14642104,,12,52,12,12,,1737124,3160560,3329544,1719132
11128,2,2172,915,0,1257,0,76879544,41527900,51194964,88,9948604,,17819484,21514176,19997304,17548580,,12732880,7970448,7837732,12986840,,14417316,11076652,11078336,14622660,,12,52,12,12,,1737488,3161468,3330324,1719324
11134,2,2173,915,0,1258,0,76806140,41570888,51240092,88,9950768,,17786424,21521268,20027124,17471324,,12740752,7986204,7802196,13041736,,14425496,11093044,11043784,14677768,,12,52,12,12,,1737800,3162088,3331332,1719548
11140,2,2174,915,0,1259,0,76829728,41554088,51225684,88,9953132,,17769692,21531896,20058652,17469488,,12760832,7976148,7765812,13051296,,14445900,11083968,11008324,14687492,,12,52,12,12,,1738116,3163072,3332240,1719704
11146,2,2175,915,0,1260,0,76773836,41667332,51341304,88,9955508,,17819608,21469020,19997844,17487364,,12728608,8048420,7842940,13047364,,14414004,11157416,11086056,14683828,,12,52,12,12,,1738436,3164232,3332872,1719968
11153,2,2176,915,0,1261,0,76787376,41602436,51279832,88,9958896,,17787652,21476616,19996332,17526776,,12734924,8039132,7828704,12999676,,14420780,11149272,11073468,14636312,,12,52,12,12,,1738900,3165384,3334480,1720132
11160,2,2177,915,0,1262,0,76723824,41667840,51347704,88,9961376,,17811360,21434308,20013168,17464988,,12730172,8070596,7809272,13057800,,14416352,11181592,11055068,14694692,,12,52,12,12,,1739228,3166232,3335520,1720396
11166,2,2178,915,0,1263,0,76832712,41544504,51226288,88,9963320,,17791132,21422596,20154848,17464136,,12749232,8064876,7670436,13059960,,14435736,11176476,10917024,14697052,,12,52,12,12,,1739580,3166836,3336308,1720596
11173,2,2179,915,0,1264,0,76814224,41565016,51249988,88,9966484,,17778700,21476056,20085768,17473700,,12740736,8026120,7746960,13051200,,14427632,11139152,10994612,14688592,,12,52,12,12,,1739952,3168268,3337376,1720888
11179,2,2180,915,0,1265,0,76804860,41585828,51273292,88,9968988,,17835168,21385900,20083304,17500488,,12700752,8103600,7753724,13027752,,14388024,11217528,11002412,14665328,,12,52,12,12,,1740328,3169168,3338412,1721080
11186,1,2181,915,0,1266,0,76674920,41715704,51405248,88,9971056,,17795332,21311436,20068884,17499268,,12746424,8185708,7755932,13027640,,14434032,11300292,11005504,14665420,,12,52,12,12,,1740660,3169816,3339300,1721280
11192,2,2182,915,0,1267,0,76686468,41687236,51378976,88,9973264,,17792128,21320236,20099296,17474808,,12736120,8176296,7745388,13029432,,14424068,11291872,10995612,14667424,,12,52,12,12,,1741012,3170808,3339948,1721496
11198,2,2183,915,0,1268,0,76741304,41619120,51313884,88,9976340,,17786088,21335504,20160664,17459048,,12749572,8165068,7665868,13038612,,14437880,11281828,10917312,14676864,,12,52,12,12,,1741372,3171992,3341216,1721760
11204,2,2184,915,0,1269,0,76811212,41555952,51253268,88,9978840,,17795260,21437156,20111284,17467512,,12741664,8065376,7700912,13048000,,14430296,11183380,10953116,14686476,,12,52,12,12,,1741688,3173236,3341928,1721988
11211,2,2185,915,0,1270,0,76796804,41577156,51276992,88,9981392,,17837992,21373444,20079556,17505812,,12690216,8117480,7742208,13027252,,14379208,11236368,10995464,14665952,,12,52,12,12,,1742044,3174160,3342988,1722200
11217,2,2186,915,0,1271,0,76783384,41607228,51309132,88,9983440,,17815296,21340252,20084672,17543164,,12720048,8156148,7747016,12984016,,14409332,11275752,11001064,14622984,,12,52,12,12,,1742336,3174840,3343792,1722472
11224,2,2187,915,0,1272,0,76737048,41586532,51291496,88,9986508,,17787720,21346784,20116504,17486040,,12722064,8131104,7698428,13034936,,14411780,11251736,10953928,14674052,,12,52,12,12,,1742768,3175900,3345212,1722628
11230,2,2188,915,0,1273,0,76805156,41576092,51283592,88,9989024,,17785100,21364864,20168304,17486888,,12761808,8126872,7645804,13041608,,14451884,11248452,10902208,14681048,,12,52,12,12,,1743120,3176820,3346144,1722940
11237,1,2189,915,0,1274,0,76939488,41427936,51137556,88,9991160,,17830564,21533620,20075984,17499320,,12712040,7969872,7716864,13029160,,14402432,11092460,10973856,14668808,,12,52,12,12,,1743448,3177836,3346732,1723144
11243,1,2190,915,0,1275,0,76985916,41385724,51097896,88,9993676,,17810232,21538268,20087140,17550276,,12736560,7947372,7710096,12991696,,14427212,11070924,10968208,14631552,,12,52,12,12,,1743688,3178796,3347832,1723360
11248,2,2191,915,0,1276,0,76874104,41510496,51224992,88,9996016,,17836032,21458812,20050908,17528352,,12705620,8022684,7772192,13010000,,14396588,11147160,11031128,14650116,,12,52,12,12,,1744024,3179708,3348660,1723624
11255,2,2192,915,0,1277,0,76858852,41474008,51191308,88,9998816,,17773156,21467728,20106384,17511584,,12761524,8008620,7698164,13005700,,14452892,11134188,10958164,14646064,,12,52,12,12,,1744408,3180824,3349716,1723868
11262,2,2193,915,0,1278,0,76847252,41507744,51227600,88,10001356,,17776916,21506040,20093536,17470760,,12746208,7975260,7735252,13051024,,14437868,11101832,10996240,14691660,,12,52,12,12,,1744708,3181808,3350696,1724144
11269,1,2194,915,0,1279,0,76920496,41451444,51174060,88,10004112,,17824084,21518096,20072316,17506000,,12716144,7979812,7729352,13026136,,14408260,11107724,10991132,14666944,,12,52,12,12,,1745160,3183148,3351492,1724312
11275,1,2195,915,0,1280,0,76903308,41417364,51142404,88,10006540,,17802664,21466044,20099508,17535092,,12710456,8003552,7712236,12991120,,14402920,11132108,10975256,14632120,,12,52,12,12,,1745512,3183792,3352732,1724504
11281,2,2196,915,0,1281,0,76890352,41473556,51201348,88,10009296,,17812464,21468688,20069000,17540200,,12728132,8010264,7757664,12977496,,14420952,11139824,11021744,14618828,,12,52,12,12,,1745864,3184800,3353796,1724836
11287,2,2197,915,0,1282,0,76798320,41524436,51254456,88,10011536,,17778036,21481876,20064852,17473556,,12734412,7998884,7742448,13048692,,14427624,11129208,11007388,14690236,,12,52,12,12,,1746268,3185560,3354656,1725052
11294,2,2198,915,0,1283,0,76924200,41399156,51131976,88,10014324,,17779296,21556564,20113280,17475060,,12747748,7911184,7687280,13052944,,14441400,11042612,10953240,14694724,,12,52,12,12,,1746696,3186680,3355668,1725280
11301,2,2199,915,0,1284,0,76975824,41354824,51090428,88,10017136,,17810252,21579656,20085312,17500604,,12714684,7907564,7717188,13015388,,14408640,11039980,10984360,14657448,,12,52,12,12,,1747020,3187652,3356892,1725572
11307,2,2200,915,0,1285,0,76892420,41431460,51169284,88,10019292,,17797404,21536628,20062888,17495500,,12730524,7931232,7748168,13021536,,14424944,11064380,11016128,14663832,,12,52,12,12,,1747432,3188388,3357668,1725804
11313,2,2201,915,0,1286,0,76945428,41388048,51128424,88,10021836,,17854432,21523396,20088684,17478916,,12668404,7957136,7725828,13036680,,14363184,11091260,10994780,14679200,,12,52,12,12,,1747788,3189356,3358664,1726028
11320,1,2202,915,0,1287,0,76932068,41369740,51112612,88,10024356,,17787132,21549584,20121760,17473592,,12739280,7918624,7682536,13029300,,14434332,11053796,10952404,14672080,,12,52,12,12,,1748076,3190408,3359588,1726284
11326,2,2203,915,0,1288,0,76989460,41364408,51110296,88,10027348,,17822128,21548504,20117812,17501016,,12717120,7933772,7693952,13019564,,14412580,11070312,10964784,14662620,,12,52,12,12,,1748472,3191776,3360540,1726560
11334,2,2204,915,0,1289,0,77021780,41293396,51042248,88,10030376,,17790560,21603952,20085228,17542040,,12727744,7866788,7722728,12976136,,14423700,11004424,10994736,14619388,,12,52,12,12,,1748972,3192908,3361740,1726756
11340,2,2205,915,0,1290,0,76967016,41362180,51113344,88,10032628,,17834196,21560620,20101620,17470580,,12700844,7904236,7694276,13062824,,14397136,11042640,10967300,14706268,,12,52,12,12,,1749312,3193636,3362752,1726928
11346,2,2206,915,0,1291,0,76967828,41346772,51100308,88,10034988,,17784772,21564152,20139716,17479188,,12733148,7908072,7665408,13040144,,14429756,11047420,10939272,14683860,,12,52,12,12,,1749624,3194584,3363576,1727204
11353,2,2207,915,0,1292,0,77087900,41255504,51012120,88,10038080,,17814816,21648232,20145036,17479816,,12705748,7838580,7656264,13054912,,14402864,10979188,10931184,14698884,,12,52,12,12,,1750120,3195848,3364640,1727472
11360,2,2208,915,0,1293,0,77239576,41081416,50840916,88,10040932,,17833640,21775936,20128484,17501516,,12693548,7700568,7664080,13023220,,14390996,10842296,10940224,14667400,,12,52,12,12,,1750448,3196964,3365852,1727668
11366,2,2209,915,0,1294,0,77008448,41307492,51068636,88,10042568,,17782396,21713400,20009968,17502684,,12768644,7723648,7793000,13022200,,14466488,10865760,11069824,14666564,,12,52,12,12,,1750836,3197348,3366528,1727856
11372,2,2210,915,0,1295,0,77115612,41214980,50978196,88,10044648,,17819240,21718144,20033204,17545024,,12716844,7743700,7769784,12984652,,14414996,10886688,11047264,14629248,,12,52,12,12,,1751144,3198228,3367180,1728096
11378,2,2211,915,0,1296,0,77077696,41196116,50961912,88,10047212,,17764312,21733780,20081560,17498044,,12755368,7727084,7710540,13003124,,14453880,10871216,10988832,14647984,,12,52,12,12,,1751492,3199364,3368004,1728352
11384,2,2212,915,0,1297,0,77097044,41221756,50990164,88,10049828,,17790220,21733992,20089312,17483520,,12727720,7733328,7724628,13036080,,14426544,10878604,11003892,14681124,,12,52,12,12,,1751808,3200520,3368976,1728524
11391,1,2213,915,0,1298,0,77069140,41252748,51024104,88,10052792,,17774224,21770628,20007928,17516360,,12751812,7699192,7809672,12992072,,14450956,10845556,11090188,14637404,,12,52,12,12,,1752132,3201608,3370228,1728824
11397,2,2214,915,0,1299,0,77034832,41275700,51049296,88,10055052,,17801740,21698900,20010088,17524104,,12714968,7767348,7787320,13006064,,14414504,10914564,11068612,14651616,,12,52,12,12,,1752544,3202456,3371012,1729040
11404,1,2215,915,0,1300,0,76969108,41355668,51131808,88,10057572,,17782204,21631384,20043976,17511544,,12747200,7843640,7759692,13005136,,14447032,10991544,11042348,14650884,,12,52,12,12,,1752832,3203144,3372376,1729220
11410,2,2216,915,0,1301,0,76966124,41367508,51146608,88,10060524,,17782220,21651372,20057960,17474572,,12749600,7824428,7754492,13038988,,14449892,10973396,11038332,14684988,,12,52,12,12,,1753288,3204216,3373548,1729472
11417,2,2217,915,0,1302,0,76838704,41456720,51238544,88,10063280,,17818956,21691272,19816104,17512372,,12702716,7769192,7970696,13014116,,14403392,10919568,11255264,14660320,,12,52,12,12,,1753668,3205664,3374280,1729668
11424,2,2218,915,0,1303,0,76920204,41414760,51198860,88,10065512,,17803248,21706416,19864484,17546056,,12738848,7764540,7936952,12974420,,14439808,10915520,11222648,14620884,,12,52,12,12,,1753944,3206220,3375416,1729932
11430,2,2219,915,0,1304,0,76799948,41496100,51282388,88,10067712,,17837448,21602976,19867564,17491960,,12701740,7832640,7931460,13030260,,14403116,10984512,11217788,14676972,,12,52,12,12,,1754376,3207112,3376052,1730172
11436,2,2220,915,0,1305,0,76780524,41469580,51258416,88,10070256,,17794496,21517248,19982680,17486100,,12725336,7919756,7800572,13023916,,14427032,11072708,11087764,14670912,,12,52,12,12,,1754684,3208192,3376924,1730456
11443,2,2221,915,0,1306,0,76833172,41398512,51190488,88,10073388,,17781132,21566560,20008648,17476832,,12727560,7880212,7778340,13012400,,14429700,11034608,11066524,14659656,,12,52,12,12,,1755132,3209640,3377892,1730724
11450,2,2222,914,0,1308,1,76751216,41545792,51340684,88,10076288,,17781208,21566788,19896656,17506564,,12756352,7892872,7890536,13006032,,14458896,11048364,11179924,14653500,,12,52,12,12,,1755532,3210728,3379096,1730932
11457,2,2223,914,0,1309,1,76770452,41498436,51295344,88,10078344,,17809616,21523412,19896108,17541316,,12717892,7933944,7879348,12967252,,14420804,11089952,11169608,14614980,,12,52,12,12,,1755904,3211256,3379996,1731188
11463,2,2224,914,0,1310,1,76780344,41472760,51272140,88,10080792,,17858500,21535872,19907420,17478552,,12668260,7914260,7880760,13009480,,14371488,11071144,11172032,14657476,,12,52,12,12,,1756220,3212128,3380988,1731456
11470,2,2225,914,0,1311,1,76731228,41514060,51316216,88,10083544,,17777712,21536484,19945208,17471824,,12727232,7920036,7823656,13043136,,14430860,11077740,11116232,14691384,,12,52,12,12,,1756616,3212940,3382288,1731700
11476,3,2226,914,0,1312,1,76843492,41434076,51238344,88,10086656,,17816988,21543844,19988584,17494076,,12708928,7913732,7793272,13018144,,14412924,11071888,11086796,14666736,,12,52,12,12,,1756984,3214388,3383236,1732048
11484,2,2227,914,1,1312,0,76856784,41239664,51183428,88,10224736,,17794188,21446844,20104648,17511104,,12707360,7999892,7531656,13000756,,14411708,11160484,10961676,14649560,,12,52,12,12,,1757352,3215368,3519744,1732272
11491,2,2228,915,0,1313,0,76930088,41203124,51149056,88,10226852,,17843420,21443376,20132620,17510672,,12693896,8002408,7512056,12994764,,14398672,11163896,10942764,14643724,,12,52,12,12,,1757764,3216260,3520416,1732412
11497,2,2229,915,0,1314,0,76953452,41123056,51071492,88,10229364,,17794596,21494708,20192172,17471976,,12701912,7942636,7450336,13028172,,14407024,11105348,10881808,14677312,,12,52,12,12,,1758104,3217480,3521188,1732592
11503,2,2230,915,0,1315,0,77001776,40951068,51041296,88,10371184,,17798188,21541800,20188420,17473368,,12714752,7758284,7439716,13038316,,14420292,11061080,10872272,14687652,,12,52,12,12,,1758528,3357596,3522260,1732800
11510,2,2231,915,0,1316,0,76956096,41034884,51131964,88,10378060,,17848516,21472140,20116608,17518832,,12682532,7826316,7518196,13007840,,14388388,11134380,10951800,14657396,,12,52,12,12,,1758856,3362844,3523336,1733024
11516,2,2232,915,0,1317,0,76593692,41379972,51479452,88,10380392,,17817232,21409380,19856452,17510628,,12714764,7889820,7770036,13005352,,14421064,11198608,11204656,14655124,,12,52,12,12,,1759280,3363544,3524328,1733240
11523,1,2233,915,0,1318,0,76571844,41375196,51477060,88,10382832,,17846160,21410888,19809080,17505716,,12668928,7890216,7828648,12987404,,14375520,11199908,11264224,14637408,,12,52,12,12,,1759592,3364468,3525308,1733464
11529,2,2234,915,0,1319,0,76577340,41380876,51485572,88,10385592,,17794096,21432844,19880220,17470180,,12715864,7873832,7754112,13037068,,14422912,11184296,11190988,14687376,,12,52,12,12,,1760024,3365220,3526588,1733760
11536,2,2235,915,0,1320,0,76713684,41248488,51356028,88,10388448,,17823336,21545956,19853044,17491348,,12680708,7769000,7772076,13026704,,14388184,11080780,11209876,14677188,,12,52,12,12,,1760444,3366556,3527508,1733940
11543,2,2236,915,0,1321,0,76748896,41193848,51312100,88,10399160,,17795244,21520960,19889816,17542876,,12708916,7764808,7751668,12968456,,14416792,11077576,11198560,14619172,,12,52,12,12,,1760832,3367524,3536628,1734176
11549,2,2237,915,0,1322,0,76728132,41257112,51377760,88,10401580,,17813956,21475256,19890976,17547944,,12712708,7828768,7751728,12963908,,14420920,11142416,11199536,14614888,,12,52,12,12,,1761164,3368400,3537596,1734420
11555,2,2238,915,0,1323,0,76679876,41246656,51369812,88,10404036,,17786616,21475956,19929556,17487748,,12714552,7809940,7690360,13031804,,14423084,11124632,11139108,14682988,,12,52,12,12,,1761508,3369444,3538452,1734632
11562,2,2239,915,0,1324,0,76844844,41134952,51260832,88,10406760,,17794900,21632468,19938948,17478528,,12718936,7679332,7699520,13037164,,14427852,10995064,11149296,14688620,,12,52,12,12,,1761876,3370484,3539496,1734904
11569,2,2240,915,0,1325,0,76915880,41020164,51148924,88,10409656,,17791720,21691540,19917924,17514696,,12709776,7597888,7711308,13001192,,14419176,10914932,11161892,14652924,,12,52,12,12,,1762364,3371808,3540300,1735184
11575,2,2241,915,0,1326,0,76456852,41511532,51642828,88,10412172,,17782260,21442232,19723752,17508608,,12742308,7857624,7909976,13001624,,14452108,11175324,11361788,14653608,,12,52,12,12,,1762768,3372448,3541524,1735432
11583,2,2242,915,0,1327,0,76478336,41470104,51604052,88,10414852,,17816480,21453392,19734528,17473936,,12703068,7843352,7894704,13028980,,14413108,11162104,11347596,14681244,,12,52,12,12,,1763008,3373524,3542600,1735720
11589,2,2243,915,0,1328,0,76527428,41405800,51542392,88,10417500,,17775872,21492496,19783300,17475760,,12736728,7800664,7834276,13034132,,14447212,11120168,11288332,14686680,,12,52,12,12,,1763436,3374256,3543808,1736000
11596,2,2244,915,0,1329,0,76650588,41294300,51433444,88,10420068,,17795808,21556412,19799960,17498408,,12727740,7725392,7827744,13013424,,14438576,11046144,11282492,14666232,,12,52,12,12,,1763796,3375520,3544496,1736256
11602,2,2245,915,0,1330,0,76527976,41394164,51536248,88,10422972,,17768352,21542612,19720532,17496480,,12735212,7742404,7884912,13031636,,14446448,11064244,11340860,14684696,,12,52,12,12,,1764180,3376612,3545668,1736512
11609,2,2246,915,0,1331,0,76493904,41422952,51567524,88,10425496,,17799916,21441220,19715308,17537460,,12703004,7850272,7897008,12972668,,14414664,11172916,11353960,14625984,,12,52,12,12,,1764612,3377436,3546688,1736760
11616,1,2247,915,0,1332,0,76492644,41386296,51533488,88,10428104,,17787852,21447736,19763364,17493692,,12717484,7822340,7848600,12997872,,14429520,11146116,11306436,14651416,,12,52,12,12,,1764992,3378580,3547544,1736988
11622,2,2248,915,0,1333,0,76530348,41370768,51520660,88,10430836,,17787216,21491732,19778980,17472420,,12710756,7790664,7843744,13025604,,14423204,11115444,11302612,14679400,,12,52,12,12,,1765404,3379612,3548576,1737244
11629,1,2249,915,0,1334,0,76612648,41315320,51467888,88,10433528,,17855212,21500928,19748108,17508400,,12652756,7771928,7886292,13004344,,14365584,11098036,11345868,14658400,,12,52,12,12,,1765784,3380948,3549292,1737504
11635,2,2250,915,0,1335,0,76560156,41342632,51501764,88,10440084,,17809524,21479348,19771504,17499780,,12703356,7794864,7839972,13004440,,14416608,11125728,11300716,14658712,,12,52,12,12,,1766200,3385716,3550448,1737720
11641,2,2251,915,0,1336,0,76296400,41609592,51771004,88,10442340,,17858220,21094112,19793452,17550616,,12653728,8174140,7828512,12953212,,14367280,11505804,11290252,14607668,,12,52,12,12,,1766504,3386488,3551448,1737900
11647,2,2252,915,0,1337,0,76225492,41674524,51838200,88,10444624,,17794180,21084032,19849656,17497624,,12710252,8194928,7778556,12990788,,14424164,11527472,11241048,14645516,,12,52,12,12,,1766856,3387392,3552200,1738176
11653,2,2253,915,0,1338,0,76358772,41574844,51741116,88,10447204,,17814232,21228132,19838944,17477464,,12700032,8054420,7787248,13033144,,14414232,11388088,11250728,14688068,,12,52,12,12,,1767140,3388516,3553172,1738376
11659,2,2254,915,0,1339,0,76399436,41512372,51681192,88,10449792,,17831652,21254844,19804764,17508176,,12681732,8007808,7825364,12997468,,14396328,11342372,11289916,14652576,,12,52,12,12,,1767548,3389408,3554280,1738556
11666,1,2255,915,0,1340,0,76446832,41454112,51625128,88,10451948,,17811504,21244312,19843484,17547532,,12709024,8025740,7762532,12956816,,14424036,11360980,11227916,14612196,,12,52,12,12,,1767940,3390076,3555092,1738840
11672,1,2256,915,0,1341,0,76407500,41527412,51700584,88,10454108,,17826256,21237564,19868960,17474720,,12692232,8035104,7754560,13045516,,14407568,11371352,11220572,14701092,,12,52,12,12,,1768268,3391080,3555724,1739036
11678,2,2257,915,0,1342,0,76423388,41494160,51670328,88,10457120,,17784140,21249336,19905652,17484260,,12724460,8016800,7722604,13030296,,14440224,11354200,11189736,14686168,,12,52,12,12,,1768700,3392240,3556860,1739320
11685,2,2258,915,0,1343,0,76477180,41457056,51639960,88,10463868,,17800220,21287360,19901680,17487920,,12727436,7981968,7713616,13034036,,14447612,11320632,11181556,14690160,,12,52,12,12,,1773104,3393524,3557668,1739572
11692,2,2259,915,0,1344,0,76559796,41360748,51550744,88,10470960,,17791788,21353636,19867740,17546632,,12724488,7910860,7754908,12970492,,14445136,11250564,11228136,14626908,,12,52,12,12,,1773584,3394560,3562948,1739868
11699,1,2260,915,0,1344,0,76493208,41403748,51596068,88,10473220,,17822500,21326920,19867628,17476160,,12692916,7920104,7743796,13046932,,14413856,11260760,11217872,14703580,,12,52,12,12,,1773860,3395488,3563780,1740092
11705,2,2261,915,0,1346,0,76482188,41422172,51617212,88,10475976,,17773008,21314968,19904308,17489904,,12725296,7961972,7706024,13028880,,14446648,11303304,11181516,14685744,,12,52,12,12,,1774280,3396192,3565196,1740308
11711,2,2262,915,0,1347,0,76509544,41394060,51591688,88,10478592,,17790868,21345752,19892908,17480016,,12710788,7929696,7720740,13032836,,14432536,11272056,11197188,14689908,,12,52,12,12,,1774688,3397220,3566156,1740528
11718,2,2263,915,0,1348,0,76697948,41216976,51417356,88,10481352,,17846744,21357456,19977248,17516500,,12673300,7913088,7634840,12995748,,14395448,11256768,11112056,14653084,,12,52,12,12,,1775080,3398560,3566920,1740792
11725,2,2264,915,0,1349,0,76619236,41254848,51457932,88,10484016,,17819216,21303520,19965660,17530840,,12678776,7943972,7652808,12979292,,14401328,11288436,11131264,14636904,,12,52,12,12,,1775476,3399336,3568148,1741056
11732,2,2265,915,0,1350,0,76683940,41202024,51407360,88,10486272,,17844816,21314160,20017132,17507832,,12672352,7950896,7594996,12983780,,14395300,11296356,11074104,14641600,,12,52,12,12,,1775864,3400328,3568816,1741264
11738,2,2266,915,0,1351,0,76657164,41229528,51437324,88,10488696,,17783728,21357432,20037616,17478388,,12709064,7920160,7569240,13031064,,14432360,11266796,11049068,14689100,,12,52,12,12,,1776208,3401504,3569504,1741480
11744,2,2267,915,0,1352,0,76733700,41128700,51339288,88,10491532,,17816876,21406764,20022420,17487640,,12683616,7855940,7573504,13015640,,14407284,11203692,11054408,14673904,,12,52,12,12,,1776588,3402620,3570608,1741716
11750,2,2268,915,0,1353,0,77054424,40851280,51064768,88,10494432,,17868588,21616784,20039468,17529584,,12630988,7653496,7579868,12986928,,14354984,11002280,11062000,14645504,,12,52,12,12,,1776928,3403652,3571828,1742024
11757,3,2269,915,0,1354,0,76871112,40979284,51195380,88,10497016,,17829956,21609908,19914964,17516284,,12665148,7638248,7695592,12980296,,14389668,10988060,11178552,14639100,,12,52,12,12,,1777432,3404676,3572656,1742252
11764,2,2270,915,0,1355,0,76832800,41024064,51242568,88,10499448,,17867104,21529816,19947968,17487912,,12620500,7729940,7657504,13016120,,14345324,11080260,11141908,14675076,,12,52,12,12,,1777740,3405196,3574100,1742412
11770,2,2271,915,0,1356,0,76867508,41031752,51252308,88,10501544,,17800336,21559672,20028280,17479220,,12696676,7710192,7593912,13030972,,14421848,11061236,11079032,14690192,,12,52,12,12,,1778092,3405908,3574876,1742668
11777,2,2272,915,0,1357,0,76844612,41020172,51243616,88,10504384,,17839076,21554688,19940092,17510756,,12665684,7721060,7645036,12988392,,14391236,11073408,11131100,14647872,,12,52,12,12,,1778464,3407212,3575784,1742924
11784,1,2273,915,0,1358,0,76755172,41106480,51332664,88,10507124,,17773948,21530220,19940576,17510428,,12727152,7718208,7674792,12986328,,14453048,11071520,11162044,14646052,,12,52,12,12,,1778828,3408184,3576944,1743168
11790,2,2274,915,0,1359,0,76835080,41073388,51301948,88,10509484,,17814268,21501056,19950724,17569032,,12695036,7761484,7680048,12936820,,14421368,11115812,11167992,14596776,,12,52,12,12,,1779244,3409192,3577640,1743408
11797,2,2275,915,0,1360,0,76764704,41104020,51335240,88,10512184,,17780676,21494484,20011900,17477644,,12730740,7761200,7602244,13009836,,14457376,11116772,11091056,14670036,,12,52,12,12,,1779556,3410460,3578512,1743656
11803,2,2276,915,0,1361,0,76805620,41106696,51340504,88,10514780,,17799852,21550804,19963036,17491928,,12708092,7700984,7684676,13012944,,14435072,11057580,11174468,14673384,,12,52,12,12,,1779896,3411464,3579504,1743916
11809,2,2277,915,0,1362,0,76900976,41016880,51253308,88,10517376,,17864368,21561232,19954512,17520864,,12648016,7700172,7678052,12990640,,14375376,11057804,11168812,14651316,,12,52,12,12,,1780276,3412508,3580468,1744124
11816,2,2278,915,0,1363,0,76823060,41070900,51309644,88,10519672,,17809004,21513272,19954852,17545932,,12681708,7736716,7684344,12968132,,14409452,11095040,11176060,14629092,,12,52,12,12,,1780656,3413204,3581408,1744404
11822,2,2279,915,0,1364,0,76778328,41090488,51332264,88,10522744,,17792252,21517632,19911912,17556532,,12696376,7738544,7720432,12935136,,14424472,11097828,11213608,14596356,,12,52,12,12,,1781016,3414184,3582872,1744672
11830,2,2280,915,0,1365,0,76742104,41141716,51386472,88,10525692,,17786732,21530280,19934008,17491084,,12703588,7721280,7700052,13016796,,14432008,11081812,11194352,14678300,,12,52,12,12,,1781340,3415392,3583996,1744964
11837,2,2281,915,0,1366,0,76764480,41147408,51394464,88,10527996,,17810936,21521100,19926764,17505680,,12690032,7733036,7716844,13007496,,14418836,11094448,11211908,14669272,,12,52,12,12,,1781712,3416296,3584768,1745220
11844,1,2282,915,0,1367,0,76775848,41047708,51296980,88,10530252,,17789748,21559844,19908780,17517476,,12700528,7672416,7699600,12975164,,14429580,11034832,11195464,14637104,,12,52,12,12,,1782020,3417280,3585560,1745392
11850,2,2283,915,0,1368,0,76750396,41123504,51375372,88,10532800,,17811580,21508416,19946748,17483652,,12686168,7744420,7683244,13009672,,14415616,11107756,11180152,14671848,,12,52,12,12,,1782364,3418204,3586616,1745616
11857,2,2284,915,0,1369,0,76749356,41127588,51382460,88,10535804,,17772188,21514360,19985228,17477580,,12724984,7732536,7642728,13027340,,14454868,11097284,11140464,14689844,,12,52,12,12,,1782792,3419616,3587448,1745948
11864,2,2285,915,0,1370,0,76869020,41025808,51283508,88,10538624,,17803620,21543092,20031480,17490828,,12703168,7694184,7610188,13018268,,14433448,11060096,11108992,14680972,,12,52,12,12,,1783192,3420780,3588500,1746152
11870,3,2286,915,0,1371,0,76833004,41055584,51316332,88,10541728,,17828112,21494968,19977192,17532732,,12686280,7729708,7658876,12980720,,14417020,11096716,11158936,14643660,,12,52,12,12,,1783652,3421936,3589756,1746384
11878,1,2287,915,0,1372,0,76553032,41341688,51604752,88,10544012,,17821608,21256012,19966964,17508448,,12674868,7994660,7669448,13002712,,14405984,11362676,11170196,14665896,,12,52,12,12,,1784024,3422916,3590436,1746636
11884,2,2288,915,0,1373,0,76528780,41359596,51625616,88,10546944,,17782280,21258332,20002808,17485360,,12713376,7996384,7629308,13020528,,14444908,11365180,11131612,14683916,,12,52,12,12,,1784440,3423684,3592000,1746820
11891,2,2289,915,0,1374,0,76548320,41279308,51547868,88,10549480,,17779380,21289652,20006360,17472928,,12699344,7954104,7605808,13020052,,14431312,11323740,11109120,14683696,,12,52,12,12,,1784888,3424520,3593000,1747072
11898,2,2290,915,0,1375,0,76704048,41179560,51451020,88,10552428,,17851408,21299444,20030932,17522264,,12650264,7947896,7592640,12988760,,14382676,11318936,11096728,14652680,,12,52,12,12,,1785324,3425968,3593784,1747352
11904,2,2291,915,0,1376,0,76712020,41150664,51424644,88,10554888,,17778084,21358592,20028224,17547120,,12709784,7882992,7585352,12972536,,14442588,11254808,11090576,14636672,,12,52,12,12,,1785716,3426696,3594908,1747568
11911,1,2292,915,0,1377,0,76666768,41200652,51476676,88,10556920,,17820368,21284360,20030348,17531692,,12677188,7962980,7592216,12968268,,14410324,11335632,11098096,14632624,,12,52,12,12,,1786044,3427516,3595572,1747788
11916,2,2293,915,0,1378,0,76643524,41205312,51483804,88,10559396,,17783208,21278856,20098840,17482620,,12708000,7960852,7530944,13005516,,14441480,11334548,11037692,14670084,,12,52,12,12,,1786380,3428560,3596436,1748020
11923,1,2294,915,0,1379,0,76678664,41179644,51460692,88,10561960,,17787212,21307116,20110056,17474280,,12710268,7928608,7517920,13022848,,14444084,11303284,11025652,14687672,,12,52,12,12,,1786724,3429544,3597436,1748256
11929,2,2295,915,0,1380,0,76753148,41138656,51422720,88,10564952,,17853364,21310984,20065120,17523680,,12650072,7938708,7554700,12995176,,14384260,11314688,11063612,14660160,,12,52,12,12,,1787088,3430848,3598596,1748420
11935,2,2296,915,0,1381,0,76681656,41147980,51434136,88,10567048,,17822464,21295176,20061800,17502216,,12677532,7918084,7559716,12992648,,14412044,11294780,11069440,14657872,,12,52,12,12,,1787408,3431580,3599404,1748656
11942,1,2297,915,0,1382,0,76590944,41275256,51563808,88,10569444,,17851868,21337940,19895616,17505520,,12643488,7906768,7732104,12992896,,14378344,11284380,11242804,14658280,,12,52,12,12,,1787748,3432508,3600384,1748804
11947,2,2298,915,0,1383,0,76487232,41342284,51632952,88,10571576,,17793760,21274200,19932776,17486496,,12689436,7962564,7680652,13009632,,14424604,11340936,11192160,14675252,,12,52,12,12,,1788072,3433248,3601200,1749056
11953,2,2299,915,0,1384,0,76497716,41366624,51659608,88,10573868,,17820804,21236172,19964024,17476716,,12676584,8005840,7669824,13014376,,14412088,11384940,11182368,14680212,,12,52,12,12,,1788400,3433960,3602228,1749280
11959,2,2300,915,0,1385,0,76554216,41287500,51583116,88,10576512,,17852216,21288784,19908440,17504776,,12627916,7944232,7720664,12994688,,14363740,11324696,11233928,14660752,,12,52,12,12,,1788744,3435328,3602948,1749492
11965,2,2301,915,0,1386,0,76523848,41325196,51623248,88,10578972,,17798040,21254796,19919496,17551516,,12690396,7985396,7700640,12948764,,14426632,11366452,11215140,14615024,,12,52,12,12,,1789116,3435960,3604188,1749708
11972,1,2302,915,0,1387,0,76403040,41440788,51740892,88,10580980,,17808628,21239652,19800640,17554120,,12683868,7996820,7816388,12943712,,14420424,11378764,11331492,14610212,,12,52,12,12,,1789432,3436840,3604784,1749924
11978,2,2303,915,0,1388,0,76415752,41402476,51705196,88,10583620,,17784420,21262356,19887156,17481820,,12689184,7968024,7726492,13018776,,14426140,11351076,11242468,14685512,,12,52,12,12,,1789836,3437956,3605668,1750160
11984,2,2304,915,0,1389,0,76431880,41383608,51689092,88,10586368,,17798224,21315492,19840632,17477532,,12699500,7894876,7764168,13025064,,14436824,11279100,11281152,14692016,,12,52,12,12,,1790200,3439120,3606680,1750368
11990,3,2305,915,0,1390,0,76507456,41331692,51640224,88,10589424,,17806584,21325384,19867536,17507952,,12658528,7910412,7759480,13003272,,14396272,11295744,11277716,14670492,,12,52,12,12,,1790628,3440240,3607928,1750628
11997,2,2306,915,0,1391,0,76430280,41422384,51732708,88,10591248,,17803608,21290872,19836500,17499300,,12700524,7943528,7768720,13009612,,14438660,11329328,11287688,14677032,,12,52,12,12,,1791020,3440744,3608664,1750820
12003,2,2307,915,0,1392,0,76457888,41370500,51683480,88,10593888,,17780676,21287720,19855264,17534228,,12703596,7936352,7754376,12976176,,14442068,11323044,11274624,14643744,,12,52,12,12,,1791352,3441648,3609932,1750956
12009,2,2308,915,0,1393,0,76483748,41335856,51650920,88,10595940,,17791228,21307888,19888684,17495948,,12707720,7917844,7708560,13001732,,14446512,11305348,11229552,14669508,,12,52,12,12,,1791668,3442396,3610688,1751188
12015,2,2309,915,0,1394,0,76595368,41218852,51536488,88,10598496,,17780548,21418288,19921620,17474912,,12706544,7807400,7685628,13019280,,14445648,11196048,11207448,14687344,,12,52,12,12,,1791984,3443544,3611508,1751460
12022,2,2310,915,0,1395,0,76716552,41130548,51451072,88,10601364,,17801716,21432076,19947416,17535344,,12683472,7797748,7667060,12982268,,14422940,11187444,11190152,14650536,,12,52,12,12,,1792344,3444600,3612760,1751660
12028,2,2311,915,0,1396,0,76429016,41382752,51705700,88,10603812,,17831216,21183724,19892212,17521864,,12656396,8041924,7712204,12972228,,14396284,11432508,11236184,14640724,,12,52,12,12,,1792764,3445480,3613668,1751900
12035,1,2312,915,0,1397,0,76400464,41395176,51720140,88,10605820,,17796372,21193512,19924520,17486060,,12683460,8025820,7680704,13005192,,14423672,11417076,11205504,14673888,,12,52,12,12,,1793092,3446152,3614484,1752092
12040,2,2313,915,0,1398,0,76543772,41246568,51573868,88,10608172,,17792792,21308224,19968316,17474440,,12700936,7917388,7611344,13016900,,14441476,11309624,11136980,14685788,,12,52,12,12,,1793412,3447136,3615340,1752284
12046,2,2314,915,0,1399,0,76682860,41138468,51468664,88,10611060,,17828660,21413728,19944836,17495636,,12659420,7818064,7647144,13013840,,14400372,11211620,11173700,14682972,,12,52,12,12,,1793832,3448460,3616240,1752528
12053,2,2315,915,0,1400,0,76689640,41078392,51411304,88,10613844,,17866096,21423140,19912052,17488352,,12598540,7781796,7695544,13002512,,14339840,11176336,11223268,14671860,,12,52,12,12,,1794208,3449444,3617452,1752740
12060,2,2316,915,0,1401,0,76640800,41148348,51483944,88,10616492,,17872544,21359232,19932720,17476304,,12605316,7867852,7667260,13007920,,14347068,11263356,11196020,14677500,,12,52,12,12,,1794640,3450404,3618476,1752972
12067,2,2317,915,0,1402,0,76588700,41225924,51564120,88,10619036,,17801608,21370420,19944984,17471688,,12686076,7857512,7646628,13035708,,14428284,11254008,11176260,14705568,,12,52,12,12,,1795092,3451392,3619296,1753256
12074,2,2318,915,0,1403,0,76644820,41167984,51508916,88,10621820,,17783848,21440408,19943572,17476992,,12707604,7784288,7654808,13021284,,14450188,11181876,11185544,14691308,,12,52,12,12,,1795460,3452488,3620440,1753432
12081,2,2319,915,0,1404,0,76648984,41168860,51512684,88,10624692,,17790752,21429448,19910572,17518212,,12707148,7780972,7690920,12989820,,14450136,11179640,11222764,14660144,,12,52,12,12,,1795872,3453564,3621536,1753720
12087,2,2320,915,0,1405,0,76580516,41193920,51539656,88,10626616,,17804288,21375092,19860976,17540160,,12688012,7826520,7715664,12963724,,14431296,11225800,11248324,14634236,,12,52,12,12,,1796164,3454192,3622352,1753908
12093,2,2321,915,0,1406,0,76596636,41200380,51548892,88,10629408,,17789656,21370684,19954508,17481788,,12695612,7837644,7649692,13017432,,14439308,11237952,11183416,14688216,,12,52,12,12,,1796580,3455240,3623408,1754180
12100,2,2322,915,0,1407,0,76691908,41097144,51448220,88,10631948,,17795260,21403840,20016372,17476436,,12681984,7807072,7579760,13028328,,14426072,11208400,11114376,14699372,,12,52,12,12,,1796964,3456216,3624324,1754444
12106,2,2323,915,0,1408,0,76719680,41078368,51432112,88,10634684,,17810340,21412768,20002132,17494440,,12684664,7803152,7579756,13010796,,14429136,11205752,11115172,14682052,,12,52,12,12,,1797340,3457488,3625204,1754652
12113,2,2324,915,0,1409,0,76683264,41091804,51448176,88,10637224,,17828984,21396948,19966408,17490924,,12655420,7798640,7629092,13008652,,14400284,11202228,11165500,14680164,,12,52,12,12,,1797744,3458488,3626088,1754904
12119,2,2325,915,0,1410,0,76710452,41080824,51439624,88,10639656,,17831380,21356200,19984368,17538504,,12669156,7852496,7597408,12961764,,14414360,11256952,11134816,14633496,,12,52,12,12,,1798076,3459348,3627100,1755132
12126,2,2326,915,0,1411,0,76691352,41061772,51423136,88,10642256,,17859000,21343224,20003912,17485216,,12633616,7869764,7574068,12984324,,14379236,11274896,11112716,14656288,,12,52,12,12,,1798504,3460044,3628340,1755368
12131,2,2327,915,0,1412,0,76774372,41017140,51380812,88,10644540,,17805308,21385208,20109992,17473864,,12674240,7821616,7494588,13026696,,14420024,11227724,11034128,14698936,,12,52,12,12,,1798660,3461004,3629240,1755636
12137,2,2328,915,0,1413,0,76824664,40997392,51363208,88,10646684,,17817088,21399196,20106796,17501584,,12676960,7821488,7497196,13001748,,14423008,11228480,11037500,14674220,,12,52,12,12,,1798920,3461900,3629996,1755868
12144,2,2329,915,0,1414,0,76899220,40882792,51251508,88,10649608,,17811588,21420092,20110144,17557396,,12680908,7774964,7480284,12946636,,14427328,11183040,11021844,14619296,,12,52,12,12,,1799316,3462988,3631248,1756056
12151,2,2330,915,0,1415,0,76681792,41130432,51501308,88,10651760,,17848996,21237292,20121224,17474280,,12650004,7987352,7480520,13012556,,14396760,11396324,11022704,14685520,,12,52,12,12,,1799628,3463892,3631876,1756364
12157,2,2331,915,0,1416,0,76679032,41090460,51464080,88,10654484,,17797820,21239072,20176292,17465848,,12679200,7981116,7409052,13021092,,14426324,11391368,10952104,14694284,,12,52,12,12,,1800000,3465152,3632732,1756600
12164,2,2332,915,0,1417,0,76684500,41103944,51480388,88,10657312,,17794856,21284328,20128496,17476820,,12700140,7920848,7462656,13020300,,14447712,11332232,11006744,14693700,,12,52,12,12,,1800444,3466284,3633776,1756808
12171,1,2333,915,0,1417,0,76719612,41100980,51480296,88,10660204,,17790956,21299364,20112140,17517152,,12709688,7909020,7490516,12991756,,14457540,11321512,11035796,14665448,,12,52,12,12,,1800740,3467408,3634976,1757080
12177,2,2334,915,0,1418,0,76686872,41091416,51472692,88,10662200,,17807020,21241452,20134476,17503924,,12686392,7961968,7456048,12987008,,14434740,11374936,11002076,14660940,,12,52,12,12,,1801216,3467940,3635716,1757328
12183,2,2335,915,0,1420,0,76798028,40957928,51342260,88,10665200,,17882016,21245296,20188104,17482612,,12616568,7943272,7398804,12999284,,14365264,11357348,10946208,14673440,,12,52,12,12,,1801576,3468972,3637088,1757564
12190,2,2336,915,0,1421,0,76797276,40943076,51329428,88,10667188,,17794248,21317648,20201652,17483728,,12689400,7883040,7369800,13000836,,14438448,11297684,10918044,14675252,,12,52,12,12,,1801912,3469548,3637924,1757804
12196,2,2337,915,0,1422,0,76831072,40948220,51336868,88,10669500,,17822568,21282624,20233140,17492740,,12669440,7905144,7360652,13012984,,14418812,11320948,10909436,14687672,,12,52,12,12,,1802248,3470696,3638476,1758080
12202,1,2338,915,0,1423,0,76980000,40773172,51164724,88,10672376,,17780476,21340728,20311516,17547280,,12702120,7845368,7264032,12961652,,14451892,11262148,10814088,14636596,,12,52,12,12,,1802624,3471684,3639732,1758336
12209,2,2339,915,0,1424,0,76914076,40861640,51255860,88,10675064,,17840588,21278072,20312536,17482880,,12651928,7918776,7281640,13009296,,14402192,11336608,10832620,14684440,,12,52,12,12,,1803120,3472720,3640688,1758536
12216,2,2340,915,0,1425,0,76902228,40852388,51249096,88,10677532,,17782224,21284312,20346540,17489152,,12707992,7909456,7230880,13004060,,14458584,11328292,10782784,14679436,,12,52,12,12,,1803440,3473720,3641592,1758780
12222,2,2341,915,0,1426,0,76936772,40842484,51241816,88,10680152,,17795428,21299776,20363032,17478536,,12692664,7888924,7218232,13042664,,14443484,11308884,10771156,14718292,,12,52,12,12,,1803668,3474860,3642604,1759020
12229,2,2342,915,0,1427,0,77036060,40744032,51146476,88,10683296,,17858332,21374116,20318352,17485260,,12627260,7823096,7265080,13028596,,14378468,11244364,10819204,14704440,,12,52,12,12,,1804060,3476176,3643824,1759236
12236,2,2343,915,0,1428,0,76689604,41071068,51475632,88,10685424,,17814632,21335912,20049392,17489668,,12680880,7839404,7519992,13030792,,14432460,11261260,11075012,14706900,,12,52,12,12,,1804432,3476784,3644708,1759500
12243,2,2344,915,0,1429,0,76731372,41008984,51416740,88,10688580,,17854072,21339488,20082024,17455788,,12630296,7853568,7482664,13042456,,14382324,11276564,11038992,14718860,,12,52,12,12,,1804876,3477888,3646012,1759804
12250,3,2345,915,0,1430,0,76708608,41023868,51435012,88,10691980,,17787736,21374600,20097508,17448764,,12695740,7817476,7469712,13040940,,14448184,11241744,11027408,14717676,,12,52,12,12,,1805304,3479168,3647380,1760128
12258,2,2346,915,0,1430,0,76768400,40945644,51359320,88,10694540,,17831756,21402428,20085620,17448596,,12658240,7780668,7464724,13042012,,14411092,11206112,11023160,14718956,,12,52,12,12,,1805704,3480368,3648136,1760332
12264,2,2347,915,0,1432,0,76830256,40890944,51307136,88,10697020,,17804020,21441016,20143380,17441840,,12666600,7759788,7403712,13060844,,14419796,11186004,10963324,14738012,,12,52,12,12,,1806048,3481124,3649288,1760560
12271,2,2348,915,0,1433,0,76658332,41090776,51508924,88,10699008,,17848916,21359456,19978104,17471856,,12640648,7826612,7582696,13040820,,14394216,11253512,11142984,14718212,,12,52,12,12,,1806424,3481828,3649960,1760796
12277,2,2349,915,0,1434,0,76575696,41199012,51619940,88,10701768,,17805392,21356784,20000272,17413248,,12691072,7835396,7566060,13106484,,14444988,11263740,11127112,14784100,,12,52,12,12,,1806772,3483240,3650752,1761004
12284,2,2350,915,0,1435,0,76602612,41119884,51543852,88,10704788,,17818084,21364472,20018068,17401988,,12674576,7805120,7546540,13093648,,14428904,11234708,11108728,14771512,,12,52,12,12,,1807172,3484480,3651884,1761252
12291,2,2351,915,0,1436,0,76610436,41159064,51585944,88,10707692,,17803536,21410008,19982824,17414068,,12683340,7778264,7596112,13101348,,14438088,11208840,11159572,14779444,,12,52,12,12,,1807604,3485476,3653128,1761484
12298,1,2352,915,0,1437,0,76618856,41123908,51552968,88,10709852,,17823588,21362676,19994472,17438120,,12660544,7811720,7580412,13071232,,14415604,11243228,11144556,14749580,,12,52,12,12,,1807912,3486408,3653816,1761716
12304,1,2353,915,0,1438,0,76612892,41099072,51530840,88,10712592,,17827816,21380808,20002328,17401940,,12649588,7796756,7563132,13089596,,14405028,11228916,11128720,14768176,,12,52,12,12,,1808292,3487064,3655276,1761960
12310,2,2354,915,0,1439,0,76582808,41113932,51547800,88,10714692,,17774172,21387084,20060332,17361220,,12688968,7784932,7505436,13134596,,14444764,11217732,11071928,14813376,,12,52,12,12,,1808656,3487696,3656196,1762144
12316,1,2355,915,0,1440,0,76642900,41064396,51500396,88,10716848,,17784408,21407672,20081812,17369008,,12693904,7759328,7480908,13130256,,14449976,11193304,11047868,14809248,,12,52,12,12,,1808948,3488880,3656660,1762360
12321,2,2356,915,0,1441,0,76552440,41159608,51598268,88,10719456,,17769680,21380456,20031360,17370944,,12699716,7803192,7526976,13129724,,14456120,11238108,11095128,14808912,,12,52,12,12,,1809244,3489836,3657824,1762552
12327,2,2357,915,0,1442,0,76539904,41196600,51637408,88,10721588,,17779744,21378344,19983484,17398332,,12710560,7799864,7578600,13107576,,14467244,11235612,11147536,14787016,,12,52,12,12,,1809512,3490644,3658620,1762812
12334,2,2358,915,0,1443,0,76388476,41305332,51748224,88,10723660,,17761588,21383404,19873132,17370352,,12713340,7792332,7681556,13118104,,14470424,11228920,11251064,14797816,,12,52,12,12,,1809896,3491496,3659192,1763076
12341,2,2359,915,0,1444,0,76444044,41261740,51708332,88,10727352,,17753900,21406992,19918968,17364184,,12727824,7769612,7649084,13115220,,14485324,11207644,11220224,14795140,,12,52,12,12,,1810328,3492924,3660812,1763288
12347,2,2360,915,0,1445,0,76473444,41253880,51702912,88,10729792,,17771884,21449040,19854896,17397624,,12717972,7731260,7711376,13093272,,14475720,11170572,11283212,14773408,,12,52,12,12,,1810568,3494216,3661504,1763504
12354,2,2361,914,0,1447,1,76577560,41113536,51564508,88,10731744,,17757916,21549744,19888408,17381492,,12716472,7626124,7664016,13106924,,14474512,11066064,11236700,14787232,,12,52,12,12,,1810876,3494836,3662360,1763672
12360,1,2362,914,0,1448,1,76551108,41147568,51600976,88,10734160,,17806404,21486580,19858064,17400060,,12678592,7687244,7679752,13101980,,14436964,11128000,11253448,14782564,,12,52,12,12,,1811192,3495644,3663364,1763960
12366,1,2363,914,0,1449,1,76501924,41208532,51664444,88,10736676,,17759540,21487600,19874156,17380628,,12723340,7684936,7694448,13105808,,14482084,11126360,11269396,14786604,,12,52,12,12,,1811564,3496312,3664620,1764180
12372,2,2364,914,0,1450,1,76544100,41168408,51626824,88,10739164,,17749024,21514772,19886488,17393816,,12741468,7653248,7674844,13098848,,14500572,11095676,11250760,14779816,,12,52,12,12,,1811920,3497320,3665588,1764336
12377,2,2365,914,0,1451,1,76510648,41167772,51627204,88,10741304,,17777640,21473684,19848484,17410840,,12696988,7694136,7679748,13096900,,14456220,11136444,11256392,14778148,,12,52,12,12,,1812064,3498296,3666324,1764620
12384,2,2366,914,1,1451,0,76603436,41079108,51542864,88,10744304,,17767048,21524880,19902020,17409488,,12711416,7647420,7639104,13081168,,14470908,11092364,11216964,14762628,,12,52,12,12,,1812316,3499580,3667576,1764832
12390,2,2367,915,0,1452,0,76574196,41143852,51609348,88,10745808,,17790196,21439032,19918744,17426224,,12691024,7730768,7635512,13086548,,14450800,11176340,11214012,14768196,,12,52,12,12,,1812596,3500036,3668152,1765024
12397,1,2368,915,0,1453,0,76608580,41097416,51565748,88,10748648,,17768740,21445936,19995576,17398328,,12724124,7715324,7557316,13100652,,14484248,11162276,11136680,14782544,,12,52,12,12,,1812940,3501412,3669040,1765256
12404,2,2369,915,0,1454,0,76739880,40951176,51422516,88,10751636,,17785896,21545704,20007136,17401144,,12690960,7610368,7543496,13106352,,14451492,11058480,11123956,14788588,,12,52,12,12,,1813348,3502580,3670100,1765608
12410,2,2370,915,0,1455,0,76762584,40928168,51402228,88,10754364,,17780936,21547660,19993640,17440348,,12691356,7611340,7556088,13069384,,14452172,11060564,11137668,14751824,,12,52,12,12,,1813632,3503688,3671232,1765812
12416,2,2371,915,0,1456,0,76676324,41013144,51488988,88,10756208,,17798432,21469412,19976424,17432056,,12678632,7691324,7572332,13070856,,14439784,11141024,11154676,14753504,,12,52,12,12,,1813972,3504236,3671980,1766020
12423,2,2372,915,0,1457,0,76753216,40946552,51425016,88,10758816,,17860576,21469784,20006784,17416072,,12617732,7707836,7541216,13079768,,14379280,11158484,11124632,14762620,,12,52,12,12,,1814352,3505188,3673052,1766224
12429,3,2373,915,0,1458,0,76701628,40966044,51447260,88,10761564,,17754528,21489944,20057128,17400028,,12726192,7664400,7471104,13104348,,14488112,11115888,11055812,14787448,,12,52,12,12,,1814732,3506020,3674344,1766468
12436,2,2374,915,0,1459,0,76737424,40942544,51426048,88,10763844,,17778712,21482112,20046940,17429660,,12694940,7678300,7487892,13081412,,14457220,11131040,11073084,14764704,,12,52,12,12,,1815076,3507280,3674828,1766660
12442,2,2375,915,0,1460,0,76903540,40798376,51284572,88,10766584,,17837188,21519884,20097880,17448588,,12644096,7655872,7448348,13050060,,14406652,11109668,11034688,14733564,,12,52,12,12,,1815348,3508368,3675988,1766880
12448,1,2376,915,0,1461,0,76891760,40817516,51305976,88,10768804,,17781880,21545660,20101848,17462372,,12705152,7627264,7445316,13039784,,14468008,11082040,11032408,14723520,,12,52,12,12,,1815640,3509320,3676740,1767104
12454,2,2377,915,0,1462,0,76926860,40753612,51244584,88,10771316,,17845624,21539556,20129588,17412092,,12642136,7616396,7400640,13094440,,14405408,11071868,10988908,14778400,,12,52,12,12,,1816056,3510032,3677904,1767324
12462,2,2378,915,0,1463,0,76903876,40717492,51211812,88,10774668,,17767572,21566080,20166284,17403940,,12702792,7578256,7358556,13077888,,14466524,11035232,10947944,14762112,,12,52,12,12,,1816524,3511532,3679024,1767588
12469,2,2379,915,0,1464,0,76955628,40744804,51242152,88,10777696,,17835608,21586916,20102508,17430596,,12642056,7573876,7443520,13085352,,14406216,11032172,11033976,14769788,,12,52,12,12,,1816948,3512852,3680092,1767804
12475,2,2380,915,0,1465,0,76982300,40691856,51191152,88,10779772,,17770004,21613916,20165600,17432780,,12704028,7538992,7380516,13068320,,14468492,10997820,10971804,14753036,,12,52,12,12,,1817264,3513496,3680936,1768076
12482,2,2381,915,0,1466,0,76996224,40651676,51153528,88,10782308,,17828744,21542512,20186728,17438240,,12650644,7607744,7362400,13030888,,14415484,11067548,10954736,14715760,,12,52,12,12,,1817628,3514448,3681992,1768240
12488,2,2382,915,0,1467,0,76949344,40715396,51219848,88,10784880,,17760916,21555352,20226264,17406812,,12711788,7589728,7323648,13090232,,14476968,11050320,10917216,14775344,,12,52,12,12,,1817964,3515236,3683208,1768472
12495,2,2383,915,0,1468,0,76902444,40758696,51265676,88,10787432,,17775468,21548312,20169524,17409140,,12706320,7614716,7357228,13080432,,14471916,11076440,10951480,14765840,,12,52,12,12,,1818384,3516368,3683912,1768768
12501,2,2384,915,0,1469,0,77004688,40653748,51163728,88,10790444,,17762876,21610872,20159200,17471740,,12710124,7555184,7355364,13033076,,14476272,11017848,10950884,14718724,,12,52,12,12,,1818952,3517308,3685184,1769000
12507,2,2385,915,0,1470,0,77014668,40653920,51166384,88,10792884,,17799552,21569436,20173440,17472240,,12680036,7589984,7362276,13021624,,14446580,11053676,10958608,14707520,,12,52,12,12,,1819328,3518332,3685972,1769252
12514,2,2386,915,0,1471,0,77023444,40620600,51135304,88,10795156,,17847596,21554864,20205184,17415800,,12621988,7594380,7337084,13067148,,14388876,11058724,10934436,14753268,,12,52,12,12,,1819680,3518988,3687028,1769460
12521,2,2387,915,0,1472,0,77016384,40627712,51145056,88,10797776,,17771380,21588552,20237272,17419180,,12687816,7568160,7304816,13066920,,14455088,11033464,10903220,14753284,,12,52,12,12,,1820076,3519944,3688036,1769720
12527,2,2388,915,0,1473,0,77149668,40487528,51007760,88,10800740,,17823552,21592540,20292852,17440724,,12658112,7539704,7233852,13055860,,14425824,11006272,10833108,14742556,,12,52,12,12,,1820496,3521316,3688888,1770040
12535,2,2389,915,0,1474,0,77090660,40536916,51060300,88,10803912,,17798688,21635564,20221004,17435404,,12662012,7511104,7310492,13053308,,14430172,10978860,10911016,14740252,,12,52,12,12,,1820944,3522496,3690176,1770296
12542,2,2390,915,0,1475,0,76956180,40673940,51199920,88,10806504,,17831988,21393088,20246592,17484512,,12639436,7748832,7273668,13012004,,14407888,11217576,10875264,14699192,,12,52,12,12,,1821236,3523504,3691228,1770536
12549,2,2391,915,0,1476,0,76817256,40809720,51338252,88,10809056,,17752060,21413960,20235028,17416208,,12710548,7744872,7291032,13063268,,14479364,11214344,10893828,14750716,,12,52,12,12,,1821620,3524204,3692428,1770804
12555,2,2392,915,0,1477,0,76995668,40652116,51182984,88,10811504,,17788832,21536464,20235248,17435124,,12673652,7618964,7298776,13060724,,14442768,11089644,10902132,14748440,,12,52,12,12,,1821924,3525464,3693044,1771072
12562,2,2393,915,0,1478,0,76910776,40693680,51227564,88,10814460,,17748708,21449528,20230512,17482028,,12707632,7694976,7292352,12998720,,14477172,11166720,10897004,14686668,,12,52,12,12,,1822344,3526516,3694288,1771312
12569,2,2394,915,0,1479,0,77023220,40618860,51155248,88,10816932,,17816224,21519360,20233068,17454568,,12657520,7633664,7300548,13027128,,14427432,11106228,10906300,14715288,,12,52,12,12,,1822700,3527332,3695384,1771516
12576,2,2395,915,0,1480,0,76957236,40643096,51182012,88,10819472,,17752476,21520336,20269808,17414616,,12718620,7608004,7252644,13063828,,14488916,11081600,10859220,14752276,,12,52,12,12,,1823084,3528380,3696200,1771808
12582,2,2396,915,0,1481,0,76999944,40659188,51200772,88,10822136,,17779288,21562460,20240316,17417880,,12692336,7585956,7291268,13089628,,14463000,11060588,10898856,14778328,,12,52,12,12,,1823444,3529408,3697232,1772052
12589,1,2397,915,0,1482,0,77072288,40594404,51138520,88,10824664,,17820708,21579848,20223436,17448296,,12647504,7568920,7317068,13060912,,14418508,11044760,10925404,14749848,,12,52,12,12,,1823784,3530636,3697960,1772284
12594,2,2398,915,0,1483,0,77028500,40562104,51108668,88,10827136,,17762172,21543252,20224280,17498796,,12678108,7604540,7283512,12995944,,14449460,11081104,10892992,14685112,,12,52,12,12,,1824128,3531352,3699136,1772520
12601,2,2399,915,0,1484,0,77079400,40546924,51096000,88,10829596,,17817196,21533804,20236032,17492368,,12645940,7611040,7284000,13005944,,14417660,11088396,10894540,14695404,,12,52,12,12,,1824500,3532124,3700160,1772812
12607,2,2400,915,0,1485,0,76959624,40664428,51215820,88,10831924,,17745984,21541412,20238928,17433300,,12727464,7594892,7277772,13064300,,14499508,11073128,10889168,14754016,,12,52,12,12,,1824820,3533016,3701020,1773068
12614,2,2401,915,0,1486,0,77023476,40632108,51186240,88,10834708,,17770264,21566964,20265696,17420552,,12695656,7579640,7274440,13082372,,14468048,11058996,10886932,14772264,,12,52,12,12,,1825168,3534172,3702120,1773248
12620,2,2402,915,0,1487,0,77073972,40546284,51103304,88,10837596,,17808540,21567576,20261620,17436236,,12665356,7563072,7262836,13055020,,14438028,11043480,10876552,14745244,,12,52,12,12,,1825460,3535212,3703356,1773568
12627,2,2403,915,0,1488,0,76968900,40647896,51206860,88,10839600,,17761764,21522604,20245324,17439208,,12711952,7618668,7274332,13042944,,14485048,11099584,10888836,14733392,,12,52,12,12,,1825876,3535792,3704136,1773796
12633,2,2404,915,0,1489,0,76957320,40686800,51248252,88,10842152,,17751136,21520672,20261908,17423604,,12735928,7629824,7263972,13057076,,14509336,11111716,10879456,14747744,,12,52,12,12,,1826204,3536804,3705128,1774016
12640,2,2405,915,0,1490,0,76969576,40650336,51214408,88,10844724,,17737064,21549188,20270808,17412516,,12735048,7594304,7237956,13083028,,14508864,11077284,10854348,14773912,,12,52,12,12,,1826596,3537860,3706032,1774236
12646,2,2406,915,0,1491,0,77115512,40555812,51122420,88,10847252,,17770500,21592604,20319504,17432904,,12709208,7556620,7221688,13068296,,14483392,11040884,10838696,14759448,,12,52,12,12,,1826952,3539140,3706652,1774508
12653,2,2407,915,0,1492,0,77046624,40549372,51118620,88,10849880,,17721656,21603340,20237516,17484112,,12724348,7533568,7286160,13005296,,14498848,11018820,10904312,14696640,,12,52,12,12,,1827284,3540120,3707788,1774688
12659,2,2408,915,0,1493,0,77041028,40585004,51156816,88,10852424,,17770932,21554056,20227364,17488676,,12712308,7556952,7312856,13002888,,14487176,11043052,10932060,14694528,,12,52,12,12,,1827640,3540960,3708836,1774988
12666,2,2409,915,0,1494,0,76987008,40617140,51191652,88,10855128,,17731092,21553044,20284656,17418216,,12732064,7578848,7258280,13047948,,14507348,11065672,10878788,14739844,,12,52,12,12,,1828044,3541688,3710140,1775256
12672,2,2410,915,0,1495,0,77022504,40581416,51158420,88,10857624,,17708272,21575924,20329656,17408652,,12755332,7544672,7198112,13083300,,14530940,11032456,10819612,14775412,,12,52,12,12,,1828380,3542652,3711128,1775464
12678,2,2411,915,0,1496,0,77044092,40590868,51170604,88,10860348,,17766592,21576140,20264264,17437096,,12710224,7553868,7261764,13065012,,14486204,11043024,10884000,14757376,,12,52,12,12,,1828756,3544016,3711864,1775712
12685,1,2412,915,0,1497,0,76980264,40656252,51238388,88,10862760,,17694892,21553480,20255828,17476064,,12779444,7579076,7276092,13021640,,14555792,11068880,10899520,14714196,,12,52,12,12,,1829116,3544680,3713064,1775900
12691,2,2413,915,0,1498,0,76826692,40785268,51369572,88,10864936,,17735868,21414200,20269912,17406712,,12736836,7706996,7261444,13079992,,14513468,11197732,10885600,14772772,,12,52,12,12,,1829412,3545596,3713792,1776136
12698,2,2414,915,0,1499,0,76754396,40849336,51436288,88,10867620,,17650036,21409156,20291148,17404056,,12824500,7703960,7231200,13089676,,14601536,11195876,10856164,14782712,,12,52,12,12,,1829808,3546784,3714644,1776384
12705,2,2415,915,0,1500,0,76821828,40769780,51359720,88,10870596,,17708308,21415668,20290100,17407752,,12764096,7702740,7222780,13080164,,14541540,11195892,10848804,14773484,,12,52,12,12,,1830212,3548016,3715704,1776664
12711,2,2416,915,0,1501,0,76873680,40718296,51310768,88,10873088,,17722444,21425324,20286656,17439256,,12745348,7695496,7233280,13044172,,14523080,11189576,10860452,14737660,,12,52,12,12,,1830500,3548956,3716796,1776836
12716,2,2417,915,0,1502,0,76841428,40759712,51354064,88,10874980,,17676048,21405864,20292936,17466580,,12789996,7732384,7218652,13018680,,14568008,11227016,10846656,14712384,,12,52,12,12,,1830792,3549496,3717632,1777060
12723,2,2418,915,0,1503,0,76817212,40779072,51375936,88,10877488,,17665292,21413884,20327076,17410960,,12789748,7709124,7208200,13072000,,14568156,11204644,10837220,14765916,,12,52,12,12,,1831180,3550396,3718652,1777260
12729,2,2419,915,0,1504,0,76835504,40760748,51360048,88,10879904,,17625528,21441896,20369316,17398764,,12830424,7686136,7164900,13079288,,14609060,11182444,10795092,14773452,,12,52,12,12,,1831400,3551168,3719828,1777508
12735,2,2420,915,0,1505,0,76905284,40674740,51276508,88,10882392,,17667412,21494612,20330544,17412716,,12783000,7633740,7178628,13079372,,14562032,11131288,10809448,14773740,,12,52,12,12,,1831804,3552408,3720460,1777720
12742,2,2421,915,0,1506,0,76833264,40770804,51375416,88,10885248,,17630248,21413320,20336628,17453068,,12830856,7712740,7178804,13048404,,14610264,11211300,10810820,14743032,,12,52,12,12,,1832168,3553444,3721660,1777976
12748,2,2422,915,0,1507,0,76597788,40972576,51579444,88,10887496,,17641144,21416976,20109604,17430064,,12825472,7711420,7381428,13054256,,14605240,11210876,11014196,14749132,,12,52,12,12,,1832540,3554332,3722392,1778232
12755,2,2423,915,0,1508,0,76659056,40901320,51510804,88,10890104,,17641164,21429652,20173148,17415092,,12810760,7688692,7335920,13065948,,14590996,11188904,10969800,14761104,,12,52,12,12,,1833000,3555084,3723516,1778504
12761,2,2424,915,0,1509,0,76699560,40868620,51481032,88,10893024,,17630036,21440816,20214464,17414244,,12825880,7674368,7299452,13068920,,14606508,11175960,10934308,14764256,,12,52,12,12,,1833392,3556456,3724488,1778688
12767,2,2425,915,0,1510,0,76786008,40781344,51396464,88,10895736,,17671272,21460824,20220504,17433408,,12797708,7641700,7294648,13047288,,14578756,11144588,10930252,14742868,,12,52,12,12,,1833808,3557764,3725240,1778924
12774,2,2426,915,0,1511,0,76831296,40727796,51345344,88,10898196,,17650072,21493020,20203724,17484480,,12814628,7609672,7300800,13002696,,14595996,11113156,10937648,14698544,,12,52,12,12,,1834144,3558348,3726508,1779196
12780,2,2427,915,0,1512,0,76719260,40836656,51456736,88,10900732,,17674028,21418076,20139016,17488140,,12780984,7686376,7372904,12996392,,14562700,11190788,11010808,14692440,,12,52,12,12,,1834488,3559288,3727560,1779396
12787,2,2428,915,0,1513,0,76693436,40886892,51509548,88,10903288,,17640796,21424788,20186072,17441780,,12824032,7686520,7325968,13050372,,14606184,11191936,10964752,14746676,,12,52,12,12,,1834920,3560280,3728440,1779648
12794,2,2429,915,0,1514,0,76728260,40827400,51452852,88,10906060,,17641144,21477648,20189268,17420200,,12819856,7638828,7312740,13055976,,14602364,11145404,10952572,14752512,,12,52,12,12,,1835268,3561448,3729464,1779880
12801,1,2430,915,0,1515,0,76819796,40762744,51391152,88,10909036,,17667752,21497944,20194404,17459696,,12799148,7619836,7324340,13019420,,14582128,11127512,10965336,14716176,,12,52,12,12,,1835744,3562560,3730636,1780096
12807,2,2431,915,0,1516,0,76734020,40821068,51451344,88,10910932,,17636440,21470736,20164952,17461892,,12816228,7645440,7334256,13025144,,14599556,11153564,10976056,14722168,,12,52,12,12,,1836076,3563052,3731436,1780368
12814,2,2432,915,0,1517,0,76732844,40804472,51437360,88,10913492,,17675488,21441076,20193904,17422376,,12793716,7647928,7312236,13050592,,14577408,11157108,10955028,14747816,,12,52,12,12,,1836448,3564048,3732424,1780572
12820,3,2433,915,0,1518,0,76768724,40760928,51397024,88,10916696,,17621948,21467904,20265536,17413336,,12833700,7630868,7236508,13059852,,14617768,11141616,10880256,14757384,,12,52,12,12,,1836832,3565612,3733380,1780872
12828,2,2434,915,0,1519,0,76839820,40735972,51375032,88,10919652,,17701272,21476280,20204016,17458252,,12773480,7630464,7290412,13041616,,14557968,11142560,10935088,14739416,,12,52,12,12,,1837248,3566960,3734304,1781140
12835,3,2435,915,0,1520,0,76783240,40731700,51373552,88,10922472,,17659324,21435352,20196304,17492260,,12786616,7654932,7289516,13000636,,14571456,11167692,10935568,14698836,,12,52,12,12,,1837600,3567652,3735700,1781520
12843,2,2436,915,0,1521,0,76801840,40772788,51417460,88,10925252,,17697104,21437672,20222652,17444412,,12760132,7683984,7283620,13045052,,14545372,11197856,10930760,14743472,,12,52,12,12,,1837988,3568748,3736776,1781740
12849,2,2437,915,0,1522,0,76619108,40895424,51542620,88,10927764,,17643648,21455880,20098840,17420740,,12805980,7645132,7379292,13065020,,14591504,11159808,11027636,14763672,,12,52,12,12,,1838272,3569548,3737976,1781968
12856,2,2438,915,0,1523,0,76630372,40915132,51564768,88,10930164,,17661656,21452332,20084732,17431652,,12796232,7662164,7403596,13053140,,14582060,11178120,11052552,14752036,,12,52,12,12,,1838572,3570816,3738580,1782196
12863,2,2439,915,0,1524,0,76603388,40936116,51589208,88,10933652,,17639940,21503352,20034640,17425456,,12800096,7613328,7468284,13054408,,14586340,11130432,11118864,14753572,,12,52,12,12,,1838996,3571972,3740212,1782472
12870,2,2440,915,0,1525,0,76671016,40889716,51545012,88,10935868,,17694468,21443956,20056024,17476568,,12769544,7653256,7441608,13025308,,14556148,11171248,11092932,14724684,,12,52,12,12,,1839356,3572868,3740956,1782688
12876,2,2441,915,0,1526,0,76686056,40840696,51498248,88,10938064,,17720788,21441112,20082936,17441220,,12730792,7651840,7404892,13053172,,14517720,11170752,11057044,14752732,,12,52,12,12,,1839676,3573760,3741764,1782864
12882,2,2442,915,0,1527,0,76653108,40884188,51544476,88,10940852,,17657772,21482544,20090528,17422264,,12796568,7617668,7414204,13055748,,14583904,11137712,11067344,14755516,,12,52,12,12,,1840080,3574924,3742776,1783072
12889,2,2443,915,0,1528,0,76728292,40818036,51481028,88,10943528,,17728608,21493396,20053236,17453052,,12732252,7611192,7442824,13031768,,14519976,11132636,11096664,14731752,,12,52,12,12,,1840472,3576304,3743452,1783300
12895,2,2444,915,0,1529,0,76713736,40810252,51475628,88,10945920,,17671332,21448676,20098736,17494992,,12769264,7664080,7391312,12985596,,14557296,11186112,11046396,14685824,,12,52,12,12,,1840780,3576896,3744704,1783540
12902,2,2445,915,0,1530,0,76760168,40756312,51424380,88,10948584,,17717756,21421400,20132688,17488324,,12735216,7686620,7356952,12977524,,14523560,11209656,11013184,14677980,,12,52,12,12,,1841092,3577896,3745828,1783768
12909,1,2446,915,0,1531,0,76733944,40758496,51429136,88,10951136,,17661168,21426416,20203256,17443104,,12784628,7675412,7275812,13022644,,14573384,11199204,10933264,14723284,,12,52,12,12,,1841504,3578668,3747020,1783944
12915,2,2447,915,0,1532,0,76730588,40791708,51464912,88,10953732,,17687912,21469976,20142388,17430312,,12767040,7636628,7331724,13056316,,14556136,11161696,10989904,14757176,,12,52,12,12,,1841836,3579920,3747776,1784200
12922,2,2448,915,0,1533,0,76737016,40780296,51456552,88,10956764,,17654364,21473612,20140704,17468336,,12777588,7625008,7352340,13025360,,14567128,11151120,11011788,14726516,,12,52,12,12,,1842284,3580984,3749032,1784464
12929,1,2449,915,0,1534,0,76695748,40819964,51498472,88,10958968,,17679208,21407092,20143088,17466360,,12784560,7681220,7339336,13014848,,14574392,11208212,10999624,14716244,,12,52,12,12,,1842572,3581840,3749848,1784708
12935,2,2450,915,0,1535,0,76687584,40836132,51517040,88,10961396,,17664820,21412004,20191140,17419620,,12798876,7692780,7283768,13060708,,14589032,11220516,10945164,14762328,,12,52,12,12,,1842916,3582596,3750964,1784920
12941,2,2451,915,0,1536,0,76576296,40922800,51606684,88,10964352,,17651380,21299408,20201608,17423900,,12800280,7793364,7279028,13050128,,14590840,11322428,10941440,14751976,,12,52,12,12,,1843316,3583944,3751940,1785152
12948,2,2452,915,0,1537,0,76586520,40921144,51607832,88,10967136,,17659468,21327672,20152724,17446656,,12795868,7771100,7326240,13027936,,14586792,11301524,10989472,14730044,,12,52,12,12,,1843676,3585288,3752760,1785412
12954,2,2453,915,0,1538,0,76728372,40774896,51463928,88,10969492,,17651824,21340592,20257316,17478640,,12807432,7754376,7217128,12995960,,14598672,11285436,10881548,14698272,,12,52,12,12,,1843988,3585932,3753948,1785624
12960,2,2454,915,0,1539,0,76760124,40769080,51460448,88,10971852,,17701064,21291224,20263516,17504320,,12765560,7812480,7208556,12982484,,14557184,11344304,10873924,14685036,,12,52,12,12,,1844364,3586676,3754948,1785864
12967,2,2455,915,0,1540,0,76622252,40850092,51543604,88,10973944,,17657688,21278028,20264900,17421636,,12784700,7799588,7200052,13065752,,14576672,11332080,10866304,14768548,,12,52,12,12,,1844712,3587356,3755784,1786092
12973,1,2456,915,0,1541,0,76628096,40841020,51537088,88,10976492,,17647668,21282752,20273644,17424032,,12795620,7795524,7208724,13041152,,14587988,11328988,10875980,14744132,,12,52,12,12,,1845112,3588320,3756776,1786284
12979,2,2457,915,0,1542,0,76715120,40783564,51482116,88,10978992,,17678380,21321452,20262276,17453012,,12771880,7771992,7217172,13022520,,14564560,11306664,10885168,14725724,,12,52,12,12,,1845424,3589540,3757516,1786512
12984,2,2458,915,0,1543,0,76742056,40753404,51454472,88,10981480,,17660464,21295952,20270600,17515040,,12782132,7798728,7211152,12961392,,14575232,11334044,10880348,14664848,,12,52,12,12,,1845840,3590172,3758708,1786760
12991,2,2459,915,0,1544,0,76635864,40849636,51552912,88,10983692,,17716356,21254460,20243048,17422000,,12735724,7821816,7247908,13044188,,14529216,11357968,10917852,14747876,,12,52,12,12,,1846244,3591004,3759444,1787000
12998,2,2460,915,0,1545,0,76706280,40785284,51491760,88,10986916,,17650568,21277892,20345820,17432000,,12799656,7813180,7129104,13043344,,14593572,11350628,10800260,14747300,,12,52,12,12,,1846656,3592304,3760672,1787284
13004,2,2461,915,0,1546,0,76739028,40761064,51470248,88,10989584,,17674856,21283816,20351672,17428684,,12784436,7808284,7117708,13050636,,14578708,11347040,10789608,14754892,,12,52,12,12,,1847012,3593612,3761392,1787568
13011,2,2462,915,0,1547,0,76760884,40712232,51424132,88,10992320,,17661824,21342424,20279400,17477236,,12784088,7743660,7194020,12990464,,14578724,11283340,10867092,14694976,,12,52,12,12,,1847380,3594532,3762592,1787816
13018,2,2463,915,0,1548,0,76816592,40639420,51353716,88,10994732,,17682956,21369644,20273976,17490016,,12744960,7704784,7203824,12985852,,14540020,11245452,10877656,14690588,,12,52,12,12,,1847808,3595532,3763336,1788056
13024,1,2464,915,0,1549,0,76648352,40841200,51557988,88,10997216,,17727952,21311908,20178020,17430472,,12726656,7766684,7295584,13052276,,14522016,11307968,10970820,14757184,,12,52,12,12,,1848096,3596184,3764728,1788208
13030,2,2465,915,0,1550,0,76699704,40803800,51522740,88,10999376,,17665964,21384000,20216104,17433636,,12787864,7703976,7266104,13045856,,14583520,11245916,10942196,14751108,,12,52,12,12,,1848412,3596788,3765624,1788552
13036,2,2466,915,0,1551,0,76805360,40661232,51383064,88,11002236,,17655336,21468796,20225488,17455740,,12794408,7612652,7232480,13021692,,14590492,11155796,10909576,14727200,,12,52,12,12,,1848832,3598004,3766592,1788808
13043,2,2467,915,0,1551,0,76827988,40655244,51379360,88,11004532,,17643588,21534112,20151284,17499004,,12799316,7556676,7315560,12983692,,14595712,11100788,10993444,14689416,,12,52,12,12,,1849144,3598968,3767396,1789024
13049,2,2468,915,0,1553,0,76792672,40707400,51434044,88,11007036,,17680316,21495292,20165744,17451320,,12773060,7594224,7313664,13026452,,14569824,11139288,10992540,14732392,,12,52,12,12,,1849508,3599916,3768372,1789240
13055,2,2469,915,0,1554,0,76777348,40664620,51393884,88,11009688,,17653936,21478188,20200420,17444804,,12789912,7579588,7263896,13031224,,14587044,11125752,10943656,14737432,,12,52,12,12,,1849896,3601028,3769240,1789524
13062,2,2470,915,0,1555,0,76833560,40641128,51373136,88,11012412,,17641780,21524944,20229372,17437464,,12814184,7554880,7242172,13029892,,14611696,11102144,10922940,14736356,,12,52,12,12,,1850260,3602104,3770280,1789768
13069,2,2471,915,0,1556,0,76925136,40565888,51300960,88,11015424,,17714808,21542932,20211944,17455452,,12746368,7534896,7255536,13029088,,14544284,11083476,10937380,14735820,,12,52,12,12,,1850664,3603412,3771320,1790028
13076,1,2472,915,0,1557,0,76893712,40573124,51310288,88,11017532,,17658988,21514396,20225864,17494464,,12793396,7543836,7237400,12998492,,14591648,11093060,10920156,14705424,,12,52,12,12,,1850992,3604064,3772240,1790236
13082,2,2473,915,0,1558,0,76943584,40537764,51277620,88,11020232,,17730264,21525316,20249324,17438680,,12717876,7555544,7215008,13049336,,14516488,11105768,10898800,14756564,,12,52,12,12,,1851372,3605080,3773252,1790528
13089,2,2474,915,0,1559,0,76906296,40539044,51281552,88,11022912,,17642832,21524064,20306028,17433372,,12790784,7548336,7147184,13052740,,14589804,11099352,10832156,14760240,,12,52,12,12,,1851756,3605852,3774508,1790796
13096,1,2475,915,0,1560,0,76865840,40550564,51295784,88,11025592,,17677200,21542896,20205192,17440552,,12758156,7522400,7232940,13037068,,14557544,11074712,10918688,14744840,,12,52,12,12,,1852124,3607164,3775216,1791088
13103,2,2476,915,0,1561,0,76768864,40653072,51401088,88,11028400,,17638380,21521244,20169532,17439708,,12786980,7526136,7299928,13040028,,14586704,11079496,10986828,14748060,,12,52,12,12,,1852472,3608212,3776380,1791336
13109,2,2477,915,0,1562,0,76792648,40666644,51416924,88,11030700,,17666936,21519976,20141148,17464588,,12785592,7549356,7323768,13007928,,14585660,11103580,11011524,14716160,,12,52,12,12,,1852832,3609072,3777256,1791540
13116,2,2478,915,0,1563,0,76767716,40683856,51437000,88,11033488,,17636924,21515360,20190908,17424524,,12807256,7564508,7270688,13041404,,14607800,11119820,10959484,14749896,,12,52,12,12,,1853284,3610156,3778260,1791788
13122,1,2479,915,0,1564,0,76846148,40600172,51355652,88,11035860,,17646520,21539284,20230104,17430240,,12793708,7528384,7230056,13048024,,14594500,11084624,10919748,14756780,,12,52,12,12,,1853532,3611084,3779184,1792060
13127,2,2480,915,0,1565,0,76906140,40531988,51289512,88,11037872,,17685316,21566748,20194856,17459220,,12756828,7518676,7237916,13018568,,14557852,11075756,10928376,14727528,,12,52,12,12,,1853764,3611920,3779928,1792260
13133,2,2481,915,0,1566,0,77045468,40382396,51142280,88,11040268,,17636756,21698588,20202068,17508056,,12774856,7368924,7254660,12983956,,14576360,10926908,10945832,14693180,,12,52,12,12,,1854248,3612836,3780644,1792540
13139,2,2482,915,0,1567,0,76952448,40473196,51236020,88,11043196,,17693340,21636336,20194808,17427964,,12752328,7426956,7258816,13035096,,14554116,10985868,10951356,14744680,,12,52,12,12,,1854536,3613752,3782020,1792888
13146,2,2483,915,0,1568,0,77011472,40438964,51204316,88,11045704,,17646444,21645608,20274968,17444452,,12790824,7440772,7179804,13027564,,14592996,11000668,10873244,14737408,,12,52,12,12,,1854904,3614744,3782916,1793140
13153,2,2484,915,0,1569,0,77032480,40376988,51145096,88,11048472,,17666280,21680092,20241412,17444696,,12781464,7375588,7190048,13029888,,14583996,10936620,10884544,14739936,,12,52,12,12,,1855268,3615876,3783984,1793344
13160,2,2485,915,0,1570,0,77038836,40361384,51132172,88,11051152,,17664960,21717212,20187296,17469368,,12776852,7336636,7248052,12999844,,14579728,10898556,10943700,14710188,,12,52,12,12,,1855628,3616764,3785124,1793636
13167,2,2486,915,0,1571,0,77106176,40329540,51102860,88,11053688,,17671524,21717080,20236560,17481012,,12762100,7335316,7220960,13011164,,14565420,10898236,10917428,14721776,,12,52,12,12,,1856040,3617768,3785964,1793916
13174,2,2487,915,0,1572,0,76891736,40509368,51285224,88,11056216,,17664224,21525200,20271868,17430444,,12760280,7536820,7183184,13029084,,14564048,11100480,10880748,14739948,,12,52,12,12,,1856500,3618520,3787040,1794156
13180,2,2488,915,0,1573,0,76944836,40444096,51222848,88,11059144,,17662076,21565328,20289068,17428364,,12775852,7483184,7150844,13034216,,14579932,11048276,10849364,14745276,,12,52,12,12,,1856832,3619964,3787992,1794356
13187,2,2489,915,0,1574,0,77139748,40297160,51078372,88,11061556,,17699456,21669264,20309728,17461300,,12745452,7394344,7141640,13015724,,14549956,10960416,10840968,14727032,,12,52,12,12,,1857232,3620912,3788812,1794600
13194,2,2490,915,0,1575,0,77087812,40328168,51112300,88,11064464,,17641148,21707848,20267936,17470880,,12800876,7363896,7177008,12986388,,14605764,10930988,10877580,14697968,,12,52,12,12,,1857628,3621940,3790044,1794852
13201,2,2491,915,0,1576,0,77063160,40352608,51139680,88,11067404,,17689344,21652464,20283252,17438100,,12747720,7405624,7162784,13036480,,14553080,10973800,10864460,14748340,,12,52,12,12,,1858076,3623024,3791152,1795152
13208,2,2492,915,0,1577,0,77087508,40297476,51087216,88,11070096,,17637176,21657184,20371512,17421636,,12780156,7399956,7069736,13047628,,14585840,10968988,10772608,14759780,,12,52,12,12,,1858408,3623888,3792368,1795432
13215,2,2493,915,0,1578,0,77036144,40368588,51160908,88,11072684,,17668552,21527120,20401784,17438688,,12767548,7536248,7031216,13033576,,14573664,11106428,10734828,14745988,,12,52,12,12,,1858848,3625048,3793080,1795708
13222,1,2494,915,0,1579,0,76995516,40393436,51188492,88,11075360,,17638720,21525484,20361536,17469776,,12767488,7529224,7088496,13008228,,14573952,11100448,10793220,14720872,,12,52,12,12,,1859168,3626064,3794212,1795916
13227,2,2495,915,0,1580,0,76967624,40430396,51227268,88,11077232,,17666744,21447572,20342200,17511108,,12775712,7596788,7088812,12969084,,14582444,11168612,10794324,14681888,,12,52,12,12,,1859440,3626668,3795028,1796096
13234,1,2496,915,0,1581,0,76918360,40470568,51269840,88,11079632,,17634468,21462700,20376452,17444740,,12806272,7584120,7061784,13018392,,14613336,11156840,10768244,14731420,,12,52,12,12,,1859772,3627576,3795976,1796308
13239,2,2497,915,0,1582,0,76990208,40369528,51171580,88,11082376,,17638120,21484752,20420204,17447132,,12767148,7557292,7015924,13029164,,14574556,11131164,10723324,14742536,,12,52,12,12,,1860112,3628712,3796896,1796656
13246,2,2498,915,0,1583,0,76985256,40429208,51233740,88,11084880,,17657016,21478300,20396864,17453076,,12776916,7585184,7048272,13018836,,14584688,11160276,10756320,14732456,,12,52,12,12,,1860476,3629956,3797536,1796912
13253,1,2499,914,0,1585,1,77116232,40281748,51089132,88,11087688,,17659220,21537604,20416056,17503352,,12769996,7518872,7024348,12968532,,14578124,11094956,10733580,14682472,,12,52,12,12,,1860832,3630948,3798688,1797220
13259,2,2500,914,0,1586,1,77013848,40328384,51138908,88,11090840,,17666708,21495400,20423496,17428244,,12780608,7534804,6996260,13016712,,14589176,11111832,10707000,14730900,,12,52,12,12,,1861280,3631884,3800212,1797464
13267,1,2501,914,0,1587,1,77137260,40247404,51060056,88,11092940,,17725800,21505224,20477192,17429044,,12707352,7529684,6963580,13046788,,14516260,11107436,10675156,14761204,,12,52,12,12,,1861612,3632592,3801040,1797696
13273,1,2502,914,0,1588,1,77084380,40279496,51094592,88,11095384,,17641932,21531184,20480580,17430684,,12777804,7512664,6949300,13039728,,14587068,11091332,10661824,14754368,,12,52,12,12,,1861972,3633512,3801984,1797916
13278,2,2503,914,0,1589,1,77023244,40352416,51168888,88,11097836,,17643772,21506872,20420220,17452380,,12795320,7532760,7002060,13022276,,14604964,11111376,10715360,14737188,,12,52,12,12,,1862348,3634540,3802760,1798188
13285,1,2504,914,1,1589,0,77024340,40382076,51202820,88,11100912,,17653844,21450540,20432548,17487408,,12788172,7603236,6994676,12995992,,14598224,11184276,10709200,14711120,,12,52,12,12,,1862716,3635804,3803980,1798412
13291,2,2505,915,0,1590,0,76997412,40397888,51220628,88,11102784,,17675224,21382916,20447528,17491744,,12760840,7656168,6993728,12987152,,14571240,11237976,10708924,14702488,,12,52,12,12,,1863068,3636432,3804648,1798636
13298,2,2506,915,0,1591,0,76869420,40479540,51305024,88,11105516,,17645352,21420208,20381852,17422008,,12786272,7618488,7053188,13021592,,14597052,11201568,10769160,14737244,,12,52,12,12,,1863460,3637668,3805464,1798924
13304,2,2507,915,0,1592,0,76877448,40460032,51288256,88,11108236,,17663340,21402644,20380160,17431304,,12760248,7626188,7047876,13025720,,14571392,11210416,10764880,14741568,,12,52,12,12,,1863808,3638840,3806460,1799128
13311,2,2508,915,0,1593,0,77021460,40335216,51166528,88,11111300,,17666064,21476416,20413728,17465252,,12752624,7565628,7007036,13009928,,14564208,11150988,10725324,14726008,,12,52,12,12,,1864244,3639952,3807744,1799360
13317,2,2509,915,0,1594,0,76922088,40399900,51233384,88,11113472,,17666876,21443500,20363012,17448700,,12765980,7578584,7063096,12992240,,14577848,11164928,10782068,14708540,,12,52,12,12,,1864512,3640944,3808448,1799568
13323,2,2510,915,0,1595,0,76931776,40405632,51241280,88,11115580,,17653508,21435860,20413440,17428968,,12767120,7590928,7020812,13026772,,14579296,11177768,10740844,14743372,,12,52,12,12,,1864832,3641436,3809448,1799864
13330,2,2511,915,0,1596,0,76974204,40393568,51231920,88,11118296,,17653668,21474764,20411884,17433888,,12782616,7556384,7019208,13035360,,14595224,11143916,10740520,14752260,,12,52,12,12,,1865264,3642140,3810724,1800168
13336,2,2512,915,0,1597,0,76988860,40335484,51176328,88,11120784,,17687248,21486744,20361532,17453336,,12747984,7545972,7027128,13014400,,14560892,11134836,10749072,14731528,,12,52,12,12,,1865560,3643464,3811360,1800400
13343,2,2513,915,0,1598,0,76991228,40372024,51216268,88,11124180,,17659256,21543496,20350328,17438148,,12773312,7504796,7078272,13015644,,14586664,11094712,10801816,14733076,,12,52,12,12,,1866000,3644516,3812964,1800700
13350,2,2514,915,0,1599,0,77005004,40356620,51202924,88,11126188,,17721800,21464344,20329996,17488864,,12717020,7573980,7084212,12981408,,14530720,11164812,10808368,14699024,,12,52,12,12,,1866364,3645424,3813520,1800880
13357,2,2515,915,0,1600,0,76960856,40382888,51231792,88,11128772,,17677084,21425776,20416316,17441680,,12749272,7612560,7000952,13020104,,14563396,11204456,10726028,14737912,,12,52,12,12,,1866752,3646528,3814408,1801084
13362,3,2516,915,0,1601,0,76965072,40348532,51200000,88,11131296,,17689052,21474040,20367212,17434768,,12739040,7536324,7038540,13034628,,14553472,11129260,10764632,14752636,,12,52,12,12,,1867072,3647528,3815420,1801276
13369,2,2517,915,0,1602,0,77002504,40356116,51210236,88,11133936,,17707144,21479016,20356072,17460272,,12723784,7545656,7070300,13016376,,14538600,11139884,10797080,14734672,,12,52,12,12,,1867436,3648832,3816100,1801568
13375,2,2518,915,0,1603,0,77042004,40292852,51149476,88,11136424,,17676744,21495800,20371768,17497692,,12742124,7531096,7034432,12985200,,14557320,11125948,10762444,14703764,,12,52,12,12,,1867828,3649448,3817332,1801816
13382,1,2519,915,0,1604,0,76984352,40340040,51198888,88,11138684,,17726108,21421724,20344208,17492312,,12697592,7602448,7078820,12961180,,14513100,11197996,10807856,14679936,,12,52,12,12,,1868116,3650200,3818364,1802004
13387,3,2520,915,0,1605,0,76935352,40409228,51270604,88,11141188,,17654268,21436632,20421532,17422920,,12771940,7609696,7007680,13019912,,14587752,11206288,10737624,14738940,,12,52,12,12,,1868420,3651196,3819284,1802288
13394,3,2521,915,0,1606,0,77069132,40252788,51117048,88,11144068,,17670960,21514012,20450368,17433792,,12754804,7508576,6966768,13022640,,14571000,11106428,10697712,14741908,,12,52,12,12,,1868824,3652448,3820276,1802520
13401,2,2522,915,0,1607,0,77045472,40266476,51133692,88,11147024,,17684152,21496856,20392048,17472416,,12736332,7530336,7010528,12989280,,14552960,11129148,10742800,14708784,,12,52,12,12,,1869244,3653432,3821588,1802760
13408,2,2523,915,0,1608,0,76998192,40337912,51207456,88,11149344,,17674564,21438272,20389588,17495768,,12754836,7592312,7026812,12963952,,14571868,11192124,10759768,14683696,,12,52,12,12,,1869644,3654416,3822288,1802996
13414,2,2524,915,0,1609,0,77071196,40244484,51116252,88,11151572,,17717784,21437680,20480596,17435136,,12711532,7588100,6931452,13013400,,14528864,11188568,10665448,14733372,,12,52,12,12,,1869948,3655072,3823316,1803236
13420,2,2525,915,0,1610,0,77036688,40282920,51157296,88,11154180,,17657472,21467692,20479600,17431924,,12757100,7556488,6941896,13027436,,14574876,11157992,10676840,14747588,,12,52,12,12,,1870400,3656100,3824280,1803400
13427,2,2526,915,0,1611,0,77104372,40224836,51101676,88,11156644,,17683752,21497672,20458472,17464476,,12740276,7531384,6947336,13005840,,14558392,11134216,10682888,14726180,,12,52,12,12,,1870744,3657432,3824880,1803588
13433,2,2527,915,0,1612,0,77178224,40160416,51039912,88,11159280,,17642612,21599420,20434848,17501344,,12785200,7434208,6971348,12969660,,14603680,11038008,10708020,14690204,,12,52,12,12,,1871092,3658416,3825976,1803796
13439,2,2528,915,0,1613,0,77091036,40254924,51137292,88,11162156,,17709040,21522692,20404064,17455240,,12731872,7506220,7002428,13014404,,14550688,11111004,10740444,14735156,,12,52,12,12,,1871424,3659368,3827360,1804004
13446,3,2529,915,0,1614,0,77036996,40290184,51176968,88,11166584,,17652240,21525720,20423436,17435600,,12769596,7502424,6999928,13018236,,14588832,11109940,10738964,14739232,,12,52,12,12,,1871848,3662128,3828348,1804260
13454,2,2530,915,0,1615,0,77090848,40224772,51114900,88,11169936,,17675744,21529780,20440452,17444872,,12745876,7490196,6982024,13006676,,14565496,11099344,10722156,14727904,,12,52,12,12,,1872228,3663764,3829460,1804484
13461,2,2531,915,0,1616,0,77113184,40201328,51094328,88,11172780,,17649532,21593028,20381036,17489588,,12769696,7428288,7022988,12980356,,14589720,11038412,10764324,14701872,,12,52,12,12,,1872648,3664700,3830652,1804780
13468,2,2532,915,0,1617,0,77087112,40200680,51095960,88,11175080,,17695500,21563424,20360136,17468052,,12726636,7439000,7031408,13003636,,14547052,11049896,10773640,14725372,,12,52,12,12,,1873028,3665508,3831552,1804992
13474,2,2533,915,0,1618,0,77042648,40225708,51123296,88,11177400,,17657528,21561036,20391080,17433004,,12744892,7452320,7004820,13023676,,14565568,11063996,10748128,14745604,,12,52,12,12,,1873292,3666284,3832636,1805188
13481,2,2534,915,0,1619,0,77063140,40236824,51137684,88,11180644,,17650340,21585992,20394700,17432108,,12772844,7427216,7010004,13026760,,14593996,11040412,10754340,14748936,,12,52,12,12,,1873764,3667808,3833648,1805424
13488,2,2535,915,0,1620,0,77109616,40144188,51047796,88,11183408,,17678672,21605168,20361056,17464720,,12735244,7397172,7015328,12996444,,14556728,11011788,10760436,14718844,,12,52,12,12,,1874104,3669228,3834424,1805652
13495,2,2536,915,0,1621,0,77059112,40216704,51122872,88,11185964,,17663192,21547320,20334672,17513928,,12744480,7451652,7069116,12951456,,14566388,11066916,10815484,14674084,,12,52,12,12,,1874512,3669912,3835680,1805860
13502,2,2537,915,0,1622,0,77067440,40206348,51115252,88,11188708,,17726220,21558448,20348520,17434252,,12685572,7460516,7052000,13008260,,14507868,11076780,10799448,14731156,,12,52,12,12,,1874912,3670912,3836756,1806128
13509,2,2538,915,0,1623,0,76941332,40326524,51238044,88,11191316,,17654700,21488460,20351524,17446648,,12764172,7522212,7038228,13001912,,14586812,11139264,10786896,14725072,,12,52,12,12,,1875260,3671692,3837976,1806388
13515,2,2539,915,0,1624,0,77104464,40196200,51110368,88,11194008,,17700056,21595536,20342256,17466616,,12721184,7423384,7051788,12999844,,14544252,11041684,10801192,14723240,,12,52,12,12,,1875684,3672948,3838728,1806648
13522,2,2540,915,0,1625,0,77038768,40247208,51164308,88,11196904,,17664584,21533512,20329588,17511084,,12759192,7462704,7071676,12953636,,14582616,11082120,10822284,14677288,,12,52,12,12,,1876028,3674060,3839924,1806892
13529,2,2541,915,0,1626,0,77149384,40140124,51059856,88,11199576,,17728948,21585976,20336872,17497588,,12686500,7423544,7062780,12967300,,14510380,11043844,10814416,14691216,,12,52,12,12,,1876484,3674980,3840960,1807152
13536,2,2542,915,0,1627,0,76789720,40476860,51399500,88,11202504,,17668512,21462828,20207800,17450580,,12750800,7536124,7192012,12997924,,14575068,11157768,10944564,14722100,,12,52,12,12,,1876880,3676336,3841880,1807408
13544,2,2543,915,0,1628,0,76858388,40434708,51360340,88,11205524,,17685528,21507968,20223208,17441684,,12736768,7491112,7183180,13023648,,14561376,11114036,10936804,14748124,,12,52,12,12,,1877232,3677612,3842968,1807712
13551,3,2544,915,0,1629,0,76868120,40390400,51319276,88,11208700,,17681940,21519160,20195596,17471424,,12707968,7488988,7191880,13001564,,14533116,11113072,10946820,14726268,,12,52,12,12,,1877760,3678776,3844232,1807932
13558,2,2545,915,0,1630,0,76935412,40319368,51250572,88,11211024,,17694168,21491912,20265776,17483556,,12718836,7503812,7135880,12960840,,14544344,11128868,10891604,14685756,,12,52,12,12,,1878116,3679736,3845028,1808144
13565,2,2546,915,0,1631,0,76716744,40534004,51468172,88,11214016,,17648724,21333676,20296296,17438048,,12753008,7677092,7106016,12997888,,14578972,11302880,10863316,14723004,,12,52,12,12,,1878596,3680468,3846592,1808360
13573,1,2547,915,0,1632,0,76824832,40448216,51385132,88,11216728,,17679200,21381488,20332572,17431572,,12729252,7612428,7078060,13028476,,14555616,11239292,10836332,14753892,,12,52,12,12,,1878972,3681540,3847572,1808644
13579,2,2548,915,0,1633,0,76828652,40432148,51371888,88,11219556,,17667692,21401564,20287884,17471512,,12739540,7607076,7099904,12985628,,14566356,11235268,10858976,14711288,,12,52,12,12,,1879436,3682864,3848360,1808896
13586,2,2549,915,0,1634,0,76839760,40410988,51353048,88,11221920,,17668908,21347488,20299916,17523448,,12758028,7634820,7087008,12931132,,14585192,11263620,10847264,14656972,,12,52,12,12,,1879772,3683512,3849560,1809076
13591,2,2550,915,0,1635,0,76886656,40385712,51329948,88,11224076,,17719488,21361576,20326828,17478764,,12709368,7620984,7067448,12987912,,14536864,11250712,10828416,14713956,,12,52,12,12,,1880116,3684432,3850252,1809276
13598,2,2551,915,0,1636,0,76877860,40396692,51343944,88,11227104,,17657496,21452480,20338776,17429108,,12751004,7563004,7056620,13026064,,14578924,11193904,10818796,14752320,,12,52,12,12,,1880528,3685612,3851452,1809512
13604,2,2552,915,0,1637,0,76905308,40369848,51319372,88,11229348,,17684372,21416752,20366384,17437800,,12724828,7591096,7020104,13033820,,14553012,11223144,10782924,14760292,,12,52,12,12,,1880792,3686760,3852092,1809704
13611,2,2553,915,0,1638,0,76976228,40291708,51244292,88,11232416,,17678068,21460124,20350556,17487480,,12734288,7545312,7034056,12978052,,14562844,11178496,10798140,14704812,,12,52,12,12,,1881164,3687904,3853360,1809988
13618,2,2554,915,0,1639,0,76839440,40398368,51353348,88,11234840,,17696792,21391924,20232116,17518608,,12714444,7602504,7151924,12929496,,14543412,11236604,10916840,14656492,,12,52,12,12,,1881576,3688836,3854196,1810232
13624,2,2555,915,0,1640,0,76847644,40393276,51351116,88,11237700,,17750848,21387864,20258708,17450224,,12667688,7597160,7133760,12994668,,14497068,11232056,10900092,14721900,,12,52,12,12,,1882008,3689608,3855620,1810464
13632,2,2556,915,0,1641,0,76854780,40344024,51304688,88,11240512,,17694520,21429380,20290116,17440764,,12708948,7543764,7099180,12992132,,14538720,11179708,10866668,14719592,,12,52,12,12,,1882384,3690668,3856756,1810704
13639,2,2557,915,0,1642,0,76979836,40277396,51241440,88,11243876,,17687972,21594452,20218988,17478424,,12721936,7398440,7166208,12990812,,14552228,11035820,10934840,14718552,,12,52,12,12,,1882900,3692100,3857904,1810972
13646,2,2558,915,0,1643,0,77029604,40188160,51154300,88,11246012,,17697536,21595028,20258436,17478604,,12720880,7390820,7105920,12970540,,14551496,11028736,10875552,14698516,,12,52,12,12,,1883228,3692652,3858916,1811216
13653,2,2559,915,0,1644,0,77032796,40214928,51183980,88,11248896,,17755076,21528208,20307860,17441652,,12669468,7448588,7080576,13016296,,14500508,11087684,10851216,14744572,,12,52,12,12,,1883652,3693812,3859916,1811516
13660,2,2560,915,0,1645,0,76948416,40309668,51281408,88,11251576,,17649896,21552396,20305012,17441112,,12766032,7440352,7082776,13020508,,14597504,11080492,10854328,14749084,,12,52,12,12,,1884076,3694864,3860824,1811812
13667,2,2561,915,0,1646,0,77031624,40201188,51175664,88,11254328,,17707680,21581612,20277524,17464808,,12704872,7399896,7103376,12993044,,14536644,11041420,10875796,14721804,,12,52,12,12,,1884384,3696244,3861712,1811988
13674,2,2562,915,0,1647,0,77023840,40174352,51151800,88,11257296,,17675344,21609376,20278112,17461008,,12723724,7384016,7082232,12984380,,14555984,11026584,10855912,14713320,,12,52,12,12,,1884868,3697292,3862948,1812188
13681,2,2563,915,0,1648,0,76916216,40308052,51288668,88,11260456,,17698472,21626560,20081708,17509476,,12721084,7362592,7274480,12949896,,14553780,11006292,11049388,14679208,,12,52,12,12,,1885312,3698424,3864168,1812552
13688,2,2564,915,0,1649,0,76867284,40321856,51304884,88,11262860,,17666428,21641828,20119032,17439996,,12707824,7347532,7249944,13016556,,14540920,10992080,11025712,14746172,,12,52,12,12,,1885716,3699264,3865028,1812852
13696,2,2565,915,0,1650,0,76932172,40293788,51279716,88,11265796,,17675184,21661444,20142192,17453352,,12724408,7323356,7237828,13008196,,14557940,10969148,11014628,14738000,,12,52,12,12,,1886160,3700512,3866088,1813036
13702,2,2566,915,0,1651,0,76913072,40291660,51280496,88,11268700,,17660600,21675052,20079608,17497812,,12730608,7297252,7299144,12964656,,14564624,10944124,11077028,14694720,,12,52,12,12,,1886636,3701596,3867172,1813296
13709,2,2567,915,0,1652,0,76915868,40284948,51276312,88,11271224,,17700484,21628400,20085016,17501968,,12712220,7340656,7281444,12950628,,14546576,10988460,11060340,14680936,,12,52,12,12,,1886980,3702528,3868184,1813532
13716,2,2568,915,0,1653,0,76903404,40328324,51322364,88,11273856,,17681996,21637100,20142504,17441804,,12741944,7354944,7217120,13014316,,14576732,11003852,10996936,14744844,,12,52,12,12,,1887400,3703620,3869068,1813768
13722,2,2569,915,0,1654,0,76884380,40308404,51304888,88,11276328,,17670204,21671064,20109260,17433852,,12724236,7296244,7268108,13019816,,14559312,10946144,11048880,14750552,,12,52,12,12,,1887692,3704620,3870032,1813984
13729,2,2570,915,0,1655,0,77056112,40141256,51140972,88,11279584,,17731196,21773596,20088596,17462724,,12673016,7187348,7286240,12994652,,14508540,10838604,11068128,14725700,,12,52,12,12,,1888140,3705980,3871180,1814284
13736,2,2571,915,0,1656,0,76908204,40275808,51277660,88,11281700,,17678636,21649900,20092604,17487064,,12726112,7318352,7267404,12963940,,14562020,10970204,11050176,14695260,,12,52,12,12,,1888528,3706580,3872044,1814548
13743,2,2572,915,0,1657,0,76828576,40330432,51334860,88,11284264,,17689468,21608500,20114292,17416316,,12719356,7356464,7246972,13007640,,14555628,11009300,11030752,14739180,,12,52,12,12,,1888880,3707584,3873036,1814764
13749,2,2573,915,0,1658,0,76857300,40343368,51350284,88,11286748,,17660152,21631460,20155580,17410108,,12745776,7360004,7195060,13042528,,14582392,11013624,10979936,14774332,,12,52,12,12,,1889224,3708344,3874132,1815048
13756,2,2574,915,0,1659,0,76940532,40259512,51269104,88,11289432,,17684348,21682580,20154096,17419508,,12729080,7297236,7195088,13038108,,14566064,10952080,10980788,14770172,,12,52,12,12,,1889592,3709576,3874968,1815296
13763,2,2575,915,0,1660,0,76868084,40296420,51308976,88,11292392,,17653392,21669536,20118320,17426836,,12750556,7289776,7225240,13030848,,14587932,10945720,11012188,14763136,,12,52,12,12,,1889992,3710704,3876172,1815524
13769,2,2576,915,0,1661,0,76894064,40287124,51302312,88,11294976,,17709632,21570344,20132516,17481572,,12714192,7390236,7228896,12953800,,14551940,11047152,11016860,14686360,,12,52,12,12,,1890360,3711652,3877184,1815780
13776,3,2577,915,0,1662,0,76862132,40297584,51315524,88,11297728,,17675324,21564376,20202988,17419444,,12732636,7401580,7165444,12997924,,14570656,11059856,10954276,14730736,,12,52,12,12,,1890632,3713020,3878040,1816036
13784,2,2578,915,0,1663,0,76968116,40252872,51273712,88,11300608,,17677404,21658844,20220020,17411848,,12730656,7325056,7163944,13033216,,14569172,10984528,10953772,14766240,,12,52,12,12,,1891132,3714196,3879036,1816244
13790,2,2579,915,0,1664,0,77113748,40098264,51121720,88,11303284,,17749264,21727676,20191552,17445256,,12659384,7259284,7166888,13012708,,14498208,10919748,10957800,14745964,,12,52,12,12,,1891432,3715244,3880120,1816488
13796,2,2580,915,0,1665,0,77063476,40119984,51145632,88,11305408,,17699184,21745020,20186260,17433012,,12700088,7239932,7162932,13017032,,14539272,10901060,10954696,14750604,,12,52,12,12,,1891796,3715848,3881004,1816760
13803,2,2581,915,0,1666,0,77037828,40167760,51195856,88,11307872,,17722096,21662440,20214320,17438972,,12682260,7303064,7165384,13017052,,14521768,10965072,10958196,14750820,,12,52,12,12,,1892116,3716780,3882016,1816960
13809,1,2582,915,0,1667,0,77020636,40168988,51199412,88,11310200,,17666584,21670548,20272688,17410816,,12747108,7292232,7096636,13033012,,14586852,10954932,10890620,14767008,,12,52,12,12,,1892356,3717452,3883208,1817184
13815,2,2583,915,0,1668,0,77078976,40100644,51133768,88,11312908,,17698824,21701120,20241692,17437340,,12702832,7273596,7106544,13017672,,14542992,10937588,10901240,14751948,,12,52,12,12,,1892768,3718748,3883912,1817480
13822,2,2584,915,0,1669,0,77070548,40107952,51143816,88,11315648,,17682628,21715416,20204396,17468108,,12700728,7254060,7163276,12989888,,14541264,10919072,10959096,14724384,,12,52,12,12,,1893140,3719764,3885060,1817684
13828,2,2585,915,0,1670,0,77070864,40109216,51147840,88,11318396,,17704040,21662252,20216244,17488328,,12696432,7310068,7137416,12965300,,14537428,10976052,10934288,14700072,,12,52,12,12,,1893608,3720736,3886084,1817968
13835,2,2586,915,0,1671,0,76993760,40139072,51179916,88,11320612,,17670008,21652636,20256592,17414524,,12714168,7315032,7091316,13018556,,14555548,10981724,10889084,14753560,,12,52,12,12,,1894000,3721452,3886964,1818196
13842,2,2587,915,0,1672,0,77036388,40125196,51169224,88,11323772,,17671424,21698284,20258288,17408392,,12735500,7261484,7096696,13031516,,14577260,10929620,10895492,14766852,,12,52,12,12,,1894388,3722888,3887960,1818536
13849,2,2588,915,0,1673,0,76990760,40193092,51240476,88,11327080,,17655388,21647196,20242604,17445572,,12755780,7331560,7108380,12997372,,14597976,11001076,10908440,14732984,,12,52,12,12,,1894812,3724264,3889204,1818800
13856,2,2589,915,0,1674,0,77031328,40138328,51187676,88,11329060,,17668560,21693432,20225236,17444100,,12745020,7267012,7128272,12998024,,14587568,10937168,10929112,14733828,,12,52,12,12,,1895156,3724924,3889992,1818988
13863,2,2590,915,0,1675,0,76986024,40141956,51193820,88,11331572,,17712716,21623560,20235120,17414628,,12683780,7328168,7124380,13005628,,14526656,10999320,10926216,14741628,,12,52,12,12,,1895500,3725908,3890976,1819188
13869,2,2591,915,0,1676,0,77033176,40131684,51185752,88,11333752,,17659884,21684484,20262192,17426616,,12735028,7299480,7089436,13007740,,14578324,10971396,10892016,14744016,,12,52,12,12,,1895900,3726668,3891720,1819464
13875,2,2592,915,0,1677,0,77097892,40066504,51123596,88,11336768,,17682408,21682824,20302612,17430048,,12715660,7288448,7043020,13019376,,14559280,10961672,10846744,14755900,,12,52,12,12,,1896224,3727980,3892856,1819708
13882,2,2593,915,0,1678,0,77168908,39969060,51029136,88,11339772,,17640700,21690908,20410880,17426420,,12755140,7253856,6935060,13025004,,14599176,10928132,10740016,14761812,,12,52,12,12,,1896656,3729032,3894088,1819996
13889,2,2594,915,0,1679,0,77255048,39888664,50951480,88,11342492,,17720516,21645124,20410876,17478532,,12692112,7313992,6922484,12960076,,14536608,10989216,10728412,14697244,,12,52,12,12,,1897084,3729984,3895072,1820352
13896,2,2595,915,0,1680,0,77202472,39946032,51011412,88,11345044,,17667688,21640824,20469260,17424700,,12738184,7328272,6882832,12996744,,14583000,11004620,10689604,14734188,,12,52,12,12,,1897400,3731100,3895908,1820636
13902,2,2596,915,0,1681,0,77171664,39961076,51029160,88,11347732,,17662552,21668736,20428220,17412156,,12735784,7283160,6919420,13022712,,14580976,10960564,10727268,14760352,,12,52,12,12,,1897760,3732160,3896988,1820824
13908,2,2597,915,0,1682,0,77288692,39847232,50917940,88,11350384,,17715472,21707472,20423032,17442716,,12682156,7258248,6904732,13002096,,14527676,10936944,10713344,14739976,,12,52,12,12,,1898108,3733472,3897736,1821068
13915,2,2598,915,0,1683,0,77303332,39822520,50895612,88,11352736,,17678040,21705600,20412368,17507324,,12699400,7261444,6920328,12941348,,14545272,10940808,10730108,14679424,,12,52,12,12,,1898444,3734120,3898912,1821260
13922,2,2599,915,0,1684,0,77184164,39954552,51030352,88,11355436,,17640928,21652112,20439176,17451948,,12742156,7305580,6899764,13007052,,14588476,10985888,10710612,14745376,,12,52,12,12,,1898892,3735064,3899968,1821512
13928,2,2600,915,0,1685,0,77225744,39903608,50982000,88,11358076,,17661988,21661340,20488884,17413532,,12733528,7293496,6851204,13025380,,14580220,10974632,10663168,14763980,,12,52,12,12,,1899272,3735888,3901116,1821800
13935,2,2601,915,0,1686,0,77265904,39863280,50944528,88,11360904,,17678140,21710428,20439844,17437492,,12730684,7232420,6899788,13000388,,14577832,10914828,10712600,14739268,,12,52,12,12,,1899724,3737160,3901940,1822080
13943,2,2602,915,0,1687,0,77300352,39818268,50902428,88,11363816,,17664196,21718772,20422808,17494576,,12725704,7225196,6913784,12953584,,14573248,10908672,10727760,14692748,,12,52,12,12,,1900124,3738240,3903096,1822356
13949,2,2603,915,0,1688,0,77226040,39875296,50962124,88,11366428,,17718376,21650780,20425340,17431544,,12683712,7295316,6909528,12986740,,14531696,10979716,10724508,14726204,,12,52,12,12,,1900564,3739104,3904112,1822648
13956,2,2604,915,0,1689,0,77195208,39895272,50984636,88,11368968,,17676612,21652176,20448208,17418212,,12709748,7294404,6874028,13017092,,14558072,10979896,10689880,14756788,,12,52,12,12,,1900904,3740204,3904972,1822888
13963,2,2605,915,0,1690,0,77255204,39861488,50954020,88,11372124,,17683608,21683580,20473952,17414064,,12699172,7266828,6865476,13030012,,14547948,10953792,10682348,14769932,,12,52,12,12,,1901344,3741672,3906008,1823100
13970,2,2606,915,0,1691,0,77204548,39895796,50991028,88,11374800,,17671628,21671988,20421544,17439388,,12714236,7270696,6904840,13006024,,14563348,10958564,10722880,14746236,,12,52,12,12,,1901684,3742568,3907148,1823400
13976,2,2607,915,0,1692,0,77168952,39965532,51063228,88,11377264,,17696592,21632088,20384488,17455784,,12699072,7308556,6952560,13005344,,14548580,10997220,10771548,14745880,,12,52,12,12,,1902076,3743368,3908108,1823712
13984,2,2608,915,0,1693,0,77182568,39894508,50995396,88,11380484,,17679632,21643324,20430928,17428684,,12673432,7306724,6893060,13021292,,14523312,10996464,10713572,14762048,,12,52,12,12,,1902452,3744448,3909636,1823948
13991,2,2609,915,0,1694,0,77171644,39939940,51043520,88,11383160,,17662156,21670272,20421044,17418172,,12724660,7276860,6906776,13031644,,14574908,10967656,10728288,14772668,,12,52,12,12,,1902820,3745500,3910628,1824212
13997,2,2610,915,0,1695,0,77366244,39770804,50877044,88,11385892,,17695476,21726904,20501948,17441916,,12693824,7231256,6832956,13012768,,14544492,10923352,10655132,14754068,,12,52,12,12,,1903236,3746800,3911376,1824480
14004,2,2611,915,0,1696,0,77326604,39751544,50860136,88,11388148,,17677904,21766924,20436468,17445308,,12701696,7185896,6877476,12986476,,14552720,10878556,10700864,14727996,,12,52,12,12,,1903600,3747340,3912508,1824700
14010,2,2612,915,0,1697,0,77324048,39766264,50877372,88,11390616,,17725548,21727140,20431572,17439788,,12683440,7197656,6891320,12993848,,14534868,10891432,10715444,14735628,,12,52,12,12,,1904000,3748416,3913240,1824960
14017,2,2613,915,0,1698,0,77320316,39800508,50914320,88,11393324,,17647104,21737040,20497672,17438500,,12751496,7200488,6833800,13014724,,14603324,10895492,10658788,14756716,,12,52,12,12,,1904400,3749648,3914092,1825184
14024,2,2614,915,0,1699,0,77412400,39703444,50820148,88,11396200,,17689640,21771796,20516600,17434364,,12703588,7165768,6821960,13012128,,14555884,10861916,10647956,14754392,,12,52,12,12,,1904868,3750792,3915092,1825448
14031,2,2615,915,0,1700,0,77424632,39694144,50813744,88,11399112,,17726612,21802228,20425384,17470408,,12680188,7135760,6893028,12985168,,14532848,10833008,10720244,14727644,,12,52,12,12,,1905232,3751908,3916320,1825652
14038,2,2616,915,0,1701,0,77441132,39657000,50779036,88,11401536,,17703232,21822436,20438788,17476676,,12684432,7118508,6887388,12966672,,14537484,10816772,10715412,14709368,,12,52,12,12,,1905620,3752908,3917120,1825888
14044,2,2617,915,0,1702,0,77404780,39701808,50826668,88,11404332,,17741636,21734256,20494488,17434400,,12654848,7201812,6831868,13013280,,14508168,10900844,10661424,14756232,,12,52,12,12,,1905888,3753660,3918652,1826132
14051,3,2618,915,0,1703,0,77379556,39681752,50809364,88,11407092,,17673888,21777800,20494764,17433104,,12699468,7156624,6826372,12999288,,14553192,10856616,10656960,14742596,,12,52,12,12,,1906304,3754608,3919688,1826492
14058,2,2619,915,0,1704,0,77474956,39611364,50741432,88,11409532,,17727556,21820804,20460020,17466576,,12672996,7128500,6833472,12976396,,14527056,10829740,10664788,14719848,,12,52,12,12,,1906620,3755852,3920420,1826640
14064,2,2620,915,0,1705,0,77382728,39688304,50820856,88,11412012,,17675132,21799696,20446800,17461100,,12706072,7146072,6870996,12965164,,14560432,10848036,10703464,14708924,,12,52,12,12,,1906928,3756572,3921568,1826944
14071,2,2621,915,0,1706,0,77378204,39729620,50864720,88,11414600,,17716424,21743620,20464776,17453384,,12684824,7189932,6866420,12988444,,14539748,10892884,10699664,14732424,,12,52,12,12,,1907488,3757592,3922360,1827160
14079,2,2622,915,0,1707,0,77385156,39675780,50813876,88,11417572,,17673700,21756760,20523748,17430948,,12693184,7176824,6797656,13008116,,14548448,10881024,10632040,14752364,,12,52,12,12,,1907828,3758800,3923512,1827432
14085,3,2623,915,0,1708,0,77370520,39706012,50846932,88,11420380,,17696304,21766776,20453064,17454376,,12688132,7163452,6874700,12979728,,14543796,10868976,10709876,14724284,,12,52,12,12,,1908228,3760140,3924292,1827720
14092,2,2624,915,0,1709,0,77429188,39653380,50797036,88,11423124,,17653316,21789388,20470376,17516108,,12720232,7143892,6847792,12941464,,14576192,10850432,10684148,14686264,,12,52,12,12,,1908532,3761168,3925460,1827964
14099,2,2625,915,0,1710,0,77307852,39774240,50921176,88,11426384,,17699216,21734428,20442856,17431352,,12689864,7202300,6878772,13003304,,14546196,10909912,10716664,14748404,,12,52,12,12,,1908900,3762220,3926996,1828268
14107,2,2626,915,0,1711,0,77309488,39769336,50918784,88,11428900,,17661932,21741992,20471044,17434520,,12724360,7185908,6841228,13017840,,14581116,10894544,10679960,14763164,,12,52,12,12,,1909308,3763268,3927836,1828488
14113,2,2627,915,0,1712,0,77374884,39701940,50853968,88,11431468,,17681812,21770712,20481720,17440640,,12709136,7158376,6824812,13009616,,14566148,10868132,10664584,14755104,,12,52,12,12,,1909568,3764368,3928884,1828648
14120,2,2628,915,0,1713,0,77444476,39611752,50766660,88,11434292,,17742800,21789956,20450344,17461376,,12648796,7112312,6870188,12980456,,14506124,10823136,10711168,14726232,,12,52,12,12,,1909880,3765420,3930080,1828912
14126,2,2629,915,0,1713,0,77271100,39783304,50940208,88,11436276,,17679356,21772804,20360968,17457972,,12707960,7161564,6928012,12985768,,14565692,10872932,10769792,14731792,,12,52,12,12,,1910272,3765952,3930892,1829160
14133,2,2630,915,0,1715,0,77305764,39731144,50890056,88,11438252,,17726336,21757992,20395976,17425460,,12666216,7152412,6903916,13008600,,14524216,10864688,10746308,14754844,,12,52,12,12,,1910532,3766844,3931496,1829380
14139,2,2631,915,0,1716,0,77241768,39789360,50951192,88,11441160,,17664884,21715296,20436660,17424928,,12704096,7202988,6869652,13012624,,14562460,10916368,10713288,14759076,,12,52,12,12,,1910908,3767952,3932720,1829580
14146,2,2632,915,0,1717,0,77221224,39807900,50972132,88,11443592,,17678188,21723136,20371792,17448108,,12707600,7179764,6923372,12997164,,14566292,10894356,10767708,14743776,,12,52,12,12,,1911224,3769168,3933440,1829760
14152,2,2633,914,0,1719,1,77262676,39749128,50915908,88,11446124,,17668396,21742528,20376768,17474984,,12694076,7171252,6918428,12965372,,14553020,10886748,10763880,14712260,,12,52,12,12,,1911468,3770096,3934544,1830016
14158,2,2634,914,0,1720,1,77256124,39804908,50974212,88,11448656,,17687660,21760036,20347792,17460636,,12701672,7167076,6965224,12970936,,14561044,10883576,10811532,14718060,,12,52,12,12,,1911896,3771108,3935400,1830252
14164,2,2635,914,0,1721,1,77268796,39786040,50957820,88,11451132,,17740972,21714412,20386004,17427408,,12645012,7206640,6923232,13011156,,14504580,10923772,10770992,14758476,,12,52,12,12,,1912092,3771752,3936844,1830444
14170,2,2636,914,0,1722,1,77237796,39781748,50955432,88,11453020,,17664932,21724856,20416520,17431488,,12694792,7203920,6866220,13016816,,14554648,10921680,10714720,14764384,,12,52,12,12,,1912388,3772336,3937600,1830696
14176,2,2637,914,0,1723,1,77282896,39789348,50965100,88,11456020,,17711548,21735188,20385820,17450340,,12676460,7184884,6931488,12996516,,14536616,10903168,10780956,14744360,,12,52,12,12,,1912676,3773792,3938580,1830972
14184,2,2638,914,1,1723,0,77278716,39758644,50938528,88,11459116,,17683452,21712416,20399712,17483136,,12696560,7216776,6895472,12949836,,14557176,10937260,10746212,14697880,,12,52,12,12,,1913136,3774988,3939824,1831168
14191,2,2639,915,0,1724,0,77111472,39941236,51123316,88,11461240,,17721632,21653632,20232624,17503584,,12667652,7271592,7062944,12939048,,14528572,10992968,10914388,14687388,,12,52,12,12,,1913440,3775768,3940536,1831496
14197,2,2640,915,0,1725,0,77041092,39984940,51169652,88,11463812,,17676712,21660680,20264016,17439684,,12701756,7257892,7027388,12997904,,14563024,10980524,10879592,14746512,,12,52,12,12,,1913792,3777008,3941288,1831724
14204,2,2641,915,0,1726,0,77103396,39885584,51073152,88,11466668,,17692040,21691276,20282604,17437476,,12675112,7212212,7021424,12976836,,14536756,10935956,10874716,14725724,,12,52,12,12,,1914168,3778120,3942360,1832020
14211,2,2642,915,0,1727,0,77052184,39972696,51163256,88,11469736,,17638144,21717736,20218556,17477748,,12726148,7193160,7077768,12975620,,14588196,10917988,10932292,14724780,,12,52,12,12,,1914572,3779244,3943616,1832304
14218,2,2643,915,0,1728,0,77097892,39944048,51137100,88,11472180,,17693664,21694472,20227264,17482492,,12681324,7229768,7074208,12958748,,14543840,10955560,10929484,14708216,,12,52,12,12,,1915040,3780196,3944352,1832592
14224,2,2644,915,0,1729,0,76943120,40070408,51266108,88,11474844,,17667564,21569712,20253120,17452724,,12691684,7344872,7032444,13001408,,14554600,11071264,10889168,14751076,,12,52,12,12,,1915440,3780816,3945780,1832808
14230,3,2645,915,0,1730,0,76997408,40024636,51222612,88,11477088,,17659192,21585048,20317256,17435912,,12719940,7318420,6997520,12988756,,14583232,11045500,10855216,14738664,,12,52,12,12,,1915836,3781464,3946748,1833040
14237,2,2646,915,0,1731,0,77001900,40025304,51226640,88,11480444,,17700032,21600724,20242372,17458772,,12667756,7310336,7064984,12982228,,14531508,11039056,10923608,14732468,,12,52,12,12,,1916288,3783120,3947672,1833364
14244,2,2647,915,0,1732,0,76997676,39994708,51198492,88,11482864,,17681772,21557720,20256620,17501564,,12690500,7335660,7041420,12927128,,14554616,11065056,10901256,14677564,,12,52,12,12,,1916636,3783788,3948880,1833560
14251,2,2648,915,0,1733,0,76975536,40031868,51238044,88,11485272,,17708700,21565872,20258716,17442248,,12671808,7326464,7031004,13002592,,14536300,11056956,10891508,14753280,,12,52,12,12,,1917032,3784896,3949532,1833812
14257,2,2649,915,0,1734,0,77030056,39977896,51186868,88,11488044,,17678872,21611840,20309672,17429672,,12700028,7289856,6989944,12998068,,14564944,11021628,10851324,14748972,,12,52,12,12,,1917448,3786152,3950416,1834028
14264,2,2650,915,0,1735,0,76858964,40116904,51328700,88,11490824,,17689076,21463880,20274732,17431276,,12688752,7438156,6993500,12996496,,14554160,11170976,10855904,14747660,,12,52,12,12,,1917936,3787208,3951392,1834288
14270,2,2651,915,0,1736,0,76922408,40085852,51300368,88,11493548,,17750348,21476312,20229960,17465788,,12622556,7446204,7040324,12976768,,14488228,11180084,10903900,14728156,,12,52,12,12,,1918196,3788276,3952568,1834508
14277,2,2652,915,0,1737,0,76868736,40141984,51358544,88,11495584,,17689444,21410936,20251340,17517016,,12691176,7496092,7034152,12920564,,14557232,11230572,10898544,14672196,,12,52,12,12,,1918576,3788860,3953384,1834764
14283,2,2653,915,0,1738,0,76853772,40155120,51378292,88,11502180,,17735960,21418224,20270824,17428764,,12651700,7469948,7024904,13008568,,14518112,11209424,10890360,14760396,,12,52,12,12,,1918940,3793864,3954432,1834944
14289,2,2654,915,0,1739,0,76857856,40151000,51376780,88,11504796,,17680936,21456632,20288504,17431784,,12695100,7447572,7003996,13004332,,14561836,11187792,10870760,14756392,,12,52,12,12,,1919268,3794604,3955748,1835176
14296,2,2655,915,0,1740,0,76991496,40010428,51238544,88,11507180,,17704036,21517560,20338680,17431220,,12673176,7365952,6967048,13004252,,14540336,11107408,10834324,14756476,,12,52,12,12,,1919684,3795892,3956256,1835348
14303,2,2656,915,0,1741,0,76977452,40023296,51254636,88,11510456,,17680492,21521696,20293004,17482260,,12688804,7372452,7000216,12961824,,14556392,11114908,10868992,14714344,,12,52,12,12,,1920104,3796952,3957756,1835644
14310,2,2657,915,0,1742,0,76958424,40029060,51262788,88,11512888,,17733296,21439204,20299104,17486820,,12643932,7461156,6983756,12940216,,14511936,11204536,10853368,14692948,,12,52,12,12,,1920512,3797924,3958592,1835860
14317,2,2658,915,0,1743,0,76918032,40043624,51280256,88,11515820,,17679888,21455960,20360584,17421600,,12698052,7422224,6924548,12998800,,14566472,11167008,10794944,14751832,,12,52,12,12,,1920944,3799352,3959380,1836144
14325,2,2659,915,0,1744,0,76973816,40006044,51245788,88,11518916,,17715364,21505984,20299484,17452984,,12664388,7390200,6970348,12981108,,14533152,11136280,10841936,14734420,,12,52,12,12,,1921288,3800628,3960564,1836436
14332,2,2660,915,0,1745,0,77063232,39890808,51133496,88,11521856,,17685108,21562452,20313556,17502116,,12671636,7330764,6966568,12921840,,14540848,11077904,10839332,14675412,,12,52,12,12,,1921724,3801708,3961732,1836692
14339,2,2661,915,0,1746,0,76929356,40020840,51266396,88,11524768,,17701104,21486728,20310028,17431496,,12677016,7389472,6961204,12993148,,14546648,11137600,10835244,14746904,,12,52,12,12,,1922160,3802692,3963048,1836868
14346,2,2662,915,0,1747,0,76929704,40027444,51275288,88,11527000,,17678060,21487132,20323592,17440920,,12689012,7403712,6945612,12989108,,14559052,11152532,10820648,14743056,,12,52,12,12,,1922532,3803384,3964012,1837072
14352,2,2663,915,0,1748,0,76981852,39983292,51233892,88,11529780,,17658000,21545580,20345596,17432676,,12703392,7344788,6931512,13003600,,14573832,11094696,10807584,14757780,,12,52,12,12,,1922932,3804496,3965048,1837304
14358,2,2664,915,0,1749,0,77087196,39902160,51155184,88,11532188,,17731164,21533640,20361000,17461392,,12639084,7364300,6922352,12976424,,14509892,11115364,10799120,14730808,,12,52,12,12,,1923308,3805632,3965752,1837496
14365,2,2665,915,0,1750,0,77117624,39860836,51116344,88,11534668,,17671076,21559520,20392944,17494084,,12704128,7330432,6888800,12937476,,14575208,11082300,10766748,14692088,,12,52,12,12,,1923596,3806412,3966936,1837724
14371,1,2666,915,0,1751,0,77030216,39943520,51201168,88,11536804,,17714008,21467888,20401412,17446908,,12653420,7426420,6875624,12988056,,14524888,11179140,10754244,14742896,,12,52,12,12,,1923960,3807268,3967600,1837976
14377,2,2667,915,0,1752,0,76980844,40008604,51269032,88,11539556,,17657724,21464164,20430496,17428460,,12727244,7432060,6851172,12998128,,14599108,11186100,10730612,14753212,,12,52,12,12,,1924348,3808588,3968416,1838204
14384,2,2668,915,0,1753,0,77068840,39866868,51130136,88,11542388,,17691132,21508744,20441668,17427296,,12685908,7353008,6838872,12989080,,14558104,11108236,10719376,14744420,,12,52,12,12,,1924692,3809744,3969496,1838456
14391,2,2669,915,0,1754,0,77117468,39839904,51106332,88,11545520,,17675008,21560872,20410704,17470884,,12696344,7326780,6856568,12960212,,14569040,11083152,10738328,14715812,,12,52,12,12,,1925192,3810892,3970712,1838724
14398,2,2670,915,0,1755,0,77066260,39838528,51107304,88,11547840,,17704056,21481616,20409568,17471020,,12652888,7377936,6858788,12948916,,14525980,11135292,10741272,14704760,,12,52,12,12,,1925580,3811872,3971440,1838948
14405,2,2671,915,0,1756,0,77129396,39822828,51094408,88,11550668,,17757308,21475264,20464572,17432252,,12607832,7397716,6810436,13006844,,14481272,11155800,10694416,14762920,,12,52,12,12,,1925964,3812604,3972924,1839176
14412,3,2672,915,0,1757,0,77133856,39790288,51064684,88,11553420,,17696164,21518180,20495228,17424284,,12663624,7356760,6773572,12996332,,14537488,11115916,10658596,14752684,,12,52,12,12,,1926356,3813664,3973948,1839452
14419,2,2673,915,0,1758,0,77183320,39746240,51023328,88,11556120,,17735288,21496308,20490056,17461668,,12630732,7378684,6768720,12968104,,14504960,11139196,10654500,14724672,,12,52,12,12,,1926708,3815012,3974736,1839664
14425,2,2674,915,0,1759,0,77172632,39737772,51017312,88,11558572,,17677128,21550036,20454268,17491200,,12676692,7323000,6803344,12934736,,14551344,11084084,10690388,14691496,,12,52,12,12,,1927140,3815584,3975984,1839864
14432,2,2675,915,0,1760,0,77120648,39813968,51095708,88,11560792,,17663764,21482848,20480168,17493868,,12672668,7396428,6801272,12943600,,14547640,11158520,10688976,14700572,,12,52,12,12,,1927488,3816588,3976648,1840068
14439,2,2676,915,0,1761,0,77110324,39801716,51086068,88,11563400,,17674188,21491936,20519296,17424904,,12680128,7377472,6750120,12993996,,14555512,11140708,10638588,14751260,,12,52,12,12,,1927896,3817696,3977444,1840364
14445,2,2677,915,0,1762,0,77188932,39746640,51033872,88,11566220,,17696560,21530820,20529264,17432288,,12661944,7349368,6737352,12997976,,14537660,11113876,10626888,14755448,,12,52,12,12,,1928204,3818972,3978472,1840572
14451,3,2678,915,0,1763,0,77276456,39659684,50949856,88,11569172,,17675456,21671248,20465420,17464332,,12687836,7208072,6801248,12962528,,14563992,10973544,10692104,14720216,,12,52,12,12,,1928644,3819936,3979800,1840792
14458,2,2679,915,0,1764,0,77306300,39632848,50925164,88,11571288,,17699392,21613892,20527720,17465296,,12672728,7261736,6740868,12957516,,14549196,11028208,10632364,14715396,,12,52,12,12,,1928956,3820936,3980416,1840980
14464,2,2680,915,0,1765,0,77264124,39667248,50962224,88,11573948,,17679668,21611076,20540376,17433004,,12663252,7266704,6747024,12990268,,14540004,11033828,10639980,14748412,,12,52,12,12,,1929232,3821576,3981896,1841244
14470,2,2681,915,0,1766,0,77331076,39589180,50886384,88,11576184,,17670876,21633060,20587684,17439456,,12681380,7218436,6685344,13004020,,14558508,10986208,10579244,14762424,,12,52,12,12,,1929612,3822224,3982844,1841504
14476,2,2682,915,0,1767,0,77404252,39532728,50832092,88,11578352,,17694136,21748484,20524668,17436964,,12671584,7120592,6738632,13001920,,14548996,10889620,10633012,14760464,,12,52,12,12,,1929900,3823484,3983332,1841636
14482,2,2683,915,0,1768,0,77349688,39572712,50874836,88,11581112,,17661372,21719172,20531452,17437692,,12689008,7160128,6728380,12995196,,14566776,10930096,10623964,14754000,,12,52,12,12,,1930260,3824404,3984544,1841904
14488,2,2684,915,0,1769,0,77470896,39477424,50781996,88,11583524,,17706408,21712512,20555760,17496216,,12652580,7146844,6724144,12953856,,14530776,10917704,10620580,14712936,,12,52,12,12,,1930660,3825304,3985384,1842176
14495,2,2685,915,0,1770,0,77301548,39615988,50922776,88,11585732,,17669532,21718196,20478180,17435640,,12675236,7153728,6793752,12993272,,14553740,10925340,10691164,14752532,,12,52,12,12,,1930960,3826040,3986364,1842368
14501,2,2686,915,0,1771,0,77359040,39543184,50852540,88,11588292,,17670160,21734724,20520964,17433192,,12689832,7112484,6735704,13005164,,14568672,10885068,10634136,14764664,,12,52,12,12,,1931292,3827020,3987376,1842604
14507,2,2687,915,0,1772,0,77408812,39516008,50827800,88,11590736,,17695384,21759176,20505376,17448876,,12675084,7093532,6759364,12988028,,14554232,10867456,10658420,14747692,,12,52,12,12,,1931600,3828368,3988000,1842768
14513,2,2688,915,0,1773,0,77336924,39553196,50867368,88,11593112,,17679608,21742080,20475372,17439864,,12670192,7116992,6790408,12975604,,14549660,10891852,10690332,14735524,,12,52,12,12,,1931924,3829308,3988860,1843020
14519,2,2689,915,0,1774,0,77372532,39541656,50858120,88,11595344,,17710212,21684780,20481284,17496256,,12644660,7171104,6796904,12928988,,14524524,10946848,10697664,14689084,,12,52,12,12,,1932300,3830180,3989692,1843172
14525,3,2690,915,0,1775,0,77308612,39588144,50907464,88,11598208,,17689292,21691544,20492780,17434996,,12657268,7161796,6787736,12981344,,14537468,10938312,10690024,14741660,,12,52,12,12,,1932640,3830952,3991220,1843396
14532,2,2691,915,0,1776,0,77381424,39541804,50863728,88,11600800,,17707136,21725120,20531576,17417592,,12652552,7138352,6744648,13006252,,14533116,10915872,10647924,14766816,,12,52,12,12,,1933000,3831952,3992204,1843644
14539,1,2692,915,0,1777,0,77435716,39488932,50813564,88,11603488,,17762424,21728584,20484444,17460264,,12606668,7132512,6788372,12961380,,14487580,10911356,10692444,14722184,,12,52,12,12,,1933344,3833284,3992984,1843876
14545,3,2693,915,0,1778,0,77326732,39561224,50888400,88,11606052,,17715384,21697444,20459992,17453912,,12637144,7166416,6802116,12955548,,14518448,10945932,10707420,14716600,,12,52,12,12,,1933720,3833984,3994212,1844136
14552,3,2694,915,0,1779,0,77367128,39530060,50859484,88,11608292,,17770684,21686000,20482820,17427624,,12595280,7155364,6781812,12997604,,14476940,10935884,10687780,14758880,,12,52,12,12,,1934076,3834988,3994876,1844352
14559,2,2695,915,0,1780,0,77298520,39588232,50921000,88,11611644,,17654704,21707552,20514944,17421320,,12717324,7137616,6741348,12991944,,14599376,10919436,10648700,14753488,,12,52,12,12,,1934460,3836288,3996272,1844624
14567,2,2696,915,0,1781,0,77352760,39540328,50876584,88,11615136,,17703376,21721108,20469060,17459216,,12653804,7127072,6795476,12963976,,14536292,10910672,10703808,14725812,,12,52,12,12,,1934900,3838088,3997240,1844908
14575,1,2697,915,0,1782,0,77396600,39482968,50821676,88,11617568,,17671636,21704128,20512356,17508480,,12667572,7154224,6740764,12920408,,14550444,10938548,10650252,14682432,,12,52,12,12,,1935268,3838808,3998396,1845096
14581,2,2698,915,0,1783,0,77345760,39526528,50867692,88,11620044,,17701940,21693148,20518052,17432620,,12645364,7147924,6742240,12991000,,14528536,10933128,10652780,14753248,,12,52,12,12,,1935588,3839676,3999452,1845328
14587,2,2699,915,0,1784,0,77376420,39528784,50872160,88,11622228,,17672432,21697920,20577736,17428332,,12683200,7163912,6688620,12993052,,14566688,10949920,10599972,14755580,,12,52,12,12,,1935892,3840476,4000256,1845604
14594,2,2700,915,0,1785,0,77429484,39484612,50830908,88,11625172,,17704008,21726116,20560892,17438468,,12660744,7123440,6703160,12997268,,14544688,10910612,10615580,14760028,,12,52,12,12,,1936356,3841640,4001328,1845848
14601,2,2701,915,0,1786,0,77456460,39443640,50792628,88,11627844,,17761192,21695952,20541144,17458172,,12603580,7148200,6713120,12978740,,14487840,10936448,10626628,14741712,,12,52,12,12,,1936684,3842704,4002412,1846044
14607,2,2702,915,0,1787,0,77446492,39480872,50831860,88,11629884,,17712168,21707608,20534012,17492704,,12668248,7151084,6724164,12937376,,14552888,10939836,10638552,14700584,,12,52,12,12,,1937052,3843216,4003324,1846292
14613,3,2703,915,0,1788,0,77419132,39466648,50820348,88,11632564,,17735396,21700768,20550016,17432952,,12628716,7144912,6712168,12980852,,14513764,10934760,10627564,14744260,,12,52,12,12,,1937456,3844320,4004292,1846496
14620,2,2704,915,0,1789,0,77431352,39450712,50807020,88,11635152,,17686480,21727472,20582372,17435028,,12675692,7125624,6669160,12980236,,14561080,10916512,10585448,14743980,,12,52,12,12,,1937800,3845340,4005184,1846828
14626,3,2705,915,0,1790,0,77483024,39409652,50768624,88,11637852,,17711792,21767296,20572824,17431112,,12645308,7086560,6683840,12993944,,14531016,10878796,10600936,14757876,,12,52,12,12,,1938108,3846700,4006044,1847000
14633,2,2706,915,0,1791,0,77468496,39398820,50760096,88,11640176,,17681652,21775956,20530400,17480488,,12668388,7068420,6710948,12951064,,14554400,10861564,10628892,14715240,,12,52,12,12,,1938416,3847596,4006908,1847256
14639,3,2707,915,0,1792,0,77499016,39363668,50727804,88,11642980,,17732328,21736524,20536688,17493476,,12623060,7099988,6711664,12928956,,14509524,10894080,10630748,14693452,,12,52,12,12,,1938872,3848544,4007992,1847572
14646,3,2708,915,0,1793,0,77411380,39437144,50804144,88,11645908,,17693292,21724432,20563484,17430172,,12650744,7112032,6676608,12997760,,14537544,10907100,10596972,14762528,,12,52,12,12,,1939208,3849552,4009284,1847864
14653,2,2709,915,0,1794,0,77430872,39408268,50778000,88,11648576,,17711408,21743212,20555088,17421164,,12646400,7082824,6695468,12983576,,14533664,10878956,10616808,14748572,,12,52,12,12,,1939660,3850592,4010236,1848088
14660,2,2710,915,0,1795,0,77480976,39400532,50772848,88,11651144,,17695316,21753640,20560308,17471712,,12648016,7097768,6701912,12952836,,14535596,10894936,10624228,14718088,,12,52,12,12,,1939988,3851620,4011216,1848320
14666,2,2711,915,0,1796,0,77527472,39317772,50692360,88,11653408,,17716464,21811264,20564516,17435228,,12643956,7028380,6676516,12968920,,14531964,10826244,10599720,14734432,,12,52,12,12,,1940396,3852320,4012108,1848584
14672,2,2712,915,0,1797,0,77544812,39347396,50724144,88,11655560,,17737320,21795180,20584116,17428196,,12625728,7048968,6680792,12991908,,14514076,10847736,10604676,14757656,,12,52,12,12,,1940740,3853232,4012784,1848804
14678,2,2713,915,0,1798,0,77534184,39344836,50728588,88,11662560,,17661016,21801200,20639104,17432864,,12696816,7051668,6611164,12985188,,14585484,10851676,10540216,14751212,,12,52,12,12,,1941068,3854452,4017956,1849084
14685,2,2714,915,0,1799,0,77561776,39277584,50663916,88,11665152,,17708256,21808212,20604980,17440328,,12653812,7017640,6623220,12982912,,14542828,10818912,10553032,14749144,,12,52,12,12,,1941416,3855740,4018688,1849308
14692,2,2715,915,0,1800,0,77524052,39336520,50725692,88,11667984,,17759380,21850096,20443692,17470884,,12593148,6987120,6793140,12963112,,14482544,10789416,10724160,14729572,,12,52,12,12,,1941800,3856764,4019880,1849540
14698,2,2716,915,0,1801,0,77472208,39372828,50766376,88,11672396,,17704260,21803448,20446352,17518148,,12664076,7025592,6775164,12907996,,14555928,10828812,10706972,14674664,,12,52,12,12,,1944252,3857668,4020724,1849752
14704,2,2717,915,0,1802,0,77475524,39397212,50793404,88,11674964,,17762048,21805568,20472156,17435752,,12605148,7032376,6786760,12972928,,14497308,10836208,10720036,14739852,,12,52,12,12,,1944564,3858272,4022128,1850000
14710,2,2718,915,0,1803,0,77428260,39393236,50791864,88,11677428,,17696724,21815016,20468864,17447656,,12633360,7017840,6761408,12980628,,14525884,10822624,10695560,14747796,,12,52,12,12,,1944928,3859224,4023016,1850260
14717,2,2719,915,0,1804,0,77533896,39315588,50717168,88,11680404,,17722872,21855144,20496224,17459656,,12632656,6984600,6738256,12960076,,14525600,10790744,10673352,14727472,,12,52,12,12,,1945340,3860592,4023976,1850496
14724,2,2720,915,0,1805,0,77375884,39460076,50864360,88,11683072,,17705104,21864372,20319324,17487084,,12641572,6978572,6898124,12941808,,14534892,10785504,10834508,14709456,,12,52,12,12,,1945716,3861380,4025236,1850740
14731,2,2721,915,0,1806,0,77381828,39481992,50888736,88,11685520,,17749860,21806628,20337208,17488132,,12611564,7029116,6911356,12929956,,14505288,10837136,10848428,14697884,,12,52,12,12,,1946124,3862468,4025912,1851016
14738,2,2722,915,0,1807,0,77292356,39474620,50884292,88,11688448,,17686476,21799932,20372448,17433500,,12636124,7014976,6844388,12979132,,14530164,10824208,10782644,14747276,,12,52,12,12,,1946436,3863692,4027100,1851220
14745,2,2723,915,0,1808,0,77308420,39547236,50959652,88,11691240,,17709180,21820636,20342048,17436556,,12648728,7021516,6886292,12990700,,14543180,10832120,10825264,14759088,,12,52,12,12,,1946872,3865056,4027840,1851472
14752,2,2724,915,0,1809,0,77279984,39513428,50928716,88,11694036,,17670264,21808196,20359260,17442264,,12662544,7019384,6872780,12958720,,14557344,10831012,10813040,14727320,,12,52,12,12,,1947204,3866044,4029096,1851692
14759,2,2725,915,0,1810,0,77358956,39481564,50899556,88,11696752,,17731832,21787124,20338268,17501732,,12629804,7047784,6892284,12911692,,14524976,10860396,10833612,14680572,,12,52,12,12,,1947580,3867044,4030172,1851956
14766,2,2726,915,0,1811,0,77280336,39520196,50940744,88,11699288,,17670172,21792016,20383228,17434920,,12660148,7037456,6843520,12979072,,14555724,10850776,10786076,14748168,,12,52,12,12,,1947980,3867740,4031392,1852176
14771,3,2727,915,0,1812,0,77326120,39486412,50909604,88,11701940,,17672528,21829660,20405592,17418340,,12668424,6989484,6824996,13003508,,14564380,10803792,10768596,14772836,,12,52,12,12,,1948356,3868724,4032452,1852408
14778,2,2728,915,0,1813,0,77359144,39465916,50892064,88,11704900,,17732796,21841300,20342876,17442172,,12636324,6996720,6861500,12971372,,14532580,10812412,10806156,14740916,,12,52,12,12,,1948656,3870104,4033516,1852624
14785,2,2729,915,0,1814,0,77360196,39458940,50887400,88,11707192,,17683860,21895944,20333024,17447368,,12662964,6943364,6880720,12971892,,14559588,10759720,10826400,14741692,,12,52,12,12,,1949028,3870776,4034508,1852880
14792,2,2730,915,0,1815,0,77302476,39547740,50978272,88,11709288,,17714600,21799040,20366616,17422220,,12643264,7027224,6874484,13002768,,14540164,10844512,10820764,14772832,,12,52,12,12,,1949316,3871712,4035112,1853148
14798,2,2731,915,0,1816,0,77022852,39779812,51213076,88,11711984,,17661352,21509780,20435932,17415788,,12677864,7323348,6786576,12992024,,14575152,11141900,10733748,14762276,,12,52,12,12,,1949696,3872964,4036004,1853320
14805,2,2732,915,0,1817,0,77029720,39785748,51221980,88,11714964,,17694944,21572788,20343184,17418804,,12665564,7241496,6884904,12993784,,14563224,11061316,10833112,14764328,,12,52,12,12,,1950060,3874244,4037040,1853620
14812,2,2733,915,0,1818,0,77150316,39694912,51133828,88,11717708,,17728636,21620888,20328956,17471836,,12632476,7205800,6899756,12956880,,14530480,11026548,10849120,14727680,,12,52,12,12,,1950412,3875216,4038208,1853872
14818,2,2734,915,0,1819,0,77168864,39603944,51045184,88,11720008,,17713708,21656904,20325340,17472912,,12633916,7156976,6868184,12944868,,14532304,10978724,10818292,14715864,,12,52,12,12,,1950792,3876200,4038948,1854068
14824,1,2735,915,0,1820,0,77182028,39594936,51038496,88,11722284,,17740968,21604744,20353596,17482720,,12609552,7202460,6862516,12920408,,14508168,11024668,10814032,14691628,,12,52,12,12,,1951012,3876620,4040360,1854292
14829,3,2736,915,0,1821,0,77114800,39676276,51122168,88,11724640,,17699668,21599752,20391044,17424336,,12641928,7216320,6815808,13002220,,14540920,11039372,10768204,14773672,,12,52,12,12,,1951396,3877460,4041256,1854528
14837,2,2737,915,0,1822,0,77217152,39577888,51026804,88,11727668,,17713072,21640168,20413680,17450232,,12636828,7174948,6787752,12978360,,14536296,10999292,10741120,14750096,,12,52,12,12,,1951868,3878768,4042224,1854808
14844,2,2738,915,0,1823,0,77118532,39670372,51122292,88,11730616,,17672672,21633964,20331480,17480416,,12664500,7196368,6877712,12931792,,14564344,11021836,10832340,14703772,,12,52,12,12,,1952232,3879868,4043460,1855056
14851,2,2739,915,0,1824,0,77089072,39704204,51158144,88,11732632,,17735876,21576772,20349612,17426812,,12621280,7230364,6862192,12990368,,14521464,11056660,10817504,14762516,,12,52,12,12,,1952580,3880680,4044144,1855228
14857,2,2740,915,0,1825,0,77125636,39697640,51154248,88,11735308,,17677108,21583768,20432624,17432136,,12682268,7218452,6797536,12999384,,14582872,11045876,10753716,14771784,,12,52,12,12,,1953000,3881828,4045012,1855468
14864,2,2741,915,0,1826,0,77176404,39588444,51052324,88,11742496,,17692236,21661656,20398080,17424432,,12647952,7153868,6795708,12990916,,14548960,10982728,10757100,14763536,,12,52,12,12,,1953412,3883216,4050180,1855688
14870,2,2742,915,0,1827,0,77186864,39582908,51049816,88,11745488,,17677332,21699496,20354908,17455128,,12671828,7110316,6846224,12954540,,14573188,10940284,10808880,14727464,,12,52,12,12,,1953752,3884324,4051416,1855996
14878,2,2743,915,0,1828,0,77176572,39576196,51045508,88,11747876,,17714600,21664596,20343264,17454112,,12632560,7137612,6859168,12946856,,14534352,10968568,10822612,14719976,,12,52,12,12,,1954184,3885308,4052184,1856200
14884,2,2744,915,0,1829,0,77201744,39546476,51022288,88,11754364,,17679692,21655452,20372592,17494008,,12662412,7155056,6825312,12903696,,14564552,10990684,10790012,14677040,,12,52,12,12,,1954536,3889972,4053440,1856416
14890,2,2745,915,0,1830,0,77202528,39567956,51046228,88,11756824,,17662856,21681608,20423904,17434160,,12676232,7125248,6782084,12984392,,14578768,10961620,10747848,14757992,,12,52,12,12,,1954932,3890700,4054520,1856672
14897,2,2746,915,0,1831,0,77280636,39487544,50968728,88,11759724,,17711560,21683756,20452584,17432736,,12645648,7123156,6733316,12985424,,14548584,10960872,10700048,14759224,,12,52,12,12,,1955328,3892036,4055480,1856880
14904,2,2747,915,0,1832,0,77200780,39528612,51012720,88,11762688,,17672004,21713448,20358888,17456440,,12676416,7090204,6827984,12934008,,14579768,10928948,10795956,14708048,,12,52,12,12,,1955744,3893076,4056744,1857124
14911,2,2748,915,0,1833,0,77268228,39500876,50987312,88,11764952,,17723488,21679408,20377044,17488288,,12624724,7124668,6830540,12920944,,14528416,10964428,10799224,14695244,,12,52,12,12,,1956084,3894088,4057412,1857368
14917,2,2749,915,0,1834,0,77175796,39555576,51044480,88,11767464,,17657568,21664836,20438208,17415184,,12682344,7128812,6766836,12977584,,14586460,10969564,10736364,14752092,,12,52,12,12,,1956516,3895108,4058272,1857568
14924,2,2750,915,0,1835,0,77232068,39504484,51000404,88,11774520,,17706632,21698804,20410884,17415748,,12638568,7090900,6768988,13006028,,14543100,10932992,10743588,14780724,,12,52,12,12,,1956924,3896436,4063400,1857760
14931,2,2751,915,0,1836,0,77294856,39458332,50957396,88,11777588,,17741468,21706504,20373444,17473440,,12598204,7093844,6819732,12946552,,14503124,10937136,10795632,14721504,,12,52,12,12,,1957316,3897608,4064644,1858020
14938,2,2752,915,0,1837,0,77300312,39460672,50962284,88,11780168,,17710632,21664980,20425624,17499076,,12636176,7125256,6785544,12913696,,14541508,10969548,10762280,14688948,,12,52,12,12,,1957724,3898612,4065496,1858336
14945,2,2753,915,0,1838,0,77271832,39449244,50957920,88,11787200,,17673480,21659524,20513060,17425768,,12666164,7136240,6668360,12978480,,14571892,10985396,10646660,14753972,,12,52,12,12,,1958136,3903472,4067048,1858544
14953,2,2754,915,0,1839,0,77338488,39380888,50892920,88,11790560,,17688736,21679816,20546712,17423224,,12648660,7111084,6643092,12978052,,14554848,10961776,10622484,14753812,,12,52,12,12,,1958580,3905008,4068144,1858828
14960,3,2755,915,0,1840,0,77444324,39301884,50817008,88,11793640,,17761580,21691748,20516216,17474780,,12573336,7112320,6669284,12946944,,14479908,10964124,10649984,14722992,,12,52,12,12,,1958964,3906152,4069416,1859108
14967,2,2756,915,0,1841,0,77361012,39352236,50869556,88,11795872,,17704764,21657652,20507840,17490756,,12629164,7114548,6684612,12923912,,14536112,10967256,10666016,14700172,,12,52,12,12,,1959340,3907056,4070152,1859324
14974,2,2757,915,0,1842,0,77438924,39269388,50788928,88,11798064,,17737056,21651404,20540504,17509960,,12601324,7119464,6645248,12903352,,14508644,10972888,10627596,14679800,,12,52,12,12,,1959716,3907776,4071072,1859500
14980,1,2758,915,0,1843,0,77306180,39416640,50938668,88,11800540,,17673904,21665464,20538104,17428708,,12670104,7130760,6651988,12963788,,14577688,10985320,10635200,14740460,,12,52,12,12,,1959980,3908912,4071916,1859732
14985,3,2759,915,0,1844,0,77353576,39337664,50862244,88,11803092,,17697924,21715908,20503108,17436636,,12639720,7067572,6664728,12965644,,14547668,10923356,10648688,14742532,,12,52,12,12,,1960340,3910148,4072652,1859952
14993,2,2760,915,0,1845,0,77451152,39239784,50767324,88,11806036,,17715688,21765752,20496944,17472768,,12604032,7025388,6673616,12936748,,14512392,10882296,10658704,14713932,,12,52,12,12,,1960748,3911272,4073772,1860244
14999,2,2761,915,0,1846,0,77398528,39296296,50826140,88,11808356,,17704368,21709488,20505820,17478852,,12624368,7064876,6671256,12935796,,14533032,10922660,10657288,14713160,,12,52,12,12,,1961056,3912132,4074736,1860432
15005,2,2762,915,0,1847,0,77390088,39319580,50852028,88,11810944,,17704648,21713136,20543640,17428664,,12622720,7080764,6638088,12978008,,14531720,10939224,10625504,14755580,,12,52,12,12,,1961396,3912812,4076108,1860628
15012,2,2763,915,0,1848,0,77431032,39288056,50823076,88,11813516,,17665468,21744832,20603224,17417508,,12677852,7033664,6584300,12992240,,14587184,10893112,10572756,14770024,,12,52,12,12,,1961728,3913800,4077148,1860840
15018,3,2764,915,0,1849,0,77526324,39202348,50740632,88,11816792,,17746616,21775320,20554580,17449808,,12597008,7007324,6632704,12965312,,14506768,10868160,10622344,14743360,,12,52,12,12,,1962156,3915192,4078336,1861108
15026,2,2765,915,0,1850,0,77460412,39209180,50749720,88,11819112,,17692052,21795308,20511888,17461164,,12633796,6977656,6658444,12939284,,14543904,10839184,10649024,14717608,,12,52,12,12,,1962504,3915952,4079272,1861384
15033,2,2766,915,0,1851,0,77355116,39307540,50850304,88,11821264,,17673380,21708196,20544168,17429372,,12635956,7065828,6633232,12972524,,14546472,10928380,10624340,14751112,,12,52,12,12,,1962908,3916912,4079792,1861652
15039,3,2767,915,0,1852,0,77376120,39326488,50872548,88,11824552,,17688644,21712936,20538540,17436000,,12637748,7075148,6634416,12979176,,14548600,10938972,10626916,14758060,,12,52,12,12,,1963244,3918184,4081188,1861936
15046,2,2768,915,0,1853,0,77421816,39287988,50836312,88,11826872,,17695752,21754956,20527712,17443396,,12638208,7031484,6654644,12963652,,14549384,10896560,10647652,14742716,,12,52,12,12,,1963564,3919452,4081732,1862124
15052,3,2769,914,0,1855,1,77531120,38768524,50733392,88,12242544,,17757668,21759676,20529328,17484448,,12579016,6842484,6417204,12929820,,14490544,10890556,10643144,14709148,,12,52,12,12,,1963920,4102052,4314184,1862388
15059,2,2770,914,0,1856,1,77401380,38601388,50826304,88,12501884,,17701912,21683984,20534580,17480904,,12623548,6742720,6299096,12936024,,14535396,10943080,10632232,14715596,,12,52,12,12,,1964240,4253900,4421112,1862632
15066,2,2771,914,0,1857,1,77425680,38522764,50810384,88,12564264,,17689756,21669540,20633940,17432444,,12626248,6740980,6186408,12969128,,14538472,10974084,10548864,14748964,,12,52,12,12,,1964624,4286504,4450240,1862896
15072,2,2772,914,0,1858,1,77456584,39067732,50766356,88,11975788,,17673924,21705992,20653700,17422968,,12657928,6968764,6471208,12969832,,14570448,10936600,10509380,14749928,,12,52,12,12,,1964916,4021492,4126216,1863164
15079,2,2773,914,0,1859,1,77525872,38997032,50699952,88,11981256,,17737836,21714892,20622752,17450392,,12588348,6944900,6494776,12969008,,14501248,10914160,10535144,14749400,,12,52,12,12,,1965292,4024024,4128476,1863464
15086,3,2774,914,1,1859,0,77442356,40851320,50830252,88,10256424,,17698304,21645152,20616388,17482512,,12642864,7880504,7392000,12935952,,14556220,10993152,10564260,14716620,,12,52,12,12,,1965760,3166560,3260376,1863728
15093,3,2775,915,0,1860,0,77382224,40842156,50823464,88,10258660,,17674940,21650384,20633212,17423688,,12626224,7893944,7358004,12963984,,14539900,11007364,10531296,14744904,,12,52,12,12,,1966072,3167180,3261428,1863980
15100,2,2776,915,0,1861,0,77430424,40810736,50796608,88,10263284,,17673316,21641308,20685444,17430356,,12653916,7884072,7303256,12969492,,14567932,11000776,10477228,14750672,,12,52,12,12,,1966404,3170456,3262180,1864244
15106,2,2777,915,0,1862,0,77523616,40714908,50703504,88,10265980,,17709324,21716120,20666868,17431304,,12625116,7810656,7316440,12962696,,14539548,10928580,10491252,14744124,,12,52,12,12,,1966828,3171696,3262968,1864488
15113,2,2778,915,0,1863,0,77454920,40732804,50724924,88,10269532,,17684432,21692288,20623436,17454764,,12623068,7808908,7360560,12940268,,14537908,10928072,10536920,14722024,,12,52,12,12,,1967232,3172920,3264560,1864820
15121,2,2779,915,0,1864,0,77521668,40723280,50718076,88,10272212,,17735540,21684796,20634484,17466848,,12587064,7835500,7366488,12934228,,14502228,10955648,10543948,14716252,,12,52,12,12,,1967572,3173892,3265664,1865084
15128,2,2780,915,0,1865,0,77488980,40762476,50759572,88,10274508,,17689580,21681112,20700284,17418004,,12652032,7844696,7290392,12975356,,14567636,10965712,10468680,14757544,,12,52,12,12,,1967996,3174752,3266516,1865244
15134,3,2781,915,0,1866,0,77476820,40783856,50784076,88,10277616,,17713248,21719460,20632720,17411392,,12628148,7798772,7371960,12984976,,14544140,10921032,10551416,14767488,,12,52,12,12,,1968388,3175996,3267660,1865572
15141,2,2782,915,0,1867,0,77577012,40691680,50694648,88,10280352,,17688852,21798324,20629824,17460012,,12633624,7731432,7378932,12947692,,14550020,10854692,10559536,14730400,,12,52,12,12,,1968808,3176980,3268800,1865764
15148,2,2783,915,0,1868,0,77360792,40600208,50873072,88,10550284,,17731212,21743828,20415672,17470080,,12600492,7630764,7432616,12936336,,14517324,10889644,10746844,14719260,,12,52,12,12,,1969220,3312656,3402428,1865980
15154,3,2784,915,0,1869,0,77340748,40603020,50878060,88,10552436,,17708184,21744836,20451148,17436580,,12603852,7622564,7412160,12964444,,14520984,10882136,10727368,14747572,,12,52,12,12,,1969528,3313320,3403404,1866184
15161,2,2785,915,0,1870,0,77327876,40612744,50890884,88,10555540,,17665336,21750684,20503568,17408288,,12648528,7634000,7340328,12989888,,14566076,10895012,10656492,14773304,,12,52,12,12,,1969936,3314764,3404360,1866480
15168,2,2786,915,0,1871,0,77216600,40728552,51009480,88,10558368,,17669032,21644156,20464608,17438804,,12641100,7732248,7384400,12970804,,14559092,10994524,10701368,14754496,,12,52,12,12,,1970388,3316036,3405192,1866752
15174,2,2787,915,0,1872,0,77106944,40854580,51137968,88,10560804,,17681808,21641604,20296596,17486936,,12637960,7735240,7551532,12929848,,14556300,10998200,10869712,14713756,,12,52,12,12,,1970732,3316712,3406388,1866972
15181,2,2788,915,0,1873,0,77017748,40940568,51226724,88,10563592,,17716624,21598856,20299144,17403124,,12614616,7766496,7555112,13004344,,14533316,11030500,10874400,14788508,,12,52,12,12,,1971096,3317796,3407476,1867224
15187,2,2789,915,0,1874,0,77035460,40940656,51229012,88,10565824,,17673264,21601560,20348708,17411928,,12652600,7782800,7510952,12994304,,14571656,11047640,10831028,14778688,,12,52,12,12,,1971448,3318644,3408284,1867448
15193,2,2790,915,0,1875,0,77123880,40809780,51100708,88,10568348,,17692300,21651112,20362964,17417504,,12618836,7715120,7497628,12978196,,14538184,10981032,10818720,14762772,,12,52,12,12,,1971740,3319692,3409284,1867632
15200,2,2791,915,0,1876,0,77301324,40622000,50915752,88,10571160,,17755292,21691788,20390352,17463892,,12563380,7676164,7445784,12936672,,14483120,10943032,10768136,14721464,,12,52,12,12,,1972128,3320652,3410536,1867844
15207,2,2792,915,0,1877,0,77132240,40789720,51085608,88,10573424,,17711820,21612020,20344236,17464164,,12611372,7765372,7479300,12933676,,14531500,11032816,10802520,14718772,,12,52,12,12,,1972508,3321308,3411452,1868156
15214,2,2793,915,0,1878,0,77082096,40827096,51126004,88,10576388,,17675720,21576624,20386844,17442908,,12621564,7806828,7454064,12944640,,14542156,11075424,10778460,14729964,,12,52,12,12,,1972980,3322432,3412588,1868388
15221,3,2794,915,0,1879,0,77118308,40799520,51101624,88,10579612,,17671808,21593840,20441464,17411196,,12633680,7777668,7399852,12988320,,14554712,11047764,10725264,14773884,,12,52,12,12,,1973420,3323940,3413624,1868628
15229,2,2795,915,0,1880,0,77180408,40705932,51011184,88,10582792,,17688988,21600844,20446200,17444376,,12628360,7755008,7384336,12938228,,14549860,11026400,10710816,14724108,,12,52,12,12,,1973876,3325268,3414704,1868944
15236,2,2796,915,0,1881,0,77207636,40694708,51002204,88,10584984,,17698768,21624548,20405152,17479168,,12624468,7731784,7425948,12912508,,14546268,11003900,10753424,14698612,,12,52,12,12,,1974172,3325992,3415660,1869160
15243,2,2797,915,0,1882,0,77091960,40803564,51114200,88,10588136,,17687204,21554352,20424212,17426192,,12628152,7799728,7412520,12963164,,14550432,11072904,10741340,14749524,,12,52,12,12,,1974668,3327032,3417024,1869412
15250,2,2798,915,0,1883,0,77101824,40794496,51107728,88,10590688,,17683380,21571384,20428020,17419040,,12616728,7787876,7410480,12979412,,14539368,11061828,10740568,14765964,,12,52,12,12,,1975016,3327788,3418288,1869596
15257,2,2799,915,0,1884,0,77163500,40773060,51089076,88,10593552,,17727560,21589264,20402872,17443804,,12597500,7783200,7424616,12967744,,14520612,11058432,10755512,14754520,,12,52,12,12,,1975496,3329148,3419096,1869812
15264,2,2800,915,0,1885,0,76724908,41176696,51495536,88,10596284,,17707700,21221540,20361224,17434444,,12611808,8132340,7465348,12967200,,14535248,11408632,10797420,14754236,,12,52,12,12,,1975812,3330140,3420260,1870072
15270,3,2801,915,0,1886,0,76812452,41122680,51443684,88,10598484,,17762784,21186800,20372460,17490408,,12561420,8173724,7473340,12914196,,14485204,11450872,10806120,14701488,,12,52,12,12,,1976164,3331000,3420972,1870348
15277,3,2802,915,0,1887,0,76672376,41202884,51526416,88,10600996,,17669904,21191640,20391956,17418876,,12635312,8173948,7432420,12961204,,14559492,11452232,10765988,14748704,,12,52,12,12,,1976564,3332124,3421760,1870548
15284,2,2803,915,0,1888,0,76703220,41194444,51521092,88,10604104,,17686376,21183420,20419644,17413780,,12620684,8165752,7413084,12994924,,14545264,11445408,10747704,14782716,,12,52,12,12,,1976960,3333496,3422812,1870836
15291,2,2804,915,0,1889,0,76731152,41201236,51530936,88,10607168,,17668908,21223724,20357520,17481000,,12642696,8140436,7480172,12937932,,14567644,11421260,10816068,14725964,,12,52,12,12,,1977332,3334668,3424092,1871076
15298,2,2805,915,0,1890,0,76571076,41339792,51671900,88,10609544,,17705708,21169896,20234724,17460748,,12608052,8174212,7603900,12953628,,14533408,11455968,10940624,14741900,,12,52,12,12,,1977736,3335588,3424904,1871316
15305,2,2806,915,0,1891,0,76514632,41393112,51728128,88,10612484,,17669312,21166828,20261724,17416768,,12648132,8205416,7573360,12966204,,14573820,11487872,10911652,14754784,,12,52,12,12,,1978080,3336312,3426476,1871616
15312,2,2807,915,0,1892,0,76670716,41206568,51544276,88,10615156,,17670436,21226796,20348744,17424740,,12623272,8135412,7477968,12969916,,14549396,11418888,10817284,14758708,,12,52,12,12,,1978500,3337312,3427512,1871832
15319,2,2808,915,0,1893,0,76760932,41138028,51478828,88,10618268,,17739464,21255116,20321860,17444492,,12576720,8107380,7505592,12948336,,14503208,11392200,10846044,14737376,,12,52,12,12,,1978876,3338668,3428640,1872084
15326,2,2809,915,0,1894,0,76681468,41214764,51557956,88,10620692,,17685824,21201156,20328152,17466336,,12627200,8146376,7499560,12941628,,14554096,11431952,10840904,14731004,,12,52,12,12,,1979288,3339440,3429544,1872420
15333,2,2810,915,0,1895,0,76571396,41275148,51620480,88,10622800,,17672500,21184720,20292064,17422112,,12621192,8164328,7524328,12965300,,14548412,11450864,10866320,14754884,,12,52,12,12,,1979612,3340380,3430172,1872636
15339,2,2811,915,0,1896,0,76621060,41285952,51634192,88,10625716,,17670436,21207308,20329124,17414192,,12646144,8152240,7504776,12982792,,14573720,11439980,10847880,14772612,,12,52,12,12,,1979952,3341580,3431328,1872856
15346,2,2812,915,0,1897,0,76751656,41161000,51512092,88,10628528,,17706316,21255556,20347020,17442764,,12612416,8115440,7478344,12954800,,14540440,11404460,10822292,14744900,,12,52,12,12,,1980372,3342872,3432136,1873148
15353,3,2813,915,0,1898,0,76709592,41140932,51495344,88,10631836,,17683484,21239624,20306004,17480480,,12605552,8115832,7505508,12914040,,14533956,11406012,10850980,14704396,,12,52,12,12,,1980744,3344024,3433664,1873404
15360,2,2814,915,0,1899,0,76716932,41150980,51507804,88,10634284,,17749076,21184980,20299888,17482988,,12561644,8151108,7522936,12915292,,14490312,11442112,10869524,14705856,,12,52,12,12,,1981000,3344916,3434764,1873604
15367,2,2815,915,0,1900,0,76650096,41214524,51573444,88,10636432,,17691580,21191932,20337256,17429328,,12623324,8154276,7482484,12954440,,14552408,11445992,10829844,14745200,,12,52,12,12,,1981424,3345648,3435536,1873824
15373,2,2816,915,0,1901,0,76687344,41195372,51557332,88,10639452,,17698460,21205460,20358992,17424432,,12603144,8147328,7459508,12985392,,14532568,11440460,10807828,14776476,,12,52,12,12,,1981772,3347048,3436504,1874128
15380,2,2817,915,0,1902,0,76777228,41069352,51434312,88,10642440,,17722484,21227172,20365016,17462556,,12572728,8112372,7448244,12936008,,14502516,11406544,10797904,14727348,,12,52,12,12,,1982124,3348072,3437852,1874392
15388,2,2818,915,0,1903,0,76726844,41153144,51520732,88,10645044,,17690440,21184396,20364968,17487040,,12623976,8147240,7464804,12917124,,14554268,11442460,10815316,14708688,,12,52,12,12,,1982620,3349132,3438692,1874600
15394,3,2819,915,0,1904,0,76672184,41151540,51521792,88,10647692,,17675024,21188476,20410848,17397836,,12609768,8158116,7405768,12977888,,14540400,11454288,10757380,14769724,,12,52,12,12,,1982968,3350060,3439792,1874872
15402,2,2820,915,0,1905,0,76754440,41124640,51498012,88,10650836,,17693024,21217348,20431524,17412544,,12615344,8134720,7385472,12989104,,14546424,11432364,10738068,14781156,,12,52,12,12,,1983396,3351548,3440788,1875104
15408,2,2821,915,0,1906,0,76896552,41010144,51386164,88,10653464,,17744216,21273576,20434128,17444632,,12578388,8069712,7401288,12960756,,14509768,11368680,10754696,14753020,,12,52,12,12,,1983704,3352876,3441584,1875300
15415,2,2822,915,0,1907,0,76836292,41011732,51390336,88,10656040,,17702896,21260620,20428468,17444308,,12601884,8066700,7389472,12953676,,14533664,11366372,10744096,14746204,,12,52,12,12,,1984108,3353560,3442808,1875564
15422,2,2823,915,0,1908,0,76892788,40960532,51341968,88,10658880,,17759464,21251356,20453596,17428372,,12565272,8093524,7354756,12946980,,14497484,11394188,10710484,14739812,,12,52,12,12,,1984540,3354564,3443908,1875868
15429,2,2824,915,0,1909,0,76863356,41000468,51384580,88,10661568,,17690060,21280552,20476292,17416452,,12617564,8069356,7334360,12979188,,14550136,11370860,10691304,14772280,,12,52,12,12,,1984904,3355388,3445160,1876116
15436,2,2825,915,0,1910,0,77027344,40833772,51220624,88,10664344,,17718108,21329228,20536864,17443144,,12587812,8007816,7285740,12952404,,14520872,11310564,10643448,14745740,,12,52,12,12,,1985384,3356660,3445944,1876356
15443,2,2826,915,0,1911,0,76963688,40879044,51268600,88,10666972,,17680876,21349260,20442888,17490664,,12600836,7993600,7372816,12911792,,14534076,11297384,10731736,14705404,,12,52,12,12,,1985556,3357676,3447096,1876644
15449,3,2827,915,0,1912,0,76910520,40948268,51340312,88,10669472,,17716984,21291084,20435804,17466648,,12597520,8027648,7399464,12923636,,14531148,11332356,10759336,14717472,,12,52,12,12,,1985956,3358596,3448060,1876860
15456,2,2828,915,0,1913,0,76880380,40975564,51370420,88,10672300,,17672460,21290552,20508104,17409264,,12635372,8041660,7314508,12984024,,14569360,11347524,10675372,14778164,,12,52,12,12,,1986312,3359756,3449056,1877176
15463,2,2829,915,0,1914,0,76970432,40918584,51316312,88,10675164,,17695288,21342280,20509160,17423704,,12628512,8008712,7297516,12983844,,14562876,11315860,10659384,14778192,,12,52,12,12,,1986700,3361052,3450040,1877372
15470,1,2830,915,0,1915,0,77060884,40804848,51205128,88,10677688,,17761264,21369644,20469016,17460960,,12548864,7969620,7351796,12934568,,14483536,11277744,10714656,14729192,,12,52,12,12,,1986984,3362012,3451044,1877648
15476,2,2831,915,0,1916,0,76887608,40925988,51328616,88,10680016,,17741332,21363332,20332964,17449980,,12558856,7963964,7479208,12923960,,14494048,11272744,10842980,14718844,,12,52,12,12,,1987492,3362664,3451952,1877908
15483,2,2832,915,0,1917,0,76785272,41012048,51419336,88,10684708,,17740664,21209272,20413400,17421936,,12544056,8103476,7393712,12970804,,14479500,11413248,10758596,14767992,,12,52,12,12,,1987796,3363660,3453064,1880188
15489,2,2833,915,0,1918,0,76832524,41008888,51418600,88,10687092,,17673324,21282488,20451752,17424960,,12627400,8056392,7355472,12969624,,14563288,11366892,10721420,14767000,,12,52,12,12,,1988200,3364388,3454136,1880368
15495,3,2834,915,0,1919,0,76921252,40925980,51338488,88,10689924,,17715648,21295108,20458396,17452100,,12598336,8030064,7349192,12948388,,14534664,11341796,10715988,14746040,,12,52,12,12,,1988652,3365636,3454984,1880652
15502,2,2835,915,0,1920,0,76820636,40999816,51415376,88,10692944,,17663236,21273860,20384196,17499344,,12647860,8042592,7418552,12890812,,14584660,11355412,10786584,14688720,,12,52,12,12,,1989108,3366728,3456208,1880900
15510,2,2836,915,0,1921,0,76804964,41038264,51458516,88,10697624,,17698068,21278420,20406364,17422112,,12607748,8053480,7407228,12969808,,14547056,11367268,10776284,14767908,,12,52,12,12,,1991624,3367680,3457236,1881084
15516,2,2837,915,0,1922,0,76827856,40982520,51405228,88,10700076,,17683520,21257204,20457980,17429152,,12628104,8047212,7347984,12959220,,14567720,11362132,10717880,14757496,,12,52,12,12,,1991932,3368820,3458068,1881256
15522,2,2838,915,0,1923,0,76841628,40986552,51411868,88,10702676,,17663712,21296436,20459888,17421592,,12636612,8026660,7349340,12973940,,14576600,11342576,10720216,14772476,,12,52,12,12,,1992296,3369796,3459056,1881528
15529,3,2839,915,0,1924,0,76971496,40845660,51274144,88,10705932,,17745524,21352240,20419884,17453848,,12559912,7966088,7382144,12937516,,14500284,11283400,10754216,14736244,,12,52,12,12,,1992692,3371220,3460312,1881708
15536,2,2840,915,0,1925,0,76677956,41121480,51552252,88,10708172,,17696500,21298360,20180688,17502408,,12600748,8011860,7617052,12891820,,14541520,11329844,10990064,14690824,,12,52,12,12,,1993080,3371900,3461200,1881992
15544,2,2841,915,0,1926,0,76695852,41084768,51518792,88,10711400,,17680392,21315360,20265340,17434760,,12607928,8003036,7527136,12946668,,14549068,11322108,10901632,14745984,,12,52,12,12,,1993448,3372972,3462672,1882308
15550,2,2842,915,0,1927,0,76743228,41053512,51490132,88,10713968,,17685764,21339492,20295368,17422604,,12614532,7988168,7498920,12951892,,14556108,11308264,10874348,14751412,,12,52,12,12,,1993880,3373988,3463588,1882512
15557,2,2843,915,0,1928,0,76923812,40909132,51348724,88,10716984,,17731124,21398688,20346468,17447532,,12571492,7938008,7463524,12936108,,14513520,11259420,10839900,14735884,,12,52,12,12,,1994316,3375340,3464564,1882764
15564,3,2844,915,0,1929,0,76665308,41111924,51554348,88,10719768,,17700588,21363164,20143060,17458496,,12590668,7961300,7644688,12915268,,14533200,11283504,11022360,14715284,,12,52,12,12,,1994828,3376100,3465840,1883000
15572,2,2845,915,0,1930,0,76737576,41038148,51483160,88,10722392,,17737704,21381908,20174864,17443100,,12560560,7933084,7618132,12926372,,14503532,11256408,10996544,14726676,,12,52,12,12,,1995280,3377240,3466580,1883292
15580,2,2846,915,0,1931,0,76734468,41084760,51533372,88,10725960,,17697692,21407824,20195352,17433600,,12615028,7911040,7611256,12947436,,14558440,11235892,10991040,14748000,,12,52,12,12,,1995712,3378740,3467956,1883552
15586,2,2847,915,0,1932,0,76843568,40940220,51391152,88,10728408,,17723628,21478248,20203616,17438076,,12565460,7837400,7592700,12944660,,14509244,11163100,10973340,14745468,,12,52,12,12,,1996084,3379676,3468840,1883808
15593,2,2848,915,0,1933,0,76683848,41094880,51549204,88,10731708,,17674012,21397888,20156048,17455900,,12607944,7922048,7639708,12925180,,14552244,11248984,11021664,14726312,,12,52,12,12,,1996596,3380856,3470132,1884124
15600,2,2849,915,0,1934,0,76743684,41042900,51499684,88,10734192,,17742904,21400228,20175776,17424776,,12566384,7900036,7623344,12953136,,14510988,11227836,11006392,14754468,,12,52,12,12,,1996932,3381716,3471220,1884324
15607,2,2850,915,0,1935,0,76715608,41054812,51513732,88,10736312,,17668004,21405396,20215880,17426328,,12625940,7892396,7583204,12953272,,14570948,11220828,10967084,14754872,,12,52,12,12,,1997292,3382356,3472068,1884596
15614,2,2851,915,0,1936,0,76832220,40993108,51455532,88,10739836,,17702760,21458980,20227200,17443280,,12593580,7868528,7588556,12942444,,14539060,11198584,10973556,14744332,,12,52,12,12,,1997776,3383984,3473188,1884888
15622,2,2852,915,0,1937,0,76752628,41037136,51502708,88,10742976,,17672460,21299252,20273232,17507684,,12610756,8005680,7538040,12882660,,14556736,11336860,10924304,14684808,,12,52,12,12,,1998288,3385100,3474448,1885140
15629,2,2853,915,0,1938,0,76806016,41007524,51475544,88,10745420,,17725504,21254352,20316980,17509180,,12573504,8059752,7486720,12887548,,14519836,11391796,10873996,14689916,,12,52,12,12,,1998632,3385976,3475468,1885344
15636,2,2854,915,0,1939,0,76718148,41065356,51536028,88,10748084,,17679632,21249336,20351088,17438092,,12615604,8062300,7435180,12952272,,14562368,11395500,10823300,14754860,,12,52,12,12,,1999056,3387164,3476296,1885568
15642,2,2855,915,0,1940,0,76806716,41008268,51481540,88,10750660,,17702408,21306472,20359388,17438448,,12606260,8008772,7447808,12945428,,14553340,11342992,10836960,14748248,,12,52,12,12,,1999372,3388140,3477340,1885808
15649,2,2856,915,0,1941,0,76848660,40949160,51425172,88,10753384,,17735780,21318128,20317136,17477616,,12561928,7986332,7474984,12925916,,14509420,11321868,10864888,14728996,,12,52,12,12,,1999788,3389452,3478084,1886060
15655,3,2857,915,0,1942,0,76671080,41124516,51603184,88,10756076,,17688752,21192016,20325308,17465004,,12613296,8116676,7474504,12920040,,14561212,11452880,10865688,14723404,,12,52,12,12,,2000208,3390156,3479364,1886348
15662,3,2858,915,0,1943,0,76695028,41113024,51594476,88,10758836,,17743636,21178220,20335860,17437312,,12558408,8135660,7466200,12952756,,14506740,11472984,10858440,14756312,,12,52,12,12,,2000628,3391248,3480420,1886540
15669,2,2859,915,0,1944,0,76772388,41010596,51494556,88,10761336,,17691896,21200664,20445084,17434744,,12582056,8106084,7354832,12967624,,14530692,11444192,10748240,14771432,,12,52,12,12,,2000936,3392024,3481588,1886788
15676,2,2860,915,0,1945,0,76830464,40995760,51482268,88,10763896,,17707700,21195216,20468076,17459472,,12592872,8112300,7342720,12947868,,14541860,11451620,10736852,14751936,,12,52,12,12,,2001284,3393248,3482316,1887048
15682,2,2861,915,0,1946,0,76867812,40897476,51386764,88,10766716,,17680080,21261580,20416996,17509156,,12603148,8036108,7382208,12876012,,14552540,11376532,10777424,14680268,,12,52,12,12,,2001700,3394336,3483444,1887236
15689,2,2862,915,0,1947,0,76758308,41034348,51526268,88,10769280,,17740644,21199824,20383868,17433972,,12559920,8100988,7419644,12953796,,14509664,11442392,10815916,14758296,,12,52,12,12,,2002020,3395328,3484452,1887480
15696,3,2863,915,0,1948,0,76812008,40934100,51429020,88,10772312,,17690640,21189904,20501364,17430100,,12597560,8095996,7292364,12948180,,14547624,11438888,10689544,14752964,,12,52,12,12,,2002368,3396812,3485368,1887764
15704,2,2864,915,0,1949,0,76862124,40900372,51398112,88,10775100,,17704504,21257496,20457464,17442660,,12582164,8034964,7331440,12951804,,14532680,11379004,10729660,14756768,,12,52,12,12,,2002796,3397956,3486404,1887944
15710,2,2865,915,0,1950,0,76869864,40887796,51388632,88,10778212,,17667624,21263736,20440572,17497932,,12620820,8023532,7351672,12891772,,14571772,11368740,10751068,14697052,,12,52,12,12,,2003244,3399132,3487572,1888264
15718,2,2866,915,0,1951,0,76885536,40862220,51365848,88,10781000,,17701376,21241004,20435612,17507544,,12585072,8059808,7348628,12868712,,14536520,11406036,10749008,14674284,,12,52,12,12,,2003724,3400148,3488572,1888556
15725,2,2867,915,0,1952,0,76848820,40912620,51418984,88,10783732,,17680148,21229648,20485468,17453556,,12600856,8069556,7301528,12940680,,14552624,11416516,10703384,14746460,,12,52,12,12,,2004068,3400884,3490032,1888748
15732,2,2868,915,0,1953,0,76915584,40850060,51358824,88,10786124,,17660844,21306660,20500512,17447568,,12616188,7992912,7302928,12938032,,14568336,11340760,10705692,14744036,,12,52,12,12,,2004420,3401796,3490936,1888972
15738,2,2869,915,0,1954,0,77104468,40665104,51176612,88,10788912,,17742312,21390288,20507144,17464724,,12549208,7899208,7278420,12938268,,14501724,11248340,10681976,14744572,,12,52,12,12,,2004796,3403068,3491764,1889284
15745,3,2870,915,0,1955,0,76865012,40852036,51366324,88,10791660,,17719988,21455456,20231752,17457816,,12561328,7820424,7548368,12921916,,14514228,11170408,10953212,14728476,,12,52,12,12,,2005184,3403916,3493028,1889532
15752,3,2871,915,0,1956,0,76868744,40876656,51394164,88,10794880,,17720568,21383740,20287748,17476688,,12566928,7913960,7504792,12890976,,14520344,11265200,10910768,14697852,,12,52,12,12,,2005700,3405164,3494164,1889852
15760,3,2872,915,0,1957,0,76874476,40856596,51377368,88,10798164,,17681716,21408272,20351180,17433308,,12599668,7880472,7418008,12958448,,14553564,11233100,10825140,14765564,,12,52,12,12,,2006180,3406564,3495320,1890100
15768,2,2873,915,0,1958,0,76867104,40892756,51417036,88,10801656,,17711572,21407728,20278004,17469800,,12584040,7883860,7507424,12917432,,14538344,11238056,10915792,14724844,,12,52,12,12,,2006580,3408112,3496580,1890384
15776,2,2874,915,0,1959,0,76854720,40875844,51402284,88,10803784,,17705160,21422712,20270360,17456488,,12583272,7857748,7512068,12922756,,14537992,11212624,10921288,14730380,,12,52,12,12,,2006992,3408792,3497400,1890600
15782,2,2875,915,0,1960,0,77037556,40685052,51214184,88,10806480,,17673192,21482072,20381676,17500616,,12591452,7801648,7407020,12884932,,14546524,11157476,10817372,14692812,,12,52,12,12,,2007344,3409760,3498528,1890848
15789,2,2876,915,0,1961,0,77023560,40708840,51240828,88,10809316,,17670936,21497652,20408064,17446908,,12615884,7781512,7372120,12939324,,14571396,11138144,10783804,14747484,,12,52,12,12,,2007784,3410552,3499860,1891120
15796,2,2877,915,0,1962,0,77109408,40621488,51155964,88,10811856,,17700212,21535404,20416040,17457752,,12585224,7747244,7356648,12932372,,14541052,11105180,10769004,14740728,,12,52,12,12,,2008092,3411860,3500584,1891320
15803,2,2878,915,0,1963,0,77109068,40605252,51142784,88,10814908,,17679800,21542756,20414104,17472408,,12597320,7731012,7364248,12912672,,14553648,11089988,10777860,14721288,,12,52,12,12,,2008600,3412916,3501796,1891596
15809,3,2879,915,0,1964,0,77108780,40622684,51162808,88,10817476,,17725392,21489432,20398704,17495252,,12561664,7791704,7390132,12879184,,14518272,11151648,10804812,14688076,,12,52,12,12,,2008864,3413876,3502876,1891860
15816,2,2880,915,0,1965,0,77049144,40657936,51200732,88,10820080,,17665624,21487272,20454160,17442088,,12630828,7785728,7316476,12924904,,14587828,11146708,10732128,14734068,,12,52,12,12,,2009264,3414900,3503824,1892092
15823,2,2881,915,0,1966,0,77159328,40556740,51102608,88,10823156,,17699952,21565384,20457396,17436596,,12587520,7709832,7308200,12951188,,14544876,11072376,10724844,14760512,,12,52,12,12,,2009612,3416460,3504820,1892264
15829,3,2882,915,0,1967,0,77256484,40464924,51013492,88,10825888,,17741108,21618624,20431540,17465212,,12555796,7645552,7345360,12918216,,14513468,11009136,10763028,14727860,,12,52,12,12,,2009928,3417512,3505872,1892576
15836,2,2883,915,0,1968,0,77095632,40639892,51190644,88,10828052,,17696004,21599812,20295056,17504760,,12591484,7673504,7497472,12877432,,14549492,11037664,10916144,14687344,,12,52,12,12,,2010268,3418112,3506828,1892844
15843,2,2884,915,0,1969,0,77053948,40682012,51237488,88,10832764,,17732460,21547896,20309428,17464164,,12563604,7738924,7467596,12911888,,14521964,11104072,10889412,14722040,,12,52,12,12,,2010620,3419084,3509988,1893072
15849,3,2885,915,0,1970,0,77028880,40644908,51203276,88,10835672,,17682336,21556480,20363120,17426944,,12598272,7717928,7393736,12934972,,14557064,11083932,10816844,14745436,,12,52,12,12,,2011056,3419928,3511308,1893380
15856,3,2886,915,0,1971,0,77054948,40633508,51194732,88,10838536,,17718804,21579064,20299444,17457636,,12556400,7691584,7463972,12921552,,14515540,11058932,10887984,14732276,,12,52,12,12,,2011400,3421268,3512232,1893636
15863,2,2887,915,0,1972,0,76887260,40762220,51326500,88,10841548,,17681384,21448960,20300668,17456248,,12573604,7814660,7467908,12906048,,14533212,11183036,10893248,14717004,,12,52,12,12,,2011868,3422300,3513504,1893876
15870,2,2888,915,0,1973,0,76969568,40744460,51310904,88,10843724,,17755184,21470872,20308756,17434756,,12522012,7809984,7462412,12950052,,14481984,11179272,10888388,14761260,,12,52,12,12,,2012244,3423232,3514140,1894108
15877,2,2889,915,0,1974,0,76985016,40689872,51259332,88,10846708,,17708596,21484968,20346960,17444492,,12568552,7779352,7401744,12940224,,14528948,11150108,10828544,14751732,,12,52,12,12,,2012656,3424680,3514960,1894412
15884,2,2890,915,0,1975,0,77093904,40607864,51180180,88,10849568,,17720288,21552416,20380952,17440248,,12571744,7707576,7390332,12938212,,14532512,11079488,10818224,14749956,,12,52,12,12,,2013024,3425836,3516052,1894656
15891,2,2891,915,0,1976,0,77122076,40596272,51171524,88,10852532,,17701260,21538472,20402440,17479904,,12589404,7723628,7381040,12902200,,14550496,11096696,10810184,14714148,,12,52,12,12,,2013356,3426992,3517320,1894864
15898,2,2892,915,0,1977,0,76991168,40730176,51308028,88,10855112,,17706888,21357648,20418396,17508236,,12590740,7918712,7336732,12883992,,14552224,11292800,10766692,14696312,,12,52,12,12,,2013740,3428012,3518132,1895228
15906,2,2893,915,0,1978,0,76957596,40749432,51330300,88,10858116,,17689444,21354400,20460504,17453248,,12601368,7923964,7301728,12922372,,14563348,11298768,10733268,14734916,,12,52,12,12,,2014232,3428728,3519696,1895460
15912,3,2894,915,0,1979,0,77102276,40566240,51149796,88,10860812,,17679792,21483432,20500668,17438384,,12585884,7779832,7262816,12937708,,14548276,11155684,10695328,14750508,,12,52,12,12,,2014656,3429772,3520680,1895704
15920,2,2895,915,0,1980,0,77163240,40516344,51103144,88,10864048,,17736216,21502928,20445452,17478644,,12541976,7760616,7305284,12908468,,14504768,11137812,10739012,14721552,,12,52,12,12,,2015052,3431112,3521888,1895996
15926,3,2896,915,0,1981,0,77022572,40674308,51263324,88,10866316,,17699364,21387264,20437380,17498564,,12572632,7873312,7343936,12884428,,14535724,11251280,10778532,14697788,,12,52,12,12,,2015360,3431916,3522760,1896280
15933,2,2897,915,0,1982,0,77014004,40613680,51205544,88,10869116,,17673496,21390032,20494064,17456412,,12578480,7865620,7277684,12891896,,14542028,11244680,10713316,14705520,,12,52,12,12,,2015808,3432984,3523792,1896532
15941,2,2898,915,0,1983,0,77063580,40638584,51233844,88,10872532,,17676624,21417092,20533748,17436116,,12624020,7850576,7230904,12933084,,14587984,11231160,10667724,14746976,,12,52,12,12,,2016236,3434512,3524980,1896804
15948,2,2899,915,0,1984,0,77126672,40552524,51150824,88,10875556,,17685632,21481424,20485908,17473708,,12587908,7786648,7270336,12907632,,14552380,11168636,10707940,14721868,,12,52,12,12,,2016732,3435908,3525772,1897144
15956,2,2900,914,0,1986,1,77121904,40556940,51157900,88,10878248,,17704140,21451840,20458976,17506948,,12573252,7816764,7291112,12875812,,14538160,11199420,10730052,14690268,,12,52,12,12,,2017168,3436596,3527100,1897384
15963,2,2901,914,0,1987,1,77110952,40557280,51161100,88,10881120,,17741016,21453772,20472624,17443540,,12541164,7812172,7292996,12910948,,14506524,11195832,10733076,14725668,,12,52,12,12,,2017616,3437628,3528244,1897632
15969,3,2902,914,0,1988,1,77119808,40541312,51147776,88,10883756,,17677880,21494228,20499704,17447996,,12586260,7757340,7258140,12939572,,14551932,11141860,10699416,14754568,,12,52,12,12,,2017924,3438440,3529488,1897904
15976,2,2903,914,0,1989,1,77165188,40527236,51135976,88,10887060,,17727232,21457540,20509488,17470928,,12565268,7798072,7249444,12914452,,14531268,11183152,10691824,14729732,,12,52,12,12,,2018248,3440084,3530540,1898188
15984,3,2904,914,0,1990,0,77018556,40635208,51248616,88,10890408,,17702848,21301836,20508148,17505724,,12554824,7947608,7270404,12862372,,14521280,11335292,10714100,14677944,,12,52,12,12,,2018700,3441372,3531844,1898492
15992,2,2905,915,0,1990,0,77019928,40622524,51238164,88,10892428,,17738776,21313552,20525280,17442320,,12522456,7932780,7238808,12928480,,14489284,11321256,10683256,14744368,,12,52,12,12,,2019080,3441960,3532600,1898788
16000,2,2906,915,0,1991,0,77087284,40568668,51187576,88,10895672,,17705616,21363128,20561996,17456544,,12567964,7895040,7199680,12905984,,14535220,11284852,10645352,14722152,,12,52,12,12,,2019508,3443252,3533832,1899080
16006,2,2907,915,0,1992,0,77263960,40420944,51042424,88,10898312,,17726812,21472112,20596752,17468284,,12572252,7788596,7158612,12901484,,14539820,11179640,10605016,14717948,,12,52,12,12,,2019820,3444516,3534600,1899376
16013,2,2908,915,0,1993,0,76930440,40714904,51339236,88,10901180,,17676372,21450260,20345300,17458508,,12597452,7807956,7421236,12888260,,14565384,11200056,10868872,14704924,,12,52,12,12,,2020192,3445612,3535800,1899576
16020,2,2909,915,0,1994,0,77005180,40647552,51274964,88,10904252,,17724992,21409320,20365684,17505184,,12548748,7834992,7400568,12863244,,14517040,11228036,10849756,14680132,,12,52,12,12,,2020548,3446548,3537344,1899812
16028,2,2910,915,0,1995,0,76959096,40679088,51309148,88,10906904,,17687564,21416300,20401980,17453252,,12590576,7840548,7347044,12900920,,14559340,11234684,10797076,14718048,,12,52,12,12,,2021024,3447636,3538204,1900040
16035,2,2911,915,0,1996,0,77086056,40559520,51192556,88,10909904,,17708980,21490932,20426360,17459784,,12575324,7741412,7330996,12911788,,14544428,11136932,10782064,14729132,,12,52,12,12,,2021356,3449028,3539276,1900244
16042,2,2912,915,0,1997,0,76833940,40855376,51491368,88,10912956,,17665808,21367472,20339112,17461548,,12615684,7882796,7424908,12931988,,14585208,11279196,10877292,14749672,,12,52,12,12,,2021792,3450032,3540544,1900588
16050,1,2913,915,0,1998,0,76890456,40747628,51386260,88,10915588,,17725880,21323616,20323640,17517320,,12559268,7908608,7425992,12853760,,14529220,11305992,10879364,14671684,,12,52,12,12,,2022212,3451016,3541536,1900824
16056,2,2914,915,0,1999,0,76834688,40784948,51426208,88,10918228,,17680300,21337336,20353316,17463736,,12599396,7905292,7390004,12890256,,14569736,11303792,10844260,14708420,,12,52,12,12,,2022592,3452140,3542424,1901072
16063,2,2915,915,0,2000,0,76908120,40741596,51386268,88,10921628,,17685592,21382580,20385680,17454268,,12598760,7839180,7378784,12924872,,14569556,11239280,10834096,14743336,,12,52,12,12,,2023040,3453732,3543484,1901372
16070,2,2916,915,0,2001,0,76904140,40713408,51360848,88,10924380,,17712264,21399836,20316104,17475936,,12540832,7851184,7429732,12891660,,14511948,11252208,10886348,14710344,,12,52,12,12,,2023392,3454660,3544740,1901588
16077,2,2917,915,0,2002,0,76910056,40738092,51387524,88,10926360,,17696232,21421796,20311840,17480188,,12582044,7820812,7441216,12894020,,14553472,11222504,10898624,14712924,,12,52,12,12,,2023680,3455344,3545528,1901808
16083,3,2918,915,0,2003,0,76911540,40691200,51343988,88,10929712,,17692912,21411652,20335900,17471076,,12572284,7807448,7427512,12883956,,14544068,11210336,10886440,14703144,,12,52,12,12,,2024052,3456520,3547048,1902092
16090,2,2919,915,0,2004,0,76908228,40705440,51360384,88,10931856,,17688988,21436664,20340684,17441892,,12579920,7797664,7411700,12916156,,14552104,11201144,10871548,14735588,,12,52,12,12,,2024432,3457104,3547980,1902340
16097,2,2920,915,0,2005,0,77099772,40528336,51186420,88,10935008,,17713748,21549584,20336532,17499908,,12555344,7681492,7412192,12879308,,14527908,11086364,10873104,14699044,,12,52,12,12,,2024816,3458512,3549036,1902644
16105,2,2921,915,0,2006,0,77135520,40459848,51120976,88,10938108,,17706836,21621772,20326248,17480664,,12558772,7602948,7409924,12888204,,14531776,11008940,10872072,14708188,,12,52,12,12,,2025264,3459664,3550292,1902888
16112,2,2922,915,0,2007,0,77129908,40443972,51107248,88,10940224,,17695512,21574872,20382028,17477496,,12573300,7624828,7370480,12875364,,14546628,11031752,10833308,14695560,,12,52,12,12,,2025580,3460596,3550944,1903104
16119,2,2923,915,0,2008,0,77128992,40491404,51158064,88,10943628,,17688204,21567612,20425600,17447576,,12584552,7658876,7324612,12923364,,14558280,11067092,10788816,14743876,,12,52,12,12,,2025984,3461880,3552360,1903404
16127,2,2924,915,0,2009,0,77177960,40434076,51103224,88,10946132,,17720616,21566404,20425776,17465164,,12548504,7655560,7312724,12917288,,14522600,11065076,10777492,14738056,,12,52,12,12,,2026348,3463180,3552936,1903668
16133,2,2925,915,0,2010,0,77059460,40539752,51211560,88,10948848,,17693780,21613508,20293228,17458944,,12553772,7615828,7469792,12900360,,14528148,11026364,10935700,14721348,,12,52,12,12,,2026656,3464240,3554072,1903880
16140,2,2926,915,0,2011,0,77004976,40624272,51299004,88,10951784,,17720004,21483644,20293552,17507776,,12555516,7756200,7447096,12865460,,14530288,11167632,10914464,14686620,,12,52,12,12,,2027028,3465128,3555568,1904060
16146,2,2927,915,0,2012,0,76959432,40619000,51296044,88,10954088,,17684652,21466340,20370128,17438312,,12581604,7751448,7374008,12911940,,14556752,11163604,10842360,14733328,,12,52,12,12,,2027400,3465904,3556500,1904284
16153,3,2928,915,0,2013,0,76971508,40602268,51282472,88,10957200,,17676700,21515704,20329820,17449284,,12596748,7697284,7384188,12924048,,14572308,11110928,10853584,14745652,,12,52,12,12,,2027792,3467340,3557568,1904500
16160,2,2929,915,0,2014,0,77070292,40549264,51232112,88,10959844,,17746736,21547928,20301696,17473932,,12522312,7680256,7434940,12911756,,14498184,11094848,10905500,14733580,,12,52,12,12,,2028116,3468288,3558712,1904728
16166,3,2930,915,0,2015,0,77062876,40561628,51246676,88,10962152,,17696308,21520376,20327012,17519180,,12585552,7710312,7401988,12863776,,14561784,11125572,10873468,14685852,,12,52,12,12,,2028472,3469028,3559668,1904984
16174,2,2931,915,0,2016,0,76641300,40962208,51649912,88,10964684,,17673628,21193620,20329144,17444908,,12590920,8038260,7426784,12906244,,14567572,11454628,10899184,14728528,,12,52,12,12,,2028888,3470068,3560548,1905180
16180,3,2932,915,0,2017,0,76703848,40887268,51578480,88,10968240,,17671376,21240752,20348624,17443096,,12592396,7980224,7391128,12923520,,14569372,11398108,10864892,14746108,,12,52,12,12,,2029248,3471580,3561916,1905496
16187,3,2933,915,0,2018,0,76846964,40717192,51411268,88,10971044,,17716408,21304544,20352596,17473416,,12544104,7910308,7356544,12906236,,14521556,11329468,10831084,14729160,,12,52,12,12,,2029672,3472860,3562684,1905828
16194,3,2934,915,0,2019,0,76825316,40787452,51484088,88,10973600,,17695820,21290312,20325916,17513268,,12577296,7929208,7417848,12863100,,14555088,11349116,10893668,14686216,,12,52,12,12,,2030012,3473608,3563964,1906016
16201,2,2935,915,0,2020,0,76838028,40744208,51443380,88,10976148,,17728244,21276476,20374956,17458352,,12534384,7952056,7346896,12910872,,14512604,11372712,10823848,14734216,,12,52,12,12,,2030440,3474348,3565108,1906252
16208,2,2936,915,0,2021,0,76902180,40643808,51345376,88,10978620,,17691608,21281272,20487300,17442000,,12560264,7933024,7232484,12918036,,14538884,11354648,10710252,14741592,,12,52,12,12,,2030852,3475348,3565948,1906472
16215,2,2937,915,0,2022,0,77025048,40533696,51238568,88,10981888,,17708488,21394180,20457596,17464784,,12550748,7812748,7265228,12904972,,14529836,11235704,10744172,14728856,,12,52,12,12,,2031308,3476712,3567088,1906780
16222,3,2938,915,0,2023,0,77217440,40350032,51057812,88,10984820,,17771688,21386100,20545344,17514308,,12491108,7824908,7181288,12852728,,14470548,11248940,10661440,14676884,,12,52,12,12,,2031692,3477764,3568296,1907068
16229,2,2939,915,0,2024,0,77079648,40488056,51198440,88,10987452,,17737816,21380968,20529548,17431316,,12538988,7822660,7200620,12925788,,14518844,11247528,10681820,14750248,,12,52,12,12,,2032088,3478636,3569368,1907360
16236,3,2940,915,0,2025,0,77047684,40511700,51224976,88,10990304,,17691384,21377720,20534168,17444412,,12560128,7843776,7195104,12912692,,14540468,11269856,10677216,14737436,,12,52,12,12,,2032560,3479844,3570260,1907640
16243,3,2941,915,0,2026,0,77184496,40368628,51085468,88,10993892,,17718540,21473088,20544616,17448252,,12537912,7742764,7169900,12918052,,14518720,11170444,10653232,14743072,,12,52,12,12,,2033028,3481464,3571480,1907920
16251,2,2942,915,0,2027,0,77090928,40422092,51141756,88,10996712,,17677008,21448628,20495416,17469876,,12582476,7747044,7202232,12890340,,14563640,11175744,10686712,14715660,,12,52,12,12,,2033396,3482460,3572636,1908220
16258,2,2943,915,0,2027,0,77169868,40406948,51129132,88,10999236,,17711588,21461720,20490008,17506552,,12545680,7740372,7252580,12868316,,14527252,11169976,10737992,14693912,,12,52,12,12,,2033792,3483380,3573560,1908504
16265,2,2944,915,0,2029,0,77124952,40409008,51133904,88,11001948,,17680276,21461928,20533028,17449720,,12567796,7760660,7182388,12898164,,14549768,11190896,10669292,14723948,,12,52,12,12,,2034196,3484028,3575052,1908672
16271,3,2945,915,0,2030,0,77195784,40390456,51118124,88,11004712,,17697344,21490468,20570660,17437312,,12566176,7726036,7168184,12930060,,14548564,11157328,10656152,14756080,,12,52,12,12,,2034616,3485060,3576116,1908920
16279,2,2946,915,0,2031,0,77203092,40371468,51102652,88,11008224,,17707964,21479864,20546856,17468408,,12556444,7732004,7179288,12903732,,14539300,11164772,10668496,14730084,,12,52,12,12,,2035076,3486540,3577356,1909252
16287,2,2947,915,0,2032,0,77167156,40403540,51136836,88,11010344,,17698140,21451392,20542480,17475144,,12564732,7773176,7165712,12899920,,14547968,11206636,10655724,14726508,,12,52,12,12,,2035452,3487224,3578172,1909496
16293,2,2948,915,0,2033,0,77225628,40347008,51082580,88,11012612,,17736316,21464508,20576324,17448480,,12537104,7730708,7158480,12920716,,14520760,11165112,10649136,14747572,,12,52,12,12,,2035872,3488188,3578804,1909748
16299,3,2949,915,0,2034,0,77229580,40272152,51010724,88,11015592,,17683908,21489808,20609880,17445984,,12564364,7705928,7102188,12899672,,14548396,11141532,10594072,14726724,,12,52,12,12,,2036252,3489364,3580036,1909940
16306,2,2950,915,0,2035,0,77267652,40275556,51016672,88,11018168,,17711808,21494616,20595332,17465896,,12541412,7708596,7125052,12900496,,14525824,11145392,10617644,14727812,,12,52,12,12,,2036636,3490572,3580748,1910212
16313,2,2951,915,0,2036,0,77361352,40164868,50908968,88,11021136,,17674124,21606348,20573768,17507112,,12571616,7596584,7134072,12862596,,14556432,11034460,10627876,14690200,,12,52,12,12,,2037044,3491644,3581944,1910504
16320,2,2952,915,0,2037,0,77419972,40117412,50864624,88,11024252,,17721844,21610368,20584640,17503120,,12527156,7602296,7126424,12861536,,14512368,11041060,10621800,14689396,,12,52,12,12,,2037444,3492528,3583532,1910748
16326,3,2953,915,0,2038,0,77356628,40139132,50888660,88,11026568,,17659688,21606064,20643396,17447480,,12581244,7586536,7068636,12902716,,14566844,11025996,10564880,14730940,,12,52,12,12,,2037816,3493236,3584392,1911124
16334,2,2954,915,0,2039,0,77393428,40117916,50870672,88,11029792,,17704040,21606440,20648520,17434428,,12546784,7581516,7064260,12925356,,14532864,11022464,10561528,14753816,,12,52,12,12,,2038296,3494720,3585408,1911368
16341,2,2955,915,0,2040,0,77433792,40092444,50848044,88,11032676,,17710936,21651964,20596876,17474016,,12538840,7549784,7119332,12884488,,14525208,10991840,10617788,14713208,,12,52,12,12,,2038592,3495836,3586616,1911632
16348,2,2956,915,0,2041,0,76981272,40541044,51299092,88,11035100,,17727108,21470176,20293204,17490784,,12528572,7715992,7426680,12869800,,14515408,11159056,10925864,14698764,,12,52,12,12,,2039052,3496836,3587356,1911856
16354,2,2957,915,0,2042,0,76849400,40618604,51383088,88,11041520,,17692892,21396328,20313144,17447036,,12529252,7798776,7387556,12903020,,14516432,11242524,10887816,14736316,,12,52,12,12,,2039392,3497516,3588420,1916192
16360,3,2958,915,0,2043,0,76940736,40580784,51347636,88,11043884,,17674596,21471316,20344324,17450500,,12573132,7743244,7365228,12899180,,14560548,11188020,10866364,14732704,,12,52,12,12,,2039632,3498532,3589296,1916424
16367,2,2959,915,0,2044,0,77141592,40365236,51135548,88,11047336,,17725712,21608012,20339096,17468772,,12529480,7581240,7369800,12884716,,14517304,11027776,10871964,14718504,,12,52,12,12,,2040020,3500320,3590312,1916684
16374,3,2960,915,0,2045,0,76990388,40483320,51256448,88,11050148,,17722912,21561672,20238048,17467756,,12530944,7614624,7456680,12881072,,14519212,11061932,10960140,14715164,,12,52,12,12,,2040472,3501072,3591616,1916988
16382,2,2961,915,0,2046,0,76928292,40570836,51346680,88,11052856,,17693628,21516316,20271976,17446372,,12562884,7682240,7430708,12895004,,14551516,11130556,10935280,14729328,,12,52,12,12,,2040836,3502080,3592720,1917220
16388,3,2962,915,0,2047,0,76981052,40551896,51330520,88,11055704,,17686160,21527140,20315408,17452344,,12563796,7674012,7395784,12918304,,14552880,11123192,10901616,14752832,,12,52,12,12,,2041288,3502936,3594052,1917428
16396,2,2963,915,0,2048,0,77033280,40475652,51256992,88,11058360,,17711828,21572124,20291788,17457540,,12564480,7609292,7391124,12910756,,14553972,11059676,10897768,14745576,,12,52,12,12,,2041696,3504144,3594804,1917716
16403,2,2964,915,0,2049,0,77011868,40510812,51295128,88,11061344,,17687652,21589380,20276860,17457976,,12564840,7595996,7434248,12915728,,14554612,11047504,10942100,14750912,,12,52,12,12,,2041988,3505268,3596004,1918084
16410,2,2965,915,0,2050,0,77052052,40440328,51227268,88,11063956,,17750644,21584428,20268436,17448544,,12505740,7588528,7434936,12911124,,14495932,11040928,10943852,14746556,,12,52,12,12,,2042392,3506160,3597084,1918320
16417,1,2966,915,0,2051,0,77065008,40423528,51212836,88,11066332,,17743316,21580580,20308800,17432312,,12502968,7621428,7388372,12910760,,14493416,11074932,10898088,14746400,,12,52,12,12,,2042660,3507276,3597864,1918532
16423,2,2967,915,0,2052,0,77118236,40385432,51177984,88,11069572,,17705588,21634288,20334180,17444180,,12552644,7557172,7370744,12904872,,14543560,11012124,10881536,14740764,,12,52,12,12,,2043120,3508716,3598940,1918796
16430,2,2968,915,0,2053,0,77099272,40409544,51205224,88,11072732,,17696256,21614736,20296644,17491636,,12537044,7571336,7423080,12878084,,14528312,11027472,10935136,14714304,,12,52,12,12,,2043500,3509916,3600204,1919112
16437,3,2969,915,0,2054,0,77104488,40399268,51197412,88,11075188,,17709336,21585180,20294224,17515748,,12547204,7611444,7398152,12842468,,14538880,11068560,10911008,14678964,,12,52,12,12,,2043876,3510892,3601032,1919388
16445,2,2970,915,0,2055,0,77046652,40435696,51236812,88,11078100,,17682048,21594088,20312248,17458268,,12568484,7589712,7385924,12891576,,14560524,11047556,10900376,14728356,,12,52,12,12,,2044232,3511608,3602600,1919660
16452,2,2971,915,0,2056,0,77095652,40387732,51191584,88,11080868,,17687432,21623796,20337308,17447116,,12558956,7555912,7350484,12922380,,14551404,11014792,10865992,14759396,,12,52,12,12,,2044632,3512652,3603644,1919940
16459,2,2972,915,0,2057,0,76983772,40531348,51338348,88,11083980,,17736996,21387408,20375916,17483452,,12524356,7806692,7310212,12890088,,14517164,11266868,10826908,14727408,,12,52,12,12,,2044996,3513932,3604844,1920208
16466,2,2973,915,0,2058,0,76961756,40524164,51333280,88,11086124,,17712108,21468140,20306292,17475216,,12550524,7711584,7380416,12881640,,14543724,11172356,10897952,14719248,,12,52,12,12,,2045376,3514568,3605680,1920500
16472,3,2974,915,0,2059,0,76952116,40526192,51337712,88,11088528,,17739500,21422248,20339412,17450956,,12506284,7771624,7376984,12871300,,14499884,11233424,10895256,14709148,,12,52,12,12,,2045768,3515600,3606416,1920744
16480,2,2975,915,0,2060,0,76906708,40556728,51371480,88,11091796,,17676496,21434512,20348188,17447512,,12579004,7736804,7340408,12900512,,14573028,11199828,10860008,14738616,,12,52,12,12,,2046196,3516816,3607776,1921008
16487,2,2976,915,0,2061,0,76940724,40505312,51323400,88,11095188,,17725824,21411960,20326208,17476732,,12515756,7762236,7346184,12881136,,14510192,11226940,10866768,14719500,,12,52,12,12,,2046620,3518524,3608776,1921268
16494,2,2977,915,0,2062,0,76955328,40530308,51351216,88,11097928,,17695308,21418724,20320824,17520472,,12558444,7766840,7363668,12841356,,14553300,11232264,10885652,14680000,,12,52,12,12,,2047028,3519232,3610132,1921536
16502,2,2978,915,0,2063,0,77015120,40442928,51266648,88,11100720,,17758852,21368072,20408052,17480144,,12497512,7801788,7282344,12861284,,14492720,11268272,10805484,14700172,,12,52,12,12,,2047384,3520276,3611280,1921780
16509,2,2979,915,0,2064,0,76991280,40454796,51281188,88,11103412,,17699092,21380684,20450780,17460724,,12548172,7787672,7224000,12894952,,14543684,11254964,10748420,14734120,,12,52,12,12,,2047700,3521084,3612572,1922056
16517,2,2980,915,0,2065,0,77076672,40392772,51222276,88,11106504,,17706268,21456000,20453500,17460904,,12545272,7723124,7224244,12900132,,14541260,11191744,10749696,14739576,,12,52,12,12,,2048160,3522412,3613600,1922332
16523,3,2981,915,0,2066,0,77179992,40263028,51095396,88,11109364,,17730912,21548680,20398656,17501744,,12508768,7605860,7285876,12862524,,14505124,11075468,10812584,14702220,,12,52,12,12,,2048532,3523396,3614852,1922584
16531,2,2982,915,0,2067,0,77116180,40329960,51168864,88,11115884,,17696608,21475528,20421372,17522672,,12540812,7691816,7270696,12826636,,14541644,11162604,10798072,14666544,,12,52,12,12,,2052988,3524576,3615528,1922792
16538,2,2983,915,0,2068,0,77082116,40380880,51222412,88,11118496,,17688860,21496936,20457092,17439228,,12565940,7683732,7226756,12904452,,14567096,11155808,10754944,14744564,,12,52,12,12,,2053296,3525872,3616328,1923000
16544,2,2984,915,0,2069,0,77135660,40312544,51157012,88,11121444,,17707480,21548396,20428584,17451200,,12537016,7623576,7239044,12912908,,14538580,11096916,10768236,14753280,,12,52,12,12,,2053704,3527124,3617360,1923256
16551,2,2985,915,0,2070,0,77306980,40161024,51008568,88,11124516,,17688836,21624828,20500640,17492676,,12549312,7548944,7184504,12878264,,14551312,11023332,10715012,14718912,,12,52,12,12,,2054124,3528184,3618664,1923544
16558,2,2986,915,0,2071,0,77287412,40131128,50981096,88,11126940,,17727760,21610856,20484580,17464216,,12522352,7520548,7180700,12907528,,14524724,10995964,10712072,14748336,,12,52,12,12,,2054508,3529208,3619516,1923708
16565,2,2987,915,0,2072,0,77327840,40115124,50967940,88,11129780,,17746136,21596176,20524160,17461368,,12498488,7575560,7153036,12888040,,14501232,11051632,10685968,14729108,,12,52,12,12,,2054880,3529852,3621092,1923956
16572,2,2988,915,0,2073,0,77331740,40076760,50932468,88,11132656,,17712208,21620136,20558996,17440400,,12524264,7530432,7114932,12907132,,14527472,11007540,10648888,14748568,,12,52,12,12,,2055332,3530900,3622100,1924324
16579,2,2989,915,0,2074,0,77399380,40061788,50920672,88,11135828,,17759440,21654972,20503856,17481112,,12501836,7515480,7161388,12883084,,14505428,10994012,10696528,14724704,,12,52,12,12,,2055712,3532328,3623276,1924512
16586,2,2990,915,0,2075,0,77244052,40159764,51020660,88,11137832,,17722700,21444344,20569652,17507356,,12525208,7716200,7082196,12836160,,14529144,11195368,10618132,14678016,,12,52,12,12,,2056060,3532968,3624052,1924752
16592,2,2991,915,0,2076,0,77222668,40216668,51079904,88,11140136,,17722180,21388660,20672576,17439252,,12526588,7764968,7004740,12920372,,14530892,11245096,10541380,14762536,,12,52,12,12,,2056416,3533924,3624740,1925056
16599,2,2992,915,0,2077,0,77301568,40135224,51001520,88,11143208,,17701836,21452656,20702988,17444088,,12533432,7718976,6961156,12921660,,14538068,11200304,10499068,14764080,,12,52,12,12,,2056756,3535112,3626032,1925308
16606,2,2993,915,0,2078,0,77358472,40081968,50950888,88,11145912,,17714200,21449612,20718376,17476284,,12521992,7722756,6949004,12888216,,14526984,11205312,10487720,14730872,,12,52,12,12,,2057120,3536380,3626868,1925544
16613,3,2994,915,0,2079,0,77380040,40025912,50898436,88,11149476,,17692524,21513808,20666188,17507520,,12547140,7634736,7007848,12836188,,14552568,11118580,10548160,14679128,,12,52,12,12,,2057548,3537632,3628460,1925836
16621,2,2995,915,0,2080,0,77280240,40097544,50972724,88,11152116,,17744012,21389144,20693752,17453332,,12500468,7756328,6962932,12877816,,14506188,11241096,10504452,14720988,,12,52,12,12,,2057852,3538560,3629644,1926060
16627,2,2996,915,0,2081,0,77247484,40119864,50997352,88,11154420,,17721780,21394824,20690700,17440180,,12481820,7755932,6982408,12899704,,14487924,11241608,10524720,14743100,,12,52,12,12,,2058240,3539464,3630436,1926280
16634,3,2997,915,0,2082,0,77284652,40117604,50998264,88,11157620,,17701192,21443816,20691016,17448628,,12533668,7708800,6971700,12903436,,14540260,11195776,10515192,14747036,,12,52,12,12,,2058720,3540788,3631612,1926500
16642,2,2998,915,0,2083,0,77240224,40205612,51089112,88,11160440,,17684040,21402708,20683076,17470400,,12567828,7757312,7002628,12877844,,14574776,11245328,10547260,14721748,,12,52,12,12,,2059076,3541808,3632752,1926804
16649,2,2999,915,0,2084,0,77320280,40116652,51002492,88,11162768,,17719808,21415008,20737040,17448424,,12540136,7718044,6942684,12915788,,14547444,11206992,10488104,14759952,,12,52,12,12,,2059424,3542728,3633568,1927048
