Start,GetPodsTime,Wanted,Running,Creating,Pending,Terminating,Total Active Memory,Total Free Memory,Total Available,Total Buffers,Total Cached,Active,0,1,2,3,Free,0,1,2,3,Available,0,1,2,3,Buffers,0,1,2,3,Cached,0,1,2,3
0,1,0,0,0,0,1,15820172,106614360,113937700,88,8868672,,2246876,5747104,5438488,2387704,,29589528,24539384,23279348,29206100,,30406052,27256164,26102992,30172492,,12,52,12,12,,1199580,3096160,3213064,1359868
3,0,1,0,1,0,1,15845008,106607920,113931660,88,8869124,,2272040,5746340,5439184,2387444,,29568012,24534200,23303496,29202212,,30384572,27251196,26127276,30168616,,12,52,12,12,,1199672,3096384,3213196,1359872
6,0,2,1,1,0,1,15853484,106575536,113899828,88,8869816,,2266556,5745840,5440304,2400784,,29539176,24546428,23301336,29188596,,30355936,27263556,26125220,30155116,,12,52,12,12,,1199876,3096492,3213284,1360164
8,0,3,2,1,0,1,15903896,106525636,113850324,88,8870308,,2282092,5760596,5439084,2422124,,29528884,24527720,23298860,29170172,,30345660,27245136,26122824,30136704,,12,52,12,12,,1199892,3096864,3213380,1360172
12,0,4,3,1,0,1,15990636,106436604,113761904,88,8871080,,2304660,5782820,5452592,2450564,,29514776,24500372,23288752,29132704,,30331560,27217888,26113204,30099252,,12,52,12,12,,1199900,3097052,3213932,1360196
14,1,5,4,1,0,1,16043084,106389856,113715584,88,8871692,,2316832,5793700,5473480,2459072,,29520228,24496868,23248512,29124248,,30337044,27214608,26073124,30090808,,12,52,12,12,,1199992,3097300,3214196,1360204
17,0,6,5,1,0,1,16130164,106306684,113633608,88,8872516,,2340592,5814100,5486412,2489060,,29468552,24471404,23264056,29102672,,30286092,27189348,26088836,30069332,,12,52,12,12,,1200172,3097480,3214376,1360488
20,0,7,6,1,0,1,16182624,106228456,113555976,88,8873272,,2353732,5825148,5500884,2502860,,29465068,24452368,23225728,29085292,,30282620,27170792,26050600,30051964,,12,52,12,12,,1200188,3098124,3214468,1360492
22,0,8,7,1,0,1,16262848,106178216,113506076,88,8873808,,2374272,5847880,5514940,2525756,,29445452,24440704,23214344,29077716,,30263020,27159176,26039484,30044396,,12,52,12,12,,1200212,3098176,3214916,1360504
25,0,9,8,1,0,1,16308564,106153616,113481880,88,8874188,,2387220,5861412,5531796,2528136,,29434856,24431712,23216104,29070944,,30252444,27150312,26041492,30037632,,12,52,12,12,,1200228,3098300,3215148,1360512
28,0,10,9,1,0,1,16389220,106094924,113424752,88,8875048,,2409496,5875400,5557184,2547140,,29430380,24423488,23195248,29045808,,30248716,27142288,26020716,30013032,,12,52,12,12,,1200508,3098536,3215224,1360780
30,0,11,10,1,0,1,16332276,106134872,113461904,88,8872656,,2417496,5828728,5522540,2563512,,29404984,24471028,23214880,29043980,,30223332,27186544,26040812,30011216,,12,52,12,12,,1200512,3095648,3215688,1360808
33,0,12,11,1,0,0,16403472,106045932,113373388,88,8873320,,2436300,5838568,5541128,2587476,,29387344,24448040,23192944,29017604,,30205708,27163740,26019084,29984856,,12,52,12,12,,1200524,3095900,3216088,1360808
36,0,13,12,1,0,0,16449932,106006288,113334100,88,8873648,,2450464,5862092,5556084,2581292,,29371184,24432992,23180696,29021416,,30189580,27148848,26006992,29988680,,12,52,12,12,,1200604,3096004,3216220,1360820
38,0,14,13,1,0,0,16564596,105881316,113212940,88,8876468,,2483716,5883148,5578412,2619320,,29339444,24421136,23154016,28966720,,30158592,27139212,25980380,29934756,,12,52,12,12,,1200820,3098248,3216292,1361108
41,0,15,14,1,0,0,16621300,105807408,113139508,88,8877016,,2494308,5896120,5589476,2641396,,29318652,24394112,23137984,28956660,,30137808,27112464,25964520,29924716,,12,52,12,12,,1200828,3098568,3216488,1361132
43,1,16,14,1,0,0,16673296,105764536,113097544,88,8877804,,2506812,5897780,5614408,2654296,,29305576,24410516,23107928,28940516,,30124748,27129044,25935172,29908580,,12,52,12,12,,1200848,3098752,3217064,1361140
46,0,17,15,1,0,0,16678744,105766276,113099628,88,8878200,,2519000,5886636,5617776,2655332,,29303224,24396452,23128748,28937852,,30122452,27115192,25956060,29905924,,12,52,12,12,,1200964,3098952,3217136,1361148
48,1,18,16,1,0,0,16760892,105672664,113008004,88,8879044,,2546516,5889044,5644444,2680888,,29269876,24402760,23095708,28904320,,30089828,27121824,25923220,29873132,,12,52,12,12,,1201148,3099132,3217328,1361436
51,0,19,17,1,0,0,16801608,105623160,112958820,88,8879424,,2557036,5898840,5647812,2697920,,29250724,24396064,23078888,28897484,,30070684,27115348,25906468,29866320,,12,52,12,12,,1201156,3099420,3217396,1361452
54,0,20,18,1,0,0,16888632,105522400,112859880,88,8880312,,2577816,5919852,5672344,2718620,,29239552,24366104,23049472,28867272,,30059524,27086180,25878056,29836120,,12,52,12,12,,1201168,3099696,3217976,1361472
56,1,21,19,1,0,0,16937008,105473628,112811992,88,8880788,,2589012,5938676,5686460,2722860,,29222200,24357484,23031936,28862008,,30042240,27078232,25860656,29830864,,12,52,12,12,,1201312,3099892,3218100,1361484
59,0,22,21,1,0,0,17034212,105367376,112708992,88,8882876,,2616088,5957940,5706456,2753728,,29188276,24337628,23008728,28832744,,30009968,27058776,25837896,29802352,,12,52,12,12,,1202376,3100188,3218548,1361764
62,0,23,22,1,0,0,17113604,105303924,112645900,88,8883268,,2638724,5990444,5721624,2762812,,29160872,24313824,23004988,28824240,,29982568,27035248,25834216,29793868,,12,52,12,12,,1202356,3100520,3218604,1361788
64,1,24,23,1,0,0,17202340,105189692,112533520,88,8884108,,2644452,6025100,5743800,2788988,,29165740,24251904,22973692,28798356,,29987452,26974120,25803952,29767996,,12,52,12,12,,1202372,3100784,3219148,1361804
67,0,25,24,1,0,0,17230596,105165648,112509820,88,8884516,,2656940,6036604,5752036,2785016,,29162084,24246772,22958940,28797852,,29983836,26969224,25789252,29767508,,12,52,12,12,,1202436,3101048,3219212,1361820
70,0,26,25,1,0,0,17321772,105058348,112404256,88,8885276,,2682568,6054556,5771360,2813288,,29115660,24227372,22948748,28766568,,29938144,26949936,25779172,29737004,,12,52,12,12,,1202680,3101156,3219316,1362124
72,1,27,26,1,0,0,17377532,105038720,112385216,88,8885948,,2691072,6072128,5785476,2828856,,29115996,24216412,22938908,28767404,,29938488,26939056,25769816,29737856,,12,52,12,12,,1202692,3101304,3219820,1362132
75,0,28,27,1,0,0,17458456,104965572,112313960,88,8886744,,2707896,6081804,5817688,2851068,,29097884,24209832,22912284,28745572,,29920388,26933488,25744048,29716036,,12,52,12,12,,1202700,3101752,3220140,1362152
77,1,29,28,1,0,0,17510268,104896168,112244984,88,8887252,,2721120,6106108,5829176,2853864,,29080632,24172256,22901432,28741848,,29903212,26896068,25733368,29712336,,12,52,12,12,,1202848,3101916,3220324,1362164
80,0,30,29,1,0,0,17598856,104776160,112127008,88,8888252,,2745544,6120204,5849288,2883820,,29051328,24168400,22880384,28676048,,29874632,26892636,25712424,29647316,,12,52,12,12,,1203020,3102340,3220428,1362464
83,0,31,30,1,0,0,17645272,104736708,112088584,88,8889028,,2760028,6142276,5843904,2899064,,29044624,24133288,22876696,28682100,,29867940,26858176,25709084,29653384,,12,52,12,12,,1203032,3102732,3220792,1362472
86,0,32,31,1,0,0,17740280,104629880,111982952,88,8889520,,2777736,6167128,5871260,2924156,,29023832,24109368,22839248,28657432,,29847152,26834596,25672476,29628728,,12,52,12,12,,1203040,3102836,3221152,1362492
88,1,33,32,1,0,0,17770068,104631444,111984976,88,8890048,,2778888,6176384,5889656,2925140,,29021008,24124976,22829484,28655976,,29844352,26850416,25662924,29627284,,12,52,12,12,,1203108,3103072,3221360,1362508
91,0,34,33,1,0,0,17856820,104566024,111920776,88,8890236,,2806720,6193716,5914692,2941692,,29005732,24091540,22812464,28656288,,29828992,26817148,25646256,29628380,,12,52,12,12,,1202512,3103204,3221708,1362812
94,0,35,34,0,1,0,17903960,104486464,111842104,88,8890900,,2819520,6208532,5920340,2955568,,28994496,24050104,22798368,28643496,,29817764,26776368,25632368,29615604,,12,52,12,12,,1202512,3103620,3221956,1362812
96,1,36,35,1,0,0,18010768,104385984,111743104,88,8891648,,2838368,6245340,5949448,2977612,,28957600,24035604,22769164,28623616,,29780880,26762472,25604024,29595728,,12,52,12,12,,1202524,3103996,3222308,1362820
99,0,37,36,1,0,0,18078672,104339124,111696572,88,8892072,,2850776,6261536,5978560,2987800,,28960308,24027416,22739068,28612332,,29783684,26754400,25574024,29584464,,12,52,12,12,,1202696,3104120,3222404,1362852
102,0,38,37,1,0,0,18142776,104267864,111627152,88,8892868,,2875004,6258080,5999948,3009744,,28946020,24012360,22723464,28586020,,29770092,26739388,25558748,29558924,,12,52,12,12,,1202840,3104164,3222724,1363140
105,0,39,38,1,0,0,18196864,104194424,111554740,88,8893568,,2889820,6275888,6001240,3029916,,28920608,23991888,22721596,28560332,,29744688,26719720,25557072,29533260,,12,52,12,12,,1202856,3104628,3222920,1363164
107,1,40,39,1,0,0,18273032,104134368,111496140,88,8894396,,2905460,6306876,6007628,3053068,,28916344,23973020,22708544,28536460,,29740436,26701376,25544936,29509392,,12,52,12,12,,1202864,3105000,3223360,1363172
110,0,41,40,1,0,0,18313852,104090824,111453220,88,8895032,,2911608,6316932,6027820,3057492,,28910008,23963760,22684852,28532204,,29734136,26692556,25521372,29505156,,12,52,12,12,,1202916,3105436,3223484,1363196
113,0,42,41,1,0,0,18393300,103976500,111340900,88,8896104,,2933952,6323120,6053620,3082608,,28864572,23954596,22674336,28482996,,29689428,26683524,25511204,29456744,,12,52,12,12,,1203188,3105568,3223844,1363504
116,0,43,42,1,0,0,18468796,103901540,111266256,88,8896500,,2950912,6343152,6073404,3101328,,28856436,23932172,22634344,28478588,,29681304,26661284,25471312,29452356,,12,52,12,12,,1203204,3105828,3223952,1363516
118,0,44,42,2,0,0,18534968,103846568,111213088,88,8897352,,2973184,6357468,6081228,3123088,,28844392,23915320,22630684,28456172,,29669292,26645356,25468484,29429956,,12,52,12,12,,1203236,3106204,3224372,1363540
121,0,45,44,1,0,0,18594120,103758920,111126176,88,8898068,,2983808,6382468,6103952,3123892,,28828220,23873836,22605876,28450988,,29653200,26604016,25444160,29424800,,12,52,12,12,,1203392,3106344,3224776,1363556
124,0,46,45,1,0,0,18682912,103674016,111043288,88,8899048,,3011684,6401616,6129596,3140016,,28790724,23858060,22587224,28438008,,29616432,26588504,25425760,29412592,,12,52,12,12,,1203548,3106624,3225024,1363852
126,1,47,45,2,0,0,18725584,103639324,111009048,88,8899540,,3023104,6413528,6134260,3154692,,28781720,23847552,22586284,28423768,,29607444,26578344,25424896,29398364,,12,52,12,12,,1203560,3107008,3225108,1363864
129,0,48,47,1,0,0,18810124,103546328,110917784,88,8900228,,3040520,6432336,6162116,3175152,,28772740,23821712,22548228,28403648,,29598508,26553304,25387704,29378268,,12,52,12,12,,1203600,3107272,3225476,1363880
132,0,49,48,1,0,0,18877984,103476476,110848508,88,8900844,,3050804,6454156,6172852,3200172,,28756244,23803452,22530768,28386012,,29582068,26535112,25370656,29360672,,12,52,12,12,,1203700,3107336,3225888,1363920
135,0,50,49,1,0,0,18967112,103387976,110761924,88,8901784,,3081576,6471848,6194116,3219572,,28725528,23786372,22529736,28346340,,29552080,26518280,25369800,29321764,,12,52,12,12,,1203908,3107584,3226072,1364220
137,1,51,50,1,0,0,19021984,103308300,110683420,88,8902464,,3103376,6489580,6193836,3235192,,28693044,23765852,22516244,28333160,,29519608,26498704,25356496,29308612,,12,52,12,12,,1203920,3108052,3226252,1364240
140,0,52,51,1,0,0,19092464,103209672,110586200,88,8903444,,3103044,6505816,6228996,3254608,,28688032,23752148,22459728,28309764,,29514628,26485436,25300896,29285240,,12,52,12,12,,1203952,3108528,3226688,1364276
143,0,53,52,1,0,0,19155548,103186020,110562952,88,8903892,,3113876,6534412,6241808,3265452,,28678460,23733408,22460468,28313684,,29505140,26466836,25301800,29289176,,12,52,12,12,,1204108,3108636,3226856,1364292
146,0,54,53,1,0,0,19238332,103066404,110445156,88,8904664,,3134696,6543844,6272084,3287708,,28642356,23719716,22425940,28278392,,29469756,26453240,25267496,29254664,,12,52,12,12,,1204276,3108724,3227072,1364592
148,1,55,54,1,0,0,19288796,103031664,110411012,88,8905376,,3152360,6552200,6273624,3310612,,28622880,23716516,22422088,28270180,,29450296,26450404,25263844,29246468,,12,52,12,12,,1204288,3109164,3227316,1364608
151,0,56,55,1,0,0,19375252,102925060,110306408,88,8906292,,3166532,6579860,6297840,3331020,,28605520,23670368,22403144,28246028,,29432964,26405056,25246060,29222328,,12,52,12,12,,1204324,3109396,3227956,1364616
154,0,57,56,1,0,0,19423592,102921828,110303768,88,8906948,,3178752,6597012,6323484,3324344,,28614692,23676176,22381552,28249408,,29442192,26411140,25224704,29225732,,12,52,12,12,,1204400,3109672,3228224,1364652
157,0,58,57,1,0,0,19517888,102822560,110206356,88,8907808,,3196720,6615940,6352780,3352448,,28604920,23654596,22341544,28221500,,29433148,26389824,25184768,29198616,,12,52,12,12,,1204632,3109944,3228284,1364948
160,0,59,58,1,0,0,19570460,102808028,110192176,88,8908236,,3227572,6628384,6354280,3360224,,28581248,23645464,22353312,28228004,,29409508,26380868,25196656,29205144,,12,52,12,12,,1204668,3110184,3228404,1364980
162,1,60,59,1,0,0,19649780,102700736,110087036,88,8909356,,3239408,6645212,6378432,3386728,,28566900,23631440,22320968,28181428,,29395184,26367720,25165540,29158592,,12,52,12,12,,1204696,3110540,3229120,1365000
165,0,61,60,1,0,0,19690800,102639232,110025856,88,8909692,,3252356,6664144,6381640,3392660,,28544588,23593056,22323132,28178456,,29372908,26329552,25167756,29155640,,12,52,12,12,,1204756,3110728,3229192,1365016
168,0,62,61,1,0,0,19793864,102534260,109924920,88,8912776,,3282464,6682624,6407016,3421760,,28521800,23580288,22295300,28136872,,29350888,26316940,25140192,29116900,,12,52,12,12,,1205004,3110940,3229452,1367380
171,0,63,62,1,0,0,19844204,102477168,109869260,88,8913692,,3297492,6701068,6409064,3436580,,28497944,23555604,22289804,28133816,,29327072,26293532,25134796,29113860,,12,52,12,12,,1205032,3111704,3229552,1367404
173,1,64,63,1,0,0,19962164,102345672,109739064,88,8914516,,3338512,6732480,6432744,3458428,,28460188,23521708,22249680,28114096,,29289348,26259784,25095760,29094172,,12,52,12,12,,1205072,3111864,3230148,1367432
176,0,65,64,1,0,0,19986768,102347608,109742296,88,8915872,,3322356,6741608,6451508,3471296,,28487104,23503036,22254564,28102904,,29316324,26241292,25100764,29083916,,12,52,12,12,,1205204,3112040,3230280,1368348
179,0,66,65,1,0,0,20085352,102229492,109625580,88,8916296,,3348528,6753824,6478088,3504912,,28431504,23505764,22235408,28056816,,29261456,26244200,25082080,29037844,,12,52,12,12,,1205396,3112280,3230764,1367856
182,0,67,66,0,1,0,20126908,102197972,109594372,88,8916636,,3366288,6763328,6485616,3511676,,28422564,23493192,22227168,28055048,,29252544,26231852,25073884,29036092,,12,52,12,12,,1205428,3112504,3230832,1367872
184,1,68,67,1,0,0,20213832,102072360,109470824,88,8917648,,3375684,6793032,6517068,3528048,,28410524,23452284,22170368,28039184,,29240528,26191872,25018172,29020252,,12,52,12,12,,1205448,3112916,3231396,1367888
187,0,69,68,1,0,0,20261932,102052084,109451016,88,8918152,,3384948,6812092,6532968,3531924,,28393256,23449124,22173740,28035964,,29223316,26189052,25021604,29017044,,12,52,12,12,,1205568,3113220,3231456,1367908
190,0,70,69,1,0,0,20349580,101951976,109352588,88,8918876,,3411680,6824008,6553664,3560228,,28370220,23433808,22143804,28004144,,29201056,26173852,24991744,28985936,,12,52,12,12,,1205780,3113328,3231544,1368224
192,1,71,70,1,0,0,20389636,101880348,109282540,88,8919992,,3417624,6842624,6557668,3571720,,28357088,23398432,22132548,27992280,,29187940,26139448,24981056,28974096,,12,52,12,12,,1205796,3113804,3232132,1368260
195,0,72,71,1,0,0,20457856,101817320,109220668,88,8920668,,3439696,6857280,6567892,3592988,,28338188,23393132,22102832,27983168,,29169072,26134360,24952224,28965012,,12,52,12,12,,1205836,3114048,3232508,1368276
198,0,73,72,1,0,0,20516852,101790036,109193840,88,8921164,,3450456,6881260,6587548,3597588,,28344924,23374076,22094380,27976656,,29175896,26115408,24944008,28958528,,12,52,12,12,,1205992,3114116,3232752,1368304
201,0,74,73,1,0,0,20602412,101710300,109116168,88,8922228,,3478020,6892712,6599408,3632272,,28319476,23375980,22102092,27912752,,29151168,26117796,24951804,28895400,,12,52,12,12,,1206172,3114612,3232832,1368612
204,0,75,74,1,0,0,20661652,101659324,109066456,88,8922968,,3491000,6910500,6617920,3642232,,28305856,23342760,22071804,27938904,,29137576,26085464,24921864,28921552,,12,52,12,12,,1206204,3115032,3233168,1368564
207,0,76,75,1,0,0,20766244,101530280,108938660,88,8923720,,3509960,6939052,6653328,3663904,,28282500,23299704,22029264,27918812,,29114244,26042724,24880208,28901484,,12,52,12,12,,1206220,3115340,3233572,1368588
209,1,77,76,1,0,0,20800348,101514324,108922708,88,8923696,,3524656,6943544,6667800,3664348,,28269768,23305976,22025144,27913436,,29100852,26049128,24876580,28896148,,12,52,12,12,,1205544,3115472,3234052,1368628
212,1,78,77,1,0,0,20881244,101389948,108799888,88,8924384,,3542148,6956928,6687380,3694788,,28240176,23295816,22001244,27852712,,29071836,26039056,24852776,28836220,,12,52,12,12,,1205716,3115556,3234176,1368936
215,0,79,78,1,0,0,20967164,101338972,108750264,88,8925260,,3560416,7011424,6690820,3704504,,28223684,23245348,22006096,27863844,,29055368,25989632,24857892,28847372,,12,52,12,12,,1205744,3116132,3234424,1368960
218,0,80,79,1,0,0,20992652,101280132,108692600,88,8925920,,3570428,6997152,6718612,3706460,,28208968,23248140,21967908,27855116,,29040680,25992700,24820548,28838672,,12,52,12,12,,1205764,3116404,3234772,1368980
221,0,81,80,1,0,0,21054580,101216664,108629628,88,8926488,,3583264,7017768,6731900,3721648,,28197812,23219680,21957648,27841524,,29029644,25964368,24810516,28825100,,12,52,12,12,,1205944,3116516,3235016,1369012
223,1,82,81,1,0,0,21164008,101102304,108517304,88,8927504,,3630932,7027260,6756084,3749732,,28149980,23216344,21929048,27806932,,28982520,25961260,24782236,28791288,,12,52,12,12,,1206100,3116744,3235348,1369312
226,1,83,82,1,0,0,21198396,101100016,108516188,88,8928204,,3642200,7044512,6742672,3769012,,28142468,23209960,21944952,27802636,,28975048,25955852,24798268,28787020,,12,52,12,12,,1206136,3117252,3235472,1369344
229,0,84,83,1,0,0,21260136,101033856,108451712,88,8929392,,3642024,7054800,6772052,3791260,,28149284,23200876,21904464,27779232,,28981900,25947384,24758792,28763636,,12,52,12,12,,1206168,3117860,3236008,1369356
232,0,85,84,1,0,0,21302848,101000056,108418264,88,8929732,,3652944,7072104,6781920,3795880,,28137412,23174392,21918360,27769892,,28970096,25920952,24772856,28754360,,12,52,12,12,,1206240,3117904,3236172,1369416
235,0,86,85,1,0,0,21389068,100878616,108298904,88,8930836,,3666516,7093260,6803360,3825932,,28109584,23162804,21869872,27736356,,28943024,25909552,24724636,28721692,,12,52,12,12,,1206504,3118108,3236428,1369796
237,1,87,86,1,0,0,21437024,100815160,108236656,88,8931576,,3679760,7101720,6811320,3844224,,28094176,23144412,21862896,27713676,,28927636,25892212,24717772,28699036,,12,52,12,12,,1206532,3118676,3236556,1369812
240,0,88,87,1,0,0,21498844,100747808,108170740,88,8932532,,3703216,7115020,6833716,3846892,,28076952,23124152,21840332,27706372,,28910456,25872048,24696480,28691756,,12,52,12,12,,1206572,3118764,3237352,1369844
243,0,89,88,1,0,0,21557008,100702236,108125688,88,8933192,,3717080,7138444,6846344,3855140,,28064772,23105680,21837396,27694388,,28898380,25853800,24693700,28679808,,12,52,12,12,,1206740,3119024,3237544,1369884
246,0,90,89,1,0,0,21653504,100622212,108047496,88,8933928,,3753852,7152596,6860348,3886708,,28022436,23094520,21826276,27678980,,28856736,25842828,24682752,28665180,,12,52,12,12,,1206888,3119176,3237672,1370192
248,1,91,90,1,0,0,21713904,100532864,107961444,88,8936784,,3771120,7172760,6865944,3904080,,28012856,23050356,21817820,27651832,,28849224,25799744,24674416,28638060,,12,52,12,12,,1208976,3119788,3237804,1370216
251,1,92,91,1,0,0,21767264,100489112,107919096,88,8937696,,3774952,7188096,6883060,3921156,,28015192,23050032,21787876,27636012,,28851616,25799524,24645692,28622264,,12,52,12,12,,1209020,3119892,3238540,1370244
254,0,93,91,2,0,0,21820576,100455848,107886328,88,8938168,,3785512,7204460,6901956,3928648,,28004184,23032224,21783000,27636440,,28840644,25781928,24641028,28622728,,12,52,12,12,,1209068,3120096,3238732,1370272
257,0,94,93,1,0,0,21893248,100354528,107787036,88,8939216,,3809896,7223172,6909336,3950844,,27965668,23027344,21768784,27592732,,28802912,25777304,24627000,28579820,,12,52,12,12,,1209340,3120348,3238916,1370612
260,0,95,94,1,0,0,21951780,100299448,107732936,88,8940032,,3829056,7241936,6919344,3961444,,27946856,23005256,21761596,27585740,,28784140,25755984,24619964,28572848,,12,52,12,12,,1209392,3120936,3239080,1370624
263,0,96,95,1,0,0,22040884,100197208,107632312,88,8940884,,3845336,7260428,6948744,3986376,,27942696,22969760,21743568,27541184,,28780016,25721096,24602876,28528324,,12,52,12,12,,1209420,3121256,3239540,1370668
265,1,97,96,1,0,0,22066648,100160448,107596108,88,8941512,,3860036,7268352,6941788,3996472,,27926432,22964424,21737188,27532404,,28763856,25715872,24596792,28519588,,12,52,12,12,,1209604,3121360,3239844,1370704
268,1,98,97,1,0,0,22152700,100106464,107544188,88,8942520,,3877428,7286224,6969400,4019648,,27904436,22960996,21712420,27528612,,28742580,25712768,24572244,28516596,,12,52,12,12,,1209772,3121680,3240056,1371012
271,0,99,98,1,0,0,22224056,100018352,107456664,88,8943084,,3893860,7309140,6979632,4041424,,27881572,22930416,21709916,27496448,,28719752,25682340,24570116,28484456,,12,52,12,12,,1209804,3121816,3240424,1371040
274,0,100,99,1,0,0,22303164,99921796,107362268,88,8944296,,3914620,7320696,7005496,4062352,,27858920,22918200,21655672,27489004,,28697136,25671160,24516932,28477040,,12,52,12,12,,1209840,3122380,3241016,1371060
277,0,101,100,1,0,0,22350140,99880196,107321116,88,8944832,,3918156,7349992,7018632,4063360,,27864040,22876688,21651944,27487524,,28702320,25629920,24513276,28475600,,12,52,12,12,,1209956,3122688,3241096,1371092
280,0,102,101,1,0,0,22442724,99791084,107233836,88,8945640,,3953352,7365736,7036092,4087544,,27821332,22860868,21645548,27463336,,28660364,25614232,24507028,28452212,,12,52,12,12,,1210184,3122784,3241232,1371440
283,0,103,102,1,0,0,22501796,99711788,107155116,88,8946304,,3964688,7384940,7046432,4105736,,27796412,22844304,21636416,27434656,,28635468,25597900,24498184,28423564,,12,52,12,12,,1210212,3123104,3241520,1371468
285,1,104,103,1,0,0,22557824,99649656,107095044,88,8947316,,3977100,7400396,7057684,4122644,,27788880,22817732,21632472,27410572,,28627980,25572280,24495276,28399508,,12,52,12,12,,1210248,3123504,3242072,1371492
288,1,105,104,1,0,0,22601588,99617900,107064160,88,8948308,,3989884,7413908,7071164,4126632,,27783544,22823612,21604668,27406076,,28622744,25578636,24467740,28395040,,12,52,12,12,,1210424,3124008,3242348,1371528
291,0,106,105,1,0,0,22670940,99518352,106966484,88,8949088,,4013380,7424008,7080060,4153492,,27753988,22801852,21581012,27381500,,28593912,25557116,24444180,28371276,,12,52,12,12,,1210588,3124212,3242436,1371852
294,0,107,106,1,0,0,22724084,99500216,106949204,88,8949740,,4022996,7439456,7100016,4161616,,27753272,22778956,21577576,27390412,,28593244,25534660,24441080,28380220,,12,52,12,12,,1210640,3124448,3242780,1371872
297,0,108,107,1,0,0,22795916,99381648,106832588,88,8951412,,4048912,7457140,7100084,4189780,,27714564,22760560,21555464,27351060,,28554564,25517100,24419080,28341844,,12,52,12,12,,1210664,3125028,3242908,1372812
300,0,109,108,1,0,0,22869912,99331764,106784896,88,8952628,,4071996,7478016,7102576,4217324,,27699556,22741000,21570356,27320852,,28540356,25497628,24434512,28312400,,12,52,12,12,,1210992,3125116,3243420,1373100
303,0,110,109,1,0,0,22966772,99233212,106687672,88,8953432,,4098872,7498912,7131692,4237296,,27669900,22716772,21528504,27318036,,28510728,25473720,24393596,28309628,,12,52,12,12,,1211008,3125416,3243868,1373140
306,0,111,110,1,0,0,23025264,99188268,106643888,88,8954116,,4115100,7512472,7138096,4259596,,27652764,22715500,21522856,27297148,,28493636,25473340,24388144,28288768,,12,52,12,12,,1211064,3125820,3244068,1373164
308,1,112,111,1,0,0,23089272,99110612,106567444,88,8954928,,4116176,7541208,7177700,4254188,,27655244,22689132,21473304,27292932,,28496152,25447280,24339428,28284584,,12,52,12,12,,1211100,3126192,3244432,1373204
311,1,113,112,1,0,0,23149132,99073044,106530656,88,8955720,,4129720,7551672,7210308,4257432,,27647128,22668312,21440992,27316612,,28488156,25426584,24307592,28308324,,12,52,12,12,,1211292,3126252,3244916,1373260
314,1,114,113,1,0,0,23231120,98944480,106404100,88,8956712,,4145440,7564972,7230580,4290128,,27605440,22659076,21441740,27238224,,28447192,25417600,24308592,28230716,,12,52,12,12,,1211456,3126520,3245168,1373568
317,0,115,114,1,0,0,23284664,98897260,106358116,88,8957456,,4165644,7580776,7232092,4306152,,27595936,22626456,21440464,27234404,,28437736,25385936,24307524,28226920,,12,52,12,12,,1211516,3126996,3245360,1373584
320,0,116,115,1,0,0,23356980,98814044,106276336,88,8958496,,4184224,7593804,7252132,4326820,,27578576,22632464,21392736,27210268,,28420416,25392416,24260700,28202804,,12,52,12,12,,1211564,3127496,3245824,1373612
323,0,117,116,1,0,0,23398192,98791320,106254200,88,8959076,,4194996,7601956,7271328,4329912,,27566856,22610692,21404456,27209316,,28408756,25370724,24272816,28201904,,12,52,12,12,,1211684,3127548,3246188,1373656
326,0,118,117,1,0,0,23472640,98685560,106154400,88,8964060,,4202744,7626476,7277880,4365540,,27557764,22590084,21376048,27161664,,28400420,25350332,24244500,28159148,,12,52,12,12,,1211892,3127768,3246312,1378088
329,0,119,118,1,0,0,23541776,98617224,106086828,88,8964504,,4229124,7646680,7288332,4377640,,27539220,22565712,21364216,27148076,,28381220,25326792,24233212,28145604,,12,52,12,12,,1211200,3128356,3246824,1378124
332,0,120,119,1,0,0,23613356,98532760,106003648,88,8965012,,4250736,7661668,7314728,4386224,,27516060,22551364,21319596,27145740,,28358040,25312840,24189476,28143292,,12,52,12,12,,1211128,3128520,3247224,1378140
335,0,121,120,1,0,0,23676260,98494304,105965924,88,8965832,,4262132,7685040,7329408,4399680,,27499596,22538264,21320248,27136196,,28341668,25300036,24190416,28133804,,12,52,12,12,,1211316,3128812,3247512,1378192
338,0,122,121,1,0,0,23745648,98413672,105887060,88,8966692,,4273912,7702148,7347936,4421652,,27489368,22508440,21301000,27114864,,28332076,25270472,24171240,28113272,,12,52,12,12,,1211508,3129092,3247576,1378516
341,0,123,122,1,0,0,23799596,98365484,105840000,88,8967440,,4298524,7714000,7358476,4428596,,27466060,22496108,21293320,27109996,,28308816,25258968,24163788,28108428,,12,52,12,12,,1211552,3129500,3247840,1378548
344,0,124,123,1,0,0,23871608,98287828,105763828,88,8968376,,4314900,7723344,7384852,4448512,,27448024,22487400,21260568,27091836,,28290808,25250556,24132176,28090288,,12,52,12,12,,1211584,3129760,3248468,1378564
347,0,125,124,1,0,0,23926256,98240320,105717120,88,8969212,,4323464,7743676,7398920,4460196,,27441108,22463192,21258016,27078004,,28283976,25226784,24129860,28076500,,12,52,12,12,,1211736,3130144,3248716,1378616
350,0,126,125,1,0,0,23991268,98163716,105642724,88,8970376,,4346760,7756860,7402624,4485024,,27404344,22456524,21270216,27032632,,28247960,25220580,24142224,28031960,,12,52,12,12,,1211924,3130612,3248876,1378964
353,0,127,126,1,0,0,24071140,98094992,105575396,88,8971296,,4367356,7778096,7420704,4504984,,27387436,22430244,21232056,27045256,,28231104,25195272,24104412,28044608,,12,52,12,12,,1211980,3131104,3249228,1378984
356,0,128,127,1,0,0,24121148,98015156,105495932,88,8971752,,4391900,7792796,7411964,4524488,,27359864,22392660,21236952,27025680,,28203632,25157832,24109412,28025056,,12,52,12,12,,1212148,3131236,3249356,1379012
359,0,129,128,1,0,0,24198312,97955416,105438520,88,8973084,,4426596,7799500,7417656,4554560,,27318512,22414456,21231872,26990576,,28163028,25179968,24104764,27990760,,12,52,12,12,,1212340,3131596,3249816,1379332
362,0,130,129,1,0,0,24281888,97854304,105338676,88,8973796,,4447596,7815432,7448216,4570644,,27300872,22396848,21199060,26957524,,28145440,25162476,24072976,27957784,,12,52,12,12,,1212400,3131688,3250304,1379404
365,0,131,130,1,0,0,24338948,97827516,105313252,88,8974704,,4455792,7843492,7456744,4582920,,27303140,22368196,21198692,26957488,,28147752,25134832,24072912,27957756,,12,52,12,12,,1212436,3132216,3250632,1379420
368,0,132,131,1,0,0,24406972,97722096,105209084,88,8975536,,4455588,7857612,7499636,4594136,,27295828,22341840,21137776,26946652,,28140464,25108812,24012856,27946952,,12,52,12,12,,1212480,3132608,3250992,1379456
371,0,133,132,1,0,0,24464808,97700240,105187824,88,8976128,,4467304,7877664,7525596,4594244,,27272432,22339888,21135572,26952348,,28117180,25107036,24010908,27952700,,12,52,12,12,,1212632,3132740,3251244,1379512
374,0,134,133,1,0,0,24548360,97597868,105087724,88,8977404,,4482384,7890688,7545168,4630120,,27280792,22324408,21096592,26896076,,28126284,25091776,23972404,27897260,,12,52,12,12,,1212848,3132972,3251728,1379856
377,0,135,134,1,0,0,24609888,97520276,105011448,88,8978216,,4502520,7909216,7551892,4646260,,27265936,22280704,21098156,26875480,,28111460,25049140,23974168,27876680,,12,52,12,12,,1212876,3133540,3251948,1379852
380,0,136,135,1,0,0,24675976,97476140,104968860,88,8979324,,4522628,7922232,7570568,4660548,,27243800,22288436,21068928,26874976,,28089384,25057344,23945908,27876224,,12,52,12,12,,1212944,3134032,3252440,1379908
383,0,137,136,1,0,0,24739160,97401800,104895244,88,8980088,,4533316,7948804,7596872,4660168,,27213944,22255876,21054976,26877004,,28059648,25025004,23932300,27878292,,12,52,12,12,,1213124,3134228,3252788,1379948
386,0,138,137,1,0,0,24808940,97326064,104820764,88,8980888,,4556448,7959560,7620256,4672676,,27185444,22248488,21014048,26878084,,28031880,25017860,23891516,27879508,,12,52,12,12,,1213308,3134516,3252908,1380156
389,0,139,137,1,1,0,24864504,97270316,104766208,88,8981564,,4580864,7969252,7628572,4685816,,27167760,22243844,20999280,26859432,,28014232,25013528,23876868,27861580,,12,52,12,12,,1213340,3134848,3253040,1380336
392,0,140,139,1,0,0,24943176,97195460,104693520,88,8982720,,4591036,7984456,7659144,4708540,,27153396,22226052,20979248,26836764,,27999904,24996516,23858160,27838940,,12,52,12,12,,1213388,3135092,3253872,1380368
395,0,141,140,1,0,0,25012260,97148180,104647076,88,8983632,,4603072,8012280,7667668,4729240,,27151792,22195228,20988488,26812672,,27998436,24966028,23867696,27814916,,12,52,12,12,,1213600,3135432,3254168,1380432
398,1,142,141,1,0,0,25093976,97031796,104532636,88,8984584,,4632256,8031544,7677196,4752980,,27113968,22171764,20976736,26769328,,27961356,24942832,23856052,27772396,,12,52,12,12,,1213776,3135776,3254276,1380756
401,1,143,141,2,0,0,25128356,96981836,104484016,88,8985420,,4633784,8047384,7684956,4762232,,27118672,22133192,20957808,26772164,,27966104,24905172,23837472,27775268,,12,52,12,12,,1213820,3136152,3254652,1380796
404,0,144,143,1,0,0,25207004,96912544,104416052,88,8986248,,4649092,8065820,7707800,4784292,,27097844,22134260,20930916,26749524,,27945296,24906496,23811616,27752644,,12,52,12,12,,1213848,3136388,3255196,1380816
407,0,145,144,1,0,0,25280916,96819736,104324700,88,8987248,,4652516,8078708,7724824,4824868,,27091860,22127156,20901568,26699152,,27939400,24899760,23782480,27703060,,12,52,12,12,,1213932,3136768,3255404,1381144
410,0,146,145,1,0,0,25329464,96802264,104307936,88,8988020,,4663868,8090808,7738224,4836564,,27090052,22105796,20916036,26690380,,27937640,24878832,23797116,27694348,,12,52,12,12,,1213996,3137252,3255584,1381188
413,0,147,146,1,0,0,25407044,96700092,104208020,88,8989232,,4675308,8113404,7750112,4868220,,27088428,22062752,20885248,26663664,,27936784,24836836,23766732,27667668,,12,52,12,12,,1214268,3137752,3255984,1381228
416,0,148,147,1,0,0,25466228,96624372,104133692,88,8990656,,4709664,8128608,7745140,4882816,,27034396,22063180,20877720,26649076,,27882900,24837408,23759340,27654044,,12,52,12,12,,1214484,3137880,3256108,1382184
419,0,149,148,1,0,0,25522484,96575948,104087768,88,8992084,,4731916,8151068,7767916,4871584,,27009212,22030036,20870248,26666452,,27858440,24804628,23753208,27671492,,12,52,12,12,,1214652,3138248,3256964,1382220
422,0,150,149,1,0,0,25603032,96496716,104009776,88,8992868,,4762324,8176188,7772224,4892296,,26980556,22021956,20863016,26631188,,27829844,24796812,23746112,27637008,,12,52,12,12,,1214716,3138504,3257124,1382524
425,1,151,150,1,0,0,25664380,96415608,103929968,88,8993692,,4784124,8196928,7778596,4904732,,26960732,21980820,20864232,26609824,,27810060,24756636,23747588,27615684,,12,52,12,12,,1214764,3139004,3257352,1382572
428,1,152,151,1,0,0,25716284,96377588,103893352,88,8994596,,4770156,8205436,7815144,4925548,,26967588,21993140,20813820,26603040,,27817000,24769324,23698088,27608940,,12,52,12,12,,1214836,3139368,3257784,1382608
431,1,153,152,1,0,0,25791840,96330392,103846712,88,8995200,,4786048,8224140,7846756,4934896,,26954760,21967072,20803880,26604680,,27804248,24743328,23688480,27610656,,12,52,12,12,,1214944,3139448,3258124,1382684
434,1,154,153,1,0,0,25875648,96197644,103716152,88,8996412,,4815556,8237736,7866308,4956048,,26901484,21952628,20762116,26581416,,27751704,24729164,23647112,27588172,,12,52,12,12,,1215184,3139728,3258500,1383000
438,0,155,154,1,0,0,25944300,96138196,103657564,88,8997132,,4834504,8258208,7884036,4967552,,26906308,21928740,20742096,26561052,,27756588,24705828,23627288,27567860,,12,52,12,12,,1215248,3140124,3258712,1383048
441,0,156,155,1,0,0,25990204,96074048,103595412,88,8998352,,4844496,8269612,7887928,4988168,,26893808,21909352,20731704,26539184,,27744148,24687396,23617848,27546020,,12,52,12,12,,1215308,3140760,3259208,1383076
444,0,157,156,0,1,0,26057480,96007840,103530048,88,8999244,,4862712,8288648,7901200,5004920,,26866624,21889288,20729288,26522640,,27717084,24667548,23615852,27529564,,12,52,12,12,,1215492,3140984,3259608,1383160
447,0,158,157,1,0,0,26145372,95904916,103433140,88,9004244,,4888744,8302864,7920784,5032980,,26838696,21877004,20702572,26486644,,27693988,24655588,23589224,27494340,,12,52,12,12,,1219768,3141304,3259716,1383456
450,0,159,158,1,0,0,26204624,95820320,103351764,88,9006892,,4909496,8329700,7934592,5030836,,26808932,21844040,20693152,26474196,,27663676,24623596,23582548,27481944,,12,52,12,12,,1219168,3141768,3262452,1383504
453,0,160,159,1,0,0,26290208,95782688,103319668,88,9011936,,4928348,8344836,7953576,5063448,,26803812,21842604,20668788,26467484,,27658600,24624540,23561260,27475268,,12,52,12,12,,1219216,3144152,3265032,1383536
456,1,161,160,1,0,0,26333820,95755604,103293240,88,9012724,,4938960,8361256,7963924,5069680,,26801048,21820704,20674644,26459208,,27655920,24602952,23567332,27467036,,12,52,12,12,,1219400,3144460,3265244,1383620
459,1,162,161,1,0,0,26407588,95628776,103168228,88,9013556,,4949276,8379176,7984392,5094744,,26775136,21802600,20633900,26417140,,27630716,24584984,23526720,27425808,,12,52,12,12,,1219620,3144616,3265376,1383944
462,1,163,162,1,0,0,26468156,95572100,103113016,88,9014492,,4967668,8398380,7996480,5105628,,26772552,21777484,20619972,26402092,,27628184,24560952,23513080,27410800,,12,52,12,12,,1219652,3145140,3265712,1383988
465,1,164,163,1,0,0,26524524,95525844,103067484,88,9015268,,5002608,8407660,7988856,5125400,,26736056,21767948,20641016,26380824,,27591800,24551664,23534448,27389572,,12,52,12,12,,1219840,3145384,3266016,1384028
469,0,165,164,1,0,0,26602388,95433200,102977208,88,9016580,,5032384,8427732,7992960,5149312,,26705504,21742212,20630260,26355224,,27561968,24526444,23524028,27364768,,12,52,12,12,,1220012,3145908,3266316,1384344
472,0,166,164,2,0,0,26678048,95346980,102892232,88,9017352,,5047652,8446036,8020924,5163436,,26681060,21725456,20591920,26348544,,27537616,24509916,23486524,27358176,,12,52,12,12,,1220116,3146136,3266680,1384420
475,0,167,166,1,0,0,26715708,95306188,102852680,88,9018312,,5050792,8461408,8026500,5177008,,26689800,21705156,20581016,26330216,,27546384,24490396,23476012,27339888,,12,52,12,12,,1220132,3146640,3267076,1384464
478,0,168,167,1,0,0,26778388,95278056,102825456,88,9019068,,5066788,8468764,8046752,5196084,,26669940,21727284,20570188,26310644,,27526768,24513004,23465344,27320340,,12,52,12,12,,1220340,3147016,3267228,1384484
481,0,169,168,1,0,0,26857072,95165396,102715048,88,9020328,,5082460,8494524,8083236,5196852,,26641300,21692480,20517748,26313868,,27498820,24478380,23414204,27323644,,12,52,12,12,,1220544,3147168,3268048,1384568
484,0,170,169,1,0,0,26937056,95074944,102626060,88,9021324,,5107312,8512928,8097624,5219192,,26618408,21663104,20508480,26284952,,27475968,24449308,23405260,27295524,,12,52,12,12,,1220576,3147476,3268376,1384896
486,1,171,170,1,0,0,27010540,95008504,102560936,88,9022148,,5121588,8537780,8123240,5227932,,26597248,21633328,20499636,26278292,,27454876,24420632,23396496,27288932,,12,52,12,12,,1220656,3148092,3268456,1384944
489,1,172,171,1,0,0,27047140,94967444,102520360,88,9022712,,5130200,8548908,8118228,5249804,,26593328,21620820,20494920,26258376,,27451092,24408312,23391900,27269056,,12,52,12,12,,1220836,3148280,3268624,1384972
493,0,173,172,1,0,0,27127132,94861772,102417132,88,9024108,,5154516,8568276,8137308,5267032,,26563364,21595908,20457348,26245152,,27421900,24383612,23355716,27255904,,12,52,12,12,,1221048,3148496,3269508,1385056
496,0,174,173,1,0,0,27177560,94816112,102372664,88,9024820,,5164084,8581832,8140280,5291364,,26554324,21602032,20454004,26205752,,27412904,24389968,23352524,27217268,,12,52,12,12,,1221088,3148716,3269652,1385364
499,0,175,174,1,0,0,27261060,94711644,102269892,88,9025964,,5187700,8602048,8157612,5313700,,26533356,21561320,20440416,26176552,,27391976,24350520,23339244,27188152,,12,52,12,12,,1221124,3149448,3269960,1385432
502,1,176,175,1,0,0,27318100,94695756,102254692,88,9026716,,5202900,8612800,8173644,5328756,,26521160,21565356,20437556,26171684,,27379976,24354820,23336588,27183308,,12,52,12,12,,1221352,3149716,3270196,1385452
505,1,177,176,1,0,0,27407956,94574484,102135536,88,9027796,,5234452,8635512,8180968,5357024,,26486604,21530188,20419476,26138216,,27346180,24319888,23318816,27150652,,12,52,12,12,,1221560,3149948,3270492,1385796
509,0,178,177,1,0,0,27491508,94524296,102086712,88,9028704,,5250984,8647108,8221076,5372340,,26483996,21521632,20383120,26135548,,27343600,24311680,23283380,27148052,,12,52,12,12,,1221588,3150320,3270924,1385872
512,0,179,178,1,0,0,27547236,94448584,102012580,88,9029796,,5266964,8668136,8223352,5388784,,26468664,21502848,20364292,26112780,,27328312,24293852,23265072,27125344,,12,52,12,12,,1221652,3150808,3271424,1385912
515,0,180,179,1,0,0,27597096,94384952,101949768,88,9030668,,5276568,8673244,8248424,5398860,,26452592,21478192,20353336,26100832,,27312392,24269440,23254488,27113448,,12,52,12,12,,1221820,3151072,3271800,1385976
518,1,181,180,1,0,0,27674308,94305820,101872760,88,9031792,,5293108,8691668,8290432,5399100,,26418124,21480936,20297440,26109320,,27278684,24272556,23199520,27122000,,12,52,12,12,,1222060,3151460,3272240,1386032
522,0,182,181,1,0,0,27749576,94220796,101789008,88,9032584,,5315912,8708364,8294996,5430304,,26401644,21454880,20307772,26056500,,27262244,24246600,23210172,27069992,,12,52,12,12,,1222112,3151548,3272556,1386368
525,0,183,182,1,0,0,27817384,94168128,101738056,88,9033780,,5328896,8730408,8317196,5440884,,26391312,21431192,20283276,26062348,,27252004,24224128,23186012,27075912,,12,52,12,12,,1222196,3152252,3272896,1386436
528,1,184,183,1,0,0,27876468,94137640,101713296,88,9039028,,5329144,8749224,8315104,5482996,,26406544,21414504,20293768,26022824,,27267296,24208000,23200828,27037172,,12,52,12,12,,1222260,3152804,3277216,1386748
532,0,185,184,1,0,0,27925716,94069804,101646056,88,9039656,,5340624,8757868,8329128,5498096,,26387796,21406860,20287336,25987812,,27248632,24200604,23194604,27002216,,12,52,12,12,,1222384,3153044,3277428,1386800
535,1,186,185,0,0,0,28003460,93969116,101547596,88,9040936,,5356764,8775472,8358972,5512252,,26363484,21381296,20239136,25985200,,27225104,24175312,23147484,26999696,,12,52,12,12,,1222652,3153324,3278064,1386896
538,1,187,186,1,0,0,28083340,93889912,101471152,88,9043156,,5399180,8796548,8361396,5526216,,26316664,21355728,20247816,25969704,,27179272,24150912,23156736,26984232,,12,52,12,12,,1223640,3153988,3278608,1386920
542,0,188,187,1,0,0,28161648,93818028,101399660,88,9042988,,5412204,8806348,8405196,5537900,,26310104,21338196,20184384,25985344,,27171992,24133524,23094212,26999932,,12,52,12,12,,1222872,3154112,3279024,1386980
545,0,189,188,1,0,0,28212888,93764116,101346556,88,9043804,,5413592,8826060,8428072,5545164,,26296604,21318528,20177164,25971820,,27158584,24114200,23087324,26986448,,12,52,12,12,,1222956,3154472,3279352,1387024
548,1,190,189,1,0,0,28262904,93724932,101309480,88,9045012,,5420636,8839752,8441880,5560636,,26310084,21317844,20157908,25939096,,27172828,24113860,23068208,26954584,,12,52,12,12,,1223292,3154828,3279496,1387396
551,1,191,190,1,0,0,28349040,93614232,101200056,88,9045848,,5450480,8872164,8462308,5564088,,26277800,21271856,20127460,25937116,,27140576,24068772,23038064,26952644,,12,52,12,12,,1223364,3155240,3279812,1387432
555,0,192,191,1,0,0,28398460,93597068,101186520,88,9049004,,5459692,8887632,8467012,5584124,,26268280,21266652,20136332,25925804,,27131092,24063868,23048140,26943420,,12,52,12,12,,1223416,3155528,3280516,1389544
558,0,193,192,1,0,0,28457372,93510932,101101568,88,9050188,,5469912,8908308,8477444,5601708,,26247892,21237980,20119416,25905644,,27110896,24035724,23031604,26923344,,12,52,12,12,,1223624,3156048,3280900,1389616
562,0,194,193,1,0,0,28535360,93417296,101009796,88,9051064,,5480672,8919548,8497248,5637892,,26227428,21228800,20107396,25853672,,27091156,24026772,23019688,26872180,,12,52,12,12,,1223824,3156292,3281016,1389932
565,0,195,194,1,0,0,28603616,93358532,100952652,88,9052136,,5505220,8942296,8510088,5646012,,26210836,21216588,20080728,25850380,,27074620,24015660,22993440,26868932,,12,52,12,12,,1223864,3156860,3281424,1389988
568,0,196,195,1,0,0,28676024,93296464,100893504,88,9055140,,5543472,8950912,8519524,5662116,,26174028,21204464,20076988,25840984,,27039808,24003952,22990136,26859608,,12,52,12,12,,1225952,3157264,3281872,1390052
572,0,197,196,1,0,0,28758564,93172208,100771260,88,9056036,,5552088,8980476,8554804,5671196,,26148312,21167724,20031868,25824304,,27014896,23967320,22946060,26842984,,12,52,12,12,,1226104,3157372,3282448,1390112
575,0,198,197,1,0,0,28813068,93119748,100720352,88,9057124,,5563300,8999952,8555688,5694128,,26138288,21158868,20035236,25787356,,27004932,23958828,22949780,26806812,,12,52,12,12,,1226184,3157736,3282784,1390420
578,0,199,198,1,0,0,28889732,93062868,100664628,88,9057876,,5579708,9018488,8579376,5712160,,26114152,21154388,20009636,25784692,,26980844,23955248,22924296,26804240,,12,52,12,12,,1226220,3158244,3282908,1390504
581,1,200,199,1,0,0,28988688,92944200,100547608,88,9058952,,5600224,9033080,8623592,5731792,,26105532,21108472,19966484,25763712,,26972304,23909692,22882292,26783320,,12,52,12,12,,1226300,3158504,3283580,1390568
584,1,201,200,1,0,0,29032644,92902532,100506688,88,9059732,,5611288,9049812,8626380,5745164,,26094936,21090216,19971364,25746016,,26961852,23891696,22887460,26765680,,12,52,12,12,,1226476,3158776,3283852,1390628
588,0,202,201,1,0,0,29099236,92809052,100415780,88,9061032,,5621632,9063156,8642888,5771560,,26069292,21081520,19945496,25712744,,26937224,23883352,22861976,26733228,,12,52,12,12,,1226692,3159136,3284252,1390952
591,0,203,202,1,0,0,29172108,92733780,100342064,88,9062116,,5638716,9088392,8652412,5792588,,26071332,21037036,19929056,25696356,,26939308,23840232,22845648,26716876,,12,52,12,12,,1226772,3159996,3284360,1390988
594,1,204,203,1,0,0,29232536,92697180,100306468,88,9063112,,5669160,9103360,8649164,5810852,,26038668,21044948,19935324,25678240,,26906800,23848408,22852420,26698840,,12,52,12,12,,1226916,3160268,3284852,1391076
597,1,205,204,1,0,0,29321808,92607448,100219092,88,9064292,,5707960,9124252,8672632,5816964,,25998056,21024928,19913476,25670988,,26867160,23828744,22831552,26691636,,12,52,12,12,,1227192,3160612,3285360,1391128
601,0,206,205,1,0,0,29389476,92541880,100155212,88,9065404,,5728988,9140448,8680576,5839464,,25999012,21001652,19900024,25641192,,26868188,23805644,22818636,26662744,,12,52,12,12,,1227252,3160812,3285876,1391464
604,1,207,206,1,0,0,29454324,92490428,100105620,88,9066512,,5735208,9159076,8699560,5860480,,25989468,20962616,19896912,25641432,,26858724,23767952,22815896,26663048,,12,52,12,12,,1227332,3161416,3286224,1391540
608,0,208,207,1,0,0,29475092,92421608,100038060,88,9067328,,5720616,9179068,8697776,5877632,,25973704,20958884,19865480,25623540,,26843012,23764580,22785280,26645188,,12,52,12,12,,1227392,3161772,3286596,1391568
611,0,209,208,1,0,0,29542724,92398572,100015904,88,9068164,,5739260,9195692,8716420,5891352,,25977376,20937336,19873912,25609948,,26846856,23743228,22794136,26631684,,12,52,12,12,,1227556,3161956,3287012,1391640
614,0,210,209,1,0,0,29620088,92267276,99887268,88,9069460,,5760816,9207752,8736224,5915296,,25941704,20925828,19842968,25556776,,26812104,23732008,22763604,26579552,,12,52,12,12,,1227792,3162256,3287420,1391992
617,1,211,210,1,0,0,29693892,92213632,99835588,88,9070352,,5778148,9224900,8755692,5935152,,25928336,20899504,19828740,25557052,,26798816,23707256,22749628,26579888,,12,52,12,12,,1227872,3162760,3287676,1392044
621,0,212,211,1,0,0,29734992,92146368,99769400,88,9071468,,5804432,9241644,8735452,5953464,,25889372,20889192,19840384,25527420,,26760036,23697504,22761548,26550312,,12,52,12,12,,1228088,3163308,3287968,1392104
624,0,213,212,1,0,0,29799396,92092548,99718272,88,9072692,,5804996,9267740,8755188,5971472,,25890224,20863416,19835976,25502932,,26761832,23672028,22757552,26526860,,12,52,12,12,,1228280,3163604,3288368,1392440
627,1,214,213,0,1,0,29886372,92001120,99628156,88,9073588,,5840124,9267624,8779232,5999392,,25868180,20867532,19791796,25473612,,26739856,23676476,22714228,26497596,,12,52,12,12,,1228352,3163956,3288764,1392516
631,0,215,214,1,0,0,29950188,91947116,99576992,88,9074796,,5863680,9291128,8771000,6024380,,25840808,20839416,19818676,25448216,,26712548,23650468,22741720,26472256,,12,52,12,12,,1228424,3164432,3289364,1392576
634,1,216,215,1,0,0,30013368,91901104,99531940,88,9075744,,5880776,9308624,8810364,6013604,,25818052,20831476,19770760,25480816,,26689960,23642892,22694160,26504928,,12,52,12,12,,1228632,3164752,3289736,1392624
638,0,217,216,1,0,0,30098500,91802936,99436404,88,9076740,,5912992,9322584,8808712,6054212,,25790872,20822808,19770080,25419176,,26664012,23634512,22693604,26444276,,12,52,12,12,,1228824,3165104,3289860,1392952
641,0,218,217,1,0,0,30209532,91675460,99315516,88,9081708,,5932924,9370576,8828416,6077616,,25764084,20758104,19752024,25401248,,26637308,23575956,22675824,26426428,,12,52,12,12,,1228916,3169656,3290124,1393012
644,0,219,218,1,0,0,30278644,91599960,99241612,88,9082804,,5943400,9387200,8870880,6077164,,25742180,20730576,19705712,25421492,,26615448,23548716,22630700,26446748,,12,52,12,12,,1228980,3169920,3290808,1393096
647,1,220,219,1,0,0,30299324,91568244,99210752,88,9083736,,5953292,9410984,8840992,6094056,,25721900,20724984,19727796,25393564,,26595336,23543552,22652992,26418872,,12,52,12,12,,1229192,3170352,3291036,1393156
651,0,221,220,1,0,0,30364960,91529148,99175260,88,9085088,,5966980,9415864,8859684,6122432,,25732868,20725588,19716760,25353932,,26608036,23544696,22642268,26380260,,12,52,12,12,,1229388,3170888,3291332,1393480
654,0,222,221,1,0,0,30421180,91490072,99138448,88,9086216,,5977224,9430108,8894780,6119068,,25727652,20713672,19675668,25373080,,26602932,23533072,22602936,26399508,,12,52,12,12,,1229484,3171180,3291984,1393568
657,1,223,222,1,0,0,30516808,91357488,99008456,88,9087696,,6011356,9439152,8916320,6149980,,25677112,20681548,19654640,25344188,,26553308,23502380,22582088,26370680,,12,52,12,12,,1230208,3171704,3292160,1393624
661,0,224,223,1,0,0,30565680,91300324,98953544,88,9089128,,6019200,9446700,8936284,6163496,,25675512,20665316,19640932,25318564,,26552388,23487068,22568968,26345120,,12,52,12,12,,1230648,3172024,3292760,1393696
664,1,225,224,1,0,0,30679480,91177644,98834328,88,9090380,,6045868,9484768,8957640,6191204,,25648960,20635512,19618964,25274208,,26527564,23457596,22547384,26301784,,12,52,12,12,,1230828,3172384,3293136,1394032
668,0,226,225,1,0,0,30774564,91083064,98742292,88,9091308,,6069976,9527884,8971400,6205304,,25630608,20596916,19596396,25259144,,26509268,23421244,22524968,26286812,,12,52,12,12,,1230920,3172984,3293280,1394124
671,0,227,226,1,0,0,30819332,91028016,98689260,88,9092268,,6080272,9525108,9002624,6211328,,25611632,20594316,19555360,25266708,,26490276,23418932,22485636,26294416,,12,52,12,12,,1230992,3173180,3293920,1394176
675,0,228,227,1,0,0,30862520,90990868,98653164,88,9093256,,6087064,9549644,9003524,6222288,,25597672,20569832,19574212,25249152,,26476564,23394712,22504984,26276904,,12,52,12,12,,1231208,3173476,3294364,1394208
678,0,229,228,1,0,0,30935776,90871312,98537016,88,9094452,,6106892,9559256,9019212,6250416,,25563200,20559056,19546420,25202636,,26443820,23384172,22477564,26231460,,12,52,12,12,,1231376,3173736,3294756,1394584
681,1,230,229,1,0,0,31013724,90794372,98462404,88,9095616,,6133400,9556660,9062592,6261072,,25551576,20561064,19477108,25204624,,26432272,23386764,22409832,26233536,,12,52,12,12,,1231484,3174316,3295156,1394660
685,0,231,230,1,0,0,31104492,90737044,98406920,88,9095796,,6142944,9593312,9085364,6282872,,25534336,20534016,19470852,25197840,,26415116,23361816,22403996,26225992,,12,52,12,12,,1231576,3174812,3295548,1393860
688,0,232,231,1,0,0,31157168,90658400,98329244,88,9096636,,6157972,9603168,9093580,6302448,,25519232,20506128,19458672,25174368,,26400284,23334368,22392020,26202572,,12,52,12,12,,1231736,3175224,3295756,1393920
691,1,233,232,1,0,0,31236040,90573616,98247948,88,9098044,,6185420,9612208,9106980,6331432,,25478052,20493048,19459584,25142932,,26360888,23321512,22393488,26172060,,12,52,12,12,,1232004,3175428,3296320,1394292
695,0,234,233,1,0,0,31311364,90497500,98174512,88,9099188,,6208548,9632044,9113856,6356916,,25475040,20473584,19437176,25111700,,26357968,23302392,22373268,26140884,,12,52,12,12,,1232092,3175792,3296956,1394348
698,0,235,234,1,0,0,31337680,90458828,98137376,88,9099996,,6199456,9651044,9126720,6360460,,25462348,20458668,19439412,25098400,,26345368,23288728,22375652,26127628,,12,52,12,12,,1232176,3176312,3297120,1394388
701,0,236,235,1,0,0,31392104,90404540,98084888,88,9100948,,6215636,9652612,9152688,6371168,,25451700,20460492,19405948,25086400,,26334916,23291692,22342576,26115704,,12,52,12,12,,1232372,3176600,3297516,1394460
705,0,237,236,1,0,0,31480464,90322912,98007760,88,9102108,,6238252,9674260,9189280,6378672,,25427972,20445248,19370968,25078724,,26313172,23276744,22309724,26108120,,12,52,12,12,,1232592,3176884,3298064,1394568
708,0,238,237,1,0,0,31500540,90318316,98004124,88,9103304,,6254864,9681928,9176196,6387552,,25420772,20434924,19392124,25070496,,26305924,23266760,22331292,26100148,,12,52,12,12,,1232676,3177276,3298472,1394880
711,0,239,237,2,0,0,31552108,90212892,97902396,88,9104584,,6275860,9696144,9193928,6386176,,25408928,20400200,19349860,25053904,,26294164,23234580,22289188,26084464,,12,52,12,12,,1232756,3178144,3298632,1395052
715,0,240,239,1,0,0,31642588,90160620,97851212,88,9105532,,6276324,9728596,9230444,6407224,,25398240,20382816,19337036,25042528,,26283836,23217416,22276736,26073224,,12,52,12,12,,1232952,3178404,3299000,1395176
718,0,241,240,1,0,0,31684128,90149576,97843588,88,9106780,,6280828,9748084,9212396,6442820,,25404688,20366024,19353656,25025208,,26292028,23201104,22293552,26056904,,12,52,12,12,,1233212,3178880,3299204,1395484
722,0,242,241,1,0,0,31798828,89992840,97689700,88,9108076,,6304232,9766716,9249876,6478004,,25381280,20333416,19293824,24984320,,26268676,23168812,22236124,26016088,,12,52,12,12,,1233260,3179188,3300084,1395544
725,0,243,242,1,0,0,31838028,89977544,97675624,88,9108920,,6334232,9779984,9261440,6462372,,25352740,20325156,19295028,25004620,,26240716,23160744,22237712,26036452,,12,52,12,12,,1233476,3179384,3300456,1395604
729,0,244,243,1,0,0,31905580,89870512,97572388,88,9110016,,6370288,9798720,9259888,6476684,,25298348,20293952,19289364,24988848,,26187844,23131540,22232252,26020752,,12,52,12,12,,1233712,3179976,3300648,1395680
732,1,245,244,1,0,0,32033756,89764660,97469036,88,9111316,,6413076,9821380,9281640,6517660,,25263376,20288124,19272076,24941084,,26152928,23126280,22215452,25974376,,12,52,12,12,,1233796,3180348,3301132,1396040
735,1,246,245,1,0,0,32082160,89691268,97398172,88,9112320,,6405328,9853184,9292676,6530972,,25258168,20258372,19244536,24930192,,26147772,23098608,22188236,25963556,,12,52,12,12,,1233864,3180880,3301460,1396116
739,0,247,246,1,0,0,32114972,89675284,97384864,88,9113456,,6405688,9872840,9308812,6527632,,25248420,20235032,19249684,24942148,,26138104,23075808,22195376,25975576,,12,52,12,12,,1233932,3181408,3301940,1396176
742,0,248,247,1,0,0,32190132,89590740,97301636,88,9114664,,6415956,9893692,9321448,6559036,,25259460,20195136,19232688,24903456,,26149460,23036292,22178948,25936936,,12,52,12,12,,1234188,3181756,3302484,1396236
745,1,249,248,1,0,0,32292340,89476616,97192016,88,9115796,,6446592,9909548,9347024,6589176,,25217776,20186080,19195612,24877148,,26109812,23027696,22142024,25912484,,12,52,12,12,,1234396,3182184,3302636,1396580
749,0,250,249,1,0,0,32335128,89434204,97152280,88,9117080,,6461272,9921076,9370684,6582096,,25196624,20182364,19172908,24882308,,26088540,23024212,22121784,25917744,,12,52,12,12,,1234452,3182436,3303544,1396648
752,0,251,250,1,0,0,32405892,89341732,97062312,88,9118028,,6480132,9919272,9398728,6607760,,25181600,20177416,19135624,24847092,,26073640,23021380,22084684,25882608,,12,52,12,12,,1234584,3183000,3303724,1396720
756,0,252,251,1,0,0,32436704,89318512,97039872,88,9118840,,6485184,9927028,9397284,6627208,,25186804,20158632,19142584,24830492,,26078956,23002856,22091992,25866068,,12,52,12,12,,1234688,3183280,3304096,1396776
759,1,253,252,1,0,0,32524784,89220096,96945876,88,9120056,,6502808,9948828,9424236,6648912,,25159340,20142256,19124608,24793892,,26053496,22986860,22074188,25831332,,12,52,12,12,,1235000,3183660,3304256,1397140
763,0,254,253,1,0,0,32614560,89169272,96896072,88,9121100,,6526604,9978484,9447336,6662136,,25145856,20121900,19095284,24806232,,26040092,22966828,22045388,25843764,,12,52,12,12,,1235096,3184008,3304784,1397212
766,0,255,253,2,0,0,32624492,89158748,96889740,88,9122088,,6542240,9965828,9454816,6661608,,25130264,20126656,19091688,24810140,,26024596,22973588,22043824,25847732,,12,52,12,12,,1235180,3184412,3305224,1397272
769,0,256,255,1,0,0,32708804,89046424,96778688,88,9123348,,6547420,10004256,9477384,6679744,,25118488,20075360,19062416,24790160,,26013044,22922916,22014928,25827800,,12,52,12,12,,1235408,3185016,3305604,1397320
773,0,257,256,1,0,0,32804444,88929848,96666528,88,9124652,,6554580,10022340,9504132,6723392,,25105280,20059608,19033832,24731128,,26001536,22907480,21986756,25770756,,12,52,12,12,,1235608,3185340,3306008,1397696
776,1,258,257,1,0,0,32865812,88873040,96612468,88,9125880,,6575148,10031500,9541084,6718080,,25080280,20065140,18996536,24731084,,25976672,22913532,21951444,25770820,,12,52,12,12,,1235732,3185896,3306460,1397792
780,0,259,258,1,0,0,32937852,88798076,96538536,88,9126916,,6618708,10032088,9548036,6739020,,25042628,20059720,18987356,24708372,,25939168,22908308,21942900,25748160,,12,52,12,12,,1235900,3186064,3307100,1397852
783,0,260,258,2,0,0,33016132,88711448,96456544,88,9128300,,6625056,10035792,9575312,6779972,,25042972,20051212,18960448,24656816,,25941512,22900180,21916372,25698480,,12,52,12,12,,1236152,3186452,3307516,1398180
787,0,261,260,1,0,0,33057660,88676084,96423904,88,9129316,,6646340,10039408,9587336,6784576,,25031412,20045060,18950904,24648708,,25930072,22896296,21907032,25690504,,12,52,12,12,,1236248,3187112,3307652,1398304
790,1,262,261,1,0,0,33130524,88576364,96324976,88,9130052,,6671520,10089484,9571156,6798364,,24997964,19988944,18958172,24631284,,25896736,22840552,21914560,25673128,,12,52,12,12,,1236336,3187436,3307932,1398348
794,0,263,262,1,0,0,33248256,88480260,96233428,88,9131536,,6679840,10136800,9611984,6819632,,24987492,19951428,18912732,24628608,,25886344,22805000,21871548,25670536,,12,52,12,12,,1236428,3187868,3308804,1398436
797,0,264,263,1,0,0,33312172,88389296,96143272,88,9132360,,6690392,10154364,9638640,6828776,,24968920,19923768,18877828,24618780,,25867968,22777652,21836896,25660756,,12,52,12,12,,1236656,3188152,3309064,1398488
800,1,265,264,1,0,0,33403540,88268424,96027160,88,9133792,,6714924,10180988,9647228,6860400,,24928728,19883840,18884516,24571340,,25829620,22738300,21843872,25615368,,12,52,12,12,,1236868,3188732,3309336,1398856
804,0,266,265,1,0,0,33481336,88192908,95953056,88,9133920,,6735480,10208760,9660192,6876904,,24912184,19852720,18859840,24568164,,25813200,22707424,21821024,25611408,,12,52,12,12,,1236972,3188980,3309884,1398084
807,1,267,265,2,0,0,33533040,88170720,95933852,88,9135080,,6748856,10219276,9677172,6887736,,24911472,19843932,18862440,24552876,,25812572,22700896,21824196,25596188,,12,52,12,12,,1237064,3189668,3310184,1398164
811,0,268,267,1,0,0,33596480,88113040,95877340,88,9136268,,6761148,10248328,9682192,6904812,,24884604,19812032,18860776,24555628,,25785964,22669212,21823152,25599012,,12,52,12,12,,1237312,3189896,3310820,1398240
814,1,269,268,1,0,0,33683796,87968776,95737304,88,9137556,,6771652,10272444,9700552,6939148,,24876184,19798012,18811944,24482636,,25779348,22655544,21774732,25527680,,12,52,12,12,,1237516,3190252,3311204,1398584
818,0,270,269,1,0,0,33759396,87957216,95728236,88,9138508,,6808060,10279188,9724976,6947172,,24854700,19807348,18798528,24496640,,25757980,22665252,21763260,25541744,,12,52,12,12,,1237592,3190624,3311628,1398664
821,1,271,270,1,0,0,33831352,87855188,95628872,88,9139576,,6811060,10308876,9754820,6956596,,24845048,19760344,18763800,24485996,,25748416,22620280,21728964,25531212,,12,52,12,12,,1237680,3191064,3312064,1398768
825,1,272,271,1,0,0,33854780,87827324,95602136,88,9140664,,6820168,10311624,9776596,6946392,,24814476,19755956,18752092,24504800,,25718080,22616420,21717576,25550060,,12,52,12,12,,1237920,3191544,3312376,1398824
829,0,273,272,1,0,0,33917032,87782824,95560748,88,9142148,,6841040,10330552,9787180,6958260,,24802148,19746516,18740972,24493188,,25707624,22607568,21707000,25538556,,12,52,12,12,,1238152,3192128,3312936,1398932
833,0,274,272,2,0,0,34011972,87664824,95447236,88,9143568,,6863404,10348748,9806276,6993544,,24780760,19715704,18723288,24445072,,25686316,22577196,21691432,25492292,,12,52,12,12,,1238232,3192568,3313504,1399264
836,1,275,274,1,0,0,34087312,87563820,95348644,88,9144436,,6879808,10375148,9836184,6996172,,24760340,19688196,18680844,24434440,,25666000,22551820,21649104,25481720,,12,52,12,12,,1238324,3193140,3313644,1399328
840,0,276,275,1,0,0,34183480,87459984,95247724,88,9145952,,6908404,10407324,9839944,7027808,,24716368,19656636,18681848,24405132,,25623756,22520656,21650796,25452516,,12,52,12,12,,1238660,3193552,3314304,1399436
844,0,277,276,1,0,0,34230344,87440968,95231828,88,9147188,,6905464,10410172,9856380,7058328,,24749936,19667796,18646728,24376508,,25657668,22532180,21616024,25425956,,12,52,12,12,,1238776,3193892,3314740,1399780
848,0,278,277,1,0,0,34291564,87357512,95151116,88,9148140,,6932180,10430512,9881876,7046996,,24717840,19628700,18622200,24388772,,25625696,22493404,21593764,25438252,,12,52,12,12,,1238884,3194236,3315180,1399840
851,1,279,278,1,0,0,34334580,87315300,95111712,88,9149328,,6936452,10442060,9880784,7075284,,24701108,19609584,18630656,24373952,,25609044,22476464,21602672,25423532,,12,52,12,12,,1239000,3194808,3315604,1399916
855,1,280,279,1,0,0,34413424,87254200,95053652,88,9150780,,6931032,10445468,9907376,7129548,,24708800,19627684,18609428,24308288,,25616856,22495060,21581916,25359820,,12,52,12,12,,1239108,3195280,3316092,1400300
859,0,281,280,1,0,0,34480332,87187524,94988140,88,9151860,,6947452,10489396,9920232,7123252,,24696588,19586236,18597400,24307300,,25604992,22453984,21570280,25358884,,12,52,12,12,,1239304,3195696,3316488,1400372
862,1,282,281,1,0,0,34552684,87087880,94895088,88,9155376,,6966044,10515388,9911596,7159656,,24665944,19552848,18599912,24269176,,25576116,22424908,21573232,25320832,,12,52,12,12,,1239552,3198460,3316916,1400448
866,1,283,282,1,0,0,34638328,86984312,94794008,88,9156260,,6986084,10535072,9947392,7169780,,24636628,19531540,18552720,24263424,,25546920,22403928,21528004,25315156,,12,52,12,12,,1239660,3198740,3317348,1400512
870,0,284,283,0,1,0,34682144,86970404,94783072,88,9157640,,7018340,10558572,9960124,7145108,,24632796,19509000,18557280,24271328,,25543188,22381744,21535016,25323124,,12,52,12,12,,1239740,3199092,3318236,1400572
873,1,285,284,1,0,0,34758232,86862828,94678176,88,9158764,,6998036,10596472,9981852,7181872,,24629588,19462740,18524144,24246356,,25540096,22335816,21502160,25300104,,12,52,12,12,,1239868,3199436,3318500,1400960
877,0,286,285,1,0,0,34837308,86779764,94596196,88,9159768,,7009752,10597504,10022784,7207268,,24619588,19467444,18476492,24216240,,25530324,22340952,21454852,25270068,,12,52,12,12,,1240032,3199876,3318832,1401028
880,1,287,286,1,0,0,34916684,86715164,94536156,88,9160832,,7036172,10613824,10047764,7218924,,24604276,19435572,18462480,24212836,,25516944,22311340,21441148,25266724,,12,52,12,12,,1240316,3200304,3319132,1401080
884,0,288,287,1,0,0,34993804,86623008,94446572,88,9162064,,7057212,10624636,10052488,7259468,,24582620,19439144,18445508,24155736,,25495344,22315140,21424628,25211460,,12,52,12,12,,1240408,3200624,3319600,1401432
888,0,289,288,1,0,0,35061704,86515128,94340748,88,9163180,,7074680,10646244,10087712,7253068,,24551116,19403912,18412936,24147164,,25464940,22280288,21392508,25203012,,12,52,12,12,,1240564,3201028,3320040,1401548
891,1,290,289,1,0,0,35146408,86441500,94270972,88,9164584,,7097876,10657980,10114824,7275728,,24544404,19376360,18368056,24152680,,25459436,22253364,21349568,25208604,,12,52,12,12,,1240892,3201632,3320456,1401604
895,0,291,290,1,0,0,35186180,86438932,94271016,88,9165716,,7127272,10682212,10091448,7285248,,24509960,19359828,18427416,24141728,,25425048,22238856,21409388,25197724,,12,52,12,12,,1240980,3202180,3320860,1401696
899,0,292,291,1,0,0,35262180,86361544,94195296,88,9167288,,7155196,10689724,10117832,7299428,,24475724,19360284,18398008,24127528,,25391160,22239868,21380392,25183876,,12,52,12,12,,1241388,3202696,3321300,1401904
902,1,293,291,1,1,0,35288336,86298856,94135128,88,9168248,,7167464,10693060,10132528,7295284,,24459272,19358532,18360304,24120748,,25374904,22238264,21343088,25178872,,12,52,12,12,,1241568,3202840,3321696,1402144
905,1,294,293,1,0,0,35337920,86233176,94073932,88,9169680,,7170672,10699316,10143284,7324648,,24449824,19344916,18344216,24094220,,25367288,22225068,21329184,25152392,,12,52,12,12,,1241808,3203280,3322388,1402204
909,1,295,294,1,0,0,35404620,86200700,94042424,88,9170512,,7171368,10724480,10154088,7354684,,24464560,19329224,18347264,24059652,,25382116,22209964,21332428,25117916,,12,52,12,12,,1241876,3203816,3322528,1402292
913,0,296,294,2,0,0,35465952,86125416,93971868,88,9171908,,7187788,10732260,10174068,7371836,,24452252,19317080,18320692,24035392,,25369892,22199836,21306428,25095712,,12,52,12,12,,1241968,3204236,3323048,1402656
916,0,297,296,1,0,0,35524348,86047732,93896800,88,9173000,,7216268,10747860,10164792,7395428,,24419440,19280204,18338460,24009628,,25338936,22163324,21324552,25069988,,12,52,12,12,,1242276,3204584,3323424,1402716
920,0,298,297,1,0,0,35606152,85946040,93798624,88,9174600,,7229436,10754976,10213368,7408372,,24401704,19268856,18283424,23992056,,25321416,22152612,21272084,25052512,,12,52,12,12,,1242444,3205200,3324124,1402832
924,0,299,298,1,0,0,35707264,85851100,93706240,88,9175720,,7260956,10783144,10219840,7443324,,24361588,19259100,18267972,23962440,,25281412,22143092,21256900,25024836,,12,52,12,12,,1242552,3205432,3324552,1403184
928,0,300,299,1,0,0,35741544,85824008,93679756,88,9176616,,7273384,10773712,10231492,7462956,,24358016,19266468,18263008,23936516,,25277868,22150896,21252100,24998892,,12,52,12,12,,1242704,3205912,3324780,1403220
931,1,301,300,1,0,0,35804820,85757240,93616320,88,9177952,,7295764,10772696,10250516,7485844,,24339148,19267340,18238096,23912656,,25260948,22152448,21227780,24975144,,12,52,12,12,,1242992,3206248,3325384,1403328
935,0,302,301,1,0,0,35967048,85589844,93453196,88,9179344,,7327040,10856152,10280104,7503752,,24306220,19182612,18204428,23896584,,25228128,22069520,21196364,24959184,,12,52,12,12,,1243116,3206740,3326052,1403436
938,1,303,302,1,0,0,36035524,85494392,93360232,88,9180448,,7339552,10892812,10296848,7506312,,24284420,19137212,18183744,23889016,,25206432,22026200,21175896,24951704,,12,52,12,12,,1243216,3207428,3326284,1403520
942,0,304,303,1,0,0,36123556,85406124,93273436,88,9181480,,7367676,10916512,10337960,7501408,,24249084,19113084,18140324,23903632,,25171424,22002728,21132884,24966400,,12,52,12,12,,1243452,3207784,3326656,1403588
946,0,305,304,1,0,0,36156368,85386320,93256120,88,9182544,,7362968,10949436,10333444,7510520,,24254084,19088628,18155928,23887680,,25178236,21978432,21148836,24950616,,12,52,12,12,,1243680,3208008,3327024,1403832
949,1,306,304,2,0,0,36233624,85163424,93146440,88,9292440,,7381828,10964296,10361532,7525968,,24227888,18986968,18074976,23873592,,25154232,21946940,21106964,24938304,,12,52,12,12,,1245844,3278036,3364496,1404064
953,1,307,306,1,0,0,36306312,85086124,93104544,88,9326632,,7402868,10968140,10389096,7546208,,24204004,18987236,18030124,23864760,,25130440,21949200,21095380,24929524,,12,52,12,12,,1245972,3278760,3397772,1404128
957,1,308,307,1,0,0,36387560,85031252,93052452,88,9327792,,7430452,10988264,10400196,7568648,,24188056,18981208,18012456,23849532,,25116120,21944036,21077936,24914360,,12,52,12,12,,1246288,3279308,3398000,1404196
961,0,309,308,1,0,0,36479688,84942604,92967116,88,9329116,,7464180,11013680,10396756,7605072,,24158768,18952624,18018376,23812836,,25087256,21915652,21084452,24879756,,12,52,12,12,,1246432,3279540,3398588,1404556
965,0,310,309,0,1,0,36525952,84862688,92889944,88,9330312,,7470652,11035616,10403524,7616160,,24155824,18917992,17991460,23797412,,25084416,21881360,21059836,24864332,,12,52,12,12,,1246528,3279884,3399272,1404628
968,1,311,310,1,0,0,36580156,84801500,92831524,88,9331452,,7477872,11053680,10412020,7636584,,24133100,18891112,17997700,23779588,,25061772,21856852,21066272,24846628,,12,52,12,12,,1246624,3280636,3399456,1404736
972,0,312,311,1,0,0,36561788,84830976,92862060,88,9332532,,7496900,11044924,10399656,7620308,,24110672,18904928,18016344,23799032,,25039536,21870924,21085492,24866108,,12,52,12,12,,1246884,3280800,3400044,1404804
976,0,313,311,2,0,0,36626876,84711752,92746832,88,9334004,,7482680,11078964,10429080,7636152,,24116320,18865200,17979152,23751080,,25046384,21831632,21048748,24820068,,12,52,12,12,,1247076,3281272,3400488,1405168
980,0,314,313,1,0,0,36770840,84584948,92623452,88,9335232,,7507232,11102144,10499756,7661708,,24099900,18861552,17890620,23732876,,25030716,21828400,20962396,24801940,,12,52,12,12,,1247208,3281676,3401088,1405260
984,0,315,314,1,0,0,36858428,84480732,92521824,88,9336508,,7535052,11112348,10528132,7682896,,24067728,18824080,17875800,23713124,,24998652,21792812,20948072,24782288,,12,52,12,12,,1247320,3282292,3401540,1405356
987,1,316,315,1,0,0,36911700,84453476,92497640,88,9337620,,7570448,11131324,10521864,7688064,,24034484,18824796,17881228,23712968,,24967260,21794508,20953676,24782196,,12,52,12,12,,1247580,3282880,3401736,1405424
991,0,317,316,1,0,0,37000400,84345584,92392828,88,9339064,,7585044,11147848,10570264,7697244,,24023116,18795344,17834836,23692288,,24956152,21765344,20909704,24761628,,12,52,12,12,,1247792,3283140,3402612,1405520
995,0,318,317,1,0,0,37034584,84305468,92355672,88,9340284,,7585848,11141824,10575716,7731196,,24004072,18811312,17825696,23664388,,24937200,21781636,20901116,24735720,,12,52,12,12,,1247864,3283500,3403024,1405896
998,0,319,318,1,0,0,37085268,84264196,92319232,88,9343416,,7606448,11150020,10565796,7763004,,23992448,18804956,17836344,23630448,,24925672,21775700,20911940,24705920,,12,52,12,12,,1247996,3283952,3403220,1408248
1001,1,320,319,0,1,0,37170976,84161888,92218476,88,9344400,,7620072,11168544,10578744,7803616,,23984944,18782668,17818572,23575704,,24919016,21753544,20894612,24651304,,12,52,12,12,,1248264,3284076,3403664,1408396
1005,1,321,320,1,0,0,37240204,84068760,92129340,88,9345656,,7640200,11181168,10602644,7816192,,23953036,18766992,17784788,23563944,,24888452,21740096,20861180,24639612,,12,52,12,12,,1248496,3284680,3404016,1408464
1009,0,322,321,1,0,0,37303012,84008268,92072184,88,9347268,,7656560,11226020,10594588,7825844,,23947180,18699500,17792100,23569488,,24882752,21675320,20868888,24645224,,12,52,12,12,,1248604,3285688,3404432,1408544
1013,0,323,322,1,0,0,37405616,83924820,91991740,88,9348564,,7677068,11269152,10623908,7835488,,23927592,18672032,17768392,23556804,,24863280,21648276,20847536,24632648,,12,52,12,12,,1248724,3285988,3405180,1408672
1017,0,324,323,1,0,0,37485460,83830388,91900132,88,9349888,,7682216,11290140,10641760,7871344,,23910944,18647720,17753660,23518064,,24846720,21624660,20832996,24595756,,12,52,12,12,,1248824,3286700,3405332,1409032
1021,0,325,324,1,0,0,37518472,83753832,91826568,88,9351292,,7695648,11300872,10663184,7858768,,23891188,18628176,17706040,23528428,,24827108,21605336,20787924,24606200,,12,52,12,12,,1248964,3286916,3406308,1409104
1025,0,326,325,1,0,0,37569504,83748156,91821992,88,9352328,,7693324,11305576,10688312,7882292,,23907124,18631776,17693684,23515572,,24843264,21609284,20776012,24593432,,12,52,12,12,,1249192,3287252,3406688,1409196
1029,0,327,326,1,0,0,37630984,83668408,91746388,88,9353640,,7705996,11332208,10685180,7907600,,23873912,18594940,17712748,23486808,,24811912,21574412,20795272,24564792,,12,52,12,12,,1249440,3287992,3406896,1409312
1033,0,328,327,1,0,0,37678176,83626980,91706700,88,9355032,,7742196,11337652,10712724,7885604,,23853272,18596672,17671140,23505896,,24791476,21576844,20754444,24583936,,12,52,12,12,,1249620,3288332,3407688,1409392
1036,1,329,328,0,1,0,37779780,83513256,91597640,88,9356212,,7774152,11362436,10725740,7917452,,23827516,18565840,17661904,23457996,,24767716,21546356,20745360,24538208,,12,52,12,12,,1249948,3288656,3407848,1409760
1040,0,330,329,1,0,0,37876728,83420344,91507684,88,9357724,,7798568,11376448,10759808,7941904,,23801380,18569480,17620636,23428848,,24741696,21550584,20706424,24508980,,12,52,12,12,,1250040,3289284,3408568,1409832
1044,0,331,330,1,0,0,37934376,83347792,91436068,88,9358692,,7804940,11401532,10779792,7948112,,23780352,18537692,17596832,23432916,,24720736,21519208,20682988,24513136,,12,52,12,12,,1250144,3289684,3408944,1409920
1048,0,332,330,2,0,0,37975548,83287336,91378616,88,9360264,,7822380,11401480,10783608,7968080,,23764064,18519100,17583584,23420588,,24705004,21502700,20670016,24500896,,12,52,12,12,,1250708,3290328,3409216,1410012
1051,1,333,332,1,0,0,38072172,83209980,91305028,88,9360548,,7841472,11430772,10803608,7996320,,23757124,18498816,17579412,23374628,,24698864,21482840,20666416,24456908,,12,52,12,12,,1249780,3290560,3409840,1410368
1055,0,334,333,1,0,0,38125780,83132556,91230476,88,9361852,,7871136,11435820,10827072,7991752,,23725916,18486096,17534772,23385772,,24667704,21470524,20624132,24468116,,12,52,12,12,,1249900,3290944,3410556,1410452
1059,0,335,334,1,0,0,38185840,83090312,91190860,88,9362960,,7878864,11460108,10836420,8010448,,23711216,18458532,17546080,23374484,,24653140,21445220,20635596,24456904,,12,52,12,12,,1250024,3291664,3410740,1410532
1062,1,336,335,1,0,0,38274108,82999276,91102696,88,9364112,,7890936,11476080,10879656,8027436,,23698752,18436972,17504244,23359308,,24640800,21424032,20596012,24441852,,12,52,12,12,,1250148,3291956,3411408,1410600
1066,0,337,336,1,0,0,38318360,82929864,91036212,88,9365364,,7891168,11490808,10887512,8048872,,23696008,18426216,17482324,23325316,,24638140,21413564,20574656,24409852,,12,52,12,12,,1250224,3292236,3411896,1411008
1069,1,338,337,0,1,0,38358472,82906068,91014408,88,9366836,,7881492,11473992,10932180,8070808,,23702752,18435516,17447012,23320788,,24645896,21423440,20539656,24405416,,12,52,12,12,,1250708,3292836,3412184,1411108
1073,1,339,338,1,0,0,38466736,82823252,90933776,88,9368120,,7929828,11480428,10962660,8093820,,23649484,18450324,17424616,23298828,,24593708,21438816,20517708,24383544,,12,52,12,12,,1250876,3293384,3412676,1411184
1077,1,340,339,1,0,0,38508376,82744040,90858972,88,9369368,,7979544,11490816,10931744,8106272,,23605424,18432712,17444736,23261168,,24551480,21421692,20538008,24347792,,12,52,12,12,,1251128,3293848,3412868,1411524
1081,0,341,340,1,0,0,38579884,82651188,90769232,88,9370880,,8018188,11517148,10897604,8146944,,23573292,18389436,17469068,23219392,,24519452,21380580,20563048,24306152,,12,52,12,12,,1251260,3294416,3413568,1411636
1085,1,342,341,1,0,0,38613068,82651220,90771552,88,9372164,,8016612,11518088,10912908,8165460,,23561628,18400112,17476888,23212592,,24509016,21391764,20571304,24299468,,12,52,12,12,,1251512,3294884,3414012,1411756
1089,1,343,342,1,0,0,38669652,82572572,90696388,88,9373400,,8039416,11541540,10940712,8147984,,23545080,18379336,17424028,23224128,,24493380,21371440,20520516,24311052,,12,52,12,12,,1251772,3295332,3414472,1411824
1093,0,344,343,1,0,0,38766592,82473288,90600440,88,9374952,,8068720,11588788,10944996,8164088,,23515920,18333348,17417004,23207016,,24464312,21327608,20514392,24294128,,12,52,12,12,,1251872,3295864,3415268,1411948
1097,0,345,344,1,0,0,38856968,82360956,90490860,88,9375992,,8072460,11607488,11008384,8168636,,23491184,18313324,17355104,23201344,,24439716,21308048,20454564,24288532,,12,52,12,12,,1251992,3296180,3415812,1412008
1100,1,346,345,1,0,0,38931492,82306664,90439548,88,9377428,,8073180,11645020,11039176,8174116,,23500912,18272712,17336680,23196360,,24449568,21268076,20436420,24285484,,12,52,12,12,,1252124,3296816,3416124,1412364
1104,1,347,346,1,0,0,38975544,82253812,90389632,88,9378648,,8070748,11695952,11025980,8182864,,23502744,18211296,17355740,23184032,,24451504,21208840,20455968,24273320,,12,52,12,12,,1252236,3297388,3416556,1412468
1108,0,348,347,1,0,0,39050488,82200360,90339296,88,9380164,,8100804,11710440,11044624,8194620,,23484752,18216872,17328004,23170732,,24435536,21214876,20428772,24260112,,12,52,12,12,,1252564,3297912,3417108,1412580
1112,1,349,348,1,0,0,39130728,82096572,90238524,88,9381524,,8091888,11755796,11049640,8233404,,23485388,18153984,17329788,23127412,,24436344,21152288,20431080,24218812,,12,52,12,12,,1252768,3298228,3417560,1412968
1116,1,350,349,1,0,0,39192516,81975172,90119792,88,9382700,,8118500,11756588,11065076,8252352,,23446100,18152872,17277316,23098884,,24397196,21151548,20380668,24190380,,12,52,12,12,,1252896,3298604,3418152,1413048
1120,1,351,350,1,0,0,39249240,81930064,90077700,88,9383920,,8137776,11767872,11067036,8276556,,23428452,18122556,17303104,23075952,,24379660,21123612,20406892,24167536,,12,52,12,12,,1253032,3299240,3418504,1413144
1124,1,352,351,1,0,0,39316820,81909924,90058836,88,9385112,,8146988,11789772,11090388,8289672,,23415404,18116540,17293652,23084328,,24366900,21117904,20397992,24176040,,12,52,12,12,,1253280,3299556,3419040,1413236
1128,0,353,352,1,0,0,39405056,81768300,89922332,88,9386864,,8171480,11799352,11104896,8329328,,23396196,18097852,17265060,23009192,,24349624,21099940,20369824,24102944,,12,52,12,12,,1253504,3300320,3419460,1413580
1132,0,354,353,1,0,0,39477836,81731440,89888124,88,9387976,,8206408,11804820,11130964,8335644,,23376748,18100680,17225036,23028976,,24330260,21103132,20331908,24122824,,12,52,12,12,,1253608,3300672,3420000,1413696
1136,0,355,354,1,0,0,39516184,81667756,89826884,88,9389160,,8208624,11846480,11120748,8340332,,23362076,18033112,17250300,23022268,,24315712,21037336,20357620,24116216,,12,52,12,12,,1253760,3301244,3420364,1413792
1139,1,356,355,1,0,0,39616048,81578568,89741604,88,9390848,,8227396,11873592,11149024,8366036,,23352452,18023812,17206168,22996136,,24306192,21028980,20314152,24092280,,12,52,12,12,,1253860,3301812,3421024,1414152
1143,0,357,356,1,0,0,39599820,81591304,89757092,88,9391848,,8232964,11869492,11102156,8395208,,23343900,18037296,17257360,22952748,,24299612,21042816,20365620,24049044,,12,52,12,12,,1254156,3302172,3421296,1414224
1147,0,358,357,0,1,0,39640484,81542108,89711124,88,9393744,,8255180,11868792,11098040,8418472,,23303460,18052120,17245068,22941460,,24261484,21058148,20353664,24037828,,12,52,12,12,,1255088,3302672,3421652,1414332
1151,0,359,358,1,0,0,39756560,81431416,89600992,88,9394216,,8317276,11888968,11116652,8433664,,23244904,18021116,17250308,22915088,,24202848,21027292,20359320,24011532,,12,52,12,12,,1254744,3302864,3422076,1414532
1154,1,360,358,2,0,0,39841404,81339876,89514400,88,9395828,,8348160,11903520,11140692,8449032,,23207296,17997436,17224128,22911016,,24165320,21006004,20333760,24009316,,12,52,12,12,,1254864,3303496,3422688,1414780
1158,1,361,360,1,0,0,39900208,81224408,89402248,88,9397336,,8331640,11918424,11178072,8472072,,23212268,17969712,17157292,22885136,,24170432,20978924,20269340,23983552,,12,52,12,12,,1254992,3304088,3423372,1414884
1163,0,362,361,1,0,0,39971216,81182508,89363192,88,9398636,,8329468,11947920,11216108,8477720,,23226056,17948812,17122224,22885416,,24184412,20958344,20236520,23983916,,12,52,12,12,,1255164,3304412,3424084,1414976
1166,1,363,362,1,0,0,40075560,81087084,89270792,88,9399988,,8339132,11979972,11257080,8499376,,23220684,17903344,17091908,22871148,,24179128,20915480,20206424,23969760,,12,52,12,12,,1255264,3305356,3424292,1415076
1170,1,364,363,1,0,0,40102104,81054268,89239436,88,9401324,,8348152,11999668,11263388,8490896,,23225860,17870064,17089900,22868444,,24184604,20882504,20205148,23967180,,12,52,12,12,,1255520,3305588,3425024,1415192
1174,1,365,364,1,0,0,40150148,80992396,89180632,88,9402640,,8364956,11992808,11283328,8509056,,23196448,17896456,17052808,22846684,,24157148,20909300,20168476,23945708,,12,52,12,12,,1255772,3305996,3425448,1415424
1178,1,366,364,2,0,0,40214884,80941392,89134172,88,9403964,,8393764,11999424,11298220,8523476,,23161404,17893800,17051068,22835120,,24122280,20907092,20168772,23936028,,12,52,12,12,,1255900,3306468,3425916,1415680
1182,1,367,366,0,1,0,40315372,80822336,89016148,88,9405020,,8414352,12039620,11324236,8537164,,23135392,17839672,17036656,22810616,,24096392,20853348,20154808,23911600,,12,52,12,12,,1256028,3306888,3426356,1415748
1186,0,368,366,2,0,0,40317352,80799148,88995812,88,9406304,,8411436,12037264,11340832,8527820,,23138976,17836964,17008300,22814908,,24100204,20852700,20126960,23915948,,12,52,12,12,,1256260,3307360,3426864,1415820
1189,1,369,368,1,0,0,40375200,80739004,88939024,88,9407748,,8431076,12039668,11348088,8556368,,23118444,17837508,17000140,22782912,,24081716,20853856,20119156,23884296,,12,52,12,12,,1256520,3307964,3427204,1416060
1193,1,370,368,2,0,0,40504324,80597156,88806112,88,9413560,,8461768,12070892,11397972,8573692,,23092868,17812204,16926140,22765944,,24060360,20829160,20047556,23869036,,12,52,12,12,,1260756,3308572,3427936,1416296
1197,0,371,370,1,0,0,40618564,80491400,88703092,88,9414664,,8477160,12117288,11403432,8620684,,23070668,17761792,16934992,22723948,,24038272,20781052,20056612,23827156,,12,52,12,12,,1260868,3309284,3428112,1416400
1201,0,372,371,0,1,0,40713092,80384136,88598976,88,9416036,,8477960,12159820,11425556,8649756,,23076364,17719160,16899040,22689572,,24044072,20738684,20023396,23792824,,12,52,12,12,,1260980,3309496,3429084,1416476
1204,1,373,372,1,0,0,40777708,80321472,88538956,88,9417372,,8480940,12176240,11455116,8665412,,23082644,17699824,16862532,22676472,,24050464,20719732,19987108,23781652,,12,52,12,12,,1261116,3309876,3429524,1416856
1208,1,374,373,1,0,0,40814496,80304072,88527812,88,9422636,,8494160,12162732,11456696,8700908,,23056024,17734904,16871704,22641440,,24024932,20755408,19996560,23750912,,12,52,12,12,,1261384,3310436,3429744,1421072
1212,1,375,374,1,0,0,40891720,80225724,88453544,88,9424308,,8510724,12167264,11481708,8732024,,23048576,17695056,16866292,22615800,,24018500,20715812,19991928,23727304,,12,52,12,12,,1261604,3310728,3430540,1421436
1216,1,376,375,1,0,0,40947336,80147092,88375912,88,9425356,,8530504,12170096,11496864,8749872,,23005956,17709208,16838728,22593200,,23976108,20730352,19964668,23704784,,12,52,12,12,,1261872,3311092,3430840,1421552
1220,0,377,376,1,0,0,41001480,80093952,88327596,88,9426936,,8573096,12199576,11484536,8744272,,22973192,17683076,16846916,22590768,,23945232,20706732,19973204,23702428,,12,52,12,12,,1262140,3311980,3431172,1421644
1224,0,378,377,1,0,0,41076488,79993540,88229988,88,9428204,,8609468,12196464,11520768,8749788,,22936288,17681796,16783128,22592328,,23908436,20705756,19911684,23704112,,12,52,12,12,,1262252,3312280,3431896,1421776
1227,1,379,378,1,0,0,41132628,79931476,88170744,88,9429388,,8613316,12236336,11521576,8761400,,22921916,17623736,16795976,22589848,,23894208,20650068,19924756,23701712,,12,52,12,12,,1262348,3313104,3432088,1421848
1231,1,380,379,1,0,0,41186100,79857716,88100164,88,9430820,,8614840,12263684,11518872,8788704,,22918724,17608708,16789548,22540736,,23891200,20635252,19919008,23654704,,12,52,12,12,,1262536,3313320,3432776,1422188
1235,1,381,380,1,0,0,41290008,79808668,88052388,88,9432140,,8629888,12281524,11536268,8842328,,22919524,17601168,16788508,22499468,,23892204,20628180,19918480,23613524,,12,52,12,12,,1262780,3313788,3433260,1422312
1239,1,382,380,2,0,0,41329900,79753204,88001308,88,9433392,,8629584,12274948,11577248,8848120,,22917228,17608032,16749308,22478636,,23891664,20635552,19881304,23592788,,12,52,12,12,,1263036,3314220,3433716,1422420
1243,0,383,382,1,0,0,41403644,79657200,87908528,88,9434880,,8662700,12307768,11582340,8850836,,22877264,17545576,16739724,22494636,,23851872,20575384,19872372,23608900,,12,52,12,12,,1263200,3314820,3434352,1422508
1247,0,384,383,1,0,0,41492084,79579076,87831512,88,9436160,,8683828,12327204,11626280,8854772,,22861748,17538696,16690140,22488492,,23836572,20568968,19823088,23602884,,12,52,12,12,,1263640,3315272,3434628,1422620
1251,0,385,384,1,0,0,41529380,79519476,87776872,88,9437800,,8709536,12355100,11635064,8829680,,22830692,17498344,16680904,22509536,,23807464,20529304,19816084,23624020,,12,52,12,12,,1263716,3315956,3435396,1422732
1255,0,386,385,1,0,0,41596024,79471632,87731976,88,9439000,,8726132,12345884,11660380,8863628,,22811940,17529676,16661604,22468412,,23788772,20560988,19797260,23584956,,12,52,12,12,,1263804,3316332,3435764,1423100
1259,0,387,386,1,0,0,41739040,79309672,87572636,88,9440640,,8756536,12395436,11697256,8889812,,22785260,17453356,16617540,22453516,,23762272,20486412,19753916,23570036,,12,52,12,12,,1263984,3317004,3436460,1423192
1262,1,388,387,1,0,0,41808208,79248152,87512764,88,9441616,,8787668,12411384,11700128,8909028,,22756732,17443124,16621032,22427264,,23734048,20477232,19757620,23543864,,12,52,12,12,,1264172,3317484,3436672,1423288
1266,1,389,388,0,1,0,41818472,79212000,87481308,88,9443044,,8767268,12400692,11716172,8934340,,22758784,17449900,16601636,22401680,,23737904,20484308,19738656,23520440,,12,52,12,12,,1264480,3317788,3437108,1423668
1270,0,390,389,0,1,0,41943992,79058640,87330900,88,9444244,,8803088,12425564,11750384,8964956,,22725576,17434212,16547360,22351492,,23704824,20469036,19686664,23470376,,12,52,12,12,,1264560,3318236,3437672,1423776
1274,0,391,390,1,0,0,42012516,79015020,87290344,88,9445792,,8828824,12461344,11738088,8984260,,22702252,17390848,16570792,22351128,,23681632,20427764,19710836,23470112,,12,52,12,12,,1264720,3318828,3438352,1423892
1278,0,392,391,1,0,0,42026308,78983644,87260728,88,9447576,,8830716,12459348,11767224,8969020,,22691308,17391016,16535096,22366224,,23671188,20428592,19675644,23485304,,12,52,12,12,,1265272,3319444,3438868,1423992
1282,0,393,392,1,0,0,42102028,78895112,87176480,88,9448584,,8848740,12480820,11798736,8973732,,22675864,17375396,16480016,22363836,,23657424,20413380,19622672,23483004,,12,52,12,12,,1265208,3319848,3439424,1424104
1285,1,394,393,1,0,0,42167324,78828952,87113480,88,9449840,,8868064,12494120,11805956,8999184,,22665516,17361348,16483280,22318808,,23647212,20399712,19626364,23440192,,12,52,12,12,,1265344,3320232,3439788,1424476
1289,1,395,394,1,0,0,42283120,78756032,87043656,88,9451504,,8896472,12556284,11825520,9004844,,22658400,17305472,16477352,22314808,,23640224,20346236,19621100,23436096,,12,52,12,12,,1265472,3321000,3440484,1424548
1293,1,396,395,1,0,0,42294380,78708872,86997656,88,9452732,,8891748,12531880,11839744,9031008,,22631860,17316264,16471748,22289000,,23613852,20357504,19615952,23410348,,12,52,12,12,,1265724,3321412,3440956,1424640
1297,1,397,395,2,0,0,42342148,78609332,86903052,88,9454092,,8888596,12538360,11834304,9080888,,22633120,17291176,16462948,22222088,,23617240,20332836,19607472,23345504,,12,52,12,12,,1266020,3321884,3441184,1425004
1301,1,398,397,1,0,0,42420336,78578452,86874980,88,9455264,,8952524,12535772,11860044,9071996,,22578100,17305072,16444248,22251032,,23562364,20346924,19591268,23374424,,12,52,12,12,,1266152,3322100,3441888,1425124
1305,1,399,398,1,0,0,42557252,78449684,86749184,88,9456832,,8978500,12579976,11895780,9102996,,22559380,17258992,16407676,22223636,,23543784,20303160,19555096,23347144,,12,52,12,12,,1266300,3322876,3442424,1425232
1310,0,400,399,1,0,0,42544696,78450292,86753316,88,9458552,,8949596,12583624,11891768,9119708,,22593848,17255436,16413528,22187480,,23578368,20300592,19561328,23313028,,12,52,12,12,,1266412,3323752,3442796,1425592
1314,0,401,400,1,0,0,42584436,78401332,86706708,88,9460100,,8960896,12590252,11926012,9107276,,22551472,17259980,16365700,22224180,,23537376,20305540,19513952,23349840,,12,52,12,12,,1267020,3324140,3443256,1425684
1318,1,402,401,1,0,0,42645188,78354424,86662020,88,9461092,,8974340,12597052,11929124,9144672,,22560288,17251932,16353752,22188452,,23547132,20298032,19502628,23314228,,12,52,12,12,,1266988,3324684,3443624,1425796
1322,1,403,401,2,0,0,42739372,78266980,86579372,88,9462800,,9000348,12641024,11922760,9175240,,22529612,17202644,16380928,22153796,,23516524,20250936,19532188,23279724,,12,52,12,12,,1267088,3325228,3444572,1425912
1326,1,404,403,1,0,0,42827368,78157644,86473456,88,9464352,,9017060,12661844,11958212,9190252,,22511632,17188508,16331000,22126504,,23498724,20237460,19482668,23254604,,12,52,12,12,,1267256,3325868,3444964,1426264
1331,0,405,404,1,0,0,42952032,78034768,86353148,88,9465708,,9059748,12689736,11995136,9207412,,22474224,17145936,16298772,22115836,,23462892,20195112,19451028,23244116,,12,52,12,12,,1267588,3326112,3445596,1426412
1335,0,406,405,0,1,0,42973472,77970156,86291552,88,9466948,,9035912,12706316,12002316,9228928,,22481332,17132356,16262476,22093992,,23470328,20181884,19416968,23222372,,12,52,12,12,,1267732,3326448,3446256,1426512
1338,1,407,406,1,0,0,43020840,77954500,86279100,88,9468440,,9047692,12713108,12042824,9217216,,22469448,17131372,16263576,22090104,,23458612,20183368,19418536,23218584,,12,52,12,12,,1267884,3327224,3446724,1426608
1342,1,408,407,0,1,0,43072884,77892976,86218800,88,9469536,,9063168,12725640,12044656,9239420,,22451804,17113488,16244188,22083496,,23441344,20165936,19399444,23212076,,12,52,12,12,,1268172,3327660,3447004,1426700
1346,0,409,408,0,1,0,43158972,77752376,86082756,88,9471036,,9094284,12746864,12036964,9280860,,22409476,17072764,16240808,22029328,,23400804,20125716,19396464,23159772,,12,52,12,12,,1268392,3328176,3447384,1427084
1350,0,410,409,0,1,0,43289632,77644252,85978268,88,9472752,,9136776,12793080,12077788,9281988,,22386808,17037296,16186092,22034056,,23378308,20090716,19344608,23164636,,12,52,12,12,,1268528,3328640,3448380,1427204
1354,0,411,410,1,0,0,43375456,77561548,85898552,88,9474216,,9145040,12826888,12087728,9315800,,22373296,16999256,16190876,21998120,,23365000,20055016,19349740,23128796,,12,52,12,12,,1268704,3329284,3448932,1427296
1358,1,412,411,1,0,0,43439992,77511124,85850984,88,9475396,,9151708,12853800,12106508,9327976,,22358140,16983652,16182704,21986628,,23350020,20040048,19343516,23117400,,12,52,12,12,,1268840,3329820,3449352,1427384
1362,1,413,412,1,0,0,43528844,77417416,85760216,88,9476700,,9167084,12856836,12143588,9361336,,22341788,16985956,16138652,21951020,,23333796,20042640,19299992,23083788,,12,52,12,12,,1268976,3330148,3449788,1427788
1366,1,414,413,0,1,0,43564168,77346832,85690992,88,9478072,,9164396,12866328,12168800,9364644,,22335864,16960320,16105840,21944808,,23328168,20017492,19267668,23077664,,12,52,12,12,,1269200,3330684,3450316,1427872
1370,1,415,414,1,0,0,43599608,77326324,85675316,88,9479880,,9183352,12878588,12192424,9345244,,22317640,16954700,16099660,21954324,,23313552,20012552,19261892,23087320,,12,52,12,12,,1269740,3331368,3450764,1428008
1375,0,416,415,1,0,0,43678760,77228004,85580064,88,9481272,,9226780,12878544,12203404,9370032,,22285900,16957784,16054380,21929940,,23282032,20016048,19217076,23064908,,12,52,12,12,,1269940,3331780,3451188,1428364
1379,0,417,416,1,0,0,43791536,77123868,85479392,88,9483096,,9267520,12912592,12192320,9419104,,22247728,16910084,16077340,21888716,,23243992,19970844,19240764,23023792,,12,52,12,12,,1270068,3332580,3451956,1428492
1383,1,418,417,1,0,0,43898688,77008364,85367016,88,9484348,,9279328,12929620,12218360,9471380,,22227148,16894544,16053912,21832760,,23223576,19955716,19219784,22967940,,12,52,12,12,,1270240,3332980,3452548,1428580
1387,1,419,418,1,0,0,43922312,76957636,85319256,88,9485784,,9283288,12963148,12243208,9432668,,22226372,16842520,16012764,21875980,,23222924,19906040,19179040,23011252,,12,52,12,12,,1270348,3333816,3452928,1428692
1391,1,420,419,1,0,0,43983164,76923268,85286352,88,9487384,,9300788,12992920,12245708,9443748,,22201268,16817880,16038072,21866048,,23198340,19881576,19204996,23001440,,12,52,12,12,,1270932,3334016,3453596,1428840
1396,0,421,420,1,0,0,44070176,76837840,85205520,88,9488668,,9315508,13012760,12294312,9447596,,22190112,16814176,15974296,21859256,,23188832,19878316,19143644,22994728,,12,52,12,12,,1270924,3334540,3454260,1428944
1400,0,422,421,1,0,0,44120088,76754720,85125756,88,9490448,,9335532,13026940,12285096,9472520,,22168800,16789552,15967220,21829148,,23167724,19854344,19136932,22966756,,12,52,12,12,,1271108,3335220,3454816,1429304
1404,0,423,422,1,0,0,44220892,76650428,85024032,88,9491692,,9345548,13067088,12304872,9503384,,22159440,16735016,15953512,21802460,,23158488,19801748,19123632,22940164,,12,52,12,12,,1271232,3335812,3455260,1429388
1408,0,424,423,1,0,0,44273680,76616228,84991588,88,9492848,,9361384,13069316,12316288,9526692,,22138180,16742444,15957480,21778124,,23137728,19810080,19127828,22915952,,12,52,12,12,,1271488,3336352,3455496,1429512
1412,0,425,424,1,0,0,44320708,76526676,84906656,88,9494440,,9367112,13096044,12348860,9508692,,22141080,16707892,15891740,21785964,,23142460,19775776,19064508,22923912,,12,52,12,12,,1271752,3336612,3456440,1429636
1416,0,426,425,1,0,0,44356944,76497876,84882772,88,9497920,,9386004,13101816,12318864,9550260,,22125288,16704916,15941904,21725768,,23126776,19773232,19115244,22867520,,12,52,12,12,,1271884,3337056,3456924,1432056
1420,0,427,426,1,0,0,44426680,76480164,84867444,88,9499064,,9420724,13083196,12358060,9564700,,22086680,16750548,15900836,21742100,,23088304,19820748,19074428,22883964,,12,52,12,12,,1272040,3337728,3457152,1432144
1423,1,428,427,0,1,0,44514340,76339000,84729592,88,9500504,,9451264,13096772,12387644,9578660,,22045820,16710960,15859508,21722712,,23049072,19782048,19033772,22864700,,12,52,12,12,,1272304,3338128,3457840,1432232
1428,0,429,428,1,0,0,44596344,76241352,84635852,88,9502208,,9450936,13130104,12410528,9604776,,22051368,16687184,15841008,21661792,,23055292,19759016,19015532,22806012,,12,52,12,12,,1272564,3338936,3458096,1432612
1432,0,430,429,1,0,0,44727108,76123140,84520716,88,9503764,,9472452,13153988,12466952,9633716,,22028060,16655848,15793484,21645748,,23032116,19728080,18970512,22790008,,12,52,12,12,,1272700,3339288,3459016,1432760
1436,0,431,430,1,0,0,44783812,76047488,84447948,88,9505048,,9486060,13190184,12458708,9648860,,22019172,16604312,15794624,21629380,,23023408,19678944,18971872,22773724,,12,52,12,12,,1272880,3340124,3459196,1432848
1440,0,432,431,1,0,0,44799232,76031888,84434356,88,9506724,,9504180,13181436,12450800,9662816,,21982024,16623948,15804536,21621380,,22986872,19699068,18982596,22765820,,12,52,12,12,,1273160,3340604,3459996,1432964
1444,0,433,432,1,0,0,44854904,75973992,84380888,88,9508020,,9501264,13185148,12474816,9693676,,21986016,16615196,15776140,21596640,,22992436,19690688,18956568,22741196,,12,52,12,12,,1273420,3341008,3460508,1433084
1448,0,434,433,1,0,0,44912284,75898192,84310080,88,9511592,,9540192,13177112,12489020,9705960,,21933028,16630268,15760220,21574676,,22941712,19706300,18940808,22721260,,12,52,12,12,,1275652,3341564,3460872,1433504
1452,1,435,434,1,0,0,45071760,75763000,84178220,88,9513084,,9581368,13199432,12543452,9747508,,21900572,16607064,15715464,21539900,,22909368,19683412,18896744,22688696,,12,52,12,12,,1275800,3341892,3461552,1433840
1456,1,436,435,0,1,0,45122448,75675044,84093340,88,9514652,,9553368,13238876,12568468,9761736,,21933576,16542584,15679108,21519776,,22942484,19621304,18860888,22668664,,12,52,12,12,,1275892,3342732,3462060,1433968
1460,1,437,436,1,0,0,45150900,75666752,84087840,88,9515944,,9575220,13248072,12560668,9766940,,21906180,16540420,15698856,21521296,,22916796,19619776,18881008,22670260,,12,52,12,12,,1276260,3343168,3462464,1434052
1465,0,438,437,1,0,0,45195936,75603748,84028180,88,9517696,,9580628,13267972,12565460,9781876,,21911220,16517540,15679032,21495956,,22922160,19597348,18861828,22646844,,12,52,12,12,,1276496,3343620,3463104,1434476
1469,1,439,438,1,0,0,45307180,75499996,83926608,88,9519448,,9625808,13289312,12571844,9820216,,21858692,16494396,15687492,21459416,,22870420,19574752,18871068,22610368,,12,52,12,12,,1276780,3344168,3463900,1434600
1473,1,440,439,1,0,0,45322260,75449012,83880208,88,9520996,,9633804,13298660,12557420,9832376,,21845016,16483768,15682836,21437392,,22858232,19566572,18866888,22588516,,12,52,12,12,,1277052,3344860,3464372,1434712
1478,0,441,440,1,0,0,45381804,75406484,83840800,88,9522340,,9657164,13312500,12584040,9828100,,21829636,16473748,15649540,21453560,,22842996,19557168,18835828,22604808,,12,52,12,12,,1277184,3345456,3464864,1434836
1482,0,442,441,1,0,0,45454164,75312840,83749708,88,9523684,,9682660,13334100,12594328,9843076,,21804668,16437800,15640440,21429932,,22818124,19523060,18827184,22581340,,12,52,12,12,,1277288,3346116,3465336,1434944
1485,1,443,442,1,0,0,45489840,75292208,83730228,88,9524676,,9691096,13338736,12611428,9848580,,21794396,16448144,15624836,21424832,,22808004,19533888,18811968,22576368,,12,52,12,12,,1277576,3346252,3465776,1435072
1489,1,444,443,1,0,0,45629508,75159884,83602980,88,9526436,,9698040,13387588,12666420,9877460,,21788360,16402620,15585448,21383456,,22803924,19488976,18773036,22537044,,12,52,12,12,,1277868,3346900,3466244,1435424
1493,1,445,444,1,0,0,45739692,75047380,83493748,88,9527776,,9730164,13414928,12692472,9902128,,21755724,16379336,15531380,21380940,,22771408,19466136,18721524,22534680,,12,52,12,12,,1278004,3347304,3466916,1435552
1498,1,446,445,1,0,0,45759708,75014356,83462152,88,9529384,,9768684,13425824,12672664,9892536,,21712484,16361356,15571056,21369460,,22728456,19449016,18761364,22523316,,12,52,12,12,,1278328,3348188,3467196,1435672
1502,1,447,445,2,0,0,45814404,74964092,83417380,88,9531284,,9772864,13424612,12661352,9955576,,21687748,16370664,15580752,21324928,,22705620,19458724,18771884,22481152,,12,52,12,12,,1278620,3348560,3468044,1436060
1507,0,448,447,1,0,0,45906508,74817644,83273948,88,9532856,,9800992,13448992,12678172,9978352,,21662960,16311756,15548396,21294532,,22681016,19402208,18739980,22450744,,12,52,12,12,,1278760,3349420,3468488,1436188
1511,1,449,448,1,0,0,45958264,74787280,83245044,88,9534040,,9840916,13467768,12677100,9972480,,21630744,16313300,15550988,21292248,,22649004,19404024,18743500,22448516,,12,52,12,12,,1278912,3349648,3469208,1436272
1515,1,450,449,1,0,0,46004760,74741248,83202312,88,9535516,,9824760,13491892,12715984,9972124,,21650252,16286444,15519688,21284864,,22669220,19377576,18714264,22441252,,12,52,12,12,,1279196,3350092,3469820,1436408
1519,1,451,450,1,0,0,46101668,74643612,83109188,88,9537116,,9836620,13508332,12766884,9989832,,21632160,16272528,15466916,21272008,,22652760,19365936,18661952,22428540,,12,52,12,12,,1279464,3350808,3470308,1436536
1523,1,452,451,0,1,0,46125292,74593632,83062324,88,9538572,,9863520,13525760,12737424,9998588,,21602756,16238876,15477016,21274984,,22623412,19332976,18672544,22433392,,12,52,12,12,,1279584,3351288,3470768,1436932
1527,1,453,452,1,0,0,46253204,74514608,82986428,88,9540116,,9894424,13537592,12794616,10026572,,21578900,16255304,15430520,21249884,,22599680,19350024,18628308,22408416,,12,52,12,12,,1279760,3351996,3471316,1437044
1532,0,454,453,1,0,0,46315904,74415692,82890016,88,9541516,,9889812,13546260,12804132,10075700,,21580672,16233912,15433200,21167908,,22601572,19328948,18631804,22327692,,12,52,12,12,,1279876,3352288,3472068,1437284
1536,0,455,453,2,0,0,46315192,74444512,82921164,88,9543076,,9901188,13556152,12796552,10061300,,21581352,16209088,15435072,21219000,,22602608,19304700,18634172,22379684,,12,52,12,12,,1280188,3352796,3472552,1437540
1540,1,456,454,2,0,0,46375588,74337116,82818540,88,9544696,,9926160,13528240,12831944,10089244,,21533384,16246844,15390460,21166428,,22556632,19342944,18591764,22327200,,12,52,12,12,,1280480,3353296,3473284,1437636
1544,1,457,456,1,0,0,46462316,74239212,82723668,88,9545980,,9932028,13566136,12859564,10104588,,21516784,16202552,15374420,21145456,,22540184,19300868,18576236,22306380,,12,52,12,12,,1280608,3353860,3473760,1437752
1549,0,458,457,0,1,0,46543628,74179204,82666552,88,9547828,,9973144,13575220,12887596,10107668,,21501104,16186504,15343808,21147788,,22525788,19285868,18546064,22308832,,12,52,12,12,,1280960,3354712,3474284,1437872
1553,1,459,458,1,0,0,46588132,74102124,82593848,88,9549580,,9977280,13578784,12911824,10120244,,21479284,16175004,15304764,21143072,,22504948,19275016,18509656,22304228,,12,52,12,12,,1281196,3355364,3475032,1437988
1558,0,460,459,1,0,0,46685300,74027260,82522056,88,9551256,,10010884,13614580,12906000,10153836,,21467748,16142828,15301100,21115584,,22493528,19243448,18506432,22278648,,12,52,12,12,,1281328,3356000,3475576,1438352
1562,1,461,460,1,0,0,46740204,73961064,82459100,88,9552684,,10015432,13655876,12922648,10146248,,21458008,16101180,15289988,21111888,,22483972,19204244,18495828,22275056,,12,52,12,12,,1281516,3356648,3476052,1438468
1566,1,462,461,1,0,0,46742144,73956996,82456212,88,9553900,,10035832,13613148,12923980,10169184,,21408128,16153004,15310168,21085696,,22434492,19256232,18516496,22248992,,12,52,12,12,,1281852,3356936,3476528,1438584
1570,1,463,462,1,0,0,46889252,73829976,82333480,88,9555188,,10071016,13672112,12939356,10206768,,21392676,16095252,15288564,21053484,,22420620,19200788,18495184,22216888,,12,52,12,12,,1282052,3357600,3476852,1438684
1574,1,464,463,1,0,0,46951632,73765468,82272336,88,9557028,,10098676,13697568,12942180,10213208,,21374820,16061484,15285128,21044036,,22402884,19167448,18492556,22209448,,12,52,12,12,,1282212,3358092,3477648,1439076
1578,1,465,464,1,0,0,46989480,73706028,82216104,88,9558676,,10089516,13711576,12955600,10232788,,21369372,16052296,15264800,21019560,,22397656,19158764,18474552,22185132,,12,52,12,12,,1282400,3358652,3478400,1439224
1583,1,466,465,1,0,0,47083496,73601768,82114492,88,9560192,,10107788,13752796,12985544,10237368,,21349204,16012604,15231708,21008252,,22378972,19119716,18441892,22173912,,12,52,12,12,,1282748,3359308,3478824,1439312
1587,1,467,466,1,0,0,47127676,73545416,82061752,88,9561620,,10133364,13760140,13003040,10231132,,21312520,16004776,15207332,21020788,,22343164,19112496,18419528,22186564,,12,52,12,12,,1283004,3359860,3479328,1439428
1591,1,468,467,1,0,0,47237780,73427848,81947336,88,9563140,,10183024,13791100,13007520,10256136,,21263436,15970376,15190372,21003664,,22294252,19080164,18403360,22169560,,12,52,12,12,,1283180,3360376,3480040,1439544
1595,1,469,468,1,0,0,47276516,73396700,81919448,88,9564764,,10174076,13782628,13041508,10278304,,21266700,15995040,15170108,20964852,,22297660,19105388,18383676,22132724,,12,52,12,12,,1283300,3360880,3480608,1439976
1599,1,470,469,1,0,0,47328016,73331088,81858864,88,9568204,,10167656,13804144,13061700,10294516,,21273816,15964408,15141112,20951752,,22304936,19075208,18357084,22121636,,12,52,12,12,,1283456,3361348,3483028,1440372
1604,0,471,470,1,0,0,47412180,73233292,81763868,88,9569508,,10155652,13823220,13100924,10332384,,21295272,15935960,15090600,20911460,,22326612,19047092,18308648,22081516,,12,52,12,12,,1283676,3361728,3483604,1440500
1608,1,472,471,1,0,0,47441296,73202432,81736668,88,9571552,,10173100,13817080,13097440,10353676,,21278116,15937116,15090672,20896528,,22311320,19049048,18309568,22066732,,12,52,12,12,,1283992,3362520,3484396,1440644
1612,1,473,472,1,0,0,47504140,73115000,81652368,88,9572960,,10183456,13853544,13107608,10359532,,21266268,15892864,15074044,20881824,,22300124,19006616,18293492,22052136,,12,52,12,12,,1284216,3363144,3484852,1440748
1617,0,474,473,1,0,0,47629736,73032236,81573124,88,9574564,,10221800,13858500,13160352,10389084,,21240224,15895628,15025180,20871204,,22274244,19010592,18246680,22041608,,12,52,12,12,,1284380,3363988,3485360,1440836
1621,1,475,474,1,0,0,47677448,72959844,81502576,88,9576028,,10252808,13861208,13154468,10408964,,21205080,15886820,15037360,20830584,,22239256,19002060,18259668,22001592,,12,52,12,12,,1284540,3364252,3486156,1441080
1625,1,476,474,2,0,0,47683704,72945076,81490984,88,9577588,,10236840,13883292,13136268,10427304,,21202164,15868736,15066612,20807564,,22236916,18984476,18289424,21980168,,12,52,12,12,,1284856,3364768,3486664,1441300
1629,1,477,476,1,0,0,47781248,72834964,81385516,88,9579040,,10279028,13890288,13167580,10444352,,21151456,15865728,15023612,20794168,,22187876,18984036,18246716,21966888,,12,52,12,12,,1285120,3365508,3486984,1441428
1634,0,478,477,1,0,0,47864704,72731996,81285932,88,9580928,,10321364,13916768,13187356,10439216,,21103988,15824464,15007948,20795596,,22142448,18943092,18231912,21968480,,12,52,12,12,,1285548,3365980,3487844,1441556
1639,0,479,478,1,0,0,47954608,72645728,81203252,88,9582600,,10316580,13956104,13249344,10432580,,21116844,15786672,14940484,20801728,,22155712,18907848,18164968,21974724,,12,52,12,12,,1285740,3366812,3488364,1441684
1643,1,480,479,1,0,0,48010620,72599532,81160432,88,9584348,,10338376,13961824,13269768,10440652,,21103640,15773392,14934292,20788208,,22142696,18895276,18159260,21963200,,12,52,12,12,,1285924,3367492,3488852,1442080
1648,0,481,480,1,0,0,48071400,72513080,81077272,88,9585808,,10360528,13985036,13248748,10477088,,21077628,15753452,14925160,20756840,,22116840,18875960,18152516,21931956,,12,52,12,12,,1286080,3368148,3489388,1442192
1652,1,482,481,1,0,0,48142548,72468420,81034504,88,9587564,,10365844,14001760,13272428,10502516,,21072088,15739872,14913056,20743404,,22111624,18862816,18141392,21918672,,12,52,12,12,,1286404,3368536,3490280,1442344
1656,1,483,482,1,0,0,48203532,72361464,80932364,88,9588988,,10389552,13989612,13299648,10524720,,21026168,15753096,14878592,20703608,,22067620,18876436,18107364,21880944,,12,52,12,12,,1286680,3368868,3490708,1442732
1661,0,484,483,1,0,0,48304768,72268836,80842600,88,9590460,,10436036,14007276,13307812,10553644,,20988832,15712024,14881584,20686396,,22030356,18835868,18112540,21863836,,12,52,12,12,,1286816,3369360,3491444,1442840
1665,0,485,484,1,0,0,48366428,72200484,80777660,88,9591988,,10424768,14033824,13335428,10572408,,21013544,15688152,14841596,20657192,,22055280,18814576,18073064,21834740,,12,52,12,12,,1287024,3370108,3491904,1442952
1669,1,486,485,1,0,0,48396784,72221652,80801984,88,9593760,,10424696,14041740,13360832,10569516,,21027348,15691012,14838360,20664932,,22069308,18819680,18070396,21842600,,12,52,12,12,,1287180,3371040,3492472,1443068
1673,1,487,486,1,0,0,48488460,72096276,80680224,88,9595468,,10415744,14082944,13395332,10594440,,21023576,15645280,14791140,20636280,,22065656,18774684,18025784,21814100,,12,52,12,12,,1287300,3371732,3493196,1443240
1678,1,488,487,1,0,0,48548368,72010820,80598164,88,9597264,,10441148,14082000,13397604,10627616,,21001812,15630504,14782776,20595728,,22044088,18760548,18017884,21775644,,12,52,12,12,,1287488,3372364,3493788,1443624
1682,1,489,488,0,1,0,48607496,71965352,80555832,88,9598880,,10454432,14108376,13408652,10636036,,20975500,15612364,14774392,20603096,,22019796,18742860,18010052,21783124,,12,52,12,12,,1287944,3372824,3494368,1443744
1687,0,490,489,1,0,0,48679560,71887840,80481184,88,9600056,,10460568,14114844,13431196,10672952,,20975636,15616992,14741244,20553968,,22020028,18747812,17977296,21736048,,12,52,12,12,,1288052,3373120,3494748,1444136
1691,0,491,490,1,0,0,48779672,71795408,80391940,88,9601736,,10525640,14107868,13447856,10698308,,20911692,15627236,14733284,20523196,,21958004,18758536,17969996,21705404,,12,52,12,12,,1288480,3373584,3495416,1444256
1695,1,492,491,1,0,0,48820372,71730724,80330472,88,9603312,,10523144,14122252,13480544,10694432,,20904232,15603056,14687788,20535648,,21950784,18734836,17926884,21717968,,12,52,12,12,,1288724,3374040,3496176,1444372
1699,1,493,492,0,1,0,48926752,71637848,80238800,88,9604640,,10542608,14138616,13520544,10724984,,20879060,15595084,14657228,20506476,,21925740,18727376,17896812,21688872,,12,52,12,12,,1288856,3374668,3496644,1444472
1703,1,494,492,2,0,0,48980928,71516148,80120324,88,9606224,,10567948,14146252,13535620,10731108,,20843168,15547640,14639232,20486108,,21890216,18682164,17879296,21668648,,12,52,12,12,,1289168,3375272,3497172,1444612
1708,0,495,494,1,0,0,49052368,71486964,80096636,88,9608408,,10604960,14165488,13550396,10731524,,20829384,15553540,14618748,20485292,,21878460,18688948,17859408,21669820,,12,52,12,12,,1289520,3376160,3497740,1444988
1712,1,496,495,1,0,0,49189632,71354904,79967868,88,9610036,,10630600,14198780,13596920,10763332,,20781632,15535444,14573980,20463848,,21830836,18671312,17817120,21648600,,12,52,12,12,,1289656,3376596,3498604,1445180
1717,1,497,496,1,0,0,49193660,71323184,79939424,88,9611672,,10619980,14200004,13586616,10787060,,20791848,15500440,14591608,20439288,,21841276,18638744,17835256,21624148,,12,52,12,12,,1289860,3377448,3499080,1445284
1722,1,498,497,1,0,0,49264956,71235872,79854660,88,9612808,,10650368,14235776,13610304,10768508,,20759008,15475012,14541796,20460056,,21810208,18613596,17785856,21645000,,12,52,12,12,,1290244,3377684,3499504,1445376
1726,1,499,498,1,0,0,49350996,71164716,79787556,88,9614852,,10662076,14243240,13657080,10788600,,20760660,15466432,14495120,20442504,,21812484,18605760,17741700,21627612,,12,52,12,12,,1290488,3378424,3500404,1445536
1730,1,500,499,1,0,0,49426760,71116632,79742540,88,9616316,,10690820,14256652,13665120,10814168,,20740464,15454832,14507684,20413652,,21792576,18594568,17754660,21600736,,12,52,12,12,,1290716,3378808,3500876,1445916
1735,1,501,500,1,0,0,49509748,71005704,79635196,88,9618084,,10691688,14289220,13713108,10815732,,20728284,15417364,14451624,20408432,,21780568,18559904,17699096,21595628,,12,52,12,12,,1290880,3379792,3501372,1446040
1739,1,502,501,1,0,0,49585204,70892640,79525584,88,9620128,,10739084,14294432,13694848,10856840,,20660372,15401160,14454216,20376892,,21714412,18544464,17702488,21564220,,12,52,12,12,,1291260,3380520,3502180,1446168
1744,1,503,502,1,0,0,49637224,70826048,79462224,88,9621544,,10732748,14350220,13692824,10861432,,20677164,15337308,14461616,20349960,,21731728,18482832,17710200,21537464,,12,52,12,12,,1291520,3381180,3502504,1446340
1748,1,504,503,1,0,0,49716244,70774180,79413756,88,9623232,,10754380,14380356,13727748,10853760,,20648284,15323416,14420320,20382160,,21703024,18469580,17671388,21569764,,12,52,12,12,,1291708,3381788,3503284,1446452
1753,0,505,504,0,1,0,49815672,70652624,79295284,88,9624580,,10778108,14389804,13770104,10877656,,20629308,15305544,14387948,20329824,,21684188,18451964,17639596,21519536,,12,52,12,12,,1291844,3382060,3503896,1446780
1757,0,506,505,0,1,0,49832380,70672864,79317488,88,9626568,,10765420,14400988,13795076,10870896,,20652092,15296956,14363584,20360232,,21707916,18443784,17615768,21550020,,12,52,12,12,,1292736,3382488,3504432,1446912
1761,0,507,506,1,0,0,49905652,70580384,79229900,88,9628004,,10770052,14403956,13848956,10882688,,20631912,15317664,14305252,20325556,,21689304,18465240,17559848,21515508,,12,52,12,12,,1292500,3383224,3505204,1447076
1765,1,508,507,1,0,0,50001124,70469676,79122224,88,9629540,,10792880,14433972,13877132,10897140,,20609468,15261268,14288600,20310340,,21666960,18411164,17543704,21500396,,12,52,12,12,,1292624,3384052,3505636,1447228
1770,0,509,508,1,0,0,50082684,70377184,79033284,88,9631492,,10829992,14415800,13884584,10952308,,20577212,15276724,14266064,20257184,,21634956,18427216,17521968,21449144,,12,52,12,12,,1292848,3384584,3506468,1447592
1774,1,510,509,1,0,0,50154684,70313744,78971260,88,9633000,,10799336,14451552,13911052,10992744,,20589172,15255532,14240300,20228740,,21647108,18406532,17496760,21420860,,12,52,12,12,,1293048,3385192,3506996,1447764
1779,0,511,509,2,0,0,50155968,70280888,78943272,88,9634480,,10820128,14456160,13899996,10979684,,20594328,15227376,14244192,20214992,,21652436,18380808,17500876,21409152,,12,52,12,12,,1293224,3385888,3507220,1448148
1783,1,512,511,1,0,0,50228764,70226576,78892380,88,9636212,,10819064,14481808,13938100,10989792,,20589316,15224256,14196656,20216348,,21647596,18377996,17456076,21410712,,12,52,12,12,,1293420,3386216,3508300,1448276
1788,0,513,512,1,0,0,50283580,70152516,78819956,88,9637800,,10832756,14509692,13941016,11000116,,20574920,15177912,14200856,20198828,,21633576,18332496,17460584,21393300,,12,52,12,12,,1293744,3387072,3508592,1448392
1792,1,514,513,1,0,0,50389432,70050824,78723672,88,9639600,,10843196,14535096,13984348,11026792,,20547936,15157928,14151416,20193544,,21608564,18313028,17413888,21388192,,12,52,12,12,,1294020,3387556,3509492,1448532
1797,1,515,514,1,0,0,50473652,69973484,78649696,88,9641400,,10910952,14567012,13947344,11048344,,20491232,15120408,14198152,20163692,,21553680,18276064,17461012,21358940,,12,52,12,12,,1294428,3388132,3509844,1448996
1802,0,516,515,1,0,0,50518348,69893236,78573380,88,9643548,,10916376,14560568,13984220,11057184,,20470524,15115596,14159128,20147988,,21533568,18273776,17422832,21343204,,12,52,12,12,,1294672,3389076,3510716,1449084
1806,1,517,516,1,0,0,50527488,69914220,78597560,88,9645032,,10925524,14538288,13974276,11089400,,20468556,15161440,14169980,20114244,,21531748,18320136,17434220,21311456,,12,52,12,12,,1294856,3389508,3511232,1449436
1811,1,518,517,1,0,0,50676220,69733728,78424564,88,9650812,,10951660,14561560,14020056,11142944,,20437852,15129764,14112040,20054072,,21501148,18288936,17383044,21251436,,12,52,12,12,,1295016,3389996,3516216,1449584
1815,1,519,518,1,0,0,50726700,69670268,78363644,88,9652264,,10973044,14572268,14063456,11117932,,20416940,15107664,14074424,20071240,,21481840,18267216,17345856,21268732,,12,52,12,12,,1295332,3390376,3516808,1449748
1820,0,520,519,1,0,0,50718028,69700264,78397360,88,9653968,,10965384,14563088,14074784,11114772,,20436440,15122564,14059988,20081272,,21502040,18282720,17331824,21280776,,12,52,12,12,,1295648,3390964,3517240,1450116
1824,1,521,520,0,1,0,50803692,69601740,78301988,88,9655784,,10991696,14589484,14072140,11150372,,20400832,15091020,14055116,20054772,,21466580,18253688,17327300,21254420,,12,52,12,12,,1295808,3391932,3517760,1450284
1828,1,522,521,1,0,0,50959660,69466380,78170748,88,9657908,,11029084,14622576,14120504,11187496,,20379068,15060044,14009180,20018088,,21445228,18223376,17284292,21217852,,12,52,12,12,,1296128,3392552,3518844,1450384
1833,0,523,522,0,1,0,50993344,69372596,78079652,88,9658900,,11012672,14631252,14100964,11248456,,20364004,15043524,14026412,19938656,,21430016,18207244,17301844,21140548,,12,52,12,12,,1295948,3393004,3519148,1450800
1838,0,524,523,1,0,0,51088472,69265724,77975268,88,9660600,,11044252,14644560,14142672,11256988,,20345684,15013888,13977000,19929152,,21412836,18178224,17253004,21131204,,12,52,12,12,,1296304,3393640,3519700,1450956
1842,1,525,524,1,0,0,51269988,69119508,77833312,88,9662392,,11080640,14686044,14221828,11281476,,20311120,14984240,13917348,19906800,,21379396,18150896,17193988,21109032,,12,52,12,12,,1296588,3394312,3520392,1451100
1847,1,526,525,1,0,0,51321940,69048248,77764420,88,9663692,,11094304,14688340,14271068,11268228,,20309548,14977636,13850476,19910588,,21379152,18144844,17127468,21112956,,12,52,12,12,,1296932,3394828,3520704,1451228
1851,1,527,526,1,0,0,51329108,69035396,77755716,88,9665728,,11113888,14719636,14244624,11250960,,20277148,14958796,13880180,19919272,,21347684,18126772,17159492,21121768,,12,52,12,12,,1297240,3395604,3521528,1451356
1856,0,528,527,0,1,0,51407528,68961688,77685332,88,9667272,,11144644,14752656,14248656,11261572,,20255332,14905820,13869140,19931396,,21326072,18076372,17148884,21134004,,12,52,12,12,,1297420,3396468,3521908,1451476
1860,0,529,528,0,1,0,51487272,68868564,77595948,88,9669136,,11168260,14735780,14282336,11300896,,20211800,14921600,13845360,19889804,,21282732,18092660,17125940,21094616,,12,52,12,12,,1297608,3396984,3522680,1451864
1864,1,530,529,1,0,0,51478204,68869240,77599520,88,9670712,,11144700,14747028,14283540,11302936,,20227856,14909468,13841600,19890316,,21298944,18080948,17122728,21096900,,12,52,12,12,,1297796,3397424,3523244,1452248
1868,1,531,530,1,0,0,51625492,68723264,77456560,88,9672108,,11154692,14776400,14325380,11369020,,20215888,14884536,13794372,19828468,,21287148,18056648,17077572,21035192,,12,52,12,12,,1297960,3398040,3523728,1452380
1873,1,532,531,1,0,0,51689036,68635980,77372628,88,9674004,,11169884,14763052,14356892,11399208,,20208676,14901048,13758820,19767436,,21281732,18073544,17042944,20974408,,12,52,12,12,,1298384,3398400,3524664,1452556
1878,0,533,532,1,0,0,51762844,68571816,77311912,88,9675440,,11197764,14828948,14359508,11376624,,20173440,14838536,13770264,19789576,,21247032,18013596,17054648,20996636,,12,52,12,12,,1298580,3399308,3524920,1452632
1882,1,534,533,1,0,0,51874744,68457752,77199436,88,9677112,,11232288,14864080,14383172,11395204,,20159840,14790712,13727040,19780160,,21233616,17966304,17012172,20987344,,12,52,12,12,,1298872,3399812,3525668,1452760
1887,0,535,534,1,0,0,51979416,68373384,77119992,88,9678768,,11260736,14876372,14435408,11406900,,20126124,14801188,13679764,19766308,,21201904,17977564,16966968,20973556,,12,52,12,12,,1299216,3400616,3526104,1452832
1891,0,536,535,1,0,0,52026776,68295236,77045292,88,9680564,,11285736,14949548,14389640,11401852,,20096516,14700980,13705308,19792432,,21172444,17879572,16993408,20999868,,12,52,12,12,,1299404,3401240,3526908,1453012
1895,1,537,536,1,0,0,52113224,68202444,76955652,88,9682084,,11289648,14946156,14420252,11457168,,20084280,14710836,13686512,19720816,,21160392,17889976,16975092,20930192,,12,52,12,12,,1299576,3401740,3527412,1453356
1899,1,538,537,1,0,0,52154988,68157832,76912752,88,9683368,,11306888,14972188,14420896,11455016,,20062780,14677460,13691160,19726432,,21139612,17857076,16980052,20936012,,12,52,12,12,,1299872,3402232,3527724,1453540
1904,1,539,538,1,0,0,52214592,68126288,76886032,88,9685240,,11324744,14987236,14444152,11458460,,20052708,14670488,13673348,19729744,,21131264,17850516,16962960,20941292,,12,52,12,12,,1300252,3402648,3528424,1453916
1908,1,540,539,1,0,0,52321724,67995204,76758528,88,9687108,,11353452,15000772,14470124,11497376,,20022828,14639892,13646580,19685904,,21101620,17822536,16936772,20897600,,12,52,12,12,,1300396,3403648,3529004,1454060
1913,1,541,540,1,0,0,52366272,67948564,76715456,88,9688904,,11348356,15022200,14488784,11506932,,20014120,14634828,13618072,19681544,,21093144,17818136,16910784,20893392,,12,52,12,12,,1300632,3404156,3529912,1454204
1918,0,542,541,1,0,0,52419840,67881140,76649984,88,9690540,,11388000,15059404,14457352,11515084,,19990276,14576144,13641600,19673120,,21069900,17760432,16934576,20885076,,12,52,12,12,,1300964,3405104,3530164,1454308
1922,1,543,542,0,1,0,52526692,67789008,76563160,88,9692608,,11402508,15101524,14469476,11553184,,19975992,14539192,13640864,19632960,,21057432,17725856,16934752,20845120,,12,52,12,12,,1301236,3405760,3531124,1454488
1927,1,544,543,0,0,0,52603804,67710392,76487724,88,9694008,,11421844,15117044,14495100,11569816,,19956020,14530428,13611804,19612140,,21037660,17717380,16906120,20826564,,12,52,12,12,,1301456,3406096,3531560,1454896
1931,1,545,544,1,0,0,52655864,67635696,76416252,88,9695784,,11435320,15125676,14541236,11553632,,19937564,14517400,13555556,19625176,,21019392,17704944,16852252,20839664,,12,52,12,12,,1301616,3406620,3532532,1455016
1936,0,546,545,1,0,0,52746476,67523980,76306236,88,9697484,,11431448,15138932,14560324,11615772,,19935676,14496716,13526276,19565312,,21018044,17684736,16823588,20779868,,12,52,12,12,,1302168,3407096,3533120,1455100
1940,0,547,546,1,0,0,52835492,67434104,76221032,88,9698888,,11444356,15229696,14576492,11584948,,19919704,14414044,13510028,19590328,,21003756,17604512,16807736,20805028,,12,52,12,12,,1302196,3407900,3533568,1455224
1944,1,548,547,1,0,0,52934204,67321964,76112852,88,9700792,,11454428,15259048,14640268,11580460,,19918976,14364256,13443056,19595676,,21003232,17555660,16743384,20810576,,12,52,12,12,,1302388,3408692,3534324,1455388
1949,0,549,548,1,0,0,53000136,67281620,76074584,88,9702664,,11493608,15282764,14613324,11610440,,19876248,14373984,13470892,19560496,,20960656,17566024,16772048,20775856,,12,52,12,12,,1302544,3409304,3535164,1455652
1953,1,550,548,2,0,0,53019608,67220432,76018184,88,9704204,,11496932,15270952,14623028,11628696,,19854924,14388004,13452524,19524980,,20939528,17580508,16754044,20744104,,12,52,12,12,,1302740,3409792,3535492,1456180
1958,0,551,550,1,0,0,53073080,67173900,75974952,88,9705852,,11488896,15303032,14637532,11643620,,19876808,14330692,13436872,19529528,,20961612,17525660,16738876,20748804,,12,52,12,12,,1302876,3410688,3535992,1456296
1962,1,552,551,1,0,0,53226240,66998628,75802860,88,9707208,,11506164,15307004,14706680,11706392,,19847528,14324180,13373140,19453780,,20934524,17519460,16675656,20673220,,12,52,12,12,,1303316,3410960,3536492,1456440
1967,0,553,552,1,0,0,53263420,66978144,75785956,88,9708964,,11519364,15331080,14711960,11701016,,19845256,14293284,13378672,19460932,,20932592,17489196,16683648,20680520,,12,52,12,12,,1303544,3411572,3537280,1456568
1971,1,554,553,1,0,0,53317720,66942184,75752164,88,9710976,,11537232,15334668,14746692,11699128,,19836688,14292352,13340808,19472336,,20924172,17489540,16646396,20692056,,12,52,12,12,,1303684,3412756,3537828,1456708
1975,1,555,554,1,0,0,53371216,66851748,75666488,88,9712364,,11559012,15335732,14758216,11718256,,19819392,14280968,13300180,19451208,,20907092,17480272,16608036,20671088,,12,52,12,12,,1303928,3413060,3538508,1456868
1980,0,556,555,1,0,0,53501544,66745280,75562112,88,9714316,,11594764,15386988,14784248,11735544,,19777760,14228696,13307384,19431440,,20865820,17428684,16616148,20651460,,12,52,12,12,,1304248,3413712,3539348,1457008
1984,1,557,556,1,0,0,53582536,66653456,75475472,88,9716020,,11585724,15451808,14781800,11763204,,19773252,14169356,13305532,19405316,,20863484,17369776,16614852,20627360,,12,52,12,12,,1304556,3414152,3539904,1457408
1989,0,558,557,1,0,0,53642084,66596844,75422100,88,9717616,,11607704,15423060,14805664,11805656,,19748560,14208432,13277556,19362296,,20839072,17411316,16587184,20584528,,12,52,12,12,,1304832,3415036,3540212,1457536
1993,1,559,558,0,1,0,53754236,66464064,75292964,88,9719400,,11637636,15435044,14876484,11805072,,19720732,14188548,13201484,19353300,,20811424,17391876,16512004,20577660,,12,52,12,12,,1305016,3415376,3541092,1457916
1998,0,560,559,0,1,0,53767764,66404916,75237128,88,9721008,,11623316,15443548,14896036,11804864,,19708820,14184220,13177524,19334352,,20799676,17388256,16490300,20558896,,12,52,12,12,,1305192,3416052,3541700,1458064
2002,1,561,560,1,0,0,53868948,66356232,75190312,88,9722748,,11635548,15477904,14930808,11824688,,19732108,14151540,13136948,19335636,,20823380,17356116,16450516,20560300,,12,52,12,12,,1305556,3416588,3542424,1458180
2007,0,562,561,0,1,0,53985708,66249500,75088536,88,9724368,,11673104,15532868,14952384,11827352,,19690184,14094904,13128280,19336132,,20785388,17300036,16442132,20560980,,12,52,12,12,,1306180,3417148,3542712,1458328
2012,0,563,562,1,0,0,54069252,66119392,74962544,88,9726532,,11735492,15487664,14972908,11873188,,19626676,14127108,13082924,19282684,,20722180,17332936,16399708,20507720,,12,52,12,12,,1306364,3417812,3543884,1458472
2017,0,564,563,1,0,0,54197032,65995004,74841504,88,9728116,,11752708,15560264,14980108,11903952,,19603976,14074976,13081136,19234916,,20699680,17281300,16398480,20462044,,12,52,12,12,,1306544,3418284,3544424,1458864
2021,1,565,564,1,0,0,54291800,65887820,74737924,88,9729824,,11793108,15584324,15002548,11911820,,19562112,14018184,13069620,19237904,,20658064,17227116,16387472,20465272,,12,52,12,12,,1306764,3419108,3544908,1459044
2026,1,566,565,0,1,0,54290856,65862092,74715532,88,9731468,,11750308,15581032,15066760,11892756,,19579236,14035684,12994416,19252756,,20675416,17245156,16314704,20480256,,12,52,12,12,,1306956,3419596,3545740,1459176
2030,1,567,566,1,0,0,54366632,65775120,74632380,88,9733440,,11751996,15602008,15082504,11930124,,19576548,14005756,12976280,19216536,,20672908,17216188,16297116,20446168,,12,52,12,12,,1307128,3420552,3546224,1459536
2035,1,568,567,1,0,0,54373104,65779756,74638832,88,9734948,,11770872,15612520,15068756,11920956,,19563772,13985000,12997968,19233016,,20660724,17195932,16319392,20462784,,12,52,12,12,,1307456,3421052,3546760,1459680
2039,1,569,568,1,0,0,54573416,65580148,74444648,88,9737168,,11818516,15700980,15078252,11975668,,19516952,13895208,12982516,19185472,,20615904,17108624,16304700,20415420,,12,52,12,12,,1307776,3421972,3547580,1459840
2044,1,570,569,1,0,0,54580468,65567312,74435288,88,9738764,,11805476,15663604,15094884,12016504,,19521544,13939828,12963484,19142456,,20620688,17153816,16288224,20372560,,12,52,12,12,,1307968,3422452,3548376,1459968
2049,1,571,570,1,0,0,54673788,65492036,74363176,88,9740368,,11869132,15663912,15125284,12015460,,19477272,13960820,12933068,19120876,,20578484,17175424,16258148,20351120,,12,52,12,12,,1308372,3423088,3548776,1460132
2054,0,572,571,1,0,0,54777012,65359920,74234872,88,9742400,,11864496,15683124,15209980,12019412,,19465428,13923204,12846656,19124632,,20566972,17138236,16172716,20356948,,12,52,12,12,,1308656,3423532,3549660,1460552
2058,1,573,572,1,0,0,54871256,65259448,74135836,88,9743656,,11880764,15719700,15243724,12027068,,19454652,13884636,12801492,19118668,,20556472,17100136,16128124,20351104,,12,52,12,12,,1308832,3423984,3550188,1460652
2063,1,574,573,1,0,0,54889968,65255184,74137224,88,9745732,,11884324,15729304,15253784,12022556,,19458192,13881480,12788720,19126792,,20560188,17099636,16118036,20359364,,12,52,12,12,,1308996,3424924,3551016,1460796
2068,1,575,574,1,0,0,54999472,65139320,74024420,88,9747400,,11945936,15758536,15240972,12054028,,19385100,13843736,12809852,19100632,,20489012,17062648,16139380,20333380,,12,52,12,12,,1309364,3425840,3551284,1460912
2072,1,576,575,1,0,0,55016436,65117860,74006132,88,9749404,,11923328,15784176,15258412,12050520,,19412736,13807952,12806352,19090820,,20517052,17028640,16136736,20323704,,12,52,12,12,,1309620,3426588,3552156,1461040
2077,1,577,576,1,0,0,55069228,65046224,73938512,88,9750836,,11933472,15801644,15270140,12063972,,19401532,13794092,12765600,19085000,,20506156,17015780,16096460,20320116,,12,52,12,12,,1309868,3426876,3552628,1461464
2082,0,578,577,1,0,0,55141216,64979108,73874860,88,9752556,,11953876,15815988,15263616,12107736,,19375608,13772548,12792264,19038688,,20482264,16994996,16123648,20273952,,12,52,12,12,,1310244,3427592,3553164,1461556
2086,1,579,578,1,0,0,55213012,64890940,73790476,88,9754556,,11997632,15837668,15293148,12084564,,19344140,13744396,12757676,19044728,,20451156,16969416,16089720,20280184,,12,52,12,12,,1310544,3428448,3553832,1461732
2091,1,580,579,1,0,0,55320236,64775012,73678312,88,9756568,,12013996,15888196,15332456,12085588,,19320128,13709244,12705708,19039932,,20427332,16935088,16040372,20275520,,12,52,12,12,,1310724,3429248,3554728,1461868
2096,1,581,580,1,0,0,55453132,64617476,73524132,88,9758208,,12028548,15974836,15331816,12117932,,19289592,13615268,12713240,18999376,,20396996,16841796,16048264,20237076,,12,52,12,12,,1310932,3429884,3555116,1462276
2101,1,582,581,1,0,0,55503284,64574128,73483936,88,9760392,,12086380,15962592,15308440,12145872,,19230812,13633084,12723736,18986496,,20339532,16860336,16059680,20224388,,12,52,12,12,,1311316,3430596,3556040,1462440
2106,1,583,582,1,0,0,55515400,64581488,73495696,88,9762004,,12067888,15948008,15319624,12179880,,19255636,13639028,12729368,18957456,,20365612,16866656,16065820,20197608,,12,52,12,12,,1311648,3430960,3556536,1462860
2111,0,584,583,1,0,0,55586260,64504480,73421844,88,9763748,,12079728,15953456,15316160,12236916,,19226076,13645948,12730520,18901936,,20337788,16874124,16067716,20142216,,12,52,12,12,,1312000,3431500,3557272,1462976
2115,1,585,584,1,0,0,55680528,64407256,73328276,88,9765512,,12110628,15939980,15351916,12278004,,19218708,13652808,12685064,18850676,,20331076,16881512,16022684,20093004,,12,52,12,12,,1312280,3432028,3557804,1463400
2120,0,586,585,1,0,0,55813124,64288804,73215380,88,9769200,,12158172,15955004,15428568,12271380,,19171644,13645164,12610824,18861172,,20284212,16874416,15953104,20103648,,12,52,12,12,,1312420,3432580,3560660,1463540
2124,1,587,586,1,0,0,55886900,64166040,73096316,88,9771028,,12155628,16006168,15432644,12292460,,19159868,13571852,12597908,18836412,,20272656,16803948,15940712,20079000,,12,52,12,12,,1312644,3433584,3561140,1463660
2128,1,588,587,1,0,0,56010316,64049716,72983724,88,9772888,,12160980,16009488,15508984,12330864,,19168760,13572808,12512908,18795240,,20281764,16807668,15856292,20038000,,12,52,12,12,,1312844,3434492,3561732,1463820
2133,1,589,588,1,0,0,56088100,63958968,72896456,88,9774588,,12155548,16040876,15527508,12364168,,19172356,13528716,12505420,18752476,,20285560,16763920,15851560,19995416,,12,52,12,12,,1313028,3434944,3562644,1463972
2138,0,590,589,1,0,0,56102484,63960992,72902100,88,9776320,,12171436,16021524,15550132,12359392,,19162328,13551216,12493900,18753548,,20275812,16787088,15840532,19998668,,12,52,12,12,,1313260,3435612,3563096,1464352
2142,1,591,590,0,1,0,56230164,63816812,72760316,88,9777644,,12230324,16033416,15589840,12376584,,19087572,13537916,12448432,18742892,,20202420,16774120,15795588,19988188,,12,52,12,12,,1313604,3435964,3563580,1464496
2146,1,592,591,1,0,0,56270340,63759184,72705316,88,9779400,,12204536,16047300,15626188,12392316,,19106024,13529460,12401296,18722404,,20222116,16766248,15749048,19967904,,12,52,12,12,,1313988,3436556,3564176,1464680
2151,1,593,592,1,0,0,56384296,63643900,72595224,88,9781404,,12228168,16092880,15668928,12394320,,19087580,13468896,12365432,18721992,,20205596,16708376,15713644,19967608,,12,52,12,12,,1314368,3437580,3564652,1464804
2155,1,594,593,1,0,0,56400952,63635624,72590208,88,9783040,,12263404,16081140,15649640,12406768,,19048756,13495356,12380484,18711028,,20166948,16735396,15731096,19956768,,12,52,12,12,,1314520,3438116,3565468,1464936
2160,1,595,594,1,0,0,56505684,63486860,72445280,88,9785124,,12284264,16131496,15639828,12450096,,19011752,13448892,12376220,18649996,,20130116,16689572,15727636,19897956,,12,52,12,12,,1314680,3438772,3566288,1465384
2164,1,596,595,1,0,0,56560984,63441832,72403772,88,9786752,,12296332,16144472,15666972,12453208,,18995944,13431680,12362520,18651688,,20114552,16672836,15716600,19899784,,12,52,12,12,,1314888,3439228,3567164,1465472
2168,1,597,596,1,0,0,56575860,63414044,72378804,88,9788144,,12303508,16155776,15677968,12438608,,18991900,13404276,12346160,18671708,,20110716,16647728,15700380,19919980,,12,52,12,12,,1315048,3440092,3567352,1465652
2173,1,598,597,1,0,0,56653604,63338544,72307696,88,9790220,,12305808,16191784,15698624,12457388,,18996080,13368148,12315808,18658508,,20115072,16614548,15671072,19907004,,12,52,12,12,,1315228,3440776,3568372,1465844
2178,0,599,598,1,0,0,56816704,63204748,72176980,88,9791516,,12310732,16218340,15828504,12459128,,18998932,13349800,12192248,18663768,,20120076,16596740,15547812,19912352,,12,52,12,12,,1315664,3441244,3568668,1465940
2183,0,600,599,1,0,0,56870664,63096164,72072964,88,9794112,,12329996,16250752,15841328,12448588,,18968520,13290328,12157656,18679660,,20089912,16538316,15516212,19928524,,12,52,12,12,,1315908,3442268,3569796,1466140
2188,0,601,600,1,0,0,56992756,63015780,71996360,88,9795960,,12364064,16313192,15823952,12491548,,18953580,13251996,12196484,18613720,,20075224,16500588,15555652,19864896,,12,52,12,12,,1316096,3442940,3570380,1466544
2192,1,602,601,1,0,0,57074956,62921720,71903988,88,9797532,,12383140,16304052,15843804,12543960,,18916428,13260784,12173048,18571460,,20038460,16509844,15532856,19822828,,12,52,12,12,,1316448,3443404,3571000,1466680
2197,1,603,602,1,0,0,57090692,62880052,71867680,88,9799688,,12416980,16281596,15856248,12535868,,18880432,13259948,12161072,18578600,,20006464,16509672,15521372,19830172,,12,52,12,12,,1317268,3444040,3571500,1466880
2202,1,604,603,1,0,0,57210892,62782100,71772624,88,9800912,,12464216,16297940,15883024,12565712,,18829144,13271072,12138428,18543456,,19955740,16521192,15500480,19795212,,12,52,12,12,,1317288,3444428,3572144,1467052
2207,1,605,604,1,0,0,57278016,62673264,71667900,88,9802920,,12488632,16308264,15945116,12536004,,18805760,13244668,12064068,18558768,,19932600,16497148,15427432,19810720,,12,52,12,12,,1317536,3445244,3572916,1467224
2212,1,606,605,1,0,0,57340972,62615892,71614604,88,9805168,,12479916,16404580,15904088,12552388,,18805364,13153836,12107492,18549200,,19932460,16407204,15471636,19803304,,12,52,12,12,,1317784,3446052,3573700,1467632
2217,0,607,606,1,0,0,57395224,62587852,71590284,88,9807092,,12501932,16411528,15893236,12588528,,18795664,13150152,12123188,18518848,,19923000,16404476,15487648,19775160,,12,52,12,12,,1317996,3447020,3574012,1468064
2222,1,608,607,1,0,0,57522424,62424052,71430520,88,9809200,,12494568,16485656,15904780,12637420,,18804612,13045104,12103452,18470884,,19932188,16302016,15468896,19727420,,12,52,12,12,,1318244,3447764,3574948,1468244
2227,0,609,608,0,1,0,57544356,62378812,71388560,88,9810608,,12498548,16478644,15907500,12659664,,18798164,13056872,12104952,18418824,,19925948,16314184,15470876,19677552,,12,52,12,12,,1318432,3448104,3575436,1468636
2231,0,610,609,1,0,0,57627168,62312268,71325720,88,9812484,,12546708,16471604,15913940,12694916,,18753124,13071140,12090544,18397460,,19883080,16329020,15457152,19656468,,12,52,12,12,,1318832,3448664,3576132,1468856
2236,0,611,610,1,0,0,57727160,62194660,71211792,88,9814380,,12547164,16495924,15974644,12709428,,18729648,13052436,12018200,18394376,,19859948,16310912,15387416,19653516,,12,52,12,12,,1319112,3449240,3577036,1468992
2241,0,612,611,1,0,0,57752620,62191024,71211896,88,9816440,,12549436,16519792,15975164,12708228,,18753072,13030920,12004672,18402360,,19885580,16290192,15374420,19661704,,12,52,12,12,,1319596,3450028,3577644,1469172
2246,0,613,612,1,0,0,57787648,62160236,71184660,88,9818076,,12548972,16520540,15985872,12732264,,18743036,13012268,12025628,18379304,,19875784,16272228,15397808,19638840,,12,52,12,12,,1319748,3450704,3578288,1469336
2250,1,614,613,1,0,0,57913296,62016768,71045004,88,9820180,,12593328,16547160,16009480,12763328,,18686004,13001372,11991028,18338364,,19818844,16263840,15364152,19598168,,12,52,12,12,,1319908,3451532,3579216,1469524
2255,1,615,614,1,0,0,57887988,62013500,71045044,88,9821688,,12571596,16537624,16010256,12768512,,18689924,12999716,11988828,18335032,,19822972,16262620,15362528,19596924,,12,52,12,12,,1320088,3451924,3579780,1469896
2260,0,616,615,1,0,0,57998256,61897952,70932836,88,9823316,,12580248,16558872,16062580,12796556,,18693316,12977660,11920732,18306244,,19826552,16241360,15296564,19568360,,12,52,12,12,,1320300,3452624,3580304,1470088
2265,0,617,616,1,0,0,58004360,61890220,70928700,88,9825264,,12579280,16575824,16087704,12761552,,18697464,12959104,11897432,18336220,,19830940,16225200,15274116,19598444,,12,52,12,12,,1320532,3453412,3581120,1470200
2269,1,618,617,1,0,0,58091944,61822156,70864316,88,9827280,,12601876,16618112,16106488,12765468,,18681780,12921052,11883560,18335764,,19817408,16187888,15260828,19598192,,12,52,12,12,,1321032,3454128,3581700,1470420
2274,1,619,618,1,0,0,58222968,61718368,70764284,88,9829300,,12624996,16665956,16122432,12809584,,18675104,12884708,11880152,18278404,,19811020,16152384,15257980,19542900,,12,52,12,12,,1321216,3455004,3582264,1470816
2279,1,620,619,1,0,0,58245440,61666824,70716068,88,9831288,,12674496,16651696,16089052,12830196,,18623352,12881284,11892352,18269836,,19759512,16151132,15271016,19534408,,12,52,12,12,,1321460,3455804,3583116,1470908
2283,1,621,620,0,1,0,58314144,61580564,70633828,88,9832840,,12658176,16661796,16122112,12872060,,18610080,12877300,11867584,18225600,,19746360,16148264,15248852,19490352,,12,52,12,12,,1321576,3456344,3583844,1471076
2288,1,622,621,1,0,0,58387896,61494188,70549084,88,9834512,,12702312,16693052,16111456,12881076,,18576324,12847840,11860800,18209224,,19712880,16119456,15242640,19474108,,12,52,12,12,,1321892,3457032,3584380,1471208
2293,0,623,622,0,1,0,58474100,61396004,70456268,88,9836248,,12719776,16703420,16160856,12890048,,18569440,12829640,11823976,18172948,,19708160,16101412,15206508,19440188,,12,52,12,12,,1322304,3457248,3585028,1471668
2297,1,624,623,1,0,0,58589364,61285736,70349572,88,9839860,,12751252,16708472,16216592,12913048,,18534172,12813212,11770748,18167604,,19673424,16087504,15153860,19434784,,12,52,12,12,,1322660,3459772,3585632,1471796
2302,0,625,624,1,0,0,58641712,61233908,70303508,88,9842100,,12759668,16730520,16234480,12917044,,18524460,12810516,11747192,18151740,,19665728,16085604,15131072,19421104,,12,52,12,12,,1322968,3460584,3586380,1472168
2306,1,626,625,1,0,0,58768904,61087584,70160712,88,9843868,,12807492,16753844,16242116,12965452,,18479476,12766996,11727496,18113616,,19621048,16044748,15111728,19383188,,12,52,12,12,,1323220,3461552,3586760,1472336
2311,1,627,626,1,0,0,58829020,61011000,70088372,88,9846096,,12823332,16730188,16281744,12993756,,18447604,12790444,11689128,18083824,,19589408,16068968,15076424,19353572,,12,52,12,12,,1323428,3462312,3587872,1472484
2316,0,628,627,1,0,0,58824500,61019152,70099560,88,9847596,,12822356,16735040,16229908,13037196,,18454968,12783916,11745084,18035184,,19596852,16062828,15132876,19307004,,12,52,12,12,,1323552,3462696,3588456,1472892
2320,1,629,628,0,1,0,58929336,60903232,69986872,88,9849132,,12845160,16769044,16266068,13049064,,18426232,12740924,11702576,18033500,,19568296,16022204,15090812,19305560,,12,52,12,12,,1323724,3463460,3588932,1473016
2325,1,630,629,1,0,0,58925412,60889112,69976412,88,9850904,,12828888,16775496,16300668,13020360,,18424496,12741312,11674624,18048680,,19566720,16023420,15065384,19320888,,12,52,12,12,,1323872,3464056,3589820,1473156
2330,1,631,630,1,0,0,58995024,60834944,69925944,88,9853024,,12841464,16802084,16286048,13065428,,18409764,12724572,11695424,18005184,,19554112,16007580,15086784,19277468,,12,52,12,12,,1324372,3465028,3590396,1473228
2335,0,632,631,1,0,0,59128832,60692588,69787344,88,9854644,,12870588,16833660,16321120,13103464,,18386292,12680284,11658388,17967624,,19530892,15963792,15050224,19242436,,12,52,12,12,,1324580,3465584,3590856,1473624
2339,0,633,632,1,0,0,59202784,60607960,69704572,88,9856780,,12948296,16845920,16309812,13098756,,18306868,12671380,11660116,17969596,,19451836,15955632,15052876,19244228,,12,52,12,12,,1324904,3466264,3591824,1473788
2344,0,634,633,0,1,0,59214036,60584748,69685900,88,9858520,,12919136,16910136,16272368,13112396,,18335580,12591980,11705112,17952076,,19482580,15878304,15098192,19226824,,12,52,12,12,,1325232,3467208,3592176,1473904
2348,0,635,634,1,0,0,59231804,60603540,69708436,88,9860036,,12949456,16854236,16298396,13129716,,18326532,12662284,11673316,17941408,,19473752,15949616,15068796,19216272,,12,52,12,12,,1325424,3467700,3592892,1474020
2352,1,636,635,0,1,0,59293796,60506960,69615284,88,9861664,,12964340,16871512,16328772,13129172,,18306032,12640856,11620940,17939132,,19453444,15928532,15019140,19214168,,12,52,12,12,,1325644,3468032,3593840,1474148
2356,0,637,636,0,1,0,59341904,60445436,69557184,88,9863220,,12941084,16907836,16362292,13130692,,18325252,12583280,11596164,17940740,,19472844,15873424,14995040,19215876,,12,52,12,12,,1325828,3468708,3594440,1474244
2360,1,638,637,1,0,0,59401684,60377096,69492256,88,9864880,,12942916,16953700,16370192,13134876,,18324436,12535364,11592508,17924788,,19472236,15827912,14991928,19200180,,12,52,12,12,,1326012,3469448,3594948,1474472
2365,1,639,638,1,0,0,59524552,60246304,69365260,88,9866836,,12954692,17004648,16425136,13140076,,18316924,12482136,11528576,17918668,,19464972,15775660,14930420,19194208,,12,52,12,12,,1326248,3470324,3595640,1474624
2369,1,640,639,0,1,0,59609280,60171080,69294044,88,9868988,,12977584,17007544,16450152,13174000,,18286272,12480280,11513664,17890864,,19434476,15774528,14916528,19168512,,12,52,12,12,,1326408,3471004,3596576,1475000
2373,1,641,640,1,0,0,59675304,60103300,69229912,88,9870780,,12961012,17031208,16477312,13205772,,18301932,12463864,11486672,17850832,,19452480,15758676,14890156,19128600,,12,52,12,12,,1326976,3471496,3597180,1475128
2379,0,642,641,1,0,0,59772268,59980408,69110072,88,9872164,,13007560,17045304,16516104,13203300,,18246484,12436516,11447128,17850280,,19397280,15733756,14850928,19128108,,12,52,12,12,,1327108,3472396,3597444,1475216
2383,0,643,642,0,1,0,59835116,59930184,69063400,88,9873512,,13038516,17065596,16493724,13237280,,18213848,12427260,11471848,17817228,,19364776,15725144,14876108,19097372,,12,52,12,12,,1327252,3472760,3597904,1475596
2387,1,644,643,1,0,0,59854308,59901548,69036512,88,9875116,,13030032,17076912,16509344,13238020,,18227400,12410172,11438960,17825016,,19378668,15708640,14843936,19105268,,12,52,12,12,,1327492,3473328,3598596,1475700
2391,1,645,644,1,0,0,59921156,59847760,68988500,88,9877400,,13061924,17080224,16556988,13222020,,18203344,12418976,11389420,17836020,,19356812,15718220,14797040,19116428,,12,52,12,12,,1327912,3474144,3599492,1475852
2396,1,646,645,1,0,0,59935520,59820312,68964236,88,9879024,,13117156,17091952,16485132,13241280,,18124764,12407368,11479360,17808820,,19280156,15707288,14887432,19089360,,12,52,12,12,,1328360,3474804,3599896,1475964
2400,1,647,646,1,0,0,60098376,59646260,68792600,88,9880924,,13165868,17160852,16499732,13271924,,18088056,12329624,11439312,17789268,,19244284,15630120,14848252,19069944,,12,52,12,12,,1328680,3475380,3600764,1476100
2405,0,648,647,1,0,0,60149300,59607136,68758688,88,9882856,,13182336,17140848,16528416,13297700,,18075556,12368832,11408296,17754452,,19233620,15669820,14817868,19037380,,12,52,12,12,,1329052,3475912,3601384,1476508
2409,1,649,647,2,0,0,60257028,59484944,68639728,88,9884352,,13248968,17151944,16563328,13292788,,17999780,12334080,11371332,17779752,,19158084,15635688,14783104,19062852,,12,52,12,12,,1329260,3476488,3601928,1476676
2414,1,650,649,1,0,0,60329420,59413856,68572300,88,9886384,,13272104,17188116,16565204,13303996,,17975424,12290208,11386428,17761796,,19133984,15594064,14799116,19045136,,12,52,12,12,,1329504,3477180,3602856,1476844
2418,1,651,650,1,0,0,60364088,59347872,68509724,88,9888016,,13220788,17203212,16650916,13289172,,18013484,12295532,11277956,17760900,,19172280,15600016,14693052,19044376,,12,52,12,12,,1329700,3477836,3603496,1476984
2423,1,652,651,1,0,0,60391688,59359092,68525252,88,9890568,,13227356,17224480,16642720,13297132,,18007588,12267496,11310964,17773044,,19166700,15574936,14726868,19056748,,12,52,12,12,,1330016,3479004,3604364,1477184
2429,0,653,652,1,0,0,60486548,59222444,68392516,88,9892700,,13235564,17258408,16632480,13360096,,18013012,12224120,11288848,17696464,,19172364,15532308,14705560,18982284,,12,52,12,12,,1330232,3479680,3605188,1477600
2433,1,654,653,1,0,0,60573112,59129736,68301140,88,9893932,,13243764,17285204,16626896,13417248,,17992060,12193168,11300344,17644164,,19151536,15501872,14717504,18930228,,12,52,12,12,,1330416,3480164,3605572,1477780
2438,1,655,654,0,1,0,60589480,59132520,68309688,88,9895936,,13276256,17252492,16636716,13424016,,17962812,12239196,11299404,17631108,,19124468,15548532,14717132,18919556,,12,52,12,12,,1330852,3480804,3606100,1478180
2443,1,656,655,0,1,0,60725872,58972224,68152692,88,9897388,,13327456,17271244,16685980,13441192,,17916132,12217872,11239692,17598528,,19078036,15527592,14660144,18886920,,12,52,12,12,,1331108,3481200,3606800,1478280
2447,1,657,656,0,1,0,60738140,58912064,68096280,88,9899084,,13290676,17307280,16709988,13430196,,17929064,12168456,11208432,17606112,,19091144,15480896,14629540,18894700,,12,52,12,12,,1331252,3481956,3607432,1478444
2451,1,658,657,1,0,0,60776800,58948808,68137040,88,9901440,,13304096,17319440,16713248,13440016,,17937764,12165756,11221396,17623892,,19102124,15478992,14643300,18912624,,12,52,12,12,,1331732,3482880,3608220,1478608
2456,1,659,658,1,0,0,60913396,58778540,67970320,88,9903096,,13345848,17347448,16748700,13471400,,17894332,12120224,11175164,17588820,,19061132,15434180,14597336,18877672,,12,52,12,12,,1332248,3483580,3608504,1478764
2461,1,660,659,1,0,0,61038084,58643512,67839284,88,9905440,,13378304,17380612,16782160,13497008,,17862596,12094064,11131068,17555784,,19029484,15408748,14556216,18844836,,12,52,12,12,,1332428,3484304,3609756,1478952
2466,1,661,660,1,0,0,61064436,58619100,67818412,88,9907164,,13406544,17399172,16741672,13517048,,17827188,12067136,11194160,17530616,,18994400,15382224,14619988,18821800,,12,52,12,12,,1332704,3484732,3610348,1479380
2471,0,662,661,1,0,0,61145612,58529000,67732028,88,9908916,,13457684,17377108,16768296,13542524,,17779148,12080788,11162048,17507016,,18946632,15398592,14588360,18798444,,12,52,12,12,,1332940,3485584,3610840,1479552
2475,1,663,662,1,0,0,61130896,58550012,67756712,88,9910792,,13424524,17358368,16799968,13548036,,17792616,12129528,11135916,17491952,,18960284,15447800,14563008,18785620,,12,52,12,12,,1333128,3486084,3611624,1479956
2479,1,664,663,0,1,0,61157876,58489296,67699612,88,9912560,,13427264,17412788,16793704,13524120,,17793532,12052300,11133060,17510404,,18961484,15373228,14560672,18804228,,12,52,12,12,,1333380,3486828,3612212,1480140
2484,0,665,664,1,0,0,61247148,58418692,67632712,88,9914416,,13433572,17466704,16804656,13542216,,17797400,11987744,11128496,17505052,,18965544,15309564,14556580,18801024,,12,52,12,12,,1333556,3487672,3612648,1480540
2488,1,666,665,1,0,0,61384004,58283248,67500768,88,9916324,,13444620,17500636,16827576,13611172,,17788896,11964188,11091888,17438276,,18957208,15286648,14522524,18734388,,12,52,12,12,,1333780,3488356,3613512,1480676
2493,1,667,666,1,0,0,61455748,58196852,67415964,88,9917860,,13441636,17528568,16827832,13657712,,17777832,11939256,11095208,17384556,,18946648,15262064,14526492,18680760,,12,52,12,12,,1334136,3488808,3614156,1480760
2497,1,668,667,1,0,0,61441408,58180956,67403724,88,9919572,,13470020,17514164,16845284,13611940,,17761256,11933460,11070472,17415768,,18932376,15256940,14502304,18712104,,12,52,12,12,,1334512,3489424,3614728,1480908
2502,0,669,668,1,0,0,61479848,58132884,67360724,88,9921216,,13478716,17506132,16859088,13635912,,17721284,11947836,11057664,17406100,,18894356,15271692,14492072,18702604,,12,52,12,12,,1334868,3489816,3615484,1481048
2506,1,670,669,1,0,0,61560164,58064920,67296632,88,9923212,,13501428,17535464,16893144,13630128,,17731064,11922044,11016960,17394852,,18904412,15248596,14452060,18691564,,12,52,12,12,,1335120,3490704,3616124,1481264
2511,1,671,670,1,0,0,61761792,57886892,67122492,88,9925400,,13538456,17594128,16968452,13660756,,17689124,11870660,10950560,17376548,,18862720,15197972,14386368,18675432,,12,52,12,12,,1335360,3491524,3616836,1481680
2516,1,672,671,1,0,0,61867960,57755048,66993388,88,9927108,,13593656,17622912,16968376,13683016,,17609244,11841392,10951904,17352508,,18784332,15169344,14388160,18651552,,12,52,12,12,,1335764,3492224,3617284,1481836
2520,1,673,672,1,0,0,61966112,57641540,66884716,88,9929464,,13649608,17648156,16949208,13719140,,17550180,11815600,10966908,17308852,,18726240,15144188,14404124,18610164,,12,52,12,12,,1336140,3492840,3618228,1482256
2526,0,674,673,1,0,0,61968284,57594236,66840812,88,9931212,,13622020,17636972,16958904,13750388,,17566668,11815888,10926804,17284876,,18742864,15144956,14366612,18586380,,12,52,12,12,,1336284,3493424,3619048,1482456
2530,1,675,674,0,1,0,62037108,57576888,66826364,88,9933300,,13659552,17637996,16975228,13764332,,17564912,11821832,10931984,17258160,,18741352,15152532,14372548,18559932,,12,52,12,12,,1336496,3494396,3619820,1482588
2535,1,676,675,1,0,0,62090468,57508792,66762992,88,9935076,,13622320,17651152,17034828,13782168,,17594012,11818380,10842152,17254248,,18770732,15150680,14285384,18556196,,12,52,12,12,,1336780,3494764,3620756,1482776
2540,0,677,676,1,0,0,62130660,57492112,66749868,88,9936780,,13625492,17679156,17037264,13788748,,17603268,11771144,10879268,17238432,,18780240,15106016,14323052,18540560,,12,52,12,12,,1336968,3495572,3621280,1482960
2544,1,678,677,1,0,0,62210288,57374612,66636092,88,9938844,,13662108,17718364,17035448,13794368,,17553552,11722980,10867748,17230332,,18732628,15058724,14312096,18532644,,12,52,12,12,,1337412,3496444,3621828,1483160
2550,1,679,678,1,0,0,62315112,57276628,66542628,88,9941308,,13669528,17781324,17064152,13800108,,17554780,11648696,10848292,17224860,,18734424,14987280,14293588,18527336,,12,52,12,12,,1337756,3497504,3622724,1483324
2555,1,680,679,1,0,0,62387860,57207536,66477216,88,9943236,,13676192,17765652,17074404,13871612,,17539072,11681004,10829588,17157872,,18718960,15020148,14275612,18462496,,12,52,12,12,,1337992,3498052,3623444,1483748
2560,0,681,680,1,0,0,62537108,57042884,66314220,88,9944672,,13744912,17805696,17079528,13906972,,17477808,11623772,10816148,17125156,,18658344,14963444,14262536,18429896,,12,52,12,12,,1338380,3498600,3623816,1483876
2564,1,682,681,1,0,0,62558476,56982948,66259620,88,9946512,,13729988,17831448,17101920,13895120,,17463084,11605448,10787312,17127104,,18645556,14945556,14234372,18434136,,12,52,12,12,,1338740,3499028,3624488,1484256
2569,1,683,682,1,0,0,62665488,56895904,66176476,88,9948692,,13758448,17843004,17155396,13908640,,17452428,11595284,10719636,17128556,,18635136,14936272,14169308,18435760,,12,52,12,12,,1338984,3499892,3625416,1484400
2574,1,684,683,0,1,0,62759400,56774060,66058592,88,9950892,,13796096,17869052,17171740,13922512,,17396000,11563144,10704720,17110196,,18580976,14905060,14155000,18417556,,12,52,12,12,,1339484,3500836,3625992,1484580
2579,1,685,684,1,0,0,62776168,56775428,66064088,88,9953228,,13837936,17863308,17122972,13951952,,17368592,11565768,10774648,17066420,,18553840,14908408,14225832,18376008,,12,52,12,12,,1339704,3501576,3626924,1485024
2584,1,686,685,0,1,0,62836552,56669388,65961240,88,9954932,,13819812,17863872,17137192,14015676,,17371304,11569280,10733552,16995252,,18556772,14914128,14185372,18304968,,12,52,12,12,,1339928,3502300,3627564,1485140
2589,1,687,686,0,1,0,62893700,56648032,65943584,88,9956628,,13849600,17867044,17157512,14019544,,17347148,11568644,10727076,17005164,,18532884,14914388,14181232,18315080,,12,52,12,12,,1340152,3503008,3628144,1485324
2594,1,688,687,1,0,0,62886836,56626868,65924528,88,9958816,,13840564,17874404,17193228,13978640,,17349760,11553464,10692968,17030676,,18535824,14899732,14148176,18340796,,12,52,12,12,,1340584,3503548,3629196,1485488
2599,1,689,688,1,0,0,62969836,56554144,65861820,88,9965004,,13855392,17893676,17219376,14001392,,17345380,11529048,10665452,17014264,,18533620,14880004,14123596,18324600,,12,52,12,12,,1340932,3508236,3630140,1485696
2604,1,690,689,1,0,0,63046980,56461544,65773404,88,9967032,,13879496,17956328,17204660,14006496,,17315796,11462160,10686044,16997544,,18504296,14816364,14144732,18308012,,12,52,12,12,,1341168,3509424,3630640,1485800
2609,1,691,690,1,0,0,63095804,56418396,65725076,88,9960104,,13926780,17957720,17214740,13996564,,17280584,11470348,10658656,17008808,,18469356,14825296,14120312,18310112,,12,52,12,12,,1341464,3510164,3631820,1476656
2614,1,692,691,1,0,0,63193328,56318356,65628580,88,9961856,,13883568,17994972,17251928,14062860,,17312948,11429516,10632644,16943248,,18501908,14784920,14094988,18246764,,12,52,12,12,,1341668,3510624,3632492,1477072
2619,0,693,692,0,1,0,63262204,56247588,65561064,88,9963476,,13915360,18001040,17268688,14077116,,17288368,11421012,10608584,16929624,,18477588,14778936,14071232,18233308,,12,52,12,12,,1341892,3511572,3632792,1477220
2624,1,694,693,1,0,0,63327912,56182984,65499892,88,9965372,,13939824,18008012,17301976,14078100,,17247400,11425704,10583420,16926460,,18438488,14784260,14046944,18230200,,12,52,12,12,,1342324,3512028,3633644,1477376
2629,1,695,694,1,0,0,63347652,56125072,65445772,88,9967360,,13959488,18030508,17305228,14052428,,17222992,11381540,10571356,16949184,,18416364,14740872,14035464,18253072,,12,52,12,12,,1342748,3512840,3634252,1477520
2633,1,696,695,0,1,0,63485512,55951908,65277012,88,9969592,,14004352,18047784,17359908,14073468,,17180780,11343100,10503768,16924260,,18374824,14703340,13970552,18228296,,12,52,12,12,,1343124,3513788,3635028,1477652
2638,1,697,696,1,0,0,63515216,55949092,65277852,88,9971488,,14022956,18076260,17342252,14073748,,17165896,11337516,10517264,16928416,,18360140,14700396,13984744,18232572,,12,52,12,12,,1343316,3514744,3635640,1477788
2642,1,698,697,1,0,0,63645856,55827608,65159956,88,9973104,,14077036,18095008,17354304,14119508,,17111772,11314360,10522500,16878976,,18306200,14677716,13990696,18185344,,12,52,12,12,,1343500,3515120,3636296,1478188
2647,0,699,698,0,1,0,63650424,55831840,65167332,88,9974628,,14056664,18099828,17363704,14130228,,17140492,11317268,10496768,16877312,,18335148,14682920,13965484,18183780,,12,52,12,12,,1343720,3515820,3636808,1478280
2651,0,700,699,0,1,0,63747328,55706024,65045108,88,9976316,,14055288,18140776,17386348,14164916,,17144152,11247720,10488580,16825572,,18339068,14613996,13957760,18134284,,12,52,12,12,,1343956,3516408,3637260,1478692
2655,1,701,700,1,0,0,63812660,55610616,64953696,88,9978516,,14063212,18134184,17439716,14175548,,17121752,11256960,10414740,16817164,,18316888,14623820,13886916,18126072,,12,52,12,12,,1344180,3516996,3638468,1478872
2661,1,702,701,1,0,0,63824740,55570304,64917032,88,9980648,,14055320,18177604,17444308,14147508,,17114500,11221736,10404560,16829508,,18311692,14589448,13877344,18138548,,12,52,12,12,,1344640,3517848,3639116,1479044
2665,1,703,702,0,1,0,63891664,55561936,64912592,88,9982548,,14070216,18201432,17457160,14162856,,17108352,11197028,10410632,16845924,,18306092,14565452,13883876,18157172,,12,52,12,12,,1344944,3518568,3639548,1479488
2671,1,704,703,1,0,0,63987040,55430356,64785496,88,9985108,,14094340,18192868,17458392,14241440,,17091676,11189980,10396584,16752116,,18289772,14559236,13870852,18065636,,12,52,12,12,,1345224,3519348,3640568,1479968
2676,1,705,704,1,0,0,64031624,55379144,64728700,88,9977572,,14104276,18191828,17464052,14271468,,17077504,11188688,10387524,16725428,,18266548,14560620,13862400,18039132,,12,52,12,12,,1336204,3520080,3641164,1480124
2681,1,706,705,1,0,0,64065508,55376092,64729296,88,9979256,,14136120,18180580,17485692,14263116,,17048108,11226900,10371368,16729716,,18237392,14599444,13848844,18043616,,12,52,12,12,,1336404,3520676,3641936,1480240
2686,1,707,706,1,0,0,64126228,55321896,64678436,88,9981144,,14110808,18207164,17520208,14288048,,17087716,11191156,10334080,16708944,,18279068,14564156,13812180,18023032,,12,52,12,12,,1336888,3521208,3642628,1480420
2691,0,708,707,1,0,0,64262548,55128140,64489264,88,9983620,,14142652,18267980,17562564,14289352,,17049800,11107288,10284060,16686992,,18241480,14483616,13762888,18001280,,12,52,12,12,,1337156,3522528,3643332,1480604
2696,1,709,708,1,0,0,64311720,55115300,64478880,88,9985296,,14194476,18280024,17560488,14276732,,16993000,11119508,10289212,16713580,,18186032,14496356,13768432,18028060,,12,52,12,12,,1337524,3523232,3643748,1480792
2701,1,710,709,1,0,0,64338324,55015444,64389056,88,9992224,,14198180,18294176,17542188,14303780,,16967740,11077876,10301444,16668384,,18162960,14457296,13785744,17983056,,12,52,12,12,,1338136,3524248,3648848,1480992
2706,1,711,710,0,1,0,64382692,54992420,64369500,88,9993928,,14215236,18293068,17569288,14305100,,16963424,11108072,10255748,16665176,,18158672,14487896,13742876,17980056,,12,52,12,12,,1338360,3524668,3649700,1481200
2711,1,712,711,0,1,0,64499796,54904408,64283644,88,9996184,,14288576,18315564,17598380,14297276,,16898752,11079184,10241020,16685452,,18094644,14459636,13728852,18000512,,12,52,12,12,,1339028,3525276,3650516,1481364
2716,1,713,712,0,1,0,64486440,54892508,64276932,88,9997884,,14250180,18325944,17604568,14305748,,16935312,11049960,10227604,16679632,,18132880,14431000,13716116,17996936,,12,52,12,12,,1339080,3525848,3651176,1481780
2721,1,714,713,0,1,0,64588844,54770696,64159064,88,10000116,,14285124,18362864,17636016,14304840,,16902440,11026612,10178640,16663004,,18100280,14408512,13669788,17980484,,12,52,12,12,,1339356,3526696,3652100,1481964
2726,0,715,714,1,0,0,64687132,54689308,64081172,88,10001988,,14315848,18416440,17652468,14302376,,16866980,10954216,10193892,16674220,,18065100,14338740,13685456,17991876,,12,52,12,12,,1339632,3527664,3652528,1482164
2730,1,716,715,0,1,0,64820492,54562356,63957944,88,10003880,,14348932,18434992,17693628,14342940,,16832472,10941624,10142020,16646240,,18030680,14326752,13636392,17964120,,12,52,12,12,,1339588,3528248,3653704,1482340
2735,1,717,716,1,0,0,64808888,54532292,63931488,88,10005760,,14306244,18413436,17707568,14381640,,16861572,10974340,10110844,16585536,,18060032,14360084,13605888,17905484,,12,52,12,12,,1339832,3528800,3654368,1482760
2740,1,718,717,1,0,0,64943420,54407240,63808292,88,10007584,,14336312,18435884,17745616,14425608,,16848192,10935080,10067184,16556784,,18046984,14321488,13562808,17877012,,12,52,12,12,,1340244,3529456,3654932,1482952
2745,1,719,718,1,0,0,64952288,54365996,63772200,88,10009740,,14356248,18450236,17772100,14373704,,16797172,10928080,10039340,16601404,,17999832,14315024,13535592,17921752,,12,52,12,12,,1341076,3530016,3655552,1483096
2750,1,720,719,1,0,0,65081224,54277512,63688116,88,10012004,,14406488,18464744,17778476,14431516,,16762628,10917276,10049948,16547660,,17965704,14305276,13546928,17870208,,12,52,12,12,,1341156,3531048,3656292,1483508
2755,1,721,720,1,0,0,65149640,54192148,63610436,88,10017900,,14443256,18510180,17728992,14467212,,16728272,10864840,10088836,16510200,,17931548,14257544,13586280,17835064,,12,52,12,12,,1341384,3535824,3656764,1483928
2760,1,722,721,1,0,0,65260644,54092388,63514732,88,10020128,,14460468,18486612,17771304,14542260,,16712800,10899432,10044908,16435248,,17916284,14292816,13545360,17760272,,12,52,12,12,,1341620,3536428,3657980,1484100
2765,1,723,722,1,0,0,65252740,54063956,63490228,88,10022068,,14448908,18433540,17756300,14613992,,16711344,10930444,10061788,16360380,,17915064,14326628,13562936,17685600,,12,52,12,12,,1341864,3537256,3658664,1484284
2770,1,724,723,1,0,0,65274524,54053220,63483216,88,10024028,,14477604,18431204,17768876,14596840,,16684780,10928396,10061584,16378460,,17888844,14325176,13563320,17705876,,12,52,12,12,,1342188,3537896,3659236,1484708
2776,1,725,724,1,0,0,65421240,53881308,63315144,88,10026224,,14505592,18474872,17831092,14609684,,16660224,10865732,9983820,16371532,,17864512,14265044,13486520,17699068,,12,52,12,12,,1342412,3538728,3660200,1484884
2781,0,726,725,1,0,0,65537300,53783936,63220680,88,10028260,,14459552,18501144,17937848,14638756,,16710196,10859512,9881568,16332660,,17915776,14259612,13384988,17660304,,12,52,12,12,,1342848,3539520,3660884,1485008
2786,1,727,726,1,0,0,65608736,53738032,63179420,88,10030336,,14495988,18524752,17932248,14655748,,16677084,10843444,9895896,16321608,,17883896,14244272,13401816,17649436,,12,52,12,12,,1343272,3540276,3661596,1485192
2791,1,728,727,1,0,0,65710072,53596852,63042648,88,10032824,,14538360,18544208,17941948,14685556,,16626984,10816464,9859008,16294396,,17834052,14218112,13368056,17622428,,12,52,12,12,,1343484,3541080,3662884,1485376
2796,1,729,728,1,0,0,65735684,53583396,63033208,88,10034604,,14521896,18593008,17930164,14690616,,16661896,10764064,9881384,16276052,,17869292,14168552,13391124,17604240,,12,52,12,12,,1343804,3541788,3663484,1485528
2801,1,730,729,1,0,0,65824208,53503532,62955064,88,10036232,,14535140,18636984,17934076,14718008,,16635092,10721948,9891768,16254724,,17843000,14126896,13402080,17583088,,12,52,12,12,,1344132,3542404,3664032,1485664
2806,0,731,730,0,1,0,65863668,53450352,62907496,88,10038160,,14561888,18665228,17976204,14660348,,16601336,10690512,9830260,16328244,,17813548,14096012,13341172,17656764,,12,52,12,12,,1344748,3542948,3664644,1485820
2810,1,732,731,1,0,0,65968064,53328740,62790536,88,10040608,,14605260,18693584,18003948,14665272,,16548188,10659232,9815804,16305516,,17760824,14065816,13327296,17636600,,12,52,12,12,,1344996,3544028,3665308,1486276
2815,1,733,732,1,0,0,66067072,53209272,62675052,88,10042612,,14654240,18741620,17984484,14686728,,16500256,10617784,9805248,16285984,,17713124,14025096,13319584,17617248,,12,52,12,12,,1345260,3544752,3666136,1486464
2821,1,734,733,1,0,0,66154532,53129184,62599060,88,10044960,,14642620,18758036,18013452,14740424,,16514400,10603892,9789244,16221648,,17727400,14013992,13304556,17553112,,12,52,12,12,,1345440,3545700,3667160,1486660
2826,1,735,734,1,0,0,66218544,53042632,62516008,88,10046784,,14670184,18762128,18034576,14751656,,16477792,10583692,9769136,16212012,,17692716,13994440,13285200,17543652,,12,52,12,12,,1345868,3546280,3667796,1486840
2831,1,736,735,1,0,0,66229580,53034704,62512524,88,10049052,,14691364,18732920,18071616,14733680,,16469428,10614500,9726188,16224588,,17684848,14025996,13243040,17558640,,12,52,12,12,,1346160,3547044,3668568,1487280
2836,1,737,736,1,0,0,66356516,52912352,62393964,88,10050912,,14699876,18746800,18149232,14760608,,16452864,10597096,9653344,16209048,,17668636,14009048,13173000,17543280,,12,52,12,12,,1346460,3547468,3669524,1487460
2842,1,738,737,1,0,0,66364348,52929680,62415420,88,10053328,,14708716,18760732,18101720,14793180,,16443708,10591448,9714188,16180336,,17659728,14004308,13234600,17516784,,12,52,12,12,,1346736,3548368,3670360,1487864
2846,1,739,738,0,1,0,66525456,52718276,62207560,88,10055276,,14727464,18860552,18112668,14824772,,16437208,10455560,9676640,16148868,,17653480,13871360,13197336,17485384,,12,52,12,12,,1346992,3549588,3670632,1488064
2852,1,740,739,0,1,0,66578088,52679780,62173344,88,10057700,,14735544,18890036,18131944,14820564,,16408552,10446436,9676980,16147812,,17627016,13863112,13198748,17484468,,12,52,12,12,,1347460,3550412,3671604,1488224
2856,1,741,740,1,0,0,66572744,52695780,62192932,88,10059436,,14734272,18835508,18148988,14853976,,16427516,10510444,9638712,16119108,,17646340,13927504,13163156,17455932,,12,52,12,12,,1347732,3550784,3672520,1488400
2861,1,742,741,0,1,0,66691684,52555764,62056432,88,10061180,,14763992,18868976,18167364,14891352,,16392524,10465016,9640060,16058164,,17611520,13882716,13165052,17397144,,12,52,12,12,,1347928,3551376,3673060,1488816
2866,1,743,742,1,0,0,66756376,52449452,61954124,88,10063456,,14748800,18903324,18220584,14883668,,16397484,10414088,9557424,16080456,,17616812,13834476,13083168,17419668,,12,52,12,12,,1348248,3552420,3673772,1489016
2871,1,744,743,1,0,0,66830228,52398432,61906828,88,10065512,,14761700,18946536,18216896,14905096,,16381804,10376684,9585980,16053964,,17601396,13799876,13112252,17393304,,12,52,12,12,,1348488,3553552,3674316,1489156
2875,1,745,744,1,0,0,66987644,52220988,61732956,88,10067340,,14810640,18991376,18275792,14909836,,16322724,10344788,9517080,16036396,,17544304,13768856,13043956,17375840,,12,52,12,12,,1348940,3554284,3674844,1489272
2880,1,746,745,1,0,0,67029200,52167332,61684128,88,10070000,,14811512,18996996,18242572,14978120,,16318560,10333744,9540384,15974644,,17540772,13758632,13068292,17316432,,12,52,12,12,,1349268,3555072,3675908,1489752
2886,1,747,746,1,0,0,67088736,52121600,61641744,88,10071824,,14838568,19037644,18236676,14975848,,16307192,10289636,9545260,15979512,,17529696,13714988,13075552,17321508,,12,52,12,12,,1349536,3555516,3676812,1489960
2891,1,748,747,1,0,0,67217600,52020812,61543852,88,10074056,,14904408,19022984,18257804,15032404,,16246128,10310816,9536596,15927272,,17469852,13736832,13067664,17269504,,12,52,12,12,,1350148,3556176,3677560,1490172
2896,1,749,748,1,0,0,67228704,51930144,61457992,88,10075960,,14863056,19018408,18345308,15001932,,16277928,10297736,9430096,15924384,,17503072,13724312,12963868,17266740,,12,52,12,12,,1350332,3556780,3678556,1490292
2901,1,750,749,1,0,0,67251236,51904468,61436604,88,10078196,,14860140,19062472,18345240,14983384,,16270004,10235184,9436456,15962824,,17495452,13664768,12970992,17305392,,12,52,12,12,,1350548,3557924,3679228,1490496
2906,1,751,750,0,1,0,67389096,51787440,61323552,88,10080180,,14910564,19089516,18361940,15027076,,16229324,10227488,9407052,15923576,,17455044,13657768,12942180,17268560,,12,52,12,12,,1350812,3558660,3679796,1490912
2912,1,752,751,0,1,0,67372024,51786220,61326804,88,10084580,,14904560,19076648,18338144,15052672,,16224308,10227152,9444980,15889780,,17450400,13660312,12981116,17234976,,12,52,12,12,,1351196,3561512,3680784,1491088
2917,1,753,752,1,0,0,67472892,51694024,61239944,88,10086516,,14945324,19082044,18389840,15055684,,16185728,10243068,9376068,15889160,,17413940,13676660,12914768,17234576,,12,52,12,12,,1351576,3561924,3681704,1491312
2922,1,754,753,1,0,0,67602140,51539436,61088028,88,10088340,,14968516,19104392,18417352,15111880,,16152908,10213524,9342448,15830556,,17381392,13648824,12881652,17176160,,12,52,12,12,,1351848,3562836,3682180,1491476
2927,0,755,754,0,1,0,67581348,51541464,61095016,88,10090376,,14945012,19126804,18423032,15086500,,16179896,10192344,9339060,15830164,,17408700,13629440,12880996,17175880,,12,52,12,12,,1352080,3563592,3683084,1491620
2931,1,756,755,1,0,0,67684928,51456488,61014224,88,10092916,,14958524,19195836,18451780,15078788,,16180968,10109676,9308768,15857076,,17410056,13549580,12851604,17202984,,12,52,12,12,,1352356,3564772,3683960,1491828
2937,0,757,756,0,1,0,67828076,51336196,60897556,88,10094568,,14978360,19262200,18497076,15090440,,16148396,10059652,9272264,15855884,,17377728,13500328,12815420,17204080,,12,52,12,12,,1352608,3565476,3684284,1492200
2941,1,758,757,1,0,0,67801276,51300856,60866548,88,10097328,,14995864,19267936,18445344,15092132,,16109500,10040168,9305952,15845236,,17341068,13481756,12850204,17193520,,12,52,12,12,,1353168,3566388,3685360,1492412
2947,0,759,758,1,0,0,67829808,51253756,60823064,88,10098956,,15008728,19240428,18460280,15120372,,16109272,10064988,9278156,15801340,,17341220,13506964,12822980,17151900,,12,52,12,12,,1353452,3566740,3685928,1492836
2951,1,760,759,0,1,0,67986736,51135440,60708332,88,10100924,,15045252,19277736,18487100,15176648,,16089396,10015764,9276788,15753492,,17321480,13460360,12822332,17104160,,12,52,12,12,,1353636,3567588,3686692,1493008
2956,1,761,760,1,0,0,68044364,51053824,60630336,88,10102808,,15031788,19289216,18572108,15151252,,16092820,9991784,9184112,15785108,,17325128,13436992,12732288,17135928,,12,52,12,12,,1353828,3568204,3687616,1493160
2960,1,762,761,1,0,0,68109516,51022560,60601832,88,10104316,,15053276,19311692,18606120,15138428,,16063572,10006404,9156436,15796148,,17297456,13452112,12705148,17147116,,12,52,12,12,,1354196,3568660,3688160,1493300
2964,2,763,762,0,1,0,68256452,50855136,60439264,88,10106736,,15074180,19367364,18624768,15190140,,16045508,9937744,9126852,15745032,,17280328,13384404,12676236,17098296,,12,52,12,12,,1354508,3569608,3688820,1493800
2970,1,764,763,1,0,0,68305036,50809356,60398208,88,10109464,,15119716,19349728,18581484,15254108,,16002692,9946076,9172640,15687948,,17237812,13393692,12725264,17041440,,12,52,12,12,,1354776,3570580,3690132,1493976
2976,1,765,764,0,1,0,68414572,50689896,60282228,88,10111288,,15109100,19377896,18622980,15304596,,15993468,9925280,9132096,15639052,,17228920,13375212,12685352,16992744,,12,52,12,12,,1355104,3571224,3690804,1494156
2981,1,766,765,1,0,0,68423964,50684456,60281028,88,10113496,,15134016,19341876,18641284,15306788,,15969308,9973608,9115820,15625720,,17207056,13424588,12669740,16979644,,12,52,12,12,,1355652,3572112,3691392,1494340
2987,1,767,766,0,1,0,68396276,50684692,60283364,88,10115416,,15141884,19343740,18665836,15244816,,15965244,9960132,9084428,15674888,,17203484,13411780,12639100,17029000,,12,52,12,12,,1356012,3572760,3692124,1494520
2992,1,768,767,0,1,0,68513056,50584536,60189464,88,10117984,,15172876,19361312,18713676,15265192,,15931096,9943552,9033516,15676372,,17171476,13396112,12591220,17030656,,12,52,12,12,,1356424,3573636,3693228,1494696
2996,1,769,768,1,0,0,68597816,50494412,60102976,88,10119772,,15227920,19389488,18690712,15289696,,15888820,9903644,9055128,15646820,,17129532,13358952,12613196,17001296,,12,52,12,12,,1356680,3574660,3693556,1494876
3001,1,770,769,0,1,0,68730460,50333252,59946316,88,10122288,,15282956,19416480,18700956,15330068,,15833084,9864620,9051892,15583656,,17074020,13320872,12611000,16940424,,12,52,12,12,,1356876,3575476,3694604,1495332
3007,1,771,770,1,0,0,68786852,50291444,59907916,88,10124072,,15285964,19450228,18711720,15338940,,15830448,9837196,9029080,15594720,,17073488,13293868,12588848,16951712,,12,52,12,12,,1357376,3575904,3695244,1495548
3012,1,772,771,1,0,0,68834188,50218444,59838952,88,10126484,,15295400,19417624,18750568,15370596,,15801972,9865880,9002260,15548332,,17047300,13323388,12562752,16905512,,12,52,12,12,,1357988,3576756,3695996,1495744
3017,1,773,772,1,0,0,68864468,50207440,59831892,88,10128268,,15318000,19450744,18750440,15345284,,15799588,9825232,9003108,15579512,,17045532,13285208,12564288,16936864,,12,52,12,12,,1358216,3577432,3696660,1495960
3022,1,774,773,0,1,0,68960552,50131304,59760012,88,10130756,,15346632,19464856,18804324,15344740,,15773028,9833884,8947708,15576684,,17019240,13294756,12509640,16936376,,12,52,12,12,,1358464,3578328,3697584,1496380
3027,1,775,774,1,0,0,69032384,50007368,59639952,88,10132536,,15368648,19505336,18782996,15375404,,15737972,9782096,8932400,15554900,,16984464,13243680,12497064,16914744,,12,52,12,12,,1358764,3579056,3698184,1496532
3032,1,776,775,1,0,0,69142176,49879828,59517016,88,10135156,,15370568,19577168,18781620,15412820,,15726616,9675452,8976512,15501248,,16973392,13140244,12542060,16861320,,12,52,12,12,,1359024,3580232,3699172,1496728
3037,1,777,776,1,0,0,69159668,49860412,59501272,88,10136952,,15391116,19504304,18806328,15457920,,15702684,9760256,8933444,15464028,,16949700,13225548,12499536,16826488,,12,52,12,12,,1359260,3580696,3699796,1497200
3043,0,778,777,1,0,0,69172596,49823452,59468596,88,10139040,,15391068,19545964,18837944,15397620,,15700060,9733248,8886320,15503824,,16947456,13199316,12455372,16866452,,12,52,12,12,,1359632,3581472,3700608,1497328
3047,1,779,778,1,0,0,69221524,49771208,59420688,88,10141400,,15371948,19541000,18835980,15472596,,15724252,9736464,8887148,15423344,,16971916,13203432,12456812,16788528,,12,52,12,12,,1359888,3582364,3701300,1497848
3053,0,780,779,0,1,0,69285192,49727148,59380740,88,10143688,,15372476,19593588,18838808,15480320,,15716296,9679008,8900476,15431368,,16964248,13146612,12470992,16798888,,12,52,12,12,,1360200,3582988,3702200,1498300
3058,1,781,780,1,0,0,69375084,49650892,59308620,88,10146124,,15391492,19629940,18811148,15542504,,15717496,9639940,8925708,15367748,,16965708,13110616,12496860,16735436,,12,52,12,12,,1360472,3584352,3702828,1498472
3063,1,782,781,1,0,0,69500564,49487420,59147748,88,10148456,,15389560,19650760,18846256,15613988,,15697324,9625752,8890032,15274312,,16946124,13097088,12462304,16642232,,12,52,12,12,,1360912,3584900,3703964,1498680
3069,1,783,782,1,0,0,69590064,49391212,59057412,88,10150656,,15436360,19665208,18871244,15617252,,15669020,9596084,8854320,15271788,,16920044,13070296,12427072,16640000,,12,52,12,12,,1361320,3586012,3704440,1498884
3075,1,784,783,0,1,0,69587768,49386996,59057088,88,10152916,,15437356,19664444,18883232,15602736,,15655072,9588744,8843796,15299384,,16906392,13063420,12417544,16669732,,12,52,12,12,,1361636,3586480,3705484,1499316
3080,1,785,784,1,0,0,69683028,49296844,58970648,88,10154792,,15458824,19700404,18921140,15602660,,15635272,9552880,8797540,15311152,,16886876,13028160,12373948,16681664,,12,52,12,12,,1361912,3587088,3706324,1499468
3085,1,786,785,1,0,0,69784392,49193988,58871948,88,10157452,,15476260,19728456,18950468,15629208,,15618444,9518512,8770292,15286740,,16872292,12994952,12347256,16657448,,12,52,12,12,,1362668,3588248,3706876,1499660
3090,1,787,786,1,0,0,69804120,49128668,58811064,88,10159800,,15483752,19716960,18918180,15685228,,15600144,9526568,8783644,15218312,,16854360,13005740,12361684,16589280,,12,52,12,12,,1362752,3589220,3707948,1499880
3096,1,788,787,1,0,0,69835212,49088220,58774332,88,10161668,,15504332,19721120,18935288,15674472,,15571684,9523344,8768648,15224544,,16826184,13003144,12349340,16595664,,12,52,12,12,,1362992,3589740,3708916,1500020
3101,1,789,788,1,0,0,69922172,49051420,58741612,88,10163832,,15514664,19725760,18971604,15710144,,15562876,9536184,8753624,15198736,,16819804,13016812,12334924,16570072,,12,52,12,12,,1363536,3590592,3709488,1500216
3106,1,790,789,0,1,0,69965440,48972304,58666552,88,10165892,,15525888,19726276,19003192,15710084,,15566572,9535196,8703920,15166616,,16823684,13016564,12285940,16540364,,12,52,12,12,,1363772,3591260,3710196,1500664
3111,1,791,790,0,1,0,70028096,48920812,58617060,88,10167700,,15545352,19773428,19047092,15662224,,15537552,9485940,8671156,15226164,,16794940,12967804,12254216,16600100,,12,52,12,12,,1364036,3591776,3711040,1500848
3116,1,792,790,2,0,0,70168604,48789024,58491156,88,10170184,,15575592,19817304,19085668,15690040,,15516036,9454360,8610996,15207632,,16773688,12937384,12198328,16581756,,12,52,12,12,,1364308,3592956,3711904,1501016
3121,0,793,792,1,0,0,70144628,48750732,58456932,88,10172484,,15567296,19765552,19065364,15746416,,15497816,9454684,8632024,15166208,,16755700,12940448,12220276,16540508,,12,52,12,12,,1364540,3593880,3712828,1501236
3126,1,794,793,1,0,0,70219716,48724600,58434712,88,10174456,,15607356,19773740,19072032,15766588,,15481968,9475452,8624260,15142920,,16742156,12961892,12213272,16517392,,12,52,12,12,,1365040,3594504,3713492,1501420
3131,1,795,794,1,0,0,70353724,48586692,58300980,88,10176780,,15664280,19797356,19097020,15795068,,15427096,9452444,8611552,15095600,,16687816,12939560,12201392,16472212,,12,52,12,12,,1365384,3595188,3714344,1501864
3137,1,796,795,1,0,0,70380104,48500652,58219016,88,10179264,,15614820,19821628,19165884,15777772,,15460284,9421784,8533048,15085536,,16721232,12909868,12123596,16464320,,12,52,12,12,,1365636,3596136,3715128,1502364
3142,1,797,796,0,1,0,70454380,48408208,58130988,88,10181424,,15622572,19853492,19171444,15806872,,15439644,9386836,8513792,15067936,,16700876,12875532,12107628,16446952,,12,52,12,12,,1365920,3596748,3716196,1502560
3148,0,798,797,0,1,0,70574684,48324408,58050584,88,10183752,,15682780,19896968,19161436,15833500,,15394300,9355164,8532636,15042308,,16657232,12844884,12126976,16421492,,12,52,12,12,,1366360,3597812,3716876,1502704
3152,1,799,798,1,0,0,70605920,48305000,58035560,88,10185824,,15672124,19907344,19177332,15849120,,15407508,9332052,8521064,15044376,,16671436,12824332,12116060,16423732,,12,52,12,12,,1366732,3598672,3717544,1502876
3158,1,800,799,1,0,0,70655084,48240880,57975568,88,10188020,,15704040,19874540,19196216,15880288,,15368268,9365860,8508172,14998580,,16632532,12858876,12103880,16380280,,12,52,12,12,,1367004,3599396,3718288,1503332
3163,0,801,800,0,1,0,70744308,48140808,57879024,88,10189700,,15723252,19872412,19273196,15875448,,15366212,9356112,8422836,14995648,,16630676,12849600,12021140,16377608,,12,52,12,12,,1367224,3599884,3719052,1503540
3168,1,802,801,1,0,0,70799716,48103660,57846124,88,10192352,,15702600,19885736,19327500,15883880,,15371328,9349200,8375628,15007504,,16638156,12843636,11974712,16389620,,12,52,12,12,,1368040,3600808,3719792,1503712
3173,1,803,802,1,0,0,70861104,48007116,57754176,88,10194868,,15722448,19957660,19294792,15886204,,15349724,9279096,8389880,14988416,,16617128,12776408,11989884,16370756,,12,52,12,12,,1368228,3602068,3720664,1503908
3178,1,804,803,0,1,0,70940864,47919732,57670848,88,10197012,,15758472,19965624,19294864,15921904,,15311524,9263060,8390688,14954460,,16579112,12761288,11993460,16336988,,12,52,12,12,,1368436,3602896,3721592,1504088
3183,1,805,804,1,0,0,71032144,47839012,57596224,88,10200972,,15764256,19991592,19328428,15947868,,15294376,9234668,8364328,14945640,,16562276,12735620,11967872,16330456,,12,52,12,12,,1368708,3603616,3722300,1506348
3188,1,806,805,1,0,0,71081016,47807576,57568944,88,10203340,,15794232,19967572,19383492,15935720,,15282428,9267748,8292252,14965148,,16550664,12769416,11898656,16350208,,12,52,12,12,,1369048,3604424,3723264,1506604
3194,1,807,806,1,0,0,71158716,47715140,57479004,88,10205616,,15850024,19998412,19386800,15923480,,15209380,9237480,8300140,14968140,,16478576,12739524,11907564,16353340,,12,52,12,12,,1369736,3604812,3724328,1506740
3198,1,808,807,1,0,0,71190520,47671704,57440544,88,10207092,,15811232,20009148,19425220,15944920,,15267588,9220360,8248808,14934948,,16538468,12723148,11856536,16322392,,12,52,12,12,,1369740,3605524,3724656,1507172
3203,1,809,808,1,0,0,71286040,47555532,57328456,88,10209368,,15822332,20076168,19444160,15943380,,15245976,9137916,8221796,14949844,,16517184,12643340,11830488,16337444,,12,52,12,12,,1370052,3606424,3725564,1507328
3208,1,810,809,1,0,0,71383492,47469776,57246172,88,10211768,,15883460,20087992,19418260,15993780,,15181168,9127764,8275684,14885160,,16453808,12634380,11885020,16272964,,12,52,12,12,,1370452,3607560,3726240,1507516
3214,1,811,810,1,0,0,71469876,47328092,57111504,88,10216252,,15903720,20083684,19430924,16051548,,15148164,9117432,8237236,14825260,,16425932,12624624,11847664,16213284,,12,52,12,12,,1373108,3608116,3727328,1507700
3219,1,812,811,0,1,0,71574608,47232472,57020032,88,10218484,,16007140,20088436,19432692,16046340,,15049432,9115748,8241488,14825804,,16329648,12623812,11852512,16214060,,12,52,12,12,,1373680,3608964,3727932,1507908
3225,1,813,812,0,1,0,71586888,47231636,57023308,88,10220500,,15988732,20107680,19451072,16039404,,15058584,9121988,8217416,14833648,,16339188,12630588,11829204,16224328,,12,52,12,12,,1373948,3609512,3728664,1508376
3230,1,814,813,1,0,0,71636896,47186724,56982432,88,10222704,,15989596,20124924,19507112,16015264,,15062784,9097424,8160376,14866140,,16343700,12606828,11774912,16256992,,12,52,12,12,,1374188,3610292,3729688,1508536
3235,1,815,814,0,1,0,71813656,46994460,56792572,88,10225028,,16028508,20233688,19491916,16059544,,15020232,8979364,8171632,14823232,,16301404,12490164,11786720,16214284,,12,52,12,12,,1374468,3611588,3730212,1508760
3241,1,816,815,0,1,0,71903136,46893028,56697272,88,10227764,,16098284,20232064,19466740,16106048,,14961156,8982160,8194668,14755044,,16242584,12495404,11810884,16148400,,12,52,12,12,,1374724,3612528,3731308,1509204
3246,1,817,816,0,1,0,71878032,46913708,56721556,88,10229584,,16064108,20185444,19480672,16147808,,14997532,9015352,8183352,14717472,,16279224,12529092,11802240,16111000,,12,52,12,12,,1375028,3612972,3732200,1509384
3251,1,818,817,1,0,0,71988136,46820224,56632320,88,10232024,,16095172,20257168,19492748,16143048,,14966096,8943420,8192572,14718136,,16248128,12459944,11812340,16111908,,12,52,12,12,,1375352,3614064,3733016,1509592
3257,1,819,818,1,0,0,71968972,46836240,56652156,88,10233884,,16055152,20269608,19544092,16100120,,14997188,8945444,8138444,14755164,,16279484,12462436,11758996,16151240,,12,52,12,12,,1375580,3614480,3733768,1510056
3262,1,820,819,1,0,0,72105784,46635704,56455736,88,10236416,,16044712,20351804,19550904,16158364,,15005904,8845440,8092716,14691644,,16288372,12363332,11714200,16089832,,12,52,12,12,,1375844,3615368,3734688,1510516
3267,1,821,820,1,0,0,72233348,46518492,56342688,88,10238784,,16089968,20357484,19588324,16197572,,14966328,8835516,8046748,14669900,,16249104,12354476,11670692,16068416,,12,52,12,12,,1376228,3616432,3735304,1510820
3273,1,822,821,1,0,0,72301512,46426064,56254844,88,10241260,,16077172,20381980,19604496,16237864,,14960900,8801448,8049940,14613776,,16243928,12323224,11675092,16012600,,12,52,12,12,,1376476,3617252,3736416,1511116
3278,1,823,822,1,0,0,72352212,46401744,56234264,88,10243468,,16092324,20395348,19592064,16272476,,14953768,8793748,8069308,14584920,,16238944,12316336,11695084,15983900,,12,52,12,12,,1377024,3618088,3737092,1511264
3283,1,824,823,0,1,0,72461832,46292512,56129280,88,10245192,,16146776,20414460,19657684,16242912,,14897900,8788920,7996652,14609040,,16183728,12311928,11625372,16008252,,12,52,12,12,,1377328,3618484,3737880,1511500
3288,1,825,824,1,0,0,72504432,46285884,56127220,88,10248016,,16109528,20428296,19710668,16255940,,14946476,8767700,7949620,14622088,,16232692,12293604,11579360,16021564,,12,52,12,12,,1377628,3619640,3738996,1511752
3295,1,826,825,0,0,0,72576244,46152304,55997844,88,10250448,,16136132,20458592,19734108,16247412,,14901920,8730876,7900616,14618892,,16188504,12257808,11532960,16018572,,12,52,12,12,,1377968,3620648,3739880,1511952
3299,1,827,826,1,0,0,72640732,46117352,55966928,88,10252816,,16173980,20480284,19690160,16296308,,14879852,8703304,7978328,14555868,,16166664,12231064,11611532,15957668,,12,52,12,12,,1378200,3621456,3740764,1512396
3304,1,828,827,1,0,0,72637824,46109888,55963260,88,10254864,,16138608,20471576,19692328,16335312,,14907624,8723256,7955112,14523896,,16196544,12251612,11589208,15925896,,12,52,12,12,,1378688,3622032,3741592,1512552
3310,1,829,828,0,1,0,72741804,45982200,55839736,88,10257252,,16194316,20477336,19743540,16326612,,14845504,8707588,7905448,14523660,,16134828,12238624,11540380,15925904,,12,52,12,12,,1379092,3623028,3742420,1512712
3315,1,830,829,1,0,0,72810176,45892944,55754504,88,10259352,,16224892,20488980,19785588,16310716,,14810264,8692360,7853752,14536568,,16099840,12224008,11489504,15941152,,12,52,12,12,,1379376,3623612,3743192,1513172
3321,1,831,830,1,0,0,72878548,45814736,55680044,88,10261280,,16188400,20543288,19817564,16329296,,14851348,8622876,7810136,14530376,,16141060,12155160,11448628,15935196,,12,52,12,12,,1379532,3624168,3744208,1513372
3326,1,832,831,1,0,0,72958420,45767328,55635316,88,10263508,,16218516,20561928,19820816,16357160,,14819144,8639760,7820172,14488252,,16109600,12173216,11459236,15893264,,12,52,12,12,,1379920,3625332,3744704,1513552
3332,0,833,832,1,0,0,73054400,45645508,55519724,88,10266272,,16212932,20655360,19779200,16406908,,14820160,8517360,7859804,14448184,,16112592,12053768,11499944,15853420,,12,52,12,12,,1380356,3626368,3745776,1513772
3337,1,834,833,1,0,0,73076396,45616016,55493724,88,10268228,,16244556,20612788,19803892,16415160,,14792204,8567668,7822856,14433288,,16084912,12104288,11463712,15840812,,12,52,12,12,,1380628,3626892,3746492,1514216
3342,1,835,834,1,0,0,73107888,45597860,55478956,88,10270264,,16263396,20615924,19819456,16409112,,14775752,8570684,7809800,14441624,,16070144,12108132,11451304,15849376,,12,52,12,12,,1381076,3627720,3747080,1514388
3347,1,836,835,1,0,0,73156448,45515236,55399308,88,10272532,,16285392,20618920,19832212,16419924,,14742920,8541216,7802624,14428476,,16038472,12079632,11444804,15836400,,12,52,12,12,,1381500,3628680,3747772,1514580
3353,1,837,836,1,0,0,73316648,45362352,55253092,88,10275512,,16345036,20676972,19854816,16439824,,14686752,8492200,7785136,14398264,,15984540,12033848,11428288,15806416,,12,52,12,12,,1381988,3629956,3748772,1514796
3358,1,838,837,1,0,0,73413976,45260236,55154608,88,10277596,,16430524,20687348,19829596,16466508,,14586664,8482620,7804256,14386696,,15886360,12025184,11448020,15795044,,12,52,12,12,,1382440,3630832,3749372,1514952
3363,1,839,838,1,0,0,73411912,45253244,55151800,88,10279608,,16425064,20687280,19827656,16471912,,14588080,8491392,7797552,14376220,,15888504,12034516,11444056,15784724,,12,52,12,12,,1382784,3631376,3750352,1515096
3368,1,840,839,1,0,0,73524212,45118876,55021528,88,10281904,,16468036,20684048,19846668,16525460,,14563020,8480128,7772928,14302800,,15863720,12024088,11420212,15713508,,12,52,12,12,,1383052,3632160,3751072,1515620
3374,1,841,840,1,0,0,73635452,45037628,54944704,88,10284284,,16512784,20703188,19905944,16513536,,14519200,8465156,7728840,14324432,,15820148,12009556,11379540,15735460,,12,52,12,12,,1383312,3632620,3752544,1515808
3379,1,842,841,0,1,0,73643704,44987128,54898044,88,10286244,,16464648,20763948,19926664,16488444,,14550100,8399008,7694900,14343120,,15851460,11945996,11346268,15754320,,12,52,12,12,,1383620,3633472,3753168,1515984
3384,1,843,842,1,0,0,73716688,44877444,54792652,88,10288552,,16463692,20764788,19988768,16499440,,14551104,8377808,7606104,14342428,,15852664,11925972,11260176,15753840,,12,52,12,12,,1383864,3634508,3754040,1516140
3389,1,844,843,1,0,0,73745084,44886028,54805408,88,10290828,,16464528,20772948,19954724,16552884,,14563300,8389420,7656544,14276764,,15865132,11938480,11311244,15690552,,12,52,12,12,,1384144,3635396,3754644,1516644
3395,1,845,844,1,0,0,73748572,44860112,54783968,88,10293448,,16462456,20779048,19953044,16554024,,14550824,8380636,7660708,14267944,,15852984,11932484,11316504,15681996,,12,52,12,12,,1384460,3636296,3755776,1516916
3401,1,846,845,1,0,0,73861780,44746544,54674132,88,10295768,,16534204,20710744,19992036,16624796,,14476940,8450756,7634164,14184684,,15781276,12003352,11290524,15598980,,12,52,12,12,,1385324,3637000,3756324,1517120
3406,2,847,846,1,0,0,73872816,44696888,54628584,88,10297768,,16506696,20730724,20042268,16593128,,14482372,8418324,7564208,14231984,,15789072,11971652,11221320,15646540,,12,52,12,12,,1385556,3637772,3757084,1517356
3412,1,848,847,1,0,0,73967672,44642852,54579388,88,10300664,,16544452,20782672,20035040,16605508,,14451484,8377816,7586820,14226732,,15760816,11932196,11244880,15641496,,12,52,12,12,,1386208,3638820,3758064,1517572
3418,0,849,848,1,0,0,73997236,44592716,54533216,88,10302756,,16583744,20770428,20023672,16619392,,14421464,8397692,7573212,14200348,,15731116,11952888,11231820,15617392,,12,52,12,12,,1386444,3639672,3758652,1517988
3422,1,850,849,1,0,0,74185588,44417596,54362356,88,10304988,,16654244,20843820,20058356,16629168,,14345528,8311488,7554352,14206228,,15655440,11867504,11215984,15623428,,12,52,12,12,,1386700,3640484,3759644,1518160
3427,1,851,850,1,0,0,74176280,44409640,54357984,88,10306848,,16630140,20838504,20041636,16666000,,14361612,8307428,7567932,14172668,,15671752,11865968,11230136,15590128,,12,52,12,12,,1386892,3641216,3760312,1518428
3433,1,852,851,1,0,0,74288948,44313120,54265724,88,10309280,,16702224,20814564,20098676,16673484,,14308280,8337308,7512348,14155184,,15618736,11896684,11175376,15574928,,12,52,12,12,,1387212,3642036,3761156,1518876
3438,1,853,852,1,0,0,74321620,44240176,54197044,88,10311604,,16671124,20855076,20124832,16670588,,14321036,8299556,7463644,14155940,,15633984,11859716,11127476,15575868,,12,52,12,12,,1387808,3642796,3761932,1519068
3444,1,854,853,0,1,0,74412096,44145108,54106432,88,10314232,,16672472,20872576,20183968,16683080,,14327964,8263132,7418488,14135524,,15641092,11824348,11085368,15555624,,12,52,12,12,,1388028,3643836,3763124,1519244
3449,1,855,854,0,1,0,74487564,44083776,54049328,88,10316540,,16738596,20880120,20129052,16739796,,14264032,8263944,7468952,14086848,,15577544,11825960,11136488,15509336,,12,52,12,12,,1388412,3644644,3763776,1519708
3454,1,856,855,1,0,0,74537044,44009156,53978376,88,10318676,,16703248,20942384,20128568,16762844,,14298088,8190264,7475168,14045636,,15611792,11754440,11143768,15468376,,12,52,12,12,,1388584,3645356,3764840,1519896
3459,1,857,856,0,1,0,74575932,43970192,53943544,88,10320512,,16716532,20930232,20140680,16788488,,14273716,8206024,7453808,14036644,,15587752,11773528,11122696,15459568,,12,52,12,12,,1388836,3646468,3765132,1520076
3463,1,858,857,0,1,0,74588440,43936252,53913748,88,10322612,,16734248,20925076,20173132,16755984,,14257380,8201288,7426180,14051404,,15573924,11769272,11096028,15474524,,12,52,12,12,,1389360,3646936,3766084,1520232
3469,0,859,858,0,1,0,74571028,43921404,53902916,88,10324468,,16711248,20929852,20177420,16752508,,14283020,8180244,7403512,14054628,,15599944,11751324,11073680,15477968,,12,52,12,12,,1389568,3648060,3766376,1520464
3474,1,860,859,1,0,0,74688544,43832244,53818212,88,10327300,,16743284,20962804,20210660,16771796,,14259332,8167628,7365604,14039680,,15576556,11739764,11036772,15465120,,12,52,12,12,,1389928,3649100,3767368,1520904
3479,1,861,860,1,0,0,74816668,43728668,53718940,88,10329760,,16813076,20994028,20194760,16814804,,14200284,8143652,7385380,13999352,,15517720,11716556,11059688,15424976,,12,52,12,12,,1390152,3649932,3768592,1521084
3484,1,862,861,1,0,0,74902884,43632080,53626356,88,10332052,,16784960,21054232,20197092,16866600,,14199612,8072224,7403328,13956916,,15519376,11645852,11078408,15382720,,12,52,12,12,,1390728,3650588,3769468,1521268
3490,1,863,862,1,0,0,74948680,43554864,53553260,88,10334348,,16826596,21096100,20210724,16815260,,14175528,8017260,7394860,13967216,,15495668,11593532,11070760,15393300,,12,52,12,12,,1391052,3651560,3770264,1521472
3495,1,864,863,1,0,0,75026760,43448380,53450820,88,10336428,,16818928,21102432,20272848,16832552,,14180424,7998684,7305212,13964060,,15500832,11575636,10981852,15392500,,12,52,12,12,,1391320,3652168,3771020,1521920
3501,1,865,864,0,1,0,75188308,43327752,53334604,88,10338956,,16848592,21154012,20284748,16900956,,14143352,7974872,7299704,13909824,,15463932,11552660,10977344,15340668,,12,52,12,12,,1391524,3653052,3771988,1522392
3506,1,866,865,1,0,0,75251988,43234760,53245628,88,10340956,,16875164,21155988,20273376,16947460,,14100532,7974752,7297432,13862044,,15421488,11553332,10977664,15293144,,12,52,12,12,,1391860,3653836,3772652,1522608
3512,1,867,866,1,0,0,75337496,43139832,53155160,88,10343708,,16866540,21218756,20284140,16968060,,14123632,7894000,7292276,13829924,,15444892,11473484,10975512,15261272,,12,52,12,12,,1392156,3654728,3773984,1522840
3517,2,868,867,0,1,0,75407956,43110632,53129596,88,10345724,,16884424,21168848,20347124,17007560,,14113244,7953348,7239800,13804240,,15434768,11533388,10923672,15237768,,12,52,12,12,,1392540,3655280,3774652,1523252
3523,1,869,868,1,0,0,75462412,43026836,53050336,88,10348508,,16892208,21161552,20393384,17015268,,14087212,7952192,7192320,13795112,,15411024,11533136,10877280,15228896,,12,52,12,12,,1393132,3656196,3775704,1523476
3529,1,870,869,1,0,0,75477968,42970304,52998252,88,10350988,,16883920,21162028,20392340,17039680,,14082928,7956132,7157840,13773404,,15407132,11538092,10845628,15207400,,12,52,12,12,,1393440,3657168,3776708,1523672
3535,1,871,870,1,0,0,75544484,42897320,52929264,88,10353276,,16928284,21223184,20337944,17055072,,14046756,7901852,7204868,13743844,,15371232,11486772,10893208,15178052,,12,52,12,12,,1393688,3658464,3777224,1523900
3540,1,872,871,1,0,0,75665160,42796444,52832956,88,10355864,,16922888,21277832,20375260,17089180,,14062200,7838052,7184240,13711952,,15386916,11424044,10875660,15146336,,12,52,12,12,,1393940,3659352,3778504,1524068
3545,1,873,872,1,0,0,75738280,42742388,52783060,88,10357844,,16923864,21309576,20379240,17125600,,14060192,7804924,7193388,13683884,,15385196,11393680,10885668,15118516,,12,52,12,12,,1394204,3660076,3779268,1524296
3550,1,874,873,1,0,0,75741804,42703104,52748120,88,10360192,,16964068,21255544,20416516,17105676,,14015800,7849716,7136164,13701424,,15341116,11439400,10829260,15138344,,12,52,12,12,,1394524,3660936,3780048,1524684
3555,1,875,874,1,0,0,75720536,42723012,52776100,88,10366672,,16944668,21216560,20476852,17082456,,14029988,7899564,7082992,13710468,,15361720,11489840,10776924,15147616,,12,52,12,12,,1399348,3661532,3780896,1524896
3561,1,876,875,1,0,0,75821092,42647048,52704416,88,10369188,,16969512,21296432,20485168,17069980,,14014020,7830888,7085536,13716604,,15347872,11422160,10780468,15153916,,12,52,12,12,,1399728,3662512,3781840,1525108
3566,1,877,876,1,0,0,75970412,42465992,52527728,88,10371012,,17029504,21312980,20500060,17127868,,13961364,7782856,7065052,13656720,,15296192,11374944,10760272,15096320,,12,52,12,12,,1400072,3663332,3782132,1525476
3571,1,878,877,0,1,0,76080508,42356636,52413340,88,10364328,,17063412,21346844,20495516,17174736,,13915204,7765312,7057604,13618516,,15250276,11358140,10746744,15058180,,12,52,12,12,,1400328,3664076,3774292,1525632
3576,1,879,878,1,0,0,76034300,42417556,52478228,88,10366336,,17064280,21330428,20475820,17163772,,13922336,7779532,7105860,13609828,,15257772,11374996,10795828,15049632,,12,52,12,12,,1400620,3664884,3775028,1525804
3581,1,880,879,1,0,0,76064928,42319372,52384248,88,10368488,,17057568,21338696,20512360,17156304,,13900048,7764332,7047856,13607136,,15235884,11360636,10740492,15047236,,12,52,12,12,,1400972,3665576,3775928,1526012
3587,1,881,880,0,1,0,76160316,42244464,52313900,88,10371308,,17051372,21363436,20578184,17167324,,13925580,7735288,6976824,13606772,,15261708,11334764,10670316,15047112,,12,52,12,12,,1401244,3667024,3776768,1526272
3593,1,882,881,1,0,0,76267756,42135652,52209336,88,10373704,,17065592,21445984,20581200,17174980,,13909320,7643596,6970884,13611852,,15245680,11243896,10667416,15052344,,12,52,12,12,,1401576,3667784,3777932,1526412
3599,1,883,882,0,1,0,76291692,42072572,52151196,88,10376724,,17084160,21429380,20575088,17203064,,13870760,7645232,6966112,13590468,,15209948,11246668,10663392,15031188,,12,52,12,12,,1402464,3668992,3778632,1526636
3604,1,884,883,1,0,0,76361868,42012336,52094668,88,10378608,,17119716,21398244,20602664,17241244,,13833924,7688984,6951940,13537488,,15175296,11291024,10649968,14978380,,12,52,12,12,,1402928,3669504,3779360,1526816
3609,1,885,884,1,0,0,76439176,41962100,52048832,88,10381116,,17160760,21424744,20634712,17218960,,13804916,7654352,6914148,13588684,,15146560,11259344,10613156,15029772,,12,52,12,12,,1403196,3670564,3780348,1527008
3615,1,886,885,1,0,0,76511480,41873764,51964768,88,10383768,,17166632,21433152,20706988,17204708,,13786696,7658124,6853572,13575372,,15128720,11263608,10553700,15018740,,12,52,12,12,,1403572,3671216,3781468,1527512
3621,1,887,886,1,0,0,76602184,41755408,51850520,88,10386140,,17182304,21473744,20715560,17230576,,13782064,7606224,6822364,13544756,,15124352,11212624,10523160,14990384,,12,52,12,12,,1403824,3672180,3782176,1527960
3627,1,888,887,1,0,0,76774704,41585884,51684516,88,10388280,,17233892,21540516,20698264,17302032,,13719864,7546468,6825940,13493612,,15063864,11153792,10527428,14939432,,12,52,12,12,,1404280,3673072,3782800,1528128
3633,1,889,888,1,0,0,76874524,41509280,51612892,88,10391012,,17254264,21555288,20709864,17355108,,13694524,7535428,6842296,13437032,,15041184,11143708,10544920,14883080,,12,52,12,12,,1404732,3674032,3783920,1528328
3638,1,890,889,0,1,0,76916936,41446380,51554480,88,10393184,,17319768,21503572,20698940,17394656,,13642684,7582452,6833728,13387516,,14989920,11191548,10537052,14835960,,12,52,12,12,,1405016,3674744,3784636,1528788
3643,1,891,890,0,1,0,77035516,41292468,51404136,88,10395044,,17384716,21527232,20737528,17386040,,13569864,7552804,6804624,13365176,,14917412,11162496,10508504,14815724,,12,52,12,12,,1405304,3675344,3785168,1529228
3648,2,892,891,1,0,0,77096448,41221996,51337932,88,10397468,,17309064,21535660,20828864,17422860,,13654188,7530764,6696752,13340292,,15001996,11141312,10403548,14791076,,12,52,12,12,,1405568,3676276,3786192,1529432
3654,0,893,892,0,1,0,77117012,41210952,51331132,88,10399820,,17329960,21549944,20830580,17406528,,13635084,7511560,6714472,13349836,,14983180,11124876,10422192,14800884,,12,52,12,12,,1405860,3677200,3787100,1529660
3659,1,894,893,0,1,0,77227468,41116484,51241992,88,10403004,,17386820,21602632,20781800,17456216,,13577488,7459172,6760060,13319764,,14925892,11076208,10468808,14771084,,12,52,12,12,,1406152,3678788,3788160,1529904
3665,1,895,894,0,1,0,77219040,41106172,51233580,88,10404972,,17349476,21584008,20768852,17516704,,13601544,7464156,6779548,13260924,,14950328,11081732,10489100,14712420,,12,52,12,12,,1406616,3679328,3788952,1530076
3670,2,896,895,1,0,0,77245712,41061196,51194660,88,10407708,,17366736,21630524,20787068,17461384,,13586500,7417412,6754656,13302628,,14937400,11037772,10465116,14754372,,12,52,12,12,,1407084,3680412,3789868,1530344
3677,1,897,896,0,1,0,77347808,40968716,51106204,88,10409844,,17373084,21647424,20853296,17474004,,13569704,7426360,6687276,13285376,,14920840,11047356,10398544,14739464,,12,52,12,12,,1407328,3681044,3790660,1530812
3682,1,898,897,1,0,0,77440896,40860240,51001760,88,10412796,,17408844,21714848,20842608,17474596,,13536636,7340660,6688660,13294284,,14889712,10962640,10400856,14748552,,12,52,12,12,,1408136,3682044,3791620,1530996
3687,2,899,898,0,1,0,77606176,40688380,50834832,88,10414984,,17479304,21785068,20839040,17502764,,13456900,7265908,6701296,13264276,,14810844,10891052,10414232,14718704,,12,52,12,12,,1408272,3683192,3792324,1531196
3693,1,900,899,0,1,0,77700412,40605060,50755756,88,10417412,,17496260,21833312,20815516,17555324,,13437228,7236864,6716768,13214200,,14791404,10862844,10430488,14671020,,12,52,12,12,,1408504,3684164,3793092,1531652
3698,1,901,900,1,0,0,77666748,40659808,50814724,88,10419664,,17498820,21777680,20817104,17573144,,13452944,7284240,6733732,13188892,,14809532,10911120,10448164,14645908,,12,52,12,12,,1408952,3685060,3793800,1531852
3703,1,902,901,1,0,0,77740188,40541540,50702092,88,10423336,,17506560,21837636,20820916,17575076,,13410788,7219128,6723440,13188184,,14767784,10846404,10438368,14649536,,12,52,12,12,,1409260,3685448,3794284,1534344
3708,1,903,902,1,0,0,77850296,40426056,50590972,88,10425892,,17523740,21875736,20849960,17600860,,13418164,7163628,6697900,13146364,,14775532,10793932,10413580,14607928,,12,52,12,12,,1409552,3686716,3795084,1534540
3714,1,904,903,0,1,0,78092824,40177904,50346756,88,10429048,,17564380,22009144,20877624,17641676,,13367808,7036244,6662516,13111336,,14726644,10667784,10379208,14573120,,12,52,12,12,,1410296,3687876,3796096,1534780
3720,1,905,904,0,1,0,78160064,40094460,50268072,88,10431764,,17609884,22062352,20813952,17673876,,13329504,6992156,6694344,13078456,,14689660,10625848,10412064,14540500,,12,52,12,12,,1410456,3689152,3797124,1535032
3725,1,906,905,1,0,0,78158236,40077940,50256160,88,10433580,,17595024,22080680,20793452,17689080,,13323512,6953580,6745256,13055592,,14683936,10590684,10463680,14517860,,12,52,12,12,,1410716,3689776,3797860,1535228
3730,1,907,906,0,1,0,78235412,40016456,50198632,88,10435924,,17634912,22043852,20805152,17751496,,13281624,6993720,6742696,12998416,,14644256,10631564,10461972,14460840,,12,52,12,12,,1411312,3690512,3798720,1535380
3735,1,908,907,1,0,0,78248484,40009540,50195896,88,10438224,,17673192,22041804,20848476,17685012,,13252016,7013952,6673164,13070408,,14617036,10652464,10393348,14533048,,12,52,12,12,,1411824,3691188,3799580,1535632
3741,1,909,908,1,0,0,78385888,39859880,50050752,88,10440388,,17687328,22134964,20886732,17676864,,13247164,6903392,6635580,13073744,,14613056,10544624,10356540,14536532,,12,52,12,12,,1412256,3691968,3800352,1535812
3746,1,910,909,1,0,0,78405232,39793988,49987316,88,10442856,,17738784,22161044,20803412,17701992,,13180020,6856812,6699268,13057888,,14546368,10499312,10420728,14520908,,12,52,12,12,,1412736,3693204,3800872,1536044
3752,1,911,910,1,0,0,78532356,39714396,49914528,88,10445988,,17743440,22235052,20801072,17752792,,13185728,6799584,6731404,12997680,,14554324,10445220,10454016,14460968,,12,52,12,12,,1413208,3694492,3801984,1536304
3758,2,912,911,1,0,0,78611212,39613600,49818144,88,10448500,,17825160,22219276,20808364,17758412,,13097384,6800080,6712656,13003480,,14468344,10446656,10436144,14467000,,12,52,12,12,,1413780,3695340,3802872,1536508
3765,1,913,912,0,1,0,78661132,39537792,49746432,88,10451008,,17857568,22275620,20841824,17686120,,13041416,6747384,6681912,13067080,,14412472,10396680,10406384,14530896,,12,52,12,12,,1414088,3696316,3803856,1536748
3771,1,914,913,1,0,0,78719732,39459304,49672220,88,10453480,,17864320,22347852,20829312,17678248,,13055916,6647356,6683204,13072828,,14427448,10299452,10408540,14536780,,12,52,12,12,,1414484,3697364,3804720,1536912
3777,1,915,914,1,0,0,78813568,39336492,49553860,88,10456108,,17895540,22416012,20804472,17697544,,12998828,6572020,6708960,13056684,,14370664,10227484,10434812,14520900,,12,52,12,12,,1414784,3698896,3805256,1537172
3782,1,916,915,0,1,0,78974728,39205060,49424980,88,10458564,,17889028,22551560,20812372,17721768,,13015008,6439840,6707832,13042380,,14387168,10096196,10434816,14506800,,12,52,12,12,,1415096,3699764,3806332,1537372
3787,1,917,915,0,2,0,78990016,39221524,49443120,88,10460176,,17898508,22530652,20801896,17758960,,13018412,6486088,6714280,13002744,,14390860,10142924,10441984,14467352,,12,52,12,12,,1415384,3700188,3807036,1537568
3792,1,918,915,0,3,0,79031600,39194356,49417860,88,10462136,,17932268,22582024,20833256,17684052,,12988964,6437304,6702804,13065284,,14361640,10094948,10431260,14530012,,12,52,12,12,,1415656,3700988,3807784,1537708
3797,1,919,915,0,4,0,79072176,39141032,49366440,88,10463916,,17885784,22606616,20888316,17691460,,13022716,6410572,6640980,13066764,,14395696,10068736,10370244,14531764,,12,52,12,12,,1415912,3701448,3808580,1537976
3803,1,920,915,0,5,0,79037088,39112052,49340244,88,10466604,,17885720,22643292,20818752,17689324,,13011096,6347732,6692980,13060244,,14384560,10007036,10423216,14525432,,12,52,12,12,,1416384,3702520,3809536,1538164
3809,1,921,915,0,6,0,79109160,39057492,49288060,88,10469120,,17932664,22665128,20811816,17699552,,12963920,6339972,6710792,13042808,,14337624,10000524,10441716,14508196,,12,52,12,12,,1416704,3703788,3810260,1538368
3814,1,922,915,0,7,0,79009560,39145604,49377920,88,10470728,,17870396,22635356,20819196,17684612,,13020732,6373772,6695508,13055592,,14394780,10034856,10427160,14521124,,12,52,12,12,,1417016,3704276,3810928,1538508
3819,1,923,915,0,8,0,79099424,39069176,49303696,88,10472860,,17915180,22628936,20814892,17740416,,12997732,6370836,6689196,13011412,,14372116,10032800,10421600,14477180,,12,52,12,12,,1417336,3705112,3811684,1538728
3825,1,924,915,0,9,0,79046240,39136252,49372748,88,10474820,,17886032,22631332,20847908,17680968,,13016452,6381832,6678208,13059760,,14391136,10044276,10411596,14525740,,12,52,12,12,,1417648,3705596,3812636,1538940
3830,1,925,915,0,10,0,79103748,39091380,49330120,88,10477108,,17873112,22657920,20892076,17680640,,13023224,6340320,6634752,13093084,,14398260,10003684,10368920,14559256,,12,52,12,12,,1417972,3706552,3813464,1539120
3836,1,926,915,0,11,0,79104804,39063176,49304372,88,10479556,,17899984,22713784,20797832,17693204,,13023012,6261880,6695224,13083060,,14398428,9926504,10429948,14549492,,12,52,12,12,,1418332,3707808,3814024,1539392
3842,1,927,915,0,12,0,79187344,39009308,49252992,88,10482068,,17950876,22704984,20814772,17716712,,12970344,6300908,6699760,13038296,,14346020,9966428,10435616,14504928,,12,52,12,12,,1418596,3708748,3815140,1539584
3848,1,928,915,0,13,0,79093168,39045080,49290688,88,10483944,,17912220,22657164,20819620,17704164,,12993716,6312620,6691588,13047156,,14369832,9978732,10428160,14513964,,12,52,12,12,,1419020,3709296,3815872,1539756
3853,1,929,915,0,14,0,79176872,39013324,49260968,88,10485956,,17950280,22641896,20842892,17741804,,12973956,6359592,6673232,13006544,,14350300,10026500,10410568,14473600,,12,52,12,12,,1419240,3710092,3816624,1540000
3858,1,930,915,0,15,0,79077812,39092064,49341684,88,10487900,,17876600,22635592,20882284,17683336,,13032912,6368072,6634240,13056840,,14409492,10035752,10372320,14524120,,12,52,12,12,,1419480,3710852,3817352,1540216
3863,1,931,915,0,16,0,79130736,39048588,49300436,88,10490156,,17899192,22670264,20869996,17691284,,13011460,6327964,6644004,13065160,,14388436,9996384,10383036,14532580,,12,52,12,12,,1419876,3711564,3818316,1540400
3869,1,932,915,0,17,0,79146632,39052928,49307016,88,10492388,,17952120,22666412,20821592,17706508,,12967684,6342096,6699232,13043916,,14344916,10011684,10438924,14511492,,12,52,12,12,,1420120,3712740,3818968,1540560
3874,1,933,915,0,18,0,79101264,39054636,49310776,88,10494488,,17887560,22701292,20817236,17695176,,13012980,6308068,6690848,13042740,,14390540,9978164,10431584,14510488,,12,52,12,12,,1420440,3713252,3820040,1540756
3880,0,934,915,0,19,0,79107336,39042336,49300380,88,10496336,,17926452,22661344,20824756,17694784,,12978144,6332608,6682348,13049236,,14356012,10003488,10423676,14517204,,12,52,12,12,,1420732,3714036,3820604,1540964
3885,1,935,915,0,20,0,79074428,39092776,49352636,88,10498208,,17892304,22654888,20848480,17678756,,12994580,6360060,6660324,13077812,,14372716,10031460,10402464,14545996,,12,52,12,12,,1421032,3714564,3821428,1541184
3890,2,936,915,0,21,0,79127744,39023332,49285448,88,10500436,,17885444,22683252,20879656,17679392,,13019268,6318812,6616184,13069068,,14397796,9991092,10359088,14537472,,12,52,12,12,,1421384,3715448,3822188,1541416
3896,1,937,915,0,22,0,79103372,39064688,49329272,88,10502860,,17916772,22655604,20829976,17701020,,12991444,6335440,6678220,13059584,,14370340,10008968,10421688,14528276,,12,52,12,12,,1421744,3716688,3822740,1541688
3902,2,938,915,0,23,0,79168660,39016408,49283564,88,10505472,,17875600,22707636,20847024,17738400,,13029448,6294248,6659136,13033576,,14408696,9968732,10403720,14502416,,12,52,12,12,,1422124,3717644,3823856,1541848
3908,1,939,915,0,24,0,79179368,38980788,49250124,88,10507688,,17919628,22661520,20850496,17747724,,12990520,6308288,6666280,13015700,,14370096,9983668,10411612,14484748,,12,52,12,12,,1422468,3718532,3824636,1542052
3914,1,940,915,0,25,0,79037248,39120284,49391844,88,10509932,,17875740,22638680,20836904,17685924,,13017240,6359672,6672660,13070712,,14397080,10035664,10419152,14539948,,12,52,12,12,,1422740,3719160,3825796,1542236
3919,1,941,915,0,26,0,79055560,39114064,49387380,88,10511700,,17880012,22661556,20837216,17676776,,13026916,6337532,6671696,13077920,,14407000,10014100,10418868,14547412,,12,52,12,12,,1422972,3719732,3826500,1542496
3925,1,942,915,0,27,0,78990288,39153792,49429480,88,10514056,,17908428,22661900,20736564,17683396,,12997568,6314296,6772068,13069860,,14378088,9991888,10519952,14539552,,12,52,12,12,,1423388,3720788,3827192,1542688
3930,1,943,915,0,28,0,79048348,39096260,49376428,88,10518504,,17959612,22694116,20680496,17714124,,12942184,6303016,6822180,13028880,,14325044,9981512,10571096,14498776,,12,52,12,12,,1425736,3721652,3828224,1542892
3935,1,944,915,0,29,0,79053984,39098976,49381116,88,10520504,,17900248,22701100,20693284,17759352,,13022928,6280184,6801164,12994700,,14406156,9959388,10550840,14464732,,12,52,12,12,,1426084,3722368,3829000,1543052
3941,2,945,915,0,30,0,78992200,39131788,49415964,88,10522488,,17900404,22654852,20696752,17740192,,13006248,6322468,6806888,12996184,,14389812,10002520,10557188,14466444,,12,52,12,12,,1426424,3723204,3829592,1543268
3947,1,946,915,0,31,0,78954296,39156292,49442340,88,10524364,,17905784,22646184,20710336,17691992,,12995484,6336148,6775800,13048860,,14379348,10016856,10526824,14519312,,12,52,12,12,,1426728,3723864,3830316,1543456
3952,1,947,915,0,32,0,78966688,39144032,49432376,88,10526660,,17886736,22678216,20718748,17682988,,12998604,6303116,6783284,13059028,,14382748,9984744,10535240,14529644,,12,52,12,12,,1427008,3724788,3831244,1543620
3957,1,948,915,0,33,0,79024612,39107896,49397908,88,10528384,,17925636,22719640,20684292,17695044,,12971972,6267264,6812044,13056616,,14356400,9949720,10564372,14527416,,12,52,12,12,,1427296,3725648,3831640,1543800
3962,1,949,915,0,34,0,78994624,39134100,49426676,88,10530944,,17921548,22699208,20680760,17693108,,12979428,6285712,6811436,13057524,,14364160,9969056,10564872,14528588,,12,52,12,12,,1427624,3726528,3832712,1544080
3968,1,950,915,0,35,0,78942788,39183804,49478440,88,10532968,,17909588,22648920,20678120,17706160,,12994836,6330204,6818684,13040080,,14379952,10014428,10572720,14511340,,12,52,12,12,,1428000,3727396,3833312,1544260
3974,1,951,915,0,36,0,78943528,39165532,49462308,88,10535120,,17889104,22655160,20711820,17687444,,13004168,6313900,6774692,13072772,,14389572,9998512,10530040,14544184,,12,52,12,12,,1428296,3727784,3834632,1544408
3979,1,952,915,0,37,0,79004276,39116956,49415200,88,10536632,,17884296,22676452,20761940,17681588,,13022744,6309376,6724200,13060636,,14408396,9994644,10479876,14532284,,12,52,12,12,,1428556,3728460,3834964,1544652
3984,1,953,915,0,38,0,79033640,39083488,49384104,88,10538948,,17905764,22689408,20749056,17689412,,12998120,6284172,6761916,13039280,,14384072,9970388,10518524,14511120,,12,52,12,12,,1428836,3729396,3835884,1544832
3989,1,954,915,0,39,0,79107440,39000980,49303616,88,10541028,,17900436,22742848,20718640,17745516,,12985828,6234096,6770608,13010448,,14372112,9921212,10527796,14482496,,12,52,12,12,,1429184,3730320,3836472,1545052
3994,2,955,915,0,40,0,79020480,39094884,49399828,88,10543328,,17899796,22711444,20708304,17700936,,12982416,6278212,6793144,13041112,,14368996,9965896,10551540,14513396,,12,52,12,12,,1429484,3730868,3837688,1545288
4000,1,956,915,0,41,0,79046240,39093248,49399924,88,10545032,,17936912,22662484,20700668,17746176,,12963580,6313744,6807428,13008496,,14350452,10002140,10566404,14480928,,12,52,12,12,,1429736,3731600,3838264,1545432
4005,1,957,915,0,42,0,78982784,39128604,49437044,88,10546848,,17901444,22659740,20738816,17682784,,12993316,6327764,6756132,13051392,,14380456,10016732,10515816,14524040,,12,52,12,12,,1430020,3732172,3839008,1545648
4010,1,958,915,0,43,0,79029380,39044516,49354740,88,10548588,,17893044,22661124,20783644,17691568,,13007784,6316796,6685752,13034184,,14395148,10006496,10446048,14507048,,12,52,12,12,,1430240,3732884,3839592,1545872
4015,1,959,915,0,44,0,78980756,39132596,49445216,88,10550984,,17909036,22659224,20728476,17684020,,13004504,6320416,6759300,13048376,,14392196,10011288,10520284,14521448,,12,52,12,12,,1430564,3734080,3840268,1546072
4021,1,960,915,0,45,0,79067324,39051548,49366480,88,10553316,,17949644,22698088,20702396,17717196,,12958952,6271624,6782616,13038356,,14346980,9963256,10544624,14511620,,12,52,12,12,,1430896,3734812,3841340,1546268
4026,1,961,915,0,46,0,79079564,39026204,49342932,88,10555100,,17904052,22727976,20701260,17746276,,12993992,6241376,6785788,13005048,,14382288,9933576,10548516,14478552,,12,52,12,12,,1431168,3735404,3842020,1546508
4031,1,962,915,0,47,0,78972796,39139960,49458632,88,10557000,,17928520,22663956,20696684,17683636,,12971732,6306184,6796056,13065988,,14360256,9999112,10559608,14539656,,12,52,12,12,,1431396,3736112,3842820,1546672
4036,1,963,915,0,48,0,79019788,39076236,49396656,88,10558768,,17904512,22671088,20755784,17688404,,12990820,6301108,6726636,13057672,,14379628,9994552,10490964,14531512,,12,52,12,12,,1431704,3736636,3843596,1546832
4041,2,964,915,0,49,0,79020472,39076144,49400900,88,10563096,,17896072,22673504,20760140,17690756,,13006484,6306552,6709808,13053300,,14395700,10000888,10474864,14529448,,12,52,12,12,,1432080,3737524,3844340,1549152
4046,1,965,915,0,50,0,79082988,39016056,49342536,88,10564860,,17917184,22701288,20764924,17699592,,12978320,6275484,6719136,13043116,,14367720,9970608,10484740,14519468,,12,52,12,12,,1432268,3738336,3844904,1549352
4052,1,966,915,0,51,0,79097908,39002964,49331936,88,10567340,,17965564,22710020,20705512,17716812,,12920336,6268828,6790844,13022956,,14310120,9964860,10557480,14499476,,12,52,12,12,,1432672,3739260,3845888,1549520
4057,1,967,915,0,52,0,79057112,39060516,49391164,88,10568940,,17925112,22655016,20723720,17753264,,12985016,6326428,6757664,12991408,,14375116,10022976,10524956,14468116,,12,52,12,12,,1432960,3739728,3846548,1549704
4062,1,968,915,0,53,0,79108532,38981276,49313640,88,10570680,,17964052,22665980,20792640,17685860,,12942224,6307672,6686948,13044432,,14332512,10005016,10454752,14521360,,12,52,12,12,,1433152,3740524,3847056,1549948
4067,2,969,915,0,54,0,79089336,38995808,49330332,88,10572824,,17888884,22659352,20855572,17685528,,13013024,6320804,6625184,13036796,,14403624,10018932,10393780,14513996,,12,52,12,12,,1433476,3741288,3847852,1550208
4073,1,970,915,0,55,0,79082476,38976116,49313156,88,10575340,,17896932,22689628,20824168,17671748,,13005288,6265548,6649440,13055840,,14396220,9964668,10419056,14533212,,12,52,12,12,,1433804,3742276,3848884,1550376
4079,1,971,915,0,56,0,79112000,38976288,49315652,88,10577628,,17934376,22691684,20771600,17714340,,12949152,6280036,6710960,13036140,,14340360,9980356,10481260,14513676,,12,52,12,12,,1434072,3743484,3849540,1550532
4084,1,972,915,0,57,0,79081956,38990668,49332204,88,10579788,,17892420,22718712,20774980,17695844,,12993504,6254012,6696352,13046800,,14385012,9954836,10467828,14524528,,12,52,12,12,,1434380,3743972,3850704,1550732
4090,1,973,915,0,58,0,79065672,38988748,49332100,88,10581616,,17914080,22668892,20777400,17705300,,12979380,6290196,6694108,13025064,,14371124,9991832,10466128,14503016,,12,52,12,12,,1434616,3744796,3851244,1550960
4096,1,974,915,0,59,0,79097536,38969812,49315596,88,10584024,,17887016,22656332,20851936,17702252,,13008676,6310720,6621928,13028488,,14400780,10013036,10395084,14506696,,12,52,12,12,,1434960,3745472,3852384,1551208
4102,1,975,915,0,60,0,79092632,38986140,49334600,88,10586704,,17893476,22670556,20843328,17685272,,12995472,6307612,6633988,13049068,,14388012,10010880,10408224,14527484,,12,52,12,12,,1435412,3746436,3853436,1551420
4108,2,976,915,0,61,0,79200440,38884420,49235252,88,10589084,,17901036,22694632,20889096,17715676,,13001116,6265776,6587352,13030176,,14393932,9970300,10362248,14508772,,12,52,12,12,,1435688,3747676,3854116,1551604
4114,2,977,915,0,62,0,79200596,38843160,49196304,88,10591400,,17882500,22657412,20902636,17758048,,13009936,6270008,6575276,12987940,,14403188,9975092,10351348,14466676,,12,52,12,12,,1436120,3748248,3855280,1551752
4119,2,978,915,0,63,0,79241648,38853892,49209024,88,10593336,,17915176,22690264,20887216,17748992,,12981204,6277512,6595900,12999276,,14374748,9983436,10372548,14478292,,12,52,12,12,,1436420,3749048,3855868,1552000
4125,2,979,915,0,64,0,79236300,38798896,49156040,88,10595348,,17900168,22708940,20922080,17705112,,12988872,6245432,6538688,13025904,,14382744,9952004,10316180,14505112,,12,52,12,12,,1436756,3749692,3856704,1552196
4131,1,980,915,0,65,0,79235600,38832256,49191420,88,10597352,,17884812,22730228,20928088,17692472,,13007368,6240856,6555428,13028604,,14401544,9948248,10333628,14508000,,12,52,12,12,,1437040,3750504,3857428,1552380
4136,1,981,915,0,66,0,79320752,38724680,49086016,88,10599512,,17907964,22754460,20964264,17694064,,12977848,6204364,6512276,13030192,,14372312,9912940,10290988,14509776,,12,52,12,12,,1437332,3751696,3857912,1552572
4141,1,982,915,0,67,0,79364196,38707624,49071588,88,10602124,,17916036,22776912,20936896,17734352,,12986420,6184060,6519636,13017508,,14381236,9893516,10299444,14497392,,12,52,12,12,,1437680,3752564,3859016,1552864
4146,1,983,915,0,68,0,79215504,38858884,49224424,88,10603668,,17905364,22712236,20875888,17722016,,12994412,6253072,6594368,13017032,,14389452,9962952,10374900,14497120,,12,52,12,12,,1437904,3752984,3859704,1553076
4152,0,984,915,0,69,0,79215580,38844132,49211808,88,10605860,,17927864,22712024,20889756,17685936,,12971288,6241424,6573040,13058380,,14366560,9952140,10354460,14538648,,12,52,12,12,,1438180,3753836,3860580,1553264
4157,1,985,915,0,70,0,79191600,38881876,49251660,88,10607932,,17881600,22716412,20896788,17696800,,13010444,6254964,6575404,13041064,,14406120,9966428,10357572,14521540,,12,52,12,12,,1438552,3754584,3861332,1553464
4163,2,986,915,0,71,0,79297968,38734516,49107092,88,10610720,,17896356,22767952,20945688,17687972,,12986500,6182364,6511428,13054224,,14382572,9894980,10294568,14534972,,12,52,12,12,,1438948,3755720,3862308,1553744
4169,1,987,915,0,72,0,79312916,38730960,49105620,88,10612788,,17932224,22755016,20910144,17715532,,12957644,6206580,6534188,13032548,,14354084,9920040,10317948,14513548,,12,52,12,12,,1439300,3756572,3862928,1553988
4174,1,988,915,0,73,0,79364320,38679284,49055920,88,10614764,,17887324,22769084,20956340,17751572,,13002416,6185980,6499748,12991140,,14399136,9899956,10284572,14472256,,12,52,12,12,,1439596,3757080,3863984,1554104
4179,1,989,915,0,74,0,79346556,38709000,49087264,88,10616384,,17934160,22710000,20946048,17756348,,12962084,6251556,6509168,12986192,,14359004,9966316,10294496,14467448,,12,52,12,12,,1439784,3757864,3864472,1554264
4184,1,990,915,0,75,0,79279868,38758572,49138796,88,10618328,,17893516,22713712,20973016,17699624,,12978152,6253684,6490456,13036280,,14375300,9969016,10276700,14517780,,12,52,12,12,,1440020,3758436,3865388,1554484
4190,1,991,915,0,76,0,79325632,38704720,49087084,88,10620500,,17883744,22726284,21019972,17695632,,12988712,6221656,6454020,13040332,,14386172,9937868,10240964,14522080,,12,52,12,12,,1440320,3759324,3866124,1554732
4195,1,992,915,0,77,0,79355832,38683904,49068228,88,10622476,,17896372,22775584,20989468,17694408,,12994568,6181796,6460560,13046980,,14392244,9899120,10248040,14528824,,12,52,12,12,,1440540,3760436,3866656,1554844
4200,1,993,915,0,78,0,79351052,38698236,49085140,88,10625068,,17913192,22765608,20951964,17720288,,12970332,6191152,6505564,13031188,,14368364,9909432,10294128,14513216,,12,52,12,12,,1440904,3761420,3867732,1555012
4206,1,994,915,0,79,0,79282004,38755196,49143748,88,10626676,,17906688,22710496,20955100,17709720,,12979140,6248328,6503652,13024076,,14377476,9967108,10292916,14506248,,12,52,12,12,,1441204,3761900,3868416,1555156
4211,1,995,915,0,80,0,79389760,38665476,49056140,88,10628772,,17951160,22715316,20969184,17754100,,12939996,6237060,6496032,12992388,,14338616,9956552,10286196,14474776,,12,52,12,12,,1441488,3762604,3869308,1555372
4217,1,996,915,0,81,0,79283768,38766080,49158588,88,10630604,,17884580,22719000,20989768,17690420,,13012040,6227824,6470324,13055892,,14411004,9947900,10261220,14538464,,12,52,12,12,,1441832,3763176,3870040,1555556
4222,1,997,915,0,82,0,79145616,38882740,49277708,88,10633060,,17886236,22614412,20957060,17687908,,13003176,6328724,6503284,13047556,,14402476,10049752,10295116,14530364,,12,52,12,12,,1442168,3764136,3870964,1555792
4227,1,998,915,0,83,0,79230460,38800144,49196752,88,10634748,,17924468,22651544,20944356,17710092,,12953316,6296476,6509980,13040372,,14352908,10018304,10302180,14523360,,12,52,12,12,,1442456,3764972,3871336,1555984
4233,1,999,915,0,84,0,79225224,38796280,49195472,88,10637316,,17892348,22657116,20930480,17745280,,12999824,6291296,6521460,12983700,,14399784,10014100,10314764,14466824,,12,52,12,12,,1442824,3765948,3872444,1556100
4238,1,1000,915,0,85,0,79174864,38834028,49235268,88,10639340,,17922480,22583884,20942380,17726120,,12968984,6353156,6497392,13014496,,14369272,10076892,10291336,14497768,,12,52,12,12,,1443156,3766828,3873096,1556260
4243,1,1001,915,0,86,0,79219952,38796716,49199364,88,10640736,,17963668,22579784,20959900,17716600,,12931392,6349800,6511232,13004292,,14331852,10074028,10305704,14487780,,12,52,12,12,,1443324,3767316,3873600,1556496
4248,2,1002,915,0,87,0,79207516,38817784,49222860,88,10643144,,17894344,22623804,21004820,17684548,,13001832,6316800,6458848,13040304,,14402644,10041972,10254192,14524052,,12,52,12,12,,1443680,3768260,3874488,1556716
4254,1,1003,915,0,88,0,79273872,38769208,49176768,88,10645560,,17908060,22705280,20967160,17693372,,12993256,6240368,6475956,13059628,,14394300,9966680,10272212,14543576,,12,52,12,12,,1443900,3769356,3875388,1556916
4260,1,1004,915,0,89,0,79296884,38742344,49152156,88,10647828,,17899604,22709888,20980312,17707080,,12996084,6231996,6471984,13042280,,14397496,9959132,10269104,14526424,,12,52,12,12,,1444288,3770168,3876256,1557116
4264,2,1005,915,0,90,0,79370640,38662272,49078276,88,10654020,,17893484,22783784,20983392,17709980,,12991280,6172372,6465232,13033388,,14393060,9904248,10263220,14517748,,12,52,12,12,,1444648,3774932,3877112,1557328
4270,1,1006,915,0,91,0,79310800,38690888,49113088,88,10660204,,17922640,22697220,20985252,17705688,,12956556,6227792,6466360,13040180,,14358604,9960420,10269272,14524792,,12,52,12,12,,1444924,3775672,3882044,1557564
4276,1,1007,915,0,92,0,79235184,38781684,49205796,88,10662108,,17890080,22644336,21008300,17692468,,12995316,6307244,6432784,13046340,,14397740,10040460,10236460,14531136,,12,52,12,12,,1445308,3776252,3882808,1557740
4281,2,1008,915,0,93,0,79264496,38743416,49170132,88,10664688,,17889080,22668108,21009448,17697860,,12987548,6267500,6442992,13045376,,14390336,10001728,10247644,14530424,,12,52,12,12,,1445656,3777268,3883784,1557980
4287,6,1009,915,0,94,0,79297268,38698052,49128636,88,10668572,,17896824,22700076,20968340,17732028,,12975452,6233732,6478064,13010804,,14378812,9969584,10284064,14496176,,12,52,12,12,,1446232,3778904,3885120,1558316
4297,1,1010,915,0,95,0,79274448,38688168,49120228,88,10670052,,17911284,22663720,20954204,17745240,,12965832,6261080,6469296,12991960,,14369400,9997408,10275932,14477488,,12,52,12,12,,1446436,3779376,3885772,1558468
4302,1,1011,915,0,96,0,79307124,38647608,49081388,88,10671780,,17937008,22646700,20962128,17761288,,12946336,6267148,6474184,12959940,,14350180,10004312,10281292,14445604,,12,52,12,12,,1446712,3780232,3886236,1558600
4307,1,1012,915,0,97,0,79217636,38730164,49165860,88,10673672,,17891352,22660600,20973596,17692088,,12973828,6257060,6462772,13036504,,14377944,9994964,10270600,14522352,,12,52,12,12,,1446972,3780960,3886956,1558784
4312,1,1013,915,0,98,0,79227928,38721808,49159768,88,10675968,,17892004,22669044,20978788,17688092,,12974844,6256888,6446836,13043240,,14379228,9995776,10255508,14529256,,12,52,12,12,,1447260,3781936,3887820,1558952
4317,1,1014,915,0,99,0,79299152,38708104,49148128,88,10678040,,17929948,22704112,20955476,17709616,,12964160,6216472,6487884,13039588,,14368868,9956212,10297216,14525832,,12,52,12,12,,1447568,3782812,3888480,1559180
4323,1,1015,915,0,100,0,79325188,38661520,49103804,88,10680240,,17897248,22712632,20955764,17759544,,12987056,6219704,6465612,12989148,,14392036,9960380,10275772,14475616,,12,52,12,12,,1447848,3783724,3889268,1559400
4328,1,1016,915,0,101,0,79350436,38623640,49067988,88,10682300,,17924092,22709956,20957332,17759056,,12952156,6206428,6488704,12976352,,14357396,9948048,10299572,14462972,,12,52,12,12,,1448100,3784660,3889984,1559556
4334,1,1017,915,0,102,0,79258172,38647912,49094560,88,10684612,,17905612,22679992,20982896,17689672,,12968148,6222160,6445424,13012180,,14373728,9964308,10257488,14499036,,12,52,12,12,,1448448,3785192,3891176,1559796
4340,1,1018,915,0,103,0,79264804,38700268,49149032,88,10686708,,17890148,22685668,20990536,17698452,,12978716,6231712,6447944,13041896,,14384636,9974576,10260880,14528940,,12,52,12,12,,1448792,3785908,3892036,1559972
4346,1,1019,915,0,104,0,79335196,38626412,49077460,88,10689004,,17910320,22740104,20979720,17705052,,12968872,6167332,6455104,13035104,,14375108,9911444,10268520,14522388,,12,52,12,12,,1449088,3787180,3892516,1560220
4351,1,1020,915,0,105,0,79326804,38621428,49074932,88,10691460,,17929944,22709572,20969492,17717796,,12932096,6200296,6468680,13020356,,14338660,9945348,10283152,14507772,,12,52,12,12,,1449456,3788092,3893560,1560352
4356,1,1021,915,0,106,0,79318768,38648744,49103908,88,10693080,,17903260,22756136,20946804,17712568,,12970612,6167112,6490348,13020672,,14377496,9912604,10305532,14508276,,12,52,12,12,,1449748,3788516,3894276,1560540
4361,1,1022,915,0,107,0,79399512,38581224,49038336,88,10695072,,17949260,22737604,20951692,17760956,,12940844,6178028,6487920,12974432,,14348024,9924344,10303688,14462280,,12,52,12,12,,1450048,3789364,3894868,1560792
4367,1,1023,915,0,108,0,79332908,38634148,49093556,88,10697364,,17886972,22750296,20997296,17698344,,12993032,6182328,6441492,13017296,,14400564,9929652,10257956,14505384,,12,52,12,12,,1450420,3790360,3895560,1561024
4373,1,1024,915,0,109,0,79360716,38606656,49068240,88,10699532,,17887800,22763544,21000104,17709268,,12987476,6140092,6449020,13030068,,14395380,9888140,10266396,14518324,,12,52,12,12,,1450764,3791060,3896512,1561196
4379,1,1025,915,0,110,0,79371404,38575172,49039288,88,10702056,,17919552,22770468,20941576,17739808,,12954124,6141768,6476220,13003060,,14362320,9891116,10294336,14491516,,12,52,12,12,,1451072,3792356,3897232,1561396
4385,1,1026,915,0,111,0,79416608,38541184,49007596,88,10704364,,17900128,22796792,20958076,17761612,,12963272,6114752,6478772,12984388,,14371796,9864656,10298048,14473096,,12,52,12,12,,1451384,3792916,3898404,1561660
4390,1,1027,915,0,112,0,79379772,38555348,49023472,88,10706072,,17938408,22738244,20971124,17731996,,12938436,6167840,6457200,12991872,,14347212,9918488,10276988,14480784,,12,52,12,12,,1451648,3793644,3898932,1561848
4395,1,1028,915,0,113,0,79336064,38574052,49044456,88,10708324,,17884604,22740876,21003200,17707384,,12962768,6177228,6407856,13026200,,14371824,9928556,10228744,14515332,,12,52,12,12,,1451928,3794328,3899996,1562072
4401,1,1029,915,0,114,0,79388220,38535096,49007728,88,10710552,,17884036,22759312,21048524,17696348,,12975148,6151300,6382268,13026380,,14384596,9903488,10203984,14515660,,12,52,12,12,,1452328,3795188,3900812,1562224
4406,2,1030,915,0,115,0,79365220,38559448,49034052,88,10712524,,17896504,22755400,20992892,17720424,,12963036,6153496,6430940,13011976,,14372788,9906580,10253176,14501508,,12,52,12,12,,1452620,3796088,3901344,1562472
4412,1,1031,915,0,116,0,79437224,38478772,48955860,88,10714980,,17900628,22797732,21002540,17736324,,12955192,6131748,6401152,12990680,,14365316,9885660,10224412,14480472,,12,52,12,12,,1452992,3796896,3902364,1562728
4418,1,1032,915,0,117,0,79463756,38485208,48964040,88,10716744,,17919776,22739632,21026016,17778332,,12953196,6172660,6412196,12947156,,14363676,9927044,10236204,14437116,,12,52,12,12,,1453348,3797388,3903096,1562912
4424,1,1033,915,0,118,0,79390240,38521080,49002264,88,10719120,,17894948,22742292,21045024,17707976,,12952428,6154832,6382916,13030904,,14363176,9910156,10207860,14521072,,12,52,12,12,,1453612,3798348,3904056,1563104
4429,1,1034,915,0,119,0,79353000,38578600,49061596,88,10720864,,17883708,22742420,21026100,17700772,,12986164,6163560,6405772,13023104,,14397176,9919836,10231132,14513452,,12,52,12,12,,1453872,3799260,3904456,1563276
4434,1,1035,915,0,120,0,79394608,38558784,49044260,88,10723364,,17899516,22756636,21038036,17700420,,12978276,6135600,6394216,13050692,,14389640,9892860,10220524,14541236,,12,52,12,12,,1454228,3800252,3905400,1563484
4439,1,1036,915,0,121,0,79495300,38444260,48931912,88,10725548,,17952044,22758528,21053776,17730952,,12927308,6147936,6367700,13001316,,14338964,9906156,10194648,14492144,,12,52,12,12,,1454524,3801196,3906064,1563764
4445,1,1037,915,0,122,0,79504684,38445220,48935052,88,10727772,,17901320,22797716,21066344,17739304,,12972560,6122096,6358116,12992448,,14384496,9880904,10186192,14483460,,12,52,12,12,,1454836,3801816,3907176,1563944
4450,1,1038,915,0,123,0,79441360,38429732,48921692,88,10729840,,17936348,22740688,21060444,17703880,,12931328,6143320,6349740,13005344,,14343632,9902872,10178616,14496572,,12,52,12,12,,1455172,3802520,3907992,1564156
4455,2,1039,915,0,124,0,79433956,38491244,48985280,88,10731912,,17903560,22738396,21088668,17703332,,12967616,6148704,6334400,13040524,,14380224,9908916,10164172,14531968,,12,52,12,12,,1455472,3803188,3908880,1564372
4461,2,1040,915,0,125,0,79516460,38417500,48913968,88,10734360,,17896364,22766556,21154300,17699240,,12976896,6138076,6261708,13040820,,14389888,9899196,10092432,14532452,,12,52,12,12,,1455864,3804108,3909820,1564568
4467,1,1041,915,0,126,0,79559776,38414156,48912664,88,10736428,,17905512,22754120,21178316,17721828,,12977684,6153692,6251328,13031452,,14390916,9915704,10082740,14523304,,12,52,12,12,,1456104,3805008,3910520,1564796
4473,1,1042,915,0,127,0,79516856,38355064,48855768,88,10738584,,17892164,22804872,21123916,17695904,,12962660,6083476,6281684,13027244,,14376192,9846392,10113892,14519292,,12,52,12,12,,1456412,3805896,3911296,1564980
4478,1,1043,915,0,128,0,79517084,38409172,48911836,88,10740568,,17909716,22761036,21106692,17739640,,12962576,6141288,6302248,13003060,,14376412,9905004,10135136,14495284,,12,52,12,12,,1456708,3806708,3911996,1565156
4483,2,1044,915,0,129,0,79482468,38383564,48887808,88,10742136,,17888320,22745076,21141688,17707384,,12977964,6134284,6258728,13012588,,14392164,9898448,10092172,14505024,,12,52,12,12,,1457064,3807164,3912536,1565372
4489,1,1045,915,0,130,0,79540648,38366288,48873316,88,10744920,,17899064,22757956,21185800,17697828,,12979152,6135892,6220320,13030924,,14393680,9901020,10055008,14523608,,12,52,12,12,,1457392,3808108,3913804,1565616
4495,1,1046,915,0,131,0,79538580,38364352,48873532,88,10747036,,17904752,22814432,21111856,17707540,,12961204,6078192,6300148,13024808,,14375992,9844412,10135416,14517712,,12,52,12,12,,1457668,3809196,3914332,1565840
4500,1,1047,914,0,133,1,79595788,38216676,48820284,88,10841600,,17953596,22794184,21109428,17738580,,12921656,6073280,6232516,12989224,,14336836,9867892,10133148,14482408,,12,52,12,12,,1458060,3837564,3979856,1566120
4507,1,1048,914,0,134,1,79473440,38038972,48944408,88,11142472,,17908420,22734060,21111968,17718992,,12958900,6002380,6067728,13009964,,14374440,9945368,10121312,14503288,,12,52,12,12,,1458408,3985644,4132152,1566268
4512,2,1049,914,0,135,1,79553088,37747856,48858880,88,11347532,,17949188,22746848,21160068,17696984,,12919064,5874616,5937092,13017084,,14335004,9921248,10092020,14510608,,12,52,12,12,,1458804,4089004,4233264,1566460
4518,1,1050,914,0,136,1,79547252,37653836,48858708,88,11441472,,17898712,22755296,21200480,17692764,,12953960,5803408,5866180,13030288,,14370256,9909624,10054776,14524052,,12,52,12,12,,1459164,4148444,4267164,1566700
4524,1,1051,914,0,137,1,79580088,37894956,48853144,88,11194268,,17933980,22734928,21206608,17704572,,12922344,5967356,5978912,13026344,,14362332,9931916,10034456,14524440,,12,52,12,12,,1482800,4006736,4133684,1571048
4531,1,1052,914,0,138,0,79369216,38061088,49045956,88,11222036,,17925032,22486048,21233220,17724916,,12917624,6172872,5964236,13006356,,14357916,10161204,10022008,14504828,,12,52,12,12,,1483112,4031600,4135908,1571416
4537,1,1053,915,0,138,0,79067656,39853852,49406472,88,9788260,,17935360,22451392,20963440,17717464,,12946192,6942544,6955708,13009408,,14386808,10216600,10295016,14508048,,12,52,12,12,,1483444,3315772,3417468,1571576
4542,1,1054,915,0,139,0,79007244,39870404,49424788,88,9790140,,17918048,22388040,20979204,17721952,,12943348,6995300,6929096,13002660,,14384276,10270100,10268904,14501508,,12,52,12,12,,1483740,3316636,3417972,1571792
4547,1,1055,915,0,140,0,79086428,39813804,49370552,88,9792508,,17918276,22410928,21041976,17715248,,12949828,6985492,6865124,13013360,,14391092,10261268,10205712,14512480,,12,52,12,12,,1484076,3317612,3418756,1572064
4553,1,1056,915,0,141,0,79195800,39679772,49238940,88,9794852,,17919636,22539480,21039744,17696940,,12942276,6851264,6864132,13022100,,14384016,10127788,10205684,14521452,,12,52,12,12,,1484536,3318312,3419708,1572296
4559,1,1057,915,0,142,0,79229244,39660200,49221816,88,9797324,,17938852,22609004,20963684,17717704,,12928628,6783432,6944148,13003992,,14370692,10061188,10286416,14503520,,12,52,12,12,,1484864,3319552,3420440,1572468
4564,1,1058,915,0,143,0,79172256,39682600,49246328,88,9799432,,17922512,22516228,20976008,17757508,,12932424,6861868,6921188,12967120,,14374760,10140160,10264576,14466832,,12,52,12,12,,1485120,3320084,3421572,1572656
4569,2,1059,915,0,144,0,79155924,39728136,49296088,88,9803648,,17957192,22457936,20974796,17766000,,12906228,6934088,6926248,12961572,,14348904,10213168,10272504,14461512,,12,52,12,12,,1485460,3320872,3424440,1572876
4575,1,1060,915,0,145,0,79064220,39797556,49367688,88,9805824,,17908840,22450416,21007996,17696968,,12935764,6939192,6899252,13023348,,14378696,10218888,10246616,14523488,,12,52,12,12,,1485728,3321488,3425528,1573080
4580,1,1061,915,0,146,0,79130472,39763692,49335660,88,9807636,,17916652,22484608,21032868,17696344,,12949728,6897604,6875312,13041048,,14392936,10177904,10223420,14541400,,12,52,12,12,,1486004,3322084,3426268,1573280
4585,2,1062,915,0,147,0,79131024,39757472,49331760,88,9809824,,17944112,22538136,20942944,17705832,,12921396,6855004,6967880,13013192,,14364972,10136548,10316612,14513628,,12,52,12,12,,1486376,3323332,3426896,1573220
4591,1,1063,915,0,148,0,79176900,39705536,49282420,88,9812436,,17991664,22539948,20899128,17746160,,12869376,6858700,6997788,12979672,,14313300,10141180,10347616,14480324,,12,52,12,12,,1486708,3324320,3427972,1573436
4597,1,1064,915,0,149,0,79137892,39606760,49288060,88,9916848,,17943960,22551084,20871656,17771192,,12916996,6813468,6923124,12953172,,14361228,10110704,10362140,14453988,,12,52,12,12,,1487024,3339052,3517172,1573600
4602,1,1065,915,0,150,0,79133400,39577096,49334284,88,9992716,,17988152,22492324,20914168,17738756,,12873592,6799616,6900528,13003360,,14318156,10171652,10340116,14504360,,12,52,12,12,,1487324,3413844,3517744,1573804
4607,1,1066,915,0,151,0,79044680,39596492,49355572,88,9994624,,17925252,22489480,20938556,17691392,,12914104,6805928,6861676,13014784,,14358940,10178660,10301996,14515976,,12,52,12,12,,1487608,3414568,3518472,1573976
4612,2,1067,915,0,152,0,79111452,39576940,49338584,88,9997196,,17919364,22524260,20970104,17697724,,12939952,6776388,6842236,13018364,,14385088,10150116,10283588,14519792,,12,52,12,12,,1487892,3415568,3519524,1574212
4618,1,1068,915,0,153,0,79275264,39422268,49186172,88,9999628,,17948608,22560008,21041140,17725508,,12933888,6726456,6767844,12994080,,14379408,10101280,10209828,14495656,,12,52,12,12,,1488284,3416820,3520160,1574364
4624,1,1069,915,0,154,0,78839128,39805884,49571768,88,10001532,,17926004,22254652,20890872,17767600,,12924332,7015648,6903516,12962388,,14370176,10391096,10346352,14464144,,12,52,12,12,,1488576,3417420,3520996,1574540
4629,1,1070,915,0,155,0,78818348,39886952,49654904,88,10003604,,17948440,22252600,20861676,17755632,,12928620,7037760,6951068,12969504,,14374752,10414040,10394652,14471460,,12,52,12,12,,1488860,3418240,3521756,1574748
4635,1,1071,915,0,156,0,78854808,39837000,49607304,88,10005980,,17984196,22265384,20896420,17708808,,12883764,7030476,6910620,13012140,,14330272,10407316,10355388,14514328,,12,52,12,12,,1489248,3418820,3522936,1574976
4640,2,1072,915,0,157,0,78801184,39876632,49648856,88,10007972,,17917932,22283424,20892780,17707048,,12941340,7007372,6913596,13014324,,14388168,10384796,10359156,14516736,,12,52,12,12,,1489572,3419428,3523780,1575192
4645,2,1073,915,0,158,0,78894600,39789440,49563824,88,10010048,,17946468,22309584,20928300,17710248,,12912516,6975004,6888224,13013696,,14359632,10353664,10334308,14516220,,12,52,12,12,,1489852,3420644,3524236,1575316
4651,1,1074,915,0,159,0,78938928,39724356,49501168,88,10012488,,17976680,22352908,20884272,17725068,,12874524,6929264,6914660,13005908,,14321928,10308768,10361836,14508636,,12,52,12,12,,1490132,3421480,3525352,1575524
4656,2,1075,915,0,160,0,78973140,39717384,49499940,88,10018260,,17946160,22396244,20901112,17729624,,12922992,6892300,6906684,12995408,,14370668,10272284,10358676,14498312,,12,52,12,12,,1490416,3421972,3530180,1575692
4661,2,1076,915,0,161,0,78985068,39689304,49477984,88,10024356,,17949508,22338740,20914532,17782288,,12910796,6943468,6898160,12936880,,14358728,10328448,10350808,14440000,,12,52,12,12,,1490700,3426960,3530796,1575900
4668,1,1077,915,0,162,0,78738488,39851468,49642484,88,10026680,,17913292,22167444,20957560,17700192,,12933920,7092612,6833960,12990976,,14382228,10478616,10287348,14494292,,12,52,12,12,,1491060,3427988,3531536,1576096
4673,2,1078,915,0,163,0,78819016,39867632,49661504,88,10029568,,17920280,22259652,20923868,17715216,,12942368,7029792,6872812,13022660,,14391072,10416964,10327284,14526184,,12,52,12,12,,1491440,3429168,3532648,1576312
4680,1,1079,915,0,164,0,78949488,39752096,49548392,88,10031996,,17967960,22294968,20958804,17727756,,12903664,6996480,6847280,13004672,,14352704,10384468,10302824,14508396,,12,52,12,12,,1491780,3430008,3533704,1576504
4685,1,1080,915,0,165,0,78955240,39676336,49474524,88,10033868,,17936308,22343944,20944452,17730536,,12917312,6920872,6845324,12992828,,14366620,10309508,10301636,14496760,,12,52,12,12,,1492044,3430628,3534476,1576720
4691,1,1081,915,0,166,0,78947140,39724500,49524560,88,10035752,,17958616,22262632,20950428,17775464,,12899916,7024708,6841500,12958376,,14349436,10414064,10298604,14462456,,12,52,12,12,,1492264,3431368,3535256,1576864
4696,1,1082,915,0,167,0,78938052,39696416,49498340,88,10037616,,17992004,22269524,20975044,17701480,,12858804,7012200,6811676,13013736,,14308604,10402200,10269532,14518004,,12,52,12,12,,1492560,3431984,3536020,1577052
4701,2,1083,915,0,168,0,78968668,39691736,49496204,88,10040136,,17926152,22348936,20985736,17707844,,12927492,6938444,6810556,13015244,,14377600,10329448,10269416,14519740,,12,52,12,12,,1492844,3432988,3537016,1577288
4708,1,1084,915,0,169,0,79072204,39585120,49391720,88,10042280,,17954976,22428132,20956280,17732816,,12912260,6847492,6839688,12985680,,14362664,10239356,10299312,14490388,,12,52,12,12,,1493148,3433856,3537784,1577492
4713,1,1085,915,0,170,0,79011548,39624132,49432952,88,10044492,,17911244,22407168,20935680,17757456,,12942428,6880156,6833024,12968524,,14393164,10272944,10293424,14473420,,12,52,12,12,,1493476,3434772,3538552,1577692
4719,0,1086,915,0,171,0,78981432,39655496,49466192,88,10046364,,17951796,22352732,20951532,17725372,,12905384,6927860,6846624,12975628,,14356352,10321488,10307688,14480664,,12,52,12,12,,1493708,3435616,3539220,1577820
4723,2,1087,915,0,172,0,78866636,39768296,49580972,88,10048372,,17937800,22350936,20877100,17700800,,12898076,6921872,6915936,13032412,,14349340,10315980,10377972,14537680,,12,52,12,12,,1494000,3436112,3540200,1578060
4729,1,1088,915,0,173,0,78899364,39728564,49543360,88,10050436,,17921256,22366152,20908052,17703904,,12932476,6907740,6875492,13012856,,14384048,10302820,10338148,14518344,,12,52,12,12,,1494304,3437056,3540816,1578260
4735,1,1089,915,0,174,0,78970564,39677344,49494252,88,10052560,,17937140,22406456,20923656,17703312,,12927220,6862568,6868816,13018740,,14379088,10258696,10332092,14524376,,12,52,12,12,,1494596,3438112,3541428,1578424
4740,0,1090,915,0,175,0,79040280,39608888,49428072,88,10054840,,17987848,22428148,20897956,17726328,,12870180,6853812,6895372,12989524,,14322208,10250764,10359700,14495400,,12,52,12,12,,1494764,3438936,3542484,1578656
4745,1,1091,915,0,176,0,79107908,39533512,49354452,88,10056640,,17974816,22464908,20902036,17766148,,12874572,6807364,6891848,12959728,,14326796,10204908,10356932,14465816,,12,52,12,12,,1494964,3439548,3543252,1578876
4750,1,1092,915,0,177,0,78981292,39658236,49480948,88,10058428,,17977664,22382240,20901060,17720328,,12877100,6887148,6885284,13008704,,14329616,10285428,10350892,14515012,,12,52,12,12,,1495272,3440264,3543800,1579092
4756,1,1093,915,0,178,0,78952108,39688420,49513444,88,10060708,,17918768,22392596,20946308,17694436,,12958128,6874280,6842064,13013948,,14410944,10273156,10308896,14520448,,12,52,12,12,,1495568,3440860,3544988,1579292
4762,1,1094,915,0,179,0,78980508,39637188,49464712,88,10063196,,17916312,22425812,20941544,17696840,,12946756,6831492,6834708,13024232,,14399892,10231364,10302540,14530916,,12,52,12,12,,1495864,3441848,3546000,1579484
4768,1,1095,915,0,180,0,78888580,39712748,49542704,88,10065636,,17951984,22367452,20843980,17725164,,12902504,6865528,6936392,13008324,,14355960,10266640,10404888,14515216,,12,52,12,12,,1496192,3443120,3546648,1579676
4774,1,1096,915,0,181,0,78873716,39699212,49531020,88,10067500,,17924168,22409812,20815480,17724256,,12902408,6863736,6954704,12978364,,14356212,10265412,10423928,14485468,,12,52,12,12,,1496552,3443668,3547384,1579896
4779,1,1097,915,0,182,0,78807888,39787284,49621060,88,10069452,,17955740,22317252,20818288,17716608,,12902776,6925256,6960240,12999012,,14356844,10327708,10430184,14506324,,12,52,12,12,,1496808,3444440,3548100,1580104
4784,2,1098,915,0,183,0,78885656,39742604,49578476,88,10071536,,17993212,22316140,20856148,17720156,,12879940,6932880,6921468,13008316,,14334364,10335888,10392380,14515844,,12,52,12,12,,1497160,3444992,3549076,1580308
4790,1,1099,915,0,184,0,78858296,39741156,49579108,88,10073652,,17929844,22320756,20906340,17701356,,12911148,6933048,6874204,13022756,,14365896,10336912,10345796,14530504,,12,52,12,12,,1497472,3445860,3549796,1580524
4796,1,1100,915,0,185,0,78909212,39707424,49547676,88,10075932,,17951620,22331580,20924532,17701480,,12913424,6927856,6849464,13016680,,14368448,10332916,10321712,14524600,,12,52,12,12,,1497756,3447056,3550408,1580712
4801,1,1101,915,0,186,0,78956728,39648140,49490808,88,10078372,,17991196,22344844,20879884,17740804,,12861760,6914784,6891432,12980164,,14317048,10320756,10364708,14488296,,12,52,12,12,,1498052,3447964,3551436,1580920
4806,1,1102,915,0,187,0,78919788,39672328,49516704,88,10080076,,17929408,22339744,20880140,17770496,,12911992,6932820,6870916,12956600,,14367688,10339232,10344936,14464848,,12,52,12,12,,1498436,3448428,3552176,1581036
4811,1,1103,915,0,188,0,78909496,39734980,49581460,88,10082156,,17979528,22254332,20910352,17765284,,12888332,7003132,6876028,12967488,,14344240,10410344,10350952,14475924,,12,52,12,12,,1498652,3449204,3553080,1581220
4816,2,1104,915,0,189,0,78818036,39771568,49620004,88,10084136,,17918360,22253608,20929784,17716284,,12933488,7003000,6855500,12979580,,14389736,10410740,10331204,14488324,,12,52,12,12,,1498988,3449736,3553880,1581532
4822,2,1105,915,0,190,0,78737016,39843984,49694880,88,10086548,,17926040,22269908,20828232,17712836,,12928132,6978224,6934296,13003332,,14384768,10386916,10410972,14512224,,12,52,12,12,,1499368,3450676,3554828,1581676
4828,1,1106,915,0,191,0,78760908,39822780,49676028,88,10088912,,17939892,22279372,20810860,17730784,,12906356,6974104,6951952,12990368,,14363292,10383980,10429280,14499476,,12,52,12,12,,1499672,3451856,3555488,1581896
4833,1,1107,915,0,192,0,78775596,39804220,49659332,88,10090800,,17911588,22327360,20805220,17731428,,12931244,6920264,6969544,12983168,,14388432,10330756,10447660,14492484,,12,52,12,12,,1499940,3452472,3556284,1582104
4839,1,1108,915,0,193,0,78756332,39829432,49686764,88,10093008,,17955520,22266016,20808596,17726200,,12901772,6977400,6971252,12979008,,14359344,10388664,10450240,14488516,,12,52,12,12,,1500304,3453252,3557164,1582288
4844,1,1109,915,0,194,0,78756528,39833744,49692744,88,10094708,,17969456,22260984,20827208,17698880,,12876308,6981348,6949396,13026692,,14334156,10393060,10429164,14536364,,12,52,12,12,,1500584,3453704,3557972,1582448
4849,1,1110,915,0,195,0,78765948,39831016,49692120,88,10096788,,17917764,22287004,20860844,17700336,,12935720,6969292,6900208,13025796,,14393872,10381996,10380600,14535652,,12,52,12,12,,1500876,3454688,3558576,1582648
4854,1,1111,915,0,196,0,78839280,39764260,49627580,88,10098980,,17933316,22324100,20875724,17706140,,12917000,6926256,6901908,13019096,,14375360,10340028,10383008,14529184,,12,52,12,12,,1501088,3455760,3559252,1582880
4860,1,1112,915,0,197,0,78841276,39700392,49565872,88,10101140,,17946984,22330392,20839412,17724488,,12901040,6896944,6920760,12981648,,14359676,10311564,10402704,14491928,,12,52,12,12,,1501372,3456604,3560100,1583064
4865,1,1113,915,0,198,0,78843916,39733728,49601380,88,10103328,,17939696,22364208,20772364,17767648,,12899408,6896480,6990356,12947484,,14358456,10311704,10473244,14457976,,12,52,12,12,,1501788,3457220,3561040,1583280
4871,1,1114,915,0,199,0,78789104,39797208,49668948,88,10107388,,17968828,22322788,20787896,17709592,,12887988,6926376,6979620,13003224,,14347324,10344388,10463316,14513920,,12,52,12,12,,1502068,3459992,3561844,1583484
4876,1,1115,915,0,200,0,78811032,39767704,49641072,88,10109012,,18001780,22288672,20805868,17714712,,12848900,6954660,6958556,13005588,,14308388,10373248,10442976,14516460,,12,52,12,12,,1502220,3460564,3562572,1583656
4881,1,1116,915,0,201,0,78740156,39851668,49726644,88,10110688,,17925296,22308564,20803380,17702916,,12914040,6949976,6966748,13020904,,14373784,10369136,10451724,14532000,,12,52,12,12,,1502476,3461148,3563180,1583884
4886,1,1117,915,0,202,0,78777792,39818572,49695824,88,10112896,,17934680,22356316,20779272,17707524,,12918728,6898432,6987964,13013448,,14378752,10318800,10473536,14524736,,12,52,12,12,,1502752,3462344,3563736,1584064
4891,1,1118,915,0,203,0,78771248,39789400,49669220,88,10115476,,17913804,22325668,20803368,17728408,,12922280,6908636,6966448,12992036,,14382580,10329904,10453236,14503500,,12,52,12,12,,1503024,3463264,3564936,1584252
4897,1,1119,915,0,204,0,78761164,39826684,49708236,88,10117224,,17935164,22296204,20807112,17722684,,12922872,6961628,6950764,12991420,,14383520,10383440,10438224,14503052,,12,52,12,12,,1503388,3463796,3565624,1584416
4903,1,1120,915,0,205,0,78873312,39737884,49621364,88,10119124,,17977360,22306460,20826792,17762700,,12882796,6946616,6941768,12966704,,14343724,10369260,10429772,14478608,,12,52,12,12,,1503652,3464636,3566152,1584684
4908,2,1121,915,0,206,0,78817352,39711336,49596988,88,10121312,,17935464,22310632,20865792,17705464,,12897032,6935252,6888040,12991012,,14358248,10358896,10376768,14503076,,12,52,12,12,,1503932,3465624,3566904,1584852
4914,1,1122,915,0,207,0,78779132,39763820,49651636,88,10123448,,17919336,22315836,20841556,17702404,,12916048,6924580,6931904,12991288,,14377536,10348908,10421644,14503548,,12,52,12,12,,1504216,3466300,3567892,1585040
4919,1,1123,915,0,208,0,78870616,39697408,49589540,88,10127764,,17957444,22332412,20852832,17727928,,12879040,6925076,6915472,12977820,,14340792,10350608,10407904,14490236,,12,52,12,12,,1504484,3467504,3570576,1585200
4925,1,1124,915,0,209,0,78549424,39960444,49855068,88,10130264,,17924144,22061068,20850176,17714036,,12914760,7154144,6900896,12990644,,14376900,10580304,10394544,14503320,,12,52,12,12,,1504876,3468136,3571796,1585456
4930,2,1125,915,0,210,0,78578628,39979376,49876044,88,10132336,,17960576,22048292,20851676,17718084,,12886384,7179484,6909764,13003744,,14348824,10606492,10404128,14516600,,12,52,12,12,,1505168,3468992,3572532,1585644
4936,1,1126,915,0,211,0,78585840,39974524,49873280,88,10134396,,17926308,22050320,20890312,17718900,,12925344,7182328,6875708,12991144,,14388120,10610012,10370940,14504208,,12,52,12,12,,1505508,3469660,3573384,1585844
4942,1,1127,915,0,212,0,78585200,39967108,49868320,88,10136864,,17912244,22082600,20888732,17701624,,12928624,7151584,6885024,13001876,,14391764,10580264,10381204,14515088,,12,52,12,12,,1505860,3470656,3574352,1585996
4947,1,1128,915,0,213,0,78799832,39742132,49645408,88,10138968,,17943412,22181004,20952800,17722616,,12906088,7046696,6808792,12980556,,14369496,10476224,10305696,14493992,,12,52,12,12,,1506136,3471544,3575060,1586228
4953,2,1129,915,0,214,0,78706708,39803520,49709188,88,10141292,,17905560,22185620,20830440,17785088,,12919220,7044436,6915916,12923948,,14383068,10474904,10413608,14437608,,12,52,12,12,,1506568,3472440,3575844,1586440
4959,1,1130,915,0,215,0,78651684,39894536,49802596,88,10143680,,17950640,22140596,20796568,17763880,,12891160,7110600,6948196,12944580,,14355336,10541928,10446900,14458432,,12,52,12,12,,1506900,3473300,3576852,1586628
4965,2,1131,915,0,216,0,78465560,40069136,49979364,88,10145880,,17924692,22032652,20798916,17709300,,12907948,7210128,6955312,12995748,,14372420,10642344,10454832,14509768,,12,52,12,12,,1507192,3474224,3577664,1586800
4971,1,1132,915,0,217,0,78508188,40050052,49961976,88,10147568,,17916504,22059004,20830940,17701740,,12936348,7186944,6910512,13016248,,14401084,10619744,10410712,14530436,,12,52,12,12,,1507444,3474776,3578368,1586980
4976,1,1133,915,0,218,0,78549072,40013180,49927160,88,10149612,,17936600,22104420,20805016,17703036,,12910700,7141572,6941292,13019616,,14375656,10575580,10441952,14533972,,12,52,12,12,,1507664,3475992,3578812,1587144
4981,2,1134,915,0,219,0,78562204,39956456,49873112,88,10152292,,17932396,22085664,20783664,17760480,,12887524,7139912,6971364,12957656,,14352800,10574944,10473172,14472196,,12,52,12,12,,1507996,3477020,3579960,1587316
4988,1,1135,915,0,220,0,78530056,39978772,49897612,88,10154460,,17946968,22034764,20832244,17716080,,12902612,7192252,6914852,12969056,,14368240,10628204,10417376,14483792,,12,52,12,12,,1508328,3477928,3580676,1587528
4993,2,1136,915,0,221,0,78584528,39953840,49874896,88,10156672,,17982616,22034872,20870996,17696044,,12870116,7181436,6893220,13009068,,14336112,10617912,10396920,14523952,,12,52,12,12,,1508700,3478456,3581848,1587668
4999,1,1137,915,0,222,0,78572980,39965364,49888352,88,10158652,,17931372,22038748,20899180,17703680,,12925688,7200864,6843000,12995812,,14391884,10638088,10347512,14510868,,12,52,12,12,,1508896,3479216,3582700,1587840
5005,1,1138,915,0,223,0,78642972,39886716,49812288,88,10161188,,17938180,22034800,20961528,17708464,,12916200,7182916,6790896,12996704,,14382792,10621344,10296160,14511992,,12,52,12,12,,1509272,3480420,3583428,1588068
5011,1,1139,915,0,224,0,78678476,39830064,49758124,88,10163656,,17960540,22046372,20923812,17747752,,12891160,7164008,6821252,12953644,,14358068,10603276,10327636,14469144,,12,52,12,12,,1509580,3481252,3584556,1588268
5016,2,1140,915,0,225,0,78602776,39909780,49839680,88,10165532,,17935196,22051332,20858076,17758172,,12911132,7183008,6877000,12938640,,14378380,10622792,10384172,14454336,,12,52,12,12,,1509924,3481800,3585324,1588484
5023,1,1141,915,0,226,0,78625180,39889276,49821256,88,10167548,,17977064,22038156,20894108,17715852,,12879724,7172040,6853088,12984424,,14347388,10612716,10360876,14500276,,12,52,12,12,,1510332,3482652,3585932,1588632
5028,2,1142,915,0,227,0,78558932,39956276,49890928,88,10170192,,17918256,22055880,20877180,17707616,,12920416,7163548,6869276,13003036,,14388424,10605252,10378128,14519124,,12,52,12,12,,1510652,3483680,3586996,1588864
5034,2,1143,915,0,228,0,78644948,39875016,49812068,88,10172652,,17936828,22087408,20907256,17713456,,12900108,7131352,6846940,12996616,,14368432,10574168,10356532,14512936,,12,52,12,12,,1510992,3484808,3587740,1589112
5040,1,1144,915,0,229,0,78649052,39904004,49843332,88,10174888,,17985008,22063500,20863200,17737344,,12861084,7166772,6883896,12992252,,14329704,10610424,10394484,14508720,,12,52,12,12,,1511288,3485628,3588728,1589244
5045,1,1145,915,0,230,0,78653972,39860964,49802276,88,10176856,,17938212,22040360,20900820,17774580,,12895116,7183564,6829192,12953092,,14364064,10627856,10340592,14469764,,12,52,12,12,,1511596,3486268,3589540,1589452
5051,1,1146,915,0,231,0,78689328,39813356,49757240,88,10179440,,17982428,21989932,20927200,17789768,,12872072,7207684,6817516,12916084,,14341412,10653060,10329808,14432960,,12,52,12,12,,1511984,3487352,3590440,1589664
5057,1,1147,915,0,232,0,78337868,40146688,50092496,88,10181344,,17918284,21995696,20707276,17716612,,12923124,7222288,7007556,12993720,,14392748,10668260,10520656,14510832,,12,52,12,12,,1512280,3487940,3591240,1589884
5062,1,1148,915,0,233,0,78357544,40132120,50080288,88,10183744,,17915868,22018052,20710068,17713556,,12922904,7197804,7016688,12994724,,14392860,10644704,10530688,14512036,,12,52,12,12,,1512616,3488896,3592152,1590080
5068,1,1149,915,0,234,0,78398592,40170596,50121284,88,10186232,,17967780,22028620,20674320,17727872,,12881180,7203808,7084740,13000868,,14351460,10652020,10599420,14518384,,12,52,12,12,,1512928,3490192,3592832,1590280
5073,2,1150,915,0,235,0,78439284,40051632,50004552,88,10188440,,17957444,22005508,20741344,17734988,,12871152,7224492,6985544,12970444,,14341792,10673212,10501428,14488120,,12,52,12,12,,1513300,3490688,3594020,1590432
5079,2,1151,915,0,236,0,78422148,40088512,50043536,88,10190548,,17928216,21987440,20743492,17763000,,12904252,7232520,6991932,12959808,,14375276,10682112,10508444,14477704,,12,52,12,12,,1513680,3491568,3594648,1590652
5085,2,1152,915,0,237,0,78425292,40026244,49983168,88,10192460,,17926440,21992284,20786544,17720024,,12892344,7231552,6941632,12960716,,14363604,10681848,10458908,14478808,,12,52,12,12,,1513924,3492268,3595412,1590856
5091,1,1153,915,0,238,0,78525992,39966964,49926452,88,10195024,,17916016,22054720,20847036,17708220,,12925708,7154928,6887288,12999040,,14397236,10606444,10405480,14517292,,12,52,12,12,,1514176,3493492,3596332,1591024
5097,1,1154,915,0,239,0,78671860,39817868,49779056,88,10196736,,17935496,22107656,20927336,17701372,,12910112,7105944,6812396,12989416,,14381988,10558252,10330960,14507856,,12,52,12,12,,1514532,3494284,3596704,1591216
5103,1,1155,915,0,240,0,78682784,39803032,49766868,88,10199392,,17919784,22120000,20916396,17726604,,12923808,7084100,6817880,12977244,,14395976,10537340,10337568,14495984,,12,52,12,12,,1514820,3495240,3597824,1591508
5108,1,1156,915,0,241,0,78611972,39887036,49853080,88,10201604,,17939244,22065068,20866168,17741492,,12897860,7152468,6873976,12962732,,14370388,10606632,10394440,14481620,,12,52,12,12,,1515192,3496136,3598608,1591668
5114,1,1157,915,0,242,0,78587944,39863404,49831824,88,10203980,,17919404,22064012,20887420,17717108,,12894640,7131024,6840716,12997024,,14367528,10585828,10362328,14516140,,12,52,12,12,,1515556,3496776,3599768,1591880
5119,2,1158,915,0,243,0,78715892,39765076,49735292,88,10205748,,17914300,22087088,20991060,17723444,,12918240,7129460,6743296,12974080,,14391404,10584800,10265672,14493416,,12,52,12,12,,1515820,3497308,3600516,1592104
5125,1,1159,915,0,244,0,78797120,39688316,49660764,88,10208016,,17938464,22142168,21014560,17701928,,12908336,7062040,6723180,12994760,,14381804,10518568,10246104,14514288,,12,52,12,12,,1516116,3498536,3601064,1592300
5130,1,1160,915,0,245,0,78700524,39725952,49700704,88,10210276,,17924608,22090400,20942880,17742636,,12891088,7101360,6764736,12968768,,14364888,10558632,10288668,14488516,,12,52,12,12,,1516460,3499244,3602068,1592504
5136,1,1161,915,0,246,0,78818956,39628704,49605424,88,10212272,,17931760,22178788,20983152,17725256,,12896292,7038448,6722212,12971752,,14370416,10496292,10246988,14491728,,12,52,12,12,,1516776,3499844,3602916,1592736
5142,1,1162,915,0,247,0,78699652,39770320,49749240,88,10214484,,17983520,22111740,20897348,17707044,,12852892,7091764,6833340,12992324,,14327392,10550580,10358724,14512544,,12,52,12,12,,1517156,3500820,3603524,1592984
5149,1,1163,915,0,248,0,78703300,39775992,49757328,88,10216896,,17924936,22128900,20956896,17692568,,12907320,7084388,6773700,13010584,,14382184,10544200,10299880,14531064,,12,52,12,12,,1517528,3501792,3604336,1593240
5154,1,1164,915,0,249,0,78772028,39701688,49685592,88,10219456,,17937984,22165448,20961528,17707068,,12895928,7045272,6770064,12990424,,14371120,10506208,10297176,14511088,,12,52,12,12,,1517840,3502912,3605264,1593440
5159,2,1165,915,0,250,0,78763364,39699612,49685968,88,10221892,,17953852,22186688,20895036,17727788,,12879936,7029068,6828888,12961720,,14355436,10490828,10357068,14482636,,12,52,12,12,,1518152,3503736,3606324,1593680
5165,1,1166,915,0,251,0,78735016,39709652,49697756,88,10223632,,17931584,22200092,20891104,17712236,,12893028,7005600,6834648,12976376,,14368820,10467896,10363576,14497464,,12,52,12,12,,1518444,3504268,3607064,1593856
5170,2,1167,915,0,252,0,78737196,39706768,49697056,88,10225808,,17961824,22126820,20882832,17765720,,12867812,7069936,6827852,12941168,,14343944,10532976,10357624,14462512,,12,52,12,12,,1518780,3505008,3607912,1594108
5176,2,1168,915,0,253,0,78700952,39772780,49765136,88,10227888,,17921796,22117304,20959408,17702444,,12924896,7085420,6762532,12999932,,14401336,10549124,10293144,14521532,,12,52,12,12,,1519092,3505676,3608756,1594364
5183,1,1169,915,0,254,0,78754312,39705684,49700564,88,10230432,,17921480,22157988,20966376,17708468,,12917392,7028992,6766784,12992516,,14394212,10493712,10298312,14514328,,12,52,12,12,,1519476,3506692,3609684,1594580
5189,1,1170,915,0,255,0,78825220,39660224,49657456,88,10232776,,17955780,22172144,20971136,17726160,,12889716,7029116,6755992,12985400,,14366760,10495012,10288256,14507428,,12,52,12,12,,1519704,3507872,3610404,1594796
5194,1,1171,915,0,256,0,78749784,39677764,49676740,88,10234580,,17914240,22172332,20901912,17761300,,12911028,7020968,6797332,12948436,,14388388,10487384,10330356,14470612,,12,52,12,12,,1520024,3508448,3611164,1594944
5200,1,1172,915,0,257,0,78694140,39765400,49766576,88,10236748,,17972008,22128716,20906584,17686832,,12864892,7083116,6806416,13010976,,14342576,10550412,10340192,14533396,,12,52,12,12,,1520328,3509268,3611960,1595192
5205,1,1173,915,0,258,0,78652336,39768864,49772236,88,10238916,,17924888,22119440,20911332,17696676,,12889076,7080040,6792820,13006928,,14367064,10547968,10327660,14529544,,12,52,12,12,,1520640,3509912,3612980,1595384
5211,1,1174,915,0,259,0,78705172,39755064,49760788,88,10241316,,17913664,22139436,20953504,17698568,,12907188,7060292,6766052,13021532,,14385516,10529348,10301612,14544312,,12,52,12,12,,1520984,3511076,3613716,1595540
5216,1,1175,915,0,260,0,78823292,39629600,49637156,88,10243084,,17940000,22213020,20971836,17698436,,12885488,6990896,6735800,13017416,,14364040,10460864,10271880,14540372,,12,52,12,12,,1521184,3511940,3614236,1595724
5221,2,1176,915,0,261,0,78837344,39597096,49607112,88,10245540,,17971520,22179688,20943204,17742932,,12852064,7015584,6770388,12959060,,14330872,10486416,10307592,14482232,,12,52,12,12,,1521448,3512808,3615352,1595932
5227,1,1177,915,0,262,0,78709920,39746460,49758376,88,10247464,,17937692,22133992,20922648,17715588,,12891328,7072248,6795524,12987360,,14370516,10543556,10333536,14510768,,12,52,12,12,,1521836,3513288,3616156,1596184
5233,2,1178,915,0,263,0,78745024,39678392,49692884,88,10250048,,17987904,22129488,20919956,17707676,,12847516,7060464,6782120,12988292,,14327048,10532592,10321328,14511916,,12,52,12,12,,1522192,3514104,3617352,1596400
5239,1,1179,915,0,264,0,78698432,39734288,49750348,88,10251584,,17926928,22160540,20912840,17698124,,12883548,7051680,6806512,12992548,,14363356,10524516,10346104,14516372,,12,52,12,12,,1522456,3514808,3617732,1596588
5244,1,1180,915,0,265,0,78746364,39666068,49684500,88,10253968,,17923476,22208024,20908848,17706016,,12899968,6995504,6784608,12985988,,14379980,10469344,10325176,14510000,,12,52,12,12,,1522664,3515808,3618716,1596780
5249,2,1181,915,0,266,0,78850648,39592756,49613364,88,10256180,,17973824,22242340,20905728,17728756,,12852512,6952868,6811304,12976072,,14332924,10427636,10352492,14500312,,12,52,12,12,,1523060,3516768,3619344,1597008
5255,1,1182,915,0,267,0,78767616,39649576,49672532,88,10258540,,17922708,22214396,20910332,17720180,,12900336,6981432,6795356,12972452,,14381032,10456804,10337832,14496864,,12,52,12,12,,1523392,3517356,3620612,1597180
5261,1,1183,915,0,268,0,78838436,39584812,49609504,88,10260208,,17962112,22209764,20897708,17768852,,12866304,6977008,6805136,12936364,,14347296,10453088,10348124,14460996,,12,52,12,12,,1523624,3518056,3621120,1597408
5266,2,1184,915,0,269,0,78805188,39619508,49646516,88,10262520,,17924208,22210752,20957260,17712968,,12909596,6977488,6741828,12990596,,14390976,10454440,10285620,14515480,,12,52,12,12,,1524016,3518940,3621924,1597640
5272,1,1185,915,0,270,0,78899316,39512512,49542060,88,10265096,,17910840,22238412,21035760,17714304,,12902624,6945400,6681736,12982752,,14384376,10423352,10226472,14507860,,12,52,12,12,,1524380,3519968,3622876,1597872
5278,1,1186,915,0,271,0,78950660,39462036,49493556,88,10267056,,17963696,22296784,20964128,17726052,,12866592,6882816,6742492,12970136,,14348628,10361656,10287864,14495408,,12,52,12,12,,1524664,3520840,3623516,1598036
5283,1,1187,915,0,272,0,78921980,39471140,49504744,88,10269136,,17913056,22281604,20967896,17759424,,12905108,6897844,6725704,12942484,,14387420,10377588,10271796,14467940,,12,52,12,12,,1524936,3521728,3624252,1598220
5288,1,1188,915,0,273,0,78848580,39550380,49586088,88,10271232,,17952744,22218580,20959748,17717508,,12885196,6960004,6726100,12979080,,14367812,10440564,10272992,14504720,,12,52,12,12,,1525244,3522524,3625040,1598424
5294,2,1189,915,0,274,0,78828680,39592420,49630428,88,10273572,,17928860,22206632,20998620,17694568,,12901992,6963512,6720284,13006632,,14384900,10444624,10268380,14532524,,12,52,12,12,,1525576,3523080,3626240,1598676
5301,1,1190,915,0,275,0,78916736,39485752,49526412,88,10276164,,17932572,22223096,21065784,17695284,,12903844,6953436,6633416,12995056,,14387140,10435632,10182420,14521220,,12,52,12,12,,1525932,3524160,3627144,1598928
5306,2,1191,915,0,276,0,78846772,39575700,49618260,88,10278072,,17939008,22188188,20999192,17720384,,12894204,7003120,6713104,12965272,,14377860,10486132,10262604,14491664,,12,52,12,12,,1526288,3524980,3627664,1599140
5312,1,1192,915,0,277,0,78961404,39420608,49465628,88,10280524,,17948112,22236568,21036636,17740088,,12868564,6945008,6653096,12953940,,14352508,10428868,10203728,14480524,,12,52,12,12,,1526600,3525828,3628760,1599336
5317,2,1193,915,0,278,0,78888804,39529688,49576392,88,10282224,,17948156,22178784,21029476,17732388,,12887988,7008536,6666064,12967100,,14372264,10492872,10217360,14493896,,12,52,12,12,,1526904,3526320,3629436,1599564
5323,1,1194,915,0,279,0,78943628,39436936,49485404,88,10283952,,18003460,22180208,21053324,17706636,,12832272,6990436,6631992,12982236,,14316812,10475564,10183824,14509204,,12,52,12,12,,1527156,3527104,3629968,1599724
5328,1,1195,915,0,280,0,78874828,39505960,49556820,88,10286356,,17930460,22194256,21037896,17712216,,12885572,6977012,6653144,12990232,,14370472,10463168,10205760,14517420,,12,52,12,12,,1527512,3528124,3630780,1599940
5334,1,1196,915,0,281,0,78913556,39503372,49556928,88,10289024,,17937188,22240488,21019984,17715896,,12896284,6931644,6687620,12987824,,14381520,10418920,10241260,14515228,,12,52,12,12,,1527848,3529240,3631772,1600164
5340,1,1197,915,0,282,0,79045672,39321744,49377764,88,10291504,,17994116,22266700,21042044,17742812,,12832816,6891620,6640960,12956348,,14318332,10379800,10195652,14483980,,12,52,12,12,,1528136,3530144,3632836,1600388
5346,1,1198,915,0,283,0,78843132,39530428,49588404,88,10293440,,17942536,22109472,21053200,17737924,,12890720,7063288,6632560,12943860,,14376548,10552100,10188056,14471700,,12,52,12,12,,1528444,3530772,3633628,1600596
5352,1,1199,915,0,284,0,78731464,39660004,49720240,88,10295704,,17986692,22029288,20973220,17742264,,12851656,7145316,6709660,12953372,,14337748,10635020,10266044,14481428,,12,52,12,12,,1528700,3531676,3634512,1600816
5358,1,1200,915,0,285,0,78657368,39706900,49769180,88,10297724,,17925172,22024796,21017452,17689948,,12879436,7156776,6663588,13007100,,14365844,10647196,10220724,14535416,,12,52,12,12,,1529020,3532392,3635268,1601044
5363,1,1201,915,0,286,0,78720676,39649340,49713864,88,10299992,,17932544,22077024,21021204,17689904,,12880032,7099764,6664256,13005288,,14366800,10590896,10222328,14533840,,12,52,12,12,,1529408,3533108,3636200,1601276
5368,2,1202,915,0,287,0,78741396,39670396,49737216,88,10302276,,17955528,22103820,20962288,17719760,,12867332,7080852,6739840,12982372,,14354340,10573184,10298592,14511100,,12,52,12,12,,1529616,3534304,3636904,1601452
5374,1,1203,915,0,288,0,78789812,39568312,49637284,88,10304468,,17917224,22129904,20971744,17770940,,12873068,7054464,6702436,12938344,,14360448,10547348,10262224,14467264,,12,52,12,12,,1530020,3534880,3637920,1601648
5380,1,1204,915,0,289,0,78827212,39557936,49628920,88,10306420,,17974788,22108264,20969204,17774956,,12854668,7071304,6701124,12930840,,14342404,10565020,10261596,14459900,,12,52,12,12,,1530340,3535680,3638616,1601784
5385,1,1205,915,0,290,0,78697592,39685980,49758772,88,10308240,,17920732,22059512,21008996,17708352,,12905492,7114752,6687612,12978124,,14393484,10609128,10248780,14507380,,12,52,12,12,,1530608,3536344,3639308,1601980
5391,1,1206,915,0,291,0,78715544,39664408,49739488,88,10310516,,17920904,22103792,20988852,17701996,,12905384,7070180,6711752,12977092,,14393680,10565344,10273884,14506580,,12,52,12,12,,1530904,3537128,3640276,1602208
5396,1,1207,915,0,292,0,78769348,39615956,49697360,88,10316888,,17932380,22113976,20997760,17725232,,12900920,7056368,6695608,12963060,,14389504,10552772,10262364,14492720,,12,52,12,12,,1531228,3538368,3644912,1602380
5402,1,1208,914,0,294,1,78790724,39587468,49671276,88,10319260,,17936160,22132396,20981080,17741088,,12893708,7031156,6701080,12961524,,14382592,10528376,10268932,14491376,,12,52,12,12,,1531504,3539196,3645984,1602576
5407,1,1209,914,0,295,1,78860484,39520544,49605968,88,10320888,,17943484,22165272,20986880,17764848,,12884312,7000960,6702928,12932344,,14373464,10498604,10271512,14462388,,12,52,12,12,,1531764,3539632,3646720,1602772
5413,1,1210,914,0,296,1,78836376,39539908,49628004,88,10323564,,17971820,22101284,21001568,17761704,,12847584,7063488,6689968,12938868,,14337104,10562260,10259444,14469196,,12,52,12,12,,1532148,3540756,3647620,1603040
5419,1,1211,914,0,297,1,78783448,39602440,49692624,88,10325608,,17913564,22104396,21051648,17713840,,12906432,7065864,6648304,12981840,,14396280,10565384,10218620,14512340,,12,52,12,12,,1532464,3541488,3648448,1603208
5424,1,1212,914,0,298,1,78817164,39519740,49612120,88,10327828,,17929680,22139124,21051120,17697240,,12896336,7028808,6630212,12964384,,14386364,10529304,10201396,14495056,,12,52,12,12,,1532636,3542460,3649348,1603384
5429,1,1213,914,0,299,1,78941196,39405960,49498708,88,10329524,,17977836,22177160,21056676,17729524,,12859080,6989316,6603984,12953580,,14349312,10488996,10175864,14484536,,12,52,12,12,,1532836,3543012,3650012,1603664
5434,1,1214,914,1,299,0,78673376,39651344,49748492,88,10332092,,17916324,22023496,21021532,17712024,,12885392,7152632,6644664,12968656,,14375840,10655256,10217536,14499860,,12,52,12,12,,1533064,3544116,3651000,1603912
5440,1,1215,915,0,300,0,78658356,39701784,49800760,88,10334048,,17938420,21951004,21009972,17758960,,12882828,7226340,6655636,12936980,,14373524,10729672,10229244,14468320,,12,52,12,12,,1533304,3544928,3651772,1604044
5445,2,1216,915,0,301,0,78639768,39708000,49808876,88,10335956,,17918924,21978312,21029592,17712940,,12897120,7191260,6647744,12971876,,14388124,10695232,10222148,14503372,,12,52,12,12,,1533612,3545596,3652544,1604204
5451,1,1217,915,0,302,0,78688980,39664376,49767212,88,10337984,,17919456,21991260,21066200,17712064,,12903416,7181448,6609168,12970344,,14394684,10686248,10184268,14502012,,12,52,12,12,,1533916,3546392,3653304,1604372
5456,1,1218,915,0,303,0,78754556,39603932,49709100,88,10340268,,17949508,22022548,21063784,17718716,,12867968,7148136,6619324,12968504,,14359576,10654116,10195052,14500356,,12,52,12,12,,1534208,3547612,3653896,1604552
5462,1,1219,915,0,304,0,78630104,39736520,49844400,88,10343008,,17931576,22084880,20902612,17711036,,12897648,7091412,6779720,12967740,,14389620,10598348,10356568,14499864,,12,52,12,12,,1534572,3548616,3654984,1604836
5468,1,1220,915,0,305,0,78619984,39734384,49844392,88,10345140,,17951624,22021884,20902884,17743592,,12868472,7143196,6771880,12950836,,14360760,10651008,10349500,14483124,,12,52,12,12,,1534892,3549496,3655756,1604996
5474,1,1221,915,0,306,0,78680384,39675596,49787784,88,10347320,,18005288,22022356,20933684,17719056,,12820632,7145472,6743192,12966300,,14313256,10653764,10321936,14498828,,12,52,12,12,,1535236,3549980,3656864,1605240
5480,1,1222,915,0,307,0,78650748,39672248,49786448,88,10349316,,17927096,22024056,20977216,17722380,,12889400,7127500,6693596,12961752,,14382284,10636452,10273240,14494472,,12,52,12,12,,1535496,3550624,3657764,1605432
5485,1,1223,915,0,308,0,78690872,39625808,49742188,88,10351516,,17936164,22056256,20981576,17716876,,12872800,7105360,6676852,12970796,,14366020,10615376,10257076,14503716,,12,52,12,12,,1535840,3551700,3658352,1605624
5490,1,1224,915,0,309,0,78765348,39577960,49696532,88,10353660,,17970052,22117912,20937904,17739480,,12842756,7037592,6749968,12947644,,14336184,10548496,10331156,14480696,,12,52,12,12,,1535964,3552580,3659364,1605752
5495,2,1225,915,0,310,0,78640492,39704080,49824540,88,10355456,,17936708,22069556,20905640,17728588,,12880084,7103256,6752140,12968600,,14373832,10614792,10334092,14501824,,12,52,12,12,,1536228,3553216,3660080,1605932
5501,1,1226,915,0,311,0,78746688,39625544,49748096,88,10357532,,17974712,22084380,20915940,17771656,,12853220,7072964,6773088,12926272,,14347216,10585456,10355688,14459736,,12,52,12,12,,1536460,3554176,3660724,1606172
5507,1,1227,915,0,312,0,78658648,39638632,49763060,88,10359436,,17905240,22079560,20946832,17727016,,12882552,7072884,6719404,12963792,,14376808,10586112,10302748,14497392,,12,52,12,12,,1536764,3554904,3661464,1606304
5512,1,1228,915,0,313,0,78725212,39617704,49744456,88,10361704,,17918800,22131496,20953212,17721704,,12895908,7028724,6725992,12967080,,14390496,10542908,10310216,14500836,,12,52,12,12,,1537044,3555856,3662348,1606456
5518,1,1229,915,0,314,0,78795388,39516996,49646324,88,10364324,,17965376,22167244,20923132,17739636,,12846112,6985744,6738028,12947112,,14341068,10501200,10322944,14481112,,12,52,12,12,,1537408,3557152,3663060,1606704
5524,1,1230,915,0,315,0,78723096,39603320,49735100,88,10366756,,17936140,22128976,20918892,17739088,,12879152,7005532,6746524,12972112,,14374524,10521544,10332704,14506328,,12,52,12,12,,1537828,3557708,3664300,1606920
5530,1,1231,915,0,316,0,78786792,39560772,49694892,88,10369128,,17953920,22136140,20929392,17767340,,12860180,7018696,6756948,12924948,,14355848,10535556,10344108,14459380,,12,52,12,12,,1538148,3558552,3665288,1607140
5536,1,1232,915,0,317,0,78756964,39559976,49696260,88,10371248,,17924240,22133560,20983084,17716080,,12889164,7009152,6685812,12975848,,14385276,10526712,10273760,14510512,,12,52,12,12,,1538564,3559252,3666080,1607352
5543,1,1233,915,0,318,0,78835984,39493672,49632496,88,10373772,,17932000,22172264,21013568,17718152,,12884696,6977780,6657840,12973356,,14381204,10496308,10246740,14508244,,12,52,12,12,,1538956,3560224,3667012,1607580
5549,1,1234,915,0,319,0,78956460,39366856,49508160,88,10376252,,17988668,22167048,21063540,17737204,,12827964,6982332,6604080,12952480,,14324800,10502120,10193708,14487532,,12,52,12,12,,1539288,3561476,3667756,1607732
5554,1,1235,915,0,320,0,78871068,39414628,49558000,88,10378340,,17942232,22171496,21035156,17722184,,12866240,6959652,6626328,12962408,,14363436,10479952,10217004,14497608,,12,52,12,12,,1539660,3562000,3668792,1607888
5559,1,1236,915,0,321,0,78887668,39417224,49562364,88,10380120,,17965980,22138252,21032724,17750712,,12841368,7002676,6629576,12943604,,14338804,10523888,10220760,14478912,,12,52,12,12,,1539888,3562920,3669304,1608008
5564,2,1237,915,0,322,0,78864184,39444224,49591252,88,10382000,,17948116,22146552,21059164,17710352,,12846552,6998432,6614944,12984296,,14344320,10520196,10206956,14519780,,12,52,12,12,,1540224,3563460,3670144,1608172
5570,1,1238,915,0,323,0,78871000,39440676,49590024,88,10384348,,17929788,22169896,21064652,17706664,,12864824,6973324,6605932,12996596,,14362972,10495972,10198824,14532256,,12,52,12,12,,1540604,3564344,3671052,1608348
5575,2,1239,915,0,324,0,78983292,39341984,49493512,88,10386492,,17955792,22217012,21101956,17708532,,12855644,6942252,6555864,12988224,,14354032,10466120,10149324,14524036,,12,52,12,12,,1540836,3565580,3671572,1608504
5581,2,1240,915,0,325,0,78930248,39381492,49535856,88,10389392,,17949368,22212892,21023904,17744084,,12875196,6930548,6647960,12927788,,14373944,10455460,10242608,14463844,,12,52,12,12,,1541204,3566672,3672764,1608752
5588,1,1241,915,0,326,0,78866084,39407416,49564120,88,10391752,,17954800,22149816,21034772,17726696,,12848772,6999328,6622368,12936948,,14347940,10525132,10217848,14473200,,12,52,12,12,,1541620,3567552,3673632,1608948
5594,2,1242,915,0,327,0,78931088,39418536,49577708,88,10394212,,18012192,22148656,21049068,17721172,,12807080,7011004,6623100,12977352,,14306524,10537428,10219956,14513800,,12,52,12,12,,1541896,3568192,3674988,1609136
5600,2,1243,915,0,328,0,78967520,39306700,49467980,88,10396308,,17930132,22225980,21081560,17729848,,12863748,6913124,6563856,12965972,,14363600,10440156,10161524,14502700,,12,52,12,12,,1542300,3568788,3675812,1609408
5606,2,1244,915,0,329,0,79083324,39212520,49376272,88,10398784,,17960492,22287264,21101744,17733824,,12857048,6852548,6547204,12955720,,14357224,10380832,10145492,14492724,,12,52,12,12,,1542636,3570044,3676416,1609688
5612,2,1245,915,0,330,0,79083440,39217772,49384204,88,10401456,,17920604,22332132,21061456,17769248,,12873984,6819828,6592800,12931160,,14374512,10349120,10192196,14468376,,12,52,12,12,,1543004,3571048,3677504,1609900
5618,2,1246,915,0,331,0,79042172,39251712,49420224,88,10403548,,17965476,22288388,21050416,17737892,,12849348,6849444,6606184,12946736,,14350244,10379592,10206272,14484116,,12,52,12,12,,1543348,3571904,3678228,1610068
5623,2,1247,915,0,332,0,79056336,39251240,49421484,88,10405240,,17971592,22310952,21058484,17715308,,12836160,6832300,6606368,12976412,,14337324,10362836,10207312,14514012,,12,52,12,12,,1543620,3572308,3679048,1610264
5629,2,1248,915,0,333,0,79112872,39145432,49318272,88,10407860,,17909028,22345484,21144932,17713428,,12894868,6772932,6517792,12959840,,14396396,10304556,10119592,14497728,,12,52,12,12,,1543980,3573404,3679920,1610556
5635,1,1249,915,0,334,0,79202948,39089064,49264276,88,10410220,,17946652,22373616,21166568,17716112,,12874764,6762296,6494120,12957884,,14376636,10295072,10096516,14496052,,12,52,12,12,,1544328,3574552,3680504,1610836
5641,1,1250,915,0,335,0,79162224,39148660,49326336,88,10412672,,17995544,22377188,21044248,17745244,,12809384,6766232,6621536,12951508,,14311580,10299872,10225036,14489848,,12,52,12,12,,1544640,3575428,3681604,1611000
5647,1,1251,915,0,336,0,79161508,39143996,49323272,88,10414352,,17954280,22383444,21042172,17781612,,12856632,6770652,6592544,12924168,,14359196,10304656,10196720,14462700,,12,52,12,12,,1545020,3575844,3682284,1611204
5652,1,1252,915,0,337,0,79126356,39156300,49337736,88,10416452,,17995508,22331104,21074536,17725208,,12822044,6806200,6574524,12953532,,14324904,10340992,10179608,14492232,,12,52,12,12,,1545320,3576576,3683192,1611364
5657,1,1253,915,0,338,0,79128632,39157656,49340960,88,10418320,,17928712,22331608,21145280,17723032,,12881728,6810968,6506928,12958032,,14384880,10346368,10112744,14496968,,12,52,12,12,,1545620,3577164,3683928,1611608
5663,1,1254,915,0,339,0,79174932,39115136,49301100,88,10420940,,17932308,22373516,21150124,17718984,,12893260,6759284,6504140,12958452,,14396812,10295704,10110944,14497640,,12,52,12,12,,1546004,3578180,3684904,1611852
5669,1,1255,915,0,340,0,79190656,39053516,49242164,88,10423628,,17962096,22415020,21077376,17736164,,12837052,6700308,6566944,12949212,,14340952,10237992,10174500,14488720,,12,52,12,12,,1546344,3579440,3685672,1612172
5675,2,1256,915,0,341,0,79219568,39043836,49234872,88,10426064,,17928288,22414584,21095760,17780936,,12867684,6710640,6549888,12915624,,14371956,10248956,10158616,14455344,,12,52,12,12,,1546732,3580084,3686836,1612412
5681,2,1257,915,0,342,0,79156064,39105184,49298084,88,10427892,,17969128,22354468,21120060,17712408,,12830532,6768060,6525188,12981404,,14335152,10307108,10134512,14521312,,12,52,12,12,,1547072,3580808,3687436,1612576
5687,1,1258,915,0,343,0,79162812,39109224,49304148,88,10429940,,17931196,22348516,21159164,17723936,,12875540,6784164,6479976,12969544,,14380420,10324044,10090048,14509636,,12,52,12,12,,1547332,3581660,3688184,1612764
5692,2,1259,915,0,344,0,78836672,39462688,49660196,88,10432508,,17934160,22217376,20970488,17714648,,12873024,6913732,6697316,12978616,,14378196,10454676,10308336,14518988,,12,52,12,12,,1547632,3582700,3689132,1613044
5699,1,1260,915,0,345,0,78895472,39388196,49588300,88,10435108,,17988404,22213164,20959768,17734136,,12824880,6911668,6693376,12958272,,14330416,10453920,10305068,14498896,,12,52,12,12,,1547980,3584008,3689820,1613300
5704,2,1261,915,0,346,0,78916516,39356420,49558896,88,10437480,,17925252,22249944,20967608,17773712,,12858824,6890756,6685644,12921196,,14364668,10433576,10298620,14462032,,12,52,12,12,,1548316,3584588,3691084,1613492
5711,1,1262,915,0,347,0,78853884,39393684,49598480,88,10439832,,17970588,22189092,20983592,17710612,,12831552,6932880,6664388,12964864,,14337744,10476508,10278324,14505904,,12,52,12,12,,1548688,3585384,3692044,1613716
5717,1,1263,915,0,348,0,78875932,39345952,49552716,88,10441736,,17938772,22189636,21028504,17719020,,12856132,6929048,6607640,12953132,,14362688,10473240,10222308,14494480,,12,52,12,12,,1549024,3585940,3692776,1613996
5722,2,1264,915,0,349,0,78882316,39326160,49535440,88,10444252,,17916340,22221216,21032348,17712412,,12881116,6898244,6601372,12945428,,14387968,10443488,10217044,14486940,,12,52,12,12,,1549304,3587004,3693784,1614160
5729,1,1265,915,0,350,0,78932136,39314008,49526108,88,10447084,,17978772,22234024,20968144,17751196,,12823928,6900964,6658696,12930420,,14331132,10447520,10275352,14472104,,12,52,12,12,,1549668,3588312,3694788,1614316
5735,1,1266,915,0,351,0,78886772,39327064,49540856,88,10448740,,17922656,22253216,20971164,17739736,,12871388,6852120,6671816,12931740,,14378864,10399172,10289228,14473592,,12,52,12,12,,1549920,3588808,3695520,1614492
5740,1,1267,915,0,352,0,78786500,39456372,49672364,88,10450976,,17967976,22075400,20972932,17770192,,12835600,7040064,6658144,12922564,,14343412,10588048,10276200,14464704,,12,52,12,12,,1550260,3589732,3696216,1614768
5745,2,1268,915,0,353,0,78746808,39476788,49698752,88,10456936,,17937456,22075344,21003084,17730924,,12857276,7039340,6631760,12948412,,14365432,10591988,10250632,14490700,,12,52,12,12,,1550616,3594400,3696992,1614928
5751,1,1269,915,0,354,0,78808216,39398872,49622752,88,10458868,,17928980,22118000,21024760,17736476,,12852896,7001212,6601348,12943416,,14361336,10554648,10220896,14485872,,12,52,12,12,,1550892,3595172,3697696,1615108
5756,1,1270,915,0,355,0,78891560,39338592,49564884,88,10461220,,17951028,22185976,21017880,17736676,,12847908,6926256,6622868,12941560,,14356688,10480880,10243092,14484224,,12,52,12,12,,1551224,3596368,3698336,1615292
5762,1,1271,915,0,356,0,78946436,39294236,49523236,88,10463924,,18016676,22189000,20966904,17773856,,12797296,6925324,6658220,12913396,,14306388,10480956,10279584,14456308,,12,52,12,12,,1551540,3597372,3699472,1615540
5767,2,1272,915,0,357,0,78881588,39340612,49571328,88,10465672,,17966628,22152228,20987256,17775476,,12831864,6956404,6654408,12897936,,14341288,10512528,10276476,14441036,,12,52,12,12,,1551876,3597872,3700200,1615724
5773,1,1273,915,0,358,0,78952836,39286692,49519572,88,10467808,,17992320,22157880,21009268,17793368,,12808000,6950180,6636052,12892460,,14317656,10507188,10259020,14435708,,12,52,12,12,,1552120,3598752,3701064,1615872
5779,1,1274,915,0,359,0,78879804,39298256,49533236,88,10469896,,17932296,22169616,21053936,17723956,,12855228,6938184,6571244,12933600,,14365280,10495928,10194980,14477048,,12,52,12,12,,1552500,3599480,3701840,1616076
5784,1,1275,915,0,360,0,78895296,39292804,49530336,88,10472472,,17935052,22179184,21069892,17711168,,12843252,6936904,6563056,12949592,,14353628,10495772,10187728,14493208,,12,52,12,12,,1552828,3600612,3702788,1616244
5790,1,1276,915,0,361,0,78857780,39367156,49606684,88,10474464,,17989100,22137360,20985868,17745452,,12812608,6967900,6641112,12945536,,14323276,10527604,10266432,14489372,,12,52,12,12,,1553140,3601436,3703428,1616460
5795,1,1277,915,0,362,0,78850552,39371424,49613120,88,10476680,,17934280,22186184,20995724,17734364,,12862396,6925108,6637412,12946508,,14373372,10485376,10263828,14490544,,12,52,12,12,,1553432,3602016,3704568,1616664
5800,2,1278,915,0,363,0,78783180,39438276,49682004,88,10478656,,17969088,22111140,20992668,17710284,,12835224,7008080,6643008,12951964,,14346584,10569208,10270048,14496164,,12,52,12,12,,1553808,3602872,3705148,1616828
5806,1,1279,915,0,364,0,78809160,39399808,49645564,88,10480672,,17927128,22130980,21035564,17715488,,12860520,6988824,6591276,12959188,,14372120,10550836,10219048,14503560,,12,52,12,12,,1554028,3603752,3705876,1617016
5812,1,1280,915,0,365,0,78804744,39377216,49625452,88,10483168,,17927960,22152540,21013900,17710344,,12862156,6951820,6586848,12976392,,14374120,10514752,10215612,14520968,,12,52,12,12,,1554412,3604688,3706868,1617200
5817,1,1281,915,0,366,0,78912184,39312460,49562256,88,10484820,,17961688,22209408,21010128,17730960,,12849776,6905044,6607532,12950108,,14362008,10468748,10236640,14494860,,12,52,12,12,,1554708,3605484,3707244,1617384
5822,1,1282,915,0,367,0,78886988,39320836,49573284,88,10487416,,17930256,22256764,20952956,17747012,,12860680,6857256,6668168,12934732,,14373260,10422012,10298372,14479640,,12,52,12,12,,1555036,3606512,3708316,1617552
5828,1,1283,915,0,368,0,78888036,39312340,49566392,88,10489064,,17951560,22237536,20960688,17738252,,12848084,6867816,6666384,12930056,,14361008,10432960,10297268,14475156,,12,52,12,12,,1555380,3606944,3709012,1617728
5833,1,1284,915,0,369,0,78963092,39220380,49476536,88,10491144,,17975052,22230008,21038932,17719100,,12822476,6866712,6574944,12956248,,14335612,10432688,10206700,14501536,,12,52,12,12,,1555632,3607728,3709868,1617916
5838,1,1285,915,0,370,0,78965252,39265180,49523296,88,10493084,,17932316,22232648,21081320,17718968,,12855928,6876612,6551356,12981284,,14369400,10443344,10183848,14526704,,12,52,12,12,,1555952,3608480,3710596,1618056
5843,1,1286,915,0,371,0,79043824,39154072,49414424,88,10495296,,17935896,22309672,21083748,17714508,,12854456,6793084,6525680,12980852,,14368352,10360456,10159120,14526496,,12,52,12,12,,1556344,3609112,3711564,1618276
5849,1,1287,915,0,372,0,79018068,39174040,49436968,88,10497856,,17925876,22325500,21023464,17743228,,12863032,6769304,6588288,12953416,,14377252,10338016,10222436,14499264,,12,52,12,12,,1556668,3610448,3712260,1618480
5854,2,1288,915,0,373,0,78950332,39212920,49480056,88,10502076,,17933200,22278168,21013564,17725400,,12858684,6809160,6608944,12936132,,14373252,10380412,10244184,14482208,,12,52,12,12,,1557020,3612992,3713356,1618708
5860,2,1289,915,0,374,0,78916420,39306852,49580116,88,10508180,,17979372,22277184,20882424,17777440,,12824976,6816136,6746572,12919168,,14339916,10388260,10386484,14465456,,12,52,12,12,,1557368,3613872,3718020,1618920
5866,2,1290,915,0,375,0,78874696,39315840,49591388,88,10510528,,17935340,22277120,20930708,17731528,,12859132,6831136,6689380,12936192,,14374420,10404168,10330096,14482704,,12,52,12,12,,1557720,3614848,3718820,1619140
5872,1,1291,915,0,376,0,78949476,39267648,49545600,88,10512868,,17920104,22315104,20988660,17725608,,12879576,6785424,6630288,12972360,,14395204,10359456,10271872,14519068,,12,52,12,12,,1558052,3615764,3719700,1619352
5877,1,1292,915,0,376,0,78950304,39207716,49487192,88,10514440,,17958836,22295412,20967264,17728792,,12840548,6795788,6617896,12953484,,14356400,10370600,10259788,14500404,,12,52,12,12,,1558288,3616596,3720004,1619552
5882,1,1293,915,0,378,0,78830688,39353568,49635516,88,10516900,,17958256,22166648,20949848,17755936,,12814244,6935216,6672824,12931284,,14330356,10510972,10315784,14478404,,12,52,12,12,,1558572,3617496,3721072,1619760
5887,2,1294,915,0,379,0,78775812,39374472,49658068,88,10518508,,17950592,22134212,20954940,17736068,,12843624,6952196,6634688,12943964,,14360076,10528392,10278352,14491248,,12,52,12,12,,1558884,3617936,3721776,1619912
5893,1,1295,915,0,380,0,78821860,39352072,49637744,88,10520628,,17995356,22141884,20962412,17722208,,12801872,6962928,6642512,12944760,,14318516,10540032,10286988,14492208,,12,52,12,12,,1559104,3618856,3722584,1620084
5899,1,1296,915,0,381,0,78860148,39292980,49580932,88,10522920,,17932944,22161056,21037112,17729036,,12857976,6932956,6559812,12942236,,14374964,10510824,10205312,14489832,,12,52,12,12,,1559452,3619604,3723628,1620236
5905,1,1297,915,0,382,0,78810612,39349836,49640288,88,10525368,,17947232,22152380,20981348,17729652,,12850744,6951668,6608228,12939196,,14368132,10530616,10254504,14487036,,12,52,12,12,,1559816,3620688,3724380,1620484
5910,2,1298,915,0,383,0,78805456,39368264,49661172,88,10527808,,17931112,22201896,20935120,17737328,,12863836,6889656,6663528,12951244,,14381424,10469528,10310908,14499312,,12,52,12,12,,1560012,3621608,3725492,1620696
5916,1,1299,915,0,384,0,78802716,39365560,49660292,88,10529676,,17942216,22174212,20953044,17733244,,12845592,6915604,6657696,12946668,,14363456,10496092,10305868,14494876,,12,52,12,12,,1560308,3622232,3726296,1620840
5922,1,1300,915,0,385,0,78844656,39311596,49608268,88,10531588,,17995176,22094796,20969416,17785268,,12793304,6983924,6630376,12903992,,14311544,10565276,10279068,14452380,,12,52,12,12,,1560660,3623088,3726820,1621020
5927,1,1301,915,0,386,0,78758396,39404440,49703020,88,10533480,,17926996,22105324,20995616,17730460,,12858268,6989920,6612728,12943524,,14376752,10571980,10262204,14492084,,12,52,12,12,,1560916,3623796,3727584,1621184
5932,2,1302,915,0,387,0,78778880,39369968,49670992,88,10535976,,17929976,22115760,21008196,17724948,,12863004,6966992,6591840,12948132,,14381820,10550024,10242264,14496884,,12,52,12,12,,1561232,3624796,3728564,1621384
5939,1,1303,915,0,388,0,78838736,39339100,49642772,88,10538604,,17981844,22169452,20949840,17737600,,12821024,6910624,6660420,12947032,,14340260,10494940,10311580,14495992,,12,52,12,12,,1561664,3626088,3729264,1621588
5944,2,1304,915,0,389,0,78798560,39330600,49636612,88,10540920,,17934132,22170256,20958816,17735356,,12844260,6915412,6652232,12918696,,14363808,10500364,10304548,14467892,,12,52,12,12,,1561980,3626692,3730428,1621820
5950,2,1305,915,0,390,0,78870148,39269928,49569056,88,10534020,,17965964,22190216,20947032,17766936,,12832108,6905236,6643236,12889348,,14351984,10481888,10296480,14438704,,12,52,12,12,,1562292,3618380,3731364,1621984
5955,2,1306,915,0,391,0,78855964,39298476,49599456,88,10535876,,17936060,22169768,21001324,17748812,,12849164,6930372,6587236,12931704,,14369360,10507636,10241244,14481216,,12,52,12,12,,1562624,3619000,3732116,1622136
5961,1,1307,915,0,392,0,78881676,39302568,49605420,88,10537736,,17927252,22195600,21045936,17712888,,12870660,6903756,6558260,12969892,,14391156,10481576,10213116,14519572,,12,52,12,12,,1562920,3619544,3732964,1622308
5966,2,1308,915,0,393,0,78835200,39328244,49633264,88,10539888,,17950900,22174084,20990352,17719864,,12844460,6914824,6605400,12963560,,14365176,10493828,10260828,14513432,,12,52,12,12,,1563132,3620744,3733532,1622480
5972,1,1309,915,0,394,0,79011028,39131716,49439036,88,10542168,,17948332,22202104,21122032,17738560,,12838216,6895868,6466368,12931264,,14359224,10475808,10122716,14481288,,12,52,12,12,,1563396,3621660,3734472,1622640
5977,1,1310,915,0,395,0,79016868,39123236,49432192,88,10543792,,17942824,22239924,21105076,17729044,,12843724,6855248,6488496,12935768,,14365016,10435568,10145644,14485964,,12,52,12,12,,1563672,3622044,3735256,1622820
5982,1,1311,915,0,396,0,79033880,39126156,49436992,88,10545700,,17967064,22164336,21130416,17772064,,12824216,6918628,6476592,12906720,,14345792,10499828,10134296,14457076,,12,52,12,12,,1563972,3622928,3735812,1622988
5988,1,1312,915,0,397,0,79006668,39098156,49411460,88,10548160,,17918160,22177480,21174100,17736928,,12849324,6908168,6410528,12930136,,14371244,10490408,10069088,14480720,,12,52,12,12,,1564304,3623980,3736680,1623196
5994,1,1313,915,0,398,0,79063964,39090672,49406852,88,10551020,,17945788,22219236,21175688,17723252,,12847508,6864184,6419008,12959972,,14369832,10447608,10078612,14510800,,12,52,12,12,,1564708,3625152,3737720,1623440
6000,1,1314,915,0,399,0,79070640,39084636,49406920,88,10557092,,17944384,22264760,21117004,17744492,,12831380,6833612,6471888,12947756,,14354068,10417812,10136260,14498780,,12,52,12,12,,1565072,3625916,3742472,1623632
6005,1,1315,915,0,400,0,79080368,39068104,49405112,88,10571824,,17938144,22265352,21136660,17740212,,12850196,6819004,6467812,12931092,,14373104,10403748,10146008,14482252,,12,52,12,12,,1565272,3626472,3756304,1623776
6010,1,1316,915,0,401,0,79124580,39006948,49346056,88,10573916,,17975744,22226044,21145464,17777328,,12830188,6844164,6429760,12902836,,14353408,10429636,10108856,14454156,,12,52,12,12,,1565584,3627196,3757204,1623932
6016,1,1317,915,0,402,0,79140072,39012716,49353932,88,10576036,,18010708,22218384,21186616,17724364,,12790876,6860396,6404736,12956708,,14314412,10446476,10084708,14508336,,12,52,12,12,,1565908,3627808,3758072,1624248
6021,2,1318,915,0,403,0,79105532,39025916,49365552,88,10578568,,17928408,22247128,21212688,17717308,,12851820,6834728,6384828,12954540,,14375668,10421820,10061644,14506420,,12,52,12,12,,1566224,3628816,3759032,1624496
6027,2,1319,915,0,404,0,79210692,38938156,49279832,88,10580584,,17968284,22236892,21281760,17723756,,12816024,6865776,6308564,12947792,,14340192,10453700,9986084,14499856,,12,52,12,12,,1566536,3629648,3759724,1624676
6033,2,1320,915,0,405,0,79167752,38954360,49298840,88,10583392,,17935228,22311720,21198912,17721892,,12836972,6778180,6389704,12949504,,14361556,10367100,10068420,14501764,,12,52,12,12,,1566960,3630652,3760908,1624872
6039,2,1321,915,0,406,0,79123984,38987932,49334100,88,10585096,,17972416,22245360,21202052,17704156,,12823516,6827868,6378800,12957748,,14348408,10417580,10057940,14510172,,12,52,12,12,,1567260,3631440,3761348,1625048
6045,1,1322,915,0,407,0,79205684,38924604,49272768,88,10587096,,18020416,22252912,21223784,17708572,,12776796,6822024,6354068,12971716,,14301936,10412344,10034128,14524360,,12,52,12,12,,1567500,3632072,3762256,1625268
6050,2,1323,915,0,408,0,79209228,38888580,49234928,88,10589376,,17954324,22265924,21270780,17718200,,12818368,6820560,6301576,12948076,,14343860,10411724,9978344,14501000,,12,52,12,12,,1567868,3632908,3763060,1625540
6057,1,1324,915,0,409,0,79256664,38845952,49194588,88,10591668,,17955716,22321204,21247720,17732024,,12829000,6756152,6322944,12937856,,14354844,10348544,10000264,14490936,,12,52,12,12,,1568204,3634128,3763644,1625692
6062,2,1325,915,0,410,0,79295620,38793984,49145472,88,10594512,,17937872,22314176,21264232,17779340,,12835376,6741620,6317788,12899200,,14361628,10335080,9996252,14452512,,12,52,12,12,,1568624,3635200,3764760,1625928
6069,1,1326,915,0,411,0,79097164,39011224,49365148,88,10596928,,17973528,22326884,21036756,17759996,,12819292,6754320,6539956,12897656,,14345876,10348648,10219392,14451232,,12,52,12,12,,1568960,3636052,3765732,1626184
6075,1,1327,915,0,412,0,79054912,39051748,49407700,88,10598980,,17935320,22323424,21055188,17740980,,12844932,6758304,6534960,12913552,,14371760,10353292,10215372,14467276,,12,52,12,12,,1569216,3636724,3766704,1626336
6080,1,1328,915,0,413,0,79086212,39025468,49383132,88,10600668,,17942584,22326660,21103664,17713304,,12848288,6759340,6474452,12943388,,14375396,10354872,10155612,14497252,,12,52,12,12,,1569480,3637260,3767456,1626472
6086,1,1329,915,0,414,0,79069004,39028568,49388656,88,10603112,,17962596,22322668,21068436,17715304,,12822336,6749532,6507196,12949504,,14349792,10346288,10189008,14503568,,12,52,12,12,,1569824,3638488,3768104,1626696
6092,1,1330,915,0,415,0,79121164,38957552,49320340,88,10605784,,17966400,22369632,21028516,17756616,,12795088,6707768,6551920,12902776,,14322916,10305424,10234852,14457148,,12,52,12,12,,1570208,3639380,3769212,1626984
6098,1,1331,915,0,416,0,79041304,39033912,49398876,88,10608044,,17952428,22314540,21038560,17735776,,12839848,6728176,6527240,12938648,,14367992,10326784,10210928,14493172,,12,52,12,12,,1570520,3640364,3770012,1627148
6104,1,1332,915,0,417,0,79141924,38947884,49314916,88,10610024,,18011168,22323840,21081716,17725200,,12779616,6742396,6485984,12939888,,14308072,10341700,10170488,14494656,,12,52,12,12,,1570828,3641028,3770792,1627376
6109,2,1333,915,0,418,0,79033924,39113716,49482888,88,10612216,,17939076,22334124,21038176,17722548,,12854692,6756952,6550652,12951420,,14383468,10357088,10235876,14506456,,12,52,12,12,,1571156,3641856,3771536,1627668
6115,1,1334,915,0,419,0,79131516,38989868,49361240,88,10614368,,17959576,22363920,21080568,17727452,,12834392,6704988,6502700,12947788,,14363448,10306152,10188624,14503016,,12,52,12,12,,1571424,3642884,3772224,1627836
6120,2,1335,915,0,420,0,79059788,39041724,49415752,88,10617028,,17944240,22362996,21011924,17740628,,12835104,6719216,6558808,12928596,,14364524,10321400,10245796,14484032,,12,52,12,12,,1571780,3643912,3773280,1628056
6126,1,1336,915,0,421,0,79053276,39054492,49430220,88,10618772,,17944348,22307800,21020536,17780592,,12834280,6756540,6560236,12903436,,14364020,10359160,10248004,14459036,,12,52,12,12,,1572120,3644364,3774044,1628244
6131,2,1337,915,0,422,0,79038872,39048076,49426044,88,10620992,,17980508,22305856,21027516,17724992,,12807020,6758540,6547124,12935392,,14337072,10361908,10235820,14491244,,12,52,12,12,,1572444,3645124,3774984,1628440
6137,1,1338,915,0,422,0,79056812,39013676,49393944,88,10623248,,17955712,22298500,21075656,17726944,,12827772,6751876,6499112,12934916,,14358136,10356224,10188568,14491016,,12,52,12,12,,1572732,3646088,3775732,1628696
6143,1,1339,915,0,424,0,79092320,38989912,49372512,88,10625564,,17943672,22339756,21082872,17726020,,12835452,6734028,6484360,12936072,,14366264,10339072,10174768,14492408,,12,52,12,12,,1573180,3646768,3776684,1628932
6149,1,1340,915,0,425,0,79162056,38903184,49288040,88,10627868,,17966084,22384544,21071740,17739688,,12809344,6678420,6489300,12926120,,14340400,10284540,10180428,14482672,,12,52,12,12,,1573424,3647872,3777416,1629156
6154,1,1341,915,0,426,0,79144120,38943280,49330424,88,10630144,,17926196,22380884,21070264,17766776,,12859048,6691248,6493700,12899284,,14390416,10298036,10185944,14456028,,12,52,12,12,,1573740,3648516,3778540,1629348
6160,1,1342,915,0,427,0,79141736,38945800,49335836,88,10633032,,17971704,22322612,21064992,17782428,,12819776,6730012,6508936,12887076,,14351444,10338584,10201776,14444032,,12,52,12,12,,1574032,3650288,3779160,1629552
6165,1,1343,915,0,428,0,79112612,38957720,49349708,88,10634968,,17944020,22323084,21111996,17733512,,12834820,6736192,6455380,12931328,,14366748,10345396,10149052,14488512,,12,52,12,12,,1574284,3650940,3779956,1629788
6171,1,1344,915,0,429,0,79159588,38881044,49275776,88,10637688,,17936868,22343992,21148920,17729808,,12837972,6708580,6410892,12923600,,14370240,10319056,10105448,14481032,,12,52,12,12,,1574616,3652200,3780832,1630040
6177,1,1345,915,0,430,0,79168176,38886880,49287924,88,10644016,,17963680,22350348,21113396,17740752,,12811004,6695716,6446960,12933200,,14343724,10307024,10142272,14494904,,12,52,12,12,,1575076,3653036,3781596,1634308
6183,1,1346,915,0,431,0,79224004,38830412,49233644,88,10646212,,18012880,22353668,21075248,17782208,,12758780,6707980,6468652,12895000,,14291760,10320160,10164792,14456932,,12,52,12,12,,1575348,3653900,3782432,1634532
6188,2,1347,915,0,432,0,79176208,38901324,49306740,88,10648408,,17966128,22321060,21114132,17774888,,12806856,6744508,6455856,12894104,,14340156,10357588,10152764,14456232,,12,52,12,12,,1575656,3654812,3783196,1634744
6194,1,1348,915,0,433,0,79251160,38809896,49217632,88,10650752,,17992888,22326552,21169552,17762168,,12783092,6732388,6396352,12898064,,14316656,10346104,10094444,14460428,,12,52,12,12,,1575920,3655440,3784424,1634968
6200,1,1349,915,0,434,0,79024452,39049788,49459556,88,10652780,,17929860,22328460,21055752,17710380,,12853340,6731096,6508496,12956856,,14387272,10345404,10207472,14519408,,12,52,12,12,,1576296,3656040,3785296,1635148
6205,1,1350,915,0,435,0,79128640,38951488,49363532,88,10655024,,17949492,22380052,21082128,17716968,,12832188,6677532,6498204,12943564,,14366420,10293012,10197760,14506340,,12,52,12,12,,1576584,3657204,3785852,1635384
6211,2,1351,915,0,436,0,79107280,38967148,49381772,88,10657628,,17955392,22387576,21022584,17741728,,12819876,6670720,6543060,12933492,,14354416,10287108,10243796,14496452,,12,52,12,12,,1576904,3658136,3787020,1635568
6218,1,1352,915,0,437,0,79006512,39052152,49468844,88,10659776,,17942316,22328996,20991960,17743240,,12836780,6733372,6565416,12916584,,14371640,10350592,10266876,14479736,,12,52,12,12,,1577244,3659000,3787744,1635788
6223,2,1353,915,0,438,0,78989820,39056696,49475520,88,10661796,,17933340,22316704,21013520,17726256,,12826396,6735244,6553904,12941152,,14361588,10353048,10256364,14504520,,12,52,12,12,,1577544,3659540,3788748,1635964
6229,2,1354,915,0,439,0,79035780,39008324,49429520,88,10664176,,17929004,22329368,21060404,17717004,,12839952,6712200,6504640,12951532,,14375512,10331076,10207836,14515096,,12,52,12,12,,1577908,3660596,3789508,1636164
6235,2,1355,915,0,440,0,79099952,38947400,49371092,88,10666656,,17945032,22372520,21053324,17729076,,12839688,6676252,6482372,12949088,,14375616,10296372,10186204,14512900,,12,52,12,12,,1578260,3661860,3790116,1636420
6242,1,1356,915,0,441,0,79032100,39001560,49427900,88,10669312,,17919844,22373448,20981444,17757364,,12836948,6669892,6580280,12914440,,14373220,10290940,10285304,14478436,,12,52,12,12,,1578612,3662784,3791312,1636604
6248,1,1357,915,0,442,0,79121228,38950392,49378444,88,10671012,,17941888,22406144,20984484,17788712,,12846900,6648044,6575008,12880440,,14383444,10269616,10280704,14444680,,12,52,12,12,,1578884,3663296,3791980,1636852
6253,1,1358,915,0,443,0,79078092,38947896,49378228,88,10673308,,18004412,22338464,21012976,17722240,,12772596,6695196,6535484,12944620,,14309452,10317660,10242004,14509112,,12,52,12,12,,1579192,3664204,3792820,1637092
6259,2,1359,915,0,444,0,79091548,38954648,49387584,88,10675896,,17949276,22352716,21060196,17729360,,12811508,6719052,6487080,12937008,,14348736,10342268,10194864,14501716,,12,52,12,12,,1579568,3664944,3794072,1637312
6265,2,1360,915,0,444,0,79056856,38998608,49433872,88,10678208,,17950416,22383280,20989480,17733680,,12823220,6666772,6575300,12933316,,14360676,10291224,10283712,14498260,,12,52,12,12,,1579788,3666176,3794696,1637548
6272,1,1361,915,0,446,0,79292892,38746084,49183972,88,10680900,,17993532,22489748,21048244,17761368,,12778164,6545620,6496900,12925400,,14315908,10171028,10206488,14490548,,12,52,12,12,,1580088,3667172,3795884,1637756
6278,1,1362,915,0,447,0,79182968,38814948,49254924,88,10682944,,17955816,22449148,21039920,17738084,,12819204,6578932,6501712,12915100,,14357224,10205200,10211980,14480520,,12,52,12,12,,1580364,3667992,3796556,1638032
6283,2,1363,915,0,448,0,79171476,38852592,49294736,88,10685112,,18010008,22449032,20988776,17723660,,12757032,6598240,6538020,12959300,,14295392,10225096,10249316,14524932,,12,52,12,12,,1580704,3668580,3797572,1638256
6290,2,1364,915,0,449,0,79132816,38860256,49304884,88,10687588,,17940876,22459908,21004136,17727896,,12833312,6569056,6527008,12930880,,14372136,10196788,10239176,14496784,,12,52,12,12,,1581164,3669452,3798460,1638512
6296,1,1365,915,0,450,0,79190268,38808096,49254856,88,10689724,,17956888,22469872,21043592,17719916,,12815876,6554440,6495940,12941840,,14354956,10183380,10208568,14507952,,12,52,12,12,,1581424,3670672,3798900,1638728
6302,1,1366,914,0,452,1,79218240,38792368,49241880,88,10692492,,18013608,22472160,20990972,17741500,,12766196,6556216,6538768,12931188,,14305560,10186176,10252544,14497600,,12,52,12,12,,1581712,3671688,3800076,1639016
6308,2,1367,914,0,453,1,79125032,38906688,49358480,88,10694804,,17945964,22443568,20984492,17751008,,12840036,6585168,6568228,12913256,,14379800,10215980,10282812,14479888,,12,52,12,12,,1582116,3672580,3800868,1639240
6314,1,1368,914,0,454,1,79098964,38902820,49356996,88,10697144,,17931456,22432604,21013664,17721240,,12835552,6599540,6528000,12939728,,14375652,10230944,10243848,14506552,,12,52,12,12,,1582436,3673164,3802132,1639412
6320,1,1369,914,0,455,1,79164004,38839092,49295008,88,10698940,,17918148,22457952,21071892,17716012,,12848552,6589820,6459216,12941504,,14388936,10221788,10175772,14508512,,12,52,12,12,,1582732,3673696,3802888,1639624
6326,1,1370,914,0,456,1,79073144,38944048,49401028,88,10701376,,17937928,22390568,21016236,17728412,,12829764,6665384,6505028,12943872,,14370488,10297112,10222276,14511152,,12,52,12,12,,1583072,3674896,3803532,1639876
6332,1,1371,914,0,457,0,79066516,38945400,49405480,88,10704404,,17925172,22424852,20965748,17750744,,12843864,6618000,6562800,12920736,,14384956,10250968,10281228,14488328,,12,52,12,12,,1583428,3676068,3804716,1640192
6338,1,1372,915,0,457,0,79132000,38852544,49316292,88,10706512,,17942184,22469428,20963388,17757000,,12827840,6565416,6551132,12908156,,14369256,10200872,10270252,14475912,,12,52,12,12,,1583752,3677020,3805400,1640340
6344,1,1373,915,0,458,0,79061432,38904340,49369768,88,10708192,,17933832,22403880,20983984,17739736,,12821988,6644288,6552292,12885772,,14363728,10280272,10271976,14453792,,12,52,12,12,,1584084,3677548,3805960,1640600
6349,1,1374,915,0,459,0,79059800,38931120,49399432,88,10711052,,17921040,22392624,21000292,17745844,,12849700,6644240,6529192,12907988,,14391844,10281240,10250056,14476292,,12,52,12,12,,1584480,3678500,3807176,1640896
6355,2,1375,915,0,460,0,79165872,38811440,49282016,88,10713272,,17941700,22460616,21024856,17738700,,12834704,6565452,6497936,12913348,,14377176,10203560,10219444,14481836,,12,52,12,12,,1584808,3679604,3807784,1641076
6361,2,1376,915,0,461,0,79186620,38775688,49248872,88,10715960,,17982008,22480312,20975832,17748468,,12787108,6548744,6534148,12905688,,14329892,10187872,10256800,14474308,,12,52,12,12,,1585116,3680700,3808940,1641204
6367,1,1377,915,0,462,0,79214160,38765588,49240476,88,10717652,,17940136,22471144,21061480,17741400,,12815564,6567564,6473056,12909404,,14358684,10207180,10196396,14478216,,12,52,12,12,,1585456,3681184,3809612,1641400
6372,2,1378,915,0,463,0,79080580,38911892,49389040,88,10719920,,17987040,22232756,21076016,17784768,,12786100,6796632,6461444,12867716,,14329552,10437064,10185680,14436744,,12,52,12,12,,1585804,3681988,3810516,1641612
6378,1,1379,915,0,464,0,79042660,38974992,49453828,88,10721600,,17946764,22244908,21117356,17733632,,12828680,6806996,6414260,12925056,,14372392,10447896,10139256,14494284,,12,52,12,12,,1586056,3682468,3811280,1641796
6384,1,1380,915,0,465,0,79064028,38890712,49371944,88,10723984,,17940312,22315136,21089576,17719004,,12821888,6711800,6430416,12926608,,14365884,10353700,10156356,14496004,,12,52,12,12,,1586340,3683468,3812212,1641964
6389,1,1381,915,0,466,0,79077900,38883076,49366648,88,10726400,,17951968,22317924,21067024,17740984,,12816216,6703296,6449088,12914476,,14360496,10346268,10175800,14484084,,12,52,12,12,,1586616,3684632,3812992,1642160
6394,1,1382,915,0,467,0,79049008,38923440,49409260,88,10728464,,17936464,22303532,21054196,17754816,,12820452,6714368,6492384,12896236,,14365016,10357988,10220220,14466036,,12,52,12,12,,1586756,3685212,3814112,1642384
6400,2,1383,915,0,468,0,79131288,38861796,49349632,88,10730468,,17982632,22299776,21062128,17786752,,12789876,6723940,6474592,12873388,,14334788,10368412,10203060,14443372,,12,52,12,12,,1587108,3686076,3814752,1642532
6406,2,1384,915,0,469,0,79064856,38900644,49390828,88,10732816,,17936028,22318916,21099628,17710284,,12831444,6690124,6432108,12946968,,14376704,10335520,10161412,14517192,,12,52,12,12,,1587460,3687000,3815580,1642776
6412,2,1385,915,0,470,0,79206664,38773248,49266032,88,10735424,,17936568,22374840,21175976,17719280,,12823208,6646100,6353124,12950816,,14368884,10292476,10083432,14521240,,12,52,12,12,,1587876,3687968,3816600,1642980
6418,2,1386,915,0,471,0,79139776,38815000,49310320,88,10737960,,17947916,22378732,21067468,17745660,,12803172,6621516,6473472,12916840,,14349212,10269168,10204492,14487448,,12,52,12,12,,1588236,3689260,3817304,1643160
6424,1,1387,915,0,472,0,79212416,38765684,49263124,88,10740080,,17926780,22401528,21088892,17795216,,12833832,6622772,6441180,12867900,,14380156,10271024,10173260,14438684,,12,52,12,12,,1588544,3689848,3818348,1643340
6429,2,1388,915,0,473,0,79185516,38769908,49269288,88,10742040,,17954456,22343604,21086996,17800460,,12807272,6674328,6432524,12855784,,14353936,10323400,10165192,14426760,,12,52,12,12,,1588868,3690672,3818976,1643524
6435,2,1389,915,0,474,0,79114044,38857736,49359604,88,10744480,,17936664,22326480,21123780,17727120,,12830580,6692972,6408128,12926056,,14377612,10342720,10141992,14497280,,12,52,12,12,,1589224,3691352,3820128,1643776
6442,1,1390,915,0,475,0,79175428,38781336,49285948,88,10747224,,17939428,22349972,21155280,17730748,,12817472,6668700,6367232,12927932,,14364936,10319500,10102100,14499412,,12,52,12,12,,1589656,3692404,3821136,1644028
6448,1,1391,915,0,476,0,79177540,38750988,49257860,88,10749556,,17961616,22379496,21094024,17742404,,12796332,6626392,6414584,12913680,,14344060,10278368,10150112,14485320,,12,52,12,12,,1589924,3693640,3821792,1644200
6453,2,1392,915,0,477,0,79194616,38743196,49251812,88,10751256,,17941812,22408176,21099584,17745044,,12821236,6609368,6422788,12889804,,14369236,10261920,10159040,14461616,,12,52,12,12,,1590196,3694180,3822524,1644356
6459,1,1393,915,0,478,0,78915792,39050460,49561156,88,10753388,,17962308,22081492,21095220,17776772,,12807148,6943592,6417100,12882620,,14355436,10596908,10154168,14454644,,12,52,12,12,,1590472,3694992,3823344,1644580
6464,2,1394,915,0,479,0,78938888,39033160,49545848,88,10755344,,18007720,22086000,21112404,17732764,,12761576,6928372,6408484,12934728,,14310164,10582364,10146380,14506940,,12,52,12,12,,1590780,3695620,3824164,1644780
6470,1,1395,915,0,480,0,78898516,39039240,49554296,88,10757736,,17938280,22103720,21133744,17722772,,12817368,6911052,6369512,12941308,,14366268,10565992,10108272,14513764,,12,52,12,12,,1591116,3696568,3825048,1645004
6476,1,1396,915,0,481,0,78967816,38966788,49484040,88,10759928,,17967196,22114036,21161916,17724668,,12791524,6889972,6354880,12930412,,14340728,10546120,10094168,14503024,,12,52,12,12,,1591392,3697784,3825580,1645172
6481,2,1397,915,0,482,0,79024556,38927936,49447580,88,10762316,,17999456,22133880,21136836,17754384,,12769116,6869216,6386708,12902896,,14318568,10526248,10127048,14475716,,12,52,12,12,,1591652,3698656,3826636,1645372
6487,1,1398,915,0,483,0,78926240,39038772,49560284,88,10764160,,17945584,22121340,21118120,17741196,,12823144,6908656,6399016,12907956,,14372996,10566168,10140140,14480980,,12,52,12,12,,1592048,3699152,3827388,1645572
6492,2,1399,915,0,484,0,78923584,38998980,49522796,88,10766444,,17931976,22136628,21119456,17735524,,12810608,6874816,6403668,12909888,,14360780,10533268,10145656,14483092,,12,52,12,12,,1592360,3700076,3828256,1645752
6498,1,1400,915,0,485,0,78937424,38976940,49502756,88,10768476,,17931948,22139444,21149788,17716244,,12815972,6857048,6371380,12932540,,14366468,10516212,10114148,14505928,,12,52,12,12,,1592704,3700788,3829036,1645948
6504,1,1401,915,0,486,0,78988948,38939096,49467512,88,10771088,,17933544,22164476,21163240,17727688,,12819184,6834020,6368464,12917428,,14369984,10494292,10112204,14491032,,12,52,12,12,,1593000,3701904,3830012,1646172
6509,2,1402,915,0,487,0,79115568,38802468,49328060,88,10768236,,17985724,22243272,21137616,17748956,,12771348,6761080,6358576,12911464,,14322512,10422248,10098000,14485300,,12,52,12,12,,1593360,3702800,3825692,1646384
6515,1,1403,915,0,488,0,79030980,38886040,49413296,88,10769936,,17939012,22205816,21105088,17781064,,12805640,6798312,6410684,12871404,,14357072,10460060,10150712,14445452,,12,52,12,12,,1593672,3703372,3826292,1646600
6521,1,1404,915,0,489,0,79056940,38898776,49427880,88,10771788,,17975092,22187792,21115156,17778900,,12778556,6823692,6414524,12882004,,14330344,10486140,10155136,14456260,,12,52,12,12,,1593992,3704088,3826900,1646808
6526,2,1405,915,0,490,0,79007544,38938424,49469624,88,10773872,,17953184,22186140,21135872,17732348,,12797592,6827384,6392152,12921296,,14349616,10490720,10133556,14495732,,12,52,12,12,,1594208,3704964,3827712,1646988
6531,2,1406,915,0,491,0,78993936,38916588,49450196,88,10776300,,17930488,22197700,21144084,17721664,,12832064,6803268,6368068,12913188,,14384356,10467560,10110424,14487856,,12,52,12,12,,1594480,3705928,3828680,1647212
6538,1,1407,915,0,492,0,79119724,38822356,49358628,88,10778980,,17961740,22287712,21117740,17752532,,12794460,6740040,6393492,12894364,,14347108,10405600,10136656,14469264,,12,52,12,12,,1594844,3707216,3829464,1647456
6544,1,1408,915,0,493,0,79167328,38742184,49280264,88,10780724,,17941300,22332748,21109164,17784116,,12804432,6679052,6395352,12863348,,14357380,10345168,10139312,14438404,,12,52,12,12,,1595152,3707740,3830216,1647616
6549,1,1409,915,0,494,0,79115552,38838724,49378820,88,10782752,,17961356,22257932,21108088,17788176,,12808360,6753560,6413264,12863540,,14361576,10420528,10157932,14438784,,12,52,12,12,,1595416,3708604,3830932,1647800
6554,1,1410,915,0,495,0,79154672,38806600,49348840,88,10784924,,17980548,22295812,21130024,17748288,,12781032,6718540,6398340,12908688,,14334552,10385940,10144220,14484128,,12,52,12,12,,1595724,3709068,3832152,1647980
6559,2,1411,915,0,496,0,79108040,38820300,49364672,88,10787008,,17925532,22275708,21185872,17720928,,12825804,6731128,6330248,12933120,,14379688,10399304,10076928,14508752,,12,52,12,12,,1596084,3709812,3832948,1648164
6565,2,1412,915,0,497,0,79094592,38844456,49391268,88,10789460,,17957672,22284032,21125980,17726908,,12808096,6711384,6391312,12933664,,14362332,10380740,10138640,14509556,,12,52,12,12,,1596432,3711000,3833596,1648432
6572,1,1413,915,0,498,0,79103060,38784876,49334348,88,10792136,,17961452,22259500,21129340,17752768,,12779944,6729424,6367660,12907848,,14334508,10399768,10116128,14483944,,12,52,12,12,,1596772,3711996,3834732,1648636
6578,1,1414,915,0,499,0,79179800,38760284,49311564,88,10793908,,17953980,22365088,21100524,17760208,,12805064,6637644,6415096,12902480,,14359956,10308496,10164312,14478800,,12,52,12,12,,1597092,3712476,3835484,1648856
6583,2,1415,915,0,500,0,79208084,38727428,49285072,88,10800280,,17982036,22372244,21130520,17723284,,12772060,6645840,6384332,12925196,,14327284,10321600,10134480,14501708,,12,52,12,12,,1597428,3717392,3836408,1649052
6589,1,1416,915,0,501,0,79228796,38672820,49232444,88,10802280,,17927348,22390376,21187180,17723892,,12809220,6614980,6314252,12934368,,14364776,10291792,10064804,14511072,,12,52,12,12,,1597760,3718440,3836836,1649244
6595,1,1417,915,0,502,0,79274800,38616520,49178592,88,10804724,,17937240,22408516,21207980,17721064,,12810360,6589092,6295156,12921912,,14366228,10266948,10046608,14498808,,12,52,12,12,,1598072,3719484,3837728,1649440
6600,1,1418,915,0,503,0,79344816,38549128,49113104,88,10806620,,17960956,22398924,21233536,17751400,,12793916,6584000,6274884,12896328,,14350024,10262660,10027012,14473408,,12,52,12,12,,1598308,3720284,3838400,1649628
6605,1,1419,915,0,504,0,79275264,38625876,49192140,88,10808908,,17933816,22365924,21237940,17737584,,12830980,6638184,6259024,12897688,,14387396,10317432,10012312,14475000,,12,52,12,12,,1598604,3720884,3839572,1649848
6611,1,1420,915,0,505,0,79281220,38621456,49189944,88,10811120,,17961980,22374312,21230888,17714040,,12794244,6628912,6264144,12934156,,14351032,10308892,10018356,14511664,,12,52,12,12,,1598980,3721612,3840476,1650052
6616,1,1421,915,0,506,0,79316584,38594012,49164316,88,10812932,,17925420,22378688,21282784,17729692,,12816708,6627144,6227656,12922504,,14373736,10307760,9982632,14500188,,12,52,12,12,,1599220,3722248,3841236,1650228
6622,1,1422,915,0,507,0,79336104,38541380,49113828,88,10815116,,17937580,22392788,21281588,17724148,,12795388,6595668,6218232,12932092,,14352704,10277188,9973916,14510020,,12,52,12,12,,1599528,3723156,3841956,1650476
6627,1,1423,915,0,508,0,79414696,38499460,49074180,88,10817116,,17970536,22414348,21283160,17746652,,12796184,6578332,6222760,12902184,,14353904,10260716,9979212,14480348,,12,52,12,12,,1599924,3724024,3842468,1650700
6633,1,1424,915,0,509,0,79366588,38487500,49064464,88,10819612,,17922768,22436228,21226136,17781456,,12823188,6540592,6257592,12866128,,14381184,10223848,10014924,14444508,,12,52,12,12,,1600204,3724900,3843588,1650920
6638,2,1425,915,0,510,0,79366664,38514568,49093532,88,10821616,,17964532,22397384,21228440,17776308,,12783340,6597628,6252492,12881108,,14341616,10281664,10010544,14459708,,12,52,12,12,,1600472,3725672,3844312,1651160
6644,1,1426,915,0,511,0,79301468,38537308,49117872,88,10823212,,17934588,22384936,21255332,17726612,,12791680,6595532,6231852,12918244,,14350368,10280000,9990400,14497104,,12,52,12,12,,1600892,3726096,3844808,1651416
6649,2,1427,915,0,512,0,79382252,38531396,49108760,88,10820032,,17928072,22409500,21305940,17738740,,12829312,6587144,6188776,12926164,,14388244,10272640,9948456,14499420,,12,52,12,12,,1601136,3727120,3845980,1645796
6655,2,1428,915,0,513,0,79447408,38455048,49034800,88,10822392,,17941248,22465872,21315560,17724728,,12817544,6529980,6189636,12917888,,14376748,10216748,9949948,14491356,,12,52,12,12,,1601400,3728404,3846580,1646008
6661,1,1429,915,0,514,0,79436608,38414588,48996900,88,10824956,,17932840,22468724,21275024,17760020,,12794576,6512596,6212160,12895256,,14354040,10200276,9973620,14468964,,12,52,12,12,,1601680,3729312,3847720,1646244
6667,1,1430,915,0,515,0,79398748,38479516,49063524,88,10826696,,17943644,22474652,21233016,17747436,,12795364,6527788,6248756,12907608,,14355148,10215888,10011000,14481488,,12,52,12,12,,1601988,3729764,3848532,1646412
6673,1,1431,915,0,516,0,79387596,38524932,49105392,88,10823068,,17978728,22397668,21257112,17754088,,12782864,6595764,6247088,12899216,,14337040,10284872,10010168,14473312,,12,52,12,12,,1596364,3730736,3849332,1646636
6679,1,1432,915,0,517,0,79312704,38557036,49139572,88,10825172,,17921300,22427044,21257212,17707148,,12830664,6548308,6234460,12943604,,14385168,10238184,9998312,14517908,,12,52,12,12,,1596696,3731504,3850128,1646844
6685,1,1433,915,0,518,0,79112120,38759240,49344680,88,10828000,,17954972,22171972,21270300,17714876,,12805232,6803728,6220460,12929820,,14360096,10494920,9985284,14504380,,12,52,12,12,,1597060,3732756,3851084,1647100
6691,1,1434,915,0,519,0,79069180,38771200,49359284,88,10830656,,17931844,22156172,21230496,17750668,,12805396,6802508,6248116,12915180,,14360600,10494672,10014072,14489940,,12,52,12,12,,1597400,3733704,3852248,1647304
6697,1,1435,915,0,520,0,79067132,38814656,49404688,88,10832592,,17954284,22129468,21235556,17747824,,12805872,6842192,6252480,12914112,,14361440,10534912,10019264,14489072,,12,52,12,12,,1597764,3734260,3853068,1647500
6703,1,1436,915,0,521,0,79090624,38807768,49399704,88,10834496,,17977324,22133624,21263420,17716256,,12772600,6850936,6241676,12942556,,14328492,10544452,10009004,14517756,,12,52,12,12,,1598084,3735088,3853580,1647744
6708,2,1437,915,0,522,0,79104048,38774636,49368956,88,10836868,,17944772,22126812,21308192,17724272,,12801432,6850272,6181052,12941880,,14357640,10544844,9949232,14517240,,12,52,12,12,,1598412,3736112,3854440,1647904
6714,1,1438,915,0,523,0,79129528,38731272,49324136,88,10839508,,17960588,22157468,21297652,17713820,,12781748,6828464,6180488,12940572,,14338312,10524100,9945536,14516188,,12,52,12,12,,1598752,3737204,3855400,1648152
6720,2,1439,915,0,524,0,79116460,38763184,49358768,88,10842236,,17931148,22150276,21277956,17757080,,12827256,6825920,6206916,12903092,,14384136,10522536,9973036,14479060,,12,52,12,12,,1599076,3738156,3856496,1648508
6726,1,1440,915,0,525,0,79077496,38794320,49391792,88,10844104,,17951464,22129824,21215356,17780852,,12799324,6855184,6270796,12869016,,14356512,10552404,10037720,14445156,,12,52,12,12,,1599388,3738748,3857288,1648680
6732,2,1441,915,0,526,0,79094528,38764460,49364500,88,10846656,,17931708,22122236,21249668,17790916,,12814316,6833876,6247968,12868300,,14371920,10532080,10015848,14444652,,12,52,12,12,,1599792,3739748,3858224,1648892
6739,1,1442,915,0,527,0,79081648,38779696,49381744,88,10848664,,17930428,22139996,21279060,17732164,,12829056,6836312,6212072,12902256,,14386912,10535272,9980704,14478856,,12,52,12,12,,1600044,3740484,3858996,1649140
6744,1,1443,915,0,528,0,79145220,38713036,49317928,88,10851492,,17940944,22226140,21257964,17720172,,12806032,6752208,6238504,12916292,,14364268,10452272,10008244,14493144,,12,52,12,12,,1600424,3741588,3860088,1649392
6750,1,1444,915,0,529,0,79123836,38720676,49327992,88,10853924,,17940396,22227140,21214360,17741940,,12792064,6738120,6271532,12918960,,14350608,10439016,10042352,14496016,,12,52,12,12,,1600740,3742416,3861176,1649592
6756,2,1445,915,0,530,0,79085436,38816144,49425312,88,10855780,,17939680,22182392,21216328,17747036,,12822064,6790840,6278276,12924964,,14380912,10492328,10049836,14502236,,12,52,12,12,,1601044,3743012,3861912,1649812
6763,1,1446,915,0,531,0,79133156,38715768,49327092,88,10857932,,17964612,22185220,21250800,17732524,,12784960,6768612,6248248,12913948,,14344100,10471136,10020412,14491444,,12,52,12,12,,1601332,3744048,3862520,1650032
6768,1,1447,915,0,532,0,79096936,38714364,49327880,88,10860116,,17931276,22196680,21254652,17714328,,12810936,6763212,6216164,12924052,,14370260,10466752,9989144,14501724,,12,52,12,12,,1601524,3745052,3863324,1650216
6773,2,1448,915,0,533,0,79201756,38670868,49286984,88,10862704,,17957056,22237028,21287308,17720364,,12790284,6744636,6195376,12940572,,14349956,10449252,9969312,14518464,,12,52,12,12,,1601872,3746132,3864268,1650432
6779,2,1449,915,0,534,0,79304748,38548208,49160596,88,10859020,,18019348,22311304,21223916,17750180,,12741480,6653520,6247704,12905504,,14301460,10352852,10022668,14483616,,12,52,12,12,,1602180,3740848,3865344,1650648
6785,2,1450,915,0,535,0,79329372,38544444,49158800,88,10860944,,17983828,22322088,21223568,17799888,,12763736,6660068,6259696,12860944,,14323992,10360028,10035532,14439248,,12,52,12,12,,1602456,3741464,3866180,1650844
6791,1,1451,915,0,536,0,79175744,38653604,49270260,88,10863260,,17948132,22252092,21238076,17737444,,12784868,6731296,6232628,12904812,,14345444,10432136,10009380,14483300,,12,52,12,12,,1602772,3742360,3867096,1651032
6797,2,1452,915,0,537,0,79246432,38613592,49232460,88,10865476,,17950816,22266516,21304872,17724228,,12802324,6715088,6168692,12927488,,14363284,10416684,9946304,14506188,,12,52,12,12,,1603152,3743124,3867952,1651248
6803,2,1453,915,0,538,0,79251584,38601008,49222520,88,10868088,,17927884,22303172,21287080,17733448,,12821708,6678852,6181440,12919008,,14382976,10381552,9960048,14497944,,12,52,12,12,,1603460,3744192,3868952,1651484
6809,2,1454,915,0,539,0,79260332,38571968,49195964,88,10870600,,17923876,22324012,21269396,17743048,,12800780,6655676,6202684,12912828,,14362464,10359212,9982340,14491948,,12,52,12,12,,1603876,3745032,3870024,1651668
6815,1,1455,915,0,540,0,79286144,38571464,49197268,88,10872384,,17946964,22337604,21265352,17736224,,12799912,6640256,6218440,12912856,,14361868,10344308,9998872,14492220,,12,52,12,12,,1604148,3745548,3870780,1651908
6820,2,1456,915,0,541,0,79293052,38551452,49179200,88,10874392,,17971828,22273940,21265584,17781700,,12772016,6699772,6210408,12869256,,14334304,10404652,9991340,14448904,,12,52,12,12,,1604484,3746380,3871328,1652200
6826,1,1457,915,0,542,0,79277720,38523464,49153504,88,10876652,,17981404,22269560,21291548,17735208,,12758644,6692740,6177392,12894688,,14321288,10398528,9959196,14474492,,12,52,12,12,,1604864,3747288,3872148,1652352
6832,1,1458,915,0,543,0,79278984,38545668,49178236,88,10879152,,17927328,22291456,21330964,17729236,,12813880,6669780,6133572,12928436,,14376876,10376572,9916304,14508484,,12,52,12,12,,1605188,3748296,3873076,1652592
6837,2,1459,915,0,544,0,79305396,38527104,49161692,88,10881172,,17972524,22294688,21298968,17739216,,12771980,6669732,6167692,12917700,,14335216,10377380,9951096,14498000,,12,52,12,12,,1605432,3749144,3873752,1652844
6843,1,1460,915,0,545,0,79405896,38436304,49073068,88,10883364,,17999092,22349988,21253192,17803624,,12753744,6616412,6212824,12853324,,14317300,10324940,9997064,14433764,,12,52,12,12,,1605772,3750032,3874588,1652972
6848,2,1461,915,0,546,0,79287516,38523720,49162688,88,10885544,,17972188,22307060,21263020,17745248,,12770760,6639880,6219684,12893396,,14334660,10349216,10004792,14474020,,12,52,12,12,,1606084,3750844,3875448,1653168
6854,2,1462,915,0,547,0,79315736,38540384,49181528,88,10887724,,18007456,22286756,21280172,17741352,,12751172,6680488,6201324,12907400,,14315384,10390376,9987580,14488188,,12,52,12,12,,1606408,3751396,3876596,1653324
6860,1,1463,915,0,548,0,79312664,38487260,49130292,88,10889652,,17948784,22293092,21330120,17740668,,12786100,6671272,6137684,12892204,,14350572,10381752,9924720,14473248,,12,52,12,12,,1606692,3751988,3877388,1653584
6865,1,1464,915,0,549,0,79311180,38478720,49124224,88,10892096,,17956052,22334904,21280948,17739276,,12782892,6621436,6164360,12910032,,14347720,10333148,9952068,14491288,,12,52,12,12,,1607036,3753220,3878048,1653792
6871,2,1465,915,0,550,0,79394492,38440824,49088884,88,10894648,,17973592,22359736,21292832,17768332,,12762052,6590124,6197708,12890940,,14327208,10302744,9986500,14472432,,12,52,12,12,,1607348,3754128,3879140,1654032
6877,1,1466,915,0,551,0,79312328,38529836,49179576,88,10896336,,17966888,22313636,21263484,17768320,,12787260,6650376,6203772,12888428,,14352736,10363400,9993276,14470164,,12,52,12,12,,1607684,3754524,3879856,1654272
6882,2,1467,915,0,552,0,79352156,38479776,49131472,88,10898304,,17986192,22323728,21274436,17767800,,12759648,6640664,6189392,12890072,,14325496,10354584,9979456,14471936,,12,52,12,12,,1608048,3755440,3880400,1654416
6888,2,1468,915,0,553,0,79292228,38551964,49210796,88,10905472,,17951652,22320984,21279144,17740448,,12791944,6656256,6177844,12925920,,14358140,10375408,9969172,14508076,,12,52,12,12,,1608396,3760656,3881720,1654700
6895,1,1469,915,0,554,0,79336004,38494368,49155492,88,10907724,,17978384,22315868,21295220,17746532,,12764836,6643048,6176516,12909968,,14331404,10363348,9968452,14492288,,12,52,12,12,,1608764,3761820,3882280,1654860
6900,2,1470,915,0,555,0,79332076,38479128,49142632,88,10910144,,17965544,22333048,21269444,17764040,,12772032,6627808,6190744,12888544,,14338896,10348960,9983716,14471060,,12,52,12,12,,1609076,3762668,3883340,1655060
6906,2,1471,915,0,556,0,79290992,38515924,49181220,88,10911880,,17974096,22301328,21262308,17753260,,12775012,6651676,6188400,12900836,,14342184,10373404,9982056,14483576,,12,52,12,12,,1609372,3763228,3884000,1655280
6912,1,1472,915,0,557,0,79314300,38544036,49213928,88,10916504,,17998196,22306964,21275044,17734096,,12761880,6647568,6206368,12928220,,14331444,10370212,10001080,14511192,,12,52,12,12,,1611752,3764176,3885056,1655520
6918,1,1473,915,0,558,0,79338860,38475596,49147396,88,10918392,,17963632,22318032,21331096,17726100,,12756488,6640444,6141316,12937348,,14326332,10363844,9936764,14520456,,12,52,12,12,,1612032,3764924,3885788,1655648
6923,2,1474,915,0,559,0,79213268,38588228,49262748,88,10921104,,17943044,22414948,21111060,17744216,,12797864,6534528,6349996,12905840,,14368112,10259084,10146408,14489144,,12,52,12,12,,1612440,3766060,3886764,1655840
6930,1,1475,915,0,560,0,79430336,38354532,49031628,88,10923700,,17993908,22510000,21160652,17765776,,12748156,6439708,6289796,12876872,,14318748,10165108,10087320,14460452,,12,52,12,12,,1612792,3766904,3887884,1656120
6935,2,1476,915,0,561,0,79431568,38367744,49046800,88,10925644,,17936108,22550932,21165468,17779060,,12796316,6398608,6294172,12878648,,14367208,10124648,10092520,14462424,,12,52,12,12,,1613084,3767552,3888696,1656312
6941,1,1477,915,0,562,0,79401816,38382184,49063124,88,10927544,,17986952,22493304,21191764,17729796,,12761280,6463264,6262628,12895012,,14332484,10190044,10061588,14479008,,12,52,12,12,,1613416,3768284,3889308,1656536
6947,1,1478,915,0,563,0,79435228,38332472,49020304,88,10934428,,17940284,22500304,21258700,17735940,,12796052,6454872,6183084,12898464,,14367672,10182968,9986988,14482676,,12,52,12,12,,1613820,3769592,3894264,1656752
6953,2,1479,915,0,564,0,79444200,38338324,49028920,88,10937180,,17961524,22541288,21212548,17728840,,12776032,6406732,6235900,12919660,,14348000,10135960,10040856,14504104,,12,52,12,12,,1614168,3770728,3895300,1656984
6959,2,1480,915,0,565,0,79540016,38229164,48922196,88,10939616,,18012624,22566644,21194096,17766652,,12726560,6377000,6247968,12877636,,14298932,10107108,10053872,14462284,,12,52,12,12,,1614568,3771620,3896244,1657184
6966,1,1481,915,0,566,0,79444436,38325236,49020336,88,10941684,,17960400,22577204,21136988,17769844,,12770668,6363056,6324492,12867020,,14343352,10093860,10131284,14451840,,12,52,12,12,,1614868,3772308,3897132,1657376
6972,1,1482,915,0,567,0,79436900,38348144,49045468,88,10943924,,17995544,22505400,21153056,17782900,,12749916,6445480,6296352,12856396,,14322932,10177124,10103992,14441420,,12,52,12,12,,1615212,3773172,3897992,1657548
6977,1,1483,915,0,568,0,79389264,38359112,49058428,88,10945888,,17948688,22492520,21206952,17741104,,12789612,6447712,6242672,12879116,,14362952,10179940,10051116,14464420,,12,52,12,12,,1615540,3773724,3898788,1657836
6983,1,1484,915,0,569,0,79425088,38315032,49016896,88,10948480,,17956112,22528240,21211852,17728884,,12772416,6416864,6214520,12911232,,14346080,10150076,10023936,14496804,,12,52,12,12,,1615856,3774712,3899808,1658104
6989,1,1485,915,0,570,0,79417116,38345952,49050328,88,10950968,,18005288,22522620,21135516,17753692,,12730196,6415976,6304940,12894840,,14304236,10150424,10115104,14480564,,12,52,12,12,,1616236,3775972,3900508,1658252
6994,2,1486,915,0,571,0,79334392,38414892,49121480,88,10953140,,17967392,22456188,21141832,17768980,,12751904,6490916,6297752,12874320,,14326288,10225892,10109044,14460256,,12,52,12,12,,1616580,3776468,3901628,1658464
7000,1,1487,915,0,572,0,79358100,38419888,49128244,88,10954904,,17980364,22461040,21152708,17763988,,12753048,6471984,6301244,12893612,,14327608,10207780,10113120,14479736,,12,52,12,12,,1616756,3777288,3902212,1658648
7005,1,1488,915,0,573,0,79345540,38421352,49131468,88,10956676,,17967820,22466208,21184276,17727236,,12763024,6468344,6273720,12916264,,14337908,10204732,10086292,14502536,,12,52,12,12,,1617072,3777884,3902908,1658812
7010,2,1489,915,0,574,0,79424512,38333104,49045680,88,10959128,,17961092,22476904,21247900,17738616,,12774320,6450892,6192936,12914956,,14349640,10188208,10006420,14501412,,12,52,12,12,,1617496,3778816,3903836,1658980
7017,1,1490,915,0,575,0,79503780,38261396,48976200,88,10961344,,17994248,22476672,21279404,17753456,,12740264,6455416,6164760,12900956,,14315832,10193960,9978800,14487608,,12,52,12,12,,1617744,3780036,3904376,1659188
7022,2,1491,915,0,576,0,79365080,38405880,49123264,88,10963944,,17933328,22512580,21173524,17745648,,12794860,6432848,6276636,12901536,,14370756,10172356,10091724,14488428,,12,52,12,12,,1618088,3781008,3905428,1659420
7028,1,1492,915,0,577,0,79410836,38330260,49049752,88,10966080,,17970120,22485348,21179604,17775764,,12763884,6430268,6256140,12879968,,14340100,10170660,10071876,14467116,,12,52,12,12,,1618392,3781908,3906108,1659672
7034,1,1493,915,0,578,0,79465952,38223204,48944392,88,10967780,,17973980,22470656,21202404,17818912,,12738296,6451600,6225188,12808120,,14314788,10192452,10041760,14395392,,12,52,12,12,,1618672,3782384,3906924,1659800
7039,1,1494,915,0,579,0,79395912,38321864,49049376,88,10974060,,17934552,22483180,21239784,17738396,,12799224,6433116,6186708,12902816,,14375960,10178736,10004368,14490312,,12,52,12,12,,1618916,3787124,3908000,1660020
7044,2,1495,915,0,580,0,79470580,38258688,48988544,88,10976408,,17961208,22521300,21232092,17755980,,12777364,6412812,6192728,12875784,,14354472,10159532,10011000,14463540,,12,52,12,12,,1619292,3788220,3908608,1660288
7051,1,1496,915,0,581,0,79393368,38331184,49063540,88,10978896,,17946304,22487988,21177212,17781864,,12779492,6431476,6259172,12861044,,14356908,10179088,10078512,14449032,,12,52,12,12,,1619600,3789104,3909680,1660512
7056,1,1497,915,0,582,0,79417052,38323264,49057376,88,10980676,,17952876,22498680,21203180,17762316,,12769696,6441836,6237136,12874596,,14347368,10190020,10057232,14462756,,12,52,12,12,,1619852,3789708,3910436,1660680
7061,2,1498,915,0,583,0,79401312,38331212,49067364,88,10982736,,17994012,22437112,21222264,17747924,,12724704,6492968,6226188,12887352,,14302764,10242088,10046864,14475648,,12,52,12,12,,1620228,3790624,3911036,1660848
7068,1,1499,915,0,584,0,79404532,38331076,49069576,88,10985044,,17952572,22447628,21269488,17734844,,12772564,6483592,6171548,12903372,,14350916,10233776,9992972,14491912,,12,52,12,12,,1620524,3791680,3911764,1661076
7074,1,1500,915,0,585,0,79423236,38282920,49023736,88,10987376,,17944740,22459132,21269372,17749992,,12794112,6452224,6147860,12888724,,14372788,10203084,9970324,14477540,,12,52,12,12,,1620852,3792364,3912816,1661344
7079,1,1501,915,0,586,0,79429092,38293316,49036444,88,10989688,,17954944,22460412,21259728,17754008,,12778756,6471664,6152996,12889900,,14357732,10223688,9976100,14478924,,12,52,12,12,,1621128,3793548,3913464,1661548
7084,2,1502,915,0,587,0,79421924,38310012,49055512,88,10992032,,17942516,22496072,21207164,17776172,,12796120,6435168,6205060,12873664,,14375408,10187868,10029304,14462932,,12,52,12,12,,1621440,3794200,3914588,1661804
7090,2,1503,915,0,588,0,79462396,38270908,49018532,88,10994124,,18003856,22443048,21217136,17798356,,12736396,6476784,6213608,12844120,,14315960,10230196,10038772,14433604,,12,52,12,12,,1621692,3794912,3915504,1662016
7096,1,1504,915,0,589,0,79380720,38315452,49064916,88,10995964,,17945408,22448244,21236716,17750352,,12782192,6475156,6187112,12870992,,14362020,10229184,10013072,14460640,,12,52,12,12,,1621952,3795532,3916300,1662180
7101,1,1505,915,0,590,0,79393648,38288264,49039520,88,10997776,,17949360,22450976,21278944,17714368,,12774908,6455940,6143460,12913956,,14354988,10210552,9970132,14503848,,12,52,12,12,,1622200,3796108,3917044,1662424
7107,2,1506,915,0,591,0,79452624,38276324,49030380,88,11000580,,17964096,22451876,21271712,17764940,,12775380,6484976,6138536,12877432,,14355872,10240820,9966160,14467528,,12,52,12,12,,1622604,3797364,3917980,1662632
7113,2,1507,915,0,592,0,79454672,38220468,48977372,88,11003364,,17964772,22488336,21187064,17814500,,12757248,6427260,6212780,12823180,,14338164,10184108,10041612,14413488,,12,52,12,12,,1623016,3798356,3919160,1662832
7120,1,1508,915,0,593,0,79279004,38441952,49200844,88,11005352,,17968048,22438616,21145540,17726800,,12777412,6468432,6285264,12910844,,14358628,10226144,10114692,14501380,,12,52,12,12,,1623300,3799216,3919776,1663060
7126,1,1509,915,0,594,0,79296820,38412596,49173572,88,11007436,,17930960,22445928,21176588,17743344,,12802344,6467652,6246064,12896536,,14383976,10226000,10076320,14487276,,12,52,12,12,,1623712,3799848,3920612,1663264
7131,1,1510,915,0,595,0,79356952,38353132,49116592,88,11009936,,17948832,22453212,21216444,17738464,,12784880,6453272,6210260,12904720,,14366756,10212840,10041384,14495612,,12,52,12,12,,1623968,3801064,3921492,1663412
7137,1,1511,915,0,596,0,79407316,38326180,49091584,88,11011888,,17962932,22514072,21175728,17754584,,12767216,6414120,6239220,12905624,,14349484,10174512,10070816,14496772,,12,52,12,12,,1624344,3801924,3921944,1663676
7143,2,1512,915,0,597,0,79470352,38232180,49000468,88,11014756,,17955888,22554964,21153208,17806292,,12764084,6370704,6261020,12836372,,14346784,10132156,10093748,14427780,,12,52,12,12,,1624768,3802968,3923072,1663948
7149,2,1513,915,0,598,0,79408424,38278356,49048772,88,11016876,,17980648,22510276,21149884,17767616,,12755688,6387808,6267416,12867444,,14338648,10150100,10100928,14459096,,12,52,12,12,,1625032,3803788,3923876,1664180
7155,1,1514,915,0,599,0,79400020,38316328,49089052,88,11019176,,17983700,22504680,21178660,17732980,,12739428,6419508,6240892,12916500,,14322716,10182376,10075624,14508336,,12,52,12,12,,1625368,3804380,3925072,1664356
7160,1,1515,915,0,600,0,79395304,38294508,49068984,88,11020896,,17946568,22509804,21205164,17733768,,12777080,6413028,6198312,12906088,,14360596,10176500,10033732,14498156,,12,52,12,12,,1625584,3804968,3925756,1664588
7165,1,1516,915,0,601,0,79469920,38247088,49023624,88,11022964,,17969764,22549280,21214680,17736196,,12758472,6380844,6207692,12900080,,14342256,10145396,10043664,14492308,,12,52,12,12,,1625856,3806052,3926304,1664752
7170,1,1517,915,0,602,0,79553776,38132644,48911600,88,11025388,,17984684,22559336,21243844,17765912,,12736160,6351164,6161308,12884012,,14320216,10116588,9998352,14476444,,12,52,12,12,,1626128,3806920,3927388,1664952
7176,1,1518,915,0,603,0,79493296,38186628,48967576,88,11027416,,17961660,22556692,21208016,17766928,,12750220,6370856,6196428,12869124,,14334712,10136896,10034240,14461728,,12,52,12,12,,1626560,3807568,3928156,1665132
7181,2,1519,915,0,604,0,79482492,38193732,48976700,88,11029376,,17996700,22489576,21225576,17770640,,12727196,6414016,6200284,12852236,,14311996,10181032,10038684,14444988,,12,52,12,12,,1626848,3808512,3928732,1665284
7187,2,1520,915,0,605,0,79452208,38262492,49048140,88,11032068,,17929072,22508256,21287264,17727616,,12810312,6412132,6128768,12911280,,14395536,10180308,9967992,14504304,,12,52,12,12,,1627276,3809676,3929576,1665540
7194,1,1521,915,0,606,0,79550548,38164708,48952892,88,11034632,,17933264,22613048,21262392,17741844,,12796668,6311400,6150036,12906604,,14382176,10080636,9990248,14499832,,12,52,12,12,,1627552,3810740,3930580,1665760
7199,2,1522,914,0,608,1,79573484,38113688,48904372,88,11037096,,17990304,22616532,21216608,17750040,,12733464,6292904,6197908,12889412,,14319284,10063080,10039164,14482844,,12,52,12,12,,1627876,3811676,3931592,1665952
7206,1,1523,914,0,609,1,79509960,38173908,48966580,88,11039080,,17946688,22590248,21219588,17753436,,12781432,6316484,6179660,12896332,,14367608,10087320,10021660,14489992,,12,52,12,12,,1628224,3812344,3932340,1666172
7211,2,1524,914,0,610,1,79344536,38348892,49143972,88,11041476,,17944884,22600116,21002448,17797088,,12778196,6304824,6421452,12844420,,14364740,10076528,10264388,14438316,,12,52,12,12,,1628592,3813212,3933268,1666404
7217,2,1525,914,0,611,1,79290732,38373268,49170424,88,11043564,,17938088,22584768,21045528,17722348,,12778796,6325116,6363828,12905528,,14365588,10097644,10207580,14499612,,12,52,12,12,,1628848,3814024,3934088,1666604
7223,2,1526,914,0,612,1,79367580,38271124,49071016,88,11046316,,17955996,22617428,21050268,17743888,,12753552,6283608,6345088,12888876,,14340668,10057348,10189848,14483152,,12,52,12,12,,1629168,3815248,3935096,1666804
7230,1,1527,914,0,613,0,79366768,38334336,49140436,88,11053900,,17977900,22629772,20994724,17764372,,12761876,6281156,6409332,12881972,,14349300,10059412,10255192,14476532,,12,52,12,12,,1629488,3821152,3936188,1667072
7236,1,1528,915,0,613,0,79285928,38379056,49188776,88,11055960,,17958488,22568860,21017840,17740740,,12757496,6350336,6387196,12884028,,14345284,10130892,10233796,14478804,,12,52,12,12,,1629832,3821908,3936928,1667292
7241,2,1529,915,0,614,0,79333040,38364404,49176044,88,11057928,,18003724,22554432,21019380,17755504,,12730876,6346724,6403652,12883152,,14318940,10128068,10250880,14478156,,12,52,12,12,,1630112,3822716,3937576,1667524
7247,2,1530,915,0,615,0,79329568,38305560,49119712,88,11060456,,17952936,22557012,21072344,17747276,,12749076,6342984,6327620,12885880,,14337496,10125588,10175604,14481024,,12,52,12,12,,1630464,3823992,3938328,1667672
7253,1,1531,915,0,616,0,79316016,38338880,49155476,88,11062724,,17950508,22594364,21027768,17743376,,12756420,6299016,6389876,12893568,,14345128,10082544,10238872,14488932,,12,52,12,12,,1630748,3824712,3939372,1667892
7259,2,1532,915,0,617,0,79338684,38333004,49152252,88,11065328,,17951008,22621148,21009692,17756836,,12774152,6290980,6395476,12872396,,14363180,10075524,10245564,14467984,,12,52,12,12,,1631068,3825724,3940436,1668100
7266,1,1533,915,0,618,0,79383448,38301000,49122240,88,11067444,,17961984,22644372,21007228,17769864,,12769900,6266688,6406680,12857732,,14359320,10051804,10257584,14453532,,12,52,12,12,,1631476,3826404,3941240,1668324
7271,2,1534,915,0,619,0,79456772,38224948,49048396,88,11069700,,18016500,22598064,21039124,17803084,,12723940,6299136,6365428,12836444,,14313600,10085024,10217276,14432496,,12,52,12,12,,1631712,3827228,3942188,1668572
7277,2,1535,915,0,620,0,79353724,38301492,49126760,88,11071496,,17950464,22589224,21087044,17726992,,12773364,6318756,6302632,12906740,,14363340,10105100,10155288,14503032,,12,52,12,12,,1632040,3827696,3942992,1668768
7283,1,1536,915,0,621,0,79324524,38314484,49142164,88,11073888,,17935676,22603920,21059692,17725236,,12787020,6295360,6336928,12895176,,14377372,10082616,10190512,14491664,,12,52,12,12,,1632396,3828608,3943916,1668968
7288,1,1537,915,0,622,0,79375656,38266156,49095800,88,11075872,,17978992,22607476,21044716,17744472,,12737392,6288740,6365532,12874492,,14327976,10076808,10219788,14471228,,12,52,12,12,,1632628,3829428,3944600,1669216
7294,1,1538,915,0,623,0,79360200,38280260,49112760,88,11078744,,17941420,22603736,21030916,17784128,,12785224,6284844,6372804,12837388,,14376184,10073928,10228256,14434392,,12,52,12,12,,1633000,3830440,3945816,1669488
7300,1,1539,915,0,624,0,79302892,38348308,49182856,88,11080780,,17984652,22548364,21034196,17735680,,12744672,6342628,6354800,12906208,,14335992,10132556,10210892,14503416,,12,52,12,12,,1633368,3831280,3946444,1669688
7306,2,1540,915,0,625,0,79361548,38279352,49116036,88,11082884,,18029672,22543012,21060688,17728176,,12698268,6346048,6328512,12906524,,14289836,10136832,10185420,14503948,,12,52,12,12,,1633604,3832128,3947248,1669904
7312,2,1541,915,0,626,0,79384584,38240356,49079660,88,11085548,,17961220,22588748,21106736,17727880,,12749392,6294684,6286032,12910248,,14341388,10086400,10143908,14507964,,12,52,12,12,,1634040,3833076,3948232,1670200
7319,1,1542,915,0,627,0,79433204,38193204,49035068,88,11088084,,18004076,22582808,21088048,17758272,,12724596,6295212,6296380,12877016,,14316924,10088180,10155012,14474952,,12,52,12,12,,1634376,3834332,3948960,1670416
7324,2,1543,915,0,628,0,79334312,38297056,49141180,88,11090368,,17968872,22561684,20989348,17814408,,12732604,6330244,6401496,12832712,,14325300,10123752,10261304,14430824,,12,52,12,12,,1634744,3834860,3950160,1670604
7330,2,1544,915,0,629,0,79326084,38314176,49160704,88,11092736,,17981100,22556428,21008452,17780104,,12733576,6325048,6392300,12863252,,14326584,10119448,10253064,14461608,,12,52,12,12,,1635056,3835748,3951100,1670832
7336,2,1545,915,0,630,0,79259308,38367484,49215832,88,11094608,,17961940,22545396,21024100,17727872,,12748316,6347360,6374220,12897588,,14341624,10142348,10235720,14496140,,12,52,12,12,,1635368,3836380,3951828,1671032
7341,2,1546,915,0,631,0,79299088,38318692,49168964,88,11096516,,17957416,22577340,21024020,17740312,,12744100,6310616,6383488,12880488,,14337708,10106100,10245908,14479248,,12,52,12,12,,1635664,3836864,3952748,1671240
7347,1,1547,915,0,632,0,79242880,38360520,49213252,88,11099028,,17958600,22479672,21062428,17742180,,12754132,6393148,6327764,12885476,,14348072,10189860,10190892,14484428,,12,52,12,12,,1635992,3838140,3953464,1671432
7353,1,1548,915,0,633,0,79277736,38311436,49166456,88,11101288,,17955092,22478324,21043764,17800556,,12740316,6400100,6332876,12838144,,14334540,10197768,10196836,14437312,,12,52,12,12,,1636284,3839080,3954276,1671648
7359,1,1549,915,0,634,0,79171000,38426452,49283400,88,11103248,,17981776,22433564,21004036,17751624,,12740204,6452024,6377780,12856444,,14334716,10250480,10242368,14455836,,12,52,12,12,,1636556,3839872,3954936,1671884
7364,1,1550,915,0,635,0,79201016,38455920,49315008,88,11105376,,18017664,22432176,21025440,17725736,,12709752,6447724,6380092,12918352,,14304604,10246752,10245680,14517972,,12,52,12,12,,1636912,3840448,3955900,1672116
7369,2,1551,915,0,636,0,79154332,38483896,49345164,88,11107520,,17957556,22444264,21024896,17727616,,12762140,6431860,6375276,12914620,,14357308,10231836,10241568,14514452,,12,52,12,12,,1637216,3841388,3956600,1672316
7375,1,1552,915,0,637,0,79205176,38393080,49256736,88,11109928,,17956180,22463344,21051968,17733684,,12765032,6412992,6316440,12898616,,14360528,10214144,10183392,14498672,,12,52,12,12,,1637544,3842564,3957284,1672536
7381,2,1553,915,0,638,0,79205532,38406124,49272548,88,11112692,,17952724,22474676,21013724,17764408,,12759780,6409620,6366996,12869728,,14355696,10211764,10235104,14469984,,12,52,12,12,,1637964,3843568,3958432,1672728
7387,1,1554,915,0,639,0,79181632,38384552,49252484,88,11114236,,17959592,22443252,20996492,17782296,,12745748,6432368,6361240,12845196,,14341876,10234896,10230064,14445648,,12,52,12,12,,1638176,3843968,3959160,1672932
7392,2,1555,915,0,640,0,79184740,38402576,49272832,88,11116528,,17941452,22438372,21064056,17740860,,12757244,6450312,6312248,12882772,,14353660,10253708,10182040,14483424,,12,52,12,12,,1638460,3844824,3960108,1673136
7398,1,1556,915,0,641,0,79240808,38388704,49260976,88,11118536,,17950188,22455536,21116384,17718700,,12766184,6440704,6270920,12910896,,14362908,10244820,10141476,14511772,,12,52,12,12,,1638776,3845572,3960864,1673324
7404,1,1557,915,0,642,0,79292588,38348232,49223164,88,11121228,,17947504,22485400,21121356,17738328,,12772112,6404240,6274700,12897180,,14369164,10209496,10146260,14498244,,12,52,12,12,,1639096,3846708,3961892,1673532
7409,2,1558,915,0,643,0,79351756,38237608,49114888,88,11123540,,17993556,22484408,21119596,17754196,,12738288,6388988,6248728,12861604,,14335684,10195068,10121240,14462896,,12,52,12,12,,1639440,3847516,3962844,1673740
7415,2,1559,915,0,644,0,79242136,38372704,49252056,88,11125604,,17955812,22456516,21091492,17738316,,12760932,6423124,6289836,12898812,,14358612,10229836,10163272,14500336,,12,52,12,12,,1639724,3848156,3963748,1673976
7421,2,1560,915,0,645,0,79374424,38245372,49126760,88,11127668,,18015524,22444424,21125268,17789208,,12705812,6434144,6269916,12835500,,14303788,10241768,10143948,14437256,,12,52,12,12,,1640036,3849076,3964352,1674204
7427,2,1561,915,0,646,0,79333664,38224812,49108664,88,11130120,,17960716,22479948,21154672,17738328,,12746888,6402772,6215464,12859688,,14345148,10211552,10090324,14461640,,12,52,12,12,,1640304,3850236,3965180,1674400
7434,1,1562,915,0,647,0,79316648,38285260,49171940,88,11132956,,17969420,22515728,21114236,17717264,,12742776,6356904,6262680,12922900,,14341488,10166804,10138572,14525076,,12,52,12,12,,1640764,3851344,3966212,1674636
7440,1,1563,915,0,648,0,79406720,38170564,49059988,88,11135720,,17965780,22572548,21103860,17764532,,12749760,6299756,6260700,12860348,,14348840,10110608,10137784,14462756,,12,52,12,12,,1641140,3852304,3967420,1674856
7446,2,1564,915,0,649,0,79352436,38235108,49126548,88,11137684,,17978468,22496976,21112256,17764736,,12735848,6384692,6252476,12862092,,14335304,10196160,10130368,14464716,,12,52,12,12,,1641500,3852912,3968204,1675068
7452,2,1565,915,0,650,0,79342008,38253444,49147284,88,11140096,,17966336,22483868,21178384,17713420,,12753784,6385644,6203176,12910840,,14353632,10197968,10081980,14513704,,12,52,12,12,,1641892,3853772,3969120,1675312
7458,2,1566,915,0,651,0,79298960,38294080,49189928,88,11142128,,17925364,22499484,21148168,17725944,,12789868,6379276,6229976,12894960,,14389968,10192352,10109592,14498016,,12,52,12,12,,1642144,3854528,3969952,1675504
7464,2,1567,915,0,652,0,79342644,38267480,49165952,88,11144748,,17947972,22521720,21148168,17724784,,12766244,6357408,6234228,12909600,,14366720,10171604,10114796,14512832,,12,52,12,12,,1642516,3855640,3970896,1675696
7470,1,1568,915,0,653,0,79345152,38216848,49117836,88,11147264,,17981456,22513364,21109376,17740956,,12735932,6326972,6254076,12899868,,14336716,10142036,10135756,14503328,,12,52,12,12,,1642848,3856504,3972008,1675904
7476,1,1569,915,0,654,0,79343444,38222360,49125444,88,11149332,,17948928,22496832,21115148,17782536,,12762408,6361136,6246240,12852576,,14363596,10176844,10128768,14456236,,12,52,12,12,,1643232,3857152,3972840,1676108
7482,1,1570,915,0,655,0,79361588,38196712,49101988,88,11151520,,17968656,22478416,21136176,17778340,,12736364,6380576,6242544,12837228,,14337928,10197208,10125700,14441152,,12,52,12,12,,1643608,3858068,3973472,1676372
7488,2,1571,915,0,656,0,79347440,38211084,49118788,88,11153956,,17943240,22495384,21161332,17747484,,12761428,6370380,6210812,12868464,,14363336,10188068,10094764,14472620,,12,52,12,12,,1643948,3859128,3974276,1676604
7494,1,1572,915,0,657,0,79142232,38425264,49335592,88,11156588,,17950112,22284036,21176452,17731632,,12757676,6586936,6185336,12895316,,14359876,10405788,10070252,14499676,,12,52,12,12,,1644244,3860300,3975232,1676812
7500,1,1573,915,0,657,0,79152372,38459840,49372548,88,11158996,,18019216,22289160,21088112,17755884,,12695720,6588636,6298176,12877308,,14298200,10408368,10184100,14481880,,12,52,12,12,,1644528,3861192,3976260,1677016
7506,1,1574,915,0,659,0,79156192,38412580,49327312,88,11161004,,17974744,22326548,21070132,17784768,,12738804,6520592,6298440,12854744,,14341604,10340972,10185184,14459552,,12,52,12,12,,1644848,3861828,3977068,1677260
7512,1,1575,915,0,660,0,79137752,38443968,49361052,88,11163332,,17990568,22276428,21094148,17776608,,12738668,6586312,6279036,12839952,,14341784,10407536,10166764,14444968,,12,52,12,12,,1645160,3862680,3978040,1677452
7517,2,1576,915,0,661,0,79072864,38471152,49389988,88,11165096,,17930212,22268180,21149768,17724704,,12771808,6577268,6228640,12893436,,14375200,10399008,10117140,14498640,,12,52,12,12,,1645444,3863188,3978808,1677656
7523,1,1577,915,0,662,0,79131916,38407716,49329032,88,11167556,,17961732,22306192,21135060,17728932,,12745736,6552272,6201504,12908204,,14349492,10374964,10090984,14513592,,12,52,12,12,,1645800,3864132,3979792,1677832
7528,1,1578,915,0,663,0,79170104,38385192,49308768,88,11169848,,17988888,22332276,21095504,17753436,,12711556,6529656,6265020,12878960,,14315456,10353568,10155184,14484560,,12,52,12,12,,1645944,3865364,3980488,1678052
7534,1,1579,915,0,664,0,79175676,38368400,49294144,88,11172008,,17955388,22352000,21061164,17807124,,12747196,6502804,6303588,12814812,,14351408,10327232,10194912,14420592,,12,52,12,12,,1646288,3865868,3981632,1678220
7540,2,1580,915,0,665,0,78901492,38623452,49551328,88,11174128,,17991920,22309472,20870784,17729316,,12726604,6533256,6479392,12884200,,14331232,10358536,10371312,14490248,,12,52,12,12,,1646672,3866728,3982240,1678488
7546,2,1581,915,0,666,0,78858904,38663852,49593988,88,11176392,,17951516,22263156,20907832,17736400,,12738868,6611100,6434104,12879780,,14343824,10437356,10326768,14486040,,12,52,12,12,,1647004,3867700,3982984,1678704
7552,1,1582,915,0,667,0,78893836,38669128,49601692,88,11178824,,17939620,22307388,20916872,17729956,,12759748,6558192,6447428,12903760,,14365004,10385416,10341052,14510220,,12,52,12,12,,1647304,3868664,3983952,1678904
7557,2,1583,915,0,668,0,78896672,38655660,49590108,88,11180752,,17968216,22296828,20882984,17748644,,12752452,6544240,6476160,12882808,,14357964,10372344,10370376,14489424,,12,52,12,12,,1647556,3869544,3984600,1679052
7563,1,1584,915,0,668,0,78970596,38583524,49520228,88,11183000,,17977572,22280312,20956976,17755736,,12727876,6573580,6403904,12878164,,14333680,10402556,10299028,14484964,,12,52,12,12,,1647876,3870432,3985428,1679264
7569,1,1585,915,0,670,0,78953368,38595172,49534176,88,11185256,,17956092,22321792,20942392,17733092,,12742884,6540928,6423684,12887676,,14349080,10370772,10319552,14494772,,12,52,12,12,,1648244,3871284,3986188,1679540
7575,2,1586,915,0,671,0,79076576,38502980,49444752,88,11188048,,17944328,22351540,21035960,17744748,,12769596,6517716,6331912,12883756,,14376200,10348256,10229208,14491088,,12,52,12,12,,1648664,3871988,3987624,1679772
7582,1,1587,915,0,672,0,79160516,38382792,49327140,88,11190588,,17944380,22436144,21037972,17742020,,12765124,6414504,6317796,12885368,,14372032,10246108,10216064,14492936,,12,52,12,12,,1648952,3873028,3988584,1680024
7588,1,1588,915,0,673,0,79205764,38333308,49284272,88,11197220,,17992836,22440116,20994764,17778048,,12710300,6413820,6362668,12846520,,14321704,10246672,10261640,14454256,,12,52,12,12,,1653448,3874284,3989308,1680180
7594,1,1589,915,0,674,0,79176544,38363552,49316776,88,11199444,,17953668,22411500,21051288,17760088,,12739316,6451768,6311200,12861268,,14351032,10285152,10211352,14469240,,12,52,12,12,,1653760,3874808,3990464,1680412
7600,1,1590,915,0,675,0,79249336,38305788,49260912,88,11201356,,17985136,22419336,21064072,17780792,,12723888,6424768,6304944,12852188,,14335868,10259008,10205696,14460340,,12,52,12,12,,1654036,3875668,3991060,1680592
7606,1,1591,915,0,676,0,79206340,38313416,49271084,88,11203896,,17957680,22410840,21086380,17751440,,12744784,6447216,6258024,12863392,,14357196,10282476,10159620,14471792,,12,52,12,12,,1654440,3876704,3991904,1680848
7612,1,1592,915,0,677,0,79253256,38273496,49241680,88,11214448,,17958360,22435772,21120952,17738172,,12736120,6393476,6238920,12904980,,14348904,10233712,10145484,14513580,,12,52,12,12,,1654828,3881656,3996924,1681040
7617,2,1593,915,0,678,0,79363988,38168848,49139856,88,11217236,,18002724,22471908,21124292,17765064,,12700848,6372824,6230424,12864752,,14313940,10214444,10137856,14473616,,12,52,12,12,,1655136,3883052,3997744,1681304
7624,1,1594,915,0,679,0,79228640,38285596,49258796,88,11219416,,17939912,22366052,21125552,17797124,,12754740,6473968,6217444,12839444,,14368204,10316172,10125948,14448472,,12,52,12,12,,1655520,3883632,3998800,1681464
7630,1,1595,915,0,680,0,79235524,38285988,49261588,88,11221840,,17975848,22377672,21108936,17773068,,12727568,6464652,6246872,12846896,,14341368,10307724,10156332,14456164,,12,52,12,12,,1655840,3884508,3999780,1681712
7636,1,1596,915,0,681,0,79230612,38280724,49258424,88,11223912,,17943144,22372860,21158476,17756132,,12743244,6480004,6203196,12854280,,14357416,10323760,10113572,14463676,,12,52,12,12,,1656212,3885180,4000680,1681840
7642,1,1597,915,0,682,0,79216928,38299548,49279560,88,11226308,,17948692,22390984,21143104,17734148,,12749176,6441652,6215204,12893516,,14363656,10286332,10126448,14503124,,12,52,12,12,,1656520,3886144,4001584,1682060
7647,2,1598,915,0,683,0,79322608,38197844,49180096,88,11228532,,17987636,22441492,21141340,17752140,,12712868,6404776,6214444,12865756,,14327660,10250352,10126508,14475576,,12,52,12,12,,1656836,3887016,4002404,1682276
7653,2,1599,915,0,684,0,79239356,38255728,49240564,88,11231064,,17949344,22377720,21120856,17791436,,12745376,6460076,6222032,12828244,,14360520,10306616,10135184,14438244,,12,52,12,12,,1657184,3887976,4003452,1682452
7659,2,1600,915,0,685,0,79307456,38183296,49170144,88,11233100,,17982032,22335304,21209168,17780952,,12718160,6508832,6116284,12840020,,14333560,10356212,10030148,14450224,,12,52,12,12,,1657440,3888808,4004204,1682648
7666,1,1601,915,0,686,0,79271940,38223428,49212740,88,11235544,,17955208,22323716,21259352,17733664,,12751236,6511508,6084860,12875824,,14366956,10359884,9999632,14486268,,12,52,12,12,,1657776,3889800,4005080,1682888
7672,2,1602,915,0,687,0,79362636,38094804,49086908,88,11238320,,17949680,22374924,21300796,17737236,,12739864,6458812,6021080,12875048,,14356064,10308240,9936872,14485732,,12,52,12,12,,1658224,3890860,4006100,1683136
7678,1,1603,915,0,688,0,79329804,38179556,49173640,88,11240264,,17976284,22357600,21265920,17730000,,12720048,6483548,6080844,12895116,,14336472,10333864,9997288,14506016,,12,52,12,12,,1658448,3891740,4006732,1683344
7683,3,1604,915,0,689,0,79387412,38125040,49121824,88,11243004,,17962124,22391352,21236968,17796968,,12745684,6453432,6097508,12828416,,14362452,10304728,10015116,14439528,,12,52,12,12,,1658808,3892724,4007920,1683552
7689,2,1605,915,0,690,0,79370384,38117360,49115696,88,11244576,,17993828,22345088,21231444,17800024,,12706276,6489436,6102604,12819044,,14323280,10341532,10020544,14430340,,12,52,12,12,,1659040,3893524,4008264,1683748
7695,1,1606,915,0,691,0,79374736,38129544,49130404,88,11247088,,18027332,22347412,21262388,17737604,,12677004,6483248,6088384,12880908,,14294384,10335904,10007732,14492384,,12,52,12,12,,1659412,3894076,4009672,1683928
7700,2,1607,915,0,692,0,79331460,38147936,49150892,88,11249164,,17958940,22367444,21270816,17734260,,12729992,6466564,6061680,12889700,,14347732,10319872,9981812,14501476,,12,52,12,12,,1659788,3894720,4010444,1684212
7706,2,1608,915,0,693,0,79451912,38059544,49064748,88,11251412,,17986280,22415968,21303280,17746384,,12715428,6429660,6034960,12879496,,14333528,10284200,9955588,14491432,,12,52,12,12,,1660124,3895964,4010936,1684388
7712,2,1609,915,0,694,0,79316176,38153912,49161620,88,11253936,,17989976,22419832,21154836,17751532,,12689324,6427460,6172772,12864356,,14307796,10282856,10094488,14476480,,12,52,12,12,,1660496,3896840,4012052,1684548
7718,1,1610,915,0,695,0,79268084,38208636,49218496,88,11256008,,18001368,22372076,21146172,17748468,,12707316,6448676,6186188,12866456,,14326092,10304948,10108692,14478764,,12,52,12,12,,1660800,3897684,4012792,1684732
7724,1,1611,915,0,696,0,79216952,38283756,49295844,88,11258256,,17955164,22337020,21188104,17736664,,12732724,6504028,6157264,12889740,,14351872,10360936,10080768,14502268,,12,52,12,12,,1661168,3898332,4013800,1684956
7730,1,1612,915,0,697,0,79260876,38237532,49252108,88,11260800,,17957564,22353896,21216700,17732716,,12734100,6483376,6120368,12899688,,14353644,10341320,10044708,14512436,,12,52,12,12,,1661580,3899352,4014696,1685172
7736,1,1613,915,0,698,0,79301348,38215752,49232816,88,11263236,,17972756,22351992,21231820,17744780,,12741452,6474776,6111220,12888304,,14361384,10334064,10036104,14501264,,12,52,12,12,,1661968,3900700,4015192,1685376
7742,1,1614,915,0,699,0,79316720,38136292,49155852,88,11265708,,17955124,22393048,21199760,17768788,,12747084,6420640,6118708,12849860,,14367324,10280836,10044724,14462968,,12,52,12,12,,1662264,3901596,4016324,1685524
7747,2,1615,915,0,700,0,79331892,38123624,49145300,88,11267832,,17966840,22446040,21182372,17736640,,12721620,6387432,6158636,12855936,,14342208,10248568,10085364,14469160,,12,52,12,12,,1662612,3902544,4017032,1685644
7753,2,1616,915,0,701,0,79228980,38240976,49264964,88,11270220,,17947336,22357952,21190292,17733400,,12743060,6467272,6142944,12887700,,14363992,10328928,10070904,14501140,,12,52,12,12,,1662960,3903088,4018308,1685864
7760,1,1617,915,0,702,0,79236852,38201648,49228016,88,11272516,,17950248,22354820,21200548,17731236,,12738916,6467036,6116072,12879624,,14360200,10329468,10045040,14493308,,12,52,12,12,,1663300,3903844,4019264,1686108
7766,1,1618,915,0,703,0,79256724,38202600,49231388,88,11274944,,17974972,22361996,21175124,17744632,,12732948,6433816,6148768,12887068,,14354644,10297492,10078296,14500956,,12,52,12,12,,1663712,3905092,4019828,1686312
7772,2,1619,915,0,704,0,79329740,38160552,49192044,88,11277708,,17951444,22395128,21182288,17800880,,12747032,6430304,6147032,12836184,,14369036,10295000,10077704,14450304,,12,52,12,12,,1664036,3906136,4020980,1686556
7779,2,1620,915,0,705,0,79303488,38135148,49169260,88,11280284,,17999648,22406368,21162820,17734652,,12686280,6406276,6155040,12887552,,14308724,10271884,10086676,14501976,,12,52,12,12,,1664468,3907016,4021956,1686844
7786,1,1621,915,0,706,0,79280992,38199788,49236404,88,11282772,,17951988,22404916,21195328,17728760,,12738040,6428316,6136912,12896520,,14360800,10294964,10069452,14511188,,12,52,12,12,,1664784,3908060,4022840,1687088
7792,2,1622,915,0,707,0,79359016,38090344,49129580,88,11285404,,17965744,22438452,21228000,17726820,,12727636,6381020,6097484,12884204,,14350800,10248632,10030992,14499156,,12,52,12,12,,1665184,3909024,4023816,1687380
7799,1,1623,915,0,708,0,79334404,38145196,49186936,88,11287892,,18013572,22405176,21152588,17763068,,12685312,6414648,6184784,12860452,,14308812,10283448,10119040,14475636,,12,52,12,12,,1665520,3910216,4024548,1687608
7804,2,1624,915,0,709,0,79313676,38147100,49191340,88,11290408,,17951996,22406168,21163780,17791732,,12755728,6404740,6163248,12823384,,14379660,10274204,10098660,14438816,,12,52,12,12,,1665952,3910876,4025712,1687868
7810,2,1625,915,0,710,0,79248592,38184320,49230832,88,11292660,,17991852,22367476,21158568,17730696,,12704496,6447268,6162764,12869792,,14328684,10317608,10099088,14485452,,12,52,12,12,,1666212,3911748,4026620,1688080
7816,2,1626,915,0,711,0,79223912,38226336,49274828,88,11294640,,17948428,22350916,21185372,17739196,,12747236,6462676,6154816,12861608,,14371848,10333640,10091928,14477412,,12,52,12,12,,1666636,3912372,4027408,1688224
7821,2,1627,915,0,712,0,79266080,38167360,49218256,88,11297052,,17950656,22385488,21210704,17719232,,12734324,6437304,6107016,12888716,,14359136,10309232,10045116,14504772,,12,52,12,12,,1666828,3913340,4028400,1688484
7828,1,1628,915,0,713,0,79328868,38107196,49160512,88,11299492,,17985224,22376340,21212396,17754908,,12691564,6446448,6110076,12859108,,14316768,10319296,10048944,14475504,,12,52,12,12,,1667248,3914252,4029168,1688824
7834,1,1629,915,0,714,0,79350372,38106468,49162444,88,11302124,,17966480,22444196,21151640,17788056,,12730592,6360980,6173724,12841172,,14356148,10234764,10113760,14457772,,12,52,12,12,,1667576,3915192,4030328,1689028
7839,1,1630,915,0,715,0,79279536,38131300,49188888,88,11303760,,17999744,22379872,21165716,17734204,,12696848,6401096,6157152,12876204,,14322672,10275628,10097588,14493000,,12,52,12,12,,1667848,3915932,4030764,1689216
7844,2,1631,915,0,716,0,79348220,38087368,49146996,88,11305812,,18034236,22376808,21196924,17740252,,12651424,6441132,6122260,12872552,,14277544,10316232,10063596,14489624,,12,52,12,12,,1668160,3916504,4031644,1689504
7850,2,1632,915,0,717,0,79294944,38121348,49183572,88,11308364,,17965100,22394540,21202208,17733096,,12708264,6426480,6098152,12888452,,14334804,10302652,10040356,14505760,,12,52,12,12,,1668552,3917584,4032504,1689724
7856,1,1633,915,0,718,0,79305996,38099220,49163648,88,11310576,,17963664,22415988,21184476,17741868,,12730952,6368992,6129600,12869676,,14357784,10246392,10072244,14487228,,12,52,12,12,,1668824,3918812,4032968,1689972
7862,1,1634,915,0,719,0,79271252,38134544,49201420,88,11313012,,17954640,22423232,21137072,17756308,,12718944,6394408,6159256,12861936,,14346012,10272632,10103040,14479736,,12,52,12,12,,1669072,3919632,4034084,1690224
7867,3,1635,915,0,719,0,79291784,38106072,49175348,88,11315440,,17977016,22395600,21154432,17764736,,12713788,6397724,6143308,12851252,,14341240,10276920,10087884,14469304,,12,52,12,12,,1669448,3920616,4034904,1690472
7874,2,1636,915,0,721,0,79268960,38125584,49197256,88,11317828,,17954668,22410672,21175892,17727728,,12717296,6415704,6123588,12868996,,14345092,10295556,10069328,14487280,,12,52,12,12,,1669808,3921264,4036048,1690708
7880,2,1637,915,0,722,0,79303660,38112900,49186916,88,11320144,,17948480,22425864,21213124,17716192,,12729740,6374596,6108464,12900100,,14357904,10255088,10055288,14518636,,12,52,12,12,,1670160,3921908,4037148,1690928
7887,1,1638,915,0,723,0,79386656,38041272,49117688,88,11322556,,17988072,22460896,21204608,17733080,,12702520,6348092,6100988,12889672,,14331048,10229796,10048400,14508444,,12,52,12,12,,1670524,3923112,4037760,1691160
7893,1,1639,915,0,724,0,79323896,38064208,49143428,88,11325320,,17954252,22458300,21171396,17739948,,12736124,6336596,6137624,12853864,,14364972,10219424,10086148,14472884,,12,52,12,12,,1670848,3924236,4038816,1691420
7899,2,1640,915,0,725,0,79248132,38137592,49219268,88,11327816,,17982364,22398444,21165220,17702104,,12692540,6393188,6144108,12907756,,14321856,10276896,10093596,14526920,,12,52,12,12,,1671332,3925132,4039784,1691568
7905,1,1641,915,0,726,0,79251120,38133660,49217208,88,11329692,,17951952,22390164,21189064,17719940,,12726576,6397116,6125012,12884956,,14356204,10281464,10075272,14504268,,12,52,12,12,,1671632,3925764,4040580,1691716
7910,2,1642,915,0,727,0,79295468,38130896,49220484,88,11335680,,17949004,22420528,21197524,17728412,,12731728,6393212,6118632,12887324,,14361604,10278452,10073596,14506832,,12,52,12,12,,1671864,3926652,4045260,1691904
7916,1,1643,915,0,728,0,79363412,38023168,49119324,88,11342268,,17965496,22451092,21209220,17737604,,12710808,6341712,6096452,12874196,,14341052,10232348,10052060,14493864,,12,52,12,12,,1672228,3932068,4045904,1692068
7921,2,1644,915,0,729,0,79379816,37994596,49093312,88,11344832,,17960340,22463080,21196544,17759852,,12702768,6332856,6110396,12848576,,14333312,10224360,10067160,14468480,,12,52,12,12,,1672528,3932944,4047060,1692300
7927,2,1645,915,0,730,0,79316180,38072164,49172692,88,11346664,,17974136,22449028,21145672,17747344,,12714720,6327768,6162768,12866908,,14345608,10219872,10120208,14487004,,12,52,12,12,,1672876,3933516,4047764,1692508
7933,1,1646,915,0,731,0,79319156,38079284,49182324,88,11349124,,18006052,22401276,21182956,17728872,,12671920,6399308,6127056,12881000,,14303196,10292336,10085452,14501340,,12,52,12,12,,1673260,3934436,4048696,1692732
7939,2,1647,915,0,732,0,79387184,37984736,49090084,88,11351452,,17952000,22423732,21289880,17721572,,12723464,6358516,6013012,12889744,,14355052,10252280,9972460,14510292,,12,52,12,12,,1673576,3935168,4049764,1692944
7945,1,1648,915,0,733,0,79453988,37917076,49024688,88,11353732,,17980792,22448084,21296308,17728804,,12690888,6344600,6001032,12880556,,14322772,10239396,9961216,14501304,,12,52,12,12,,1673896,3936200,4050480,1693156
7950,2,1649,915,0,734,0,79531108,37852512,48962584,88,11356164,,18031208,22501232,21240516,17758152,,12660628,6280324,6048884,12862676,,14292900,10175992,10010072,14483620,,12,52,12,12,,1674256,3937076,4051492,1693340
7956,1,1650,915,0,735,0,79550352,37823160,48935252,88,11358192,,17980868,22526080,21252636,17790768,,12682804,6263556,6039684,12837116,,14315388,10159928,10001716,14458220,,12,52,12,12,,1674588,3937784,4052320,1693500
7962,1,1651,915,0,736,0,79565624,37809900,48923932,88,11360112,,18038548,22520036,21228680,17778360,,12646888,6251836,6076064,12835112,,14279864,10148884,10038776,14456408,,12,52,12,12,,1674964,3938468,4053000,1693680
7967,2,1652,915,0,736,0,79532920,37812372,48929024,88,11362744,,17963216,22520328,21309076,17740300,,12713276,6259388,5986996,12852712,,14346560,10157744,9950468,14474252,,12,52,12,12,,1675280,3939764,4053780,1693920
7974,1,1653,915,0,738,0,79509276,37835936,48955240,88,11365356,,17963612,22547356,21256148,17742160,,12711412,6227588,6033156,12863780,,14345040,10127088,9997644,14485468,,12,52,12,12,,1675608,3940908,4054780,1694060
7980,1,1654,915,0,739,0,79575500,37807960,48929812,88,11367900,,18013396,22560220,21241120,17760764,,12677796,6219432,6053892,12856840,,14311740,10119844,10019484,14478744,,12,52,12,12,,1675924,3941816,4055872,1694288
7986,1,1655,915,0,740,0,79520416,37849780,48973540,88,11369844,,17948320,22538564,21226440,17807092,,12734932,6242704,6061348,12810796,,14369172,10143708,10027712,14432948,,12,52,12,12,,1676228,3942428,4056648,1694540
7992,2,1656,915,0,741,0,79538132,37802080,48928236,88,11372224,,17997636,22538352,21252260,17749884,,12678172,6240468,6040804,12842636,,14312780,10142436,10008064,14464956,,12,52,12,12,,1676588,3943380,4057544,1694712
7998,1,1657,915,0,742,0,79475988,37888060,49015824,88,11373832,,17950288,22522132,21272448,17731120,,12726704,6265604,6011728,12884024,,14361528,10167968,9979736,14506592,,12,52,12,12,,1676796,3943804,4058292,1694940
8003,2,1658,915,0,743,0,79541280,37796776,48927260,88,11376512,,17957056,22548936,21302900,17732388,,12716948,6226524,5991792,12861512,,14352164,10129948,9960828,14484320,,12,52,12,12,,1677188,3944836,4059320,1695168
8009,1,1659,915,0,744,0,79548988,37789416,48922652,88,11379336,,17979452,22554240,21242300,17772996,,12693104,6227996,6047724,12820592,,14328596,10132716,10017728,14443612,,12,52,12,12,,1677480,3946132,4060344,1695380
8015,1,1660,915,0,745,0,79432872,37924872,49060060,88,11381244,,17961960,22477124,21254408,17739380,,12723260,6315000,6022068,12864544,,14359088,10220320,9992856,14487796,,12,52,12,12,,1677808,3946744,4061072,1695620
8021,1,1661,915,0,746,0,79433688,37964052,49101236,88,11383212,,17992024,22383000,21263156,17795508,,12703024,6411048,6022764,12827216,,14339184,10317168,9994172,14450712,,12,52,12,12,,1678140,3947520,4061696,1695856
8027,1,1662,915,0,747,0,79515756,37804112,48943592,88,11385504,,18045080,22374336,21364740,17731600,,12623224,6397108,5914168,12869612,,14259628,10304208,9886400,14493356,,12,52,12,12,,1678372,3948508,4062520,1696104
8033,2,1663,915,0,748,0,79523064,37825396,48967436,88,11388052,,17970096,22443420,21367084,17742464,,12702224,6330476,5919952,12872744,,14339036,10238612,9893120,14496668,,12,52,12,12,,1678780,3949540,4063448,1696284
8039,1,1664,915,0,749,0,79615440,37717320,48861664,88,11390388,,17963540,22554640,21328296,17768964,,12708260,6211524,5944344,12853192,,14345368,10120800,9918152,14477344,,12,52,12,12,,1679084,3950704,4064100,1696500
8044,2,1665,915,0,750,0,79498004,37856576,49003320,88,11392780,,17952528,22450960,21297660,17796856,,12716888,6333944,5979408,12826336,,14354376,10243852,9954380,14450712,,12,52,12,12,,1679464,3951312,4065260,1696744
8050,2,1666,915,0,751,0,79471484,37863904,49012980,88,11395096,,17996112,22406284,21315668,17753420,,12685636,6367612,5959356,12851300,,14323476,10278400,9935256,14475848,,12,52,12,12,,1679824,3952184,4066188,1696900
8056,1,1667,915,0,752,0,79444808,37895772,49046940,88,11397216,,17955600,22413272,21327708,17748228,,12717256,6379492,5953224,12845800,,14355352,10290928,9930060,14470600,,12,52,12,12,,1680092,3952840,4067128,1697156
8062,2,1668,915,0,753,0,79458784,37870656,49024556,88,11399956,,17957760,22435960,21333768,17731296,,12720808,6335220,5932732,12881896,,14359360,10247696,9910544,14506956,,12,52,12,12,,1680524,3953872,4068128,1697432
8069,2,1669,915,0,754,0,79585676,37792912,48949496,88,11402600,,18020612,22483072,21321876,17760116,,12668620,6304956,5968504,12850832,,14307492,10218764,9947052,14476188,,12,52,12,12,,1680848,3955204,4068836,1697712
8075,2,1670,915,0,755,0,79535708,37812340,48971192,88,11404904,,17961864,22481176,21291360,17801308,,12719360,6297472,5985284,12810224,,14358568,10211876,9965024,14435724,,12,52,12,12,,1681188,3955824,4070028,1697864
8081,1,1671,915,0,756,0,79561548,37769360,48930148,88,11406816,,18010636,22420224,21350284,17780404,,12655972,6349084,5934216,12830088,,14295548,10264288,9914528,14455784,,12,52,12,12,,1681556,3956608,4070604,1698048
8087,1,1672,915,0,757,0,79519888,37741216,48904244,88,11409100,,17962420,22412716,21399716,17745036,,12711052,6347928,5854420,12827816,,14350996,10264000,9835512,14453736,,12,52,12,12,,1681892,3957528,4071380,1698300
8093,1,1673,915,0,758,0,79557296,37731712,48897440,88,11411772,,17964744,22453912,21396192,17742448,,12698364,6310704,5867380,12855264,,14338656,10227876,9849456,14481452,,12,52,12,12,,1682268,3958564,4072384,1698556
8099,1,1674,914,0,760,1,79599424,37711484,48879904,88,11414460,,18033064,22459300,21365216,17741844,,12652956,6301412,5895208,12861908,,14293580,10219916,9878036,14488372,,12,52,12,12,,1682588,3959924,4073128,1698820
8105,1,1675,914,0,761,1,79499356,37793200,48963816,88,11416664,,17944140,22413432,21347356,17794428,,12715940,6340212,5928100,12808948,,14356932,10259256,9912068,14435560,,12,52,12,12,,1682948,3960448,4074288,1698980
8110,2,1676,914,0,762,1,79567484,37754016,48926788,88,11418772,,17999028,22403564,21361996,17802896,,12680028,6364616,5897116,12812256,,14321352,10284364,9882032,14439040,,12,52,12,12,,1683284,3961144,4075204,1699140
8116,2,1677,914,0,763,1,79459880,37862340,49037132,88,11420820,,17955708,22413436,21384244,17706492,,12724260,6359296,5893752,12885032,,14365868,10279712,9879500,14512052,,12,52,12,12,,1683576,3961824,4076044,1699376
8122,2,1678,914,0,764,1,79546700,37780972,48958532,88,11423596,,17945736,22444452,21425272,17731240,,12732424,6316592,5853356,12878600,,14374472,10238044,9840052,14505964,,12,52,12,12,,1684004,3962856,4077012,1699724
8129,2,1679,914,0,765,1,79599760,37710332,48889732,88,11426560,,18005424,22411808,21417492,17765036,,12672488,6348504,5852472,12836868,,14314880,10270156,9840256,14464440,,12,52,12,12,,1684344,3964212,4078076,1699928
8135,2,1680,914,1,765,0,79552748,37740052,48923100,88,11428864,,17972308,22379676,21385992,17814772,,12670616,6386916,5883828,12798692,,14313372,10310768,9872492,14426468,,12,52,12,12,,1684748,3965036,4078952,1700128
8141,2,1681,915,0,766,0,79633620,37679944,48865240,88,11431180,,17999796,22429768,21412916,17791140,,12681320,6320828,5866040,12811756,,14324536,10245572,9855356,14439776,,12,52,12,12,,1685180,3966004,4079608,1700388
8147,2,1682,915,0,767,0,79583452,37692408,48879776,88,11433248,,17967944,22444792,21451220,17719496,,12694744,6300464,5832176,12865024,,14338212,10225992,9822284,14493288,,12,52,12,12,,1685420,3966808,4080396,1700624
8153,2,1683,915,0,768,0,79669028,37322948,48828328,88,11751120,,17952096,22515532,21462888,17738512,,12712616,6095592,5640580,12874160,,14356552,10177648,9791472,14502656,,12,52,12,12,,1685892,4123188,4241192,1700848
8159,2,1684,915,0,769,0,79674312,37304712,48817192,88,11758156,,17996372,22520008,21391092,17766840,,12667728,6082040,5719928,12835016,,14312080,10169496,9871832,14463784,,12,52,12,12,,1686296,4128556,4242188,1701116
8166,2,1685,915,0,770,0,79695680,37242644,48757412,88,11760452,,17971532,22551296,21426096,17746756,,12699100,6036536,5677672,12829336,,14343860,10124620,9830480,14458452,,12,52,12,12,,1686704,4129180,4243096,1701472
8172,2,1686,915,0,771,0,79352116,37560028,49077160,88,11762812,,17963780,22474932,21181180,17732224,,12690792,6089900,5931328,12848008,,14335884,10178948,10084992,14477336,,12,52,12,12,,1687024,4130156,4243948,1701684
8178,2,1687,915,0,772,0,79431712,37532096,49051380,88,11764956,,17963172,22487960,21244028,17736552,,12707232,6102168,5863360,12859336,,14352636,10191980,10017896,14488868,,12,52,12,12,,1687340,4130908,4244816,1701892
8184,2,1688,915,0,773,0,79346948,37616700,49138520,88,11767528,,17967720,22390668,21267260,17721300,,12701544,6193572,5834264,12887320,,14347256,10284440,9989720,14517104,,12,52,12,12,,1687640,4131988,4245756,1702144
8190,2,1689,915,0,774,0,79448732,37490580,49014960,88,11770092,,17960328,22397196,21317896,17773312,,12700992,6177780,5791984,12819824,,14347088,10269528,9948496,14449848,,12,52,12,12,,1688012,4132900,4246800,1702380
8196,2,1690,915,0,775,0,79417736,37525148,49051608,88,11772212,,17969512,22353384,21295992,17798848,,12692852,6225920,5809088,12797288,,14339272,10318320,9966500,14427516,,12,52,12,12,,1688360,4133564,4247696,1702592
8202,1,1691,915,0,776,0,79444224,37497788,49026300,88,11774248,,18008600,22367332,21331464,17736828,,12665420,6217112,5765680,12849576,,14312176,10310364,9923696,14480064,,12,52,12,12,,1688676,4134424,4248300,1702848
8208,1,1692,915,0,777,0,79471540,37464636,48995496,88,11776636,,17967936,22396128,21380524,17726952,,12702432,6167256,5727896,12867052,,14349516,10261512,9886708,14497760,,12,52,12,12,,1689008,4135452,4249112,1703064
8214,1,1693,915,0,778,0,79507144,37466504,49000088,88,11779344,,17947144,22430336,21392556,17737108,,12721276,6160580,5720832,12863816,,14368736,10256016,9880632,14494704,,12,52,12,12,,1689372,4136636,4250096,1703240
8220,1,1694,915,0,779,0,79241396,37736580,49272864,88,11782044,,17995060,22419528,21065176,17761632,,12677084,6175760,6044536,12839200,,14324904,10272180,10205368,14470412,,12,52,12,12,,1689752,4137608,4251112,1703572
8226,2,1695,915,0,780,0,79173176,37755132,49293608,88,11784192,,17964504,22371988,21066752,17769932,,12699900,6202112,6026488,12826632,,14348156,10299112,10188268,14458072,,12,52,12,12,,1690152,4138192,4252052,1703796
8233,2,1696,915,0,781,0,79193928,37741516,49282568,88,11786800,,17955312,22384784,21109496,17744336,,12689740,6203456,5996936,12851384,,14338400,10301420,10159700,14483048,,12,52,12,12,,1690560,4139172,4253044,1704024
8239,2,1697,915,0,782,0,79220392,37701240,49244852,88,11789344,,17946256,22380604,21164424,17729108,,12718968,6196300,5916656,12869316,,14367936,10295072,10080616,14501228,,12,52,12,12,,1690860,4139956,4254276,1704252
8246,1,1698,915,0,783,0,79350248,37575800,49121952,88,11791840,,17970388,22439612,21178340,17761908,,12683080,6132780,5912552,12847388,,14332420,10232800,10077172,14479560,,12,52,12,12,,1691224,4141200,4254904,1704512
8252,2,1699,915,0,784,0,79236536,37696688,49245444,88,11794516,,17931368,22446900,21071024,17787244,,12741892,6141776,6009136,12803884,,14391656,10242628,10174888,14436272,,12,52,12,12,,1691664,4142104,4256028,1704720
8258,1,1700,915,0,785,0,79201204,37748544,49299160,88,11796396,,17990348,22377128,21083956,17749772,,12691412,6207976,6018540,12830616,,14341484,10309336,10185116,14463224,,12,52,12,12,,1691972,4142612,4256856,1704956
8264,2,1701,915,0,786,0,79216712,37707320,49260564,88,11799016,,17979604,22388952,21108168,17739988,,12674608,6193416,5974852,12864444,,14325044,10295764,10142464,14497292,,12,52,12,12,,1692356,4143588,4257888,1705184
8270,2,1702,915,0,787,0,79265624,37642804,49198516,88,11801508,,17947236,22425248,21160760,17732380,,12688492,6154676,5929756,12869880,,14339320,10258012,10098236,14502948,,12,52,12,12,,1692728,4144580,4258792,1705408
8276,2,1703,915,0,788,0,79211424,37702604,49260592,88,11803760,,17950088,22416652,21079536,17765148,,12700524,6163608,5998144,12840328,,14351684,10268180,10167128,14473600,,12,52,12,12,,1693060,4145808,4259284,1705608
8282,2,1704,915,0,789,0,79272672,37645852,49206472,88,11806436,,17955972,22438648,21108748,17769304,,12694980,6145236,5979984,12825652,,14346456,10250800,10150100,14459116,,12,52,12,12,,1693400,4146836,4260396,1705804
8288,1,1705,915,0,790,0,78997136,37889664,49452504,88,11808636,,17960552,22394852,20878732,17763000,,12711052,6160928,6205128,12812556,,14362820,10267380,10376044,14446260,,12,52,12,12,,1693700,4147700,4261196,1706040
8294,2,1706,915,0,791,0,79023684,37896088,49461384,88,11811076,,18013772,22394132,20893976,17721804,,12663400,6179296,6181156,12872236,,14315544,10286352,10353380,14506108,,12,52,12,12,,1694060,4148296,4262504,1706216
8300,2,1707,915,0,792,0,79050688,37885856,49453200,88,11813108,,17953232,22421968,20928348,17747140,,12718820,6151572,6162704,12852760,,14371328,10259284,10335776,14486812,,12,52,12,12,,1694408,4148948,4263356,1706396
8306,2,1708,915,0,793,0,79109300,37761548,49331264,88,11815500,,17978884,22466608,20911308,17752500,,12674772,6095608,6159944,12831224,,14327636,10204520,10333564,14465544,,12,52,12,12,,1694768,4150172,4263896,1706664
8313,1,1709,915,0,794,0,79087328,37797884,49370292,88,11818208,,17947532,22481640,20917504,17740652,,12713192,6072260,6156524,12855908,,14366388,10182144,10331312,14490448,,12,52,12,12,,1695104,4151168,4265064,1706872
8319,1,1710,915,0,795,0,79057204,37831720,49406504,88,11820556,,17968852,22407104,20912288,17768960,,12687320,6147136,6164852,12832412,,14340908,10257916,10340488,14467192,,12,52,12,12,,1695488,4152020,4265928,1707120
8325,1,1711,915,0,796,0,79125972,37770912,49347696,88,11822632,,18021568,22425480,20933284,17745640,,12648432,6139448,6153172,12829860,,14302332,10250820,10329752,14464792,,12,52,12,12,,1695812,4152656,4266884,1707280
8331,1,1712,915,0,797,0,79105528,37807712,49387176,88,11825252,,17962188,22440664,20977880,17724796,,12690912,6121948,6113452,12881400,,14345240,10234320,10291012,14516604,,12,52,12,12,,1696228,4153620,4267856,1707548
8337,2,1713,915,0,798,0,79212304,37680952,49263112,88,11827952,,17992868,22535928,20918224,17765284,,12679876,6015180,6152940,12832956,,14334572,10128852,10331280,14468408,,12,52,12,12,,1696592,4154944,4268628,1707788
8344,1,1714,915,0,799,0,79327100,37571912,49156612,88,11830508,,18003892,22548796,20981140,17793272,,12652072,6009276,6095648,12814916,,14306984,10123976,10275076,14450576,,12,52,12,12,,1696848,4155944,4269704,1708012
8350,2,1715,915,0,800,0,78890656,37981284,49568108,88,11832556,,17994676,22198064,20943896,17754020,,12656340,6372064,6125900,12826980,,14311644,10487584,10306012,14462868,,12,52,12,12,,1697176,4156772,4270388,1708220
8355,2,1716,915,0,801,0,78939608,37964108,49553316,88,11834948,,17961356,22227636,20999108,17751508,,12703168,6327404,6085592,12847944,,14358768,10443584,10266864,14484100,,12,52,12,12,,1697484,4157424,4271548,1708492
8362,1,1717,915,0,802,0,79012844,37888144,49479856,88,11837472,,17964960,22282064,21037796,17728024,,12694148,6276320,6056056,12861620,,14350076,10393468,10238300,14498012,,12,52,12,12,,1697800,4158392,4272540,1708740
8368,1,1718,915,0,803,0,79084044,37820436,49414352,88,11839656,,17977460,22318512,21036556,17751516,,12683044,6244040,6041352,12852000,,14339332,10362144,10224288,14488588,,12,52,12,12,,1698156,4159348,4273224,1708928
8374,2,1719,915,0,804,0,79067208,37770480,49367072,88,11842308,,17947484,22349144,20974212,17796368,,12687588,6197020,6086156,12799716,,14344168,10316088,10270280,14436536,,12,52,12,12,,1698444,4160312,4274404,1709148
8380,1,1720,915,0,805,0,79054416,37818028,49418560,88,11846268,,17968784,22298648,20987128,17799856,,12673716,6248832,6093364,12802116,,14332592,10368680,10278076,14439212,,12,52,12,12,,1700748,4161088,4275008,1709424
8385,2,1721,915,0,806,0,79005336,37826400,49428996,88,11848312,,17973052,22252120,21027460,17752704,,12682516,6308088,6028500,12807296,,14341736,10428600,10214028,14444632,,12,52,12,12,,1701088,4161760,4275808,1709656
8392,1,1722,915,0,807,0,79044596,37849992,49455460,88,11851192,,17958760,22304848,21033308,17747680,,12701828,6261656,6036696,12849812,,14361396,10383508,10223204,14487352,,12,52,12,12,,1701432,4163100,4276800,1709860
8397,2,1723,915,0,808,0,79096008,37807296,49414916,88,11853332,,17987904,22319852,21040812,17747440,,12680976,6249648,6017220,12859452,,14340848,10372464,10204464,14497140,,12,52,12,12,,1701728,4164060,4277536,1710008
8403,2,1724,915,0,809,0,79024924,37824920,49434840,88,11855628,,17939524,22324216,20989592,17771592,,12705312,6233652,6066248,12819708,,14365508,10357368,10254320,14457644,,12,52,12,12,,1702060,4164964,4278344,1710260
8409,2,1725,915,0,810,0,79059544,37810848,49423004,88,11857956,,17990492,22283340,20987276,17798436,,12668656,6269500,6073296,12799396,,14329188,10394028,10262240,14437548,,12,52,12,12,,1702400,4165780,4279316,1710460
8415,2,1726,915,0,811,0,78892748,37939328,49556028,88,11862392,,17951636,22276500,20928740,17735872,,12700532,6272080,6122392,12844324,,14361428,10397308,10312560,14484732,,12,52,12,12,,1702760,4166476,4280440,1712716
8422,2,1727,915,0,812,0,78905020,37945712,49565304,88,11865308,,17941596,22315284,20911496,17736644,,12717176,6228888,6145736,12853912,,14378560,10355168,10336960,14494616,,12,52,12,12,,1703252,4167532,4281504,1713020
8429,1,1728,915,0,813,0,79049996,37847844,49470088,88,11867956,,18020464,22370932,20906780,17751820,,12636920,6192392,6156008,12862524,,14298616,10320036,10347972,14503464,,12,52,12,12,,1703560,4168892,4282244,1713260
8435,2,1729,915,0,814,0,78986096,37883752,49508376,88,11870320,,17952560,22346144,20925216,17762176,,12706832,6201832,6132956,12842132,,14368928,10330072,10326088,14483288,,12,52,12,12,,1703960,4169488,4283396,1713476
8442,1,1730,915,0,815,0,79116128,37740240,49366916,88,11872412,,18026560,22311180,20970520,17807868,,12637664,6227576,6092596,12782404,,14300060,10356688,10286376,14423792,,12,52,12,12,,1704272,4170380,4284056,1713704
8447,2,1731,915,0,816,0,79011196,37843412,49472568,88,11874876,,17953728,22327420,20976576,17753472,,12709352,6222188,6091216,12820656,,14372068,10352444,10285800,14462256,,12,52,12,12,,1704596,4171504,4284864,1713912
8454,1,1732,915,0,817,0,79039284,37812568,49444412,88,11877556,,17958584,22352512,20997124,17731064,,12697172,6191200,6068404,12855792,,14360240,10322600,10263972,14497600,,12,52,12,12,,1704928,4172660,4285836,1714132
8460,1,1733,915,0,818,0,79118104,37749480,49383964,88,11880212,,17955084,22365500,21015244,17782276,,12705884,6174064,6043256,12826276,,14369368,10306364,10239920,14468312,,12,52,12,12,,1705352,4173560,4286944,1714356
8466,1,1734,915,0,819,0,79044592,37803700,49440240,88,11882244,,17974404,22313084,21004064,17753040,,12681984,6245736,6048992,12826988,,14345760,10378700,10246516,14469264,,12,52,12,12,,1705636,4174188,4287812,1714608
8472,2,1735,915,0,820,0,79116660,37709948,49348992,88,11884768,,18035632,22311956,21027140,17741932,,12628940,6215800,6022020,12843188,,14293064,10349632,10220576,14485720,,12,52,12,12,,1706000,4175080,4288836,1714852
8479,1,1736,915,0,821,0,79129464,37727092,49368536,88,11886872,,17997376,22338284,21047020,17746784,,12664784,6192380,6020792,12849136,,14329260,10327248,10220136,14491892,,12,52,12,12,,1706344,4175796,4289644,1715088
8485,2,1737,915,0,822,0,79172548,37649096,49293300,88,11889904,,17989376,22359208,21072456,17751508,,12654516,6163440,5992392,12838748,,14319392,10299288,10192840,14481780,,12,52,12,12,,1706740,4177080,4290720,1715364
8492,1,1738,915,0,823,0,79124208,37742944,49392052,88,11894792,,17964152,22364488,21031612,17763956,,12692276,6179808,6028692,12842168,,14357600,10316640,10232368,14485444,,12,52,12,12,,1707188,4178052,4293960,1715592
8498,2,1739,915,0,824,0,79172116,37656548,49307420,88,11896516,,17959228,22370756,21048604,17793528,,12694016,6163976,5998556,12800000,,14359620,10301348,10202908,14443544,,12,52,12,12,,1707472,4178568,4294616,1715860
8504,2,1740,915,0,825,0,79125012,37683960,49337448,88,11899156,,18037876,22222616,21090860,17773660,,12627020,6298620,5966152,12792168,,14292980,10436972,10171516,14435980,,12,52,12,12,,1707828,4179540,4295656,1716132
8510,2,1741,915,0,826,0,79045680,37799720,49455716,88,11901652,,17967492,22242044,21111392,17724752,,12684916,6295260,5954556,12864988,,14351292,10434540,10160816,14509068,,12,52,12,12,,1708236,4180456,4296556,1716404
8516,2,1742,915,0,827,0,79102020,37716916,49375240,88,11903968,,17984656,22276428,21099020,17741916,,12669620,6258220,5942652,12846424,,14336316,10398712,10149496,14490716,,12,52,12,12,,1708560,4181676,4297124,1716608
8522,2,1743,915,0,828,0,79110188,37712276,49373448,88,11906804,,17966948,22299996,21075712,17767532,,12676724,6237520,5966432,12831600,,14343824,10379140,10174392,14476092,,12,52,12,12,,1708960,4182788,4298244,1716812
8529,1,1744,915,0,829,0,79073348,37746312,49409764,88,11909068,,17977748,22243852,21036388,17815360,,12664676,6283556,6022048,12776032,,14332088,10426020,10230820,14420836,,12,52,12,12,,1709272,4183624,4299048,1717124
8535,1,1745,915,0,830,0,79069512,37760848,49426676,88,11911456,,17960200,22278416,21090144,17740752,,12688300,6251864,5972096,12848588,,14356028,10394952,10182108,14493588,,12,52,12,12,,1709600,4184256,4300288,1717312
8540,1,1746,915,0,831,0,79057500,37754232,49421992,88,11913376,,17933496,22297484,21097020,17729500,,12710132,6224108,5952228,12867764,,14378156,10367820,10163076,14512940,,12,52,12,12,,1709880,4184864,4301136,1717496
8546,1,1747,915,0,832,0,79175628,37642360,49312512,88,11915752,,17978412,22334420,21101724,17761072,,12671740,6176256,5952016,12842348,,14340080,10321224,10163404,14487804,,12,52,12,12,,1710196,4186116,4301664,1717776
8552,1,1748,915,0,833,0,79132244,37686924,49359712,88,11918420,,17934940,22334824,21059556,17802924,,12704044,6194532,5988584,12799764,,14372760,10340448,10201064,14445440,,12,52,12,12,,1710572,4187088,4302764,1717996
8558,2,1749,915,0,834,0,79095676,37720992,49395940,88,11920572,,17994764,22290660,21057572,17752680,,12658664,6236064,5994160,12832104,,14327692,10382876,10207412,14477960,,12,52,12,12,,1710888,4187960,4303556,1718168
8564,2,1750,915,0,835,0,79072220,37713200,49390340,88,11922732,,17966076,22289336,21079316,17737492,,12659096,6246188,5960760,12847156,,14328484,10393584,10175008,14493264,,12,52,12,12,,1711248,4188540,4304524,1718420
8570,2,1751,915,0,836,0,79068544,37701628,49380968,88,11924944,,17972464,22290596,21069620,17735864,,12671348,6234972,5946828,12848480,,14341084,10383312,10161800,14494772,,12,52,12,12,,1711596,4189492,4305256,1718600
8576,1,1752,915,0,837,0,79091964,37657940,49339468,88,11927128,,17993820,22303760,21058828,17735556,,12648632,6191920,5977096,12840292,,14318616,10341444,10192676,14486732,,12,52,12,12,,1711840,4190692,4305840,1718756
8581,2,1753,915,0,838,0,79278292,37525168,49209376,88,11929756,,18031988,22400648,21064092,17781564,,12613044,6125124,5977236,12809764,,14283372,10275540,10194012,14456452,,12,52,12,12,,1712188,4191564,4307004,1719000
8587,2,1754,915,0,839,0,79218736,37559000,49244988,88,11931560,,17994608,22363252,21092296,17768580,,12645736,6142064,5954672,12816528,,14316368,10293016,10172208,14463396,,12,52,12,12,,1712496,4192108,4307780,1719176
8593,1,1755,915,0,840,0,78935888,37845168,49533380,88,11933732,,18025124,22330576,20844692,17735496,,12619920,6191228,6189264,12844756,,14290836,10342996,10407716,14491832,,12,52,12,12,,1712772,4192912,4308668,1719380
8598,2,1756,915,0,841,0,78951876,37825032,49515312,88,11935856,,17979096,22323200,20916960,17732620,,12665384,6202012,6108468,12849168,,14336644,10354552,10327660,14496456,,12,52,12,12,,1713128,4193688,4309428,1719612
8604,1,1757,915,0,842,0,78970192,37840276,49532648,88,11937936,,17991004,22330784,20921944,17726460,,12654516,6187628,6126424,12871708,,14326060,10340868,10346528,14519192,,12,52,12,12,,1713400,4194384,4310356,1719796
8609,1,1758,915,0,843,0,78933264,37821940,49516936,88,11940528,,17957704,22360108,20878508,17736944,,12673292,6140976,6156636,12851036,,14345092,10295532,10377540,14498772,,12,52,12,12,,1713656,4195700,4311116,1720056
8615,1,1759,915,0,844,0,78966268,37786020,49483040,88,11942512,,17965396,22384404,20834580,17781888,,12672832,6139732,6172112,12801344,,14344896,10294736,10394196,14449212,,12,52,12,12,,1713920,4196156,4312256,1720180
8620,2,1760,915,0,845,0,78966812,37815056,49514060,88,11944564,,18002024,22307724,20865780,17791284,,12647748,6203256,6164356,12799696,,14320188,10359104,10386944,14447824,,12,52,12,12,,1714304,4197008,4312816,1720436
8626,1,1761,915,0,846,0,78897864,37882300,49583740,88,11946996,,17962980,22316256,20892804,17725824,,12689732,6195928,6134396,12862244,,14362504,10352692,10357896,14510648,,12,52,12,12,,1714652,4197948,4313672,1720724
8632,2,1762,915,0,847,0,78926916,37842088,49546204,88,11949632,,17955340,22338468,20894600,17738508,,12681672,6171888,6140888,12847640,,14354864,10329656,10365392,14496292,,12,52,12,12,,1715060,4198924,4314676,1720972
8638,2,1763,915,0,848,0,79004620,37796648,49503564,88,11952368,,18017436,22387256,20841400,17758528,,12627892,6132428,6207444,12828884,,14301456,10291564,10432740,14477804,,12,52,12,12,,1715424,4200272,4315440,1721232
8645,2,1764,915,0,849,0,78929672,37870872,49580044,88,11954620,,17945296,22376332,20853020,17755024,,12701864,6141672,6186980,12840356,,14375732,10301428,10413432,14489452,,12,52,12,12,,1715728,4200892,4316592,1721408
8651,2,1765,915,0,850,0,78990984,37787224,49498672,88,11956924,,17997900,22326012,20866856,17800216,,12647280,6186744,6168172,12785028,,14321468,10347240,10395580,14434384,,12,52,12,12,,1716068,4201632,4317552,1721672
8657,2,1766,915,0,851,0,78882240,37849208,49563096,88,11959364,,17942716,22325508,20886052,17727964,,12690280,6181760,6136072,12841096,,14364948,10343180,10364284,14490684,,12,52,12,12,,1716536,4202552,4318380,1721896
8664,1,1767,915,0,852,0,78982060,37756268,49472900,88,11962072,,17981428,22368216,20906928,17725488,,12653148,6130176,6114120,12858824,,14328140,10292772,10343368,14508620,,12,52,12,12,,1716852,4203728,4319384,1722108
8670,1,1768,915,0,853,0,79042596,37716380,49435492,88,11964576,,18013600,22383584,20879124,17766288,,12637484,6138308,6122652,12817936,,14312788,10301812,10352956,14467936,,12,52,12,12,,1717160,4204640,4320472,1722304
8675,2,1769,915,0,854,0,79029820,37733688,49454688,88,11966460,,17972192,22387744,20884388,17785496,,12659664,6139292,6137368,12797364,,14335312,10303356,10368396,14447624,,12,52,12,12,,1717512,4205188,4321172,1722588
8681,2,1770,915,0,855,0,79018516,37772324,49495292,88,11968376,,17999180,22331244,20887088,17801004,,12645612,6185300,6144040,12797372,,14321540,10350164,10375704,14447884,,12,52,12,12,,1717780,4205980,4321800,1722816
8686,2,1771,915,0,856,0,78970808,37782380,49507556,88,11970648,,17968396,22335536,20929612,17737264,,12688424,6170856,6091092,12832008,,14364704,10336600,10323540,14482712,,12,52,12,12,,1718136,4206896,4322604,1723012
8692,2,1772,915,0,857,0,78980116,37782384,49510208,88,11973248,,17960804,22358380,20943340,17717592,,12675680,6162260,6094600,12849844,,14352332,10329036,10328064,14500776,,12,52,12,12,,1718512,4207900,4323592,1723244
8699,1,1773,915,0,858,0,79086896,37671900,49402300,88,11975824,,18028788,22403748,20896824,17757536,,12622244,6102808,6120968,12825880,,14299212,10270872,10355216,14477000,,12,52,12,12,,1718816,4209184,4324392,1723432
8705,1,1774,915,0,859,0,79160660,37587992,49320736,88,11978180,,18025476,22429516,20921088,17784580,,12607668,6082224,6102008,12796092,,14285040,10250860,10337436,14447400,,12,52,12,12,,1719240,4209756,4325560,1723624
8710,2,1775,915,0,860,0,79066276,37715396,49450544,88,11980576,,18000636,22362504,20923852,17779284,,12651524,6152832,6108332,12802708,,14329196,10322248,10344792,14454308,,12,52,12,12,,1719536,4210528,4326596,1723916
8717,2,1776,915,0,861,0,79138304,37610416,49348168,88,11983212,,17973384,22367472,21045456,17751992,,12669768,6135224,5977480,12827944,,14347840,10305616,10214860,14479852,,12,52,12,12,,1719936,4211516,4327536,1724224
8724,2,1777,915,0,862,0,79138684,37614224,49354992,88,11986192,,17965932,22419352,21014420,17738980,,12684036,6080520,6007088,12842580,,14362528,10252156,10245540,14494768,,12,52,12,12,,1720348,4212752,4328588,1724504
8731,2,1778,915,0,863,0,79111764,37605660,49349012,88,11988768,,17974988,22405440,20978004,17753332,,12634364,6100024,6041196,12830076,,14313184,10272576,10280784,14482468,,12,52,12,12,,1720668,4213672,4329720,1724708
8737,1,1779,915,0,864,0,79088212,37620224,49365296,88,11990576,,17976376,22361360,20980924,17769552,,12658728,6127824,6031492,12802180,,14337816,10300828,10271860,14454792,,12,52,12,12,,1720944,4214172,4330536,1724924
8743,2,1780,915,0,865,0,79110576,37649148,49396388,88,11992652,,18052952,22368524,20946876,17742224,,12587964,6124972,6087428,12848784,,14267456,10298972,10328368,14501592,,12,52,12,12,,1721344,4215116,4331076,1725116
8749,2,1781,915,0,866,0,79033892,37653508,49403556,88,11995468,,17974708,22359128,20972964,17727092,,12641100,6121652,6042616,12848140,,14320916,10296696,10284724,14501220,,12,52,12,12,,1721684,4216160,4332236,1725388
8755,2,1782,915,0,867,0,79046220,37644320,49396744,88,11997836,,17970992,22358840,20982668,17733720,,12644680,6133548,6023016,12843076,,14324832,10309816,10265720,14496376,,12,52,12,12,,1722008,4217384,4332828,1725616
8761,1,1783,915,0,868,0,79095532,37581352,49336180,88,12000276,,17960796,22395484,20965636,17773616,,12645904,6094280,6042276,12798892,,14326408,10271300,10286068,14452404,,12,52,12,12,,1722356,4218136,4333956,1725828
8767,2,1784,915,0,869,0,79106892,37605244,49362272,88,12002420,,17969976,22452696,20930292,17753928,,12661748,6031316,6087028,12825152,,14342588,10209052,10331720,14478912,,12,52,12,12,,1722676,4218860,4334816,1726068
8773,2,1785,915,0,870,0,79209088,37502376,49261768,88,12004784,,18029392,22417804,21026036,17735856,,12607080,6067320,5989356,12838620,,14288316,10245920,10234904,14492628,,12,52,12,12,,1723076,4219728,4335664,1726316
8779,1,1786,915,0,871,0,79176664,37560964,49322572,88,12007020,,17963196,22416948,21046104,17750416,,12674064,6082872,5977964,12826064,,14355572,10262204,10224500,14480296,,12,52,12,12,,1723344,4220448,4336692,1726536
8785,2,1787,915,0,872,0,79281180,37449956,49214284,88,12009716,,17988900,22458192,21109576,17724512,,12650500,6041080,5899816,12858560,,14332400,10221612,10147180,14513092,,12,52,12,12,,1723732,4221660,4337488,1726836
8791,2,1788,915,0,873,0,79179156,37522136,49289296,88,12012576,,17944972,22445804,21012040,17776340,,12682952,6047504,5992976,12798704,,14365268,10229032,10241500,14453496,,12,52,12,12,,1724156,4222644,4338664,1727112
8798,2,1789,915,0,874,0,79146728,37538836,49308232,88,12014796,,17983484,22389736,21000564,17772944,,12647820,6093336,5996584,12801096,,14330468,10275808,10245804,14456152,,12,52,12,12,,1724504,4223568,4339356,1727368
8804,2,1790,915,0,875,0,79127884,37566392,49337904,88,12016888,,17969372,22392276,21040236,17726000,,12660308,6096060,5953128,12856896,,14343264,10279136,10203340,14512164,,12,52,12,12,,1724804,4224168,4340336,1727580
8810,1,1791,915,0,876,0,79191668,37516328,49290248,88,12019320,,17947632,22412416,21088236,17743384,,12689080,6068764,5922196,12836288,,14372444,10252804,10173220,14491780,,12,52,12,12,,1725216,4225120,4341168,1727816
8816,1,1792,915,0,877,0,79169396,37517960,49315400,88,12042756,,17983548,22399104,21022100,17764644,,12658256,6076308,5975120,12808276,,14341904,10261496,10226792,14485208,,12,52,12,12,,1725480,4226280,4341808,1749188
8822,1,1793,915,0,878,0,79252020,37457544,49257572,88,12045388,,17978644,22463112,21036388,17773876,,12659812,6025312,5962248,12810172,,14343800,10211408,10215032,14487332,,12,52,12,12,,1725836,4227240,4342904,1749408
8828,2,1794,915,0,879,0,79207632,37481692,49284100,88,12047712,,17985048,22425944,21020948,17775692,,12651940,6050044,5980276,12799432,,14336352,10237144,10233748,14476856,,12,52,12,12,,1726256,4228196,4343596,1749664
8834,2,1795,915,0,880,0,79274848,37410768,49215852,88,12050368,,18042328,22409272,21068796,17754452,,12601300,6070444,5929416,12809608,,14286068,10258172,10184332,14487280,,12,52,12,12,,1726604,4228812,4345036,1749916
8840,2,1796,915,0,881,0,79292948,37367916,49174976,88,12052376,,17978820,22443392,21115784,17754952,,12634820,6037248,5865324,12830524,,14319856,10225624,10121044,14508452,,12,52,12,12,,1726896,4229460,4345864,1750156
8846,2,1797,915,0,882,0,79287108,37412880,49222268,88,12054652,,17996760,22440364,21082304,17767680,,12636848,6042004,5923560,12810468,,14322244,10231616,10179820,14488588,,12,52,12,12,,1727232,4230676,4346396,1750348
8852,2,1798,915,0,883,0,79260836,37427332,49239264,88,12057240,,17990852,22423720,21043700,17802564,,12624228,6058652,5960336,12784116,,14309924,10249056,10217860,14462424,,12,52,12,12,,1727532,4231484,4347688,1750536
8858,1,1799,915,0,884,0,79292668,37402296,49215960,88,12058944,,17990244,22444384,21029560,17828480,,12642688,6033164,5977004,12749440,,14328696,10224112,10235216,14427936,,12,52,12,12,,1727864,4232028,4348332,1750720
8863,1,1800,915,0,885,0,79160996,37523584,49338972,88,12060928,,18038340,22232516,21067208,17822932,,12598800,6231548,5935924,12757312,,14285124,10423000,10194780,14436068,,12,52,12,12,,1728160,4232816,4348980,1750972
8869,2,1801,915,0,886,0,79145552,37554184,49372712,88,12063796,,17972316,22270236,21120852,17782148,,12651740,6227924,5889296,12785224,,14338368,10420868,10149296,14464180,,12,52,12,12,,1728468,4234020,4350136,1751172
8875,2,1802,915,0,887,0,79090208,37528228,49348844,88,12065856,,17984388,22251388,21089076,17765356,,12632916,6203920,5888812,12802580,,14319824,10397924,10149392,14481704,,12,52,12,12,,1728736,4235076,4350700,1751344
8881,1,1803,915,0,888,0,79122156,37571216,49394708,88,12068784,,17979756,22271420,21064496,17806484,,12657044,6204648,5944684,12764840,,14344284,10399752,10206444,14444228,,12,52,12,12,,1729108,4236172,4351908,1751596
8887,1,1804,915,0,889,0,79229800,37458920,49284308,88,12070680,,17986936,22372504,21064560,17805800,,12643168,6115972,5938864,12760916,,14330768,10311564,10201416,14440560,,12,52,12,12,,1729440,4236696,4352688,1751856
8893,2,1805,915,0,890,0,79158556,37505304,49333132,88,12073136,,18031812,22296360,21057948,17772436,,12595972,6168496,5950420,12790416,,14283956,10364972,10213968,14470236,,12,52,12,12,,1729832,4237576,4353676,1752052
8899,2,1806,915,0,891,0,79167200,37521288,49351700,88,12075644,,17951140,22377884,21063468,17774708,,12681176,6110496,5935040,12794576,,14369520,10307744,10199764,14474672,,12,52,12,12,,1730176,4238300,4354856,1752312
8905,2,1807,915,0,892,0,79164440,37488456,49321156,88,12077920,,17985640,22310944,21082408,17785448,,12638380,6156796,5912632,12780648,,14327056,10355272,10177916,14460912,,12,52,12,12,,1730500,4239524,4355416,1752480
8911,1,1808,915,0,893,0,79131748,37528208,49363484,88,12080512,,17942552,22329176,21052900,17807120,,12673044,6151868,5940556,12762740,,14361972,10351248,10206976,14443288,,12,52,12,12,,1730756,4240432,4356560,1752764
8917,1,1809,915,0,894,0,79194720,37483652,49320648,88,12082216,,17974068,22328500,21046860,17845292,,12661044,6143980,5941972,12736656,,14350320,10343804,10209148,14417376,,12,52,12,12,,1731100,4240868,4357316,1752932
8923,1,1810,915,0,895,0,79167572,37489808,49329052,88,12084472,,18019572,22325336,21064440,17758224,,12606040,6148664,5920204,12814900,,14295756,10349440,10188008,14495848,,12,52,12,12,,1731528,4241832,4357948,1753164
8928,1,1811,915,0,896,0,79171948,37480928,49322400,88,12086672,,17977664,22335072,21105212,17754000,,12654104,6140488,5878948,12807388,,14344076,10342328,10147520,14488476,,12,52,12,12,,1731780,4242880,4358704,1753308
8934,1,1812,915,0,897,0,79202852,37439472,49283500,88,12089216,,17969076,22391676,21085684,17756416,,12656300,6066548,5898404,12818220,,14346524,10269392,10168028,14499556,,12,52,12,12,,1732032,4243872,4359768,1753544
8940,2,1813,915,0,898,0,79185908,37475332,49322244,88,12092092,,17942164,22391280,21058048,17794416,,12681700,6079100,5932808,12781724,,14372348,10282984,10203616,14463296,,12,52,12,12,,1732460,4244904,4360940,1753788
8946,2,1814,915,0,899,0,79205020,37407352,49256072,88,12093916,,17959412,22389228,21050196,17806184,,12658472,6057344,5921116,12770420,,14349424,10261840,10192648,14452160,,12,52,12,12,,1732780,4245520,4361664,1753952
8952,1,1815,915,0,900,0,79275676,37382672,49233796,88,12096308,,18006684,22378992,21061124,17828876,,12624128,6076528,5933468,12748548,,14315380,10281904,10206004,14430508,,12,52,12,12,,1733068,4246408,4362660,1754172
8958,2,1816,915,0,901,0,79252192,37367140,49220560,88,12098572,,17966940,22390836,21113136,17781280,,12629480,6074764,5869340,12793556,,14321148,10280904,10142728,14475780,,12,52,12,12,,1733480,4247156,4363516,1754420
8965,2,1817,915,0,902,0,79286828,37385596,49241976,88,12101580,,17992456,22404960,21136940,17752472,,12636688,6065160,5852824,12830924,,14328748,10272556,10127256,14513416,,12,52,12,12,,1733868,4248440,4364572,1754700
8971,1,1818,915,0,903,0,79301536,37348740,49207316,88,12103736,,17995984,22424596,21085676,17795280,,12616960,6056600,5897916,12777264,,14309264,10264732,10173368,14459952,,12,52,12,12,,1734120,4249152,4365580,1754884
8977,2,1819,915,0,904,0,79303924,37339324,49200100,88,12105952,,17999708,22409736,21063120,17831360,,12620324,6064204,5913012,12741784,,14313012,10273040,10189324,14424724,,12,52,12,12,,1734492,4249864,4366440,1755156
8983,2,1820,915,0,905,0,79227340,37379188,49242040,88,12107964,,18036628,22424012,20996340,17770360,,12585152,6028784,5983488,12781764,,14278176,10238560,10260388,14464916,,12,52,12,12,,1734820,4250800,4367004,1755340
8989,1,1821,915,0,906,0,79124456,37491392,49356628,88,12110320,,17962356,22335648,21054376,17772076,,12658144,6126964,5923436,12782848,,14351440,10337800,10201156,14466232,,12,52,12,12,,1735084,4251840,4367816,1755580
8994,2,1822,915,0,907,0,79177608,37465972,49333728,88,12112868,,17971436,22377800,21073160,17755212,,12663392,6071072,5917456,12814052,,14356972,10283032,10196080,14497644,,12,52,12,12,,1735384,4252964,4368744,1755776
8999,2,1823,914,0,909,1,79210700,37429356,49299616,88,12115352,,18020836,22376960,21014832,17798072,,12592756,6097236,5961476,12777888,,14286688,10310032,10241192,14461704,,12,52,12,12,,1735724,4253804,4369820,1756004
9006,1,1824,914,0,910,1,79151928,37490044,49362444,88,12117500,,17962496,22409696,20985624,17794112,,12661944,6054300,5988652,12785148,,14356220,10267820,10269236,14469168,,12,52,12,12,,1736092,4254528,4370668,1756212
9012,1,1825,914,0,911,1,79122524,37481768,49356516,88,12119800,,18004416,22366156,20999188,17752764,,12619596,6094292,5951988,12815892,,14314188,10308540,10233596,14500192,,12,52,12,12,,1736396,4255252,4371664,1756488
9018,2,1826,914,0,912,1,79116556,37494084,49371156,88,12122100,,17964808,22352232,21031208,17768308,,12648124,6120176,5925152,12800632,,14343076,10335400,10207520,14485160,,12,52,12,12,,1736740,4256232,4372424,1756704
9024,2,1827,914,0,913,1,79187604,37396536,49276244,88,12124784,,17984932,22455888,20992596,17754188,,12643360,5978696,5971840,12802640,,14338684,10195028,10255184,14487348,,12,52,12,12,,1737124,4257348,4373424,1756888
9030,1,1828,914,0,914,0,79183584,37455628,49336168,88,12126872,,18019724,22412688,20980060,17771112,,12606464,6050408,6006572,12792184,,14302076,10266328,10290628,14477136,,12,52,12,12,,1737404,4258248,4374092,1757128
9035,3,1829,914,1,914,0,79107800,37530040,49414476,88,12129540,,17977060,22395204,20953516,17782020,,12653760,6079768,6007004,12789508,,14349708,10297812,10292252,14474704,,12,52,12,12,,1737744,4259124,4375292,1757380
9042,2,1830,915,0,915,0,79118496,37504120,49390956,88,12131952,,18018788,22343584,20990056,17766068,,12603488,6094188,5995376,12811068,,14299796,10313244,10281392,14496524,,12,52,12,12,,1738104,4260160,4376044,1757644
9049,2,1831,915,0,916,0,79090060,37534032,49423784,88,12134840,,17959612,22363196,21010256,17756996,,12667528,6096812,5960576,12809116,,14364220,10316976,10247788,14494800,,12,52,12,12,,1738488,4261248,4377244,1757860
9056,1,1832,915,0,917,0,79174472,37429420,49321452,88,12137000,,17982424,22424808,21006236,17761004,,12639364,6032816,5952044,12805196,,14336352,10254112,10239900,14491088,,12,52,12,12,,1738804,4262252,4377868,1758076
9062,1,1833,915,0,918,0,79224980,37394696,49289536,88,12139760,,17995748,22453732,20987164,17788336,,12619100,6008124,5973184,12794288,,14316528,10230408,10262232,14480368,,12,52,12,12,,1739216,4263232,4379056,1758256
9068,1,1834,915,0,919,0,78942588,37676044,49572780,88,12141688,,17992464,22124288,21002376,17823460,,12632024,6320576,5963572,12759872,,14329760,10543460,10253396,14446164,,12,52,12,12,,1739524,4263836,4379848,1758480
9074,1,1835,915,0,920,0,78867720,37697372,49596788,88,12144356,,17972280,22110356,21022932,17762152,,12636680,6328796,5944756,12787140,,14334796,10552572,10235780,14473640,,12,52,12,12,,1739908,4264728,4381040,1758680
9079,2,1836,915,0,921,0,78955932,37647144,49548772,88,12146532,,17982580,22121188,21082416,17769748,,12640696,6331576,5878484,12796388,,14339096,10556120,10170408,14483148,,12,52,12,12,,1740192,4265460,4381940,1758940
9085,2,1837,915,0,922,0,78938320,37674132,49578224,88,12148980,,17999236,22135640,21030688,17772756,,12637928,6307576,5931136,12797492,,14336644,10533364,10223724,14484492,,12,52,12,12,,1740512,4266708,4382580,1759180
9092,2,1838,915,0,923,0,79058192,37560884,49467884,88,12151888,,18050708,22196216,21005148,17806120,,12586352,6254612,5954104,12765816,,14285528,10481420,10247916,14453020,,12,52,12,12,,1740968,4267732,4383804,1759384
9098,2,1839,915,0,924,0,78851524,37721788,49630872,88,12154016,,17985720,22175812,20910404,17779588,,12632908,6281428,6026696,12780756,,14332396,10509116,10321208,14468152,,12,52,12,12,,1741284,4268648,4384504,1759580
9104,2,1840,915,0,925,0,78906420,37689404,49600608,88,12156092,,18023324,22201080,20934136,17747880,,12593596,6252652,6033108,12810048,,14293392,10480908,10328568,14497740,,12,52,12,12,,1741592,4269176,4385456,1759868
9110,2,1841,915,0,926,0,78865340,37702056,49615868,88,12158732,,17961372,22217808,20927044,17759116,,12652144,6213644,6030596,12805672,,14352360,10442960,10326940,14493608,,12,52,12,12,,1742012,4270228,4386360,1760132
9117,1,1842,915,0,927,0,78923368,37666160,49582712,88,12161484,,17989212,22203784,20950152,17780220,,12625948,6242876,6009972,12787364,,14326512,10473408,10307236,14475556,,12,52,12,12,,1742368,4271476,4387272,1760368
9123,2,1843,915,0,928,0,78907692,37682524,49601588,88,12163948,,17971372,22263044,20921632,17751644,,12651208,6176412,6047364,12807540,,14352192,10407992,10345464,14495940,,12,52,12,12,,1742776,4272504,4388084,1760584
9129,2,1844,915,0,929,0,78963688,37613028,49534608,88,12166460,,17990764,22246632,20906948,17819344,,12624784,6203064,6034056,12751124,,14326136,10435512,10333180,14439780,,12,52,12,12,,1743144,4273364,4389124,1760828
9136,2,1845,915,0,930,0,78912688,37634296,49558484,88,12169052,,17961420,22217372,20968980,17764916,,12648120,6223668,5984088,12778420,,14349900,10456872,10284400,14467312,,12,52,12,12,,1743580,4274100,4390300,1761072
9142,1,1846,915,0,931,0,79058132,37528540,49455396,88,12171728,,17971388,22290952,21041836,17753956,,12634300,6155452,5925756,12813032,,14336464,10389680,10227080,14502172,,12,52,12,12,,1743956,4275124,4391332,1761316
9148,2,1847,915,0,932,0,79139300,37442440,49371880,88,12174316,,18018872,22311924,21014480,17794024,,12606632,6120328,5934088,12781392,,14309116,10355804,10236168,14470792,,12,52,12,12,,1744280,4276384,4392060,1761592
9155,2,1848,915,0,933,0,79152236,37413144,49345048,88,12176784,,17966448,22322336,21022104,17841348,,12653216,6104740,5924276,12730912,,14356052,10340904,10227548,14420544,,12,52,12,12,,1744652,4277064,4393256,1761812
9161,2,1849,915,0,934,0,79083120,37460544,49398712,88,12183020,,18024064,22259356,21032472,17767228,,12597760,6166940,5917468,12778376,,14300956,10404052,10225460,14468244,,12,52,12,12,,1744996,4277996,4397976,1762052
9168,1,1850,915,0,935,0,79036264,37509976,49450708,88,12185576,,17946384,22249192,21089660,17751028,,12673352,6183896,5860088,12792640,,14376948,10422092,10168956,14482712,,12,52,12,12,,1745380,4279084,4398856,1762256
9173,2,1851,915,0,936,0,79189536,37353148,49296092,88,12187812,,17966520,22343512,21118320,17761184,,12640764,6079176,5824396,12808812,,14344680,10318056,10134288,14499068,,12,52,12,12,,1745696,4279760,4399924,1762432
9179,2,1852,915,0,937,0,79229848,37337248,49282592,88,12190160,,17987672,22367772,21096244,17778160,,12618864,6081792,5847592,12789000,,14323028,10321912,10158164,14479488,,12,52,12,12,,1745948,4280984,4400564,1762664
9185,2,1853,915,0,938,0,79187968,37353960,49301620,88,12192536,,17969128,22328676,21068860,17821304,,12628672,6110636,5870480,12744172,,14333124,10351296,10182288,14434912,,12,52,12,12,,1746252,4281568,4401796,1762920
9191,2,1854,915,0,939,0,79189500,37343924,49293956,88,12194900,,18008968,22330628,21088216,17761688,,12596424,6097672,5859636,12790192,,14301208,10339128,10172488,14481132,,12,52,12,12,,1746572,4282368,4402844,1763116
9197,2,1855,915,0,940,0,79184472,37359904,49311972,88,12196968,,17961732,22337400,21144504,17740836,,12641380,6101296,5796884,12820344,,14346432,10343608,10110496,14511436,,12,52,12,12,,1746844,4283256,4403592,1763276
9203,1,1856,915,0,941,0,79276016,37258428,49212880,88,12199304,,17988948,22371824,21160124,17755120,,12617572,6058080,5777752,12805024,,14322956,10301140,10092380,14496404,,12,52,12,12,,1747176,4283960,4404608,1763560
9209,1,1857,915,0,942,0,79311596,37249444,49206536,88,12201964,,18036924,22373444,21114516,17786712,,12578460,6058560,5837792,12774632,,14284240,10302904,10153072,14466320,,12,52,12,12,,1747572,4285244,4405280,1763868
9215,2,1858,915,0,943,0,79274108,37283784,49243220,88,12204284,,17980820,22351244,21112460,17829584,,12629528,6077196,5828524,12748536,,14335644,10322172,10145008,14440396,,12,52,12,12,,1747912,4285860,4406472,1764040
9221,2,1859,915,0,944,0,79032780,37521808,49483672,88,12206724,,18031852,22113856,21136580,17750492,,12585216,6315104,5815144,12806344,,14291772,10561056,10132320,14498524,,12,52,12,12,,1748344,4286864,4407160,1764356
9228,2,1860,915,0,945,0,78991672,37541684,49505716,88,12209136,,17955504,22116580,21153592,17765996,,12642816,6317836,5781428,12799604,,14349732,10564644,10099372,14491968,,12,52,12,12,,1748684,4287968,4407944,1764540
9234,1,1861,915,0,946,0,79024780,37480400,49446972,88,12211392,,17960156,22161124,21145856,17757644,,12634936,6258548,5785784,12801132,,14342140,10506332,10104768,14493732,,12,52,12,12,,1748968,4288648,4408992,1764784
9239,2,1862,915,0,947,0,79082992,37455432,49424548,88,12213916,,18014424,22179524,21117000,17772044,,12591164,6246700,5825084,12792484,,14298764,10495764,10144740,14485280,,12,52,12,12,,1749376,4289928,4409636,1764976
9245,2,1863,915,0,948,0,79087840,37423752,49395096,88,12216148,,17972344,22235032,21097104,17783360,,12614380,6197176,5831672,12780524,,14322236,10446860,10152464,14473536,,12,52,12,12,,1749644,4290540,4410776,1765188
9251,1,1864,915,0,949,0,79120148,37432836,49406252,88,12218188,,17987164,22184968,21136496,17811520,,12625816,6252028,5785276,12769716,,14333952,10502464,10106928,14462908,,12,52,12,12,,1749892,4291288,4411644,1765364
9256,1,1865,915,0,950,0,79022860,37488312,49463788,88,12220236,,17935156,22171908,21168456,17747340,,12656956,6255936,5758644,12816776,,14365312,10507048,10081224,14510204,,12,52,12,12,,1750104,4291956,4412568,1765608
9262,2,1866,915,0,951,0,79115032,37407184,49385396,88,12222976,,17963612,22224972,21172544,17753904,,12635360,6193512,5768480,12809832,,14344224,10445604,10092056,14503512,,12,52,12,12,,1750612,4292948,4413552,1765864
9269,1,1867,915,0,952,0,79181756,37356180,49336856,88,12225456,,18011092,22231416,21155200,17784048,,12606436,6177020,5777912,12794812,,14315608,10430336,10102188,14488724,,12,52,12,12,,1750924,4294196,4414252,1766084
9274,2,1868,915,0,953,0,79070744,37406904,49389924,88,12227760,,17968412,22223380,21125768,17753184,,12609312,6186464,5807060,12804068,,14318820,10440372,10132528,14498204,,12,52,12,12,,1751268,4294744,4415436,1766312
9280,1,1869,915,0,953,0,79138196,37422576,49407520,88,12229728,,18001588,22195144,21126744,17814720,,12616168,6227584,5828188,12750636,,14326008,10482340,10154180,14444992,,12,52,12,12,,1751596,4295588,4416016,1766528
9285,2,1870,915,0,955,0,79147656,37358632,49346040,88,12232080,,17958256,22234644,21180424,17774332,,12643888,6170664,5761964,12782116,,14354092,10426456,10088872,14476620,,12,52,12,12,,1751944,4296604,4416856,1766676
9292,2,1871,915,0,956,0,79017700,37501948,49491972,88,12234692,,17957972,22322276,20971064,17766388,,12665324,6079496,5962232,12794896,,14375964,10336268,10290104,14489636,,12,52,12,12,,1752368,4297572,4417832,1766920
9298,2,1872,915,0,957,0,79046452,37518612,49511380,88,12237412,,17992392,22325088,20938344,17790628,,12627216,6103624,6008476,12779296,,14338196,10361704,10337172,14474308,,12,52,12,12,,1752712,4298884,4418628,1767188
9305,1,1873,915,0,958,0,79038028,37511972,49507064,88,12239736,,17977932,22350100,20950432,17759564,,12643508,6072280,5991424,12804760,,14354824,10330972,10321340,14499928,,12,52,12,12,,1753056,4299496,4419828,1767356
9310,2,1874,915,0,959,0,79100520,37414844,49412120,88,12241912,,18014208,22317432,20964036,17804844,,12591328,6101124,5965536,12756856,,14303020,10360576,10296296,14452228,,12,52,12,12,,1753420,4300252,4420692,1767548
9316,1,1875,915,0,960,0,79014516,37481336,49480632,88,12243916,,17966072,22312840,20972268,17763336,,12635724,6113772,5946628,12785212,,14347704,10373852,10278304,14480772,,12,52,12,12,,1753712,4300888,4421580,1767736
9321,2,1876,915,0,961,0,78996024,37525244,49526340,88,12245712,,17961676,22321148,20968008,17745192,,12644536,6108984,5952656,12819068,,14356764,10369652,10285120,14514804,,12,52,12,12,,1753968,4301468,4422356,1767920
9327,1,1877,915,0,962,0,79066168,37417272,49421152,88,12248484,,17986220,22319676,20991900,17768372,,12614980,6096864,5918420,12787008,,14327600,10358788,10251812,14482952,,12,52,12,12,,1754352,4302728,4423284,1768120
9333,1,1878,915,0,963,0,79052064,37430108,49436180,88,12250692,,17980848,22366636,20938344,17766236,,12615716,6053656,5977248,12783488,,14328596,10316500,10311456,14479628,,12,52,12,12,,1754612,4303644,4424104,1768332
9339,2,1879,915,0,964,0,79031460,37460432,49470896,88,12255056,,17988784,22316760,20950860,17775056,,12618716,6093884,5959976,12787856,,14332028,10359688,10294936,14484244,,12,52,12,12,,1755032,4306612,4424848,1768564
9345,1,1880,915,0,965,0,79045084,37424320,49436800,88,12257096,,17956872,22324680,21003792,17759740,,12633536,6088484,5916692,12785608,,14347188,10354764,10252648,14482200,,12,52,12,12,,1755384,4307084,4425852,1768776
9350,2,1881,915,0,966,0,79125472,37370460,49385264,88,12259440,,17960812,22339260,21062944,17762456,,12630892,6074676,5859468,12805424,,14344824,10341976,10196228,14502236,,12,52,12,12,,1755672,4308116,4426664,1768988
9357,1,1882,915,0,967,0,79283604,37209880,49227840,88,12262604,,17967232,22393608,21143136,17779628,,12632708,6022536,5766500,12788136,,14347032,10291236,10104320,14485252,,12,52,12,12,,1756060,4309532,4427720,1769292
9364,1,1883,915,0,968,0,79277404,37203292,49224048,88,12265340,,17955584,22362852,21130592,17828376,,12645864,6042692,5780524,12734212,,14360552,10312432,10119532,14431532,,12,52,12,12,,1756396,4310536,4428916,1769492
9370,2,1884,915,0,969,0,79250824,37254164,49277188,88,12267588,,17998444,22309016,21127036,17816328,,12617632,6098252,5785360,12752920,,14332616,10368816,10125300,14450456,,12,52,12,12,,1756680,4311368,4429832,1769708
9376,2,1885,915,0,970,0,79155512,37335844,49361108,88,12269832,,17962036,22302956,21153100,17737420,,12642092,6103388,5771788,12818576,,14357464,10374580,10112684,14516380,,12,52,12,12,,1757064,4312000,4430788,1769980
9383,1,1886,915,0,971,0,79182192,37288528,49316396,88,12272436,,17958164,22339764,21128620,17755644,,12646876,6045232,5782336,12814084,,14362556,10317488,10124192,14512160,,12,52,12,12,,1757372,4313060,4431752,1770252
9389,2,1887,915,0,972,0,79263260,37209504,49239924,88,12275000,,17995088,22356500,21121008,17790664,,12604508,6052836,5786372,12765788,,14320532,10326392,10128916,14464084,,12,52,12,12,,1757712,4314368,4432448,1770472
9395,2,1888,915,0,973,0,79281856,37184668,49217456,88,12277332,,17973856,22373400,21139724,17794876,,12615832,6031596,5765740,12771500,,14332184,10305768,10109480,14470024,,12,52,12,12,,1758040,4314980,4433628,1770684
9401,2,1889,915,0,974,0,79051880,37435996,49470864,88,12279400,,17982904,22332496,20916492,17819988,,12617960,6078056,6007532,12732448,,14334648,10353000,10351964,14431252,,12,52,12,12,,1758372,4315752,4434312,1770964
9407,2,1890,915,0,975,0,79026180,37456476,49493476,88,12281532,,17951652,22340852,20998344,17735332,,12644776,6070948,5915384,12825368,,14361700,10346828,10260580,14524368,,12,52,12,12,,1758600,4316696,4435080,1771156
9413,2,1891,915,0,976,0,79095008,37369832,49409268,88,12283972,,17966464,22382376,20994580,17751588,,12643532,6015924,5929188,12781188,,14360724,10292800,10275356,14480388,,12,52,12,12,,1758884,4317680,4436052,1771356
9419,2,1892,915,0,977,0,79153980,37307416,49349364,88,12286500,,18024696,22325204,21023808,17780272,,12580820,6065152,5899744,12761700,,14298352,10343252,10246660,14461100,,12,52,12,12,,1759200,4318916,4436812,1771572
9424,2,1893,915,0,978,0,79163812,37290004,49334448,88,12289036,,17976096,22337236,21044552,17805928,,12616340,6061404,5864136,12748124,,14334248,10340132,10212252,14447816,,12,52,12,12,,1759592,4319564,4438024,1771856
9430,2,1894,915,0,979,0,79059276,37365952,49412740,88,12291336,,17999836,22266340,21035872,17757228,,12591152,6133400,5868980,12772420,,14309388,10412936,10218092,14472324,,12,52,12,12,,1759924,4320340,4439004,1772068
9437,2,1895,915,0,980,0,79115392,37306176,49355296,88,12293692,,17977004,22267708,21116960,17753720,,12602496,6135140,5781192,12787348,,14321080,10415592,10131172,14487452,,12,52,12,12,,1760280,4321280,4439868,1772264
9444,1,1896,915,0,981,0,79090576,37344076,49396024,88,12296464,,17985388,22304044,21049724,17751420,,12609912,6078148,5844744,12811272,,14328872,10359772,10195772,14511608,,12,52,12,12,,1760636,4322412,4440920,1772496
9450,2,1897,915,0,982,0,79181936,37286836,49341504,88,12299208,,18036108,22336952,21019096,17789780,,12569208,6060348,5878444,12778836,,14288460,10343052,10230544,14479448,,12,52,12,12,,1760952,4323504,4441984,1772768
9457,1,1898,915,0,983,0,79152388,37325496,49381988,88,12301032,,17966196,22325908,21029288,17830996,,12640068,6082128,5861524,12741776,,14359692,10365272,10214388,14442636,,12,52,12,12,,1761296,4323960,4442756,1773020
9462,2,1899,915,0,984,0,79109972,37338376,49396856,88,12302992,,18032040,22272876,21053944,17751112,,12580808,6124424,5843800,12789344,,14300768,10408428,10197164,14490496,,12,52,12,12,,1761636,4324788,4443256,1773312
9468,2,1900,915,0,985,0,79089604,37332536,49394188,88,12306192,,17962020,22281428,21088844,17757312,,12629016,6112588,5803540,12787392,,14349444,10397780,10158152,14488812,,12,52,12,12,,1762100,4325976,4444544,1773572
9475,2,1901,915,0,986,0,79163864,37270672,49334780,88,12308596,,17979588,22321752,21101832,17760692,,12613676,6071592,5806276,12779128,,14334488,10358000,10161560,14480732,,12,52,12,12,,1762484,4327180,4445176,1773756
9481,1,1902,915,0,987,0,79234364,37230972,49297728,88,12311252,,18014768,22333524,21104960,17781112,,12590800,6057992,5808488,12773692,,14311916,10345296,10164952,14475564,,12,52,12,12,,1762800,4328076,4446348,1774028
9487,2,1903,915,0,988,0,79163900,37283160,49351888,88,12313248,,17977320,22283192,21084916,17818472,,12617264,6112104,5807908,12745884,,14338816,10399984,10165120,14447968,,12,52,12,12,,1763232,4328656,4447108,1774252
9493,2,1904,915,0,989,0,79163372,37291432,49362596,88,12315680,,18012604,22203348,21122344,17825076,,12585628,6194312,5782300,12729192,,14307576,10483056,10140496,14431468,,12,52,12,12,,1763628,4329524,4448096,1774432
9499,2,1905,915,0,990,0,79096256,37329324,49402936,88,12318100,,17968284,22236836,21143540,17747596,,12611552,6155384,5756148,12806240,,14333780,10444912,10115532,14508712,,12,52,12,12,,1763920,4330296,4449260,1774624
9505,2,1906,915,0,991,0,79168196,37260492,49336628,88,12320616,,17979376,22273964,21146524,17768332,,12628752,6106376,5752180,12773184,,14351348,10397120,10112232,14475928,,12,52,12,12,,1764276,4331516,4449932,1774892
9512,1,1907,915,0,992,0,79126584,37271840,49350608,88,12323268,,17971888,22293232,21080668,17780796,,12623660,6083628,5804852,12759700,,14346592,10375372,10166032,14462612,,12,52,12,12,,1764612,4332504,4451080,1775072
9518,2,1908,915,0,993,0,79080796,37349184,49430300,88,12325596,,17973644,22229116,21099972,17778064,,12625320,6160688,5790764,12772412,,14348588,10453392,10152740,14475580,,12,52,12,12,,1764948,4333464,4451856,1775328
9524,2,1909,915,0,994,0,79071620,37346108,49429596,88,12327920,,17955996,22223960,21111892,17779772,,12637776,6161704,5778076,12768552,,14361432,10455084,10141128,14471952,,12,52,12,12,,1765336,4334112,4452920,1775552
9531,2,1910,915,0,995,0,79113032,37305640,49391884,88,12330736,,17963836,22252088,21143204,17753904,,12624864,6133504,5755452,12791820,,14348836,10428304,10119320,14495424,,12,52,12,12,,1765660,4335560,4453756,1775760
9537,2,1911,915,0,996,0,79165448,37223980,49312640,88,12333152,,17999724,22277872,21103812,17784040,,12576052,6099524,5776420,12771984,,14300388,10395264,10141172,14475816,,12,52,12,12,,1766016,4336504,4454636,1775996
9544,1,1912,915,0,997,0,79114312,37293660,49385068,88,12335808,,17967244,22228008,21095108,17823952,,12599276,6151624,5808104,12734656,,14323972,10448336,10174000,14438760,,12,52,12,12,,1766384,4337436,4455728,1776260
9550,2,1913,915,0,998,0,79032248,37394656,49489064,88,12338776,,17993476,22244272,20958816,17835684,,12589448,6138760,5930512,12735936,,14314580,10436508,10297660,14440316,,12,52,12,12,,1766808,4338484,4456952,1776532
9557,2,1914,915,0,999,0,79065064,37360192,49456752,88,12340936,,17973924,22234216,21086116,17770808,,12620400,6146924,5806420,12786448,,14345924,10445448,10174336,14491044,,12,52,12,12,,1767212,4339244,4457728,1776752
9564,2,1915,915,0,1000,0,79067948,37350580,49450068,88,12343844,,17986896,22291064,21019716,17770272,,12607952,6078700,5874080,12789848,,14333920,10378384,10243028,14494736,,12,52,12,12,,1767644,4340428,4458732,1777040
9571,1,1916,915,0,1001,0,79181344,37202212,49304372,88,12346548,,17976300,22390408,21014520,17800116,,12596104,5986556,5872928,12746624,,14322364,10287224,10243072,14451712,,12,52,12,12,,1767940,4341420,4459948,1777240
9576,2,1917,915,0,1002,0,79105236,37307532,49411648,88,12348444,,17964792,22340380,20995964,17804100,,12628836,6039328,5876092,12763276,,14355464,10340504,10247076,14468604,,12,52,12,12,,1768308,4341896,4460756,1777484
9582,2,1918,915,0,1003,0,79111568,37295208,49401460,88,12350620,,18000788,22352092,21004288,17754400,,12601076,6026576,5883108,12784448,,14328084,10328588,10254756,14490032,,12,52,12,12,,1768696,4342760,4461424,1777740
9589,1,1919,915,0,1004,0,79127112,37282056,49391340,88,12353612,,17961248,22350040,21048056,17767768,,12634728,6016256,5839600,12791472,,14362084,10319508,10212460,14497288,,12,52,12,12,,1769032,4343972,4462636,1777972
9595,2,1920,915,0,1005,0,79163212,37247708,49359552,88,12356200,,17965532,22399496,21012552,17785632,,12636532,5982220,5854940,12774016,,14364252,10286704,10228548,14480048,,12,52,12,12,,1769396,4345212,4463404,1778188
9602,1,1921,915,0,1006,0,79141924,37246668,49361100,88,12358800,,17988172,22387768,20975676,17790308,,12607172,5979468,5890892,12769136,,14335216,10284856,10265636,14475392,,12,52,12,12,,1769740,4346120,4464528,1778412
9608,1,1922,915,0,1007,0,79196440,37195996,49312120,88,12360504,,17970392,22400908,20991612,17833528,,12616068,5967180,5893032,12719716,,14344452,10273100,10268432,14426136,,12,52,12,12,,1770064,4346700,4465176,1778564
9614,1,1923,915,0,1008,0,79082348,37280752,49399872,88,12363428,,17963892,22353268,21008800,17756388,,12613568,5998760,5883332,12785092,,14342328,10305684,10260120,14491740,,12,52,12,12,,1770444,4347644,4466556,1778784
9620,2,1924,915,0,1009,0,79150488,37246932,49368560,88,12365916,,17962252,22375072,21065628,17747536,,12625332,5995776,5816684,12809140,,14354508,10303436,10194564,14516052,,12,52,12,12,,1770856,4348352,4467652,1779056
9627,2,1925,915,0,1010,0,79230240,37146932,49270800,88,12368184,,17991164,22436892,21021768,17780416,,12608380,5925872,5839832,12772848,,14337832,10234804,10218228,14479936,,12,52,12,12,,1771128,4349668,4468164,1779224
9633,1,1926,915,0,1010,0,79265420,37087552,49213692,88,12370452,,18024184,22339148,21107228,17794860,,12568128,6017228,5766060,12736136,,14297744,10327040,10145484,14443424,,12,52,12,12,,1771316,4350492,4469220,1779424
9637,2,1927,915,0,1012,0,79246308,37136364,49264216,88,12372156,,17989788,22355988,21122556,17777976,,12602960,6008868,5759532,12765004,,14332892,10319212,10139656,14472456,,12,52,12,12,,1771608,4351040,4469928,1779580
9643,1,1928,915,0,1013,0,79287224,37078368,49208132,88,12374056,,18039444,22354264,21119624,17773892,,12555344,5991224,5760116,12771684,,14285536,10302428,10140804,14479364,,12,52,12,12,,1771872,4351900,4470464,1779820
9649,2,1929,915,0,1014,0,79227076,37156364,49289096,88,12377008,,17972048,22356620,21129196,17769212,,12627728,6000088,5733416,12795132,,14358296,10312324,10115332,14503144,,12,52,12,12,,1772248,4352916,4471692,1780152
9655,2,1930,915,0,1015,0,79286296,37057112,49192336,88,12379492,,17989688,22359824,21173608,17763176,,12583880,5991808,5693472,12787952,,14314792,10305300,10076056,14496188,,12,52,12,12,,1772580,4354188,4472360,1780364
9662,2,1931,915,0,1016,0,79270880,37103708,49241576,88,12382152,,18016028,22385040,21108564,17761248,,12564144,5981032,5788488,12770044,,14295368,10295464,10172216,14478528,,12,52,12,12,,1772908,4355120,4473496,1780628
9669,1,1932,915,0,1017,0,79380256,36974160,49114312,88,12384436,,18004920,22431000,21129144,17815192,,12589452,5913264,5744236,12727208,,14321060,10228616,10128692,14435944,,12,52,12,12,,1773280,4356052,4474236,1780868
9674,2,1933,915,0,1018,0,79294828,37045560,49188376,88,12387052,,17993216,22358392,21169100,17774120,,12575120,5999740,5707992,12762708,,14307064,10315704,10093964,14471644,,12,52,12,12,,1773616,4356636,4475740,1781060
9681,2,1934,915,0,1019,0,79297808,37068604,49214292,88,12389948,,17960780,22369628,21191556,17775844,,12626140,5995472,5663200,12783792,,14358524,10312568,10050224,14492976,,12,52,12,12,,1774060,4357768,4476800,1781320
9687,2,1935,915,0,1020,0,79359088,37022596,49170476,88,12392160,,17978564,22412840,21196012,17771672,,12617388,5950212,5668124,12786872,,14350052,10268152,10055940,14496332,,12,52,12,12,,1774356,4358632,4477576,1781596
9694,2,1936,915,0,1021,0,79258372,37061616,49212408,88,12395044,,17965212,22386924,21132444,17773792,,12621072,5946372,5716480,12777692,,14354136,10265484,10105448,14487340,,12,52,12,12,,1774740,4359764,4478756,1781784
9701,1,1937,915,0,1022,0,79236940,37092532,49245424,88,12397124,,18013764,22322224,21139096,17761856,,12567212,6033156,5722004,12770160,,14300732,10353036,10111588,14480068,,12,52,12,12,,1775192,4360544,4479356,1782032
9707,1,1938,915,0,1023,0,79195724,37136912,49292104,88,12399436,,17959616,22317420,21156860,17761828,,12619020,6030280,5706488,12781124,,14352836,10351172,10096852,14491244,,12,52,12,12,,1775488,4361564,4480132,1782252
9712,2,1939,915,0,1024,0,79256776,37096696,49254484,88,12402028,,17958856,22349012,21185444,17763464,,12616620,6006420,5690384,12783272,,14350784,10328292,10081744,14493664,,12,52,12,12,,1775844,4362532,4481136,1782516
9718,2,1940,915,0,1025,0,79345372,37013016,49173424,88,12404660,,17965352,22393204,21199140,17787676,,12605056,5973652,5683236,12751072,,14339640,10296788,10075276,14461720,,12,52,12,12,,1776256,4363832,4481800,1782772
9725,1,1941,915,0,1026,0,79344224,36979860,49142548,88,12406864,,17955300,22385436,21183700,17819788,,12628696,5961520,5662588,12727056,,14363560,10285248,10055808,14437932,,12,52,12,12,,1776528,4364360,4482976,1783000
9730,3,1942,915,0,1027,0,79147280,37175444,49340684,88,12409508,,17997460,22190436,21200208,17759176,,12589060,6129816,5665428,12791140,,14324260,10454528,10059664,14502232,,12,52,12,12,,1776884,4365388,4484016,1783220
9737,2,1943,915,0,1028,0,79140784,37188652,49356024,88,12411584,,17947028,22186340,21237628,17769788,,12611480,6163176,5638088,12775908,,14347084,10488428,10033232,14487280,,12,52,12,12,,1777276,4365900,4484916,1783492
9744,1,1944,915,0,1029,0,79184400,37140144,49310476,88,12414600,,17951224,22225416,21250812,17756948,,12615124,6118020,5625288,12781712,,14351024,10444636,10021452,14493364,,12,52,12,12,,1777576,4367316,4485924,1783784
9750,2,1945,915,0,1030,0,79244884,37087516,49260488,88,12417188,,18019672,22213600,21226144,17785468,,12566064,6125048,5636656,12759748,,14302360,10452612,10033900,14471616,,12,52,12,12,,1777972,4368204,4487008,1784004
9756,2,1946,915,0,1031,0,79110436,37236460,49411236,88,12419000,,17960092,22186820,21137584,17825940,,12626368,6167592,5719596,12722904,,14362956,10495752,10117556,14434972,,12,52,12,12,,1778272,4368824,4487712,1784192
9762,1,1947,915,0,1032,0,79131048,37212112,49388704,88,12420772,,18010032,22212300,21163372,17745344,,12583068,6126376,5706136,12796532,,14319948,10455232,10104720,14508804,,12,52,12,12,,1778552,4369488,4488336,1784396
9768,1,1948,915,0,1033,0,79113984,37225636,49405012,88,12423632,,17955316,22205724,21186644,17766300,,12641032,6139628,5664160,12780816,,14378244,10469828,10063592,14493348,,12,52,12,12,,1778912,4370848,4489224,1784648
9774,2,1949,915,0,1034,0,79177580,37122784,49304900,88,12426312,,17969996,22235156,21217152,17755276,,12618136,6098412,5625232,12781004,,14355696,10429720,10025656,14493828,,12,52,12,12,,1779228,4371956,4490180,1784948
9780,2,1950,915,0,1035,0,79174932,37168932,49353556,88,12428800,,17992700,22226840,21155700,17799692,,12596960,6111108,5703156,12757708,,14334840,10443288,10104700,14470728,,12,52,12,12,,1779556,4372816,4491284,1785144
9786,2,1951,915,0,1036,0,79091760,37260916,49447504,88,12430792,,17969500,22194656,21138268,17789336,,12609092,6159476,5730324,12762024,,14347332,10492232,10132716,14475224,,12,52,12,12,,1779920,4373408,4492140,1785324
9792,1,1952,915,0,1037,0,79017176,37316184,49504964,88,12432972,,17997468,22207436,21000900,17811372,,12590952,6123636,5856056,12745540,,14329456,10457252,10259332,14458924,,12,52,12,12,,1780176,4374252,4493024,1785520
9797,2,1953,915,0,1038,0,78958932,37320400,49510988,88,12434764,,17962392,22187272,21063304,17745964,,12619692,6139684,5782280,12778744,,14358464,10473820,10186328,14492376,,12,52,12,12,,1780444,4374780,4493792,1785748
9803,1,1954,915,0,1039,0,78965536,37362280,49555436,88,12437316,,17946140,22221232,21050296,17747868,,12633996,6119512,5806152,12802620,,14373180,10454604,10211164,14516488,,12,52,12,12,,1780852,4375728,4494752,1785984
9809,2,1955,915,0,1040,0,79100168,37221968,49417724,88,12439956,,17988372,22307936,21021276,17782584,,12594892,6034720,5834704,12757652,,14334400,10371136,10240412,14471776,,12,52,12,12,,1781180,4377060,4495464,1786252
9815,2,1956,915,0,1041,0,79059136,37257068,49455300,88,12442436,,17957472,22274484,21008148,17819032,,12624640,6062704,5842992,12726732,,14364508,10399716,10249984,14441092,,12,52,12,12,,1781536,4377652,4496748,1786500
9822,1,1957,915,0,1042,0,79144852,37144624,49345004,88,12444556,,18026192,22226008,21073420,17819232,,12560200,6099216,5774064,12711144,,14300448,10437176,10181668,14425712,,12,52,12,12,,1781916,4378596,4497340,1786704
9827,2,1958,915,0,1043,0,79067392,37218436,49420864,88,12446580,,17954312,22219676,21134880,17758524,,12620696,6127464,5705612,12764664,,14361204,10466272,10113972,14479416,,12,52,12,12,,1782184,4379432,4498096,1786868
9833,2,1959,915,0,1044,0,79068916,37201264,49406328,88,12449232,,17967292,22254272,21076980,17770372,,12609544,6072372,5770276,12749072,,14350488,10412176,10179564,14464100,,12,52,12,12,,1782612,4380436,4499028,1787156
9839,2,1960,915,0,1045,0,79156100,37124100,49331636,88,12451700,,18005316,22269632,21094796,17786356,,12569332,6055640,5750660,12748468,,14310508,10396776,10160612,14463740,,12,52,12,12,,1782840,4381760,4499704,1787396
9845,1,1961,915,0,1046,0,79099364,37178120,49387968,88,12454004,,17973436,22334588,21028756,17762584,,12596136,6004248,5812172,12765564,,14337636,10346008,10223352,14480972,,12,52,12,12,,1783164,4382392,4500916,1787532
9850,2,1962,915,0,1047,0,79083012,37159848,49371952,88,12456268,,18004196,22284540,21013080,17781196,,12572072,6031932,5828088,12727756,,14313912,10374424,10240200,14443416,,12,52,12,12,,1783508,4383108,4501856,1787796
9856,2,1963,915,0,1048,0,79162064,37095196,49309404,88,12458344,,18051832,22261660,21083748,17764824,,12519672,6068180,5757264,12750080,,14261868,10411356,10170220,14465960,,12,52,12,12,,1783860,4383800,4502696,1787988
9863,2,1964,915,0,1049,0,79155700,37159560,49376932,88,12461552,,17958312,22324944,21107552,17764892,,12625224,6011924,5737216,12785196,,14367832,10356516,10151272,14501312,,12,52,12,12,,1784272,4385244,4503812,1788224
9870,1,1965,915,0,1050,0,79222224,37053068,49273144,88,12464244,,17978572,22355672,21085224,17802756,,12606452,5969312,5749748,12727556,,14349384,10314812,10164992,14443956,,12,52,12,12,,1784608,4386144,4504976,1788516
9877,2,1966,915,0,1051,0,79234240,37020508,49242928,88,12466564,,17970680,22368436,21084748,17810376,,12601268,5952712,5742544,12723984,,14344656,10299028,10158624,14440620,,12,52,12,12,,1785060,4386944,4505808,1788752
9883,2,1967,915,0,1052,0,79128188,37130628,49355000,88,12468468,,17961528,22290040,21105960,17770660,,12614516,6018724,5739480,12757908,,14358248,10365928,10156128,14474696,,12,52,12,12,,1785388,4387840,4506336,1788904
9889,2,1968,915,0,1053,0,79124280,37155932,49383296,88,12471412,,17951596,22287328,21115928,17769428,,12634924,6044544,5722120,12754344,,14379076,10392852,10140028,14471340,,12,52,12,12,,1785804,4388916,4507588,1789104
9895,2,1969,915,0,1054,0,79160812,37119288,49349064,88,12473848,,17981624,22291748,21126652,17760788,,12593380,6030240,5725804,12769864,,14337824,10379788,10144320,14487132,,12,52,12,12,,1786100,4390160,4508200,1789388
9902,2,1970,914,0,1056,1,79208676,37032996,49265724,88,12476744,,17949768,22347928,21092568,17818412,,12596068,5969868,5737712,12729348,,14340924,10320384,10157496,14446920,,12,52,12,12,,1786512,4391128,4509420,1789684
9909,2,1971,914,0,1057,1,79174188,37111160,49346524,88,12479408,,17999828,22341004,20999256,17834100,,12589340,5989324,5821956,12710540,,14334584,10340860,10242760,14428320,,12,52,12,12,,1786896,4392152,4510484,1789876
9916,1,1972,914,0,1058,1,79126452,37123468,49361280,88,12481832,,17961852,22330496,21077644,17756460,,12610824,5983880,5756372,12772392,,14356376,10336096,10178416,14490392,,12,52,12,12,,1787208,4392836,4511688,1790100
9922,1,1973,914,0,1059,1,79173960,37076312,49316864,88,12484580,,17962596,22345532,21098912,17766920,,12605880,5973104,5733344,12763984,,14351884,10326308,10156384,14482288,,12,52,12,12,,1787664,4393812,4512692,1790412
9928,2,1974,914,0,1060,1,79261096,37032300,49273952,88,12486876,,17992644,22346776,21132184,17789492,,12578332,5987932,5718828,12747208,,14324712,10340896,10142552,14465792,,12,52,12,12,,1788040,4394776,4513372,1790688
9935,2,1975,914,1,1060,0,79258424,36991364,49237604,88,12489952,,17959716,22331540,21172552,17794616,,12612588,5987980,5640732,12750064,,14359316,10343712,10065664,14468912,,12,52,12,12,,1788372,4396040,4514580,1790960
9941,2,1976,915,0,1061,0,79146812,37114380,49362784,88,12492096,,18002344,22270740,21114816,17758912,,12564432,6053168,5721512,12775268,,14311576,10409760,10147080,14494368,,12,52,12,12,,1788816,4396860,4515216,1791204
9948,1,1977,915,0,1062,0,79179608,37095304,49346548,88,12494900,,17959148,22327908,21134628,17757924,,12626940,5996356,5692348,12779660,,14374388,10354348,10118752,14499060,,12,52,12,12,,1789088,4398264,4516036,1791512
9954,2,1978,915,0,1063,0,79273340,36982956,49236904,88,12497448,,17985892,22366464,21167544,17753440,,12587048,5940416,5667100,12788392,,14334916,10299412,10094548,14508028,,12,52,12,12,,1789500,4399108,4517100,1791740
9961,1,1979,915,0,1064,0,79310660,36944200,49200844,88,12500132,,18044048,22373396,21099540,17793676,,12532296,5928988,5729596,12753320,,14280440,10289032,10158148,14473224,,12,52,12,12,,1789788,4400140,4518196,1792008
9967,2,1980,915,0,1065,0,79235012,37015784,49276280,88,12504116,,17986788,22337248,21118960,17792016,,12589484,5971936,5706188,12748176,,14337980,10332420,10137544,14468336,,12,52,12,12,,1790148,4400700,4521000,1792268
9973,1,1981,915,0,1066,0,79238004,36986988,49249900,88,12506556,,18027432,22329168,21124988,17756416,,12540916,5981904,5693588,12770580,,14289748,10343268,10125920,14490964,,12,52,12,12,,1790496,4401576,4521992,1792492
9979,1,1982,915,0,1067,0,79274928,36980060,49245124,88,12508644,,17961520,22398188,21159776,17755444,,12626244,5925052,5665668,12763096,,14375416,10287192,10098844,14483672,,12,52,12,12,,1790804,4402352,4522828,1792660
9985,1,1983,915,0,1068,0,79336496,36868088,49135688,88,12511212,,17961472,22489624,21119064,17766336,,12607544,5814036,5691444,12755064,,14357060,10177284,10125556,14475788,,12,52,12,12,,1791160,4403456,4523768,1792828
9990,2,1984,915,0,1069,0,79269448,36948420,49218596,88,12513816,,17954020,22501032,21031668,17782728,,12598688,5814772,5786836,12748124,,14348508,10178884,10222088,14469116,,12,52,12,12,,1791468,4404348,4524908,1793092
9996,2,1985,915,0,1070,0,79285504,36899180,49171456,88,12515864,,17953024,22498064,21050008,17784408,,12619140,5796592,5762992,12720456,,14369336,10161352,10199080,14441688,,12,52,12,12,,1791828,4404960,4525732,1793344
10003,1,1986,915,0,1071,0,79246924,36987684,49262120,88,12518044,,17993184,22437892,21068912,17746936,,12574940,5866944,5755804,12789996,,14325488,10232688,10192464,14511480,,12,52,12,12,,1792188,4405960,4526308,1793588
10009,2,1987,915,0,1072,0,79248412,36977408,49254928,88,12521088,,17941168,22453628,21092064,17761552,,12627720,5856104,5732924,12760660,,14378652,10223024,10170848,14482404,,12,52,12,12,,1792564,4407128,4527564,1793832
10016,2,1988,915,0,1073,0,79411456,36819916,49100016,88,12523656,,17987696,22504304,21132768,17786688,,12593648,5796424,5686720,12743124,,14344920,10164596,10125368,14465132,,12,52,12,12,,1792900,4408364,4528296,1794096
10023,1,1989,915,0,1074,0,79456640,36780008,49063020,88,12526620,,18046308,22501608,21077332,17831392,,12528004,5804100,5737256,12710648,,14279700,10173356,10177072,14432892,,12,52,12,12,,1793364,4409464,4529460,1794332
10030,2,1990,915,0,1075,0,79343676,36858204,49144180,88,12529552,,17978672,22487860,21056528,17820616,,12587572,5809988,5744608,12716036,,14339644,10180148,10185832,14438556,,12,52,12,12,,1793712,4410352,4530876,1794612
10037,1,1991,915,0,1076,0,79128784,37085288,49373672,88,12531964,,17944700,22304200,21112044,17767840,,12627848,5995512,5707952,12753976,,14380264,10366604,10150032,14476772,,12,52,12,12,,1794068,4411308,4531720,1794868
10043,2,1992,915,0,1077,0,79213988,37005920,49297244,88,12534832,,17949900,22334812,21162556,17766720,,12611068,5962436,5663320,12769096,,14363828,10334716,10106496,14492204,,12,52,12,12,,1794408,4412444,4532800,1795180
10051,1,1993,915,0,1078,0,79271764,36918716,49212564,88,12537380,,17969676,22397860,21116292,17787936,,12583932,5893352,5707500,12733932,,14336988,10266520,10151768,14457288,,12,52,12,12,,1794696,4413352,4533896,1795436
10056,2,1994,915,0,1079,0,79225488,36974328,49269828,88,12539144,,17955800,22363604,21101328,17804756,,12600084,5940408,5702192,12731644,,14353416,10314084,10147236,14455092,,12,52,12,12,,1794980,4413944,4534668,1795552
10062,2,1995,915,0,1080,0,79258644,36946868,49244536,88,12541276,,18015612,22328768,21111148,17803116,,12557180,5958236,5709960,12721492,,14310816,10332808,10155704,14445208,,12,52,12,12,,1795268,4414840,4535376,1795792
10068,2,1996,915,0,1081,0,79219112,36948560,49248884,88,12543932,,17955324,22331616,21167776,17764396,,12599524,5963436,5631080,12754520,,14353536,10339132,10077664,14478552,,12,52,12,12,,1795636,4415960,4536216,1796120
10075,2,1997,915,0,1082,0,79226204,36959320,49262384,88,12546644,,17981260,22356660,21132632,17755652,,12586840,5932408,5677720,12762352,,14341252,10309232,10125284,14486616,,12,52,12,12,,1796028,4417088,4537192,1796336
10081,1,1998,915,0,1083,0,79310912,36896824,49202620,88,12549388,,18023540,22367788,21111636,17807948,,12555756,5926152,5692564,12722352,,14310460,10303976,10141352,14446832,,12,52,12,12,,1796332,4418096,4538408,1796552
10087,2,1999,915,0,1084,0,79228880,36948136,49256376,88,12551848,,17975296,22305148,21139832,17808604,,12583168,5989600,5665296,12710072,,14338300,10368492,10114872,14434712,,12,52,12,12,,1796764,4419164,4539184,1796736
10094,2,2000,915,0,1085,0,79200908,36946984,49257604,88,12554220,,17974200,22302896,21169200,17754612,,12569352,5998588,5633604,12745440,,14324868,10378016,10084448,14470272,,12,52,12,12,,1797144,4419712,4540448,1796916
10100,1,2001,915,0,1086,0,79216624,36985936,49298824,88,12556468,,17937392,22342856,21173844,17762532,,12628128,5955744,5641088,12760976,,14384000,10335872,10092848,14486104,,12,52,12,12,,1797504,4420408,4541380,1797176
10106,2,2002,915,0,1087,0,79199000,36982580,49298036,88,12559024,,17974952,22304932,21148652,17770464,,12597568,6003908,5628928,12752176,,14353840,10385288,10081372,14477536,,12,52,12,12,,1797904,4421656,4542052,1797412
10112,2,2003,915,0,1088,0,79309204,36847152,49165400,88,12561796,,17961612,22374720,21157356,17815516,,12587340,5908908,5639360,12711544,,14343968,10291280,10093012,14437140,,12,52,12,12,,1798252,4422644,4543248,1797652
10119,1,2004,915,0,1089,0,79328336,36866624,49187232,88,12564164,,18000940,22334276,21165580,17827540,,12556768,5957676,5644264,12707916,,14313736,10340928,10098776,14433792,,12,52,12,12,,1798588,4423528,4544124,1797924
10125,2,2005,915,0,1090,0,79284496,36882876,49205836,88,12566512,,17998256,22325744,21192400,17768096,,12550716,5965996,5604740,12761424,,14308028,10350004,10060240,14487564,,12,52,12,12,,1798920,4424288,4545108,1798196
10131,2,2006,915,0,1091,0,79272160,36889344,49214960,88,12569164,,17987296,22279864,21241248,17763752,,12574596,6007772,5551160,12755816,,14332168,10393064,10007572,14482156,,12,52,12,12,,1799184,4425556,4546028,1798396
10137,2,2007,915,0,1092,0,79378404,36777072,49104328,88,12570788,,18010224,22357004,21226208,17784968,,12559260,5917712,5553128,12746972,,14317100,10303800,10009916,14473512,,12,52,12,12,,1799440,4426348,4546404,1798596
10143,1,2008,915,0,1093,0,79341448,36840924,49170840,88,12573496,,17976292,22365104,21181332,17818720,,12565220,5923436,5627888,12724380,,14323416,10310508,10085716,14451200,,12,52,12,12,,1799812,4427336,4547472,1798876
10149,2,2009,915,0,1094,0,79317956,36841424,49173636,88,12575788,,17994088,22327356,21176820,17819692,,12579020,5945856,5615316,12701232,,14337592,10333872,10073900,14428272,,12,52,12,12,,1800176,4428284,4548224,1799104
10155,1,2010,915,0,1095,0,79301604,36847244,49181732,88,12578076,,17992204,22327704,21216536,17765160,,12548288,5960296,5586112,12752548,,14307108,10348856,10046052,14479716,,12,52,12,12,,1800444,4428836,4549572,1799224
10161,1,2011,915,0,1096,0,79327980,36808460,49145684,88,12580844,,17965092,22347060,21260160,17755668,,12581772,5926376,5538356,12761956,,14340944,10316028,9999304,14489408,,12,52,12,12,,1800792,4429920,4550628,1799504
10167,2,2012,915,0,1097,0,79452916,36701960,49041448,88,12583052,,18001404,22424300,21243300,17783912,,12560524,5839516,5556856,12745064,,14320048,10230028,10018616,14472756,,12,52,12,12,,1801124,4430780,4551400,1799748
10174,2,2013,915,0,1098,0,79286100,36832248,49174632,88,12586024,,17952916,22406144,21137776,17789264,,12600456,5872680,5636968,12722144,,14360424,10264192,10099912,14450104,,12,52,12,12,,1801572,4431840,4552596,1800016
10180,2,2014,915,0,1099,0,79239548,36925224,49269488,88,12587876,,17985120,22332400,21125832,17796196,,12575928,5948912,5671776,12728608,,14336168,10341212,10135308,14456800,,12,52,12,12,,1801860,4432600,4553172,1800244
10186,2,2015,915,0,1100,0,79207100,36912820,49259476,88,12590232,,17963960,22314948,21153772,17774420,,12592564,5958084,5627004,12735168,,14353128,10351344,10091368,14463636,,12,52,12,12,,1802168,4433548,4553996,1800520
10192,2,2016,915,0,1101,0,79334180,36759276,49108588,88,12592904,,17974900,22423400,21168620,17767260,,12568480,5844572,5608068,12738156,,14329500,10238832,10073396,14466860,,12,52,12,12,,1802624,4434536,4554988,1800756
10198,2,2017,915,0,1102,0,79376856,36777776,49129612,88,12595424,,18004096,22442260,21145968,17784532,,12558840,5839164,5638656,12741116,,14320144,10234724,10104696,14470048,,12,52,12,12,,1802908,4435844,4555688,1800984
10204,2,2018,915,0,1103,0,79273332,36856492,49210768,88,12597912,,17959036,22393704,21140248,17780344,,12592524,5885792,5656524,12721652,,14354184,10281956,10123776,14450852,,12,52,12,12,,1803296,4436480,4556888,1801248
10211,1,2019,915,0,1104,0,79272640,36866248,49223044,88,12600444,,17999504,22389796,21130272,17753068,,12563728,5873380,5666584,12762556,,14325800,10270372,10134832,14492040,,12,52,12,12,,1803712,4437308,4557888,1801536
10217,2,2020,915,0,1105,0,79304924,36850636,49209920,88,12602924,,17944600,22411284,21190024,17759016,,12616364,5862936,5608084,12763252,,14378876,10260860,10077196,14492988,,12,52,12,12,,1804132,4438268,4558760,1801764
10224,2,2021,915,0,1106,0,79304704,36856772,49218840,88,12605676,,17967160,22421568,21149304,17766672,,12592692,5866356,5643060,12754664,,14355660,10265444,10113200,14484536,,12,52,12,12,,1804588,4439392,4559792,1801904
10230,2,2022,915,0,1107,0,79424048,36717836,49082588,88,12608328,,18004712,22440668,21186976,17791692,,12546148,5837212,5600300,12734176,,14309520,10237272,10071500,14464296,,12,52,12,12,,1804976,4440360,4560836,1802156
10236,2,2023,915,0,1108,0,79515260,36565244,48932036,88,12610380,,17970768,22470360,21250120,17824012,,12567076,5781188,5527340,12689640,,14330840,10181868,9999328,14420000,,12,52,12,12,,1805368,4440980,4561640,1802392
10243,2,2024,915,0,1109,0,79500068,36604792,48970044,88,12612972,,17983800,22462800,21261904,17791564,,12553252,5799472,5536312,12715756,,14317380,10201120,10009328,14442216,,12,52,12,12,,1805736,4441948,4562708,1802580
10250,1,2025,915,0,1110,0,79536540,36564440,48932272,88,12615528,,17951944,22478968,21328672,17776956,,12576228,5797752,5448884,12741576,,14340700,10200476,9922828,14468268,,12,52,12,12,,1806072,4443060,4563584,1802812
10256,1,2026,915,0,1111,0,79518960,36582420,48952580,88,12617884,,17988004,22497612,21241168,17792176,,12569808,5754636,5525304,12732672,,14334592,10158664,9999752,14459572,,12,52,12,12,,1806392,4444344,4564128,1803020
10262,2,2027,915,0,1112,0,79499620,36593980,48967204,88,12621016,,17974988,22512936,21192420,17819276,,12563956,5728820,5588576,12712628,,14329180,10133860,10064284,14439880,,12,52,12,12,,1806828,4445424,4565396,1803368
10269,2,2028,915,0,1113,0,79505148,36624176,48999964,88,12623424,,18005944,22458304,21212344,17828556,,12537220,5818228,5567920,12700808,,14302804,10224212,10044692,14428256,,12,52,12,12,,1807192,4446300,4566376,1803556
10276,1,2029,915,0,1114,0,79451652,36627016,49005360,88,12625996,,17984040,22472204,21223128,17772280,,12539892,5791624,5561272,12734228,,14305908,10198264,10039260,14461928,,12,52,12,12,,1807628,4446964,4567580,1803824
10282,2,2030,915,0,1115,0,79504544,36606948,48988040,88,12628716,,17959320,22514620,21258656,17771948,,12604332,5742528,5519652,12740436,,14370748,10150292,9998644,14468356,,12,52,12,12,,1808032,4448060,4568584,1804040
10289,1,2031,915,0,1115,0,79577692,36540992,48924680,88,12631248,,18015468,22543604,21235948,17782672,,12543132,5727552,5537356,12732952,,14309916,10136508,10017112,14461144,,12,52,12,12,,1808384,4449264,4569288,1804312
10294,2,2032,915,0,1117,0,79417684,36659620,49045712,88,12633692,,17961028,22545564,21113360,17797732,,12566056,5716688,5657260,12719616,,14333168,10126328,10138192,14448024,,12,52,12,12,,1808736,4449932,4570492,1804532
10301,1,2033,915,0,1118,0,79420808,36706796,49094768,88,12635492,,18007512,22483324,21122236,17807736,,12550456,5788808,5654224,12713308,,14317876,10199300,10135676,14441916,,12,52,12,12,,1809004,4450748,4571012,1804728
10306,2,2034,915,0,1119,0,79380224,36674276,49064408,88,12637640,,17962596,22501836,21142008,17773784,,12560396,5755704,5628972,12729204,,14328096,10167120,10111220,14457972,,12,52,12,12,,1809268,4451700,4571792,1804880
10312,2,2035,915,0,1120,0,79367624,36686704,49079460,88,12640300,,17945096,22500116,21162260,17760152,,12584492,5736776,5625676,12739760,,14352580,10149176,10108920,14468784,,12,52,12,12,,1809656,4452720,4572780,1805144
10318,1,2036,915,0,1121,0,79475968,36635608,49030488,88,12642396,,17996860,22535344,21162752,17781012,,12546124,5724348,5629248,12735888,,14314444,10137688,10113208,14465148,,12,52,12,12,,1809888,4453636,4573484,1805388
10324,2,2037,915,0,1122,0,79490876,36585988,48983552,88,12645080,,17951252,22552432,21140692,17846500,,12587172,5705136,5607576,12686104,,14355796,10119464,10092684,14415608,,12,52,12,12,,1810200,4454612,4574636,1805632
10331,2,2038,915,0,1123,0,79478520,36588112,48988088,88,12647504,,17986632,22585980,21146048,17759860,,12558780,5659324,5624624,12745384,,14327812,10074520,10110660,14475096,,12,52,12,12,,1810624,4455480,4575564,1805836
10337,2,2039,915,0,1124,0,79358364,36695532,49097896,88,12649892,,17950472,22499516,21132104,17776272,,12581892,5746428,5617508,12749704,,14351232,10162528,10104416,14479720,,12,52,12,12,,1810908,4456420,4576432,1806132
10343,2,2040,915,0,1125,0,79419104,36664756,49069936,88,12652664,,17947900,22528988,21183552,17758664,,12589212,5723588,5591316,12760640,,14358892,10140896,10079212,14490936,,12,52,12,12,,1811244,4457588,4577416,1806416
10350,2,2041,915,0,1126,0,79470404,36601800,49009492,88,12655200,,17958612,22516460,21218772,17776560,,12562724,5754736,5540952,12743388,,14332808,10172952,10029860,14473872,,12,52,12,12,,1811660,4458508,4578428,1806604
10356,1,2042,915,0,1127,0,79581416,36510916,48920804,88,12657428,,17967948,22569420,21212104,17831944,,12587636,5680084,5554628,12688568,,14358036,10098924,10044488,14419356,,12,52,12,12,,1811972,4459168,4579376,1806912
10362,2,2043,915,0,1128,0,79522256,36550824,48963060,88,12659720,,18023680,22505540,21245724,17747312,,12534964,5756240,5512228,12747392,,14305812,10176076,10002728,14478444,,12,52,12,12,,1812416,4460112,4580016,1807176
10369,2,2044,915,0,1129,0,79516644,36532088,48947124,88,12662504,,17964724,22528496,21261728,17761696,,12544908,5745632,5497152,12744396,,14316080,10166576,9988796,14475672,,12,52,12,12,,1812744,4461204,4581160,1807396
10375,2,2045,915,0,1130,0,79560312,36476156,48893744,88,12665076,,17966252,22551356,21269280,17773424,,12571524,5692084,5484364,12728184,,14343068,10114300,9976704,14459672,,12,52,12,12,,1813092,4462488,4581892,1807604
10382,2,2046,915,0,1131,0,79724536,36387560,48808084,88,12668044,,18050460,22552516,21313388,17808172,,12500284,5705996,5455136,12726144,,14272272,10129172,9948740,14457900,,12,52,12,12,,1813548,4463504,4583120,1807872
10389,1,2047,915,0,1132,0,79603644,36441700,48864496,88,12670264,,17977292,22537232,21287524,17801596,,12561636,5706400,5467184,12706480,,14333856,10130588,9961584,14438468,,12,52,12,12,,1813788,4464456,4583920,1808100
10395,1,2048,915,0,1133,0,79612948,36446200,48871480,88,12672768,,18015352,22511644,21309956,17775996,,12520196,5742728,5454900,12728376,,14292776,10167452,9950676,14460576,,12,52,12,12,,1814168,4464992,4585292,1808316
10401,1,2049,915,0,1134,0,79639540,36431328,48858932,88,12675100,,17961076,22547136,21366076,17765252,,12582512,5694788,5398212,12755816,,14355452,10120488,9894764,14488228,,12,52,12,12,,1814500,4465968,4586104,1808528
10407,1,2050,915,0,1135,0,79706180,36367872,48797520,88,12677124,,17977416,22593136,21348920,17786708,,12570504,5664600,5398348,12734420,,14343736,10091232,9895488,14467064,,12,52,12,12,,1814788,4466900,4586684,1808752
10412,2,2051,915,0,1136,0,79760260,36324056,48756192,88,12679600,,18041324,22572284,21319080,17827572,,12511696,5667964,5443948,12700448,,14285160,10095520,9942228,14433284,,12,52,12,12,,1815016,4467844,4587788,1808952
10418,2,2052,915,0,1137,0,79475296,36586348,49020820,88,12681968,,17976588,22542040,21181988,17774680,,12571268,5699424,5580184,12735472,,14345076,10127908,10079304,14468532,,12,52,12,12,,1815352,4468760,4588684,1809172
10424,2,2053,915,0,1138,0,79546600,36505340,48941868,88,12683980,,18033500,22535036,21218116,17759948,,12514900,5708848,5538124,12743468,,14289032,10137904,10038160,14476772,,12,52,12,12,,1815692,4469324,4589544,1809420
10430,2,2054,915,0,1139,0,79490088,36544680,48983668,88,12686436,,17955636,22546060,21214960,17773432,,12566068,5691780,5556616,12730216,,14340476,10122092,10057372,14463728,,12,52,12,12,,1815956,4470580,4590268,1809632
10436,2,2055,915,0,1140,0,79558576,36504388,48945588,88,12688636,,17983680,22556576,21248676,17769644,,12559152,5684680,5501232,12759324,,14333920,10115928,10002700,14493040,,12,52,12,12,,1816316,4471504,4590980,1809836
10442,2,2056,915,0,1141,0,79526900,36492120,48936064,88,12691384,,17944564,22605668,21210176,17766492,,12568544,5637376,5554468,12731732,,14343696,10069644,10057056,14465668,,12,52,12,12,,1816704,4472528,4592104,1810048
10449,1,2057,915,0,1142,0,79578476,36496952,48942960,88,12693440,,17987920,22554864,21229648,17806044,,12556280,5699252,5524380,12717040,,14331756,10132288,10027712,14451204,,12,52,12,12,,1817028,4473300,4592836,1810276
10455,1,2058,915,0,1143,0,79528540,36516544,48964880,88,12695776,,18024024,22462556,21279916,17762044,,12524228,5766836,5473552,12751928,,14300048,10200368,9978108,14486356,,12,52,12,12,,1817380,4473776,4594064,1810556
10460,2,2059,915,0,1144,0,79506456,36563780,49014244,88,12697892,,17963660,22461672,21314460,17766664,,12584600,5776748,5447412,12755020,,14360796,10210960,9952800,14489688,,12,52,12,12,,1817752,4474460,4594896,1810784
10466,2,2060,915,0,1145,0,79478948,36534236,48987096,88,12700284,,17983960,22464440,21262336,17768212,,12564332,5767832,5473376,12728696,,14340884,10203280,9979396,14463536,,12,52,12,12,,1818104,4475704,4595528,1810948
10473,1,2061,915,0,1146,0,79568512,36463152,48918688,88,12702968,,17984328,22510480,21303780,17769924,,12554892,5733752,5439812,12734696,,14331736,10170236,9946968,14469748,,12,52,12,12,,1818392,4476748,4596652,1811176
10479,1,2062,915,0,1147,0,79652884,36387396,48845124,88,12705156,,18005344,22534036,21311524,17801980,,12540228,5695788,5432468,12718912,,14317372,10133136,9940412,14454204,,12,52,12,12,,1818692,4477604,4597448,1811412
10484,2,2063,915,0,1148,0,79553088,36443484,48903372,88,12707316,,17990936,22467876,21328588,17765688,,12526956,5748016,5428056,12740456,,14304420,10185928,9937016,14476008,,12,52,12,12,,1819020,4478164,4598464,1811668
10491,1,2064,915,0,1149,0,79641544,36400684,48863012,88,12709792,,17992768,22475528,21397796,17775452,,12545480,5768312,5348524,12738368,,14323292,10207184,9858352,14474184,,12,52,12,12,,1819380,4479108,4599372,1811932
10497,2,2065,915,0,1150,0,79584196,36412988,48878388,88,12712832,,17961880,22521924,21337920,17762472,,12556380,5713096,5395680,12747832,,14334608,10153540,9906372,14483868,,12,52,12,12,,1819768,4480716,4600188,1812160
10504,2,2066,915,0,1151,0,79469952,36564480,49032624,88,12715560,,17964336,22391196,21321256,17793164,,12572908,5831784,5429572,12730216,,14351508,10273056,9941528,14466532,,12,52,12,12,,1820152,4481508,4601460,1812440
10511,2,2067,915,0,1152,0,79530944,36515688,48986580,88,12718308,,18009364,22339336,21382844,17799400,,12535668,5892672,5371432,12715916,,14314688,10334972,9884440,14452480,,12,52,12,12,,1820568,4482580,4602480,1812680
10518,1,2068,915,0,1153,0,79456520,36551488,49024540,88,12720404,,17970808,22329224,21412868,17743620,,12556724,5904424,5326568,12763772,,14336056,10347576,9840344,14500564,,12,52,12,12,,1820876,4483388,4603244,1812896
10524,1,2069,915,0,1154,0,79519068,36502816,48978584,88,12723112,,17953636,22364616,21441608,17759208,,12593488,5862924,5296116,12750288,,14373096,10307224,9810968,14487296,,12,52,12,12,,1821144,4484540,4604320,1813108
10530,2,2070,915,0,1155,0,79734008,36316336,48794636,88,12725640,,18024036,22485156,21435904,17788912,,12528784,5750636,5311476,12725440,,14308756,10195816,9827396,14462668,,12,52,12,12,,1821512,4485416,4605396,1813316
10536,1,2071,915,0,1156,0,79564136,36481704,48961820,88,12727460,,17967716,22431164,21360172,17805084,,12570780,5806892,5391892,12712140,,14351028,10252636,9908596,14449560,,12,52,12,12,,1821788,4485980,4606176,1813516
10542,1,2072,915,0,1157,0,79593076,36424464,48906784,88,12729684,,17984384,22399420,21396008,17813264,,12560372,5843024,5335784,12685284,,14340912,10289728,9853184,14422960,,12,52,12,12,,1822100,4486940,4606872,1813772
10548,2,2073,915,0,1158,0,79598468,36409236,48894140,88,12732252,,17959428,22406664,21455692,17776684,,12576852,5833504,5271952,12726928,,14357792,10281340,9790148,14464860,,12,52,12,12,,1822472,4488068,4607684,1814028
10554,2,2074,915,0,1159,0,79625288,36375388,48863280,88,12735240,,17956504,22449620,21446612,17772552,,12566424,5780240,5288020,12740704,,14347804,10229280,9807312,14478884,,12,52,12,12,,1822908,4489288,4608768,1814276
10561,2,2075,915,0,1160,0,79453604,36553616,49044208,88,12737928,,17953788,22439760,21251428,17808628,,12557008,5788412,5489616,12718580,,14338736,10238476,10009996,14457000,,12,52,12,12,,1823264,4490304,4609844,1814516
10567,2,2076,915,0,1161,0,79428344,36576128,49068696,88,12739908,,17966452,22440812,21235124,17785956,,12568316,5792528,5494904,12720380,,14350408,10243148,10016140,14459000,,12,52,12,12,,1823620,4490864,4610708,1814716
10573,2,2077,915,0,1162,0,79482084,36498828,48993768,88,12742288,,17980368,22486076,21253032,17762608,,12549400,5740584,5483192,12725652,,14331792,10192120,10005388,14464468,,12,52,12,12,,1823920,4491784,4611672,1814912
10579,1,2078,915,0,1163,0,79542868,36447032,48943996,88,12744288,,17959424,22491408,21314788,17777248,,12574604,5736716,5415052,12720660,,14357328,10188944,9938056,14459668,,12,52,12,12,,1824240,4492464,4612484,1815100
10584,2,2079,915,0,1164,0,79621736,36358444,48858108,88,12746972,,17980512,22591476,21293040,17756708,,12555688,5631412,5427208,12744136,,14338740,10084780,9951216,14483372,,12,52,12,12,,1824568,4493600,4613476,1815328
10591,1,2080,915,0,1165,0,79561092,36391048,48893300,88,12749576,,17954192,22563952,21246456,17796492,,12554008,5651420,5470852,12714768,,14337424,10105668,9995952,14454256,,12,52,12,12,,1824944,4494476,4614576,1815580
10596,2,2081,915,0,1166,0,79527816,36442496,48946616,88,12751492,,17958032,22546732,21247824,17775228,,12579880,5676692,5472052,12713872,,14363660,10131540,9997852,14453564,,12,52,12,12,,1825300,4495100,4615296,1815796
10602,2,2082,915,0,1167,0,79422812,36581096,49087112,88,12753328,,18025616,22534256,21093832,17769108,,12520528,5687644,5638664,12734260,,14304648,10143212,10165044,14474208,,12,52,12,12,,1825632,4495804,4615860,1816032
10608,2,2083,915,0,1168,0,79406992,36558916,49067680,88,12756040,,17956512,22548468,21152592,17749420,,12558812,5673560,5585784,12740760,,14343332,10130480,10112964,14480904,,12,52,12,12,,1826044,4497136,4616640,1816220
10614,2,2084,915,0,1169,0,79402704,36551716,49063140,88,12758720,,17965308,22570860,21110500,17756036,,12562416,5637424,5608224,12743652,,14347264,10095432,10136424,14484020,,12,52,12,12,,1826360,4498240,4617676,1816444
10620,2,2085,915,0,1170,0,79450868,36537476,49051620,88,12761456,,18002332,22569948,21101980,17776608,,12526820,5645848,5627308,12737500,,14312056,10104804,10156660,14478100,,12,52,12,12,,1826768,4499180,4618824,1816684
10626,2,2086,915,0,1171,0,79396828,36582180,49098156,88,12763316,,17974792,22503900,21098984,17819152,,12555324,5715252,5611968,12699636,,14340852,10174780,10142064,14440460,,12,52,12,12,,1827052,4499776,4619576,1816912
10632,1,2087,915,0,1172,0,79388540,36611600,49129976,88,12765664,,18013964,22511740,21113312,17749524,,12525696,5718648,5620092,12747164,,14311536,10179088,10151188,14488164,,12,52,12,12,,1827372,4500660,4620560,1817072
10638,2,2088,915,0,1173,0,79412680,36565468,49086220,88,12768072,,17965640,22509928,21193560,17743552,,12563072,5707080,5537648,12757668,,14349320,10168328,10069608,14498964,,12,52,12,12,,1827772,4501464,4621460,1817376
10645,1,2089,915,0,1174,0,79451352,36508032,49031760,88,12771044,,17968140,22576984,21155008,17751220,,12564068,5637324,5556596,12750044,,14350672,10099860,10089620,14491608,,12,52,12,12,,1828120,4502760,4622520,1817644
10651,2,2090,915,0,1175,0,79420476,36530920,49057260,88,12773688,,17946308,22550952,21127476,17795740,,12560764,5664984,5587036,12718136,,14347728,10128428,10121140,14459964,,12,52,12,12,,1828496,4503692,4623592,1817908
10657,2,2091,915,0,1176,0,79336316,36615076,49143668,88,12775960,,17971724,22486536,21112612,17765444,,12556404,5731472,5609436,12717764,,14343792,10195760,10144324,14459792,,12,52,12,12,,1828908,4504532,4624408,1818112
10664,2,2092,915,0,1177,0,79364752,36573432,49104428,88,12778336,,17965372,22494492,21140256,17764632,,12545316,5716936,5583704,12727476,,14333036,10181972,10119660,14469760,,12,52,12,12,,1829248,4505280,4625428,1818380
10671,2,2093,915,0,1178,0,79424392,36522436,49055988,88,12780888,,17958308,22526836,21188200,17751048,,12568616,5670676,5541568,12741576,,14356656,10136732,10078416,14484184,,12,52,12,12,,1829584,4506284,4626324,1818696
10677,2,2094,915,0,1179,0,79423612,36531656,49067900,88,12783564,,17984276,22517612,21140552,17781172,,12562800,5674584,5564968,12729304,,14351204,10141920,10102660,14472116,,12,52,12,12,,1829936,4507572,4627168,1818888
10683,2,2095,915,0,1180,0,79401228,36570776,49109452,88,12785960,,17964688,22556096,21105540,17774904,,12562256,5659780,5635444,12713296,,14351020,10128040,10174016,14456376,,12,52,12,12,,1830288,4508524,4627980,1819168
10689,2,2096,915,0,1181,0,79380404,36562712,49104048,88,12788516,,17972016,22521096,21126160,17761132,,12563740,5661792,5587276,12749904,,14352916,10130952,10126912,14493268,,12,52,12,12,,1830676,4509360,4629040,1819440
10696,2,2097,915,0,1182,0,79413068,36507388,49051100,88,12790888,,17959808,22515600,21176720,17760940,,12552736,5671352,5543832,12739468,,14342264,10141144,10084588,14483104,,12,52,12,12,,1831032,4509976,4630164,1819716
10703,1,2098,915,0,1183,0,79466760,36469060,49015572,88,12793672,,17952768,22538432,21241276,17734284,,12574648,5653660,5476936,12763816,,14364564,10124532,10018700,14507776,,12,52,12,12,,1831420,4511056,4631160,1820036
10709,2,2099,915,0,1184,0,79590196,36344708,48894224,88,12796712,,18001392,22568996,21232708,17787100,,12531084,5621744,5478808,12713072,,14321396,10093924,10021648,14457256,,12,52,12,12,,1831828,4512348,4632280,1820256
10716,2,2100,915,0,1185,0,79589108,36386064,48937780,88,12798904,,17974284,22578336,21211184,17825304,,12561496,5634532,5504056,12685980,,14352204,10107352,10047792,14430432,,12,52,12,12,,1832212,4512992,4633164,1820536
10723,2,2101,915,0,1186,0,79436684,36495076,49049564,88,12801624,,17942912,22502764,21223236,17767772,,12584612,5679068,5502316,12729080,,14375768,10152888,10047124,14473784,,12,52,12,12,,1832660,4513964,4634216,1820784
10730,2,2102,915,0,1187,0,79493332,36439988,48999272,88,12806416,,17966112,22529728,21230392,17767100,,12560300,5659064,5487272,12733352,,14351864,10136072,10033044,14478292,,12,52,12,12,,1833076,4517136,4635184,1821020
10736,2,2103,915,0,1188,0,79470716,36473396,49035384,88,12809116,,17972096,22544392,21191504,17762724,,12545184,5660372,5518200,12749640,,14337072,10138740,10064720,14494852,,12,52,12,12,,1833388,4518496,4635936,1821296
10743,2,2104,915,0,1189,0,79454044,36493368,49057996,88,12811704,,17969372,22536820,21137800,17810052,,12540960,5678388,5575312,12698708,,14333152,10157700,10122936,14444208,,12,52,12,12,,1833700,4519400,4637020,1821584
10749,2,2105,915,0,1190,0,79413172,36513536,49081000,88,12814580,,18002300,22513184,21148676,17749012,,12512072,5698340,5559904,12743220,,14304640,10178604,10108840,14488916,,12,52,12,12,,1834088,4520364,4638352,1821776
10757,1,2106,915,0,1191,0,79448436,36494392,49064132,88,12816820,,17971704,22519400,21211928,17745404,,12561168,5686720,5499264,12747240,,14354052,10167648,10049244,14493188,,12,52,12,12,,1834392,4521032,4639364,1822032
10763,2,2107,915,0,1192,0,79493924,36419512,48992200,88,12819760,,17981820,22554416,21209416,17748272,,12542540,5651652,5478260,12747060,,14335856,10133868,10029244,14493232,,12,52,12,12,,1834820,4522304,4640380,1822256
10769,2,2108,915,0,1193,0,79553372,36354704,48929356,88,12821700,,18022360,22605304,21155172,17770536,,12499316,5594860,5530320,12730208,,14292812,10078036,10081996,14476512,,12,52,12,12,,1835000,4523288,4641032,1822380
10775,2,2109,915,0,1194,0,79437648,36490916,49067900,88,12824052,,17971132,22524816,21133656,17808044,,12546264,5680224,5555460,12708968,,14340096,10163988,10108324,14455492,,12,52,12,12,,1835360,4523852,4642232,1822608
10781,1,2110,915,0,1195,0,79454144,36432484,49011464,88,12826048,,18010008,22523228,21149028,17771880,,12516764,5657472,5538128,12720120,,14310904,10142112,10091620,14466828,,12,52,12,12,,1835644,4524748,4642868,1822788
10786,2,2111,915,0,1196,0,79399728,36508492,49089956,88,12828492,,17937044,22537580,21190892,17734212,,12585336,5662084,5505496,12755576,,14379824,10147708,10059852,14502572,,12,52,12,12,,1835976,4525708,4643720,1823088
10793,1,2112,915,0,1197,0,79479960,36428168,49012424,88,12831296,,17964972,22574556,21192400,17748032,,12562696,5618492,5493916,12753064,,14357628,10105168,10049300,14500328,,12,52,12,12,,1836428,4526764,4644756,1823348
10799,2,2113,914,0,1199,1,79435724,36471960,49059152,88,12834284,,18011492,22459132,21187604,17777496,,12516000,5718136,5510308,12727516,,14311228,10206116,10066840,14474968,,12,52,12,12,,1836724,4528092,4645928,1823540
10805,2,2114,914,0,1200,1,79428640,36474380,49063696,88,12836356,,17972684,22442608,21204868,17808480,,12540948,5742260,5490968,12700204,,14336568,10230904,10048348,14447876,,12,52,12,12,,1837136,4528736,4646728,1823756
10812,2,2115,914,0,1201,1,79443980,36460596,49052568,88,12839004,,18002076,22446412,21231752,17763740,,12524596,5737440,5456800,12741760,,14320644,10227048,10015184,14489692,,12,52,12,12,,1837548,4529716,4647724,1824016
10818,2,2116,914,0,1202,1,79414788,36465536,49059760,88,12841268,,17960300,22432860,21241472,17780156,,12544588,5745556,5452908,12722484,,14341032,10235916,10012120,14470692,,12,52,12,12,,1837944,4530452,4648584,1824288
10825,2,2117,914,0,1203,1,79438816,36494172,49089968,88,12843980,,17981856,22444060,21257332,17755568,,12549084,5757728,5448032,12739328,,14345816,10248084,10008284,14487784,,12,52,12,12,,1838228,4531644,4649592,1824516
10831,2,2118,914,0,1204,0,79433808,36493600,49092700,88,12847192,,17936264,22465196,21212212,17820136,,12594568,5740960,5474456,12683616,,14391736,10232676,10035908,14432380,,12,52,12,12,,1838664,4532904,4650796,1824828
10838,2,2119,915,0,1204,0,79481928,36439816,49042616,88,12849900,,17974932,22462868,21223704,17820424,,12534344,5725684,5490580,12689208,,14331920,10219580,10052884,14438232,,12,52,12,12,,1839096,4534064,4651652,1825088
10844,2,2120,915,0,1205,0,79377380,36487568,49092408,88,12851900,,17937804,22457916,21221272,17760388,,12561000,5738972,5474460,12713136,,14358856,10233528,10037668,14462356,,12,52,12,12,,1839360,4534708,4652540,1825292
10850,1,2121,915,0,1206,0,79407164,36455180,49062364,88,12854284,,17951284,22456168,21244436,17755276,,12555072,5724368,5446112,12729628,,14353180,10219932,10010124,14479128,,12,52,12,12,,1839612,4535716,4653396,1825560
10856,2,2122,915,0,1207,0,79537624,36356576,48966132,88,12856412,,17966572,22534216,21280656,17756180,,12548756,5651352,5414544,12741924,,14347308,10147936,9979256,14491632,,12,52,12,12,,1840056,4536516,4654068,1825772
10863,2,2123,915,0,1208,0,79480596,36401444,49013828,88,12859308,,17961640,22530672,21202196,17786088,,12548196,5652904,5490176,12710168,,14347048,10150468,10056128,14460184,,12,52,12,12,,1840360,4537572,4655296,1826080
10869,2,2124,915,0,1209,0,79485524,36425388,49040564,88,12862076,,17990600,22480704,21203084,17811136,,12538548,5702604,5492596,12691640,,14337812,10201112,10059768,14441872,,12,52,12,12,,1840768,4538464,4656552,1826292
10876,2,2125,915,0,1210,0,79318392,36609488,49226912,88,12864308,,17950172,22362092,21253636,17752492,,12576072,5830484,5445356,12757576,,14375700,10329644,10013564,14508004,,12,52,12,12,,1841132,4539132,4657560,1826484
10882,2,2126,915,0,1211,0,79380092,36476352,49096600,88,12867068,,17946284,22374904,21295244,17763660,,12558300,5807832,5389604,12720616,,14358328,10308000,9958864,14471408,,12,52,12,12,,1841540,4540144,4658612,1826772
10889,2,2127,915,0,1212,0,79451628,36428840,49051720,88,12869748,,18002752,22423676,21232964,17792236,,12515588,5759628,5462156,12691468,,14315976,10261140,10032188,14442416,,12,52,12,12,,1841892,4541464,4659380,1827012
10896,1,2128,915,0,1213,0,79496672,36375712,49001160,88,12872336,,17993956,22483112,21245176,17774428,,12533872,5708848,5426460,12706532,,14334688,10211000,9997724,14457748,,12,52,12,12,,1842332,4542128,4660616,1827260
10902,1,2129,915,0,1214,0,79570284,36343144,48970736,88,12874448,,18012172,22428700,21305768,17823644,,12499380,5772712,5384636,12686416,,14300616,10275828,9956468,14437824,,12,52,12,12,,1842744,4543076,4661172,1827456
10908,2,2130,915,0,1215,0,79537512,36287892,48918244,88,12877188,,17955464,22461528,21378948,17741572,,12545352,5692632,5303832,12746076,,14347008,10196852,9876580,14497804,,12,52,12,12,,1843144,4544172,4662104,1827768
10915,2,2131,915,0,1216,0,79451044,36410452,49043324,88,12879768,,17973780,22422036,21296800,17758428,,12536240,5756800,5376956,12740456,,14338208,10262112,9950644,14492360,,12,52,12,12,,1843460,4545268,4663100,1827940
10921,2,2132,915,0,1217,0,79453568,36417404,49053104,88,12882568,,17981772,22415400,21252692,17803704,,12516488,5760696,5435764,12704456,,14318732,10267016,10010704,14456652,,12,52,12,12,,1843752,4546280,4664292,1828244
10927,2,2133,915,0,1218,0,79389256,36448948,49086896,88,12884836,,17993956,22354124,21262840,17778336,,12524800,5805984,5404848,12713316,,14327440,10313172,9980516,14465768,,12,52,12,12,,1844132,4547148,4665060,1828496
10934,2,2134,915,0,1219,0,79381476,36483840,49124720,88,12887720,,17967620,22348096,21304816,17760944,,12545588,5829568,5375188,12733496,,14348692,10337468,9952372,14486188,,12,52,12,12,,1844592,4547864,4666532,1828732
10941,2,2135,915,0,1220,0,79405208,36455668,49099064,88,12890244,,17962712,22380256,21291084,17771156,,12540028,5796264,5399788,12719588,,14343488,10305220,9977844,14472512,,12,52,12,12,,1844944,4548924,4667416,1828960
10948,1,2136,915,0,1221,0,79486344,36382704,49028548,88,12892676,,18006624,22421632,21284056,17774032,,12496932,5763324,5401908,12720540,,14300720,10273180,9980944,14473704,,12,52,12,12,,1845272,4549816,4668392,1829196
10954,2,2137,915,0,1221,0,79315664,36541320,49190196,88,12895668,,17979532,22481264,21056372,17798496,,12523428,5692280,5620104,12705508,,14327612,10203196,10200360,14459028,,12,52,12,12,,1845668,4550832,4669604,1829564
10962,1,2138,915,0,1223,0,79340648,36511344,49162488,88,12897928,,18021644,22410408,21078196,17830400,,12475692,5757056,5610480,12668116,,14280284,10268936,10191424,14421844,,12,52,12,12,,1846076,4551792,4670284,1829776
10968,2,2139,915,0,1224,0,79182000,36633604,49287408,88,12900580,,17959984,22389372,21072304,17760340,,12549884,5772352,5596260,12715108,,14354756,10285496,10178084,14469072,,12,52,12,12,,1846356,4553056,4671168,1830000
10974,2,2140,915,0,1225,0,79315712,36536640,49193476,88,12903600,,17979280,22516884,21057260,17762288,,12540336,5656928,5624424,12714952,,14345632,10171348,10207312,14469184,,12,52,12,12,,1846772,4554320,4672232,1830276
10981,2,2141,915,0,1226,0,79377164,36443736,49103380,88,12906380,,17962716,22522800,21097972,17793676,,12521356,5648680,5569088,12704612,,14327072,10164072,10153164,14459072,,12,52,12,12,,1847212,4555280,4673396,1830492
10988,2,2142,915,0,1227,0,79444408,36413004,49074600,88,12908328,,17993792,22521912,21076560,17852144,,12520468,5652392,5598180,12641964,,14326560,10168380,10183024,14396636,,12,52,12,12,,1847580,4555868,4674176,1830704
10994,2,2143,915,0,1228,0,79379248,36477948,49142464,88,12911280,,18017516,22475788,21107956,17777988,,12498620,5692984,5577768,12708576,,14305056,10210016,10163992,14463400,,12,52,12,12,,1847924,4556936,4675556,1830864
11000,2,2144,915,0,1229,0,79358680,36486948,49153580,88,12913380,,17957664,22470948,21165956,17764112,,12515188,5704152,5515336,12752272,,14322036,10221860,10102376,14507308,,12,52,12,12,,1848332,4557588,4676396,1831064
11006,2,2145,915,0,1230,0,79418004,36424400,49093508,88,12915832,,17976068,22522884,21133504,17785548,,12526016,5636644,5545004,12716736,,14333164,10155564,10132672,14472108,,12,52,12,12,,1848628,4558804,4676988,1831412
11013,2,2146,915,0,1231,0,79408084,36428024,49099800,88,12918504,,17965892,22525552,21097288,17819352,,12538456,5640336,5564336,12684896,,14345936,10160216,10153200,14440448,,12,52,12,12,,1848960,4559780,4678176,1831588
11019,2,2147,915,0,1232,0,79334416,36493628,49167724,88,12920840,,17993388,22473212,21112668,17755148,,12516976,5693804,5555308,12727540,,14324836,10214588,10145028,14483272,,12,52,12,12,,1849340,4560680,4679052,1831768
11025,2,2148,915,0,1233,0,79452928,36360052,49036564,88,12923192,,18049464,22473344,21166720,17763400,,12467568,5677380,5493544,12721560,,14275796,10198868,10084332,14477568,,12,52,12,12,,1849708,4561380,4680060,1832044
11032,2,2149,915,0,1234,0,79359048,36465580,49145124,88,12926208,,17959272,22494300,21144048,17761428,,12548848,5671136,5511304,12734292,,14357444,10194060,10103072,14490548,,12,52,12,12,,1850084,4562804,4681032,1832288
11038,2,2150,915,0,1235,0,79428184,36434080,49116260,88,12928840,,18016084,22509368,21109104,17793628,,12490484,5659844,5579748,12704004,,14299524,10183896,10172308,14460532,,12,52,12,12,,1850512,4563944,4681824,1832560
11045,1,2151,915,0,1236,0,79437720,36371856,49060720,88,12935532,,17980156,22484544,21123184,17849836,,12512660,5671488,5537284,12650424,,14322004,10200480,10131088,14407148,,12,52,12,12,,1850828,4568876,4683064,1832764
11051,2,2152,915,0,1237,0,79409468,36411784,49102920,88,12937800,,18030224,22485904,21136508,17756832,,12470564,5669540,5545436,12726244,,14280204,10199320,10140176,14483220,,12,52,12,12,,1851112,4569664,4684012,1833012
11056,2,2153,915,0,1238,0,79407748,36412136,49105092,88,12939620,,17978268,22487544,21177328,17764608,,12523616,5673764,5499476,12715280,,14333480,10204088,10095048,14472476,,12,52,12,12,,1851364,4570212,4684816,1833228
11063,2,2154,915,0,1239,0,79431096,36351376,49047428,88,12942676,,17987768,22518136,21161752,17763440,,12516372,5642672,5475184,12717148,,14326656,10174400,10071808,14474564,,12,52,12,12,,1851772,4571612,4685876,1833416
11070,2,2155,915,0,1240,0,79569220,36235740,48934628,88,12945528,,17995132,22535284,21246032,17792772,,12495884,5632576,5411268,12696012,,14306544,10165344,10009056,14453684,,12,52,12,12,,1852144,4572656,4687040,1833688
11076,2,2156,915,0,1241,0,79528416,36276328,48977448,88,12947732,,17969768,22528436,21241232,17788980,,12544592,5635060,5419760,12676916,,14355616,10168584,10018372,14434876,,12,52,12,12,,1852516,4573404,4687856,1833956
11083,2,2157,915,0,1242,0,79659592,36167776,48871352,88,12950232,,18035852,22591256,21261392,17771092,,12480308,5567680,5397588,12722200,,14291720,10102120,9997160,14480352,,12,52,12,12,,1852892,4574328,4688856,1834156
11090,1,2158,915,0,1243,0,79450716,36335412,49041608,88,12952804,,17962056,22404484,21308780,17775396,,12528724,5741944,5350764,12713980,,14340532,10277524,9951188,14472364,,12,52,12,12,,1853288,4575456,4689680,1834380
11096,1,2159,915,0,1244,0,79513252,36298636,49007332,88,12955308,,17981516,22514300,21234296,17783140,,12540056,5634120,5421664,12702796,,14352216,10170976,10022720,14461420,,12,52,12,12,,1853636,4576740,4690312,1834620
11102,2,2160,915,0,1245,0,79557060,36252948,48964500,88,12958188,,18000780,22509032,21237400,17809848,,12518324,5620672,5422264,12691688,,14330832,10158480,10024608,14450580,,12,52,12,12,,1853988,4577712,4691596,1834892
11109,2,2161,915,0,1246,0,79540224,36258780,48972744,88,12960568,,18006960,22465860,21256120,17811284,,12508268,5668480,5404676,12677356,,14321136,10207284,10007860,14436464,,12,52,12,12,,1854348,4578664,4692444,1835112
11115,2,2162,915,0,1247,0,79345096,36470392,49186664,88,12962856,,17949712,22449084,21173300,17773000,,12566540,5708112,5486680,12709060,,14379664,10247472,10091184,14468344,,12,52,12,12,,1854596,4579224,4693752,1835284
11121,2,2163,915,0,1248,0,79377980,36410616,49129792,88,12965740,,17964992,22465692,21179952,17767344,,12535448,5688864,5461280,12725024,,14348996,10229276,10066960,14484560,,12,52,12,12,,1855008,4580276,4694928,1835528
11128,2,2164,915,0,1249,0,79453436,36359540,49081204,88,12968232,,17999364,22508640,21147784,17797648,,12518508,5636448,5509156,12695428,,14332408,10178220,10115480,14455096,,12,52,12,12,,1855372,4581640,4695572,1835648
11134,2,2165,915,0,1250,0,79409776,36361828,49085480,88,12970216,,17956276,22504648,21152824,17796028,,12533664,5645244,5494888,12688032,,14347908,10187564,10102040,14447968,,12,52,12,12,,1855700,4582188,4696400,1835928
11140,2,2166,915,0,1251,0,79440116,36344008,49070020,88,12972596,,17983264,22513076,21168036,17775740,,12520384,5632672,5483820,12707132,,14334984,10175776,10091956,14467304,,12,52,12,12,,1856064,4582968,4697416,1836148
11146,2,2167,915,0,1252,0,79530416,36287260,49015868,88,12975168,,18023728,22524228,21200700,17781760,,12491916,5621076,5461348,12712920,,14306928,10165308,10070380,14473252,,12,52,12,12,,1856460,4584112,4698280,1836316
11153,1,2168,915,0,1253,0,79518920,36274468,49005856,88,12977916,,17975636,22525620,21242472,17775192,,12525748,5615900,5414280,12718540,,14341144,10161212,10024356,14479144,,12,52,12,12,,1856840,4585180,4699316,1836580
11160,1,2169,915,0,1254,0,79526224,36297156,49031596,88,12980972,,18022088,22541152,21177604,17785380,,12493532,5612592,5475908,12715124,,14309272,10159192,10087112,14476020,,12,52,12,12,,1857176,4586468,4700452,1836876
11166,2,2170,915,0,1255,0,79449108,36312496,49049048,88,12983076,,18007732,22487068,21170952,17783356,,12500300,5641588,5463628,12706980,,14316368,10188848,10075708,14468124,,12,52,12,12,,1857516,4587128,4701312,1837120
11172,2,2171,915,0,1256,0,79443128,36285680,49024716,88,12985568,,18006984,22480660,21214040,17741444,,12487848,5648300,5427228,12722304,,14304248,10196504,10040300,14483664,,12,52,12,12,,1857852,4588060,4702312,1837344
11179,2,2172,915,0,1257,0,79414076,36347572,49089276,88,12988240,,17964820,22512108,21183944,17753204,,12533380,5631832,5453212,12729148,,14350152,10180804,10067476,14490844,,12,52,12,12,,1858208,4588848,4703500,1837684
11186,2,2173,915,0,1258,0,79442740,36352424,49096752,88,12990868,,17989076,22570296,21120504,17762864,,12530224,5582196,5510168,12729836,,14347396,10132376,10125144,14491836,,12,52,12,12,,1858616,4590060,4704216,1837976
11193,2,2174,915,0,1259,0,79459024,36297220,49044316,88,12993596,,17945928,22565088,21126720,17821288,,12548432,5576736,5508876,12663176,,14365920,10127952,10125060,14425384,,12,52,12,12,,1858928,4591084,4705400,1838184
11199,2,2175,915,0,1260,0,79500384,36270668,49020140,88,12995976,,17997928,22539700,21138508,17824248,,12509516,5575996,5510656,12674500,,14327340,10128064,10127856,14436880,,12,52,12,12,,1859260,4591932,4706424,1838360
11206,1,2176,915,0,1261,0,79389888,36389324,49141364,88,12998536,,17947000,22497488,21163556,17781844,,12552044,5652316,5473576,12711388,,14370316,10205436,10091648,14473964,,12,52,12,12,,1859692,4593004,4707292,1838548
11212,2,2177,915,0,1262,0,79474332,36271984,49026648,88,13001160,,17958716,22517368,21234304,17763944,,12524636,5616472,5403624,12727252,,14343252,10170600,10022676,14490120,,12,52,12,12,,1860048,4593968,4708284,1838860
11218,2,2178,915,0,1263,0,79503228,36265620,49022868,88,13003756,,17967516,22556080,21192148,17787484,,12535552,5566280,5454404,12709384,,14354452,10121700,10074216,14472500,,12,52,12,12,,1860336,4595280,4709036,1839104
11225,1,2179,915,0,1264,0,79451304,36277572,49037564,88,13006436,,17964344,22487620,21164064,17835276,,12522120,5646344,5449396,12659712,,14341456,10202532,10070468,14423108,,12,52,12,12,,1860760,4596004,4710296,1839376
11231,2,2180,915,0,1265,0,79377808,36326600,49097216,88,13017012,,17989332,22435052,21188012,17765412,,12499604,5688084,5428388,12710524,,14319244,10249164,10054644,14474164,,12,52,12,12,,1861076,4600860,4715468,1839608
11238,2,2181,915,0,1266,0,79345644,36400576,49173632,88,13019472,,17946324,22450212,21198904,17750204,,12548192,5684232,5433776,12734376,,14368312,10246228,10060912,14498180,,12,52,12,12,,1861544,4601804,4716348,1839776
11245,1,2182,915,0,1267,0,79505424,36224872,49000432,88,13021968,,17957212,22573692,21211072,17763448,,12531752,5554836,5425636,12712648,,14352116,10117976,10053676,14476664,,12,52,12,12,,1861792,4602928,4717244,1840004
11250,2,2183,915,0,1268,0,79569624,36133760,48912188,88,13024832,,17986112,22595272,21206644,17781596,,12499444,5521344,5419140,12693832,,14320136,10085568,10048404,14458080,,12,52,12,12,,1862116,4604012,4718484,1840220
11257,2,2184,915,0,1269,0,79422428,36283584,49064076,88,13026900,,17972780,22568928,21096696,17784024,,12527740,5544960,5519900,12690984,,14348784,10109796,10149992,14455504,,12,52,12,12,,1862464,4604620,4719320,1840496
11263,2,2185,915,0,1270,0,79444076,36288192,49071128,88,13029352,,18023968,22505380,21132056,17782672,,12460284,5627200,5507684,12693024,,14281716,10192928,10138736,14457748,,12,52,12,12,,1862860,4605528,4720264,1840700
11269,2,2186,915,0,1271,0,79412568,36291832,49077328,88,13031888,,17979576,22529124,21145488,17758380,,12495408,5592128,5481912,12722384,,14317240,10158916,10113856,14487316,,12,52,12,12,,1863264,4606572,4721156,1840896
11276,1,2187,915,0,1272,0,79451976,36251228,49039152,88,13034332,,17987476,22517004,21175848,17771648,,12501832,5590572,5452176,12706648,,14323948,10158608,10084768,14471828,,12,52,12,12,,1863548,4607820,4721808,1841156
11282,2,2188,915,0,1273,0,79495036,36220836,49011424,88,13036964,,18030656,22578848,21086392,17799140,,12460568,5536956,5546192,12677120,,14283040,10105924,10179944,14442516,,12,52,12,12,,1863904,4608748,4722944,1841368
11288,1,2189,915,0,1274,0,79435916,36261572,49054432,88,13039272,,17993856,22516636,21106560,17818864,,12497148,5584152,5509944,12670328,,14319960,10154132,10144416,14435924,,12,52,12,12,,1864232,4609768,4723696,1841576
11294,2,2190,915,0,1275,0,79508000,36211804,49007232,88,13041812,,18045956,22532124,21153848,17776072,,12453344,5582848,5469744,12705868,,14276440,10153376,10105688,14471728,,12,52,12,12,,1864520,4610312,4725140,1841840
11300,2,2191,915,0,1276,0,79483504,36209196,49006736,88,13043916,,17990696,22552716,21179564,17760528,,12480556,5555668,5447584,12725388,,14304004,10126864,10084404,14491464,,12,52,12,12,,1864864,4610980,4726016,1842056
11307,2,2192,915,0,1277,0,79406976,36263620,49063580,88,13046380,,17994384,22535452,21111560,17765580,,12485584,5570020,5488804,12719212,,14309420,10142464,10126200,14485496,,12,52,12,12,,1865252,4612236,4726632,1842260
11313,2,2193,915,0,1278,0,79511456,36187708,48990532,88,13049180,,17975944,22607048,21107656,17820808,,12499916,5517660,5513400,12656732,,14324084,10091132,10152012,14423304,,12,52,12,12,,1865588,4613252,4727796,1842544
11320,1,2194,915,0,1279,0,79516768,36191744,48997164,88,13051776,,18020188,22567736,21114156,17814688,,12481248,5524768,5507064,12678664,,14305888,10099144,10146732,14445400,,12,52,12,12,,1866060,4614148,4728860,1842708
11326,2,2195,915,0,1280,0,79457436,36256964,49064884,88,13054280,,17984100,22586292,21134952,17752092,,12517804,5525384,5480608,12733168,,14342760,10100832,10121136,14500156,,12,52,12,12,,1866376,4615220,4729712,1842972
11333,2,2196,915,0,1281,0,79547192,36122280,48932800,88,13056864,,17984968,22604356,21201448,17756420,,12501712,5512176,5394160,12714232,,14326964,10088656,10035684,14481496,,12,52,12,12,,1866668,4616244,4730708,1843244
11339,1,2197,915,0,1282,0,79546852,36164440,48977476,88,13059344,,17981088,22643856,21135584,17786324,,12507204,5479260,5476992,12700984,,14332804,10056980,10119212,14468480,,12,52,12,12,,1867020,4617488,4731376,1843460
11345,1,2198,915,0,1283,0,79479328,36195720,49010840,88,13061436,,17968372,22617068,21124156,17769732,,12483188,5498892,5509200,12704440,,14309072,10077220,10152444,14472104,,12,52,12,12,,1867312,4618088,4732400,1843636
11350,2,2199,915,0,1284,0,79539796,36175908,48993552,88,13063972,,17975268,22599888,21144072,17820568,,12523256,5510956,5468504,12673192,,14349516,10090100,10112856,14441080,,12,52,12,12,,1867680,4618884,4733536,1843872
11356,2,2200,915,0,1285,0,79525892,36164124,48983828,88,13066000,,17968688,22591904,21168568,17796732,,12527796,5517776,5447048,12671504,,14354408,10097604,10092256,14439560,,12,52,12,12,,1868028,4619544,4734384,1844044
11362,2,2201,915,0,1286,0,79480944,36199076,49021296,88,13068508,,17945620,22615356,21160600,17759368,,12534152,5492340,5448932,12723652,,14361168,10073148,10095056,14491924,,12,52,12,12,,1868428,4620540,4735308,1844232
11368,1,2202,915,0,1287,0,79579740,36091052,48915412,88,13070640,,17994664,22651692,21150064,17783320,,12502504,5441044,5448356,12699148,,14329800,10022772,10095196,14467644,,12,52,12,12,,1868704,4621436,4736048,1844452
11374,1,2203,915,0,1288,0,79482000,36173132,48999716,88,13072872,,17928036,22623672,21149352,17780940,,12555316,5475712,5454684,12687420,,14382836,10058360,10102388,14456132,,12,52,12,12,,1868956,4622400,4736848,1844668
11380,2,2204,915,0,1289,0,79572808,36124960,48954308,88,13075580,,18005248,22587200,21164592,17815768,,12490500,5498112,5455304,12681044,,14318464,10081788,10104028,14450028,,12,52,12,12,,1869384,4623380,4737872,1844944
11387,2,2205,915,0,1290,0,79603756,36072032,48904048,88,13078292,,18025040,22574816,21210256,17793644,,12453740,5528916,5404724,12684652,,14282072,10113880,10054216,14453880,,12,52,12,12,,1869752,4624704,4738648,1845188
11393,2,2206,915,0,1291,0,79579024,36058780,48895424,88,13082852,,17961316,22608240,21218224,17791244,,12518524,5481268,5383968,12675020,,14349428,10066968,10034572,14444456,,12,52,12,12,,1872308,4625416,4739732,1845396
11399,2,2207,915,0,1292,0,79643280,36036868,48876200,88,13085516,,18005140,22636276,21205728,17796136,,12470520,5462152,5419320,12684876,,14301744,10049240,10070664,14454552,,12,52,12,12,,1872624,4626780,4740480,1845632
11405,2,2208,915,0,1293,0,79636932,36048748,48890640,88,13088068,,17962460,22653336,21182628,17838508,,12525648,5461208,5420240,12641652,,14357268,10048964,10072788,14411620,,12,52,12,12,,1873024,4627460,4741660,1845924
11412,2,2209,915,0,1294,0,79572056,36069776,48914108,88,13090500,,17949992,22616988,21181356,17823720,,12511192,5476216,5424552,12657816,,14343164,10064884,10078152,14427908,,12,52,12,12,,1873368,4628360,4742712,1846060
11418,1,2210,915,0,1295,0,79523452,36129980,48976196,88,13092408,,17942316,22604476,21198864,17777796,,12543152,5475296,5416320,12695212,,14375276,10064700,10070704,14465516,,12,52,12,12,,1873544,4629092,4743516,1846256
11424,2,2211,915,0,1296,0,79656036,36003464,48852528,88,13095216,,17981896,22654400,21237972,17781768,,12505552,5437808,5355008,12705096,,14338056,10028352,10010440,14475680,,12,52,12,12,,1873904,4630232,4744548,1846532
11430,2,2212,915,0,1297,0,79581572,36081400,48933044,88,13097812,,17960628,22676340,21167452,17777152,,12522780,5428548,5443264,12686808,,14355624,10019944,10099812,14457664,,12,52,12,12,,1874264,4631080,4745668,1846800
11437,2,2213,915,0,1298,0,79610616,36046224,48899964,88,13099900,,17973088,22678668,21171796,17787064,,12508392,5428776,5432588,12676468,,14341616,10020908,10089876,14447564,,12,52,12,12,,1874616,4631824,4746408,1847052
11443,2,2214,915,0,1299,0,79329256,36297860,49153736,88,13102040,,17967612,22423312,21176468,17761864,,12510756,5659864,5436788,12690452,,14344300,10252920,10094708,14461808,,12,52,12,12,,1874948,4632764,4747036,1847292
11450,1,2215,915,0,1300,0,79465416,36203100,49061980,88,13105004,,17969024,22463384,21273080,17759928,,12512572,5639004,5324012,12727512,,14346572,10233208,9983096,14499104,,12,52,12,12,,1875384,4633872,4748212,1847536
11456,2,2216,915,0,1301,0,79616384,36030184,48891572,88,13107512,,17992352,22537792,21295352,17790888,,12478700,5552720,5298272,12700492,,14313032,10148204,9958024,14472312,,12,52,12,12,,1875716,4635164,4748876,1847756
11462,2,2217,915,0,1302,0,79644864,35968984,48835252,88,13112408,,17977288,22549488,21272596,17845492,,12489824,5527852,5316056,12635252,,14324512,10124304,9977008,14409428,,12,52,12,12,,1876084,4636124,4750080,1850120
11469,2,2218,915,0,1303,0,79561804,36059256,48927836,88,13114704,,18010972,22509092,21263552,17778188,,12482376,5580048,5321128,12675704,,14317396,10177420,9982976,14450044,,12,52,12,12,,1876412,4637048,4750964,1850280
11475,1,2219,915,0,1304,0,79491340,36104212,48974996,88,13116896,,17977108,22498620,21247884,17767728,,12473984,5577164,5344752,12708312,,14309256,10175124,10007804,14482812,,12,52,12,12,,1876656,4637628,4752160,1850452
11481,1,2220,915,0,1305,0,79572280,36094628,48967580,88,13119096,,17986312,22523660,21287148,17775160,,12512488,5573152,5305732,12703256,,14348080,10171760,9969668,14478072,,12,52,12,12,,1876992,4638284,4753064,1850756
11487,1,2221,915,0,1306,0,79608040,36015980,48891420,88,13121584,,18007104,22586236,21229988,17784712,,12473504,5485836,5359736,12696904,,14309468,10085720,10024244,14471988,,12,52,12,12,,1877348,4639596,4753624,1851016
11493,2,2222,915,0,1307,0,79645012,35980316,48858396,88,13124232,,17983856,22533984,21295656,17831516,,12483768,5542956,5302140,12651452,,14320076,10143832,9967772,14426716,,12,52,12,12,,1877692,4640568,4754756,1851216
11500,2,2223,915,0,1308,0,79701616,35935264,48815940,88,13126796,,18034832,22534048,21306524,17826212,,12463380,5539120,5283740,12649024,,14300040,10140932,9950472,14424496,,12,52,12,12,,1878052,4641484,4755848,1851412
11506,2,2224,915,0,1309,0,79565752,36064360,48947552,88,13129316,,17957656,22539284,21304152,17764660,,12537852,5543960,5281224,12701324,,14374900,10146816,9948792,14477044,,12,52,12,12,,1878428,4642540,4756680,1851668
11513,1,2225,915,0,1310,0,79634192,35985184,48871012,88,13131936,,17969480,22636724,21254896,17773092,,12501380,5439188,5342800,12701816,,14338768,10043104,10011288,14477852,,12,52,12,12,,1878772,4643592,4757596,1851976
11519,2,2226,915,0,1311,0,79641656,35961296,48850152,88,13134976,,17949240,22654144,21248036,17790236,,12520420,5422252,5327668,12690956,,14358176,10027508,9997256,14467212,,12,52,12,12,,1879144,4644924,4758712,1852196
11526,2,2227,915,0,1312,0,79675316,35961936,48852944,88,13137120,,17986640,22625360,21236348,17826968,,12497472,5473592,5337392,12653480,,14335596,10079496,10007924,14429928,,12,52,12,12,,1879508,4645592,4759628,1852392
11532,2,2228,915,0,1313,0,79709360,35888260,48790092,88,13147936,,18021940,22626624,21254092,17806704,,12459464,5435140,5324972,12668684,,14297944,10046140,10000588,14445420,,12,52,12,12,,1879876,4650680,4764704,1852676
11538,3,2229,915,0,1314,0,79608488,35989036,48893136,88,13150212,,17964760,22616292,21261200,17766236,,12512936,5463796,5315508,12696796,,14351732,10075596,9992000,14473808,,12,52,12,12,,1880188,4651460,4765612,1852952
11545,3,2230,915,0,1315,0,79710392,35907000,48814136,88,13153212,,17984780,22671220,21273616,17780776,,12501964,5403936,5314028,12687072,,14341212,10017048,9991568,14464308,,12,52,12,12,,1880632,4652768,4766632,1853180
11552,2,2231,915,0,1316,0,79669268,35948972,48859072,88,13156168,,17960592,22688656,21246992,17773028,,12499872,5393444,5351628,12704028,,14339588,10007596,10030436,14481452,,12,52,12,12,,1881100,4653836,4767864,1853368
11559,1,2232,915,0,1317,0,79682588,35921616,48834268,88,13158684,,17990852,22625872,21244592,17821272,,12490016,5447364,5346660,12637576,,14330080,10062448,10026428,14415312,,12,52,12,12,,1881440,4654740,4768836,1853668
11565,3,2233,915,0,1318,0,79644872,35941696,48857092,88,13161416,,17965480,22626124,21266672,17786596,,12528744,5445984,5306520,12660448,,14369248,10062196,9987188,14438460,,12,52,12,12,,1881876,4655864,4769720,1853956
11573,2,2234,915,0,1319,0,79702228,35905092,48823692,88,13164616,,17965616,22672732,21284040,17779840,,12515848,5383344,5293488,12712412,,14356768,10000932,9975280,14490712,,12,52,12,12,,1882280,4657216,4770880,1854240
11580,2,2235,915,0,1320,0,79758208,35817184,48738820,88,13167604,,17993992,22695812,21248092,17820312,,12478984,5366928,5306568,12664704,,14320284,9985676,9989572,14443288,,12,52,12,12,,1882668,4658368,4772048,1854520
11587,2,2236,915,0,1321,0,79759164,35834052,48757724,88,13169640,,17984940,22686080,21263284,17824860,,12491496,5376020,5310092,12656444,,14333136,9995400,9993880,14435308,,12,52,12,12,,1882996,4659016,4772824,1854804
11594,2,2237,915,0,1322,0,79635860,35923788,48858932,88,13181084,,17955244,22639392,21266204,17775020,,12502628,5428568,5308596,12683996,,14344748,10053104,9997944,14463136,,12,52,12,12,,1883468,4664160,4778376,1855080
11600,2,2238,915,0,1323,0,79684684,35872340,48809740,88,13183344,,17959256,22660696,21297516,17767216,,12502532,5386772,5272696,12710340,,14344984,10012000,9963000,14489756,,12,52,12,12,,1883804,4664836,4779344,1855360
11607,2,2239,915,0,1324,0,79806172,35782784,48723060,88,13186228,,17988292,22695492,21341276,17781112,,12493568,5360924,5236960,12691332,,14336412,9987480,9928184,14470984,,12,52,12,12,,1884200,4666164,4780264,1855600
11613,2,2240,915,0,1325,0,79679592,35885152,48827704,88,13188496,,17937892,22630024,21280652,17831024,,12520520,5433224,5280400,12651008,,14363704,10060716,9972400,14430884,,12,52,12,12,,1884528,4667100,4781044,1855824
11620,2,2241,915,0,1326,0,79720432,35816812,48761824,88,13190964,,18006500,22645532,21254752,17813648,,12457444,5422480,5294056,12642832,,14300996,10050816,9987068,14422944,,12,52,12,12,,1884908,4667944,4782064,1856048
11626,2,2242,915,0,1327,0,79657012,35860252,48807928,88,13193596,,17940912,22637108,21307520,17771472,,12517688,5414880,5248612,12679072,,14361704,10044268,9942496,14459460,,12,52,12,12,,1885364,4668992,4782912,1856328
11632,2,2243,915,0,1328,0,79767444,35762748,48712824,88,13195996,,17967672,22672256,21353376,17774140,,12489944,5386072,5211760,12674972,,14334212,10016456,9906612,14455544,,12,52,12,12,,1885612,4669996,4783876,1856512
11638,2,2244,915,0,1329,0,79788808,35758428,48711284,88,13198820,,18008064,22713616,21278444,17788684,,12442332,5342980,5288208,12684908,,14287120,9974668,9983780,14465716,,12,52,12,12,,1886132,4671320,4784616,1856752
11645,2,2245,915,0,1330,0,79771912,35742424,48697728,88,13201232,,17973088,22708864,21283216,17806744,,12462652,5337772,5280536,12661464,,14307720,9970152,9977340,14442516,,12,52,12,12,,1886408,4671992,4785828,1857004
11652,1,2246,915,0,1331,0,79614240,35946228,48904220,88,13203912,,18039768,22461652,21298632,17814188,,12445972,5589652,5256516,12654088,,14291440,10222972,9954376,14435432,,12,52,12,12,,1886816,4672928,4786888,1857280
11658,2,2247,915,0,1332,0,79530588,36028636,48989124,88,13206392,,17976476,22459180,21340388,17754544,,12493060,5595904,5230680,12708992,,14338868,10230136,9929348,14490772,,12,52,12,12,,1887144,4673848,4787688,1857712
11665,2,2248,915,0,1333,0,79623884,35925908,48889460,88,13209464,,17991568,22512940,21352936,17766440,,12475696,5533204,5217584,12699424,,14321936,10168728,9917316,14481480,,12,52,12,12,,1887584,4675132,4788756,1857992
11672,1,2249,915,0,1334,0,79596152,35943520,48909832,88,13212276,,17944292,22534220,21301116,17816524,,12505956,5518856,5257764,12660944,,14352580,10155304,9958644,14443304,,12,52,12,12,,1887960,4676120,4789908,1858288
11678,2,2250,915,0,1335,0,79630796,35902932,48871376,88,13214420,,17999612,22478920,21325092,17827172,,12464692,5573368,5224468,12640404,,14311656,10210688,9926048,14422984,,12,52,12,12,,1888316,4676996,4790608,1858500
11684,2,2251,915,0,1336,0,79577936,35946408,48917080,88,13216612,,17959632,22489524,21354300,17774480,,12494148,5546104,5212960,12693196,,14341412,10184084,9915592,14475992,,12,52,12,12,,1888612,4677584,4791668,1858748
11690,2,2252,915,0,1337,0,79650832,35891784,48864828,88,13218896,,17967712,22511800,21404304,17767016,,12499448,5536384,5157236,12698716,,14346988,10175464,9860612,14481764,,12,52,12,12,,1888852,4678672,4792400,1858972
11696,2,2253,915,0,1338,0,79690556,35826252,48811392,88,13231368,,17977644,22577604,21362736,17772572,,12503864,5459776,5178400,12684212,,14351752,10099992,9892144,14467504,,12,52,12,12,,1889212,4679824,4803100,1859232
11702,2,2254,914,0,1340,1,79670696,35472700,48869064,88,13641360,,17964844,22606004,21309616,17790232,,12501996,5272308,5009772,12688624,,14350220,10087628,9959064,14472152,,12,52,12,12,,1889552,4854596,5037756,1859456
11709,1,2255,914,0,1341,1,79748056,35189368,48806156,88,13861492,,17996284,22455284,21490044,17806444,,12481704,5280008,4754128,12673528,,14330304,10236240,9782260,14457352,,12,52,12,12,,1889916,4995120,5116700,1859756
11715,2,2256,914,0,1342,1,79692936,35784192,48803304,88,13263336,,17962064,22391880,21571424,17767568,,12475904,5631356,4985416,12691516,,14324884,10303264,9699548,14475608,,12,52,12,12,,1890300,4710700,4802312,1860024
11722,2,2257,914,0,1343,1,79607956,35895732,48919924,88,13268732,,17975300,22437300,21424432,17770924,,12484460,5602888,5107780,12700604,,14333720,10265000,9836220,14484984,,12,52,12,12,,1890616,4700892,4816912,1860312
11728,2,2258,914,0,1344,1,79668988,36717844,48884432,88,12412040,,18011232,22494364,21380432,17782960,,12460328,5534184,6027644,12695688,,14310056,10199240,9894760,14480376,,12,52,12,12,,1891044,4705040,3955340,1860616
11735,2,2259,914,1,1344,0,79656244,37501000,48809796,88,11553108,,17999444,22441064,21431620,17784116,,12448204,6414640,5949164,12688992,,14298416,10219864,9817576,14473940,,12,52,12,12,,1891540,3844048,3956636,1860884
11741,2,2260,915,0,1344,0,79726496,37486840,48797740,88,11555248,,18033244,22428556,21456284,17808412,,12428492,6448916,5945640,12663792,,14279092,10254920,9814772,14448956,,12,52,12,12,,1891928,3844868,3957352,1861100
11748,2,2261,915,0,1346,0,79788356,37383684,48697324,88,11557968,,18024024,22477524,21520512,17766296,,12416284,6404604,5850616,12712180,,14267264,10211968,9720552,14497540,,12,52,12,12,,1892312,3846220,3958152,1861284
11754,2,2262,915,0,1346,0,79769752,37418228,48734520,88,11560460,,17989840,22554908,21460456,17764548,,12457520,6315648,5929672,12715388,,14308836,10124048,9800644,14500992,,12,52,12,12,,1892640,3847084,3959204,1861532
11760,2,2263,915,0,1348,0,79745228,37470980,48789848,88,11563060,,17976916,22586612,21405400,17776300,,12482164,6293680,5992740,12702396,,14333840,10102976,9864816,14488216,,12,52,12,12,,1892992,3848004,3960320,1861744
11766,2,2264,915,0,1349,0,79789036,37416448,48737256,88,11565016,,17981216,22610668,21409860,17787292,,12488240,6260252,5985820,12682136,,14340188,10070104,9858720,14468244,,12,52,12,12,,1893268,3848596,3961116,1862036
11773,1,2265,915,0,1350,0,79805408,37391908,48715312,88,11567576,,18041584,22538212,21428104,17797508,,12423800,6343684,5969444,12654980,,14276112,10154516,9843432,14441252,,12,52,12,12,,1893616,3849552,3962200,1862208
11779,2,2266,915,0,1351,0,79784532,37387632,48713836,88,11570448,,17986168,22559916,21487116,17751332,,12473676,6313336,5897420,12703200,,14326408,10125000,9772656,14489772,,12,52,12,12,,1894056,3850380,3963512,1862500
11786,2,2267,915,0,1352,0,79815888,37358668,48687500,88,11573020,,17995432,22599884,21425776,17794796,,12464484,6262688,5948020,12683476,,14317560,10075648,9824000,14470292,,12,52,12,12,,1894392,3851680,3964208,1862740
11793,2,2268,915,0,1353,0,79576888,37322352,48919136,88,11840956,,17986112,22581800,21190364,17818612,,12468592,6146012,6054968,12652780,,14322084,10092624,10064624,14439804,,12,52,12,12,,1894800,3985324,4097884,1862948
11799,2,2269,915,0,1354,0,79584720,37340720,48939988,88,11843432,,17989484,22615204,21206816,17773216,,12483972,6125228,6038592,12692928,,14337768,10072720,10049260,14480240,,12,52,12,12,,1895108,3986188,4098908,1863228
11806,1,2270,915,0,1355,0,79335032,37580484,49182352,88,11846020,,17979352,22309944,21264208,17781528,,12491340,6427420,5989472,12672252,,14345536,10375984,10001032,14459800,,12,52,12,12,,1895528,3987264,4099772,1863456
11812,2,2271,915,0,1355,0,79336392,37583752,49188180,88,11848592,,17967544,22339452,21272796,17756600,,12497920,6394112,5985740,12705980,,14352464,10343652,9998308,14493756,,12,52,12,12,,1895876,3988240,4100796,1863680
11819,2,2272,915,0,1357,0,79432080,37463268,49070512,88,11851412,,18010164,22364052,21265668,17792196,,12454960,6357216,5984352,12666740,,14309936,10308096,9997684,14454796,,12,52,12,12,,1896300,3989588,4101560,1863964
11826,2,2273,915,0,1358,0,79006412,37903244,49512856,88,11853776,,17976132,22362692,20870808,17796780,,12499008,6366572,6362020,12675644,,14354352,10318088,10376496,14463920,,12,52,12,12,,1896664,3990232,4102692,1864188
11832,2,2274,915,0,1359,0,78990180,37885084,49497324,88,11856416,,17968248,22272136,20927804,17821992,,12482184,6438548,6314136,12650216,,14337772,10391072,10329724,14438756,,12,52,12,12,,1896896,3991232,4103808,1864480
11839,2,2275,915,0,1360,0,78919752,37944348,49558820,88,11858632,,17954540,22271660,20921828,17771724,,12500936,6447436,6313576,12682400,,14356880,10400708,10330000,14471232,,12,52,12,12,,1897252,3991972,4104676,1864732
11845,2,2276,915,0,1361,0,79065952,37838812,49456028,88,11861364,,17993488,22349344,20958016,17765104,,12468748,6387528,6285112,12697424,,14325068,10342024,10302540,14486396,,12,52,12,12,,1897632,3993204,4105644,1864884
11851,2,2277,915,0,1362,0,79093924,37822816,49442488,88,11863836,,17997204,22350528,20953084,17793108,,12476620,6384552,6291516,12670128,,14333264,10339808,10310104,14459312,,12,52,12,12,,1897968,3993956,4106824,1865088
11857,2,2278,915,0,1363,0,79083016,37801300,49423068,88,11865916,,17987468,22384116,20912544,17798888,,12483144,6337768,6318800,12661588,,14340120,10293708,10338192,14451048,,12,52,12,12,,1898292,3994652,4107608,1865364
11863,2,2279,915,0,1364,0,79053868,37842812,49467024,88,11868368,,18038016,22312860,20939536,17763456,,12428464,6426640,6285252,12702456,,14285784,10383564,10305528,14492148,,12,52,12,12,,1898632,3995640,4108492,1865604
11870,2,2280,915,0,1365,0,79081444,37763032,49389984,88,11871144,,17972660,22342892,20996816,17769076,,12474196,6374968,6238148,12675720,,14331948,10332952,10259440,14465644,,12,52,12,12,,1899064,3996700,4109548,1865832
11877,2,2281,915,0,1366,0,78893332,38003356,49633136,88,11873928,,17978728,22134156,20992256,17788192,,12489620,6597432,6242812,12673492,,14347692,10556792,10265036,14463616,,12,52,12,12,,1899384,3998072,4110444,1866028
11883,2,2282,915,0,1367,0,78814792,38045900,49678520,88,11876748,,17957584,22140916,20952324,17763968,,12484512,6588400,6276468,12696520,,14342936,10548816,10299924,14486844,,12,52,12,12,,1899736,3999108,4111672,1866232
11890,1,2283,915,0,1368,0,78872960,38007660,49642328,88,11878812,,18001048,22100664,20954572,17816676,,12459052,6616788,6278184,12653636,,14317844,10578008,10302256,14444220,,12,52,12,12,,1900100,3999904,4112320,1866488
11896,2,2284,915,0,1369,0,78823076,38078000,49715180,88,11881320,,17970572,22102360,20976252,17773892,,12502284,6638100,6259496,12678120,,14361360,10600008,10284800,14469012,,12,52,12,12,,1900380,4000612,4113528,1866800
11902,3,2285,915,0,1370,0,78943324,37912704,49552724,88,11884164,,17969584,22201360,21019316,17753064,,12495492,6514716,6196704,12705792,,14355088,10477696,10223012,14496928,,12,52,12,12,,1900916,4001680,4114524,1867044
11909,2,2286,915,0,1371,0,78949432,37915336,49557920,88,11886708,,17978424,22226800,20962476,17781732,,12474780,6511468,6263020,12666068,,14334684,10475716,10290048,14457472,,12,52,12,12,,1901220,4002928,4115244,1867316
11916,2,2287,915,0,1372,0,78918300,37948340,49593480,88,11889292,,17983436,22249428,20862468,17822968,,12481220,6474728,6365632,12626760,,14341540,10439660,10393856,14418424,,12,52,12,12,,1901632,4003628,4116452,1867580
11922,2,2288,915,0,1373,0,78886060,37953996,49601496,88,11891616,,18024680,22215072,20881284,17765024,,12426104,6487256,6351448,12689188,,14286784,10453160,10380372,14481180,,12,52,12,12,,1902000,4004584,4117136,1867896
11929,2,2289,915,0,1374,0,78871012,37978684,49629192,88,11894672,,17970724,22205948,20931340,17763000,,12471036,6503892,6295260,12708496,,14332120,10470972,10325364,14500736,,12,52,12,12,,1902404,4005768,4118352,1868148
11936,2,2290,915,0,1375,0,79026584,37834008,49487076,88,11897196,,17977620,22325012,20950172,17773780,,12465924,6380428,6299348,12688308,,14327416,10348732,10330176,14480752,,12,52,12,12,,1902804,4006996,4119040,1868356
11942,2,2291,915,0,1376,0,79129304,37712872,49368760,88,11900000,,17966780,22368128,21007724,17786672,,12486796,6343144,6212008,12670924,,14348596,10312420,10244008,14463736,,12,52,12,12,,1903124,4007948,4120196,1868732
11949,3,2292,915,0,1377,0,79146064,37694764,49353876,88,11903240,,18007880,22321176,20988428,17828580,,12449156,6388284,6230140,12627184,,14311412,10358608,10263568,14420288,,12,52,12,12,,1903572,4008988,4121656,1869024
11957,2,2293,915,0,1378,0,79097868,37718248,49379552,88,11905400,,17961992,22316500,21037448,17781928,,12496392,6391232,6190260,12640364,,14359044,10362224,10224560,14433724,,12,52,12,12,,1903968,4009660,4122500,1869272
11963,2,2294,915,0,1379,0,79128220,37686888,49350880,88,11908084,,17975980,22360660,21025468,17766112,,12463892,6334616,6202488,12685892,,14326968,10306608,10237756,14479548,,12,52,12,12,,1904388,4010656,4123468,1869572
11969,2,2295,915,0,1380,0,79089152,37728908,49395872,88,11911080,,17968280,22325448,21011752,17783672,,12464992,6382824,6206108,12674984,,14328436,10356116,10242500,14468820,,12,52,12,12,,1904760,4011956,4124628,1869736
11975,3,2296,915,0,1381,0,79165808,37681896,49350944,88,11913132,,17975868,22354096,21015076,17820768,,12465276,6370880,6211764,12633976,,14329072,10344812,10248992,14428068,,12,52,12,12,,1905104,4012600,4125432,1869996
11982,2,2297,915,0,1382,0,79070212,37760724,49432172,88,11915552,,18015568,22247616,21053796,17753232,,12435480,6451276,6170684,12703284,,14299684,10426148,10208656,14497684,,12,52,12,12,,1905528,4013536,4126172,1870316
11989,2,2298,915,0,1383,0,79125804,37689608,49363892,88,11918396,,17955564,22263340,21146840,17760060,,12481276,6461188,6056144,12691000,,14345852,10437168,10095264,14485608,,12,52,12,12,,1905896,4014636,4127340,1870524
11995,2,2299,915,0,1384,0,79196064,37650308,49327356,88,11921140,,17972992,22282584,21173588,17766900,,12487628,6423804,6041596,12697280,,14352620,10401100,10081536,14492100,,12,52,12,12,,1906316,4015960,4128140,1870724
12002,2,2300,915,0,1385,0,79228868,37589416,49269212,88,11923892,,17963872,22253124,21195924,17815948,,12478128,6441304,6034192,12635792,,14343504,10419608,10075276,14430824,,12,52,12,12,,1906688,4016972,4129288,1870944
12008,2,2301,915,0,1386,0,79303144,37548780,49230896,88,11926228,,17999316,22289312,21187484,17827032,,12454904,6417968,6044424,12631484,,14320640,10397188,10086296,14426772,,12,52,12,12,,1907048,4017908,4130076,1871196
12015,1,2302,915,0,1387,0,79296728,37499028,49183548,88,11928632,,17991824,22316960,21225496,17762448,,12456100,6370876,5996304,12675748,,14322236,10350776,10039252,14471284,,12,52,12,12,,1907452,4018572,4131168,1871440
12020,2,2303,915,0,1388,0,79198448,37640896,49328004,88,11931204,,17973444,22220156,21227908,17776940,,12472568,6484520,5992136,12691672,,14339064,10465028,10036480,14487432,,12,52,12,12,,1907804,4019176,4132556,1871668
12027,2,2304,915,0,1389,0,79334424,37493760,49183524,88,11933904,,18010224,22313748,21220784,17789668,,12445072,6397656,5973720,12677312,,14311928,10379452,10018816,14473328,,12,52,12,12,,1908176,4020512,4133288,1871928
12034,1,2305,915,0,1390,0,79096036,37647220,49339728,88,11936616,,17949352,22280652,21051772,17814260,,12472124,6411468,6134692,12628936,,14339292,10394288,10180968,14425180,,12,52,12,12,,1908480,4021484,4134500,1872152
12040,2,2306,915,0,1391,0,79065168,37746660,49441324,88,11938756,,18010228,22237576,21053456,17763908,,12441940,6463240,6157116,12684364,,14309436,10446964,10204052,14480872,,12,52,12,12,,1908808,4022396,4135136,1872416
12046,2,2307,915,0,1392,0,79020564,37815444,49512568,88,11941236,,17931780,22247092,21067228,17774464,,12519448,6451508,6151760,12692728,,14387276,10436292,10199536,14489464,,12,52,12,12,,1909148,4023448,4135984,1872656
12053,2,2308,915,0,1393,0,79082512,37777484,49477948,88,11944560,,17942276,22261592,21114632,17764012,,12524692,6457312,6097352,12698128,,14392952,10443648,10146224,14495124,,12,52,12,12,,1909564,4025008,4137080,1872908
12061,2,2309,915,0,1394,0,79148344,37685504,49389008,88,11947600,,17984576,22280188,21071876,17811704,,12473748,6423360,6143184,12645212,,14342436,10410812,10193284,14442476,,12,52,12,12,,1910008,4026112,4138308,1873172
12067,3,2310,915,0,1395,0,79132340,37629668,49335652,88,11950080,,17983768,22250780,21065392,17832400,,12446236,6423928,6140144,12619360,,14315392,10412332,10191084,14416844,,12,52,12,12,,1910468,4027068,4139140,1873404
12075,2,2311,915,0,1396,0,78796756,38006112,49714744,88,11952740,,17950004,22104800,20958568,17783384,,12489536,6581680,6254272,12680624,,14359072,10570800,10306556,14478316,,12,52,12,12,,1910856,4027796,4140484,1873604
12081,2,2312,915,0,1397,0,78931836,37823268,49534836,88,11955692,,17951596,22179388,21011068,17789784,,12459756,6506368,6206884,12650260,,14329692,10496528,10260396,14448220,,12,52,12,12,,1911252,4028832,4141720,1873888
12089,2,2313,915,0,1398,0,78879864,37942576,49656996,88,11958508,,17998720,22164636,20935436,17781072,,12453820,6541692,6274228,12672836,,14324180,10533240,10328508,14471068,,12,52,12,12,,1911676,4030212,4142476,1874144
12095,2,2314,915,0,1399,0,78958652,37817652,49534536,88,11960964,,17989852,22171328,20951892,17845580,,12455336,6502292,6250016,12610008,,14326072,10494488,10305504,14408472,,12,52,12,12,,1912044,4030860,4143692,1874368
12102,2,2315,915,0,1400,0,78958576,37859684,49578856,88,11963280,,17989560,22178556,21020088,17770372,,12465488,6513056,6200172,12680968,,14336608,10506224,10256324,14479700,,12,52,12,12,,1912436,4031856,4144352,1874636
12109,1,2316,915,0,1401,0,78785672,38013016,49734864,88,11965960,,17959476,22174152,20882104,17769940,,12483056,6524796,6312680,12692484,,14354556,10519192,10369716,14491400,,12,52,12,12,,1912812,4033064,4145264,1874820
12115,2,2317,915,0,1402,0,78840456,37953196,49677952,88,11968844,,17963612,22195780,20909260,17771804,,12490320,6488976,6289732,12684168,,14362128,10484588,10347872,14483364,,12,52,12,12,,1913112,4034280,4146344,1875108
12122,2,2318,915,0,1403,0,78875336,37913840,49641344,88,11971620,,17952120,22242876,20886976,17793364,,12492648,6453192,6307364,12660636,,14364860,10449856,10366636,14459992,,12,52,12,12,,1913532,4035332,4147476,1875280
12128,2,2319,915,0,1404,0,78794712,38008296,49737820,88,11973644,,17961304,22194052,20865716,17773640,,12490952,6508928,6333672,12674744,,14363452,10506412,10393644,14474312,,12,52,12,12,,1913816,4036152,4148196,1875480
12134,2,2320,915,0,1405,0,78876356,37876956,49609164,88,11976288,,17973504,22206960,20930176,17765716,,12474980,6460496,6271456,12670024,,14347920,10458664,10332784,14469796,,12,52,12,12,,1914252,4036836,4149524,1875676
12140,2,2321,915,0,1406,0,78902076,37857252,49591852,88,11978684,,17951652,22216724,20959680,17774020,,12479828,6471564,6234108,12671752,,14353164,10470436,10296460,14471792,,12,52,12,12,,1914644,4037536,4150556,1875948
12147,2,2322,915,0,1407,0,78965660,37816420,49553380,88,11981060,,17978796,22278980,20934832,17773052,,12468848,6400060,6256300,12691212,,14342540,10400200,10319212,14491428,,12,52,12,12,,1915012,4038816,4151104,1876128
12153,2,2323,915,0,1408,0,78987852,37739060,49478952,88,11983996,,17955924,22341236,20922880,17767812,,12466940,6338628,6266912,12666580,,14341060,10339824,10331000,14467068,,12,52,12,12,,1915456,4039856,4152288,1876396
12160,1,2324,915,0,1409,0,78948192,37822124,49564348,88,11986340,,18011288,22271624,20909340,17755940,,12439452,6411288,6281860,12689524,,14313888,10413300,10346924,14490236,,12,52,12,12,,1915748,4040672,4153300,1876620
12166,1,2325,915,0,1410,0,78973956,37751096,49495452,88,11988476,,17958836,22284532,20962524,17768064,,12469808,6378052,6227864,12675372,,14344560,10380732,10293864,14476296,,12,52,12,12,,1916064,4041376,4154204,1876832
12171,2,2326,915,0,1411,0,79030056,37747064,49494148,88,11991196,,17968428,22303984,20985476,17772168,,12467432,6387596,6214820,12677216,,14342492,10391528,10281720,14478408,,12,52,12,12,,1916372,4042596,4155132,1877096
12178,2,2327,915,0,1412,0,79064728,37732548,49482484,88,11994088,,17986324,22336720,20964060,17777624,,12465500,6350936,6226168,12689944,,14340884,10356344,10293860,14491396,,12,52,12,12,,1916728,4044076,4155920,1877364
12185,2,2328,915,0,1413,0,79125072,37624912,49377376,88,11996636,,17963680,22439648,20943788,17777956,,12485352,6238480,6225120,12675960,,14361196,10244576,10293972,14477632,,12,52,12,12,,1917152,4044788,4157116,1877580
12191,2,2329,915,0,1414,0,79155948,37599392,49354528,88,11999228,,17975352,22465232,20964532,17750832,,12467116,6213784,6222472,12696020,,14343316,10220724,10292536,14497952,,12,52,12,12,,1917512,4045616,4158264,1877836
12199,1,2330,915,0,1415,0,79175036,37566048,49328052,88,12006148,,17939228,22479920,20982188,17773700,,12502212,6194348,6189640,12679848,,14378780,10202308,10260832,14486132,,12,52,12,12,,1917876,4046636,4159412,1882224
12205,3,2331,915,0,1416,0,79315940,37440848,49205776,88,12009008,,17982536,22502932,21042920,17787552,,12462384,6156396,6161108,12660960,,14339392,10165652,10233204,14467528,,12,52,12,12,,1918316,4047924,4160308,1882460
12213,2,2332,915,0,1417,0,79249324,37480764,49248620,88,12011908,,17950096,22508048,21011232,17779948,,12475312,6158092,6178080,12669280,,14352640,10168508,10251384,14476088,,12,52,12,12,,1918636,4049072,4161504,1882696
12220,1,2333,915,0,1418,0,79273480,37478732,49249012,88,12014336,,17979432,22466896,20987692,17839460,,12462644,6193456,6196080,12626552,,14340356,10204756,10270296,14433604,,12,52,12,12,,1919024,4049944,4162428,1882940
12226,2,2334,915,0,1419,0,79277992,37455464,49228296,88,12016944,,17958208,22460152,21079444,17780188,,12472296,6215292,6086236,12681640,,14350404,10227604,10161332,14488956,,12,52,12,12,,1919436,4051004,4163300,1883204
12232,2,2335,915,0,1420,0,79338404,37370732,49146268,88,12019632,,17946736,22490800,21121924,17778944,,12468416,6167916,6063540,12670860,,14346936,10181260,10139636,14478436,,12,52,12,12,,1919836,4052012,4164320,1883464
12239,2,2336,915,0,1421,0,79380652,37399516,49177544,88,12022100,,17986952,22475552,21120688,17797460,,12463896,6202016,6072328,12661276,,14342728,10216592,10149180,14469044,,12,52,12,12,,1920148,4053228,4165068,1883656
12245,2,2337,915,0,1422,0,79441788,37276596,49057304,88,12024768,,17962008,22549140,21148904,17781736,,12468284,6115740,6030276,12662296,,14347568,10131016,10108368,14470352,,12,52,12,12,,1920600,4053928,4166288,1883952
12252,2,2338,915,0,1423,0,79346432,37400956,49184396,88,12027488,,17924392,22481112,21168620,17772308,,12533208,6183972,6018304,12665472,,14412884,10200248,10097448,14473816,,12,52,12,12,,1920972,4054936,4167348,1884232
12259,1,2339,915,0,1424,0,79374652,37339040,49124656,88,12029680,,17942744,22472248,21194660,17765000,,12493712,6205740,5973044,12666544,,14373772,10222780,10053004,14475100,,12,52,12,12,,1921364,4055696,4168180,1884440
12265,2,2340,915,0,1424,0,79588284,37173104,48961832,88,12032748,,17969956,22599248,21214552,17804528,,12476380,6076888,5975256,12644580,,14356796,10095264,10056340,14453432,,12,52,12,12,,1921692,4057024,4169288,1884744
12272,2,2341,915,0,1426,0,79563428,37156464,48952268,88,12039864,,17987876,22571432,21179444,17824676,,12449428,6094720,5999844,12612472,,14334400,10114168,10082164,14421536,,12,52,12,12,,1926256,4058116,4170536,1884956
12279,2,2342,915,0,1427,0,79531780,37199388,48997508,88,12042172,,17991828,22519288,21197308,17823356,,12439792,6146732,5993012,12619852,,14325152,10167044,10076124,14429188,,12,52,12,12,,1926624,4058964,4171356,1885228
12285,1,2343,915,0,1428,0,79545788,37187600,48987680,88,12044076,,18032464,22513736,21215644,17783944,,12401768,6156728,5968016,12661088,,14287388,10177608,10052016,14470668,,12,52,12,12,,1926872,4059552,4172196,1885456
12291,2,2344,915,0,1429,0,79584016,37109168,48912096,88,12046928,,17972280,22520540,21308536,17782660,,12463288,6138744,5848172,12658964,,14349320,10160684,9933236,14468856,,12,52,12,12,,1927316,4060596,4173272,1885744
12297,2,2345,915,0,1430,0,79649936,37067880,48873668,88,12049800,,18011624,22554316,21288772,17795224,,12426148,6095172,5889140,12657420,,14312556,10118708,9974944,14467460,,12,52,12,12,,1927656,4062220,4174016,1885908
12304,2,2346,915,0,1431,0,79605364,37101576,48910084,88,12052464,,17948864,22588920,21235064,17832516,,12495032,6059724,5937692,12609128,,14381804,10084084,10024764,14419432,,12,52,12,12,,1928024,4063008,4175264,1886168
12311,2,2347,915,0,1432,0,79285412,37419476,49230448,88,12054932,,17992040,22189068,21247092,17857212,,12456828,6467692,5911864,12583092,,14344028,10492812,9999968,14393640,,12,52,12,12,,1928448,4063780,4176316,1886388
12316,2,2348,915,0,1433,0,79262776,37449024,49262072,88,12057004,,17966780,22182724,21330024,17783248,,12476868,6467124,5845948,12659084,,14364396,10492884,9934916,14469876,,12,52,12,12,,1928772,4064424,4177168,1886640
12323,2,2349,915,0,1434,0,79360096,37333612,49149476,88,12059788,,17979224,22307388,21276888,17796596,,12456592,6339508,5893496,12644016,,14344540,10366376,9983480,14455080,,12,52,12,12,,1929188,4065516,4178192,1886892
12330,2,2350,915,0,1435,0,79390384,37306528,49125512,88,12062900,,18013664,22315420,21245992,17815308,,12425636,6330744,5918804,12631344,,14313956,10358952,10009956,14442648,,12,52,12,12,,1929560,4066860,4179352,1887128
12336,2,2351,915,0,1436,0,79375016,37339608,49160468,88,12064804,,17969600,22338008,21197796,17869612,,12470136,6317496,5970180,12581796,,14358752,10346260,10062128,14393328,,12,52,12,12,,1929844,4067444,4180148,1887368
12342,2,2352,915,0,1437,0,79138512,37556092,49378892,88,12066728,,17989768,22154604,21206660,17787480,,12452664,6492464,5971164,12639800,,14341588,10522168,10063644,14451492,,12,52,12,12,,1930168,4068360,4180676,1887524
12348,2,2353,915,0,1438,0,79175836,37476056,49301416,88,12069284,,17955132,22179356,21261808,17779540,,12466920,6462320,5896508,12650308,,14356072,10493180,9989896,14462268,,12,52,12,12,,1930392,4069512,4181592,1887788
12354,2,2354,915,0,1439,0,79219792,37473724,49301548,88,12071772,,17957592,22225924,21258076,17778200,,12480500,6423112,5912276,12657836,,14370016,10454948,10006544,14470040,,12,52,12,12,,1930752,4070500,4182484,1888036
12360,1,2355,915,0,1440,0,79325696,37346192,49176620,88,12074356,,18025540,22235356,21241064,17823736,,12407308,6425964,5901196,12611724,,14297140,10458824,9996456,14424200,,12,52,12,12,,1931068,4071520,4183460,1888308
12366,2,2356,915,0,1441,0,79260500,37401980,49234324,88,12076248,,17968592,22272980,21222968,17795960,,12473304,6368296,5946848,12613532,,14363392,10401772,10042944,14426216,,12,52,12,12,,1931320,4072128,4184292,1888508
12372,2,2357,915,0,1442,0,79158348,37534112,49369096,88,12078920,,18017132,22243936,21123504,17773776,,12425928,6399116,6038172,12670896,,14316468,10433532,10135304,14483792,,12,52,12,12,,1931784,4073076,4185336,1888724
12378,2,2358,915,0,1443,0,79081704,37558456,49395816,88,12081264,,17959492,22243968,21120284,17757960,,12463808,6388256,6039244,12667148,,14354712,10423532,10137216,14480356,,12,52,12,12,,1932128,4073932,4186168,1889036
12385,2,2359,915,0,1444,0,79296444,37398220,49238560,88,12084248,,17990780,22382636,21149540,17773488,,12437108,6276784,6013856,12670472,,14328456,10313332,10112884,14483888,,12,52,12,12,,1932572,4075200,4187236,1889240
12392,2,2360,915,0,1445,0,79218992,37421700,49264896,88,12087148,,17957356,22333492,21107300,17820844,,12456132,6301724,6051552,12612292,,14347852,10339280,10151808,14425956,,12,52,12,12,,1932952,4076248,4188456,1889492
12399,1,2361,915,0,1446,0,79219832,37436260,49281700,88,12089380,,17981984,22369624,21102196,17766028,,12440892,6278656,6065760,12650952,,14332932,10317096,10166784,14464888,,12,52,12,12,,1933264,4077136,4189220,1889760
12405,2,2362,915,0,1447,0,79246400,37403608,49251408,88,12091720,,17960800,22377116,21138040,17770444,,12440024,6274804,6017492,12671288,,14332416,10313960,10119572,14485460,,12,52,12,12,,1933608,4077816,4190288,1890008
12411,2,2363,915,0,1448,0,79252276,37402308,49252980,88,12094616,,17944964,22351852,21174084,17781376,,12460960,6266116,6001696,12673536,,14353652,10306580,10104756,14487992,,12,52,12,12,,1933920,4079148,4191264,1890284
12417,2,2364,915,0,1449,0,79213544,37441012,49294116,88,12097004,,17943444,22358516,21126732,17784852,,12486920,6274168,6010952,12668972,,14380028,10315580,10114812,14483696,,12,52,12,12,,1934336,4080060,4192060,1890548
12425,2,2365,915,0,1450,0,79291312,37391640,49247836,88,12100108,,17933884,22401588,21126460,17829380,,12485588,6259808,6023524,12622720,,14379108,10302344,10128700,14437684,,12,52,12,12,,1934740,4081200,4193368,1890800
12432,1,2366,915,0,1451,0,79275700,37386768,49245496,88,12102652,,17965620,22346996,21135468,17827616,,12461064,6296944,6010728,12618032,,14354960,10340360,10116924,14433252,,12,52,12,12,,1935120,4082088,4194396,1891048
12438,2,2367,915,0,1452,0,79243200,37393692,49254936,88,12105124,,17939340,22363952,21178916,17760992,,12485776,6268412,5966120,12673384,,14380128,10312712,10073188,14488908,,12,52,12,12,,1935556,4082952,4195264,1891352
12445,1,2368,915,0,1453,0,79253240,37387128,49251100,88,12107856,,17914244,22396212,21173348,17769436,,12504940,6239156,5971944,12671088,,14399688,10284576,10080044,14486792,,12,52,12,12,,1935956,4084084,4196292,1891524
12452,2,2369,915,0,1454,0,79257220,37370740,49237724,88,12110876,,17946380,22385224,21119580,17806036,,12471412,6244932,6025200,12629196,,14366568,10291508,10134524,14445124,,12,52,12,12,,1936376,4085240,4197508,1891752
12458,2,2370,915,0,1455,0,79152000,37463764,49325048,88,12105148,,17934888,22351740,21078120,17787252,,12491116,6271432,6067180,12634036,,14386668,10318976,10169156,14450248,,12,52,12,12,,1936776,4086196,4190156,1892020
12465,2,2371,915,0,1456,0,79256700,37366560,49230300,88,12107600,,17993948,22362384,21117880,17782488,,12430760,6254144,6033760,12647896,,14326740,10302340,10136832,14464388,,12,52,12,12,,1937200,4086852,4191260,1892288
12472,2,2372,915,0,1457,0,79256708,37390544,49257216,88,12110564,,17928320,22394156,21159896,17774336,,12487548,6229120,6011244,12662632,,14383908,10278628,10115272,14479408,,12,52,12,12,,1937568,4088168,4192244,1892584
12479,1,2373,915,0,1458,0,79249488,37406384,49275904,88,12113392,,17946120,22457564,21045912,17799892,,12474516,6180220,6114336,12637312,,14371272,10231056,10219196,14454380,,12,52,12,12,,1937964,4089504,4193056,1892868
12485,3,2374,915,0,1459,0,79392288,37255608,49127724,88,12115984,,17926880,22541688,21070764,17852956,,12495000,6081260,6083848,12595500,,14392140,10132784,10189992,14412808,,12,52,12,12,,1938364,4090176,4194332,1893112
12492,2,2375,915,0,1460,0,79294692,37335600,49210196,88,12118464,,17976980,22492144,21027600,17797968,,12448772,6122772,6125980,12638076,,14346232,10175220,10233120,14455624,,12,52,12,12,,1938684,4091108,4195328,1893344
12499,1,2376,915,0,1461,0,79257624,37365092,49242116,88,12120940,,17928108,22505152,21062100,17762264,,12472780,6131132,6094688,12666492,,14370596,10184304,10202996,14484220,,12,52,12,12,,1939048,4091816,4196544,1893532
12505,2,2377,915,0,1462,0,79253268,37386964,49266728,88,12123620,,17944204,22524080,21016904,17768080,,12475832,6102312,6140760,12668060,,14374024,10156764,10249872,14486068,,12,52,12,12,,1939400,4093124,4197292,1893804
12512,2,2378,915,0,1463,0,79233020,37398120,49280744,88,12126480,,17930380,22499392,20994000,17809248,,12477620,6130964,6166564,12622972,,14376244,10186396,10276884,14441220,,12,52,12,12,,1939836,4094104,4198504,1894036
12519,2,2379,915,0,1464,0,79278220,37347776,49232900,88,12128944,,17965156,22472832,21009180,17831052,,12460192,6150052,6140220,12597312,,14359196,10206440,10251504,14415760,,12,52,12,12,,1940200,4095040,4199472,1894232
12526,2,2380,915,0,1465,0,79125840,37475168,49363036,88,12131740,,17926116,22476556,20958764,17764404,,12480788,6147620,6176100,12670660,,14380228,10205084,10288360,14489364,,12,52,12,12,,1940632,4096144,4200460,1894504
12533,2,2381,915,0,1466,0,79152784,37489156,49379744,88,12134432,,17947824,22481640,20955024,17768296,,12473296,6143732,6199396,12672732,,14373116,10202236,10312724,14491668,,12,52,12,12,,1941012,4097160,4201536,1894724
12540,2,2382,915,0,1467,0,79170324,37426420,49320084,88,12137488,,17915408,22543608,20915712,17795596,,12494080,6071636,6218176,12642528,,14394268,10131496,10332660,14461660,,12,52,12,12,,1941372,4098520,4202680,1894916
12546,2,2383,915,0,1468,0,79129068,37453948,49349652,88,12139532,,17920476,22522024,20915572,17770996,,12498948,6078884,6224780,12651336,,14399420,10139416,10340120,14470696,,12,52,12,12,,1941664,4099200,4203524,1895144
12553,2,2384,915,0,1469,0,79093432,37493876,49392692,88,12142644,,17920184,22489784,20917328,17766136,,12495412,6117048,6222216,12659200,,14396308,10178612,10338956,14478816,,12,52,12,12,,1942092,4100224,4204932,1895396
12560,2,2385,915,0,1470,0,79201668,37438016,49339124,88,12144952,,17928056,22527600,20978948,17767064,,12497032,6092808,6165292,12682884,,14398292,10155148,10282988,14502696,,12,52,12,12,,1942448,4100992,4205908,1895604
12566,2,2386,915,0,1471,0,79131728,37496204,49399960,88,12147604,,17934548,22520664,20906368,17770148,,12494548,6101228,6226580,12673848,,14396244,10164844,10344928,14493944,,12,52,12,12,,1942888,4102268,4206564,1895884
12573,2,2387,915,0,1472,0,79214932,37367956,49274368,88,12150252,,17917664,22565792,20931500,17799976,,12491816,6040544,6196632,12638964,,14393784,10105148,10316144,14459292,,12,52,12,12,,1943168,4103256,4207700,1896128
12580,2,2388,915,0,1473,0,79227632,37371160,49280116,88,12152784,,17963864,22533132,20930716,17799920,,12450688,6075172,6206492,12638808,,14353024,10140688,10327056,14459348,,12,52,12,12,,1943528,4104172,4208752,1896332
12586,2,2389,915,0,1474,0,79132812,37453332,49364720,88,12155196,,17932956,22495312,20956560,17747984,,12476920,6114224,6178672,12683516,,14379584,10180844,10300044,14504248,,12,52,12,12,,1943856,4105268,4209552,1896520
12592,2,2390,915,0,1475,0,79134344,37454864,49369000,88,12157960,,17920296,22531140,20945484,17737424,,12493908,6069732,6205136,12686088,,14396944,10137400,10327568,14507088,,12,52,12,12,,1944224,4106316,4210620,1896800
12599,2,2391,914,0,1477,1,79210992,37389116,49306368,88,12161092,,17930216,22541500,20964224,17775052,,12483280,6083332,6160824,12661680,,14386744,10152404,10284232,14482988,,12,52,12,12,,1944652,4107724,4211620,1897096
12606,2,2392,914,0,1478,1,79237632,37348004,49267352,88,12163200,,17931316,22574040,20970796,17761480,,12482668,6032156,6157172,12676008,,14386496,10101816,10281520,14497520,,12,52,12,12,,1945016,4108340,4212528,1897316
12612,2,2393,914,0,1479,1,79182084,37405448,49327424,88,12165796,,17972784,22500576,20960912,17747812,,12438696,6091840,6179164,12695748,,14342852,10162492,10304572,14517508,,12,52,12,12,,1945348,4109304,4213592,1897552
12619,1,2394,914,0,1480,1,79195660,37399224,49323772,88,12168404,,17926840,22499644,20999184,17769992,,12490368,6120944,6120248,12667664,,14394876,10192388,10246848,14489660,,12,52,12,12,,1945700,4110096,4214824,1897784
12625,2,2395,914,0,1481,1,79199596,37388812,49306644,88,12162856,,17951324,22504084,21000612,17743576,,12466324,6102392,6132912,12687184,,14371244,10173852,10260252,14501296,,12,52,12,12,,1946104,4111316,4215532,1889904
12632,4,2396,914,0,1482,0,79069700,37478672,49401268,88,12166364,,17914044,22576364,20821224,17758068,,12487552,6025396,6303744,12661980,,14392976,10099532,10432352,14476408,,12,52,12,12,,1946616,4112748,4216792,1890208
12641,2,2397,915,0,1482,0,79097764,37534416,49459792,88,12169128,,17976004,22517332,20813792,17790636,,12449112,6098616,6332732,12653956,,14354904,10173800,10462408,14468680,,12,52,12,12,,1946968,4113784,4217864,1890512
12647,2,2398,915,0,1483,0,79178992,37421496,49340960,88,12163272,,17928740,22508872,20977876,17763504,,12485868,6106388,6159252,12669988,,14383764,10182460,10289740,14484996,,12,52,12,12,,1939072,4114700,4218700,1890800
12654,2,2399,915,0,1484,0,79275872,37327244,49249904,88,12166412,,17931692,22589468,20993556,17761156,,12486764,6020384,6129516,12690580,,14385128,10097868,10261088,14505820,,12,52,12,12,,1939540,4116084,4219752,1891036
12661,2,2400,915,0,1485,0,79205948,37367220,49292712,88,12169152,,17923736,22608184,20903004,17771024,,12463372,5991900,6233384,12678564,,14362096,10070420,10366152,14494044,,12,52,12,12,,1939896,4117044,4220948,1891264
12668,2,2401,915,0,1486,0,79303984,37285320,49213000,88,12171476,,17965408,22618472,20930860,17789244,,12466080,5976504,6194704,12648032,,14365188,10055856,10328236,14463720,,12,52,12,12,,1940284,4117984,4221720,1891488
12674,2,2402,915,0,1487,0,79176608,37398264,49328752,88,12174276,,17918228,22563124,20947512,17747744,,12499732,6045308,6183080,12670144,,14399208,10125308,10318100,14486136,,12,52,12,12,,1940656,4118632,4223208,1891780
12681,2,2403,915,0,1488,0,79240812,37350260,49283356,88,12176900,,17932160,22598396,20971020,17739236,,12497184,5995956,6158064,12699056,,14397052,10076976,10294048,14515280,,12,52,12,12,,1941052,4119652,4224184,1892012
12687,2,2404,915,0,1489,0,79370124,37192172,49128224,88,12179852,,17942440,22711588,20950524,17765572,,12471956,5884452,6163744,12672020,,14372256,9966808,10300692,14488468,,12,52,12,12,,1941480,4120992,4225140,1892240
12694,2,2405,915,0,1490,0,79116128,37444396,49382680,88,12182060,,17922760,22634372,20781388,17777608,,12502040,5963108,6321336,12657912,,14402624,10046092,10459376,14474588,,12,52,12,12,,1941760,4121624,4226216,1892460
12700,2,2406,915,0,1491,0,79171692,37396280,49336564,88,12184076,,17925972,22641072,20828140,17776508,,12491244,5956844,6282424,12665768,,14392100,10040680,10421152,14482632,,12,52,12,12,,1942032,4122480,4226912,1892652
12706,2,2407,915,0,1492,0,79211372,37366676,49309496,88,12186656,,17922004,22645960,20902212,17741196,,12498392,5952000,6216320,12699964,,14399604,10036824,10355968,14517100,,12,52,12,12,,1942384,4123496,4227828,1892948
12713,2,2408,915,0,1493,0,79245764,37337564,49283080,88,12189312,,17913940,22682280,20905296,17744248,,12509700,5907784,6227656,12692424,,14411344,9993664,10368260,14509812,,12,52,12,12,,1942824,4124512,4228796,1893180
12719,2,2409,915,0,1494,0,79300748,37242704,49191268,88,12192408,,17979916,22669484,20893712,17757636,,12436524,5907164,6204472,12694544,,14338456,9994344,10346304,14512164,,12,52,12,12,,1943132,4125812,4230056,1893408
12726,2,2410,915,0,1495,0,79148692,37443432,49394036,88,12194380,,17926564,22695824,20755176,17771128,,12486316,5909576,6379600,12667940,,14388612,9997404,10522260,14485760,,12,52,12,12,,1943468,4126468,4230836,1893608
12732,1,2411,915,0,1496,0,79161128,37407196,49352172,88,12188740,,17934340,22685692,20781148,17759948,,12477284,5909792,6336784,12683336,,14379904,9990356,10480484,14501428,,12,52,12,12,,1943792,4119188,4231880,1893880
12738,2,2412,915,0,1497,0,79205464,37372488,49319724,88,12191036,,17922952,22686132,20870428,17725952,,12508844,5913568,6248212,12701864,,14411856,9994932,10392744,14520192,,12,52,12,12,,1944196,4120004,4232720,1894116
12744,2,2413,915,0,1498,0,79289920,37264960,49214936,88,12193724,,17934788,22755692,20850256,17749184,,12483604,5828460,6259640,12693256,,14386944,9910984,10405176,14511832,,12,52,12,12,,1944520,4121116,4233724,1894364
12751,2,2414,915,0,1499,0,79186596,37355628,49308492,88,12196656,,17899508,22745624,20770424,17771040,,12509820,5844336,6316820,12684652,,14413500,9927940,10463560,14503492,,12,52,12,12,,1944860,4122236,4234924,1894636
12757,2,2415,915,0,1500,0,79217496,37337456,49292160,88,12198484,,17941808,22763340,20754808,17757540,,12484628,5813092,6361708,12678028,,14388608,9897240,10509280,14497032,,12,52,12,12,,1945152,4122776,4235752,1894804
12764,3,2416,915,0,1501,0,79165080,37360552,49318164,88,12201448,,17912692,22712800,20792812,17746776,,12487516,5876156,6319120,12677760,,14391888,9961404,10467828,14497044,,12,52,12,12,,1945548,4123916,4236892,1895092
12771,2,2417,915,0,1502,0,79164792,37390532,49351204,88,12204496,,17905120,22700668,20820812,17738192,,12516300,5895696,6286664,12691872,,14420988,9982316,10436448,14511452,,12,52,12,12,,1945868,4125292,4237960,1895376
12778,2,2418,915,0,1503,0,79319360,37215500,49178824,88,12207144,,17939612,22779936,20847300,17752512,,12464336,5812444,6255368,12683352,,14369432,9900352,10405852,14503188,,12,52,12,12,,1946280,4126564,4238668,1895632
12785,2,2419,915,0,1504,0,79342396,37193988,49159900,88,12209748,,17907756,22738444,20899152,17797044,,12480708,5850724,6226240,12636316,,14386160,9939384,10377924,14456432,,12,52,12,12,,1946632,4127344,4239868,1895904
12791,3,2420,915,0,1505,0,79322064,37224164,49192736,88,12212376,,17937928,22717540,20946020,17720576,,12471304,5880856,6162320,12709684,,14377176,9970480,10315060,14530020,,12,52,12,12,,1947052,4128284,4240912,1896128
12798,3,2421,915,0,1506,0,79333456,37212816,49184128,88,12215128,,17887324,22733548,20972784,17739800,,12523184,5853256,6126724,12709652,,14429408,9943680,10280796,14530244,,12,52,12,12,,1947400,4129096,4242256,1896376
12805,3,2422,915,0,1507,0,79342276,37192500,49166536,88,12217864,,17902572,22737556,20958828,17743320,,12508152,5835316,6137304,12711728,,14414784,9927076,10292092,14532584,,12,52,12,12,,1947808,4130436,4242972,1896648
12813,2,2423,915,0,1508,0,79335804,37190400,49167452,88,12220880,,17854864,22735932,20944992,17800016,,12553240,5835560,6152960,12648640,,14460340,9928444,10308900,14469768,,12,52,12,12,,1948284,4131560,4244120,1896916
12820,1,2424,915,0,1509,0,79054936,37454752,49434236,88,12223304,,17866956,22472012,20953800,17762168,,12534724,6100092,6163008,12656928,,14442112,10193812,10319980,14478332,,12,52,12,12,,1948584,4132384,4245148,1897188
12826,2,2425,915,0,1510,0,78971148,37564752,49546684,88,12225740,,17839628,22460576,20944428,17726516,,12588060,6121048,6152780,12702864,,14495784,10215744,10310640,14524516,,12,52,12,12,,1948908,4133356,4246040,1897436
12832,2,2426,915,0,1511,0,79094708,37414908,49399588,88,12228480,,17826840,22532472,21002916,17732480,,12580088,6038904,6093164,12702752,,14488160,10134784,10251992,14524652,,12,52,12,12,,1949252,4134544,4246996,1897688
12839,2,2427,915,0,1512,0,79165720,37374056,49361272,88,12231016,,17881092,22515824,21000344,17768460,,12529232,6069208,6103040,12672576,,14437652,10166388,10262560,14494672,,12,52,12,12,,1949596,4135860,4247684,1897876
12845,2,2428,915,0,1513,0,79124756,37421412,49411140,88,12233548,,17825008,22539892,21019124,17740732,,12591884,6053188,6075744,12700596,,14500668,10151028,10236488,14522956,,12,52,12,12,,1949980,4136508,4248912,1898148
12852,2,2429,915,0,1514,0,79180136,37337820,49330500,88,12236480,,17808956,22505008,21068704,17797468,,12595336,6086288,6033132,12623064,,14504596,10185216,10194972,14445716,,12,52,12,12,,1950448,4137588,4250008,1898436
12859,1,2430,915,0,1515,0,78715160,37831824,49826612,88,12238608,,17791264,22148616,21036776,17738504,,12615980,6451676,6068152,12696016,,14525564,10551368,10230792,14518888,,12,52,12,12,,1950776,4138356,4250820,1898656
12864,3,2431,915,0,1515,0,78795876,37718408,49716060,88,12241488,,17790084,22234476,21044528,17726788,,12622472,6354276,6033856,12707804,,14532500,10455132,10197520,14530908,,12,52,12,12,,1951212,4139520,4251852,1898904
12871,2,2432,915,0,1517,0,78884396,37623284,49623788,88,12244332,,17797928,22267620,21052120,17766728,,12600212,6326484,6028800,12667788,,14510556,10428324,10193684,14491224,,12,52,12,12,,1951540,4140512,4253060,1899220
12878,2,2433,915,0,1518,0,78725000,37754392,49757448,88,12246840,,17784260,22272864,20944652,17723224,,12602400,6299300,6157924,12694768,,14513164,10402208,10323660,14518416,,12,52,12,12,,1951936,4141568,4253908,1899428
12885,2,2434,915,0,1519,0,78768512,37716592,49722116,88,12249380,,17837760,22223104,20963904,17743744,,12566044,6349504,6121772,12679272,,14477184,10453144,10288660,14503128,,12,52,12,12,,1952352,4142308,4255060,1899660
12891,2,2435,915,0,1520,0,78779540,37725172,49733528,88,12252140,,17793876,22276268,20980692,17728704,,12612908,6302376,6113916,12695972,,14524392,10407256,10281768,14520112,,12,52,12,12,,1952644,4143548,4256024,1899924
12898,2,2436,915,0,1521,0,78886968,37618212,49629464,88,12255056,,17813352,22370192,20954388,17749036,,12592828,6193348,6140884,12691152,,14504748,10299576,10309556,14515584,,12,52,12,12,,1953084,4144908,4256856,1900208
12905,2,2437,915,0,1522,0,78816404,37691004,49704876,88,12257672,,17819196,22331908,20857480,17807820,,12581760,6243368,6233620,12632256,,14494056,10350396,10403488,14456936,,12,52,12,12,,1953464,4145704,4258032,1900472
12912,2,2438,915,0,1523,0,78640648,37837880,49854496,88,12260404,,17823180,22166288,20884780,17766400,,12588084,6390540,6208696,12650560,,14500732,10498588,10379676,14475500,,12,52,12,12,,1953820,4146716,4259144,1900724
12918,3,2439,915,0,1524,0,78687444,37802836,49822304,88,12263256,,17802472,22191924,20964068,17728980,,12597448,6387232,6114780,12703376,,14510476,10496124,10287144,14528560,,12,52,12,12,,1954196,4147564,4260524,1900972
12926,2,2440,915,0,1525,0,78795836,37703056,49725092,88,12265880,,17808544,22268620,20976068,17742604,,12599620,6301508,6121244,12680684,,14513104,10411680,10294248,14506060,,12,52,12,12,,1954648,4148840,4261224,1901168
12932,2,2441,915,0,1526,0,78801212,37688484,49713416,88,12268748,,17809880,22283324,20917088,17790920,,12605304,6285212,6166740,12631228,,14519088,10396412,10341012,14456904,,12,52,12,12,,1954948,4149864,4262456,1901480
12939,2,2442,915,0,1527,0,78730368,37724864,49752464,88,12271380,,17781772,22252732,20901368,17794496,,12609644,6303364,6174580,12637276,,14523864,10415432,10349912,14463256,,12,52,12,12,,1955392,4150720,4263508,1901760
12946,2,2443,915,0,1528,0,78662448,37802544,49832752,88,12273976,,17756416,22191868,20960296,17753868,,12638068,6377980,6120740,12665756,,14552668,10491144,10296980,14491960,,12,52,12,12,,1955760,4151824,4264408,1901984
12953,2,2444,915,0,1529,0,78729332,37736312,49769364,88,12276852,,17772856,22217716,20993488,17745272,,12628844,6336468,6083688,12687312,,14543888,10450688,10260956,14513832,,12,52,12,12,,1956208,4152888,4265436,1902320
12960,2,2445,915,0,1530,0,78722404,37769168,49805112,88,12279736,,17820652,22210472,20929296,17761984,,12583172,6351912,6152316,12681768,,14498500,10467404,10330624,14508584,,12,52,12,12,,1956484,4154152,4266504,1902596
12966,2,2446,915,0,1531,0,78634524,37821192,49859228,88,12281844,,17779236,22211612,20841484,17802192,,12608376,6355040,6217964,12639812,,14524032,10471188,10397188,14466820,,12,52,12,12,,1956840,4154820,4267392,1902792
12972,2,2447,915,0,1532,0,78556556,37911844,49952188,88,12284156,,17817340,22219972,20778192,17741052,,12589476,6338340,6296088,12687940,,14505436,10455220,10476324,14515208,,12,52,12,12,,1957124,4155564,4268404,1903064
12978,2,2448,915,0,1533,0,78585640,37885356,49928176,88,12286608,,17747848,22246460,20842000,17749332,,12659192,6306032,6237900,12682232,,14575528,10423864,10418960,14509824,,12,52,12,12,,1957496,4156492,4269236,1903384
12985,2,2449,915,0,1534,0,78626704,37846524,49892204,88,12289520,,17785236,22273556,20819484,17748428,,12610056,6302732,6260080,12673656,,14526872,10421728,10442136,14501468,,12,52,12,12,,1957976,4157652,4270296,1903596
12992,2,2450,915,0,1535,0,78572496,37880132,49928944,88,12292572,,17764968,22272992,20812592,17721944,,12611772,6291296,6281408,12695656,,14529000,10411404,10464828,14523712,,12,52,12,12,,1958384,4158760,4271592,1903836
12999,2,2451,915,0,1536,0,78593832,37871664,49923180,88,12295296,,17794744,22245592,20771032,17782464,,12608712,6304476,6314148,12644328,,14526432,10425496,10498584,14472668,,12,52,12,12,,1958868,4159692,4272616,1904120
13006,2,2452,915,0,1537,0,78580900,37840884,49894848,88,12297792,,17787060,22255144,20803904,17734792,,12608668,6294612,6276200,12661404,,14526728,10416636,10461532,14489952,,12,52,12,12,,1959216,4160728,4273512,1904336
13013,2,2453,915,0,1538,0,78620628,37848760,49905604,88,12300632,,17786580,22286012,20820620,17727416,,12606572,6283624,6253868,12704696,,14525060,10406764,10440244,14533536,,12,52,12,12,,1959636,4161804,4274568,1904624
13020,2,2454,915,0,1539,0,78783844,37698268,49758076,88,12303572,,17832176,22371172,20804776,17775720,,12569028,6198760,6268672,12661808,,14487956,10323144,10456036,14490940,,12,52,12,12,,1960072,4163056,4275528,1904916
13026,3,2455,915,0,1540,0,78678628,37735108,49797104,88,12305740,,17797000,22328920,20795552,17757156,,12604192,6200180,6283188,12647548,,14523452,10325216,10471512,14476924,,12,52,12,12,,1960416,4163692,4276476,1905156
13032,3,2456,915,0,1541,0,78726604,37720672,49785404,88,12308496,,17786020,22320112,20831164,17789308,,12606584,6226424,6249832,12637832,,14526244,10352420,10439252,14467488,,12,52,12,12,,1960816,4164672,4277568,1905440
13039,2,2457,915,0,1542,0,78713844,37696356,49763568,88,12310976,,17785716,22328928,20856896,17742304,,12611036,6228336,6196004,12660980,,14531032,10355096,10386532,14490908,,12,52,12,12,,1961160,4165420,4278684,1905712
13045,2,2458,915,0,1543,0,78730804,37709944,49779712,88,12313508,,17776256,22337908,20877908,17738732,,12630856,6212144,6189444,12677500,,14551232,10340064,10380680,14507736,,12,52,12,12,,1961520,4166580,4279392,1906016
13052,2,2459,915,0,1544,0,78718016,37705892,49778736,88,12316612,,17765784,22326456,20893716,17732060,,12627664,6226332,6176904,12674992,,14548520,10355224,10369456,14505536,,12,52,12,12,,1962000,4167564,4280708,1906340
13059,2,2460,915,0,1545,0,78867560,37567228,49644372,88,12320872,,17809280,22387164,20879748,17791368,,12585108,6166688,6189996,12625436,,14506296,10296524,10385312,14456240,,12,52,12,12,,1962336,4168488,4283468,1906580
13066,2,2461,915,0,1546,0,78902472,37512220,49591868,88,12323352,,17844496,22388752,20925528,17743696,,12541940,6164720,6134292,12671268,,14463380,10295512,10330748,14502228,,12,52,12,12,,1962564,4169448,4284608,1906732
13072,2,2462,915,0,1547,0,78882800,37554664,49637076,88,12326168,,17769816,22415812,20959488,17737684,,12632488,6123472,6105620,12693084,,14554324,10255424,10303032,14524296,,12,52,12,12,,1962980,4170612,4285580,1906996
13079,2,2463,915,0,1548,0,78938376,37498360,49585956,88,12331344,,17832180,22456620,20904704,17744872,,12563592,6092848,6163768,12678152,,14485864,10226116,10362300,14511676,,12,52,12,12,,1963404,4171940,4286692,1909308
13086,2,2464,915,0,1549,0,78824080,37551164,49640960,88,12333532,,17791984,22391652,20897344,17743100,,12592056,6134036,6159592,12665480,,14514692,10267972,10359048,14499248,,12,52,12,12,,1963772,4172596,4287616,1909548
13092,3,2465,915,0,1550,0,78911428,37528496,49621568,88,12336824,,17838856,22392740,20912692,17767140,,12559628,6149456,6157280,12662132,,14482692,10284420,10358292,14496164,,12,52,12,12,,1964196,4173652,4289168,1909808
13100,2,2466,915,0,1551,0,78825976,37598144,49693536,88,12339144,,17769568,22427188,20919824,17709396,,12620104,6127732,6145692,12704616,,14543540,10263464,10347616,14538916,,12,52,12,12,,1964572,4174392,4290104,1910076
13106,2,2467,915,0,1552,0,78883608,37528224,49626404,88,12341984,,17792004,22500224,20878204,17713176,,12594980,6047484,6168292,12717468,,14518816,10184468,10371080,14552040,,12,52,12,12,,1964968,4175676,4290988,1910352
13113,2,2468,915,0,1553,0,78912260,37509152,49610532,88,12345112,,17765560,22522328,20889752,17734620,,12624416,6016564,6167836,12700336,,14548688,10154644,10371956,14535244,,12,52,12,12,,1965408,4176748,4292276,1910680
13120,3,2469,915,0,1554,0,78973816,37448752,49552216,88,12347212,,17829776,22469312,20901200,17773528,,12566000,6077832,6145040,12659880,,14490672,10216752,10349752,14495040,,12,52,12,12,,1965812,4177600,4292864,1910936
13127,2,2470,915,0,1555,0,78863340,37558012,49663916,88,12349652,,17769512,22469832,20952844,17671152,,12635524,6075096,6107272,12740120,,14560584,10215048,10312764,14575520,,12,52,12,12,,1966180,4178632,4293660,1911180
13133,2,2471,915,0,1556,0,78911168,37496876,49606132,88,12352952,,17768408,22498136,20972992,17671632,,12626940,6031668,6101240,12737028,,14552412,10173204,10307796,14572720,,12,52,12,12,,1966576,4180200,4294716,1911460
13140,2,2472,915,0,1557,0,79001460,37372268,49484312,88,12355752,,17805024,22499980,21001340,17695116,,12576404,6021156,6045284,12729424,,14502260,10163620,10253004,14565428,,12,52,12,12,,1966960,4181140,4295876,1911776
13147,2,2473,915,0,1558,0,78969040,37417996,49531996,88,12357716,,17789972,22476308,20974124,17728636,,12609484,6045372,6068960,12694180,,14535680,10188448,10277460,14530408,,12,52,12,12,,1967304,4181760,4296652,1912000
13153,3,2474,915,0,1559,0,78887256,37480240,49597660,88,12361152,,17780980,22463724,20975228,17667324,,12610796,6062636,6085192,12721616,,14537416,10206912,10295196,14558136,,12,52,12,12,,1967732,4182964,4298164,1912292
13160,2,2475,915,0,1560,0,78929516,37451440,49570924,88,12363188,,17789792,22481264,21012892,17645568,,12615260,6045508,6033952,12756720,,14542264,10190420,10244724,14593516,,12,52,12,12,,1968092,4183588,4298940,1912568
13167,1,2476,915,0,1561,0,78972560,37413892,49536132,88,12365988,,17808592,22513500,21027300,17623168,,12572776,6029120,6008560,12803436,,14500140,10175244,10220244,14640504,,12,52,12,12,,1968464,4184796,4299888,1912840
13173,3,2477,915,0,1562,0,78864364,37527964,49653272,88,12369004,,17775592,22522228,20908816,17657728,,12598376,6016648,6153188,12759752,,14526120,10163932,10366116,14597104,,12,52,12,12,,1968840,4185944,4301084,1913136
13180,2,2478,915,0,1563,0,78715848,37651696,49779276,88,12371284,,17825840,22292292,20916996,17680720,,12569084,6232936,6113664,12736012,,14497236,10381084,10327348,14573608,,12,52,12,12,,1969256,4186808,4301848,1913372
13186,3,2479,915,0,1564,0,78698092,37649984,49780056,88,12373776,,17862436,22276128,20974036,17585492,,12512980,6249520,6074556,12812928,,14441512,10398728,10289060,14650756,,12,52,12,12,,1969644,4187872,4302656,1913604
13193,2,2480,915,0,1565,0,78699560,37670080,49803308,88,12376904,,17774940,22321376,20987840,17615404,,12608552,6206540,6044536,12810452,,14537412,10357212,10260104,14648580,,12,52,12,12,,1969956,4189332,4303716,1913900
13200,2,2481,915,0,1566,0,78675652,37682972,49818712,88,12379476,,17844644,22286292,20921364,17623352,,12553288,6249680,6090544,12789460,,14482556,10401208,10307140,14627808,,12,52,12,12,,1970372,4190204,4304788,1914112
13206,2,2482,915,0,1567,0,78653092,37722336,49860104,88,12381500,,17786372,22327416,20887796,17651508,,12597580,6194176,6156472,12774108,,14527160,10346396,10373872,14612676,,12,52,12,12,,1970680,4190908,4305576,1914336
13212,2,2483,915,0,1568,0,78641440,37709908,49849952,88,12383732,,17846188,22288756,20914484,17592012,,12537196,6217676,6134332,12820704,,14467096,10370616,10352772,14659468,,12,52,12,12,,1971004,4191600,4306596,1914532
13218,2,2484,915,0,1569,0,78599392,37808076,49950540,88,12386172,,17772368,22289956,20966748,17570320,,12621576,6239940,6076080,12870480,,14551796,10393880,10295340,14709524,,12,52,12,12,,1971328,4192600,4307428,1914816
13225,2,2485,915,0,1570,0,78566436,37798924,49944372,88,12389160,,17790960,22285292,20898468,17591716,,12604448,6240764,6115916,12837796,,14535016,10396008,10336236,14677112,,12,52,12,12,,1971656,4193920,4308480,1915104
13232,2,2486,915,0,1571,0,78658164,37698168,49846696,88,12392224,,17771364,22331852,20945504,17609444,,12603008,6195024,6092216,12807920,,14534032,10351352,10313776,14647536,,12,52,12,12,,1972120,4195020,4309700,1915384
13240,2,2487,915,0,1572,0,78639248,37718512,49869832,88,12394992,,17799276,22345544,20919188,17575240,,12592192,6178860,6103844,12843616,,14523580,10336156,10326580,14683516,,12,52,12,12,,1972484,4195956,4310892,1915660
13246,2,2488,915,0,1573,0,78684008,37659716,49815652,88,12399652,,17772104,22367028,20953668,17591208,,12619476,6154892,6067232,12818116,,14553484,10313176,10290784,14658208,,12,52,12,12,,1975084,4197000,4311712,1915856
13253,1,2489,915,0,1574,0,78718536,37651296,49809848,88,12402232,,17790772,22360120,20994084,17573560,,12608896,6157040,6041992,12843368,,14543204,10316448,10266524,14683672,,12,52,12,12,,1975388,4198068,4312708,1916068
13259,2,2490,915,0,1575,0,78713680,37636632,49797708,88,12404784,,17839528,22345808,20920808,17607536,,12556364,6176308,6113296,12790664,,14491020,10336888,10338584,14631216,,12,52,12,12,,1975720,4199288,4313468,1916308
13265,3,2491,915,0,1576,0,78716340,37614944,49779028,88,12407748,,17773588,22413476,20915216,17614060,,12616356,6097124,6117236,12784228,,14551504,10258516,10343944,14625064,,12,52,12,12,,1976208,4200068,4314868,1916604
13273,2,2492,915,0,1577,0,78669464,37656872,49823648,88,12410428,,17795000,22365580,20931940,17576944,,12578796,6159480,6100452,12818144,,14514324,10321864,10328220,14659240,,12,52,12,12,,1976592,4201056,4315924,1916856
13280,2,2493,915,0,1578,0,78733204,37586952,49756848,88,12413572,,17786980,22372224,20981672,17592328,,12573700,6135416,6056672,12821164,,14509636,10298916,10285752,14662544,,12,52,12,12,,1977004,4202168,4317252,1917148
13287,2,2494,915,0,1579,0,78653112,37702128,49874220,88,12415752,,17813620,22300392,20912312,17626788,,12591932,6205052,6106860,12798284,,14528292,10369572,10336440,14639916,,12,52,12,12,,1977420,4203188,4317756,1917388
13293,2,2495,915,0,1580,0,78683068,37680344,49855028,88,12418344,,17866288,22250540,20913012,17653228,,12534472,6280588,6099428,12765856,,14471080,10446076,10330180,14607692,,12,52,12,12,,1977680,4204156,4318912,1917596
13299,2,2496,915,0,1581,0,78508176,37826332,50003152,88,12420756,,17826276,22289344,20781592,17610964,,12556652,6225504,6256416,12787760,,14493640,10391592,10488128,14629792,,12,52,12,12,,1978060,4205036,4319872,1917788
13306,2,2497,915,0,1582,0,78602080,37706052,49885680,88,12423244,,17864804,22312708,20817252,17607316,,12522876,6187404,6204928,12790844,,14460272,10354828,10437456,14633124,,12,52,12,12,,1978452,4206076,4320680,1918036
13312,2,2498,915,0,1583,0,78567420,37731884,49914272,88,12426072,,17790952,22331944,20852576,17591948,,12578248,6176768,6164696,12812172,,14515996,10345348,10398244,14654684,,12,52,12,12,,1978864,4207240,4321696,1918272
13319,2,2499,915,0,1584,0,78623076,37731016,49916452,88,12429068,,17856748,22344580,20794312,17627436,,12526152,6180972,6235272,12788620,,14464260,10350912,10469860,14631420,,12,52,12,12,,1979168,4208600,4322744,1918556
13326,2,2500,915,0,1585,0,78596152,37729080,49916788,88,12431352,,17807496,22358796,20806800,17623060,,12575176,6157072,6217216,12779616,,14513664,10327700,10452784,14622640,,12,52,12,12,,1979548,4209296,4323728,1918780
13333,2,2501,915,0,1585,0,78493420,37828396,50019380,88,12434668,,17766608,22305528,20823684,17597600,,12602600,6205556,6199572,12820668,,14541540,10377292,10436608,14663940,,12,52,12,12,,1980008,4210396,4325220,1919044
13340,2,2502,915,0,1587,0,78563464,37763440,49957012,88,12437224,,17777856,22311816,20862756,17611036,,12596832,6207408,6152996,12806204,,14536088,10379868,10391212,14649844,,12,52,12,12,,1980332,4211116,4326376,1919400
13348,1,2503,915,0,1588,0,78599728,37709684,49906008,88,12439968,,17816124,22383292,20802492,17597820,,12565936,6114104,6222348,12807296,,14505624,10287908,10461280,14651196,,12,52,12,12,,1980752,4212468,4327092,1919656
13354,2,2504,915,0,1589,0,78598192,37717852,49916832,88,12442656,,17774476,22422296,20794964,17606456,,12609896,6087552,6238912,12781492,,14549912,10262272,10479012,14625636,,12,52,12,12,,1981084,4213388,4328284,1919900
13360,2,2505,915,0,1590,0,78590528,37724088,49925220,88,12444756,,17829372,22361444,20812628,17587084,,12555688,6147940,6202176,12818284,,14496052,10323568,10442944,14662656,,12,52,12,12,,1981420,4214284,4328924,1920128
13367,2,2506,915,0,1591,0,78619188,37697956,49901908,88,12447624,,17786868,22368084,20887420,17576816,,12597104,6132932,6136756,12831164,,14537832,10309944,10378356,14675776,,12,52,12,12,,1981788,4215708,4329768,1920360
13374,2,2507,915,0,1592,0,78675676,37641340,49848096,88,12450408,,17773880,22385164,20918540,17598092,,12605168,6122420,6100744,12813008,,14546312,10300524,10343324,14657936,,12,52,12,12,,1982204,4216768,4330760,1920676
13381,2,2508,915,0,1593,0,78763736,37542820,49752492,88,12453312,,17790304,22392976,20956668,17623788,,12581988,6101204,6054328,12805300,,14523436,10280444,10298164,14650448,,12,52,12,12,,1982524,4217896,4331992,1920900
13387,2,2509,915,0,1594,0,78742612,37573328,49784752,88,12455064,,17789672,22385976,20938228,17628736,,12592868,6119604,6077832,12783024,,14534668,10299340,10322368,14628376,,12,52,12,12,,1982852,4218392,4332716,1921104
13393,2,2510,915,0,1595,0,78718100,37576060,49790012,88,12457608,,17780640,22355184,20978120,17604156,,12587456,6142432,6041692,12804480,,14529476,10323160,10287244,14650132,,12,52,12,12,,1983088,4219400,4333712,1921408
13399,3,2511,915,0,1596,0,78723536,37597084,49813736,88,12460272,,17780304,22395880,20956700,17590652,,12590004,6114296,6064492,12828292,,14532464,10295788,10311344,14674140,,12,52,12,12,,1983520,4220152,4335000,1921600
13406,2,2512,915,0,1597,0,78734108,37576996,49796000,88,12462632,,17802340,22367788,20943296,17620684,,12578980,6136704,6057576,12803736,,14521720,10319396,10305108,14649776,,12,52,12,12,,1983808,4221348,4335676,1921800
13413,2,2513,915,0,1598,0,78829856,37467860,49689820,88,12465592,,17766100,22431896,20996596,17635264,,12610168,6059988,6024816,12772888,,14553352,10243672,10273540,14619256,,12,52,12,12,,1984240,4222340,4336888,1922124
13419,2,2514,915,0,1599,0,78879124,37425272,49649708,88,12468092,,17822204,22378400,21025648,17652872,,12563644,6108000,5993328,12760300,,14507100,10292632,10243020,14606956,,12,52,12,12,,1984504,4223288,4337884,1922416
13426,2,2515,915,0,1600,0,78661956,37612072,49839312,88,12470856,,17779312,22234792,21034248,17613604,,12601716,6248860,5980636,12780860,,14545720,10434668,10231184,14627740,,12,52,12,12,,1985060,4224460,4338700,1922636
13433,1,2516,915,0,1601,0,78819004,37455932,49685624,88,12473336,,17770404,22367456,21086188,17594956,,12606352,6104840,5933012,12811728,,14550648,10291592,10184556,14658828,,12,52,12,12,,1985352,4225420,4339696,1922868
13439,2,2517,915,0,1602,0,78826236,37440104,49672996,88,12476516,,17786532,22377920,21038200,17623584,,12574532,6104248,5978412,12782912,,14519268,10292360,10231040,14630328,,12,52,12,12,,1985788,4226772,4340780,1923176
13446,2,2518,915,0,1603,0,78900692,37416032,49651188,88,12478808,,17784320,22397848,21092328,17626196,,12611036,6093572,5927528,12783896,,14556168,10282368,10181096,14631556,,12,52,12,12,,1986184,4227468,4341728,1923428
13453,2,2519,915,0,1604,0,78928492,37339424,49577292,88,12481476,,17796660,22393700,21128536,17609596,,12581132,6081420,5876424,12800448,,14526624,10271260,10131036,14648372,,12,52,12,12,,1986552,4228496,4342748,1923680
13459,3,2520,915,0,1605,0,78875368,37403752,49644352,88,12484208,,17775744,22341084,21153568,17604972,,12611932,6133160,5849656,12809004,,14557784,10323760,10105628,14657180,,12,52,12,12,,1986892,4229260,4344124,1923932
13466,3,2521,915,0,1606,0,78927084,37363632,49606684,88,12486696,,17794232,22334136,21186576,17612140,,12587208,6154344,5829236,12792844,,14533388,10346196,10085872,14641228,,12,52,12,12,,1987252,4230508,4344796,1924140
13473,2,2522,915,0,1607,0,78875352,37421812,49667684,88,12489496,,17765992,22333576,21115960,17659824,,12622800,6143428,5899504,12756080,,14569340,10336320,10157312,14604712,,12,52,12,12,,1987588,4231556,4345960,1924392
13479,3,2523,915,0,1608,0,78951216,37333568,49582084,88,12492160,,17797600,22388916,21100720,17663980,,12580640,6095372,5907504,12750052,,14527536,10289192,10166404,14598952,,12,52,12,12,,1987964,4232476,4347052,1924668
13487,1,2524,915,0,1609,0,78918072,37361464,49612460,88,12494636,,17764664,22373976,21166400,17613032,,12612888,6114144,5841256,12793176,,14560172,10309000,10101032,14642256,,12,52,12,12,,1988344,4233540,4347924,1924828
13492,2,2525,915,0,1610,0,78938272,37301592,49556976,88,12499004,,17773232,22460580,21106916,17597544,,12599360,6014120,5881268,12806844,,14548964,10209964,10141844,14656204,,12,52,12,12,,1990652,4234512,4348724,1925116
13499,2,2526,914,0,1612,1,79045976,37212000,49470856,88,12502476,,17814860,22476788,21129456,17624872,,12547808,6004624,5867436,12792132,,14497844,10201832,10129428,14641752,,12,52,12,12,,1991084,4235864,4350148,1925380
13506,3,2527,914,0,1613,1,78923604,37340312,49601320,88,12504632,,17775668,22444580,21050840,17652516,,12593628,6034644,5941564,12770476,,14544028,10232516,10204388,14620388,,12,52,12,12,,1991448,4236532,4350976,1925676
13513,2,2528,914,0,1613,1,78914344,37323652,49587232,88,12507212,,17833532,22441184,21048756,17590872,,12539548,6014236,5956228,12813640,,14490320,10213028,10220104,14663780,,12,52,12,12,,1991816,4237460,4352036,1925900
13519,2,2529,914,0,1615,1,78912256,37332792,49599012,88,12509872,,17775520,22444004,21099368,17593364,,12585236,6029376,5888776,12829404,,14536352,10229016,10153860,14679784,,12,52,12,12,,1992164,4238300,4353260,1926148
13526,2,2530,914,0,1616,1,78896308,37322352,49590132,88,12512704,,17813004,22398984,21072532,17611788,,12551544,6072984,5894808,12803016,,14503096,10272716,10160672,14653648,,12,52,12,12,,1992592,4239708,4354020,1926384
13533,2,2531,914,0,1617,0,79101788,37120784,49392956,88,12515804,,17779552,22613980,21050388,17657868,,12557004,5863760,5950256,12749764,,14509000,10066028,10217284,14600644,,12,52,12,12,,1993048,4240932,4355176,1926648
13540,2,2532,915,0,1617,0,79022732,37253944,49537112,88,12526760,,17826668,22554032,20983212,17658820,,12561272,5922596,6010008,12760068,,14513628,10129916,10282256,14611312,,12,52,12,12,,1993400,4245956,4360396,1927008
13548,2,2533,915,0,1618,0,79011948,37226880,49513028,88,12529728,,17797108,22577604,21043916,17593320,,12565096,5893984,5953384,12814416,,14517904,10102728,10226500,14665896,,12,52,12,12,,1993848,4247376,4361268,1927236
13555,2,2534,915,0,1619,0,79067508,37187340,49476400,88,12532536,,17808240,22643168,21002784,17613316,,12559636,5844596,5994192,12788916,,14512796,10054488,10268408,14640708,,12,52,12,12,,1994192,4248416,4362376,1927552
13563,2,2535,915,0,1620,0,79104456,37121456,49413640,88,12535652,,17790508,22650580,21003832,17659536,,12568460,5812392,5991212,12749392,,14522060,10023452,10266624,14601504,,12,52,12,12,,1994660,4249536,4363584,1927872
13569,3,2536,915,0,1621,0,79080644,37159120,49454268,88,12538588,,17831172,22594520,20982600,17672352,,12546100,5874896,5999568,12738556,,14500148,10086808,10276344,14590968,,12,52,12,12,,1995076,4250384,4364960,1928168
13577,2,2537,915,0,1622,0,78866768,37350064,49648164,88,12541508,,17790696,22614348,20864040,17597684,,12581888,5850528,6123604,12794044,,14536400,10063460,10401572,14646732,,12,52,12,12,,1995532,4251432,4366116,1928428
13585,2,2538,915,0,1623,0,78915204,37303704,49605148,88,12544808,,17815644,22628716,20864964,17605880,,12549640,5829692,6115736,12808636,,14504636,10043968,10394844,14661700,,12,52,12,12,,1996020,4252756,4367256,1928776
13592,2,2539,915,0,1624,0,78951612,37288828,49593328,88,12547868,,17753472,22664212,20872928,17661000,,12611116,5814020,6112436,12751256,,14566572,10029380,10392752,14604624,,12,52,12,12,,1996476,4253836,4368464,1929092
13600,1,2540,915,0,1625,0,78956360,37256744,49563812,88,12550444,,17809380,22621772,20860660,17664548,,12563068,5852712,6110392,12730572,,14518920,10068940,10391768,14584184,,12,52,12,12,,1996864,4254728,4369524,1929328
13605,2,2541,915,0,1626,0,78883388,37305672,49614832,88,12552560,,17779136,22621672,20901140,17581440,,12557732,5835072,6092000,12820868,,14513940,10051960,10374212,14674720,,12,52,12,12,,1997224,4255396,4370380,1929560
13612,2,2542,915,0,1627,0,78926844,37269764,49582132,88,12555764,,17773612,22649024,20898896,17605312,,12575276,5814620,6076156,12803712,,14531940,10032972,10359396,14657824,,12,52,12,12,,1997656,4256872,4371408,1929828
13619,2,2543,915,0,1628,0,78956100,37233264,49548968,88,12559068,,17820036,22643632,20860736,17631696,,12544260,5808456,6103588,12776960,,14501356,10028164,10388032,14631416,,12,52,12,12,,1998088,4258220,4372596,1930164
13627,2,2544,915,0,1629,0,79001868,37157396,49475380,88,12561376,,17802900,22692968,20879724,17626276,,12554420,5753992,6087900,12761084,,14511900,9974428,10373244,14615808,,12,52,12,12,,1998476,4258980,4373488,1930432
13634,2,2545,915,0,1630,0,78937364,37234160,49555176,88,12564392,,17776132,22613488,20949948,17597796,,12581228,5834312,6015888,12802732,,14539088,10055704,10302720,14657664,,12,52,12,12,,1998852,4259908,4374980,1930652
13640,2,2546,915,0,1631,0,78999016,37198236,49521556,88,12566680,,17782636,22610580,20994932,17610868,,12579820,5857704,5966440,12794272,,14538052,10079916,10254160,14649428,,12,52,12,12,,1999224,4260716,4375868,1930872
13647,2,2547,915,0,1632,0,79049888,37123820,49449756,88,12569280,,17809188,22681244,20950440,17609016,,12548828,5772612,6002880,12799500,,14507472,9996156,10291184,14654944,,12,52,12,12,,1999632,4262060,4376452,1931136
13654,2,2548,915,0,1633,0,79020288,37194280,49523404,88,12572480,,17787276,22659032,20918980,17655000,,12572416,5788996,6066300,12766568,,14531472,10013612,10356000,14622320,,12,52,12,12,,2000064,4263128,4377840,1931448
13661,2,2549,915,0,1634,0,79002048,37181624,49513356,88,12575116,,17834880,22610824,20947420,17608924,,12533428,5840800,6026644,12780752,,14492948,10066468,10317168,14636772,,12,52,12,12,,2000512,4264216,4378680,1931708
13668,2,2550,915,0,1635,0,79069004,37096036,49430488,88,12577844,,17816688,22629972,21024580,17597764,,12544652,5815944,5939064,12796376,,14504576,10042832,10230448,14652632,,12,52,12,12,,2000920,4265428,4379564,1931932
13674,3,2551,915,0,1636,0,79011824,37185824,49523404,88,12580992,,17819188,22624168,20961288,17607180,,12546264,5831028,6022208,12786324,,14506564,10059212,10314780,14642848,,12,52,12,12,,2001312,4266748,4380724,1932208
13682,2,2552,915,0,1637,0,79080680,37067340,49407988,88,12584012,,17802908,22672244,20983844,17621684,,12547228,5781644,5968460,12770008,,14508012,10010892,10262280,14626804,,12,52,12,12,,2001776,4267792,4381960,1932484
13689,2,2553,915,0,1638,0,79102496,37082612,49425772,88,12586528,,17831804,22631236,20980000,17659456,,12535224,5818948,5988576,12739864,,14496352,10049100,10283444,14596876,,12,52,12,12,,2002128,4268684,4383020,1932696
13696,2,2554,915,0,1639,0,79080184,37075956,49421712,88,12589124,,17799696,22624488,21030372,17625628,,12557792,5816560,5932212,12769392,,14519352,10047364,10228372,14626624,,12,52,12,12,,2002540,4269364,4384304,1932916
13702,3,2555,915,0,1640,0,79154872,37010360,49359032,88,12592020,,17815280,22671852,21037004,17630736,,12541324,5764144,5937728,12767164,,14503304,9996068,10234928,14624732,,12,52,12,12,,2002956,4270468,4385348,1933248
13710,2,2556,915,0,1641,0,79186308,37005664,49357576,88,12595272,,17815836,22689320,21019840,17661312,,12545632,5760760,5949724,12749548,,14508064,9994064,10248168,14607280,,12,52,12,12,,2003416,4271848,4386600,1933408
13717,2,2557,915,0,1642,0,79110172,37041028,49394924,88,12597264,,17803788,22623404,21027328,17655652,,12565216,5808116,5936324,12731372,,14527936,10042100,10235516,14589372,,12,52,12,12,,2003708,4272528,4387348,1933680
13724,2,2558,915,0,1643,0,79163520,36989972,49346680,88,12600104,,17865756,22632552,21050968,17614244,,12496260,5818560,5916932,12758220,,14459404,10053652,10217172,14616452,,12,52,12,12,,2004144,4273636,4388388,1933936
13730,2,2559,915,0,1644,0,79101856,37052272,49411648,88,12602760,,17777388,22632944,21073684,17617840,,12568120,5813288,5888936,12781928,,14531652,10049516,10190076,14640404,,12,52,12,12,,2004516,4274784,4389300,1934160
13736,2,2560,915,0,1645,0,79166704,36979608,49341232,88,12605008,,17817236,22688908,21025124,17635436,,12536940,5752472,5926468,12763728,,14500720,9989972,10228156,14622384,,12,52,12,12,,2004764,4276068,4389844,1934332
13743,2,2561,915,0,1646,0,78889848,37253296,49617988,88,12608072,,17789636,22429476,21033084,17637652,,12562116,6007712,5918656,12764812,,14526340,10246276,10221580,14623792,,12,52,12,12,,2005216,4277108,4391076,1934672
13750,2,2562,915,0,1647,0,78973200,37199996,49567460,88,12610844,,17842488,22418580,21031520,17680612,,12505708,6023528,5938292,12732468,,14470284,10262968,10242548,14591660,,12,52,12,12,,2005560,4277992,4392420,1934872
13757,1,2563,915,0,1648,0,78909044,37233112,49602560,88,12612844,,17807840,22420156,21053708,17627340,,12550184,6016700,5908684,12757544,,14515052,10256792,10213816,14616900,,12,52,12,12,,2005872,4278644,4393292,1935036
13762,2,2564,915,0,1649,0,78959348,37201728,49573816,88,12615444,,17794260,22510264,21055744,17599080,,12567004,5921244,5910192,12803288,,14532240,10162360,10216296,14662920,,12,52,12,12,,2006220,4279668,4394244,1935312
13769,2,2565,915,0,1650,0,79189080,37009900,49384720,88,12618200,,17851228,22600548,21105192,17632112,,12524836,5835244,5863872,12785948,,14490456,10077676,10170720,14645868,,12,52,12,12,,2006604,4280976,4395004,1935616
13776,2,2566,915,0,1651,0,78822124,37339364,49716816,88,12620832,,17818400,22236764,21088612,17678348,,12542120,6196404,5869736,12731104,,14508132,10439532,10177884,14591268,,12,52,12,12,,2006984,4281684,4396316,1935848
13783,2,2567,915,0,1652,0,78742276,37399804,49779764,88,12623316,,17797440,22229444,21106488,17608904,,12558180,6190248,5861900,12789476,,14524632,10434400,10170764,14649968,,12,52,12,12,,2007440,4282700,4397008,1936168
13790,2,2568,915,0,1653,0,78809136,37339484,49722624,88,12626524,,17803864,22258336,21134192,17612744,,12559648,6182724,5825168,12771944,,14526544,10428004,10135328,14632748,,12,52,12,12,,2007872,4283848,4398316,1936488
13797,2,2569,915,0,1654,0,78881724,37254456,49640504,88,12629416,,17830516,22303632,21132632,17614944,,12538064,6133028,5814888,12768476,,14505304,10379656,10125944,14629600,,12,52,12,12,,2008220,4285176,4399216,1936804
13804,2,2570,915,0,1655,0,78701660,37447524,49836480,88,12632348,,17801468,22282768,20997572,17619852,,12557016,6149560,5970612,12770336,,14524652,10397252,10282900,14631676,,12,52,12,12,,2008660,4286244,4400424,1937020
13810,3,2571,915,0,1656,0,78710140,37407240,49798972,88,12635080,,17829096,22260808,21000392,17619844,,12534244,6169060,5942680,12761256,,14502252,10417804,10256064,14622852,,12,52,12,12,,2008988,4287288,4401536,1937268
13817,2,2572,915,0,1657,0,78884348,37232760,49626908,88,12637532,,17883676,22266356,21139408,17594908,,12464492,6160820,5805248,12802200,,14432936,10410412,10119512,14664048,,12,52,12,12,,2009440,4288140,4402428,1937524
13824,2,2573,915,0,1658,0,78838356,37258236,49655244,88,12640324,,17826556,22318000,21084248,17609552,,12514912,6100656,5847908,12794760,,14483756,10351380,10163204,14656904,,12,52,12,12,,2009824,4289268,4403448,1937784
13831,2,2574,915,0,1659,0,78781520,37329076,49728984,88,12643272,,17809892,22300184,21014772,17656672,,12535036,6124376,5920692,12748972,,14504252,10376184,10237208,14611340,,12,52,12,12,,2010216,4290388,4404656,1938012
13838,2,2575,915,0,1660,0,78672764,37423236,49825796,88,12645904,,17797544,22273088,20998452,17603680,,12547240,6163452,5939984,12772560,,14516912,10416304,10257328,14635252,,12,52,12,12,,2010672,4291400,4405496,1938336
13845,2,2576,915,0,1661,0,78647252,37450296,49855280,88,12648324,,17800660,22189804,21038396,17618392,,12548312,6233984,5903828,12764172,,14518332,10487576,10222240,14627132,,12,52,12,12,,2011032,4292140,4406556,1938596
13852,2,2577,915,0,1662,0,78726260,37392748,49800856,88,12651440,,17810592,22217992,21075172,17622504,,12537488,6207776,5876988,12770496,,14508020,10462780,10196392,14633664,,12,52,12,12,,2011520,4293548,4407560,1938812
13859,2,2578,915,0,1663,0,78782492,37332060,49743324,88,12654584,,17843596,22284892,21020192,17633812,,12502660,6152660,5916216,12760524,,14473556,10409064,10236644,14624060,,12,52,12,12,,2011884,4294956,4408572,1939172
13866,2,2579,915,0,1664,0,78805016,37287640,49701268,88,12656968,,17821256,22296288,21053416,17634056,,12523084,6129840,5884700,12750016,,14494396,10386984,10206120,14613768,,12,52,12,12,,2012296,4295688,4409592,1939392
13873,2,2580,915,0,1665,0,78819688,37289616,49707896,88,12661616,,17874740,22256116,21085072,17603760,,12474432,6160260,5866684,12788240,,14446048,10420424,10189212,14652212,,12,52,12,12,,2012616,4298704,4410676,1939620
13879,3,2581,915,0,1666,0,78810492,37285264,49706332,88,12664420,,17823296,22219860,21143764,17623572,,12503448,6214324,5805828,12761664,,14475468,10475312,10129632,14625920,,12,52,12,12,,2013004,4299540,4411976,1939900
13887,1,2582,915,0,1667,0,78826060,37263884,49687524,88,12666968,,17848052,22235188,21119252,17623568,,12504720,6190512,5815432,12753220,,14477132,10452772,10139872,14617748,,12,52,12,12,,2013392,4300796,4412608,1940172
13893,2,2583,915,0,1668,0,78837544,37262220,49688668,88,12669756,,17794344,22297552,21112204,17633444,,12563948,6131552,5818576,12748144,,14536680,10394868,10144248,14612872,,12,52,12,12,,2013712,4301864,4413808,1940372
13900,1,2584,915,0,1669,0,78827708,37272616,49701424,88,12672116,,17810928,22293280,21073624,17649876,,12539516,6122596,5867896,12742608,,14512592,10386764,10194560,14607508,,12,52,12,12,,2014056,4302708,4414812,1940540
13906,3,2585,915,0,1670,0,78803564,37283600,49715180,88,12674900,,17792440,22256456,21146392,17608276,,12553808,6153936,5781740,12794116,,14527312,10419264,10109340,14659264,,12,52,12,12,,2014472,4303876,4415744,1940808
13913,2,2586,915,0,1671,0,78760672,37313468,49747856,88,12677660,,17807588,22263772,21088460,17600852,,12539172,6135392,5849096,12789808,,14512992,10402052,10177616,14655196,,12,52,12,12,,2014780,4305200,4416648,1941032
13919,3,2587,915,0,1672,0,78906196,37180908,49617944,88,12680348,,17788296,22379836,21103648,17634416,,12562416,6037008,5825304,12756180,,14536484,10304652,10155008,14621800,,12,52,12,12,,2015036,4306188,4417864,1941260
13926,2,2588,915,0,1673,0,78929852,37138172,49577396,88,12682516,,17823108,22365364,21074580,17666800,,12528920,6028824,5861544,12718884,,14503364,10297064,10192192,14584776,,12,52,12,12,,2015416,4306780,4418784,1941536
13933,2,2589,915,0,1674,0,78931772,37139960,49581968,88,12685284,,17846196,22375796,21112928,17596852,,12497856,6027192,5829892,12785020,,14472716,10296476,10161620,14651156,,12,52,12,12,,2015824,4307832,4419860,1941768
13940,2,2590,915,0,1675,0,78951184,37109752,49554508,88,12688072,,17800352,22369628,21165672,17615532,,12544720,6035452,5757544,12772036,,14519972,10305496,10090592,14638448,,12,52,12,12,,2016236,4308592,4421184,1942060
13947,2,2591,915,0,1676,0,79035588,37032552,49479684,88,12690408,,17818828,22462092,21116788,17637880,,12536188,5956064,5778216,12762084,,14511796,10227308,10111852,14628728,,12,52,12,12,,2016568,4309788,4421780,1942272
13953,2,2592,915,0,1677,0,78999908,37070560,49520476,88,12693244,,17809664,22481024,21093752,17615468,,12543724,5923872,5835900,12767064,,14519636,10196148,10170692,14634000,,12,52,12,12,,2016900,4310840,4422932,1942572
13960,2,2593,915,0,1678,0,79069576,36989616,49442192,88,12695868,,17821732,22476080,21096028,17675736,,12517588,5935512,5818752,12717764,,14493896,10208776,10154544,14584976,,12,52,12,12,,2017280,4311816,4423936,1942836
13967,2,2594,915,0,1679,0,79002100,37052924,49512104,88,12702464,,17782324,22479136,21126940,17613700,,12569340,5927740,5788508,12767336,,14546092,10201948,10129252,14634812,,12,52,12,12,,2017720,4312764,4428880,1943100
13973,2,2595,915,0,1680,0,79048712,37012044,49474280,88,12705552,,17821088,22476992,21145996,17604636,,12530656,5930696,5776168,12774524,,14507748,10206364,10117972,14642196,,12,52,12,12,,2018060,4314252,4429944,1943296
13980,2,2596,915,0,1681,0,79100728,36971380,49436752,88,12708636,,17856348,22485564,21115960,17642856,,12486460,5926360,5802092,12756468,,14463932,10203356,10145028,14624436,,12,52,12,12,,2018444,4315536,4431068,1943588
13987,2,2597,915,0,1682,0,78952360,37141788,49609356,88,12710856,,17827756,22451020,21037252,17636332,,12515992,5963052,5895868,12766876,,14493876,10240680,10239652,14635148,,12,52,12,12,,2018856,4316176,4431928,1943896
13994,2,2598,915,0,1683,0,78951140,37081396,49551900,88,12713776,,17808700,22447756,21086500,17608184,,12524964,5943432,5843972,12769028,,14503212,10221972,10189144,14637572,,12,52,12,12,,2019216,4317080,4433308,1944172
14000,2,2599,915,0,1684,0,78962576,37085988,49558652,88,12715948,,17812796,22455192,21084744,17609844,,12529948,5957384,5827556,12771100,,14508440,10236660,10173668,14639884,,12,52,12,12,,2019456,4317832,4434252,1944408
14007,2,2600,915,0,1685,0,79028984,37029940,49505496,88,12718840,,17845220,22519536,21048916,17615312,,12495408,5882612,5880704,12771216,,14474292,10163224,10227712,14640268,,12,52,12,12,,2019848,4319164,4435156,1944672
14014,2,2601,915,0,1686,0,79039820,36998848,49477256,88,12721700,,17817260,22451336,21100212,17671012,,12511808,5950060,5810688,12726292,,14491044,10231692,10158960,14595560,,12,52,12,12,,2020200,4320172,4436428,1944900
14021,2,2602,915,0,1687,0,79018264,37063580,49544352,88,12724068,,17873672,22442952,21089812,17611828,,12468900,5977372,5823728,12793580,,14448500,10260060,10172684,14663108,,12,52,12,12,,2020564,4321248,4437120,1945136
14028,2,2603,915,0,1688,0,79032924,37022488,49506220,88,12727024,,17819612,22466420,21142600,17604292,,12527328,5920660,5773748,12800752,,14507420,10204612,10123596,14670592,,12,52,12,12,,2021048,4322504,4438012,1945460
14034,3,2604,915,0,1689,0,79082652,36975260,49461956,88,12729940,,17802020,22499108,21160716,17620808,,12530340,5907844,5764116,12772960,,14510800,10193072,10115024,14643060,,12,52,12,12,,2021404,4323772,4439044,1945720
14042,2,2605,915,0,1690,0,79116964,36942540,49432052,88,12732748,,17832968,22522496,21118912,17642588,,12518872,5869712,5800324,12753632,,14499732,10155924,10152444,14623952,,12,52,12,12,,2021812,4324752,4440248,1945936
14048,2,2606,915,0,1691,0,78949824,37098912,49590540,88,12734928,,17827908,22524100,20945240,17652576,,12516924,5872548,5966896,12742544,,14498088,10159572,10319772,14613108,,12,52,12,12,,2022112,4325580,4441060,1946176
14054,2,2607,915,0,1692,0,78857764,37157796,49652276,88,12737748,,17793880,22499140,20945472,17619272,,12536248,5894120,5979904,12747524,,14517824,10181908,10334248,14618296,,12,52,12,12,,2022536,4326336,4442484,1946392
14061,2,2608,915,0,1693,0,78918300,37089780,49586900,88,12740388,,17798220,22549688,20963368,17607024,,12520820,5840252,5938880,12789828,,14502796,10129112,10294136,14660856,,12,52,12,12,,2022932,4327408,4443400,1946648
14067,2,2609,915,0,1694,0,79126100,36937920,49437624,88,12742980,,17833436,22581840,21067776,17643048,,12503844,5823108,5854364,12756604,,14486196,10112920,10210556,14627952,,12,52,12,12,,2023308,4328360,4444352,1946960
14074,2,2610,915,0,1695,0,78947628,37067564,49570232,88,12745952,,17789188,22524212,20963284,17670944,,12540940,5866848,5927908,12731868,,14523748,10157740,10285328,14603416,,12,52,12,12,,2023756,4329420,4445584,1947192
14081,2,2611,915,0,1695,0,79027824,37005696,49510600,88,12748152,,17845208,22574792,20930504,17677320,,12502116,5815672,5994712,12693196,,14485252,10107492,10352852,14565004,,12,52,12,12,,2024080,4330368,4446284,1947420
14088,2,2612,915,0,1697,0,78969072,37041268,49549044,88,12751012,,17793664,22586268,20958220,17630920,,12545964,5806768,5941512,12747024,,14529540,10099896,10300496,14619112,,12,52,12,12,,2024528,4331652,4447132,1947700
14095,3,2613,915,0,1698,0,79192996,36811144,49322044,88,12754120,,17825912,22771888,20979460,17615736,,12512320,5597084,5927436,12774304,,14496340,9891516,10287544,14646644,,12,52,12,12,,2024968,4332960,4448244,1947948
14102,2,2614,915,0,1699,0,79286836,36740920,49254736,88,12757068,,17843524,22833368,20920668,17689276,,12494056,5555200,5984684,12706980,,14478476,9850660,10346020,14579580,,12,52,12,12,,2025376,4333992,4449484,1948216
14109,3,2615,915,0,1700,0,79180600,36830388,49347172,88,12760008,,17844900,22798392,20926424,17610884,,12506600,5597428,5966824,12759536,,14491408,9893832,10329552,14632380,,12,52,12,12,,2025760,4334932,4450860,1948456
14116,3,2616,915,0,1701,0,79204396,36802172,49325804,88,12766920,,17801016,22784588,21006224,17612568,,12537276,5601464,5895364,12768068,,14522468,9902984,10259140,14641212,,12,52,12,12,,2026136,4340108,4451912,1948764
14123,2,2617,915,0,1702,0,79299008,36689288,49215500,88,12769492,,17812156,22820424,21071748,17594680,,12506944,5573472,5823636,12785236,,14492420,9876140,10188360,14658580,,12,52,12,12,,2026428,4341224,4452880,1948960
14129,2,2618,915,0,1703,0,79284108,36719952,49248940,88,12772236,,17796404,22846192,21008500,17633012,,12534832,5547420,5894628,12743072,,14520640,9851044,10260596,14616660,,12,52,12,12,,2026760,4342152,4454108,1949216
14136,2,2619,915,0,1704,0,79329472,36658904,49189852,88,12774212,,17810704,22833728,21007728,17677312,,12523884,5541204,5895248,12698568,,14510024,9845484,10261980,14572364,,12,52,12,12,,2027088,4342820,4454876,1949428
14142,3,2620,915,0,1705,0,78970752,37011804,49545296,88,12776756,,17842716,22508892,21024368,17594776,,12490300,5852580,5874792,12794132,,14476900,10157892,10242264,14668240,,12,52,12,12,,2027572,4343840,4455612,1949732
14150,2,2621,915,0,1706,0,78935272,37029720,49566412,88,12779940,,17789252,22519740,21027088,17599192,,12537256,5853456,5859772,12779236,,14524208,10159924,10228640,14653640,,12,52,12,12,,2027904,4344996,4457012,1950028
14157,3,2622,915,0,1707,0,79144116,36872640,49412904,88,12783508,,17830924,22590356,21086960,17635876,,12505256,5803804,5811128,12752452,,14492668,10112020,10181052,14627164,,12,52,12,12,,2028360,4346752,4458060,1950336
14165,2,2623,915,0,1708,0,79233584,36745856,49288776,88,12786160,,17863824,22603380,21092452,17673928,,12454296,5781532,5794980,12715048,,14442124,10090492,10166120,14590040,,12,52,12,12,,2028776,4347504,4459276,1950604
14172,2,2624,915,0,1709,0,79079216,36871700,49417540,88,12789088,,17809640,22559184,21110796,17599596,,12513004,5820364,5786368,12751964,,14501244,10130460,10158648,14627188,,12,52,12,12,,2029196,4348636,4460420,1950836
14179,2,2625,915,0,1710,0,79159824,36852972,49401492,88,12791732,,17814360,22564484,21162740,17618240,,12531684,5818476,5734364,12768448,,14520316,10129344,10107876,14643956,,12,52,12,12,,2029560,4349396,4461656,1951120
14186,3,2626,915,0,1711,0,78944940,37025860,49576884,88,12794216,,17819704,22369920,21149060,17606256,,12529056,6012776,5706848,12777180,,14517980,10324904,10081088,14652912,,12,52,12,12,,2029844,4350648,4462380,1951344
14192,2,2627,915,0,1712,0,78847292,37141036,49694748,88,12796928,,17799464,22285152,21091412,17671264,,12533088,6105296,5793904,12708748,,14522272,10418408,10169328,14584740,,12,52,12,12,,2030108,4351652,4463556,1951612
14199,2,2628,915,0,1713,0,78856316,37152864,49708992,88,12799420,,17842040,22264012,21072840,17677424,,12512076,6099128,5826516,12715144,,14501620,10413172,10202796,14591404,,12,52,12,12,,2030464,4352580,4464504,1951872
14206,1,2629,915,0,1714,0,78819740,37163748,49722008,88,12801472,,17847104,22248088,21110336,17614212,,12481232,6132888,5772384,12777244,,14471048,10447596,10149588,14653776,,12,52,12,12,,2030748,4353236,4465336,1952152
14211,3,2630,915,0,1715,0,78852732,37113604,49674912,88,12804516,,17800864,22342016,21097984,17611868,,12521948,6037008,5780628,12774020,,14512144,10353104,10158896,14650768,,12,52,12,12,,2031108,4354628,4466412,1952368
14218,2,2631,915,0,1716,0,78958872,37018584,49581976,88,12806572,,17843812,22397072,21086092,17631896,,12491212,5972532,5801256,12753584,,14481660,10289536,10180244,14630536,,12,52,12,12,,2031364,4355512,4467132,1952564
14223,3,2632,915,0,1717,0,78920936,37016524,49582772,88,12809424,,17828280,22370756,21061040,17660860,,12479088,5982040,5833600,12721796,,14469912,10300112,10213796,14598952,,12,52,12,12,,2031768,4356584,4468312,1952760
14230,2,2633,915,0,1718,0,78813328,37139192,49707936,88,12811888,,17819808,22310388,21066632,17616500,,12508764,6067872,5809608,12752948,,14499948,10386732,10190896,14630360,,12,52,12,12,,2032088,4357376,4469408,1953016
14236,2,2634,915,0,1719,0,78905428,37059948,49630980,88,12814228,,17811292,22325424,21138536,17630176,,12493332,6064472,5756188,12745956,,14484932,10383980,10138392,14623676,,12,52,12,12,,2032532,4358036,4470328,1953332
14244,2,2635,915,0,1720,0,78992772,36953316,49527724,88,12817572,,17814352,22462316,21106388,17609716,,12499872,5900092,5769816,12783536,,14491932,10221124,10153060,14661608,,12,52,12,12,,2032972,4359536,4471384,1953680
14251,2,2636,915,0,1721,0,79004180,36950268,49527688,88,12820608,,17818824,22471332,21073944,17640080,,12503616,5906788,5798748,12741116,,14496088,10228936,10183208,14619456,,12,52,12,12,,2033388,4360668,4472592,1953960
14258,2,2637,915,0,1722,0,79035084,36946512,49526356,88,12823016,,17839816,22470908,21052484,17671876,,12499116,5903424,5834204,12709768,,14491980,10226560,10219492,14588324,,12,52,12,12,,2033776,4361652,4473412,1954176
14265,1,2638,915,0,1723,0,79011160,36957184,49539368,88,12825388,,17866864,22438504,21097708,17608084,,12471372,5933948,5777740,12774124,,14464592,10257676,10164124,14652976,,12,52,12,12,,2034140,4362236,4474544,1954468
14271,3,2639,915,0,1724,0,79108244,36820644,49406248,88,12828760,,17824652,22539564,21143460,17600568,,12483580,5827080,5736252,12773732,,14477300,10152332,10123732,14652884,,12,52,12,12,,2034632,4363760,4475604,1954764
14279,3,2640,915,0,1725,0,79179760,36767600,49356284,88,12831868,,17846596,22606844,21109604,17616716,,12484488,5762908,5759564,12760640,,14478620,10089496,10148176,14639992,,12,52,12,12,,2035028,4365108,4476772,1954960
14286,2,2641,915,0,1726,0,79051448,36869816,49460688,88,12834044,,17817684,22483840,21120472,17629452,,12495544,5878620,5751736,12743916,,14490080,10205880,10141244,14623484,,12,52,12,12,,2035440,4365792,4477632,1955180
14292,2,2642,915,0,1727,0,79028792,36893976,49487396,88,12836588,,17798084,22414264,21131608,17684836,,12514560,5936812,5745284,12697320,,14509400,10265000,10135824,14577172,,12,52,12,12,,2035744,4366712,4478668,1955464
14298,2,2643,915,0,1728,0,79054400,36873036,49468784,88,12838892,,17813868,22431356,21189556,17619620,,12508956,5941680,5681652,12740748,,14504224,10270636,10073076,14620848,,12,52,12,12,,2036164,4367460,4479564,1955704
14305,2,2644,915,0,1729,0,79046168,36905292,49504040,88,12841920,,17818084,22469104,21141056,17617924,,12512336,5901532,5719244,12772180,,14507984,10231744,10111800,14652512,,12,52,12,12,,2036552,4368728,4480692,1955948
14312,2,2645,915,0,1730,0,79073880,36840108,49441832,88,12844912,,17836828,22468552,21118356,17650144,,12483828,5885940,5744704,12725636,,14479948,10217092,10138484,14606308,,12,52,12,12,,2037016,4369700,4481912,1956284
14319,2,2646,915,0,1731,0,78954620,36969760,49574000,88,12847408,,17842564,22440480,21015832,17655744,,12483848,5921292,5850224,12714396,,14480320,10253464,10244944,14595272,,12,52,12,12,,2037372,4370684,4482868,1956484
14326,2,2647,915,0,1732,0,78915032,37005136,49612112,88,12850112,,17791672,22429136,21037156,17657068,,12529040,5927176,5835244,12713676,,14525860,10260404,10231004,14594844,,12,52,12,12,,2037720,4371736,4483880,1956776
14333,2,2648,915,0,1733,0,79015564,36905832,49515496,88,12852800,,17813356,22484896,21117608,17599704,,12505840,5866480,5756524,12776988,,14503036,10200808,10153264,14658388,,12,52,12,12,,2038084,4372848,4484860,1957008
14340,2,2649,915,0,1734,0,79138324,36788480,49401128,88,12855780,,17831632,22522188,21144168,17640336,,12504664,5834144,5720460,12729212,,14502236,10169736,10118292,14610864,,12,52,12,12,,2038448,4374092,4485976,1957264
14346,2,2650,915,0,1735,0,78748524,37184648,49799476,88,12857960,,17817432,22321056,20982148,17627888,,12520048,6039924,5885044,12739632,,14517928,10376216,10283768,14621564,,12,52,12,12,,2038740,4374808,4486864,1957548
14353,2,2651,915,0,1736,0,78667444,37248132,49865524,88,12860520,,17797296,22270996,21003684,17595468,,12516872,6079392,5876308,12775560,,14515048,10416600,10276084,14657792,,12,52,12,12,,2039036,4375728,4487916,1957840
14359,2,2652,915,0,1737,0,78687756,37211880,49831988,88,12863244,,17808372,22264152,21008944,17606288,,12509476,6079000,5836760,12786644,,14508112,10416984,10237788,14669104,,12,52,12,12,,2039500,4376508,4489164,1958072
14366,3,2653,915,0,1738,0,78764032,37180964,49803624,88,12865784,,17823780,22327772,20974368,17638112,,12512480,6029860,5883748,12754876,,14511460,10369132,10285444,14637588,,12,52,12,12,,2039852,4377788,4489820,1958324
14373,2,2654,915,0,1739,0,78852640,37064608,49690040,88,12868560,,17833960,22380168,20997996,17640516,,12488848,5966252,5877332,12732176,,14488140,10306536,10280200,14615164,,12,52,12,12,,2040168,4378804,4490984,1958604
14378,3,2655,915,0,1740,0,78718344,37200656,49828456,88,12870920,,17820864,22302412,20985364,17609704,,12510928,6054132,5880372,12755224,,14510584,10395360,10284024,14638488,,12,52,12,12,,2040520,4379740,4491792,1958868
14386,2,2656,915,0,1741,0,78794060,37103404,49733644,88,12873356,,17857976,22314248,21018288,17603548,,12450848,6038788,5833068,12780700,,14450888,10380720,10237908,14664128,,12,52,12,12,,2040908,4380452,4492964,1959032
14392,2,2657,915,0,1742,0,78804576,37088460,49721748,88,12876388,,17806344,22341036,21042408,17614788,,12512020,6003152,5819932,12753356,,14512404,10346552,10225732,14637060,,12,52,12,12,,2041252,4381908,4493920,1959308
14399,1,2658,914,0,1744,1,78821892,37068808,49704712,88,12879016,,17872652,22322548,20999356,17627336,,12454120,6021124,5857948,12735616,,14454852,10365828,10264532,14619500,,12,52,12,12,,2041596,4383212,4494720,1959488
14405,2,2659,914,0,1745,1,78753212,37129768,49768184,88,12881520,,17832832,22321032,20966012,17633336,,12484932,6018068,5885864,12740904,,14486056,10363432,10293684,14625012,,12,52,12,12,,2041992,4383872,4495948,1959708
14412,2,2660,914,0,1746,1,78834176,37028788,49669844,88,12884192,,17846432,22356300,21012936,17618508,,12470320,5982500,5833384,12742584,,14471760,10328832,10242276,14626976,,12,52,12,12,,2042308,4384872,4497016,1959996
14419,2,2661,914,0,1747,1,78831204,37058692,49702364,88,12886780,,17807244,22388740,21024332,17610888,,12503440,5953500,5832080,12769672,,14505268,10300744,10242084,14654268,,12,52,12,12,,2042704,4385752,4498132,1960192
14426,2,2662,914,0,1748,1,78919908,36999540,49644744,88,12889256,,17838792,22389256,21079184,17612676,,12490240,5966220,5767416,12775664,,14492452,10313604,10178264,14660424,,12,52,12,12,,2043076,4386840,4498976,1960364
14432,3,2663,914,0,1749,0,78924396,36948872,49598620,88,12892732,,17811324,22443164,21009696,17660212,,12489072,5896504,5839028,12724268,,14491676,10246452,10251112,14609380,,12,52,12,12,,2043472,4388348,4500196,1960716
14440,2,2664,915,0,1749,0,78902328,36988768,49641060,88,12895276,,17831524,22370692,21018228,17681884,,12484664,5974488,5838228,12691388,,14487632,10325356,10251336,14576736,,12,52,12,12,,2043836,4389264,4501232,1960944
14446,2,2665,915,0,1750,0,78917740,36947220,49601912,88,12897720,,17826688,22389672,21064120,17637260,,12489128,5947568,5785304,12725220,,14492440,10299536,10199180,14610756,,12,52,12,12,,2044180,4390404,4501996,1961140
14452,2,2666,915,0,1751,0,78934336,36940516,49597996,88,12900480,,17827948,22398424,21079408,17628556,,12498392,5933172,5766140,12742812,,14502080,10286232,10181044,14628640,,12,52,12,12,,2044552,4391460,4503028,1961440
14459,2,2667,915,0,1752,0,78942664,36926980,49587544,88,12903416,,17826068,22433636,21044460,17638500,,12480268,5898976,5808416,12739320,,14484356,10253256,10224492,14625440,,12,52,12,12,,2044956,4392516,4504220,1961724
14466,2,2668,915,0,1753,0,78893520,36964716,49627424,88,12905596,,17813676,22399392,21025824,17654628,,12514592,5936404,5795932,12717788,,14519084,10291380,10212848,14604112,,12,52,12,12,,2045368,4393272,4505028,1961928
14473,3,2669,915,0,1754,0,78919620,36934824,49600844,88,12908892,,17811504,22421576,21054028,17632512,,12499432,5919996,5788296,12727100,,14504364,10276028,10206756,14613696,,12,52,12,12,,2045800,4394316,4506576,1962200
14481,1,2670,915,0,1755,0,78943196,36933128,49601720,88,12911460,,17796772,22432956,21103744,17609724,,12534820,5905660,5742016,12750632,,14540188,10262440,10161448,14637644,,12,52,12,12,,2046244,4395048,4507552,1962616
14487,3,2671,915,0,1756,0,79114432,36761916,49433924,88,12914856,,17859952,22470500,21143296,17640684,,12472764,5854820,5702428,12731904,,14478556,10213356,10122888,14619124,,12,52,12,12,,2046656,4396800,4508576,1962824
14494,2,2672,915,0,1757,0,79048480,36791832,49466204,88,12917268,,17814696,22479672,21129480,17624632,,12476248,5851248,5719180,12745156,,14482396,10210476,10140748,14632584,,12,52,12,12,,2047012,4397496,4509720,1963040
14501,2,2673,915,0,1758,0,79082680,36778696,49455248,88,12919412,,17837396,22480724,21133644,17630916,,12482140,5860340,5719276,12716940,,14488616,10220496,10141544,14604592,,12,52,12,12,,2047348,4398424,4510392,1963248
14507,2,2674,915,0,1759,0,79076872,36761948,49441328,88,12922224,,17808596,22493452,21157648,17617176,,12497352,5843864,5686072,12734660,,14504292,10205336,10109168,14622532,,12,52,12,12,,2047812,4399736,4511200,1963476
14514,2,2675,915,0,1760,0,79087968,36774588,49456872,88,12925128,,17812560,22500168,21164572,17610668,,12501704,5826012,5673292,12773580,,14509076,10188660,10097456,14661680,,12,52,12,12,,2048236,4400916,4512276,1963700
14521,2,2676,915,0,1761,0,79171428,36671384,49356520,88,12928008,,17834504,22550132,21141268,17645524,,12469076,5780284,5696412,12725612,,14476760,10143996,10121768,14613996,,12,52,12,12,,2048548,4401980,4513484,1963996
14528,2,2677,915,0,1762,0,78850476,36999724,49687248,88,12930380,,17818516,22445732,20923144,17663084,,12482224,5894804,5906268,12716428,,14490260,10259488,10332400,14605100,,12,52,12,12,,2048908,4402948,4514248,1964276
14535,2,2678,915,0,1763,0,78886864,36928960,49619564,88,12933432,,17865896,22456232,20959924,17604812,,12442716,5865288,5878488,12742468,,14451232,10230716,10306236,14631380,,12,52,12,12,,2049376,4403692,4515856,1964508
14542,2,2679,915,0,1764,0,78900644,36938668,49631724,88,12935900,,17811556,22495300,20968992,17624796,,12508484,5830988,5855832,12743364,,14517396,10197432,10284396,14632500,,12,52,12,12,,2049776,4404716,4516672,1964736
14549,2,2680,915,0,1765,0,78971420,36885748,49581752,88,12938848,,17880256,22488116,20958960,17644088,,12438232,5841480,5870976,12735060,,14447488,10209292,10300576,14624396,,12,52,12,12,,2050124,4406076,4517708,1964940
14556,2,2681,915,0,1766,0,78888348,36935156,49633680,88,12941396,,17824688,22471728,20945676,17646256,,12484356,5837964,5879056,12733780,,14494048,10206408,10309860,14623364,,12,52,12,12,,2050556,4406744,4518916,1965180
14562,3,2682,915,0,1767,0,78797796,37022520,49723276,88,12943676,,17867472,22357836,20956348,17616140,,12448248,5961876,5880300,12732096,,14458240,10331352,10311720,14621964,,12,52,12,12,,2050892,4407800,4519520,1965464
14569,2,2683,915,0,1768,0,78808400,37022728,49726576,88,12946728,,17814280,22368688,20997700,17627732,,12500932,5945328,5840468,12736000,,14511328,10315956,10273148,14626144,,12,52,12,12,,2051264,4408924,4520792,1965748
14576,2,2684,915,0,1769,0,78844088,37015260,49722044,88,12949588,,17811108,22422452,20981068,17629460,,12506752,5903280,5861648,12743580,,14517720,10275192,10295104,14634028,,12,52,12,12,,2051748,4410224,4521564,1966052
14584,2,2685,915,0,1770,0,78831556,37008732,49719184,88,12953240,,17791776,22430916,20943656,17665208,,12533248,5883412,5891596,12700476,,14544668,10256576,10326680,14591260,,12,52,12,12,,2052200,4411456,4523196,1966388
14591,2,2686,915,0,1771,0,78862504,36976800,49689780,88,12955764,,17845404,22427180,20933268,17656652,,12475956,5891788,5896268,12712788,,14487696,10265904,10332388,14603792,,12,52,12,12,,2052524,4412416,4524224,1966600
14598,2,2687,915,0,1772,0,78854776,36955368,49670596,88,12958008,,17804048,22442356,20984532,17623840,,12513532,5874536,5839392,12727908,,14525632,10249480,10276336,14619148,,12,52,12,12,,2052880,4413240,4525040,1966848
14604,2,2688,915,0,1773,0,78846396,37003832,49721900,88,12960840,,17823024,22471036,20930408,17621928,,12490588,5861028,5905660,12746556,,14503056,10237104,10343656,14638084,,12,52,12,12,,2053240,4414372,4526104,1967124
14611,2,2689,915,0,1774,0,78886424,36916432,49637320,88,12963728,,17876264,22443288,20916932,17649940,,12429032,5875836,5895672,12715892,,14441768,10252928,10334924,14607700,,12,52,12,12,,2053540,4415420,4527364,1967404
14618,2,2690,915,0,1775,0,78817728,36989924,49713264,88,12966144,,17817476,22400916,20915688,17683648,,12483624,5907352,5922412,12676536,,14496824,10285404,10362432,14568604,,12,52,12,12,,2053964,4416360,4528148,1967672
14624,3,2691,915,0,1776,0,78793432,37032032,49757660,88,12968504,,17831836,22399352,20949380,17612864,,12467064,5933036,5878772,12753160,,14480556,10311776,10319824,14645504,,12,52,12,12,,2054264,4417132,4529164,1967944
14632,2,2692,915,0,1777,0,78832596,36971128,49699848,88,12971624,,17802276,22432896,20970888,17626536,,12492452,5891292,5845468,12741916,,14506316,10271484,10287576,14634472,,12,52,12,12,,2054628,4418588,4530256,1968152
14638,2,2693,915,0,1778,0,78901860,36930560,49662092,88,12974408,,17870900,22468044,20933904,17629012,,12450732,5843704,5889920,12746204,,14465020,10225180,10332896,14638996,,12,52,12,12,,2055044,4419888,4531088,1968388
14645,2,2694,915,0,1779,0,78869804,36878972,49613004,88,12976912,,17807944,22518076,20905288,17638496,,12476640,5800376,5902364,12699592,,14491292,10182556,10346532,14592624,,12,52,12,12,,2055416,4420580,4532284,1968632
14651,2,2695,915,0,1780,0,78903300,36887416,49624140,88,12979624,,17846284,22483248,20944268,17629500,,12458856,5825520,5872936,12730104,,14473900,10208628,10318184,14623428,,12,52,12,12,,2055812,4421520,4533364,1968928
14658,2,2696,915,0,1781,0,78906064,36889544,49628468,88,12981788,,17795392,22473928,21013524,17623220,,12498616,5843344,5817660,12729924,,14513988,10227364,10263648,14623468,,12,52,12,12,,2056128,4422412,4534104,1969144
14664,2,2697,915,0,1782,0,78913236,36876296,49617976,88,12984544,,17818140,22518480,20975800,17600816,,12491464,5797336,5836488,12751008,,14507272,10182436,10283516,14644752,,12,52,12,12,,2056560,4423500,4535136,1969348
14670,3,2698,915,0,1783,0,78998908,36823852,49568340,88,12987352,,17855792,22542452,20966760,17633904,,12458692,5775440,5850932,12738788,,14474884,10161452,10299192,14632812,,12,52,12,12,,2056940,4424400,4536376,1969636
14677,2,2699,915,0,1784,0,78942612,36853348,49599700,88,12989236,,17828808,22519956,20951632,17642216,,12488220,5788004,5860168,12716956,,14504692,10174660,10309160,14611188,,12,52,12,12,,2057220,4425064,4537116,1969836
14683,2,2700,915,0,1785,0,78816792,36932528,49681228,88,12991548,,17815392,22418784,20961196,17621420,,12471516,5883376,5842608,12735028,,14488428,10271044,10292272,14629484,,12,52,12,12,,2057668,4426060,4537768,1970052
14689,2,2701,915,0,1786,0,78869700,36918984,49670688,88,12994556,,17800668,22434732,21007724,17626576,,12507660,5876456,5794160,12740708,,14524872,10265320,10245068,14635428,,12,52,12,12,,2057964,4427260,4539012,1970320
14697,2,2702,915,0,1787,0,78970960,36796436,49551084,88,12997544,,17852036,22475136,21013548,17630240,,12443868,5831668,5792788,12728112,,14461428,10221824,10244712,14623120,,12,52,12,12,,2058308,4428588,4540044,1970604
14704,2,2703,915,0,1788,0,78880000,36884456,49642216,88,13000620,,17809524,22467452,20983428,17619596,,12472500,5829924,5826272,12755760,,14490472,10221280,10279436,14651028,,12,52,12,12,,2058720,4429764,4541264,1970872
14712,2,2704,915,0,1789,0,78980900,36789640,49550228,88,13003468,,17858648,22471248,21022084,17628920,,12455744,5831328,5785148,12717420,,14474136,10223692,10239444,14612956,,12,52,12,12,,2059136,4430776,4542416,1971140
14719,2,2705,915,0,1790,0,78971764,36817524,49580312,88,13005656,,17816408,22487624,21057456,17610276,,12493044,5818260,5751084,12755136,,14511780,10211408,10206196,14650928,,12,52,12,12,,2059492,4431548,4543228,1971388
14726,2,2706,915,0,1791,0,78937200,36842476,49608260,88,13008616,,17840248,22481008,20997408,17618536,,12465660,5812516,5809348,12754952,,14484712,10206968,10265564,14651016,,12,52,12,12,,2059800,4432844,4544320,1971652
14733,1,2707,915,0,1792,0,79005080,36751084,49519736,88,13011492,,17886920,22538388,20964808,17614964,,12421216,5755376,5848804,12725688,,14440680,10150864,10306200,14621992,,12,52,12,12,,2060208,4433896,4545500,1971888
14739,2,2708,915,0,1793,0,79005928,36789300,49560540,88,13014056,,17855152,22491964,20993920,17664892,,12444380,5815860,5818400,12710660,,14464176,10212284,10276820,14607260,,12,52,12,12,,2060540,4434808,4546524,1972184
14746,2,2709,915,0,1794,0,78940296,36790280,49564040,88,13016608,,17825560,22483092,21010912,17620732,,12451852,5814652,5805000,12718776,,14471988,10212240,10264228,14615584,,12,52,12,12,,2060896,4435980,4547340,1972392
14752,3,2710,915,0,1795,0,78983120,36814304,49590904,88,13019444,,17852332,22508544,21006720,17615524,,12449996,5793712,5818740,12751856,,14470560,10192380,10279016,14648948,,12,52,12,12,,2061304,4437060,4548404,1972676
14760,2,2711,915,0,1796,0,79138876,36648104,49427364,88,13022080,,17866604,22576100,21060832,17635340,,12453104,5718740,5754908,12721352,,14474016,10118708,10215904,14618736,,12,52,12,12,,2061652,4438360,4549100,1972968
14766,2,2712,915,0,1797,0,79049544,36709024,49490768,88,13024584,,17814064,22602816,20995908,17636756,,12492564,5703160,5809700,12703600,,14513832,10103752,10271952,14601232,,12,52,12,12,,2061988,4439016,4550356,1973224
14773,3,2713,915,0,1798,0,78964136,36815888,49601072,88,13028036,,17875648,22506072,20963652,17618764,,12438464,5794920,5842156,12740348,,14460120,10196740,10305900,14638312,,12,52,12,12,,2062432,4440216,4551840,1973548
14781,2,2714,915,0,1799,0,78946120,36803844,49592064,88,13031056,,17807880,22530856,20990148,17617236,,12495292,5755064,5808372,12745116,,14517428,10157988,10273316,14643332,,12,52,12,12,,2062876,4441328,4553052,1973800
14788,2,2715,915,0,1800,0,79027560,36709408,49500220,88,13033668,,17839544,22573820,20973708,17640488,,12456096,5708496,5824000,12720816,,14478572,10112684,10289684,14619280,,12,52,12,12,,2063216,4442592,4553824,1974036
14795,2,2716,915,0,1801,0,79028952,36715064,49508804,88,13036560,,17820136,22565828,21014692,17628296,,12462248,5730420,5789764,12732632,,14485208,10135392,10256824,14631380,,12,52,12,12,,2063708,4443360,4555172,1974320
14802,2,2717,915,0,1802,0,78985028,36767116,49563036,88,13038744,,17874084,22509372,20986428,17615144,,12424620,5783672,5804040,12754784,,14447936,10189588,10271696,14653816,,12,52,12,12,,2064068,4444316,4555760,1974600
14809,2,2718,915,0,1803,0,78960788,36793344,49592360,88,13041868,,17822260,22501272,21029272,17607984,,12477192,5798784,5774536,12742832,,14500948,10205940,10243420,14642052,,12,52,12,12,,2064512,4445564,4556992,1974800
14815,2,2719,915,0,1804,0,78980668,36774876,49576552,88,13044516,,17822328,22533992,21017396,17606952,,12484260,5755192,5777252,12758172,,14508396,10163648,10246820,14657688,,12,52,12,12,,2064880,4446864,4557680,1975092
14822,2,2720,915,0,1805,0,78970928,36788396,49592868,88,13047288,,17806088,22562080,20953716,17649044,,12490460,5730284,5849520,12718132,,14514940,10139748,10320264,14617916,,12,52,12,12,,2065228,4447860,4558840,1975360
14828,2,2721,915,0,1806,0,78733184,37000760,49807540,88,13049644,,17840508,22265648,20966068,17660960,,12475784,5999872,5818928,12706176,,14500644,10410200,10290448,14606248,,12,52,12,12,,2065600,4448752,4559648,1975644
14836,2,2722,915,0,1807,0,78709992,37009284,49819076,88,13052624,,17806324,22272988,21012180,17618500,,12485288,6019912,5768072,12736012,,14510528,10431028,10241148,14636372,,12,52,12,12,,2065976,4449516,4561192,1975940
14842,3,2723,915,0,1808,0,78752948,36983152,49795708,88,13055356,,17825660,22283540,21031060,17612688,,12465444,5989432,5766556,12761720,,14491140,10401564,10240600,14662404,,12,52,12,12,,2066436,4450520,4562144,1976256
14850,2,2724,915,0,1809,0,78859016,36891476,49707264,88,13058616,,17889076,22353692,20985800,17630448,,12414924,5937924,5795160,12743468,,14440988,10351436,10270428,14644412,,12,52,12,12,,2066800,4451940,4563376,1976500
14857,2,2725,915,0,1810,0,78796808,36947168,49765112,88,13060792,,17846480,22301116,20977740,17671472,,12451224,5985936,5806596,12703412,,14477668,10400148,10282688,14604608,,12,52,12,12,,2067196,4452640,4564200,1976756
14863,3,2726,915,0,1811,0,78860496,36837376,49657944,88,13063400,,17888228,22305064,21058720,17608484,,12404892,5959604,5738084,12734796,,14431776,10374804,10215064,14636300,,12,52,12,12,,2067624,4453628,4565084,1977064
14871,2,2727,915,0,1812,0,78866852,36851452,49679536,88,13070944,,17837636,22322668,21090792,17615756,,12454644,5958204,5709596,12729008,,14481920,10374932,10191924,14630760,,12,52,12,12,,2068016,4455152,4570468,1977308
14878,2,2728,915,0,1813,0,79053944,36662884,49493428,88,13073372,,17839600,22441196,21139752,17633396,,12457684,5850492,5635096,12719612,,14485428,10268160,10118232,14621608,,12,52,12,12,,2068468,4456104,4571240,1977560
14885,2,2729,915,0,1814,0,79083908,36633000,49466464,88,13076292,,17819252,22520476,21062684,17681496,,12464976,5767892,5719816,12680316,,14493044,10186664,10204176,14582580,,12,52,12,12,,2068788,4457204,4572464,1977836
14892,3,2730,915,0,1815,0,78998624,36718164,49554676,88,13079316,,17796444,22444100,21093556,17664524,,12498120,5841584,5695340,12683120,,14526656,10261444,10180868,14585708,,12,52,12,12,,2069252,4458288,4573624,1978152
14899,2,2731,915,0,1816,0,79000988,36694436,49533364,88,13081744,,17810252,22441808,21126636,17622292,,12481692,5826088,5653396,12733260,,14510576,10246632,10140112,14636044,,12,52,12,12,,2069608,4458968,4574820,1978348
14906,1,2732,915,0,1817,0,79034232,36656056,49497204,88,13083980,,17819760,22488544,21112300,17613628,,12478152,5797632,5648496,12731776,,14507248,10219404,10135808,14634744,,12,52,12,12,,2069808,4460220,4575436,1978516
14911,2,2733,915,0,1818,0,79017524,36696072,49539928,88,13086640,,17813484,22476296,21083944,17643800,,12483784,5780052,5695212,12737024,,14513160,10202804,10183700,14640264,,12,52,12,12,,2070088,4461176,4576592,1978784
14917,3,2734,915,0,1819,0,79043928,36673224,49518924,88,13088520,,17833228,22475480,21084768,17650452,,12468088,5794640,5686300,12724196,,14497828,10217868,10175544,14627684,,12,52,12,12,,2070444,4461688,4577344,1979044
14924,2,2735,915,0,1820,0,79085032,36612224,49460688,88,13091304,,17806372,22490624,21100372,17687664,,12490872,5776428,5675256,12669668,,14521024,10200660,10165560,14573444,,12,52,12,12,,2070872,4462692,4578404,1979336
14931,2,2736,915,0,1821,0,79102280,36558656,49413936,88,13098092,,17814496,22510812,21168544,17608428,,12471148,5747292,5595192,12745024,,14501664,10176788,10086432,14649052,,12,52,12,12,,2071220,4467948,4579340,1979584
14937,3,2737,915,0,1822,0,79076832,36611280,49469604,88,13101148,,17833792,22534304,21083524,17625212,,12455968,5741964,5682632,12730716,,14486908,10172764,10174856,14635076,,12,52,12,12,,2071644,4469280,4580324,1979900
14945,2,2738,915,0,1823,0,79127432,36557356,49420884,88,13106376,,17826700,22552504,21102316,17645912,,12463596,5703312,5675848,12714600,,14494972,10135296,10171432,14619184,,12,52,12,12,,2072088,4470444,4583684,1980160
14952,2,2739,915,0,1824,0,79041736,36613312,49479388,88,13108876,,17865248,22472424,21099616,17604448,,12432416,5782208,5664368,12734320,,14464132,10215124,10160980,14639152,,12,52,12,12,,2072424,4471368,4584708,1980376
14959,3,2740,915,0,1825,0,78995136,36649828,49518760,88,13111784,,17802976,22407268,21174180,17610712,,12465060,5852300,5596084,12736384,,14497200,10286120,10093964,14641476,,12,52,12,12,,2072852,4472284,4586004,1980644
14966,2,2741,915,0,1826,0,79014752,36631892,49503388,88,13114340,,17821356,22438292,21135568,17619536,,12465748,5823188,5606696,12736260,,14498216,10258280,10105288,14641604,,12,52,12,12,,2073180,4473564,4586712,1980884
14973,2,2742,915,0,1827,0,78933816,36750096,49624992,88,13117708,,17798176,22397540,21075572,17662528,,12506264,5868692,5679668,12695472,,14539204,10304952,10179788,14601048,,12,52,12,12,,2073648,4474720,4588212,1981128
14980,3,2743,915,0,1828,0,78972988,36715988,49593140,88,13119952,,17862304,22401840,21105836,17603008,,12430952,5859160,5666824,12759052,,14464212,10296316,10167692,14664920,,12,52,12,12,,2073956,4475612,4588968,1981416
14988,2,2744,915,0,1829,0,78993984,36662780,49551080,88,13131124,,17791556,22436464,21170924,17595040,,12475464,5821812,5603156,12762348,,14509188,10264492,10108904,14668496,,12,52,12,12,,2074396,4481140,4593880,1981708
14994,2,2745,915,0,1830,0,79096848,36584396,49475528,88,13133936,,17828540,22512340,21156316,17599652,,12462716,5751840,5602072,12767768,,14496772,10195716,10108912,14674128,,12,52,12,12,,2074736,4482332,4594940,1981928
15001,2,2746,915,0,1831,0,79082108,36580596,49474660,88,13136832,,17887080,22522100,21047904,17625024,,12407248,5739264,5704668,12729416,,14441656,10184204,10212704,14636096,,12,52,12,12,,2075096,4483392,4596120,1982224
15008,2,2747,915,0,1832,0,79039564,36640212,49536696,88,13139252,,17832324,22484840,21059136,17663264,,12460824,5777784,5709824,12691780,,14495600,10223724,10218668,14598704,,12,52,12,12,,2075452,4484396,4596932,1982472
15014,2,2748,915,0,1833,0,79037860,36596024,49495168,88,13141908,,17857860,22503964,21072936,17603100,,12431468,5752264,5679216,12733076,,14466560,10198860,10189492,14640256,,12,52,12,12,,2075768,4485052,4598364,1982724
15021,2,2749,915,0,1834,0,79030448,36616928,49518892,88,13144740,,17783524,22506560,21137712,17602652,,12497656,5743416,5617372,12758484,,14533136,10191104,10128736,14665916,,12,52,12,12,,2076164,4486144,4599452,1982980
15028,2,2750,915,0,1835,0,79241140,36425668,49330548,88,13147656,,17849520,22645780,21120328,17625512,,12444348,5608584,5637300,12735436,,14480276,10057628,10149496,14643148,,12,52,12,12,,2076604,4487500,4600288,1983264
15035,2,2751,915,0,1836,0,79201008,36443048,49350400,88,13150132,,17806128,22635488,21068552,17690840,,12486976,5611868,5677276,12666928,,14523284,10061592,10190608,14574916,,12,52,12,12,,2076988,4488172,4601444,1983528
15042,2,2752,915,0,1837,0,79163448,36466080,49375500,88,13152176,,17849128,22618428,21091432,17604460,,12438884,5630096,5665992,12731108,,14475536,10080636,10180060,14639268,,12,52,12,12,,2077316,4489004,4602152,1983704
15048,2,2753,915,0,1838,0,79137812,36510712,49422784,88,13154820,,17790584,22637408,21102736,17607084,,12499476,5612888,5662592,12735756,,14536404,10064812,10177392,14644176,,12,52,12,12,,2077592,4490384,4602880,1983964
15054,2,2754,915,0,1839,0,79207716,36432540,49347452,88,13157680,,17801512,22685344,21121132,17599728,,12479412,5555472,5634924,12762732,,14516720,10008516,10150784,14671432,,12,52,12,12,,2077980,4491500,4603956,1984244
15061,3,2755,915,0,1840,0,79281464,36382016,49300020,88,13160804,,17805968,22752392,21094904,17628200,,12485220,5498064,5665580,12733152,,14522900,9952296,10182712,14642112,,12,52,12,12,,2078352,4492708,4605224,1984520
15069,2,2756,915,0,1841,0,79067960,36553280,49474056,88,13163556,,17822920,22659952,20936404,17648684,,12451336,5578048,5820664,12703232,,14489480,10033260,10338848,14612468,,12,52,12,12,,2078820,4493668,4606292,1984776
15076,3,2757,915,0,1842,0,79135572,36472316,49395784,88,13166224,,17786704,22650144,21090076,17608648,,12485608,5600952,5652496,12733260,,14524120,10056892,10172040,14642732,,12,52,12,12,,2079192,4494388,4607628,1985016
15083,2,2758,915,0,1843,0,79159352,36494052,49420752,88,13169372,,17785132,22690484,21073148,17610588,,12509660,5563248,5671892,12749252,,14548640,10020568,10192584,14658960,,12,52,12,12,,2079648,4495768,4608704,1985252
15090,2,2759,915,0,1844,0,79335780,36296716,49226092,88,13172076,,17828488,22731244,21126404,17649644,,12451328,5513016,5615788,12716584,,14490640,9971384,10137524,14626544,,12,52,12,12,,2080008,4496828,4609732,1985508
15096,3,2760,915,0,1845,0,79259108,36328732,49260456,88,13174380,,17797332,22736716,21064280,17660780,,12461036,5501948,5667168,12698580,,14500804,9960940,10189864,14608848,,12,52,12,12,,2080436,4497444,4610688,1985812
15104,2,2761,915,0,1846,0,79238444,36381984,49316376,88,13177152,,17870936,22655180,21093060,17619268,,12403852,5597260,5659900,12720972,,14443984,10057284,10183572,14631536,,12,52,12,12,,2080824,4498480,4611744,1986104
15110,3,2762,915,0,1847,0,79280628,36335980,49273424,88,13180132,,17803316,22693868,21152952,17630492,,12484148,5540040,5598540,12713252,,14524712,10001504,10123156,14624052,,12,52,12,12,,2081236,4499920,4612632,1986344
15117,2,2763,915,0,1848,0,79237432,36387668,49327820,88,13182792,,17820648,22712760,21075180,17628844,,12475348,5525940,5669248,12717132,,14516296,9988484,10194864,14628176,,12,52,12,12,,2081604,4501000,4613604,1986584
15124,2,2764,915,0,1849,0,79294888,36289704,49232504,88,13185456,,17804044,22759364,21082040,17649440,,12462432,5486956,5646172,12694144,,14503684,9950448,10172928,14605444,,12,52,12,12,,2081924,4501952,4614736,1986844
15131,1,2765,915,0,1850,0,79330824,36280124,49225512,88,13188020,,17838064,22708900,21097156,17686704,,12452592,5527884,5635888,12663760,,14494164,9992264,10163796,14575288,,12,52,12,12,,2082232,4502844,4615880,1987064
15137,2,2766,915,0,1851,0,79342996,36249156,49196760,88,13190252,,17787888,22684112,21261440,17609556,,12474444,5567772,5482240,12724700,,14516388,10032896,10011020,14636456,,12,52,12,12,,2082600,4503584,4616776,1987292
15144,2,2767,915,0,1852,0,79330464,36256632,49207252,88,13193276,,17796388,22733420,21204412,17596244,,12470900,5497740,5547216,12740776,,14513164,9964332,10077032,14652724,,12,52,12,12,,2082924,4505052,4617804,1987496
15150,2,2768,915,0,1853,0,79312684,36246168,49199540,88,13196032,,17797616,22721212,21165644,17628212,,12459016,5510540,5570068,12706544,,14501624,9978032,10101060,14618824,,12,52,12,12,,2083280,4505956,4618968,1987828
15157,2,2769,915,0,1854,0,79088068,36477228,49432648,88,13198084,,17817288,22494404,21169480,17606896,,12470088,5750112,5555128,12701900,,14513068,10218224,10086964,14614392,,12,52,12,12,,2083648,4506564,4619820,1988052
15163,2,2770,915,0,1855,0,79128632,36459460,49417500,88,13200676,,17860740,22477952,21202208,17587732,,12423488,5764620,5534332,12737020,,14466800,10233684,10067236,14649780,,12,52,12,12,,2083968,4507524,4620880,1988304
15170,2,2771,915,0,1856,0,79231400,36370432,49331256,88,13203480,,17803768,22513964,21314672,17598996,,12482236,5719472,5422972,12745752,,14525964,10189804,9956736,14658752,,12,52,12,12,,2084388,4508792,4621760,1988540
15177,2,2772,915,0,1857,0,79338140,36247292,49211008,88,13206380,,17823452,22622600,21282396,17609692,,12442672,5622668,5451608,12730344,,14486784,10094324,9986288,14643612,,12,52,12,12,,2084768,4510124,4622680,1988808
15184,2,2773,915,0,1858,0,79279648,36303884,49269920,88,13208660,,17780984,22676284,21224372,17598008,,12491652,5552120,5513188,12746924,,14535988,10024772,10048756,14660404,,12,52,12,12,,2084996,4511112,4623540,1989012
15190,2,2774,915,0,1859,0,79334904,36258528,49226904,88,13211016,,17849400,22594572,21233100,17657832,,12432932,5634352,5494016,12697228,,14477572,10107828,10030536,14610968,,12,52,12,12,,2085300,4511932,4624512,1989272
15196,2,2775,915,0,1860,0,79227912,36354300,49325240,88,13213568,,17774064,22603236,21253080,17597532,,12523580,5630664,5481124,12718932,,14568488,10104836,10019012,14632904,,12,52,12,12,,2085572,4512628,4625864,1989504
15202,2,2776,915,0,1861,0,79319352,36263736,49237308,88,13216224,,17791588,22629584,21305216,17592964,,12483836,5593460,5435588,12750852,,14529184,10068624,9974448,14665052,,12,52,12,12,,2086004,4513620,4626868,1989732
15209,3,2777,915,0,1862,0,79462296,36143156,49120068,88,13219536,,17847756,22724128,21257396,17633016,,12445212,5502444,5483688,12711812,,14490964,9978996,10023752,14626356,,12,52,12,12,,2086412,4515024,4628036,1990064
15217,2,2778,915,0,1863,0,79224856,36323104,49302444,88,13221956,,17819528,22721928,21076488,17606912,,12453228,5489840,5650208,12729828,,14499424,9967164,10191176,14644680,,12,52,12,12,,2086860,4515780,4628944,1990372
15224,2,2779,915,0,1864,0,79190928,36354460,49336656,88,13224804,,17782032,22711408,21107960,17589528,,12481992,5518260,5611392,12742816,,14528532,9996752,10153496,14657876,,12,52,12,12,,2087196,4516956,4630080,1990572
15231,2,2780,915,0,1865,0,79174988,36390396,49375576,88,13227884,,17796748,22688456,21094080,17595704,,12468892,5528312,5623064,12770128,,14515792,10008264,10166068,14685452,,12,52,12,12,,2087560,4518428,4631060,1990836
15238,2,2781,915,0,1866,0,79296316,36263060,49250944,88,13230512,,17823332,22726564,21141640,17604780,,12450708,5488520,5572256,12751576,,14497916,9969752,10116100,14667176,,12,52,12,12,,2087864,4519712,4631820,1991116
15244,2,2782,915,0,1867,0,79322376,36256972,49247296,88,13232936,,17791164,22743016,21135648,17652548,,12489348,5470220,5609620,12687784,,14536804,9952124,10154728,14603640,,12,52,12,12,,2088112,4520364,4633088,1991372
15251,2,2783,915,0,1868,0,79243432,36336176,49329396,88,13235832,,17862728,22546360,21183384,17650960,,12411636,5676752,5548804,12698984,,14459484,10159732,10095028,14615152,,12,52,12,12,,2088508,4521440,4634200,1991684
15259,2,2784,915,0,1869,0,79215764,36356036,49351964,88,13238564,,17804804,22544388,21256204,17610368,,12485052,5682484,5458688,12729812,,14533248,10166268,10006188,14646260,,12,52,12,12,,2088852,4522244,4635504,1991964
15266,3,2785,915,0,1870,0,79235704,36318084,49316828,88,13241348,,17825940,22581292,21225860,17602612,,12457728,5616500,5508380,12735476,,14506400,10101628,10056628,14652172,,12,52,12,12,,2089332,4523588,4636224,1992204
15273,2,2786,915,0,1871,0,79287612,36254532,49255888,88,13243992,,17825656,22591388,21214384,17656184,,12445516,5607700,5502880,12698436,,14494528,10093772,10052216,14615372,,12,52,12,12,,2089680,4524544,4637316,1992452
15279,3,2787,915,0,1872,0,79177496,36330800,49334796,88,13246612,,17809152,22551224,21234976,17582144,,12449664,5652428,5477028,12751680,,14499068,10139396,10027408,14668924,,12,52,12,12,,2090068,4525428,4638352,1992764
15286,2,2788,915,0,1873,0,79172760,36362928,49369128,88,13248812,,17798292,22546236,21251172,17577060,,12471020,5669624,5457904,12764380,,14520808,10157272,10009156,14681892,,12,52,12,12,,2090456,4526104,4639224,1993028
15292,2,2789,915,0,1874,0,79347172,36199656,49212424,88,13255388,,17793880,22621736,21328092,17603464,,12474872,5591392,5397496,12735896,,14525100,10080504,9951240,14655580,,12,52,12,12,,2090884,4527564,4641724,1995216
15299,3,2790,913,0,1877,2,79214232,36308500,49331092,88,13265184,,17801076,22605976,21190148,17617032,,12471264,5606604,5519000,12711632,,14523920,10099028,10076364,14631780,,12,52,12,12,,2093312,4530876,4645320,1995676
15306,3,2791,913,0,1878,2,79252708,36268676,49293664,88,13267620,,17802480,22596476,21194120,17659632,,12473476,5612476,5511960,12670764,,14526516,10105628,10070252,14591268,,12,52,12,12,,2093680,4531632,4646268,1996040
15314,2,2792,913,0,1879,2,79185068,36335940,49364316,88,13270964,,17802504,22586304,21202236,17594024,,12467556,5609372,5517996,12741016,,14521076,10103660,10077804,14661776,,12,52,12,12,,2094160,4532760,4647760,1996284
15321,3,2793,913,0,1880,2,79280804,36261692,49292888,88,13273748,,17801240,22620216,21273832,17585516,,12469664,5592692,5445408,12753928,,14523572,10088040,10006336,14674940,,12,52,12,12,,2094540,4533796,4648888,1996524
15328,3,2794,913,0,1881,2,79487560,36057588,49086996,88,13274180,,17886440,22694212,21285980,17620928,,12389612,5523252,5422388,12722336,,14440272,10018856,9984188,14643680,,12,52,12,12,,2092628,4534944,4649760,1996848
15336,2,2795,913,1,1881,0,79374112,36163716,49197656,88,13277360,,17776612,22685624,21283148,17628728,,12498696,5529496,5433460,12702064,,14551524,10025880,9996508,14623744,,12,52,12,12,,2093232,4535936,4651004,1997188
15343,2,2796,914,1,1880,0,79350652,36207380,49245252,88,13279948,,17802248,22624708,21316216,17607480,,12471024,5613008,5397812,12725536,,14524324,10111900,9961544,14647484,,12,52,12,12,,2093680,4537116,4651704,1997448
15350,2,2797,915,0,1882,0,79297136,36072200,49300864,88,13471280,,17789612,22635076,21298032,17574416,,12503116,5508560,5290244,12770280,,14556748,10077668,9973932,14692516,,12,52,12,12,,2094024,4607896,4771632,1997728
15357,2,2798,915,0,1883,0,79400096,35844072,49178916,88,13576816,,17822048,22670556,21294640,17612852,,12455904,5385520,5259232,12743416,,14509800,10030280,9972780,14666056,,12,52,12,12,,2094412,4682800,4801504,1998100
15365,2,2799,915,0,1884,0,79001332,36259608,49597420,88,13579844,,17787628,22456460,21110952,17646292,,12489976,5624348,5451236,12694048,,14544248,10270164,10166100,14616908,,12,52,12,12,,2094800,4683884,4802824,1998336
15372,3,2800,915,0,1885,0,79120640,36091108,49431860,88,13582792,,17844164,22518384,21167408,17590684,,12424316,5543688,5386368,12736736,,14479036,10190528,10102424,14659872,,12,52,12,12,,2095252,4684912,4804012,1998616
15379,3,2801,915,0,1886,0,79245776,35998128,49341500,88,13585360,,17797540,22627424,21217668,17603144,,12469612,5462988,5331164,12734364,,14524740,10110528,10048472,14657760,,12,52,12,12,,2095640,4685608,4805264,1998848
15386,2,2802,915,0,1887,0,79273816,35943344,49289104,88,13587788,,17834880,22680584,21161884,17596468,,12441148,5384472,5376072,12741652,,14496548,10033236,10094036,14665284,,12,52,12,12,,2095912,4686852,4805952,1999072
15392,3,2803,915,0,1888,0,78853252,36351104,49699732,88,13590588,,17884200,22417032,20909556,17642464,,12390508,5643872,5630296,12686428,,14446248,10293628,10349548,14610308,,12,52,12,12,,2096248,4687812,4807208,1999320
15399,2,2804,915,0,1889,0,78696448,36524852,49875792,88,13593008,,17848400,22358184,20898320,17591544,,12421144,5693640,5659676,12750392,,14477200,10344280,10379776,14674536,,12,52,12,12,,2096584,4688756,4808084,1999584
15405,2,2805,915,0,1890,0,78818732,36419328,49772576,88,13595296,,17880056,22348148,20996784,17593744,,12408032,5725260,5552052,12733984,,14464428,10376584,10273196,14658368,,12,52,12,12,,2096920,4689464,4809100,1999812
15412,1,2806,915,0,1891,0,78852024,36358836,49714816,88,13598028,,17817872,22382140,21052992,17599020,,12432660,5681636,5502184,12742356,,14489408,10334252,10224220,14666936,,12,52,12,12,,2097280,4690744,4809996,2000008
15418,2,2807,915,0,1892,0,78989556,36239756,49598324,88,13600616,,17820408,22450604,21106572,17611972,,12462260,5610032,5442304,12725160,,14519296,10264032,10165096,14649900,,12,52,12,12,,2097568,4692136,4810736,2000176
15424,2,2808,915,0,1893,0,78645160,36568160,49929168,88,13603104,,17806368,22223484,20999536,17615772,,12462016,5846700,5542508,12716936,,14519364,10501328,10266508,14641968,,12,52,12,12,,2097924,4692756,4811956,2000468
15431,2,2809,915,0,1894,0,78703700,36528104,49891856,88,13605948,,17862080,22249408,20996768,17595444,,12409708,5810592,5562972,12744832,,14467464,10466088,10288176,14670128,,12,52,12,12,,2098300,4693708,4813196,2000744
15438,2,2810,915,0,1895,0,78723136,36492192,49858424,88,13608408,,17823944,22251288,21047556,17600348,,12451232,5803056,5492828,12745076,,14509392,10459560,10218864,14670608,,12,52,12,12,,2098744,4694700,4813992,2000972
15445,2,2811,915,0,1896,0,78786516,36414736,49783980,88,13611380,,17820092,22323644,21053804,17588976,,12457984,5728648,5479716,12748388,,14516556,10386444,10206812,14674168,,12,52,12,12,,2099124,4696000,4815044,2001212
15452,2,2812,915,0,1897,0,78842888,36341236,49713408,88,13614324,,17808432,22325140,21097536,17611780,,12451048,5718664,5451836,12719688,,14510016,10377504,10180144,14645744,,12,52,12,12,,2099524,4697040,4816264,2001496
15459,2,2813,915,0,1898,0,78843180,36335780,49710564,88,13616912,,17846792,22264404,21067944,17664040,,12424240,5774652,5471968,12664920,,14483632,10434460,10201276,14591196,,12,52,12,12,,2099932,4698004,4817264,2001712
15466,2,2814,915,0,1899,0,78842704,36342708,49719984,88,13619408,,17802784,22291636,21123784,17624500,,12460140,5780776,5415188,12686604,,14519908,10441604,10145332,14613140,,12,52,12,12,,2100300,4699024,4818104,2001980
15473,2,2815,915,0,1900,0,78984088,36208400,49588644,88,13622356,,17825692,22406148,21134500,17617748,,12440244,5631488,5408364,12728304,,14500480,10293508,10139560,14655096,,12,52,12,12,,2100752,4700220,4819152,2002232
15479,2,2816,915,0,1901,0,78916672,36277476,49660696,88,13625356,,17857568,22432548,20999984,17626572,,12410252,5622908,5526920,12717396,,14470796,10286252,10259160,14644488,,12,52,12,12,,2101064,4701536,4820232,2002524
15486,3,2817,915,0,1902,0,78910608,36283564,49669080,88,13627720,,17883584,22407084,20988712,17631228,,12384388,5635944,5554900,12708332,,14445312,10299920,10288156,14635692,,12,52,12,12,,2101500,4702204,4821216,2002800
15493,2,2818,915,0,1903,0,78834380,36336636,49724912,88,13630448,,17832720,22411876,20991272,17598512,,12429344,5656976,5543456,12706860,,14490656,10322056,10277788,14634412,,12,52,12,12,,2101876,4703280,4822284,2003008
15500,2,2819,915,0,1904,0,78921104,36231484,49622688,88,13633348,,17806564,22474504,21045116,17594920,,12454024,5583624,5478200,12715636,,14515744,10249544,10213904,14643496,,12,52,12,12,,2102256,4704120,4823668,2003304
15507,2,2820,915,0,1905,0,78966640,36255488,49649764,88,13636432,,17854460,22465320,21027804,17619056,,12413052,5604352,5526688,12711396,,14475268,10271576,10263300,14639620,,12,52,12,12,,2102748,4705436,4824580,2003668
15514,3,2821,915,0,1906,0,78847080,36299624,49697068,88,13639632,,17832632,22470952,20901932,17641564,,12430456,5572348,5624212,12672608,,14493068,10240708,10362168,14601124,,12,52,12,12,,2103176,4706588,4825912,2003956
15522,3,2822,915,0,1907,0,78935572,36230084,49629996,88,13642104,,17884396,22457932,20990116,17603128,,12382856,5580548,5550492,12716188,,14445888,10249996,10289180,14644932,,12,52,12,12,,2103608,4707668,4826644,2004184
15530,2,2823,915,0,1908,0,78925476,36239648,49642656,88,13645152,,17826276,22460056,21029036,17610108,,12426488,5587600,5508292,12717268,,14489920,10258216,10248192,14646328,,12,52,12,12,,2103980,4708808,4827872,2004492
15536,2,2824,915,0,1909,0,78981684,36170884,49576480,88,13647792,,17847592,22559260,20962508,17612324,,12406640,5479536,5562672,12722036,,14470488,10151380,10303252,14651360,,12,52,12,12,,2104404,4710068,4828540,2004780
15543,2,2825,915,0,1910,0,78884844,36247600,49656004,88,13650552,,17823292,22568888,20854852,17637812,,12415824,5470824,5669196,12691756,,14480016,10143740,10410904,14621344,,12,52,12,12,,2104752,4711112,4829660,2005028
15550,2,2826,915,0,1911,0,78890208,36285460,49696984,88,13653732,,17846308,22531412,20854916,17657572,,12420972,5514240,5674024,12676224,,14485584,10188052,10417192,14606156,,12,52,12,12,,2105164,4712012,4831192,2005364
15557,2,2827,915,0,1912,0,78826316,36330492,49744012,88,13655736,,17792228,22516612,20901488,17615988,,12465852,5520040,5636104,12708496,,14530832,10194460,10380140,14638580,,12,52,12,12,,2105536,4712688,4831988,2005524
15563,2,2828,915,0,1913,0,78869804,36295460,49711516,88,13658244,,17809204,22560224,20904440,17595936,,12453044,5465948,5627600,12748868,,14518384,10141332,10372612,14679188,,12,52,12,12,,2105880,4713644,4832964,2005756
15569,3,2829,915,0,1914,0,78928088,36244428,49663376,88,13661192,,17866716,22572024,20862676,17626672,,12396664,5473020,5656020,12718724,,14462424,10149828,10401784,14649340,,12,52,12,12,,2106304,4715076,4833756,2006056
15576,2,2830,915,0,1915,0,78760416,36395864,49817424,88,13663784,,17799816,22456980,20841412,17662208,,12458424,5576052,5682244,12679144,,14524572,10253488,10429336,14610028,,12,52,12,12,,2106704,4715712,4835048,2006320
15583,2,2831,915,0,1916,0,78753716,36409752,49833464,88,13665936,,17846892,22421656,20884204,17600964,,12415676,5607760,5644516,12741800,,14482164,10286180,10392212,14672908,,12,52,12,12,,2107048,4716688,4835656,2006544
15590,2,2832,915,0,1917,0,78864968,36279664,49706496,88,13669028,,17804372,22460336,20998984,17601276,,12451216,5578896,5515696,12733856,,14518144,10258524,10264600,14665228,,12,52,12,12,,2107468,4717888,4836864,2006808
15597,2,2833,915,0,1918,0,78949204,36216688,49646076,88,13671648,,17840212,22518616,20983240,17607136,,12433136,5516472,5542680,12724400,,14500404,10197288,10292376,14656008,,12,52,12,12,,2107812,4719136,4837656,2007044
15603,2,2834,915,0,1919,0,78720116,36396724,49829040,88,13674576,,17797576,22311484,21008588,17602468,,12439916,5721456,5508656,12726696,,14507532,10403328,10259552,14658628,,12,52,12,12,,2108160,4720192,4838848,2007376
15610,2,2835,915,0,1920,0,78802560,36389612,49824988,88,13677608,,17853108,22303488,20988312,17657652,,12419580,5729728,5545836,12694468,,14487636,10412568,10298128,14626656,,12,52,12,12,,2108596,4721092,4840300,2007620
15617,2,2836,915,0,1921,0,78777492,36332396,49770276,88,13680080,,17794488,22312840,21077176,17592988,,12450484,5713940,5443240,12724732,,14518892,10397796,10196484,14657104,,12,52,12,12,,2108940,4722124,4841204,2007812
15624,2,2837,915,0,1922,0,78875056,36217640,49658408,88,13682976,,17824996,22401524,21048884,17599652,,12429688,5623776,5442184,12721992,,14498488,10308804,10196500,14654616,,12,52,12,12,,2109348,4723292,4842272,2008064
15631,2,2838,915,0,1923,0,78735788,36368976,49812548,88,13685764,,17877624,22223744,21017744,17616676,,12379064,5782584,5492044,12715284,,14448096,10468708,10247536,14648208,,12,52,12,12,,2109560,4724380,4843460,2008364
15638,2,2839,915,0,1924,0,78653044,36469856,49916008,88,13688348,,17828708,22184972,21001220,17638144,,12430004,5835800,5505428,12698624,,14499436,10523000,10261764,14631808,,12,52,12,12,,2109968,4725464,4844296,2008620
15645,2,2840,915,0,1925,0,78688856,36422648,49871284,88,13690828,,17818228,22212904,21047148,17610576,,12434004,5814816,5464752,12709076,,14503852,10502728,10222224,14642480,,12,52,12,12,,2110380,4726176,4845428,2008844
15652,2,2841,915,0,1926,0,78720828,36407440,49858980,88,13693744,,17791936,22238224,21073668,17617000,,12468096,5806244,5430056,12703044,,14538248,10495616,10188476,14636640,,12,52,12,12,,2110696,4727632,4846384,2009032
15658,2,2842,915,0,1927,0,78782632,36339436,49793364,88,13696124,,17858400,22227068,21078448,17618716,,12403204,5802500,5426424,12707308,,14473728,10492800,10185596,14641240,,12,52,12,12,,2111056,4728552,4847148,2009368
15665,2,2843,915,0,1928,0,78786360,36342292,49799188,88,13699096,,17807492,22270660,21032500,17675708,,12438540,5771268,5473892,12658592,,14509484,10462664,10234312,14592728,,12,52,12,12,,2111476,4729660,4848368,2009592
15672,2,2844,915,0,1929,0,78694892,36427740,49887140,88,13701592,,17853676,22189204,21030892,17621120,,12401040,5838832,5489280,12698588,,14472308,10531016,10250800,14633016,,12,52,12,12,,2111804,4730448,4849476,2009864
15678,2,2845,915,0,1930,0,78642720,36450376,49912316,88,13704124,,17807952,22200184,21033436,17601148,,12440440,5828200,5474260,12707476,,14512112,10521404,10236680,14642120,,12,52,12,12,,2112208,4731460,4850372,2010084
15685,2,2846,915,0,1931,0,78768032,36313680,49778656,88,13707176,,17828040,22292692,21045212,17602088,,12423256,5729364,5445284,12715776,,14495304,10423884,10208788,14650680,,12,52,12,12,,2112580,4732800,4851456,2010340
15692,3,2847,915,0,1932,0,78904308,36225400,49693476,88,13710308,,17824800,22401440,21052620,17625448,,12419980,5629472,5463584,12712364,,14492408,10325160,10228328,14647580,,12,52,12,12,,2112980,4733956,4852712,2010660
15700,2,2848,915,0,1933,0,78878096,36236928,49707752,88,13713040,,17848424,22376912,21049788,17602972,,12408268,5647840,5451448,12729372,,14481216,10344332,10217336,14664868,,12,52,12,12,,2113480,4734780,4853848,2010932
15707,2,2849,915,0,1934,0,78858072,36220608,49694396,88,13716048,,17812652,22358120,21103264,17584036,,12434256,5660888,5391696,12733768,,14507592,10358792,10158420,14669592,,12,52,12,12,,2113888,4736224,4854676,2011260
15714,3,2850,915,0,1935,0,78884728,36229616,49706744,88,13719372,,17815292,22386036,21065796,17617604,,12445432,5638124,5422744,12723316,,14519256,10337388,10190672,14659428,,12,52,12,12,,2114336,4737608,4855888,2011540
15723,2,2851,915,0,1936,0,78934864,36174708,49654828,88,13722352,,17825648,22426368,21022556,17660292,,12429608,5605292,5465412,12674396,,14503852,10305652,10234556,14610768,,12,52,12,12,,2114764,4738684,4857092,2011812
15730,3,2852,915,0,1937,0,78947168,36146484,49629844,88,13725580,,17801148,22478372,21060708,17606940,,12449804,5553816,5433848,12709016,,14524412,10255124,10204596,14645712,,12,52,12,12,,2115128,4739628,4858700,2012124
15737,3,2853,915,0,1938,0,78960292,36140124,49625724,88,13727868,,17788884,22448692,21107484,17615232,,12460076,5574676,5394276,12711096,,14535080,10276692,10165884,14648068,,12,52,12,12,,2115516,4740372,4859568,2012412
15744,2,2854,915,0,1939,0,79024492,36070880,49559624,88,13730956,,17820476,22507368,21097040,17599608,,12439940,5516652,5388236,12726052,,14515292,10220116,10160916,14663300,,12,52,12,12,,2115848,4741792,4860628,2012688
15751,3,2855,915,0,1940,0,79003764,36080872,49572840,88,13734200,,17806560,22505252,21067432,17624520,,12444928,5496636,5428676,12710632,,14520716,10201252,10202652,14648220,,12,52,12,12,,2116300,4742944,4861928,2013028
15759,2,2856,915,0,1941,0,79013192,36101648,49596052,88,13736680,,17829584,22491340,21055780,17636488,,12429848,5530936,5452616,12688248,,14505996,10236492,10227492,14626072,,12,52,12,12,,2116648,4743880,4862884,2013268
15766,2,2857,915,0,1942,0,79004424,36075888,49572760,88,13739100,,17820864,22486900,21095452,17601208,,12434268,5523244,5400704,12717672,,14510888,10229508,10176628,14655736,,12,52,12,12,,2117120,4744596,4863888,2013496
15772,2,2858,915,0,1943,0,78868748,36225164,49724548,88,13741604,,17801744,22340016,21119968,17607020,,12449732,5667408,5374656,12733368,,14526628,10374660,10151540,14671720,,12,52,12,12,,2117396,4745592,4864828,2013788
15778,2,2859,915,0,1944,0,78945676,36158204,49660796,88,13744820,,17841364,22400424,21084928,17618960,,12412040,5611456,5411284,12723424,,14489352,10320452,10188952,14662040,,12,52,12,12,,2117812,4747328,4865632,2014048
15784,3,2860,915,0,1945,0,78918712,36149552,49654856,88,13747520,,17816648,22376432,21094716,17630916,,12407492,5646572,5396832,12698656,,14485204,10356288,10175828,14637536,,12,52,12,12,,2118220,4748032,4866944,2014324
15792,2,2861,915,0,1946,0,78854880,36220524,49728640,88,13750296,,17790472,22359052,21104672,17600684,,12445728,5659504,5393816,12721476,,14523820,10370288,10173920,14660612,,12,52,12,12,,2118592,4749112,4868028,2014564
15799,2,2862,915,0,1947,0,78907244,36166568,49677252,88,13752928,,17814248,22354144,21154356,17584496,,12432780,5646516,5340552,12746720,,14511244,10358088,10121792,14686128,,12,52,12,12,,2118968,4749904,4869220,2014836
15806,2,2863,915,0,1948,0,78984772,36109136,49622608,88,13755964,,17832804,22379640,21159840,17612488,,12417208,5641396,5327672,12722860,,14496076,10354224,10109700,14662608,,12,52,12,12,,2119360,4751160,4870264,2015180
15813,3,2864,915,0,1949,0,79009376,36027040,49543684,88,13758852,,17794844,22398564,21161364,17654604,,12416952,5621672,5310520,12677896,,14496188,10335580,10094004,14617912,,12,52,12,12,,2119752,4752240,4871424,2015436
15820,2,2865,915,0,1950,0,78958248,36088596,49607576,88,13761188,,17820472,22325228,21182560,17629988,,12426668,5664636,5306028,12691264,,14506356,10379400,10090312,14631508,,12,52,12,12,,2120172,4753088,4872252,2015676
15827,2,2866,915,0,1951,0,78911908,36159928,49681744,88,13764012,,17792980,22331120,21185308,17602500,,12454784,5685640,5315908,12703596,,14534852,10401872,10100996,14644024,,12,52,12,12,,2120552,4754564,4873032,2015864
15834,2,2867,915,0,1952,0,79059060,35986472,49511232,88,13766956,,17823080,22443716,21202632,17589632,,12430024,5557728,5280212,12718508,,14510484,10275116,10066412,14659220,,12,52,12,12,,2120944,4755712,4874148,2016152
15841,2,2868,915,0,1953,0,79116596,35943392,49471164,88,13769956,,17793308,22488708,21213480,17621100,,12444404,5527104,5275628,12696256,,14525252,10245568,10063076,14637268,,12,52,12,12,,2121332,4756784,4875396,2016444
15849,2,2869,915,0,1954,0,78821032,36227428,49758016,88,13772776,,17846684,22435912,20905660,17632776,,12395868,5560236,5576900,12694424,,14477184,10279748,10365416,14635668,,12,52,12,12,,2121800,4757828,4876472,2016676
15856,2,2870,915,0,1955,0,78848868,36163168,49696372,88,13775416,,17821772,22419880,21014436,17592780,,12415020,5564108,5461604,12722436,,14496648,10284348,10251504,14663872,,12,52,12,12,,2122132,4758568,4877848,2016868
15863,2,2871,915,0,1956,0,78892248,36130588,49666524,88,13778156,,17791580,22464696,21039496,17596476,,12444876,5530576,5433472,12721664,,14526956,10251808,10224404,14663356,,12,52,12,12,,2122564,4759576,4878896,2017120
15869,3,2872,915,0,1957,0,78945784,36109868,49648916,88,13781224,,17795068,22493532,21036616,17620568,,12448788,5511600,5447876,12701604,,14531244,10234236,10239904,14643532,,12,52,12,12,,2122944,4760956,4879968,2017356
15876,3,2873,915,0,1958,0,78782908,36268724,49809888,88,13783364,,17802616,22497480,20874232,17608580,,12445648,5500364,5617996,12704716,,14528492,10223620,10410960,14646816,,12,52,12,12,,2123324,4761596,4880916,2017528
15882,3,2874,915,0,1959,0,78781404,36266160,49809636,88,13785724,,17837164,22461392,20881512,17601336,,12402792,5543540,5611540,12708288,,14485960,10267848,10405192,14650636,,12,52,12,12,,2123672,4762652,4881616,2017784
15890,2,2875,915,0,1960,0,78846776,36208260,49755212,88,13789144,,17809096,22508996,20935104,17593580,,12442780,5497132,5544016,12724332,,14526464,10222728,10339044,14666976,,12,52,12,12,,2124156,4763916,4882988,2018084
15897,2,2876,915,0,1961,0,78915288,36133712,49682984,88,13791536,,17808632,22594716,20897160,17614780,,12449392,5401600,5577368,12705352,,14533392,10128468,10372876,14648248,,12,52,12,12,,2124468,4765244,4883500,2018324
15903,3,2877,915,0,1962,0,78880948,36139220,49691404,88,13794372,,17794184,22550768,20881792,17654204,,12425960,5452252,5600720,12660288,,14510356,10180244,10397452,14603352,,12,52,12,12,,2124880,4766320,4884684,2018488
15910,2,2878,915,0,1963,0,78891712,36136524,49691636,88,13797276,,17853776,22515044,20874204,17648688,,12388536,5485004,5587456,12675528,,14473204,10213860,10385736,14618836,,12,52,12,12,,2125136,4767176,4886224,2018740
15917,3,2879,915,0,1964,0,79028044,35979816,49537592,88,13799960,,17806212,22524236,21079960,17617636,,12410336,5477072,5392572,12699836,,14495508,10206964,10191696,14643424,,12,52,12,12,,2125644,4768216,4887076,2019024
15925,2,2880,915,0,1965,0,79009100,35966964,49527408,88,13802608,,17804568,22570120,21044004,17590408,,12426164,5420344,5410808,12709648,,14511608,10151360,10210964,14653476,,12,52,12,12,,2125912,4769340,4888100,2019256
15931,3,2881,915,0,1966,0,79105352,35867344,49431008,88,13805852,,17830508,22589400,21070600,17614844,,12388760,5398980,5384116,12695488,,14474656,10131156,10185596,14639600,,12,52,12,12,,2126380,4770500,4889424,2019548
15939,2,2882,915,0,1967,0,78969324,36057608,49624052,88,13808608,,17847708,22481976,21052540,17587100,,12397748,5519284,5425200,12715376,,14484120,10252440,10227716,14659776,,12,52,12,12,,2126840,4771472,4890464,2019832
15946,2,2883,915,0,1968,0,78954396,36029996,49599156,88,13811376,,17801080,22435744,21126704,17590868,,12424856,5544484,5341492,12719164,,14511636,10278764,10144868,14663888,,12,52,12,12,,2127264,4772640,4891320,2020152
15953,3,2884,915,0,1969,0,79017460,35993856,49566080,88,13814424,,17831828,22452628,21131604,17601400,,12406056,5537316,5328156,12722328,,14493176,10273088,10132552,14667264,,12,52,12,12,,2127588,4774096,4892352,2020388
15960,3,2885,915,0,1970,0,79104092,35872284,49447368,88,13817240,,17853548,22475820,21146160,17628564,,12361208,5509576,5321176,12680324,,14448692,10246404,10126672,14625600,,12,52,12,12,,2127944,4775152,4893436,2020708
15967,2,2886,915,0,1971,0,78831196,36166512,49743696,88,13819376,,17836568,22480232,20863752,17650644,,12401652,5509460,5595800,12659600,,14489520,10246852,10402184,14605140,,12,52,12,12,,2128320,4775732,4894348,2020976
15974,2,2887,915,0,1972,0,78779000,36218228,49798564,88,13822512,,17867940,22406132,20911652,17593276,,12369148,5581972,5553836,12713272,,14457380,10320328,10361736,14659120,,12,52,12,12,,2128704,4776680,4895840,2021288
15981,2,2888,915,0,1973,0,78830524,36179224,49761872,88,13824816,,17823404,22432888,20973032,17601200,,12395320,5557800,5507796,12718308,,14483964,10296880,10316608,14664420,,12,52,12,12,,2129092,4777404,4896760,2021560
15988,2,2889,915,0,1974,0,78908300,36098700,49684492,88,13827972,,17816056,22508680,20969684,17613880,,12420084,5479544,5487664,12711408,,14509132,10220208,10297372,14657780,,12,52,12,12,,2129484,4778992,4897692,2021804
15994,2,2890,915,0,1975,0,78911084,36066120,49654292,88,13830332,,17808392,22530584,20961536,17610572,,12415932,5458444,5494048,12697696,,14505320,10199748,10304904,14644320,,12,52,12,12,,2129824,4779648,4898800,2022060
16000,2,2891,915,0,1976,0,78891684,36095492,49686016,88,13832684,,17842464,22439240,20953108,17656872,,12403388,5518384,5511680,12662040,,14493140,10260640,10323332,14608904,,12,52,12,12,,2130192,4780580,4899608,2022304
16007,1,2892,915,0,1977,0,78771352,36186816,49779756,88,13835104,,17818648,22354148,21001616,17596940,,12408036,5628032,5438916,12711832,,14498088,10371360,10251376,14658932,,12,52,12,12,,2130476,4781692,4900404,2022532
16013,2,2893,915,0,1978,0,78739864,36243448,49839228,88,13837900,,17790612,22359720,20995692,17593840,,12429324,5616036,5463372,12734716,,14519892,10360404,10276824,14682108,,12,52,12,12,,2130988,4782696,4901384,2022832
16020,2,2894,915,0,1979,0,78794592,36161648,49760640,88,13841120,,17806916,22400256,20968584,17618836,,12405716,5579936,5482420,12693576,,14496628,10325712,10297092,14641208,,12,52,12,12,,2131332,4784096,4902628,2023064
16027,2,2895,915,0,1980,0,78746052,36257664,49858940,88,13843380,,17825432,22312708,20983464,17624448,,12423200,5669012,5479520,12685932,,14514516,10415544,10295068,14633812,,12,52,12,12,,2131728,4784872,4903472,2023308
16034,3,2896,915,0,1980,0,78818400,36161092,49765660,88,13846716,,17857440,22342336,21026272,17592352,,12377652,5624984,5429820,12728636,,14469372,10372640,10246848,14676800,,12,52,12,12,,2132148,4785992,4904984,2023592
16041,2,2897,915,0,1982,0,78859640,36130308,49737480,88,13849284,,17801556,22396068,21068268,17593748,,12428240,5594684,5376120,12731264,,14520372,10343388,10194048,14679672,,12,52,12,12,,2132556,4787028,4905864,2023836
16047,3,2898,915,0,1983,0,78897560,36076564,49686452,88,13852008,,17828732,22367608,21092616,17608604,,12393004,5604860,5353304,12725396,,14485520,10354792,10172128,14674012,,12,52,12,12,,2132936,4788256,4906780,2024036
16054,3,2899,915,0,1984,0,78846256,36087120,49699776,88,13854764,,17808968,22371084,21017652,17648552,,12403672,5598640,5426460,12658348,,14496540,10349392,10246576,14607268,,12,52,12,12,,2133288,4789072,4908056,2024348
16061,2,2900,915,0,1985,0,78768892,36211612,49826484,88,13857000,,17845364,22333928,20942728,17646872,,12394412,5639580,5513940,12663680,,14487708,10391224,10334704,14612848,,12,52,12,12,,2133716,4789968,4908704,2024612
16068,3,2901,915,0,1986,0,78721872,36253584,49871236,88,13859768,,17785612,22356592,20970076,17609592,,12445312,5630332,5475592,12702348,,14538992,10383336,10297164,14651744,,12,52,12,12,,2134116,4791320,4909520,2024812
16074,3,2902,915,0,1987,0,78834168,36137648,49758140,88,13862620,,17816520,22460180,20964124,17593344,,12420860,5508144,5495456,12713188,,14514944,10262268,10318076,14662852,,12,52,12,12,,2134512,4792452,4910568,2025088
16081,2,2903,915,0,1988,0,78876436,36104764,49728128,88,13865492,,17862244,22449608,20936452,17628132,,12384592,5534184,5502132,12683856,,14478988,10289332,10325972,14633836,,12,52,12,12,,2134824,4793472,4911784,2025412
16088,2,2904,915,0,1989,0,78830004,36110136,49736024,88,13868032,,17817088,22424784,20946280,17641852,,12404144,5548532,5494380,12663080,,14498916,10304664,10319084,14613360,,12,52,12,12,,2135208,4794468,4912644,2025712
16095,3,2905,915,0,1990,0,78768260,36208884,49837872,88,13871136,,17801868,22416796,20962528,17587068,,12445040,5554812,5473104,12735928,,14540276,10311708,10299368,14686520,,12,52,12,12,,2135676,4795224,4914212,2026024
16103,3,2906,915,0,1991,0,78863320,36104608,49736312,88,13873864,,17824800,22466980,20980728,17590812,,12417100,5497136,5470592,12719780,,14512708,10255124,10297844,14670636,,12,52,12,12,,2136048,4796316,4915204,2026296
16110,3,2907,915,0,1992,0,78901068,36039092,49674464,88,13877516,,17850860,22476548,20941036,17632624,,12367216,5494212,5496644,12681020,,14463240,10253784,10325280,14632160,,12,52,12,12,,2136472,4797900,4916572,2026572
16118,3,2908,915,0,1993,0,78894516,36062656,49700820,88,13880300,,17800372,22490760,20960956,17642428,,12427572,5467552,5495152,12672380,,14524080,10228136,10324740,14623864,,12,52,12,12,,2136944,4798908,4917532,2026916
16126,2,2909,915,0,1994,0,78785728,36152052,49792808,88,13882888,,17800508,22426940,20963992,17594288,,12417088,5526948,5496640,12711376,,14513944,10288520,10327232,14663112,,12,52,12,12,,2137292,4799896,4918528,2027172
16132,2,2910,915,0,1995,0,78873876,36068828,49712548,88,13885872,,17819716,22467776,20993664,17592720,,12414892,5495884,5432100,12725952,,14512068,10258720,10263760,14678000,,12,52,12,12,,2137632,4801164,4919608,2027468
16140,3,2911,915,0,1996,0,79082208,35874320,49521580,88,13889416,,17881868,22506528,21071252,17622560,,12351312,5460436,5375596,12686976,,14448936,10224740,10208544,14639360,,12,52,12,12,,2138064,4802632,4920892,2027828
16148,3,2912,915,0,1997,0,79032116,35925232,49575164,88,13892068,,17841064,22509500,21055672,17625880,,12388388,5458524,5369412,12708908,,14486404,10223868,10203320,14661572,,12,52,12,12,,2138452,4803668,4921860,2028088
16156,2,2913,915,0,1998,0,79091560,35855152,49507820,88,13894800,,17876096,22453352,21157592,17604520,,12352516,5515764,5274476,12712396,,14450900,10281804,10109820,14665296,,12,52,12,12,,2138824,4804368,4923280,2028328
16162,3,2914,915,0,1999,0,79103952,35839524,49495000,88,13897588,,17824812,22466048,21212996,17600096,,12407808,5486992,5235364,12709360,,14506604,10254140,10071712,14662544,,12,52,12,12,,2139232,4805472,4924284,2028600
16169,3,2915,915,0,2000,0,79181156,35754696,49413256,88,13900684,,17881256,22486668,21176148,17637084,,12366688,5461924,5251644,12674440,,14465816,10230388,10089196,14627856,,12,52,12,12,,2139560,4806784,4925500,2028840
16176,2,2916,915,0,2001,0,78842004,36062500,49723036,88,13902688,,17808028,22438476,20934340,17661160,,12406392,5512932,5500300,12642876,,14505864,10282068,10338640,14596464,,12,52,12,12,,2139912,4807460,4926280,2029036
16182,3,2917,915,0,2002,0,78794428,36124004,49786848,88,13904952,,17871864,22352032,20973492,17597040,,12369312,5610320,5466228,12678144,,14469192,10380396,10305240,14632020,,12,52,12,12,,2140308,4808400,4926944,2029300
16189,2,2918,915,0,2003,0,78781892,36148404,49814376,88,13908116,,17801848,22362824,21013088,17604132,,12412948,5595472,5425928,12714056,,14513216,10366808,10266152,14668200,,12,52,12,12,,2140724,4809656,4928160,2029576
16196,2,2919,915,0,2004,0,78805676,36098184,49766920,88,13910856,,17832396,22363024,20995348,17614908,,12402760,5582880,5415876,12696668,,14503492,10355480,10256852,14651096,,12,52,12,12,,2141156,4810928,4928912,2029860
16203,2,2920,914,0,2006,1,78933268,35971180,49642540,88,13913500,,17797192,22446188,21026708,17663180,,12433748,5505324,5381672,12650436,,14534732,10278964,10223804,14605040,,12,52,12,12,,2141420,4811984,4930072,2030024
16209,3,2921,914,0,2007,1,78895932,36008292,49682196,88,13916040,,17825920,22381960,21066988,17621064,,12403056,5562076,5366684,12676476,,14504452,10336616,10209816,14631312,,12,52,12,12,,2141828,4812860,4931088,2030264
16216,2,2922,914,0,2008,1,78886904,35983112,49659700,88,13918712,,17799444,22385856,21100592,17601012,,12413440,5560536,5317244,12691892,,14515268,10335796,10161680,14646956,,12,52,12,12,,2142280,4813572,4932368,2030492
16223,2,2923,914,0,2009,1,78954368,35932032,49611400,88,13921476,,17819340,22425964,21117296,17591768,,12404308,5522540,5304280,12700904,,14506584,10298840,10149748,14656228,,12,52,12,12,,2142716,4814616,4933400,2030744
16229,3,2924,914,0,2010,1,79031828,35895272,49576872,88,13924720,,17882516,22430268,21082004,17637040,,12349580,5526444,5343196,12676052,,14452172,10303084,10189900,14631716,,12,52,12,12,,2143028,4815984,4934644,2031064
16237,2,2925,914,1,2010,0,78998732,35907272,49592584,88,13927316,,17825864,22386468,21109464,17676936,,12405068,5556340,5313380,12632484,,14508092,10335168,10161008,14588316,,12,52,12,12,,2143460,4817044,4935568,2031244
16244,2,2926,915,0,2011,0,78814856,36049740,49737780,88,13929988,,17859044,22404752,20929348,17621712,,12363124,5526592,5486760,12673264,,14466544,10306416,10335444,14629376,,12,52,12,12,,2143856,4818012,4936612,2031508
16251,2,2927,915,0,2012,0,78781220,36071856,49762712,88,13932832,,17805536,22424956,20950928,17599800,,12405920,5502844,5459464,12703628,,14509720,10283892,10309096,14660004,,12,52,12,12,,2144240,4819240,4937576,2031776
16257,2,2928,915,0,2013,0,78945552,35958812,49652624,88,13935764,,17848440,22480880,20993396,17622836,,12378952,5458128,5437104,12684628,,14483140,10240500,10287688,14641296,,12,52,12,12,,2144612,4820548,4938532,2032072
16264,3,2929,915,0,2014,0,78941572,35903528,49600192,88,13938528,,17819024,22460540,21032276,17629732,,12396388,5470820,5371736,12664584,,14500940,10254144,10223604,14621504,,12,52,12,12,,2144988,4821396,4939816,2032328
16271,3,2930,915,0,2015,0,78790064,36072668,49772168,88,13941348,,17803436,22455128,20897408,17634092,,12401108,5481096,5524320,12666144,,14506084,10265428,10377348,14623308,,12,52,12,12,,2145416,4822412,4940964,2032556
16278,2,2931,915,0,2016,0,78861056,36021640,49723480,88,13943716,,17798420,22494940,20974212,17593484,,12411080,5449872,5429384,12731304,,14516356,10235028,10283292,14688804,,12,52,12,12,,2145716,4823220,4941868,2032912
16286,2,2932,915,0,2017,0,78964056,35914596,49619612,88,13946884,,17829864,22519776,21007384,17607032,,12383268,5420256,5405080,12705992,,14489028,10206704,10260100,14663780,,12,52,12,12,,2146192,4824536,4942968,2033188
16293,2,2933,915,0,2018,0,78849580,36009724,49717604,88,13949720,,17790604,22513152,20932920,17612904,,12407020,5427800,5479332,12695572,,14513184,10215268,10335544,14653608,,12,52,12,12,,2146604,4825528,4944148,2033440
16300,3,2934,915,0,2019,0,78772872,36085444,49798108,88,13954536,,17862548,22517220,20782064,17611040,,12357100,5425484,5620412,12682448,,14465696,10213984,10477676,14640752,,12,52,12,12,,2149032,4826560,4945228,2033716
16307,2,2935,915,0,2020,0,78790232,36079504,49794700,88,13957044,,17810284,22516420,20848752,17614776,,12423788,5420860,5556064,12678792,,14532712,10210388,10414200,14637400,,12,52,12,12,,2149364,4827604,4946068,2034008
16313,2,2936,915,0,2021,0,78762840,36129260,49847572,88,13960184,,17823984,22463000,20882688,17593168,,12404088,5482620,5539004,12703548,,14513444,10273520,10398236,14662372,,12,52,12,12,,2149800,4828968,4947188,2034228
16320,3,2937,915,0,2022,0,78812464,36056764,49778252,88,13963396,,17884384,22469696,20832760,17625624,,12334132,5470536,5579200,12672896,,14443952,10262636,10439656,14632008,,12,52,12,12,,2150264,4830244,4948376,2034512
16328,2,2938,915,0,2023,0,78718088,36137452,49861408,88,13965900,,17813712,22428660,20848860,17626856,,12394320,5501772,5564220,12677140,,14504540,10294880,10425452,14636536,,12,52,12,12,,2150660,4831236,4949208,2034796
16335,2,2939,915,0,2024,0,78758712,36087024,49813988,88,13968844,,17816332,22418088,20880916,17643376,,12385652,5529880,5525504,12645988,,14496216,10323652,10388436,14605684,,12,52,12,12,,2151004,4831928,4950872,2035040
16342,2,2940,915,0,2025,0,78733176,36137796,49867364,88,13971412,,17799896,22438180,20886096,17609004,,12409752,5499020,5534464,12694560,,14520716,10293768,10398332,14654548,,12,52,12,12,,2151384,4832936,4951804,2035288
16348,2,2941,915,0,2026,0,78720052,36145964,49878312,88,13974220,,17847184,22445108,20809412,17618348,,12371200,5495864,5582072,12696828,,14482520,10291928,10446820,14657044,,12,52,12,12,,2151752,4834244,4952688,2035536
16355,2,2942,915,0,2027,0,78714192,36099792,49836676,88,13978684,,17805024,22481292,20811864,17616012,,12409760,5435944,5584996,12669092,,14521444,10232740,10450904,14631588,,12,52,12,12,,2152112,4834932,4953848,2037792
16361,3,2943,915,0,2028,0,78726116,36115476,49854684,88,13981024,,17846412,22429844,20824092,17625768,,12370364,5485364,5590328,12669420,,14482368,10283124,10456956,14632236,,12,52,12,12,,2152436,4835916,4954564,2038108
16369,2,2944,915,0,2029,0,78770952,36086768,49829276,88,13984296,,17818092,22441680,20907240,17603940,,12400412,5499640,5488616,12698100,,14512828,10298676,10356592,14661180,,12,52,12,12,,2152852,4837168,4955924,2038352
16376,2,2945,915,0,2030,0,78992456,35857556,49602668,88,13986900,,17838920,22590320,20954652,17608564,,12381324,5332140,5451380,12692712,,14494048,10132516,10319996,14656108,,12,52,12,12,,2153152,4838508,4956556,2038684
16384,3,2946,915,0,2031,0,79005468,35823204,49572124,88,13990724,,17833968,22563228,20974776,17633496,,12376204,5376092,5409116,12661792,,14489472,10177688,10279444,14625520,,12,52,12,12,,2153716,4839732,4958260,2039016
16393,2,2947,915,0,2032,0,79038344,35805872,49558156,88,13994096,,17869732,22535344,21005780,17627488,,12352368,5369400,5409808,12674296,,14466128,10172012,10281732,14638284,,12,52,12,12,,2154196,4840740,4959896,2039264
16400,3,2948,915,0,2033,0,78988132,35821048,49575796,88,13996504,,17808068,22555640,21027404,17597020,,12396484,5363904,5350764,12709896,,14510624,10167376,10223648,14674148,,12,52,12,12,,2154568,4841588,4960816,2039532
16407,2,2949,915,0,2034,0,79127992,35744460,49502052,88,13999380,,17831204,22610368,21065892,17620528,,12389348,5327576,5337540,12689996,,14503832,10132400,10211268,14654552,,12,52,12,12,,2154916,4842944,4961700,2039820
16414,2,2950,915,0,2035,0,79218360,35599720,49360424,88,14002456,,17809828,22651460,21091632,17665440,,12386764,5275080,5304104,12633772,,14501644,10081056,10179168,14598556,,12,52,12,12,,2155320,4844092,4962996,2040048
16421,2,2951,915,0,2036,0,79221264,35586144,49349136,88,14004744,,17881640,22586164,21094188,17659272,,12341976,5312924,5295052,12636192,,14457288,10119880,10170756,14601212,,12,52,12,12,,2155748,4845076,4963640,2040280
16428,2,2952,915,0,2037,0,79147420,35645416,49411336,88,14007676,,17809940,22594036,21147504,17595940,,12388576,5313984,5240964,12701892,,14504324,10122268,10117552,14667192,,12,52,12,12,,2156176,4846404,4964532,2040564
16435,3,2953,915,0,2038,0,79152268,35621316,49390148,88,14010588,,17828188,22642152,21075672,17606256,,12383988,5251408,5293576,12692344,,14500108,10060920,10171216,14657904,,12,52,12,12,,2156544,4847612,4965604,2040828
16442,2,2954,915,0,2039,0,79220560,35581004,49352752,88,14013496,,17857484,22647672,21085176,17630228,,12355024,5260732,5300960,12664288,,14471592,10071248,10179832,14630080,,12,52,12,12,,2157008,4848636,4966804,2041048
16448,2,2955,915,0,2040,0,79209128,35603712,49377832,88,14015868,,17840332,22657576,21093784,17617436,,12364456,5270992,5289508,12678756,,14481356,10082460,10169164,14644852,,12,52,12,12,,2157328,4849584,4967584,2041372
16455,2,2956,915,0,2041,0,79226816,35603220,49380120,88,14018652,,17902236,22566556,21145960,17612064,,12316532,5352324,5248724,12685640,,14433712,10164504,10129916,14651988,,12,52,12,12,,2157628,4850296,4969120,2041608
16461,3,2957,915,0,2042,0,78951780,35876244,49655832,88,14021360,,17834012,22577024,20936796,17603948,,12369644,5343832,5461688,12701080,,14487284,10157024,10343872,14667652,,12,52,12,12,,2158072,4851336,4970124,2041828
16468,3,2958,915,0,2043,0,78930960,35882636,49665272,88,14024384,,17823260,22582680,20899584,17625436,,12386672,5328408,5488060,12679496,,14504728,10143000,10371196,14646348,,12,52,12,12,,2158480,4852728,4971060,2042116
16476,2,2959,915,0,2044,0,78986080,35820828,49606124,88,14027052,,17835892,22628924,20904496,17616768,,12387932,5274148,5475344,12683404,,14506404,10089472,10359700,14650548,,12,52,12,12,,2158904,4853448,4972296,2042404
16483,2,2960,915,0,2045,0,78852656,35950552,49738096,88,14029296,,17826324,22451344,20923692,17651296,,12377036,5444684,5480188,12648644,,14495824,10261036,10365224,14616012,,12,52,12,12,,2159220,4854488,4972964,2042624
16490,2,2961,915,0,2046,0,78794708,35970848,49761888,88,14032776,,17820504,22462312,20909376,17602516,,12383796,5448612,5453796,12684644,,14503140,10266188,10340208,14652352,,12,52,12,12,,2159776,4855724,4974336,2042940
16497,2,2962,915,0,2047,0,78839028,35962060,49755492,88,14035232,,17822100,22480496,20925524,17610908,,12402252,5428440,5444316,12687052,,14521928,10247268,10331264,14655032,,12,52,12,12,,2160104,4857020,4974892,2043216
16503,3,2963,915,0,2048,0,78916804,35862328,49658648,88,14038164,,17807788,22482752,20999100,17627164,,12373788,5429336,5388080,12671124,,14493876,10249208,10276208,14639356,,12,52,12,12,,2160548,4858068,4976056,2043492
16510,3,2964,915,0,2049,0,78941456,35839360,49638396,88,14040772,,17873376,22466248,21008892,17592940,,12346576,5436272,5366508,12690004,,14467012,10257144,10255772,14658468,,12,52,12,12,,2160864,4859016,4977216,2043676
16517,2,2965,915,0,2050,0,78926412,35833828,49635260,88,14043172,,17840384,22479872,21019292,17586864,,12344360,5421000,5360324,12708144,,14465080,10242568,10250784,14676828,,12,52,12,12,,2161156,4859724,4978396,2043896
16524,2,2966,915,0,2051,0,78981056,35826324,49631080,88,14046476,,17811032,22511592,21059600,17598832,,12409556,5387772,5317440,12711556,,14530744,10210876,10208980,14680480,,12,52,12,12,,2161620,4861252,4979464,2044140
16531,2,2967,915,0,2052,0,79020784,35748852,49556664,88,14049560,,17828824,22533828,21028208,17629924,,12364636,5370132,5350884,12663200,,14486188,10194404,10243692,14632380,,12,52,12,12,,2162000,4862428,4980736,2044396
16538,2,2968,915,0,2053,0,79048672,35697580,49507976,88,14052192,,17825404,22578932,21029324,17615012,,12360592,5315912,5352996,12668080,,14482688,10141096,10246664,14637528,,12,52,12,12,,2162524,4863388,4981596,2044684
16545,2,2969,915,0,2054,0,79038708,35709096,49521832,88,14054444,,17806104,22570608,21070952,17591044,,12381112,5326608,5303664,12697712,,14503536,10152608,10198292,14667396,,12,52,12,12,,2162860,4864144,4982544,2044896
16552,2,2970,915,0,2055,0,78864560,35910740,49726824,88,14057812,,17802568,22367752,21097364,17596876,,12397532,5522208,5284692,12706308,,14520344,10349720,10180512,14676248,,12,52,12,12,,2163244,4865668,4983752,2045148
16559,2,2971,915,0,2056,0,78755044,36031020,49849916,88,14060624,,17850112,22407284,20882932,17614716,,12368824,5490384,5472372,12699440,,14492080,10319228,10368952,14669656,,12,52,12,12,,2163680,4867004,4984500,2045440
16566,2,2972,915,0,2057,0,78806768,35995608,49816856,88,14062968,,17824796,22453000,20874372,17654600,,12392264,5451420,5496080,12655844,,14515820,10280940,10393796,14626300,,12,52,12,12,,2163988,4867676,4985640,2045664
16573,2,2973,915,0,2058,0,78741692,36032428,49856520,88,14065832,,17808788,22404576,20907252,17621076,,12382128,5497948,5469408,12682944,,14506072,10328480,10368280,14653688,,12,52,12,12,,2164384,4868692,4986800,2045956
16579,2,2974,915,0,2059,0,78776256,35992444,49819260,88,14068540,,17814912,22416796,20949800,17594748,,12387868,5479396,5418856,12706324,,14512200,10310756,10318968,14677336,,12,52,12,12,,2164756,4869512,4988036,2046236
16586,2,2975,915,0,2060,0,78845868,35907972,49737444,88,14071192,,17827496,22487904,20917996,17612472,,12374900,5397228,5454512,12681332,,14499568,10229872,10355360,14652644,,12,52,12,12,,2165100,4870792,4988772,2046528
16593,2,2976,915,0,2061,0,78889780,35845608,49677992,88,14074140,,17830460,22467824,20939948,17651548,,12362576,5423464,5418332,12641236,,14487720,10257168,10320300,14612804,,12,52,12,12,,2165568,4871860,4989908,2046804
16600,2,2977,915,0,2062,0,78840988,35908840,49743864,88,14076752,,17828408,22428016,20937980,17646584,,12380204,5460508,5419364,12648764,,14505624,10295160,10322464,14620616,,12,52,12,12,,2165856,4872804,4991028,2047064
16607,3,2978,915,0,2063,0,78805696,35948416,49786264,88,14079584,,17802380,22428052,20991584,17583680,,12409204,5462828,5381284,12695100,,14535196,10298656,10285200,14667212,,12,52,12,12,,2166416,4873976,4991856,2047336
16614,3,2979,915,0,2064,0,78838340,35885744,49726720,88,14082676,,17831100,22425684,20984724,17596832,,12378952,5458144,5358424,12690224,,14505344,10295392,10263376,14662608,,12,52,12,12,,2166792,4875404,4992880,2047600
16621,3,2980,915,0,2065,0,78891696,35833828,49677864,88,14085752,,17807324,22510712,20950992,17622668,,12385572,5371924,5406944,12669388,,14512232,10210336,10313244,14642052,,12,52,12,12,,2167064,4876572,4994216,2047900
16629,2,2981,915,0,2066,0,78753100,35986176,49832860,88,14088444,,17846228,22479324,20778944,17648604,,12353476,5393348,5588624,12650728,,14480596,10232708,10495952,14623604,,12,52,12,12,,2167528,4877548,4995292,2048076
16636,2,2982,915,0,2067,0,78719616,36020604,49869836,88,14090944,,17809380,22476392,20830024,17603820,,12383712,5417712,5541048,12678132,,14511108,10257756,10449736,14651236,,12,52,12,12,,2167800,4878216,4996616,2048312
16643,2,2983,915,0,2068,0,78773896,35942272,49794328,88,14093764,,17828312,22513340,20840668,17591576,,12375700,5380940,5499908,12685724,,14503532,10222108,10409660,14659028,,12,52,12,12,,2168228,4879348,4997668,2048520
16650,2,2984,915,0,2069,0,78830032,35925048,49780072,88,14096720,,17883144,22511404,20817432,17618052,,12322888,5369032,5553440,12679688,,14450992,10211508,10464316,14653256,,12,52,12,12,,2168496,4880660,4998788,2048776
16657,2,2985,915,0,2070,0,78811888,35944984,49802008,88,14098760,,17841348,22557960,20801376,17611204,,12368776,5332144,5564264,12679800,,14497168,10175232,10476004,14653604,,12,52,12,12,,2168784,4881284,4999672,2049020
16663,3,2986,915,0,2071,0,78744252,35988116,49847672,88,14101300,,17825636,22496912,20814256,17607448,,12372564,5380900,5551496,12683156,,14501248,10224992,10464232,14657200,,12,52,12,12,,2169100,4882280,5000656,2049264
16670,2,2987,915,0,2072,0,78797112,35960068,49822328,88,14103968,,17835032,22508780,20871216,17582084,,12384260,5393060,5472552,12710196,,14513344,10238388,10386104,14684492,,12,52,12,12,,2169476,4883508,5001476,2049508
16676,2,2988,915,0,2073,0,78822116,35924956,49789548,88,14106332,,17851324,22562192,20796840,17611760,,12361672,5316376,5559536,12687372,,14490984,10162892,10473752,14661920,,12,52,12,12,,2169704,4884728,5002152,2049748
16682,2,2989,915,0,2074,0,78784256,35953876,49820992,88,14108856,,17807488,22538680,20811972,17626116,,12387360,5330748,5556728,12679040,,14516972,10178116,10472112,14653792,,12,52,12,12,,2170024,4885548,5003324,2049960
16688,3,2990,915,0,2075,0,78867040,35829708,49699216,88,14111268,,17846692,22489268,20893860,17637220,,12349520,5375064,5454516,12650608,,14479492,10223392,10370716,14625616,,12,52,12,12,,2170368,4886552,5004120,2050228
16695,2,2991,915,0,2076,0,78819708,35902348,49774492,88,14113844,,17839576,22485884,20900952,17593296,,12336768,5402868,5465540,12697172,,14467076,10251768,10383264,14672384,,12,52,12,12,,2170704,4887084,5005640,2050416
16701,2,2992,915,0,2077,0,78880624,35827668,49702728,88,14116748,,17810636,22501296,20983068,17585624,,12368556,5380212,5379420,12699480,,14499312,10230260,10298240,14674916,,12,52,12,12,,2171144,4888232,5006736,2050636
16708,2,2993,915,0,2078,0,78839404,35886864,49764360,88,14119172,,17836724,22496164,20910096,17596420,,12373160,5377384,5434892,12701428,,14504236,10228588,10354440,14677096,,12,52,12,12,,2171468,4889396,5007468,2050840
16714,2,2994,915,0,2079,0,78874060,35851824,49731408,88,14121296,,17811064,22528088,20894632,17640276,,12393804,5347016,5455380,12655624,,14525200,10198896,10375784,14631528,,12,52,12,12,,2171796,4890100,5008320,2051080
16721,2,2995,915,0,2080,0,78854672,35859616,49741908,88,14123960,,17872996,22467920,20853652,17660104,,12320628,5391700,5509604,12637684,,14452392,10244508,10431140,14613868,,12,52,12,12,,2172156,4890992,5009452,2051360
16728,2,2996,915,0,2081,0,78774908,35902148,49787548,88,14127076,,17824996,22472264,20887760,17589888,,12354716,5385384,5464200,12697848,,14486960,10239676,10386604,14674308,,12,52,12,12,,2172616,4892484,5010324,2051652
16736,2,2997,915,0,2082,0,78824136,35883392,49771808,88,14130080,,17827212,22502296,20891840,17602788,,12368808,5377600,5452672,12684312,,14501396,10233240,10376160,14661012,,12,52,12,12,,2172972,4893824,5011408,2051876
16742,3,2998,915,0,2083,0,78981032,35720132,49611556,88,14133084,,17814028,22637344,20865588,17664072,,12369744,5240596,5478288,12631504,,14502664,10097316,10403056,14608520,,12,52,12,12,,2173288,4894900,5012684,2052212
16750,2,2999,915,0,2084,0,78906812,35799080,49693496,88,14136064,,17846220,22579760,20835340,17645492,,12372944,5279596,5509616,12636924,,14506200,10137272,10435752,14614272,,12,52,12,12,,2173624,4895864,5014048,2052528
