Iteration,Elapsed,Running,Creating,Total Active Memory,Total Free Memory, Active,0,1,2,3,4,5,Free,0,1,2,3,4,5
0,0,0,0,16510784,264648332,,4438784,2139004,1850980,2556868,1834268,3690880,,42135096,44941680,45006328,43905152,45405896,43254180
1,9,1,0,24551536,255822736,,4451456,2141676,5833556,2563360,5869932,3691556,,42114452,44937952,40760676,43900588,40865656,43243412
2,1,1,1,24585244,255787348,,4452100,2166624,5834532,2563740,5878164,3690084,,42126612,44880912,40763056,43894660,40859920,43262188
3,2,3,0,28590356,251266156,,4452368,6174128,5838432,2571412,5860864,3693152,,42124280,40391628,40764576,43884980,40859780,43240912
4,16,4,0,32618556,246644324,,4463360,6187564,5821896,6600524,5851288,3693924,,42076016,40350104,40759460,39350164,40874404,43234176
5,1,4,1,32732996,245345484,,4458324,6185728,5833252,6581136,5839596,3834960,,42127168,40359040,40754608,39347716,40883824,41873128
6,24,6,0,38274492,239500520,,6142452,6170108,5819752,6577580,5831532,7733068,,39474080,40362900,40768520,39347860,40884048,38663112
7,3,6,1,42057036,235866052,,8517972,6151196,7251488,6584940,5835476,7715964,,37523452,40383760,39062672,39340024,40875948,38680196
8,15,7,0,44728592,232210364,,8515376,6279520,9829404,6575256,5841040,7687996,,37517392,39026780,36758280,39344664,40858332,38704916
9,14,8,0,52631764,225489676,,8507996,10153816,9833576,6580196,9840320,7715860,,37521656,36365340,36743664,39347936,36842472,38668608
10,5,9,1,53104896,224584972,,8927456,10166904,9838728,6586636,9848552,7736620,,36626468,36372728,36741072,39339700,36863928,38641076
11,60,10,0,56581436,221522948,,12484012,10154260,9834688,6563724,9831412,7713340,,33506592,36380472,36753056,39364064,36869136,38649628
12,25,11,0,64632452,213513028,,12471944,10151604,9841212,10599824,9837396,11730472,,33555556,36385076,36751724,35308360,36870144,34642168
13,56,12,0,64889836,211867884,,12459148,10382112,9849560,10557180,9840764,11801072,,33526324,34803228,36728364,35367460,36872372,34570136
14,51,13,0,68885408,209155576,,12644804,14181060,9861124,10525744,9846520,11826156,,33365700,32315528,36718200,35381160,36863472,34511516
15,130,14,0,72787996,205029460,,12773024,14187464,13501552,10540412,9873472,11912072,,33242164,32300068,32818436,35383220,36840772,34444800
16,109,0,0,73398880,204542728,,12875968,14193276,13890560,10569404,9877140,11992532,,33109420,32314132,32659812,35335876,36817772,34305716
17,80,0,0,73419060,204467444,,12851828,14198208,13898216,10595256,9889848,11985704,,33103820,32286076,32664752,35318256,36808608,34285932
18,185,0,1,77621092,200198112,,12939728,14213280,13919488,10599924,13875888,12072784,,32929288,32293568,32646480,35313776,32808176,34206824
19,27,15,0,77579056,200275128,,12859248,14195104,13918020,10605696,13886140,12114848,,33054568,32305992,32656012,35311512,32798880,34148164
20,163,15,0,77720140,200052332,,12886704,14213824,13917316,10608764,13891748,12201784,,33011428,32294512,32630128,35307788,32788540,34019936
21,156,0,0,77657900,200057820,,12815256,14218140,13928552,10604872,13890184,12200896,,33009912,32282844,32642400,35286692,32799944,34036028
22,58,15,0,77729820,199977832,,12908296,14220344,13933588,10603580,13877604,12186408,,32938084,32266840,32629112,35314632,32810304,34018860
23,58,15,0,77750896,199946168,,12897156,14218176,13919060,10612344,13886200,12217960,,32938572,32269608,32638668,35292104,32797376,34009840
24,49,15,0,77867420,199837508,,12970772,14230064,13953104,10614808,13875692,12222980,,32875960,32269616,32610304,35300748,32826164,33954716
25,53,15,0,77863984,199793344,,12966012,14223152,13924468,10621760,13883636,12244956,,32844048,32266964,32647280,35298432,32796012,33940608
26,33,15,0,77954188,199740780,,12988516,14226272,13950368,10634836,13892880,12261316,,32835736,32276376,32626720,35269424,32818448,33914076
27,142,15,0,77917196,199642272,,13032916,14218852,13922480,10614288,13889192,12239468,,32733628,32276448,32631044,35276580,32802476,33922096
28,40,15,0,77992540,199567532,,13052380,14230332,13917428,10610860,13896776,12284764,,32730744,32258992,32638636,35290524,32787212,33861424
29,119,15,0,78111976,199466020,,13120152,14226452,13927660,10619160,13898728,12319824,,32658800,32268324,32620320,35293140,32788704,33836732
30,79,15,0,78162000,199442928,,13094140,14232288,13922812,10636088,13907232,12369440,,32692760,32264304,32644864,35289148,32790704,33761148
31,84,15,0,78272456,199260428,,13194848,14207824,13928364,10618196,13909844,12413380,,32595080,32269880,32641588,35295232,32759548,33699100
32,29,15,0,81997968,194232756,,13141256,14219756,13942344,10952356,13911692,15830564,,32636296,32260372,32594300,34653280,32733184,29355324
33,105,0,0,110043952,167353360,,17057072,18207732,17909164,18603080,17882620,20384284,,28667304,28287804,28633108,27287512,28781348,25696284
34,49,0,0,109904236,167481468,,16973276,18188416,17892376,18568124,17879376,20402668,,28719704,28296384,28646992,27340268,28784060,25694060
35,146,0,0,110051392,167343052,,17090900,18184416,17894444,18573092,17882744,20425796,,28654772,28302984,28652780,27306564,28784508,25641444
36,73,0,0,110142164,167256112,,17099868,18194620,17894904,18601876,17893972,20456924,,28619756,28288264,28648232,27307848,28787536,25604476
37,33,0,0,110055560,167305496,,17041592,18193836,17896216,18580156,17881664,20462096,,28667520,28284372,28653728,27318276,28780552,25601048
38,22,0,0,110202864,167114668,,17114724,18194472,17894884,18571848,17883064,20543872,,28604412,28262764,28650112,27305860,28775212,25516308
39,2,0,0,110187692,167133224,,17169468,18197812,17900040,18579452,17884600,20456320,,28506516,28286220,28657808,27313844,28772704,25596132
40,114,0,0,110206320,167041824,,17185692,18192836,17901184,18574596,17889672,20462340,,28481928,28282676,28639756,27304616,28769344,25563504
41,33,0,0,110296240,167016312,,17208308,18192616,17901768,18583616,17887440,20522492,,28509216,28275348,28638908,27293312,28767876,25531652
42,4,0,0,110395008,166885708,,17255836,18194260,17907656,18580408,17887712,20569136,,28414424,28277796,28636808,27298356,28778324,25480000
43,68,0,0,110190728,167107248,,17120144,18201600,17913316,18587192,17889388,20479088,,28547492,28280172,28641524,27295764,28772200,25570096
44,34,0,0,110213860,167037320,,17124796,18198720,17915444,18587004,17888764,20499132,,28561816,28268360,28628584,27282896,28768060,25527604
45,3,0,0,110370100,166870328,,17221084,18211596,17902976,18588556,17889144,20556744,,28412916,28280600,28629992,27297324,28772220,25477276
46,193,0,0,110278208,166945240,,17180908,18205212,17911976,18594344,17900564,20485204,,28489396,28264168,28630844,27275484,28759452,25525896
47,64,0,0,110251556,166998152,,17126208,18212672,17908836,18586200,17889240,20528400,,28530956,28252688,28646480,27294960,28762252,25510816
48,3,0,0,110383292,166875712,,17219816,18211132,17907532,18587640,17893288,20563884,,28441248,28263800,28635044,27293016,28769540,25473064
49,147,0,0,110344668,166866280,,17137312,18219564,17907760,18591172,17894572,20594288,,28534584,28259936,28622408,27299368,28739308,25410676
50,4,0,0,110516400,166609116,,17263812,18217204,17916724,18590796,17897524,20630340,,28320540,28250432,28629580,27288292,28761720,25358552
51,107,0,0,110496464,166677932,,17304628,18219916,17917636,18607328,17898656,20548300,,28332384,28251752,28615868,27277808,28741112,25459008
52,4,0,0,110533980,166513768,,17345288,18215988,17917028,18595856,17899084,20560736,,28192384,28254768,28634568,27261660,28766336,25404052
53,3,0,0,110421556,166605880,,17209388,18214740,17911832,18599100,17901012,20585484,,28252776,28248828,28628340,27269004,28744864,25462068
54,59,0,0,110182304,166722404,,17141920,18215524,17917540,18605212,17930424,20371684,,28405096,28250000,28614368,27267844,28733916,25451180
55,2,0,0,110309000,166576512,,17191776,18219348,17915532,18608900,17899720,20473724,,28323888,28248540,28617704,27286112,28750784,25349484
56,4,0,0,110359864,166567272,,17276244,18217260,17923384,18603336,17905072,20434568,,28254308,28258188,28615356,27237172,28753688,25448560
57,89,0,0,110173904,166681044,,17169052,18223168,17918300,18604300,17904780,20354304,,28341276,28245516,28613732,27264380,28725940,25490200
58,44,0,0,110327760,166547040,,17179536,18225160,17919204,18604104,17906284,20493472,,28307156,28242112,28600168,27272508,28741596,25383500
59,4,0,0,110383120,166479444,,17249020,18221636,17924016,18601480,17901032,20485936,,28231288,28228444,28613088,27271960,28756968,25377696
60,139,0,0,110460764,166423132,,17298736,18230564,17920344,18625716,17909384,20476020,,28173572,28237972,28624844,27255924,28740072,25390748
61,4,0,0,110558588,166312156,,17257332,18228928,17925260,18612300,17915992,20618776,,28241792,28220256,28606876,27258880,28736048,25248304
62,4,0,0,110567176,166147748,,17414148,18228380,17922076,18620120,17911256,20471196,,28042136,28236380,28620804,27263812,28735816,25248800
63,71,0,0,110050332,167052452,,17206760,18230516,17939820,18612628,17921332,20139276,,28497944,28227328,28604028,27227892,28722324,25772936
64,31,0,0,110043972,166988408,,17013688,18225688,17931904,18622240,17913192,20337260,,28617820,28222760,28593952,27223644,28731772,25598460
65,4,0,0,110150916,166854900,,17096716,18225768,17935012,18629568,17911628,20352224,,28522112,28225796,28587016,27222520,28720208,25577248
66,135,0,0,109969980,166995928,,17016148,18226528,17935112,18628616,17919656,20243920,,28579288,28250888,28593536,27203388,28725324,25643504
67,49,0,0,110142268,166868484,,17009436,18225952,17938200,18630196,17915788,20422696,,28564760,28232924,28599488,27220184,28731236,25519892
68,4,0,0,110222172,166819016,,17135908,18228948,17931992,18638424,17918908,20367992,,28501600,28231876,28601924,27214684,28724024,25544908
69,125,0,0,110022112,166923528,,16964340,18226988,17935280,18632652,17923328,20339524,,28611868,28246212,28559848,27213432,28726676,25565492
70,59,0,0,110253352,166687912,,17107204,18230936,17962700,18635648,17919524,20397340,,28482912,28229756,28539960,27197544,28723912,25513828
71,3,0,0,110275372,166783968,,17136028,18241036,17937768,18640168,17931504,20388868,,28480088,28239732,28593852,27215756,28726584,25527956
72,154,0,0,110124360,166776204,,17058864,18235476,17939160,18636780,17924680,20329400,,28522612,28217056,28573088,27198548,28715440,25549460
73,140,0,0,110082376,166913516,,16984204,18235580,17933552,18637252,17932196,20359592,,28632024,28210328,28603312,27210944,28719600,25537308
74,4,0,0,110215328,166714464,,17116364,18235592,17937820,18637316,17929656,20358580,,28474100,28211388,28596156,27215708,28705152,25511960
75,5,0,0,110094752,166836616,,17127748,18239300,17954652,18643196,17931960,20197896,,28453912,28221620,28579640,27198760,28708244,25674440
76,213,0,0,110031744,166967324,,16971796,18238600,17947652,18648720,17931788,20293188,,28568040,28233160,28594048,27200216,28719648,25652212
77,4,0,0,110172660,166771264,,17071324,18240160,17941572,18647776,17930200,20341628,,28500212,28219412,28598300,27196984,28726376,25529980
78,4,0,0,110250152,166654172,,17154568,18235920,17940280,18655104,17929820,20334460,,28395488,28222888,28584964,27193312,28703276,25554244
79,213,0,0,109984220,166949776,,17017520,18244216,17944232,18654680,17931596,20191976,,28542436,28226556,28603524,27206696,28713372,25657192
80,124,0,0,110128284,166684944,,16992304,18240820,17942644,18659164,17932024,20361328,,28493248,28211788,28584836,27183796,28713180,25498096
81,3,0,0,110296472,166610556,,17180208,18244132,17940564,18668188,17931000,20332380,,28390980,28228356,28585676,27186588,28718592,25500364
82,169,0,0,110085468,166781952,,17027364,18247624,17943140,18658672,17935124,20273544,,28511848,28200244,28578316,27198608,28706164,25586772
83,244,0,0,110187776,166664384,,17051508,18245908,17946576,18658660,17935700,20349424,,28486736,28227128,28578236,27172892,28723540,25475852
84,4,0,0,110342380,166568316,,17171980,18251940,17947024,18668896,17930492,20372048,,28387760,28206764,28600496,27166020,28706288,25500988
85,6,0,0,110378596,166480564,,17165656,18260912,17946268,18661276,17936036,20408448,,28388676,28213128,28579480,27186696,28697384,25415200
86,3,0,0,110332100,166500492,,17184152,18252508,17945216,18662988,17930592,20356644,,28341724,28215988,28564404,27176848,28714900,25486628
87,131,0,0,110282888,166571980,,17059768,18247680,17948360,18677384,17935916,20413780,,28456976,28203964,28580964,27174964,28710872,25444240
88,143,0,0,110254164,166565924,,17076416,18251440,17951864,18678964,17938096,20357384,,28392252,28200884,28574884,27179984,28720192,25497728
89,4,0,0,110437756,166414900,,17193796,18251936,17963140,18666928,17951832,20410124,,28294440,28201296,28564740,27165916,28699112,25489396
90,227,0,0,110238112,166582284,,17073832,18250680,17952340,18664116,17938172,20358972,,28427208,28193232,28563528,27174200,28701756,25522360
91,34,0,0,110424100,166397212,,17158004,18253680,17954816,18669616,17947008,20440976,,28323912,28202708,28553980,27166140,28696024,25454448
92,5,0,0,110418756,166424824,,17228256,18253976,17952184,18672200,17946128,20366012,,28235788,28184908,28567268,27180136,28699604,25557120
93,4,0,0,110375672,166546380,,17251992,18256792,17959176,18673488,17949264,20284960,,28233404,28205336,28556448,27165524,28703756,25681912
94,223,0,0,110247796,166471724,,17057852,18256960,17958116,18673640,17944332,20356896,,28368596,28191932,28562736,27161604,28693328,25493528
95,41,0,0,110329196,166368916,,17059144,18259808,17962344,18679176,17947896,20420828,,28355048,28191396,28546552,27145868,28694052,25436000
96,4,0,0,110402852,166375704,,17130660,18255696,17960664,18680432,17948156,20427244,,28335368,28209788,28569172,27154108,28688420,25418848
97,3,0,0,110419180,166331144,,17114416,18255976,17957532,18695440,17948368,20447448,,28337276,28196712,28565276,27144764,28686612,25400504
98,186,0,0,110321708,166372608,,17066720,18270996,17960284,18684952,17951976,20386780,,28337040,28192032,28557656,27143660,28685732,25456488
99,184,0,0,110434168,166252240,,17112088,18260052,17961328,18683876,17954704,20462120,,28267644,28177596,28556388,27156760,28694396,25399456
100,4,0,0,110573608,166135656,,17263280,18279876,17960416,18682608,17949788,20437640,,28186860,28176568,28544468,27142600,28692416,25392744
101,214,0,0,110457756,166300092,,17134580,18264436,17982064,18685460,17941912,20449304,,28318660,28203672,28563484,27142948,28682884,25388444
102,244,0,0,110381588,166287180,,17094364,18259772,17971392,18689192,17958144,20408724,,28327668,28202704,28544800,27141228,28675896,25394884
103,5,0,0,110452124,166172248,,17178444,18266488,17961688,18688464,17957080,20399960,,28207800,28169436,28556088,27130012,28677476,25431436
104,4,0,0,110310992,166338628,,17153372,18266080,17962696,18688464,17952056,20288324,,28266228,28183668,28545128,27142760,28685836,25515008
105,224,0,0,110392444,166174620,,17082560,18268928,17979108,18703656,17960752,20397440,,28272160,28177852,28545844,27114608,28666304,25397852
106,200,0,0,110438468,166096220,,17083140,18268712,17971968,18695156,17947040,20472452,,28287816,28172660,28531260,27112184,28674764,25317536
107,3,0,0,110587716,165988064,,17272380,18265968,17965040,18682376,17952420,20449532,,28153476,28167496,28539276,27111400,28675260,25341156
108,4,0,0,110659524,165991948,,17321340,18269572,17962932,18691480,17961356,20452844,,28099088,28180172,28555840,27145496,28683064,25328288
109,203,0,0,110387204,166194996,,17117128,18269316,17968832,18693320,17967396,20371212,,28254176,28184228,28525548,27128644,28679500,25422900
110,243,0,0,110446960,166253524,,17093080,18271080,17967816,18693420,17971280,20450284,,28299656,28180564,28532700,27127412,28671032,25442160
111,4,0,0,110483168,166406504,,17266928,18271044,17971204,18693228,17968940,20311824,,28292584,28178020,28546088,27124852,28674492,25590468
112,3,0,0,110574332,166342352,,17259648,18273748,17972244,18688992,17960808,20418892,,28264404,28158224,28543824,27119148,28662836,25593916
113,244,0,0,110401928,166403272,,17084916,18271544,17970852,18708348,17965568,20400700,,28420184,28166100,28538836,27127860,28662896,25487396
114,201,0,0,110483048,166267232,,17142364,18274984,17973568,18691748,17963772,20436612,,28359504,28167864,28518372,27125644,28657520,25438328
115,4,0,0,110645752,166159912,,17275892,18283980,17969612,18690584,17965056,20460628,,28250688,28169940,28542904,27114528,28670532,25411320
116,23,0,0,110632316,166133648,,17270400,18276184,17968808,18688704,17973032,20455188,,28276476,28162124,28517928,27102728,28663192,25411200
117,163,0,0,110447524,166277292,,17027792,18278060,17980164,18697824,17968248,20495436,,28464600,28165480,28528768,27112044,28653180,25353220
118,182,0,0,110446928,166230600,,17106904,18280988,17970988,18697000,17969684,20421364,,28383988,28152524,28536624,27101648,28647436,25408380
119,4,0,0,110339264,166359324,,17164892,18286964,17972608,18706796,17981200,20226804,,28299312,28159420,28541260,27094380,28635608,25629344
120,207,0,0,110508956,166235236,,17172044,18276620,17976344,18713044,17980104,20390800,,28331208,28159584,28524848,27099252,28648212,25472132
121,246,0,0,110410328,166338980,,17117660,18282220,17974240,18732276,17971064,20332868,,28364444,28156688,28533872,27099508,28643520,25540948
122,145,0,0,110456780,166167420,,17118636,18284708,17974576,18713472,17975788,20389600,,28326652,28150508,28526712,27095036,28635064,25433448
123,5,0,0,110617484,166018404,,17252020,18281968,17977296,18717660,17972008,20416532,,28234736,28146120,28515040,27067388,28642796,25412324
124,144,0,0,110501164,166095312,,17141292,18292796,17978428,18720316,17977068,20391264,,28291712,28133092,28508028,27085160,28648804,25428516
125,244,0,0,110520272,166068704,,17139444,18288808,17980476,18725532,17978956,20407056,,28302312,28143756,28516220,27058876,28640796,25406744
126,199,0,0,110547212,166106320,,17082888,18290316,17982748,18729372,17981808,20480080,,28322300,28128444,28506492,27067840,28623060,25458184
127,244,0,0,110641068,165909852,,17171536,18288352,17983412,18729708,17980412,20487648,,28242284,28143248,28504940,27062480,28632820,25324080
128,224,0,0,110563752,165966468,,17121012,18292940,17982848,18735644,17985184,20446124,,28328732,28131760,28501868,27043060,28629968,25331080
129,3,0,0,110752812,165819444,,17295172,18286860,17983988,18748296,17979816,20458680,,28174764,28129320,28485848,27061964,28634692,25332856
130,103,0,0,110451876,166056880,,17025876,18296092,17988160,18736004,17989708,20416036,,28387488,28125912,28494620,27078948,28625604,25344308
131,164,0,0,110595856,165881560,,17093044,18304224,17987964,18747940,17983064,20479620,,28295076,28130904,28503728,27056644,28614276,25280932
132,124,0,0,110733652,165750080,,17128444,18309260,17995840,18755112,17981956,20563040,,28232396,28115916,28498928,27063356,28614776,25224708
133,243,0,0,110640032,165795788,,17085736,18302428,17990612,18745160,17979292,20536804,,28306216,28133648,28500148,27048896,28606104,25200776
134,3,0,0,110758344,165736096,,17262388,18310348,17985580,18755716,17985708,20458604,,28141404,28111088,28520616,27045240,28629680,25288068
135,244,0,0,110648380,165785512,,17133908,18292612,17995412,18754092,17989872,20482484,,28257524,28130696,28500836,27032260,28634564,25229632
136,4,0,0,110759408,165639820,,17271016,18298472,17987444,18758900,17981584,20461992,,28118684,28120264,28492612,27019012,28614868,25274380
137,3,0,0,110862960,165668948,,17320404,18299348,17989344,18759156,17978168,20516540,,28048784,28135644,28506916,27049792,28640708,25287104
138,243,0,0,110686112,165716836,,17171504,18301084,17990516,18757084,17984736,20481188,,28176276,28132716,28493420,27033136,28629852,25251436
139,244,0,0,110699136,165667512,,17162408,18297464,17991300,18764612,17997968,20485384,,28167356,28122744,28502900,27029156,28617768,25227588
140,184,0,0,110663532,165694152,,17093752,18298952,17991524,18769616,17991616,20518072,,28223248,28114384,28507616,27008644,28624548,25215712
141,4,0,0,110777736,165652664,,17228856,18299864,17991736,18769332,17990732,20497216,,28154536,28140760,28497884,27016184,28623452,25219848
142,212,0,0,110701644,165616384,,17153308,18323504,17998836,18756752,17993276,20475968,,28143328,28118972,28467156,27043240,28604060,25239628
143,144,0,0,110666252,165681796,,17118696,18318404,17997948,18767448,17993520,20470236,,28198048,28103832,28486884,27036388,28611428,25245216
144,166,0,0,110779496,165516760,,17194332,18314820,18002560,18765232,17996428,20506124,,28104640,28105484,28478820,27022400,28613540,25191876
145,145,0,0,110785456,165511084,,17200092,18315468,17999240,18773640,17997600,20499416,,28123536,28083840,28476220,27023924,28601688,25201876
146,184,0,0,110711404,165566844,,17093488,18332576,17997600,18766524,18016540,20504676,,28211052,28099432,28480120,27018784,28594268,25163188
147,226,0,0,110898812,165582448,,17258176,18325304,18000596,18762816,18013500,20538420,,28152340,28090536,28481516,27001364,28594444,25262248
148,84,0,0,110719248,165770048,,17091732,18323876,17998780,18785144,18001308,20518408,,28286388,28112352,28473972,27010668,28604880,25281788
149,125,0,0,110699832,165794172,,17111720,18317272,18005408,18774960,18005604,20484868,,28306044,28090940,28487404,27005680,28600988,25303116
150,198,0,0,110771020,165750280,,17148924,18330464,18004472,18790912,18009868,20486380,,28291440,28101192,28458996,27003464,28594588,25300600
151,223,0,0,110854016,165564652,,17187484,18332168,18006512,18780284,18008000,20539568,,28194156,28089928,28471844,27000120,28587944,25220660
152,185,0,0,110734372,165702144,,17127640,18329124,18009100,18781308,18010132,20477068,,28262488,28091116,28470744,26993788,28579060,25304948
153,240,0,0,110800392,165585104,,17253688,18329908,18008416,18784396,18008860,20415124,,28139472,28058656,28464408,26992688,28586680,25343200
154,223,0,0,110802584,165547696,,17214148,18335816,18008108,18800032,18011052,20433428,,28145068,28084764,28472236,26975996,28577544,25292088
155,3,0,0,111103848,165424324,,17419332,18338408,18010248,18795680,18023596,20516584,,27986140,28080884,28472680,26974176,28583188,25327256
156,185,0,0,110857156,165502868,,17218096,18341936,18029084,18798172,18026816,20443052,,28115688,28074776,28457612,26986300,28585792,25282700
157,4,0,0,111014676,165367516,,17363132,18341908,18019488,18795756,18023356,20471036,,28031848,28076472,28451652,26966576,28571388,25269580
158,183,0,0,110914364,165466180,,17273312,18339572,18014860,18806276,18022924,20457420,,28106928,28057236,28474340,26979400,28578828,25269448
159,229,0,0,110881416,165380080,,17192288,18336744,18013392,18800412,18027832,20510748,,28146812,28070176,28448568,26969348,28548880,25196296
160,145,0,0,111025384,165327020,,17283328,18345292,18016920,18825692,18024812,20529340,,28040932,28057824,28435872,26950088,28582724,25259580
161,224,0,0,111048632,165217540,,17274144,18356684,18016768,18824548,18037832,20538656,,28053944,28056656,28446740,26945976,28570400,25143824
162,227,0,0,111030584,165180708,,17209884,18350536,18019116,18827032,18025568,20598448,,28101684,28064068,28464496,26913820,28564668,25071972
163,3,0,0,111141300,165134236,,17311136,18350284,18014208,18825704,18027088,20612880,,28010472,28062068,28467544,26938136,28573464,25082552
164,34,0,0,111012736,165226924,,17313572,18367056,18014368,18839112,18032960,20445668,,28033172,28051364,28454240,26926764,28560500,25200884
165,224,0,0,111060812,165174656,,17268524,18351180,18035460,18842736,18035476,20527436,,28024468,28061188,28448316,26925184,28562576,25152924
166,216,0,0,110995932,165187652,,17246748,18336080,18021964,18847248,18025992,20517900,,28071364,28069364,28434240,26911968,28562356,25138360
167,74,0,0,110752668,165423460,,17134712,18353280,18028908,18828628,18032584,20374556,,28176736,28044352,28438132,26937692,28565344,25261204
168,7,0,0,111050960,165191480,,17266504,18359712,18027836,18837388,18032920,20526600,,28028208,28040300,28461264,26931208,28564148,25166352
169,207,0,0,111097364,165022592,,17322004,18349160,18022924,18829484,18033592,20540200,,27950812,28045112,28451752,26931064,28543520,25100332
170,129,0,0,111230148,164881840,,17381596,18345352,18020412,18835748,18038164,20608876,,27911736,28037668,28431884,26911904,28542120,25046528
171,124,0,0,111106236,165006060,,17238240,18363220,18022760,18844356,18039120,20598540,,28025124,28053864,28441520,26908908,28544868,25031776
172,79,0,0,111066604,165072304,,17271728,18353312,18028816,18840404,18040968,20531376,,28010312,28046628,28428588,26905880,28561216,25119680
173,165,0,0,111087840,164994968,,17212468,18349680,18022808,18852804,18038200,20611880,,28037812,28049660,28440288,26911196,28525284,25030728
174,244,0,0,111131596,164915624,,17300944,18352044,18034620,18839284,18042128,20562576,,27952824,28043948,28424224,26920024,28530860,25043744
175,4,0,0,111192224,164838264,,17304520,18352960,18030432,18838936,18053060,20612316,,27937128,28043996,28422732,26907052,28520740,25006616
176,4,0,0,111242376,164822752,,17365756,18374540,18034208,18835272,18038032,20594568,,27886308,28036576,28431924,26922272,28538736,25006936
177,104,0,0,111113132,164931308,,17261408,18362336,18032028,18838804,18045424,20573132,,27999520,28032912,28423604,26921588,28530052,25023632
178,224,0,0,111094784,164809768,,17257048,18364560,18036812,18855084,18050004,20531276,,27904904,28033352,28416664,26897528,28516356,25040964
179,205,0,0,111076844,164842632,,17247384,18371788,18041428,18837468,18056012,20522764,,27956756,28018408,28396768,26910584,28515992,25044124
180,243,0,0,111138628,164802752,,17279476,18365736,18041320,18853712,18046640,20551744,,27954756,28022560,28404920,26907028,28518004,24995484
181,3,0,0,111371564,164560032,,17462616,18374464,18047688,18853544,18046416,20586836,,27749160,27998004,28409920,26886376,28521992,24994580
182,4,0,0,111281660,164656728,,17393296,18365600,18040820,18852616,18050616,20578712,,27802912,28031724,28417072,26898000,28518260,24988760
183,225,0,0,111179176,164886116,,17233324,18373844,18041348,18857412,18056768,20616480,,27954604,28015920,28415348,26885296,28517200,25097748
184,4,0,0,111301268,164928768,,17275772,18395384,18043192,18868520,18060736,20657664,,28061592,28001340,28405400,26885728,28519744,25054964
185,5,0,0,111292176,164980460,,17325844,18373992,18047084,18896048,18060924,20588284,,28054968,28035208,28396192,26890384,28500228,25103480
186,229,0,0,111160456,165079152,,17236184,18376944,18044236,18881808,18068356,20552928,,28096312,28026232,28419156,26888640,28506624,25142188
187,245,0,0,111136644,165059720,,17239220,18382132,18050368,18875556,18064720,20524648,,28091792,28005440,28405272,26882616,28513328,25161272
188,164,0,0,111116076,164957348,,17205428,18379896,18056304,18872628,18067912,20533908,,28021592,28005272,28409128,26874108,28497648,25149600
189,224,0,0,111208888,164922492,,17291828,18378560,18054404,18875804,18065588,20542704,,28003780,28018596,28425616,26843324,28509444,25121732
190,145,0,0,111249512,164913472,,17343372,18389092,18053712,18883960,18070564,20508812,,27950412,27982472,28399808,26865832,28510376,25204572
191,3,0,0,111350368,164823676,,17429920,18389048,18056300,18891440,18081540,20502120,,27869540,28013828,28390388,26857824,28521200,25170896
192,124,0,0,111180576,164811240,,17272364,18384428,18059580,18883396,18069184,20511624,,27965544,27995076,28359900,26857288,28504228,25129204
193,244,0,0,111281012,164804860,,17314620,18389128,18050844,18889408,18069572,20567440,,27969704,27980376,28392252,26840612,28506916,25115000
194,19,0,0,111313724,164760776,,17357072,18386492,18065252,18895672,18072416,20536820,,27895644,28012076,28400524,26840452,28520560,25091520
195,224,0,0,111310032,164714572,,17352072,18390568,18049736,18901564,18058760,20557332,,27882960,27998648,28397776,26831436,28518824,25084928
196,5,0,0,111479224,164575724,,17470384,18387348,18064936,18896048,18062588,20597920,,27799092,27979872,28410144,26826940,28512700,25046976
197,4,0,0,111261260,164785112,,17327608,18384900,18053264,18899412,18066208,20529868,,27919964,27996408,28396276,26813844,28504380,25154240
198,145,0,0,111277212,164726664,,17253140,18394812,18053548,18899696,18067804,20608212,,27974184,28005624,28389848,26848572,28488964,25019472
199,4,0,0,111496252,164456880,,17422944,18386712,18065452,18893672,18077984,20649488,,27800168,27971388,28393116,26837596,28487680,24966932
200,244,0,0,111334992,164619696,,17320592,18384032,18066080,18900380,18077672,20586236,,27905656,27999172,28390624,26819356,28489384,25015504
201,205,0,0,111230576,164669784,,17285924,18389688,18062552,18910420,18077280,20504712,,27911780,27993464,28374476,26808560,28498252,25083252
202,184,0,0,111335228,164563564,,17334968,18383104,18061068,18909588,18079164,20567336,,27871312,27974604,28373528,26826468,28487212,25030440
203,3,0,0,111470580,164429908,,17430656,18391044,18060040,18906892,18078448,20603500,,27786608,27975384,28382504,26815944,28480076,24989392
204,227,0,0,111359440,164523140,,17322200,18396420,18060984,18904660,18075640,20599536,,27856220,27974484,28380608,26828760,28490632,24992436
205,223,0,0,111290060,164581868,,17280944,18396240,18068932,18925576,18076668,20541700,,27896112,27973860,28381576,26809068,28483368,25037884
206,246,0,0,111374632,164471868,,17309656,18402832,18068900,18920096,18079036,20594112,,27861840,27966304,28372444,26813896,28488408,24968976
207,244,0,0,111394808,164432248,,17356804,18395316,18066788,18921880,18081348,20572672,,27822640,27971904,28381128,26788140,28486612,24981824
208,5,0,0,111483424,164363040,,17396480,18397960,18069756,18920044,18100548,20598636,,27770444,27978664,28374520,26815240,28472372,24951800
209,5,0,0,111428420,164389800,,17411044,18403092,18079808,18927980,18105228,20501268,,27749208,27964668,28364868,26792340,28471836,25046880
210,224,0,0,111371148,164468344,,17320564,18415696,18085636,18940672,18102380,20506200,,27817884,27965416,28387840,26794432,28478896,25023876
211,243,0,0,111414744,164331864,,17296236,18405904,18079924,18926228,18090028,20616424,,27850628,27964828,28345948,26788648,28474644,24907168
212,66,0,0,111516724,164243556,,17416888,18405416,18080364,18933172,18088376,20592508,,27756612,27965628,28355000,26785216,28464628,24916472
213,105,0,0,111451976,164251876,,17288100,18418540,18081720,18946592,18095236,20621788,,27799804,27964784,28344232,26770828,28470436,24901792
214,185,0,0,111486616,164263508,,17350216,18405424,18080460,18959464,18112248,20578804,,27785696,27958608,28364484,26777728,28455148,24921844
215,244,0,0,111328656,164354044,,17195436,18403292,18091944,18931840,18092576,20613568,,27928596,27964772,28341952,26788464,28459580,24870680
216,4,0,0,111487968,164134584,,17372244,18406508,18092620,18930824,18094512,20591260,,27737588,27962504,28345460,26769496,28438456,24881080
217,4,0,0,111501048,164199180,,17362112,18416436,18084184,18937856,18095152,20605308,,27771464,27967240,28364648,26758388,28467720,24869720
218,244,0,0,111442184,164148392,,17280896,18414992,18087164,18943164,18094268,20621700,,27787704,27953432,28340656,26771744,28450324,24844532
219,4,0,0,111569872,164142236,,17378716,18410992,18093808,18952084,18100976,20633296,,27741656,27961528,28348528,26772668,28449464,24868392
220,123,0,0,111424388,164244744,,17288340,18415208,18089668,18940516,18099276,20591380,,27741496,27947140,28326340,26763892,28460620,25005256
221,244,0,0,111554596,164292400,,17323072,18414880,18096172,18950484,18100160,20669828,,27862804,27949272,28332656,26760476,28446608,24940584
222,225,0,0,111479148,164324152,,17325712,18416516,18090792,18956060,18093048,20597020,,27825396,27940600,28344664,26746696,28463104,25003692
223,3,0,0,111589592,164227408,,17368704,18417312,18089532,18957608,18096616,20659820,,27821940,27954728,28339444,26756940,28434380,24919976
224,244,0,0,111547932,164255892,,17395920,18421504,18087800,18952612,18096524,20593572,,27804420,27943900,28331512,26756192,28449336,24970532
225,224,0,0,111474272,164292612,,17298384,18418832,18086876,18956092,18107904,20606184,,27879604,27936596,28331100,26745484,28439400,24960428
226,4,0,0,111637772,164150432,,17453452,18421112,18083720,18963000,18114988,20601500,,27743560,27931492,28339368,26741180,28441812,24953020
227,5,0,0,111651704,164149100,,17494012,18426096,18086732,18974884,18100080,20569900,,27710492,27938500,28328720,26737728,28449176,24984484
228,172,0,0,111569224,164215472,,17335960,18428372,18098452,18976888,18108304,20621248,,27847092,27917956,28328860,26743052,28445844,24932668
229,203,0,0,111548632,164191040,,17354908,18430452,18089128,18968672,18101860,20603612,,27845396,27922436,28336132,26733028,28442404,24911644
230,202,0,0,111603376,164076984,,17361352,18427480,18081500,18966908,18107824,20658312,,27776248,27924868,28329068,26736508,28430156,24880136
231,126,0,0,111741656,164028148,,17494832,18433088,18089980,18981640,18109508,20632608,,27713660,27928120,28338016,26720644,28424200,24903508
232,4,0,0,111822784,163902760,,17540224,18440636,18087168,18985992,18120840,20647924,,27632200,27922812,28331912,26711692,28428832,24875312
233,244,0,0,111683944,164016780,,17397212,18448416,18092364,18983564,18129712,20632676,,27761076,27890636,28329440,26720536,28423612,24891480
234,4,0,0,111897364,163834756,,17536404,18452668,18097988,18991748,18123088,20695468,,27626172,27906524,28328960,26729316,28421920,24821864
235,244,0,0,111719208,163944964,,17395612,18466372,18095660,18993552,18123912,20644100,,27704396,27894584,28328116,26694696,28422104,24901068
236,226,0,0,111743044,163911048,,17382052,18453148,18092908,19008584,18139844,20666508,,27752512,27904828,28314868,26700748,28388836,24849256
237,244,0,0,111831116,163864936,,17419984,18459084,18096244,19002884,18147712,20705208,,27710592,27887344,28336340,26716512,28407416,24806732
238,224,0,0,111747212,163832824,,17364496,18458492,18097504,18995348,18142996,20688376,,27705508,27880624,28320932,26700540,28402056,24823164
239,104,0,0,111780444,163922604,,17375952,18458068,18098832,19000160,18150128,20697304,,27739520,27899428,28313676,26706152,28410084,24853744
240,15,0,0,111852516,163701180,,17505540,18448872,18098004,18993180,18152008,20654912,,27553412,27909132,28319320,26694120,28405544,24819652
241,3,0,0,111908876,163752148,,17540860,18443972,18100392,19003476,18148088,20672088,,27592708,27918292,28320576,26693564,28401912,24825096
242,224,0,0,111753032,163810156,,17392316,18447716,18098164,18990276,18156324,20668236,,27686596,27908660,28319172,26708624,28375008,24812096
243,5,0,0,111905800,163665276,,17485128,18448308,18099752,18992504,18148616,20731492,,27592940,27896604,28316048,26691588,28385268,24782828
244,200,0,0,111694836,163799952,,17342136,18461080,18103772,19000560,18148904,20638384,,27727508,27891348,28294656,26688316,28385620,24812504
245,244,0,0,111710480,163795908,,17341384,18455792,18105804,18997056,18160792,20649652,,27713048,27889724,28309968,26684884,28381656,24816628
246,4,0,0,111928828,163639320,,17493544,18460600,18107040,19011524,18151704,20704416,,27595016,27889460,28313060,26691928,28377796,24772060
247,4,0,0,111914476,163674316,,17423864,18451324,18105548,19002508,18153268,20777964,,27682440,27894984,28312872,26692244,28387004,24704772
248,224,0,0,111420868,164121140,,17300472,18395960,18032984,18937532,18071456,20682464,,27730800,27956344,28397164,26768892,28482552,24785388
249,4,0,0,111601172,164079144,,17454584,18395924,18046804,18938552,18074536,20690772,,27631992,27977240,28390232,26774972,28513128,24791580
250,243,0,0,111539608,164122780,,17434556,18401916,18029684,18930696,18073552,20669204,,27661740,27984060,28404552,26773780,28484508,24814140
251,4,0,0,111620168,164026184,,17490012,18388856,18041592,18933600,18063956,20702152,,27607276,27984668,28404792,26766080,28511236,24752132
252,179,0,0,111668020,163917304,,17459756,18400256,18045496,18934268,18065552,20762692,,27644660,27962400,28382648,26748108,28477340,24702148
253,184,0,0,111470460,164128112,,17340944,18390156,18027928,18933896,18067912,20709624,,27766184,27970824,28394472,26756324,28492152,24748156
254,239,0,0,111475132,164089404,,17402196,18404692,18032472,18952520,18068396,20614856,,27685764,27970688,28392740,26741984,28482928,24815300
255,204,0,0,111556592,164031704,,17393264,18398796,18036444,18950660,18063152,20714276,,27698916,27966840,28384800,26751120,28491600,24738428
256,4,0,0,111719536,163899140,,17440980,18403936,18048736,18972592,18098980,20754312,,27662304,27972288,28377328,26727524,28496216,24663480
257,205,0,0,111620276,163926460,,17447216,18404408,18035972,18963424,18071108,20698148,,27599928,27955544,28398636,26748104,28487112,24737136
258,5,0,0,111582344,164130288,,17484696,18394900,18034244,18973576,18075680,20619248,,27594404,27972092,28401064,26734940,28485612,24942176
259,244,0,0,111834148,164042080,,17548332,18402840,18054652,18984660,18083488,20760176,,27669460,27976756,28379380,26703784,28476852,24835848
260,84,0,0,111653992,164169160,,17513128,18404104,18036008,18986856,18069940,20643956,,27669736,27975912,28388604,26711140,28482316,24941452
261,5,0,0,111616380,164187100,,17499396,18400516,18032952,18985788,18073516,20624212,,27722052,27959116,28388812,26705832,28465400,24945888
262,244,0,0,111754888,164059652,,17530036,18409628,18066604,19004360,18085164,20659096,,27670044,27954992,28375260,26682188,28461936,24915232
263,144,0,0,111688832,164107020,,17542788,18412412,18035184,18990632,18089352,20618464,,27641756,27968808,28390092,26697208,28469484,24939672
264,74,0,0,111704556,164165576,,17517004,18403544,18050992,18995068,18095336,20642612,,27741668,27947632,28378816,26689396,28451400,24956664
265,4,0,0,111760152,164076748,,17505592,18397948,18072168,19010968,18097492,20675984,,27706524,27967872,28357092,26681052,28456128,24908080
266,125,0,0,111870628,163934896,,17602132,18434208,18050468,19009332,18085004,20689484,,27576664,27938460,28368908,26704532,28454824,24891508
267,4,0,0,111822200,163954536,,17496504,18414580,18063668,19006240,18097376,20743832,,27706692,27925940,28349876,26688540,28447164,24836324
268,175,0,0,111870824,163896384,,17579748,18417884,18051596,18989040,18085844,20746712,,27645616,27939024,28367880,26695588,28447820,24800456
269,184,0,0,111871240,163911172,,17531768,18415168,18066296,19009236,18105080,20743692,,27648536,27929712,28346444,26675800,28444532,24866148
270,86,0,0,111830696,163943880,,17589264,18416240,18052900,18999564,18096920,20675808,,27596616,27945324,28356396,26689680,28450564,24905300
271,19,0,0,111875308,163898632,,17543940,18414440,18062392,18996372,18133872,20724292,,27656276,27946724,28350620,26678540,28431284,24835188
272,223,0,0,111902468,163876564,,17565256,18421708,18073560,19006624,18126592,20708728,,27648308,27929452,28343196,26685712,28433344,24836552
273,224,0,0,111922908,163817428,,17551920,18438632,18083308,19005616,18129372,20714060,,27648608,27921112,28326620,26661192,28408756,24851140
274,124,0,0,112022652,163971028,,17561320,18438352,18078652,19011204,18114144,20818980,,27615412,27913704,28349592,26685192,28451244,24955884
275,6,0,0,111971772,163994592,,17647608,18424440,18076364,19000016,18105068,20718276,,27653348,27936896,28345652,26684948,28434880,24938868
276,4,0,0,111903128,164071776,,17488600,18441896,18077040,19027408,18104156,20764028,,27811476,27918164,28338184,26643616,28438412,24921924
277,244,0,0,111906036,164053924,,17507432,18423412,18081344,19018920,18119368,20755560,,27800176,27920316,28352136,26655672,28429996,24895628
278,225,0,0,111985768,163970044,,17587524,18425744,18083952,19019452,18110540,20758556,,27715280,27924020,28328924,26641792,28437532,24922496
279,74,0,0,112007724,163975748,,17570540,18428372,18092036,19037132,18111152,20768492,,27733520,27918720,28315312,26664124,28435728,24908344
280,117,0,0,111905984,163998972,,17571932,18426544,18092900,19027768,18109864,20676976,,27742708,27918084,28315940,26662920,28416184,24943136
281,4,0,0,112020684,163947900,,17584488,18438680,18106636,19026104,18122156,20742620,,27727704,27926576,28290292,26664936,28411152,24927240
282,3,0,0,111960680,163959972,,17552896,18433268,18104876,19017796,18113180,20738664,,27730456,27918368,28296976,26654792,28432212,24927168
283,165,0,0,111958208,163971652,,17454488,18432112,18108968,19023644,18124064,20814932,,27850324,27919400,28297364,26654636,28417224,24832704
284,3,0,0,111987932,163947392,,17480848,18432400,18096884,19021188,18111204,20845408,,27809864,27893132,28309164,26659792,28432992,24842448
285,244,0,0,112010576,163886824,,17531144,18429824,18095000,19035428,18112752,20806428,,27765920,27899880,28301676,26654580,28427768,24837000
286,84,0,0,111956448,163912588,,17527784,18437668,18108392,19032796,18134596,20715212,,27744476,27915032,28270812,26635892,28390932,24955444
287,5,0,0,111998860,163891668,,17529948,18435056,18106628,19030328,18115108,20781792,,27755612,27895020,28300908,26655192,28400624,24884312
288,244,0,0,111974596,163936036,,17563116,18444320,18073476,19032932,18116560,20744192,,27736036,27912032,28332364,26641384,28416116,24898104
289,84,0,0,112003248,163898944,,17507300,18468512,18095076,19056276,18134744,20741340,,27795520,27891672,28326708,26603696,28387248,24894100
290,4,0,0,112005944,163884756,,17517276,18441624,18076524,19040432,18119100,20810988,,27746740,27903624,28323456,26639196,28422468,24849272
291,204,0,0,111994776,163901984,,17531216,18440384,18078200,19041776,18120908,20782292,,27738676,27908948,28332860,26636788,28416412,24868300
292,5,0,0,112147308,163757232,,17563408,18452888,18103880,19057256,18121064,20848812,,27712252,27904900,28303548,26612660,28415460,24808412
293,4,0,0,112069596,164145180,,17511916,18446032,18085084,19040916,18122488,20863160,,27806876,27916684,28317128,26616700,28409008,25078784
294,165,0,0,112007632,164380884,,17458580,18464728,18089072,19063620,18133200,20798432,,28048016,27898552,28316036,26585220,28414820,25118240
295,5,0,0,111974828,164372268,,17529944,18440800,18090516,19051476,18124880,20737212,,27981892,27899476,28323892,26601308,28395364,25170336
296,245,0,0,111974720,164446908,,17554712,18440360,18088356,19049516,18129384,20712392,,28002028,27904500,28312972,26613784,28407096,25206528
297,4,0,0,111999908,164392524,,17600640,18457000,18087728,19066876,18127672,20659992,,27939936,27890344,28314164,26609292,28406760,25232028
298,4,0,0,111917808,164441408,,17548612,18445488,18089824,19048080,18129964,20655840,,28006520,27896068,28294092,26617164,28402444,25225120
299,4,0,0,112017608,164389400,,17532044,18458408,18093352,19055716,18135576,20742512,,28011864,27879052,28311964,26605712,28409556,25171252
300,154,0,0,112105740,164260952,,17544396,18466252,18094160,19093152,18149092,20758688,,27985656,27865592,28317868,26569560,28386308,25135968
301,5,0,0,112125136,164295184,,17611316,18456720,18101748,19060348,18142552,20752452,,27963228,27898640,28301452,26588000,28399256,25144608
302,231,0,0,112217628,164184516,,17631920,18449984,18098812,19074532,18147184,20815196,,27920600,27887632,28302424,26589936,28394976,25088948
303,4,0,0,112225204,164135348,,17628020,18470408,18100100,19093340,18153676,20779660,,27873972,27884848,28292228,26570588,28374908,25138804
304,104,0,0,112236560,164118260,,17574360,18468200,18100420,19074636,18140052,20878892,,27968756,27876488,28294616,26575756,28382340,25020304
305,5,0,0,112195964,164142348,,17554916,18453024,18112120,19078536,18149436,20847932,,27980656,27868076,28288812,26567752,28380260,25056792
306,217,0,0,112135300,164241868,,17538392,18472236,18109172,19094328,18149016,20772156,,27996376,27864584,28288908,26568280,28378564,25145156
307,84,0,0,112332104,164038476,,17619564,18470488,18102636,19119072,18145464,20874880,,27908288,27874420,28298196,26552640,28384744,25020188
308,5,0,0,112288132,164112992,,17538068,18460472,18107696,19093616,18139120,20949160,,28014384,27878164,28308068,26555024,28391360,24965992
309,185,0,0,112294324,163988400,,17621360,18470656,18113148,19092804,18143720,20852636,,27884064,27880836,28277616,26554256,28361480,25030148
310,139,0,0,112248708,164066012,,17597944,18469060,18102180,19080284,18146052,20853188,,27932324,27863872,28295148,26563640,28367716,25043312
311,204,0,0,112233808,163999408,,17532280,18486148,18120700,19079752,18162904,20852024,,27956796,27846036,28275560,26544916,28363168,25012932
312,244,0,0,112391088,163956880,,17630440,18490260,18119660,19114848,18167388,20868492,,27886516,27853660,28281872,26553940,28349860,25031032
313,4,0,0,112175964,164178984,,17603772,18477560,18109248,19085640,18148332,20751412,,27948540,27847068,28271764,26564676,28376664,25170272
314,244,0,0,112397620,163975244,,17621108,18483008,18124072,19089380,18158208,20921844,,27937316,27854724,28270804,26559120,28368680,24984600
315,231,0,0,112296912,164033892,,17549168,18497632,18120532,19096656,18166288,20866636,,28002132,27831964,28274840,26543644,28361284,25020028
316,4,0,0,112208244,164127516,,17564396,18497812,18110504,19096444,18162276,20776812,,27975688,27824320,28291408,26547660,28365124,25123316
317,4,0,0,112469416,163946196,,17673260,18499624,18120804,19094716,18167952,20913060,,27857500,27829092,28269964,26543220,28348060,25098360
318,4,0,0,112172208,164105204,,17512136,18499996,18105432,19108476,18164808,20781360,,27985224,27829540,28293420,26545908,28359800,25091312
319,184,0,0,112392452,163925620,,17607328,18505400,18112016,19096828,18185856,20885024,,27936216,27824232,28266504,26541512,28347292,25009864
320,4,0,0,112297632,164015048,,17572552,18514716,18110780,19119496,18195260,20784828,,27945252,27813436,28287664,26523840,28330952,25113904
321,244,0,0,112337716,163990312,,17571680,18526332,18117588,19123084,18178628,20820404,,27948808,27826704,28276508,26499884,28346228,25092180
322,4,0,0,112439088,163965736,,17597200,18508636,18122072,19110032,18182944,20918204,,27931836,27821528,28247292,26514468,28333120,25117492
323,203,0,0,112423280,163893264,,17591016,18505588,18132012,19111736,18191596,20891332,,27951656,27832912,28245668,26524380,28323172,25015476
324,244,0,0,112372096,163896120,,17580532,18506844,18121536,19130184,18213280,20819720,,27950896,27814428,28257564,26513216,28316276,25043740
325,5,0,0,112379656,163839708,,17622864,18486792,18123636,19126244,18190356,20829764,,27882084,27834976,28261372,26481404,28326156,25053716
326,244,0,0,112506084,163764344,,17687128,18487540,18137420,19126360,18187772,20879864,,27858220,27834332,28248740,26511352,28313780,24997920
327,5,0,0,112484916,163784112,,17653584,18491256,18124220,19139212,18201324,20875320,,27871872,27840476,28249532,26504272,28313248,25004712
328,226,0,0,112558124,163741376,,17714520,18521776,18134064,19143844,18192168,20851752,,27826660,27828120,28243668,26478460,28325064,25039404
329,5,0,0,112541368,163740628,,17681228,18495224,18140496,19134128,18201868,20888424,,27822180,27832408,28247132,26501428,28329364,25008116
330,244,0,0,112596040,163663240,,17699800,18521032,18131252,19144984,18190236,20908736,,27817792,27808188,28243676,26490416,28320884,24982284
331,164,0,0,112452780,163812608,,17646120,18492584,18130976,19138888,18180588,20863624,,27880292,27834972,28256364,26495148,28324884,25020948
332,6,0,0,112548832,163803484,,17674080,18491764,18166332,19144636,18187072,20884948,,27839856,27829580,28227424,26486556,28335580,25084488
333,185,0,0,112454260,163807096,,17671552,18500976,18134932,19144988,18188756,20813056,,27894660,27803220,28228020,26453108,28322948,25105140
334,203,0,0,112411284,163952600,,17602196,18506264,18147264,19143112,18189596,20822852,,27947484,27812472,28239200,26483548,28317996,25151900
335,184,0,0,112487604,163817780,,17616688,18528928,18150828,19153760,18207448,20829952,,27920388,27796120,28241508,26467516,28301700,25090548
336,230,0,0,112438728,163881608,,17510784,18504884,18141444,19147264,18208356,20925996,,28058348,27798452,28234000,26493572,28294012,25003224
337,5,0,0,112378504,163933188,,17683680,18506356,18133388,19163192,18193996,20697892,,27874436,27807244,28235900,26455752,28303608,25256248
338,243,0,0,112534192,163799036,,17663340,18502852,18151012,19153416,18197496,20866076,,27949004,27801568,28233172,26475892,28303932,25035468
339,4,0,0,112528880,163757992,,17644608,18503020,18136036,19172048,18198464,20874704,,27911708,27801816,28239124,26452696,28293484,25059164
340,206,0,0,112567296,163778752,,17658116,18509276,18139800,19163800,18198168,20898136,,27908872,27827024,28234924,26465428,28304852,25037652
341,125,0,0,112648076,163619392,,17737628,18511288,18142624,19152200,18201064,20903272,,27824908,27800580,28215124,26467440,28297600,25013740
342,184,0,0,112590904,163694084,,17618760,18524204,18144776,19155644,18200996,20946524,,27939616,27803952,28225464,26460888,28302812,24961352
343,4,0,0,112634000,163705260,,17690156,18530680,18144896,19165812,18215736,20886720,,27843168,27794464,28245596,26465676,28301116,25055240
344,165,0,0,112679744,163660000,,17700340,18530288,18143668,19156188,18196648,20952612,,27847704,27794628,28236372,26476464,28315516,24989316
345,143,0,0,112569708,163755220,,17658736,18512804,18157564,19164316,18219236,20857052,,27913856,27798772,28226612,26463348,28293572,25059060
346,125,0,0,112448960,163864560,,17633276,18530960,18135196,19206196,18202120,20741212,,27914560,27790916,28242008,26437580,28315740,25163756
347,3,0,0,112658160,163663260,,17679548,18527876,18154548,19176364,18221248,20898576,,27908700,27792120,28228976,26443868,28287464,25002132
348,244,0,0,112715828,163590228,,17711848,18543656,18144484,19188772,18215708,20911360,,27834428,27770404,28230656,26434084,28308424,25012232
349,244,0,0,112690580,163671276,,17704664,18544808,18146104,19209248,18209264,20876492,,27872436,27774868,28226192,26429732,28289068,25078980
350,4,0,0,112689524,163594788,,17646944,18532472,18161552,19191404,18220208,20936944,,27927740,27769824,28210604,26426360,28288920,24971340
351,245,0,0,112655048,163630952,,17598048,18548496,18149056,19213972,18237420,20908056,,27927132,27782676,28230912,26396752,28265844,25027636
352,244,0,0,112719168,163586944,,17668272,18550340,18146972,19223032,18220000,20910552,,27888592,27770572,28226528,26391508,28270968,25038776
353,164,0,0,112545180,163723396,,17584012,18533724,18156236,19206700,18223092,20841416,,27958720,27761512,28211292,26410612,28283884,25097376
354,5,0,0,112668200,163650476,,17646832,18548896,18148980,19216780,18240644,20866068,,27916924,27766420,28218948,26408580,28276292,25063312
355,244,0,0,112631592,163584612,,17657156,18537948,18166012,19202632,18226208,20841636,,27884372,27765104,28194824,26415876,28271020,25053416
356,5,0,0,112730488,163560600,,17704400,18555756,18147280,19204628,18243536,20874888,,27850776,27763148,28216532,26403208,28269008,25057928
357,244,0,0,112744940,163616036,,17664120,18547464,18152156,19218624,18231800,20930776,,27985420,27754932,28213176,26384968,28267788,25009752
358,85,0,0,112767220,163461124,,17683700,18533396,18156068,19216536,18233176,20944344,,27867196,27765120,28208456,26383736,28260616,24976000
359,90,0,0,112814132,163412608,,17665316,18566320,18159380,19233380,18235364,20954372,,27866316,27745144,28212756,26373720,28244588,24970084
360,204,0,0,112682640,163556432,,17546124,18546548,18169288,19229668,18244864,20946148,,28000224,27759852,28197332,26393620,28237540,24967864
361,244,0,0,112776004,163480156,,17651020,18562788,18166076,19228760,18249360,20918000,,27893452,27761440,28200788,26389636,28231300,25003540
362,184,0,0,112710304,163533504,,17641184,18546852,18161864,19224544,18236276,20899584,,27878864,27757768,28189272,26377792,28272208,25057600
363,94,0,0,112793396,163540240,,17737548,18560960,18161888,19233792,18258560,20840648,,27926020,27740380,28203772,26361748,28256340,25051980
364,4,0,0,112787048,163475708,,17694368,18548408,18172952,19222700,18239320,20909300,,27857824,27759668,28176992,26382440,28240096,25058688
365,224,0,0,112804772,163470392,,17689020,18544820,18173648,19228404,18242756,20926124,,27886880,27759184,28172644,26374676,28245736,25031272
366,5,0,0,112786972,163495132,,17736128,18575420,18166012,19227328,18261604,20820480,,27835916,27722220,28200900,26374772,28232668,25128656
367,65,0,0,112857956,163454620,,17694812,18550756,18170160,19230484,18243788,20967956,,27906908,27748744,28187348,26358680,28257864,24995076
368,223,0,0,112766180,163491820,,17628860,18569636,18178144,19253848,18240196,20895496,,27957688,27734756,28192944,26344372,28250604,25011456
369,243,0,0,112923592,163395344,,17755184,18555452,18183192,19240092,18247692,20941980,,27873876,27741120,28165296,26363468,28240844,25010740
370,6,0,0,112977768,163276620,,17729916,18562572,18166616,19236516,18261296,21020852,,27848000,27720464,28179976,26363780,28222476,24941924
371,245,0,0,112912092,163332176,,17702780,18573004,18179716,19237524,18252560,20966508,,27854960,27724920,28186676,26347648,28241196,24976776
372,6,0,0,112909252,163328556,,17711892,18555220,18195704,19236484,18248732,20961220,,27867956,27734396,28161756,26361748,28249068,24953632
373,5,0,0,112855388,163374200,,17676436,18565072,18181956,19238936,18265920,20927068,,27900608,27736864,28162716,26353336,28209848,25010828
374,225,0,0,112895756,163338948,,17687956,18569656,18179672,19253916,18257700,20946856,,27877916,27719880,28174356,26334208,28250932,24981656
375,5,0,0,112970584,163232784,,17705264,18564680,18197464,19249156,18244608,21009412,,27850628,27734432,28166836,26318076,28238748,24924064
376,154,0,0,112784860,163398316,,17638040,18569196,18181348,19242552,18242212,20911512,,27917984,27715840,28163804,26341916,28230784,25027988
377,4,0,0,112941072,163282044,,17726940,18562624,18183364,19247724,18255732,20964688,,27859856,27727464,28172400,26333940,28234860,24953524
378,3,0,0,112965036,163250864,,17714884,18563104,18197320,19264944,18246976,20977808,,27818316,27717680,28173380,26344740,28230292,24966456
379,201,0,0,112955984,163294288,,17709600,18579652,18183960,19277764,18244608,20960400,,27859996,27726764,28155076,26318532,28251568,24982352
380,83,0,0,113047572,163206548,,17758244,18564028,18201600,19260872,18249256,21013572,,27864168,27713900,28145848,26321788,28228628,24932216
381,200,0,0,112896804,163284264,,17660460,18561908,18205328,19256108,18252252,20960748,,27886140,27732944,28145824,26319176,28226608,24973572
382,125,0,0,112986380,163201472,,17669344,18564572,18202644,19271500,18268460,21009860,,27879748,27724420,28141148,26310484,28217004,24928668
383,245,0,0,113018188,163192028,,17681172,18581212,18207148,19275584,18256248,21016824,,27854956,27709032,28141496,26319388,28216356,24950800
384,244,0,0,112945196,163272708,,17625464,18579796,18217592,19274056,18257548,20990740,,27946028,27706852,28126604,26312252,28225508,24955464
385,5,0,0,113001500,163235616,,17696484,18587600,18210616,19303968,18255868,20946964,,27889448,27693772,28125596,26299620,28229704,24997476
386,154,0,0,113102408,163092528,,17778216,18585236,18221556,19282344,18266284,20968772,,27796920,27697348,28126180,26289968,28205124,24976988
387,123,0,0,113128512,163083220,,17800004,18567988,18226472,19272692,18261604,20999752,,27784348,27715456,28122896,26293240,28201184,24966096
388,5,0,0,113188984,162998604,,17804744,18577288,18212240,19276956,18278612,21039144,,27751024,27715956,28129264,26314524,28175920,24911916
389,74,0,0,113230768,163005772,,17843772,18607312,18213544,19294924,18265068,21006148,,27776976,27703840,28114524,26278844,28205392,24926196
390,3,0,0,113122844,163038712,,17768416,18581660,18213192,19291696,18268760,20999120,,27787452,27693808,28114068,26292376,28203300,24947708
391,239,0,0,113170768,163043740,,17803924,18587676,18210272,19294372,18275776,20998748,,27752668,27698548,28163408,26279532,28184024,24965560
392,124,0,0,113175244,163040504,,17814184,18588568,18201500,19303032,18290452,20977508,,27774456,27694104,28148812,26268220,28192080,24962832
393,184,0,0,113189688,163007580,,17849260,18602104,18204784,19303132,18285068,20945340,,27705592,27688336,28128556,26275260,28190780,25019056
394,74,0,0,113292684,162901004,,17794360,18606716,18223416,19319356,18285352,21063484,,27781688,27680812,28121452,26245528,28188028,24883496
395,4,0,0,113304188,162881680,,17843524,18631212,18207028,19338332,18300048,20984044,,27734452,27658400,28134072,26228536,28174924,24951296
396,4,0,0,113322788,162865584,,17822892,18613968,18218772,19322132,18301128,21043896,,27745508,27673160,28109880,26255028,28175272,24906736
397,184,0,0,113313096,162881940,,17847416,18613084,18205996,19320372,18312888,21013340,,27714500,27672472,28136536,26257220,28161652,24939560
398,4,0,0,113218232,162951048,,17857188,18616172,18216876,19309628,18301332,20917036,,27696840,27671772,28135748,26259664,28172172,25014852
399,84,0,0,113283584,162860468,,17849544,18613372,18218452,19308472,18309308,20984436,,27699468,27677240,28111788,26257540,28142924,24971508
400,203,0,0,113258616,163026596,,17841484,18614712,18222684,19317300,18305336,20957100,,27758304,27668372,28128440,26254600,28175580,25041300
401,245,0,0,113190160,162972224,,17778448,18607600,18222616,19307848,18318824,20954824,,27798460,27661736,28098692,26242776,28141464,25029096
402,3,0,0,113151372,163063344,,17844800,18603328,18224420,19311104,18306404,20861316,,27742616,27684704,28114204,26242496,28171436,25107888
403,158,0,0,113048048,163150716,,17667568,18605372,18209888,19348340,18308028,20908852,,27888404,27679052,28122332,26236328,28159824,25064776
404,85,0,0,113180336,163040384,,17747336,18608332,18220760,19321908,18302012,20979988,,27826740,27670720,28139788,26237740,28164668,25000728
405,123,0,0,113240300,162995796,,17770052,18625004,18210752,19342328,18302768,20989396,,27809288,27644232,28140612,26235552,28170552,24995560
406,5,0,0,113329124,162848200,,17823748,18615488,18224320,19326368,18292828,21046372,,27764316,27651672,28102448,26244708,28162444,24922612
407,206,0,0,113397256,162842912,,17861244,18615780,18226652,19331068,18313272,21049240,,27763452,27657604,28102468,26230468,28176136,24912784
408,4,0,0,113360524,162825080,,17857712,18624500,18208428,19329868,18296744,21043272,,27748688,27636640,28130848,26219072,28168172,24921660
409,224,0,0,113236252,162964188,,17780628,18612428,18228876,19329408,18300468,20984444,,27830692,27660824,28095468,26226172,28162080,24988952
410,4,0,0,113313656,162876820,,17816312,18632912,18213808,19334640,18325732,20990252,,27788428,27627916,28109752,26234484,28152524,24963716
411,8,0,0,113317744,162908656,,17851900,18622104,18234412,19352112,18307204,20950012,,27744348,27664380,28094880,26218400,28161196,25025452
412,223,0,0,113407528,162809472,,17843020,18636388,18227396,19344784,18322804,21033136,,27751144,27643184,28110464,26207760,28141532,24955388
413,4,0,0,113408308,162774216,,17840416,18631940,18235576,19346468,18307852,21046056,,27753996,27635896,28087044,26211516,28145928,24939836
414,184,0,0,113314576,162947416,,17721288,18617468,18221200,19351684,18331160,21071776,,27972764,27657256,28105980,26210968,28132780,24867668
415,184,0,0,113144052,162975792,,17691592,18626688,18223484,19352136,18325708,20924444,,27893104,27637180,28102092,26177728,28144660,25021028
416,244,0,0,113398496,162739996,,17772508,18616224,18237860,19361452,18310176,21100276,,27814124,27642012,28089544,26209120,28145436,24839760
417,164,0,0,113250216,162929344,,17752636,18621464,18229916,19358260,18314196,20973744,,27871392,27638328,28096888,26196684,28128188,24997864
418,4,0,0,113382308,162793232,,17770548,18639924,18226052,19371284,18313484,21061016,,27858148,27617648,28089212,26173816,28141556,24912852
419,245,0,0,113413648,162822076,,17743036,18626724,18230800,19390996,18324524,21097568,,27883756,27626776,28080596,26174972,28144968,24911008
420,224,0,0,113320436,162825484,,17736008,18625788,18266852,19367804,18318656,21005328,,27824736,27633564,28089972,26176224,28137628,24963360
421,244,0,0,113408188,162742912,,17767488,18628540,18239036,19363628,18330472,21079024,,27836452,27632476,28070708,26172208,28133992,24897076
422,245,0,0,113551048,162555312,,17807576,18653984,18237620,19395700,18324888,21131280,,27778012,27598904,28066004,26160236,28122964,24829192
423,225,0,0,113380160,162786740,,17770952,18651844,18240176,19371800,18351532,20993856,,27823536,27619736,28086228,26172984,28108508,24975748
424,4,0,0,113577368,162598036,,17818380,18642736,18256492,19397632,18329000,21133128,,27778976,27624440,28073720,26152196,28134996,24833708
425,239,0,0,113569160,162606920,,17840320,18643740,18274972,19376080,18332964,21101084,,27752484,27611936,28076684,26171944,28120916,24872956
426,5,0,0,113578076,162547968,,17857400,18652320,18243968,19388296,18339756,21096336,,27743408,27606432,28067592,26146220,28102664,24881652
427,185,0,0,113409116,162675764,,17819956,18645300,18260304,19381504,18331608,20970444,,27757940,27613728,28044468,26148988,28123664,24986976
428,5,0,0,113501620,162565088,,17818472,18647692,18248880,19382828,18344540,21059208,,27745472,27611348,28055348,26150020,28103608,24899292
429,244,0,0,113525612,162534164,,17884432,18655700,18245268,19383616,18335764,21020832,,27676840,27590136,28069488,26147780,28115088,24934832
430,5,0,0,113565940,162531708,,17829188,18665760,18259344,19382704,18332260,21096684,,27737328,27604312,28058028,26148924,28111412,24871704
431,180,0,0,113405572,162672228,,17746644,18652892,18259560,19389140,18331296,21026040,,27822356,27596000,28050696,26139840,28117412,24945924
432,4,0,0,113510032,162545284,,17844584,18651392,18245852,19383364,18351812,21033028,,27735260,27588736,28049136,26145244,28099632,24927276
433,245,0,0,113668112,162476352,,17879312,18652392,18257804,19405504,18342692,21130408,,27706940,27601028,28050892,26126032,28125204,24866256
434,4,0,0,113605948,162513884,,17897576,18652088,18243784,19404716,18361328,21046456,,27716532,27582920,28058168,26127348,28099728,24929188
435,224,0,0,113473732,162608004,,17765000,18666692,18245000,19412052,18345168,21039820,,27810612,27572116,28055360,26106332,28108420,24955164
436,4,0,0,113575904,162549604,,17802272,18654548,18253064,19411636,18346884,21107500,,27808408,27586544,28059208,26121940,28098424,24875080
437,245,0,0,113680200,162395004,,17888960,18652780,18253304,19418048,18359612,21107496,,27685796,27600000,28056216,26106220,28076732,24870040
438,203,0,0,113708940,162452672,,17861932,18658256,18276488,19449184,18353144,21109936,,27753972,27587644,28034696,26093024,28101244,24882092
439,228,0,0,113716264,162420968,,17861220,18660060,18268256,19424540,18347340,21154848,,27779068,27572788,28038728,26093156,28094544,24842684
440,4,0,0,113695832,162426560,,17827736,18679184,18256088,19426968,18349508,21156348,,27781684,27571004,28040392,26096624,28094388,24842468
441,244,0,0,113607360,162534348,,17795780,18653700,18254400,19441700,18354644,21107136,,27818040,27607088,28064128,26075544,28078888,24890660
442,4,0,0,113694232,162436944,,17880148,18661996,18259816,19413252,18368032,21110988,,27743336,27582076,28057612,26099228,28072432,24882260
443,243,0,0,113636728,162454224,,17845392,18673116,18253880,19422400,18356164,21085776,,27738200,27573472,28050400,26106808,28085532,24899812
444,5,0,0,113628360,162474900,,17813112,18659356,18267704,19423040,18357944,21107204,,27792192,27571700,28036336,26095096,28087812,24891764
445,245,0,0,113636008,162419252,,17779400,18672584,18255936,19427792,18373576,21126720,,27799396,27564964,28050580,26078820,28073400,24852092
446,84,0,0,113591816,162504056,,17712048,18669636,18256572,19445484,18371880,21136196,,27874336,27585116,28028116,26075540,28077036,24863912
447,5,0,0,113694912,162423648,,17782888,18666488,18262192,19432372,18385508,21165464,,27828540,27569588,28029740,26079812,28048096,24867872
448,5,0,0,113678560,162382768,,17822076,18679888,18264728,19463060,18373852,21074956,,27766140,27564392,28035320,26073368,28075648,24867900
449,223,0,0,113727104,162350084,,17780972,18667536,18263348,19458064,18365188,21191996,,27800720,27567684,28044320,26066600,28065560,24805200
450,4,0,0,113718012,162338952,,17811672,18666652,18264944,19435668,18378296,21160780,,27786996,27580196,28036168,26084104,28057812,24793676
451,204,0,0,113684200,162406492,,17843024,18693788,18267204,19441636,18366880,21071668,,27771176,27557532,28040652,26055336,28059052,24922744
452,84,0,0,113700416,162414768,,17816856,18672660,18279984,19459708,18365956,21105252,,27792808,27569352,28017032,26075316,28058056,24902204
453,3,0,0,113757224,162393752,,17861132,18672956,18262636,19444380,18381620,21134500,,27752800,27568856,28025188,26090848,28060164,24895896
454,185,0,0,113735148,162304996,,17791204,18689064,18272348,19466672,18373652,21142208,,27812720,27519984,28018988,26040592,28070640,24842072
455,105,0,0,113788224,162339176,,17889132,18701952,18290896,19458972,18363188,21084084,,27710400,27550080,27997872,26057324,28066276,24957224
456,94,0,0,113808380,162245000,,17859752,18683760,18282096,19477836,18367148,21137788,,27765232,27539184,28006400,26053704,28057256,24823224
457,4,0,0,113738576,162328196,,17812520,18684096,18278928,19460872,18385400,21116760,,27808456,27546532,28024880,26041852,28033420,24873056
458,230,0,0,113976604,162134680,,17973684,18683980,18270216,19481296,18384712,21182716,,27664740,27567968,28008380,26055492,28043888,24794212
459,104,0,0,113953628,162120540,,17910464,18692380,18270320,19483248,18365688,21231528,,27688384,27551872,28025516,26019560,28060428,24774780
460,5,0,0,113776208,162225960,,17844252,18681548,18270836,19467024,18384380,21128168,,27729044,27545644,28033008,26036856,28032732,24848676
461,171,0,0,114010528,162095760,,17991076,18680896,18270548,19469976,18390808,21207224,,27645232,27559016,28034452,26035408,28036736,24784916
462,4,0,0,114050164,162002872,,17960568,18684600,18274708,19482764,18367104,21280420,,27628712,27557884,28019184,26021632,28069020,24706440
463,245,0,0,113863072,162222660,,17845412,18690868,18281928,19480132,18373316,21191416,,27756664,27540764,28009448,26034356,28058332,24823096
464,4,0,0,113935808,162145724,,17920412,18707352,18271392,19470956,18389388,21176308,,27698720,27538064,28036128,26035048,28034856,24802908
465,223,0,0,113765788,162309056,,17817740,18688792,18273316,19487864,18384116,21113960,,27799568,27550420,28007384,26025828,28037704,24888152
466,5,0,0,113861900,162221348,,17865720,18696164,18283088,19464736,18393476,21158716,,27710728,27538384,28029568,26044444,28042416,24855808
467,224,0,0,113894092,162152204,,17917348,18713580,18270992,19483640,18381788,21126744,,27678340,27525588,28013848,26033676,28048248,24852504
468,104,0,0,113930108,162187180,,17907700,18709776,18292168,19499164,18393484,21127816,,27700512,27534372,27996616,26019016,28022484,24914180
469,245,0,0,113942668,162204924,,17960720,18709356,18293480,19473796,18395684,21109632,,27774948,27519904,27987560,26025240,28013832,24883440
470,83,0,0,113972608,162142888,,17903424,18726536,18281248,19483344,18420368,21157688,,27736044,27504396,27997504,26026704,28018796,24859444
471,4,0,0,113978924,162141380,,17867584,18718924,18282204,19512476,18413528,21184208,,27757276,27520188,28007332,25995872,28030496,24830216
472,184,0,0,114030192,162028928,,17895696,18722040,18288732,19501336,18411816,21210572,,27722400,27512416,28007900,25983932,28010208,24792072
473,3,0,0,113923188,162145212,,17880044,18727424,18290756,19488936,18411156,21124872,,27735752,27502812,28000272,26008316,28013720,24884340
474,244,0,0,114093208,162012672,,17931728,18750360,18306896,19484488,18426944,21192792,,27685128,27485428,27996352,26018544,27994456,24832764
475,244,0,0,113951696,162160584,,17863704,18739756,18296936,19510284,18419716,21121300,,27787400,27498372,27983532,25983484,28006220,24901576
476,5,0,0,113971176,162124152,,17885436,18728604,18301904,19504532,18422276,21128424,,27747088,27500256,27985512,26004860,27990296,24896140
477,200,0,0,114117004,161965900,,17890532,18741360,18328432,19507544,18423468,21225668,,27725844,27494112,27952520,25981280,28006604,24805540
478,185,0,0,114046520,162156328,,17873920,18749072,18306924,19515888,18425240,21175476,,27876940,27478336,27976284,25968760,28005120,24850888
479,244,0,0,114073252,161936352,,17879804,18720304,18311020,19519868,18425508,21216748,,27730780,27494728,27980332,25972852,27985600,24772060
480,204,0,0,114050172,162010968,,17887208,18732492,18330448,19546428,18420760,21132836,,27725436,27493120,27956832,25956448,28000316,24878816
481,185,0,0,114227296,161806024,,17946596,18719676,18340272,19536924,18408832,21274996,,27666952,27509824,27939864,25948720,28000684,24739980
482,144,0,0,114098988,161919868,,17943752,18738468,18327372,19536200,18410848,21142348,,27655916,27507372,27958264,25950720,28003288,24844308
483,5,0,0,114214948,161903480,,17974452,18731188,18326616,19552092,18412160,21218440,,27755736,27493700,27962716,25935520,27988652,24767156
484,232,0,0,114260872,161722128,,17973200,18726688,18344988,19546660,18417656,21251680,,27620924,27491540,27952868,25945628,27996948,24714220
485,60,0,0,114004232,161970312,,17886412,18726696,18323256,19528116,18431488,21108264,,27711060,27477308,27959456,25965432,27978412,24878644
486,4,0,0,114145468,161882556,,17910204,18734272,18336144,19546836,18413128,21204884,,27704984,27505420,27941628,25927908,27996956,24805660
487,245,0,0,114124000,161844652,,17960288,18735096,18340292,19538956,18413404,21135964,,27640196,27474732,27955260,25954688,27984712,24835064
488,4,0,0,114156732,161842360,,17963528,18762400,18323236,19536160,18417416,21153992,,27636056,27453940,27955516,25955808,27995916,24845124
489,245,0,0,114307104,161642796,,17997492,18734580,18320800,19562748,18420380,21271104,,27606384,27490004,27928372,25911984,27978292,24727760
490,85,0,0,114229856,161718776,,17956160,18737708,18309556,19547732,18427308,21251392,,27650084,27477184,27958308,25936516,27965792,24730892
491,4,0,0,114258432,161759748,,17956516,18750708,18308832,19545796,18439292,21257288,,27636840,27456080,27949228,26001516,27977136,24738948
492,4,0,0,114200976,161772460,,17982532,18735532,18318660,19543168,18423824,21197260,,27614660,27474332,27966156,25933068,27981200,24803044
493,243,0,0,114313976,161619236,,18036992,18736136,18313092,19541528,18439444,21246784,,27543368,27483164,27961272,25930300,27966760,24734372
494,4,0,0,114329168,161659636,,17996296,18750012,18316308,19546072,18429152,21291328,,27591108,27483928,27993504,25910916,27974176,24706004
495,85,0,0,114242004,161677252,,18032908,18740356,18319340,19547332,18423144,21178924,,27546768,27479808,27942908,25916120,27984556,24807092
496,4,0,0,114275944,161738656,,17951820,18752520,18322636,19550216,18448468,21250284,,27659400,27454080,27950968,25911304,27987592,24775312
497,228,0,0,114284584,161676348,,18008516,18758236,18328684,19566924,18433708,21188516,,27565472,27451152,27953444,25911364,27975780,24819136
498,102,0,0,114196124,161720356,,18016784,18742792,18320796,19551368,18443760,21120624,,27561604,27462152,27950904,25905228,27977980,24862488
499,164,0,0,114208652,161737768,,17942892,18742204,18353332,19581912,18435488,21152824,,27617036,27473196,27936108,25892284,27971600,24847544
500,244,0,0,114203284,161720988,,17963824,18742324,18330060,19567152,18433764,21166160,,27632180,27463276,27940380,25896896,27978284,24809972
501,5,0,0,114341364,161626208,,18016212,18766392,18349588,19567616,18442152,21199404,,27569496,27451340,27946540,25899132,27969992,24789708
502,244,0,0,114296696,161679356,,17882540,18752636,18356168,19595212,18445532,21264608,,27707588,27449676,27927584,25876428,27962944,24755136
503,184,0,0,114270108,161727512,,17946292,18756208,18345112,19571276,18459432,21191788,,27645504,27449676,27931356,25904432,27956516,24840028
504,226,0,0,114342372,161624560,,18010272,18753320,18339112,19579424,18464380,21195864,,27599348,27464672,27938960,25883028,27946692,24791860
505,203,0,0,114361784,161680436,,17947464,18769400,18330420,19592132,18460404,21261964,,27675252,27453628,27935496,25867848,27959364,24788848
506,3,0,0,114314204,161602604,,17945624,18754528,18328656,19592592,18452048,21240756,,27642176,27451252,27929400,25863596,27946396,24769784
507,55,0,0,114329652,161584400,,17906808,18776628,18342876,19594980,18453484,21254876,,27680548,27435712,27917504,25857684,27954652,24738300
508,163,0,0,114358040,161546124,,17904864,18759952,18330540,19599700,18454112,21308872,,27698900,27445096,27930788,25867264,27951780,24652296
509,205,0,0,114440476,161502120,,17911104,18768296,18336776,19593836,18477184,21353280,,27671364,27429728,27927120,25877516,27928636,24667756
510,212,0,0,114425804,161414488,,17963868,18780304,18338448,19595420,18474264,21273500,,27606276,27438516,27921220,25861576,27911472,24675428
511,5,0,0,114466892,161490092,,17879160,18784828,18355660,19618612,18462544,21366088,,27706416,27440132,27908188,25849944,27932124,24653288
512,73,0,0,114446572,161471208,,17980860,18771840,18339564,19610196,18470156,21273956,,27609192,27428916,27914628,25869472,27930748,24718252
513,4,0,0,114368648,161457760,,17951460,18782888,18339612,19596784,18457012,21240892,,27611876,27404624,27908360,25853500,27948752,24730648
514,165,0,0,114362952,161468244,,17921172,18770360,18332148,19616972,18452224,21270076,,27653208,27432764,27921296,25846416,27936968,24677592
515,4,0,0,114485796,161330500,,17972488,18768032,18331652,19604684,18471180,21337760,,27610496,27407008,27919156,25823944,27939524,24630372
516,244,0,0,114576304,161229236,,17974772,18786652,18351744,19606636,18457756,21398744,,27568372,27382524,27894408,25839900,27926592,24617440
517,4,0,0,114414032,161481160,,17992820,18777644,18335976,19603324,18464996,21239272,,27600872,27417236,27929468,25848868,27934640,24750076
518,244,0,0,114600072,161249516,,18039324,18778020,18348952,19612016,18494448,21327312,,27527328,27425400,27896100,25822636,27917960,24660092
519,144,0,0,114642848,161224876,,18071268,18778736,18345912,19626144,18485092,21335696,,27488304,27419736,27892508,25840680,27930540,24653108
520,4,0,0,114625548,161213328,,18087916,18778312,18350708,19639268,18471040,21298304,,27513340,27414444,27892412,25807728,27906264,24679140
521,139,0,0,114546960,161272728,,18020360,18796668,18362376,19646004,18470732,21250820,,27518588,27411488,27884384,25791360,27924428,24742480
522,244,0,0,114598016,161154656,,18034172,18781004,18350748,19642080,18470712,21319300,,27515684,27420184,27878488,25798988,27913400,24627912
523,4,0,0,114745996,161189588,,18145428,18777552,18354976,19630404,18482068,21355568,,27462552,27422556,27893996,25806688,27908408,24695388
524,3,0,0,114612724,161195060,,18034608,18784404,18368368,19648240,18471248,21305856,,27508696,27404760,27905508,25792480,27927504,24656112
525,244,0,0,114676408,161120820,,18103932,18785152,18351172,19652752,18475320,21308080,,27457388,27402032,27885624,25800824,27906540,24668412
526,4,0,0,114627508,161151732,,17991112,18785612,18354860,19662784,18482412,21350728,,27550912,27394612,27883204,25790184,27917192,24615628
527,245,0,0,114600212,161141488,,18038692,18798068,18356196,19645660,18489340,21272256,,27501260,27393676,27875152,25790692,27894752,24685956
528,5,0,0,114697580,161025576,,18040828,18800984,18388636,19663088,18480472,21323572,,27505960,27381308,27848208,25765712,27891976,24632412
529,246,0,0,114562864,161198780,,17960548,18788156,18368440,19631828,18496428,21317464,,27581400,27401180,27877644,25810664,27882760,24645132
530,4,0,0,114593744,161230920,,18018536,18818288,18377476,19650280,18479432,21249732,,27540636,27393116,27865636,25780944,27921084,24729504
531,245,0,0,114606496,161194948,,18068420,18777884,18372312,19672920,18477420,21237540,,27489016,27417260,27878756,25779196,27912088,24718632
532,5,0,0,114618444,161135252,,18101320,18785400,18360628,19645464,18495136,21230496,,27448220,27408352,27870656,25774096,27903384,24730544
533,244,0,0,114573196,161210476,,18042064,18787652,18371052,19679352,18484200,21208876,,27503932,27392732,27879312,25767308,27905280,24761912
534,4,0,0,114596236,161244488,,18103216,18789648,18362220,19660480,18501428,21179244,,27583964,27402112,27867352,25748404,27864152,24778504
535,246,0,0,114538816,161158996,,17960868,18805308,18373656,19667040,18490000,21241944,,27550144,27391108,27856632,25758132,27889336,24713644
536,204,0,0,114676580,161110544,,18076720,18797936,18365788,19657048,18486664,21292424,,27476764,27399700,27869952,25769976,27913828,24680324
537,244,0,0,114684208,161057500,,18056092,18791216,18369060,19660232,18513444,21294164,,27502184,27397196,27852784,25782644,27871228,24651464
538,244,0,0,114677672,161068316,,17979672,18807672,18385780,19662356,18494260,21347932,,27561476,27382704,27853076,25790040,27884172,24596848
539,228,0,0,114730868,161190020,,18043876,18809776,18384592,19692828,18489444,21310352,,27631728,27397268,27850016,25761224,27892212,24657572
540,223,0,0,114666036,161108824,,18015432,18802272,18373856,19669232,18506480,21298764,,27568888,27384040,27848392,25764856,27874288,24668360
541,244,0,0,114745740,160971784,,18021332,18815416,18391160,19681480,18486952,21349400,,27543624,27362528,27843416,25731328,27893556,24597332
542,124,0,0,114626836,161074052,,18004760,18804704,18370868,19693804,18504788,21247912,,27544912,27383840,27838980,25738332,27863336,24704652
543,163,0,0,114703332,161043576,,17987004,18823876,18381380,19691416,18510692,21308964,,27589276,27357816,27849740,25728004,27858236,24660504
544,4,0,0,114765856,160963288,,18017988,18819280,18381340,19691332,18513252,21342664,,27533312,27350944,27868260,25733996,27861432,24615344
545,196,0,0,114844540,160998076,,18063464,18822976,18385112,19715152,18520940,21336896,,27584544,27374636,27853696,25739644,27845280,24600276
546,239,0,0,114877772,160847292,,18094704,18834832,18379448,19691464,18529064,21348260,,27449788,27364768,27854944,25736388,27843620,24597784
547,5,0,0,114862080,160861652,,18075640,18849956,18393104,19693804,18541960,21307616,,27478680,27331320,27856452,25730876,27820540,24643784
548,244,0,0,114899988,160919708,,18017716,18853684,18376512,19720856,18533128,21398092,,27539400,27329220,27872404,25703488,27839904,24635292
549,105,0,0,114918920,160803660,,18044500,18844096,18378076,19698456,18556120,21397672,,27488748,27329900,27852384,25729768,27823236,24579624
550,54,0,0,114938468,160812544,,18064160,18850048,18382132,19701236,18572580,21368312,,27484184,27336452,27856984,25724160,27822520,24588244
551,150,0,0,114903040,160810656,,18028164,18848728,18395260,19705136,18563724,21362028,,27496804,27338600,27851024,25720720,27826492,24577016
552,184,0,0,114856268,160811512,,18073704,18849484,18374604,19703836,18544140,21310500,,27437956,27332736,27855780,25729932,27829932,24625176
553,4,0,0,114860904,160792604,,18016976,18848828,18391044,19701548,18542292,21360216,,27515860,27327908,27822196,25705436,27823320,24597884
554,211,0,0,114964228,160716092,,18113212,18863624,18392880,19706932,18542636,21344944,,27456228,27305100,27845352,25705676,27835176,24568560
555,204,0,0,114796764,160894560,,18041024,18847300,18384380,19705120,18528580,21290360,,27522328,27330416,27839532,25698792,27850724,24652768
556,204,0,0,114918696,160726444,,18081124,18832052,18385156,19711792,18547828,21360744,,27442516,27338764,27855892,25697092,27815912,24576268
557,165,0,0,114925768,160699076,,18016460,18847876,18384044,19726684,18534200,21416504,,27513500,27299640,27841340,25691960,27827688,24524948
558,11,0,0,114908868,160731896,,18057248,18837100,18386440,19709392,18554780,21363908,,27447368,27335068,27840424,25709524,27816344,24583168
559,3,0,0,114951176,160695028,,18072160,18859960,18387376,19724708,18539616,21367356,,27463836,27319208,27844612,25683552,27826232,24557588
560,3,0,0,114856436,160772984,,18088288,18852716,18399200,19716244,18553440,21246548,,27416072,27337660,27835732,25703804,27813060,24666656
561,165,0,0,114909300,160771296,,18053452,18839596,18405168,19728004,18538900,21344180,,27506108,27335256,27823128,25681092,27836976,24588736
562,124,0,0,114901716,160756948,,18066160,18840628,18389436,19763016,18541292,21301184,,27451968,27327232,27844560,25671244,27833488,24628456
563,205,0,0,114832448,160746904,,18024772,18848036,18387576,19741644,18574116,21256304,,27486920,27324192,27816244,25657632,27804560,24657356
564,4,0,0,115032364,160611772,,18061284,18867860,18393068,19761864,18556724,21391564,,27474652,27300436,27830868,25665916,27817292,24522608
565,244,0,0,115040528,160570216,,18064076,18854708,18398572,19773536,18552208,21397428,,27469432,27314884,27818000,25625232,27813784,24528884
566,3,0,0,115138316,160515472,,18082004,18885528,18410056,19761824,18539804,21459100,,27432888,27302396,27816352,25676604,27837196,24450036
567,244,0,0,114899548,160736968,,17934100,18853628,18396084,19791288,18539236,21385212,,27593348,27324168,27827808,25621316,27822484,24547844
568,244,0,0,115146384,160582256,,18147836,18852304,18393072,19775020,18551776,21426376,,27418412,27306928,27834176,25635952,27830192,24556596
569,227,0,0,115025852,160649648,,18027880,18853264,18437940,19753660,18557252,21395856,,27488960,27306920,27819440,25659380,27820784,24554164
570,4,0,0,115047560,160570176,,18077860,18873472,18406396,19767528,18546332,21375972,,27431132,27303320,27820696,25633744,27824772,24556512
571,243,0,0,115110064,160455152,,18122064,18855792,18405152,19773368,18552872,21400816,,27392604,27296064,27792216,25638200,27799856,24536212
572,144,0,0,115046068,160510660,,18089944,18863524,18430424,19763088,18551044,21348044,,27385752,27300708,27778472,25638852,27804604,24602272
573,5,0,0,115000724,160578132,,17970556,18873836,18417968,19774924,18556196,21407244,,27536476,27284140,27796768,25616436,27805964,24538348
574,223,0,0,115139748,160454292,,18068376,18860936,18422180,19792144,18548540,21447572,,27480972,27293380,27787160,25627684,27779176,24485920
575,4,0,0,115244368,160396068,,18129636,18866668,18439720,19775692,18553116,21479536,,27415872,27300860,27782072,25634368,27809116,24453780
576,216,0,0,115141360,160398000,,18084348,18861680,18438904,19770504,18559540,21426384,,27426020,27294172,27764584,25622928,27801908,24488388
577,5,0,0,115255420,160294032,,18108900,18877676,18449348,19770556,18570536,21478404,,27417772,27289044,27775804,25616956,27768704,24425752
578,227,0,0,115209148,160313848,,18081152,18873624,18442032,19783776,18578476,21450088,,27422772,27283452,27769884,25619684,27770152,24447904
579,37,0,0,115242908,160431068,,18091856,18888884,18440860,19789224,18575852,21456232,,27533856,27283088,27768580,25591836,27781816,24471892
580,4,0,0,115144504,160387856,,18118400,18870600,18446360,19781168,18586492,21341484,,27393964,27283220,27759464,25605136,27776180,24569892
581,244,0,0,115241216,160411960,,18142256,18877104,18459644,19781108,18569980,21411124,,27493776,27275752,27744192,25600576,27795036,24502628
582,164,0,0,115262656,160282224,,18125704,18888680,18441484,19796732,18567308,21442748,,27366684,27258064,27762476,25605284,27778968,24510748
583,5,0,0,115170800,160362636,,18031272,18875384,18453912,19779116,18571596,21459520,,27492036,27281552,27755596,25608904,27784924,24439624
584,228,0,0,115249844,160294716,,18114804,18878844,18460544,19788708,18576104,21430840,,27399480,27286192,27755020,25593624,27777840,24482560
585,224,0,0,115365700,160247252,,18153652,18890572,18439608,19805892,18592512,21483464,,27341952,27254496,27756604,25575320,27782736,24536144
586,4,0,0,115303700,160196264,,18141688,18874588,18465160,19792552,18576728,21452984,,27361956,27286432,27726576,25602504,27748496,24470300
587,184,0,0,115400956,160151252,,18240372,18888144,18442624,19797244,18576428,21456144,,27270568,27262864,27780532,25593716,27775848,24467724
588,4,0,0,115327844,160205988,,18213428,18895612,18427296,19796096,18590464,21404948,,27295844,27274096,27766244,25582376,27755780,24531648
589,245,0,0,115342108,160082980,,18161708,18887248,18430980,19802860,18588240,21471072,,27302364,27252796,27772904,25571848,27762424,24420644
590,4,0,0,115315280,160208152,,18179692,18877372,18435812,19797444,18597852,21427108,,27313660,27277620,27788376,25576632,27752112,24499752
591,228,0,0,115347200,160124984,,18161092,18884092,18428620,19809172,18598884,21465340,,27316556,27264208,27762832,25573480,27759704,24448204
592,3,0,0,115441532,160051464,,18162464,18895004,18437420,19831112,18586684,21528848,,27325736,27246832,27773628,25567360,27743340,24394568
593,4,0,0,115307508,160157188,,18159584,18884540,18432784,19804668,18602560,21423372,,27339108,27268512,27773320,25567876,27726292,24482080
594,230,0,0,115243944,160139464,,18161728,18886352,18435192,19807300,18599516,21353856,,27291184,27248868,27749072,25569380,27755628,24525332
595,4,0,0,115292664,160207360,,18121544,18905956,18435452,19820108,18581348,21428256,,27434496,27233052,27773992,25545832,27742012,24477976
596,244,0,0,115323372,160131052,,18085384,18926420,18448888,19829932,18588244,21444504,,27375396,27238464,27758676,25546508,27759980,24452028
597,85,0,0,115315216,160149532,,18185348,18891772,18435348,19817220,18594448,21391080,,27299352,27254952,27744296,25568916,27748808,24533208
598,6,0,0,115270520,160203108,,18202208,18914540,18440644,19829972,18588248,21294908,,27285340,27233368,27758936,25560904,27747508,24617052
599,4,0,0,115300956,160136272,,18195432,18893404,18436412,19815036,18595920,21364752,,27273236,27256904,27764744,25556672,27753552,24531164
600,204,0,0,115286624,160137388,,18071532,18889728,18457840,19818180,18582976,21466368,,27413772,27237548,27744976,25547052,27749828,24444212
601,5,0,0,115279508,160107380,,18144564,18895220,18458968,19823520,18592716,21364520,,27320732,27239632,27737672,25534204,27753996,24521144
602,104,0,0,115318404,160088012,,18160480,18896480,18438640,19839580,18606260,21376964,,27291320,27258380,27754196,25541572,27728684,24513860
603,5,0,0,115294308,160127512,,18069356,18897580,18454172,19838536,18593480,21441184,,27413988,27238388,27732620,25542104,27753728,24446684
604,245,0,0,115347528,160086768,,18147792,18900788,18440952,19836596,18610976,21410424,,27305476,27241900,27756436,25523976,27760368,24498612
605,144,0,0,115235660,160139204,,18074804,18903984,18451236,19830212,18591752,21383672,,27388640,27238848,27739668,25532956,27728452,24510640
606,184,0,0,115353016,160067716,,18132284,18905728,18446552,19846088,18611536,21410828,,27333096,27251284,27754624,25525544,27715460,24487708
607,244,0,0,115565776,159870436,,18239424,18903428,18451080,19849904,18602224,21519716,,27264588,27238040,27720072,25517592,27737280,24392864
608,204,0,0,115577576,159878612,,18234736,18932124,18453320,19867220,18608352,21481824,,27225044,27222416,27736376,25506020,27700300,24488456
609,4,0,0,115466144,159884840,,18172116,18903884,18462420,19856836,18603704,21467184,,27300232,27235564,27707992,25507568,27728264,24405220
610,4,0,0,115489228,159897636,,18192404,18928100,18448384,19882428,18621460,21416452,,27298776,27191124,27734712,25481596,27719060,24472368
611,244,0,0,115592396,159829860,,18196380,18907760,18450504,19892516,18602984,21542252,,27289592,27227308,27741588,25457360,27722564,24391448
612,5,0,0,115635712,159757752,,18232564,18926180,18451776,19896048,18631640,21497504,,27230476,27215768,27745812,25456568,27701728,24407400
613,75,0,0,115634184,159783784,,18222984,18910576,18474648,19880468,18613220,21532288,,27279888,27221848,27723672,25485184,27722408,24350784
614,5,0,0,115555644,159774408,,18214304,18923748,18450432,19897924,18602996,21466240,,27243876,27207156,27726220,25478012,27707280,24411864
615,83,0,0,115648500,159683728,,18249556,18905084,18455396,19867016,18610744,21560704,,27216696,27223244,27717772,25484716,27720712,24320588
616,125,0,0,115628376,159724140,,18246496,18918448,18469404,19868992,18610840,21514196,,27236372,27193884,27703284,25484736,27729588,24376276
617,164,0,0,115584292,159753292,,18171480,18931508,18469780,19878908,18615784,21516832,,27313856,27204144,27708656,25459560,27698756,24368320
618,4,0,0,115594344,159729512,,18178388,18931440,18483684,19877068,18636708,21487056,,27269100,27215992,27714916,25476388,27653020,24400096
619,97,0,0,115511020,159811084,,18171716,18910652,18468956,19872288,18626552,21460856,,27296248,27214548,27712856,25476640,27670740,24440052
620,244,0,0,115616844,159677776,,18220680,18946144,18468684,19889128,18627268,21464940,,27223756,27183504,27718828,25450380,27695440,24405868
621,245,0,0,115687124,159690520,,18265632,18932368,18467956,19886212,18657340,21477616,,27222712,27191628,27704524,25479868,27685468,24406320
622,4,0,0,115709812,159657708,,18252032,18948856,18471436,19884496,18640860,21512132,,27212168,27169724,27715944,25469720,27695544,24394608
623,244,0,0,115642968,159550116,,18187684,18948352,18469900,19901688,18639940,21495404,,27238992,27170524,27705136,25441952,27655456,24338056
624,105,0,0,115713304,159591228,,18229268,18952764,18484816,19889168,18642824,21514464,,27226612,27171668,27690168,25460392,27669824,24372564
625,204,0,0,115561960,159734452,,18130456,18957756,18474612,19898096,18649876,21451164,,27315080,27159220,27702288,25458600,27676020,24423244
626,111,0,0,115615676,159623804,,18181708,18956984,18483412,19915320,18649232,21429020,,27254356,27159240,27684568,25447588,27659296,24418756
627,4,0,0,115709216,159591628,,18265528,18975644,18469696,19918184,18666024,21414140,,27204292,27128476,27693712,25437920,27665328,24461900
628,235,0,0,115651044,159623168,,18183428,18974088,18469020,19913204,18663560,21447744,,27251344,27164332,27701716,25441336,27637564,24426876
629,4,0,0,115689324,159611092,,18192968,18958956,18489336,19905152,18666144,21476768,,27276208,27149760,27696552,25437724,27661556,24389292
630,244,0,0,115600208,159686848,,18114492,18982188,18471756,19916516,18652512,21462744,,27364252,27141732,27693680,25413720,27653612,24419852
631,4,0,0,115585628,159720824,,18106364,18960912,18487324,19910924,18640112,21479992,,27361444,27159312,27683728,25442852,27675176,24398312
632,244,0,0,115638912,159661444,,18087380,18974164,18475780,19940092,18657104,21504392,,27343588,27152080,27706384,25425092,27673720,24360580
633,5,0,0,115707984,159584548,,18137184,18962376,18484784,19931108,18640164,21552368,,27312408,27161248,27686688,25428816,27672860,24322528
634,224,0,0,115764504,159540872,,18146548,18963296,18477028,19934356,18646708,21596568,,27264176,27172784,27678108,25407756,27659016,24359032
635,4,0,0,115704896,159616584,,18194000,18950048,18497124,19918280,18647072,21498372,,27283048,27180248,27673568,25420932,27685884,24372904
636,244,0,0,115675248,159643432,,18117440,18966748,18481860,19937044,18660060,21512096,,27338860,27158080,27710192,25396328,27659192,24380780
637,4,0,0,115709716,159629392,,18098460,18961104,18497464,19926656,18654248,21571784,,27368096,27159504,27692628,25407596,27671612,24329956
638,244,0,0,115719852,159585908,,18175020,18960548,18483364,19924880,18651724,21524316,,27292960,27160476,27698612,25414484,27670952,24348424
639,225,0,0,115883688,159409496,,18209848,18957320,18482680,19958996,18671068,21603776,,27223352,27155796,27698752,25383816,27651584,24296196
640,204,0,0,115834508,159450324,,18227180,18963504,18499904,19944672,18659620,21539628,,27228432,27162204,27668144,25402808,27665856,24322880
641,244,0,0,115785344,159438952,,18198336,18967224,18486340,19953252,18659512,21520680,,27249148,27138612,27686064,25370908,27659860,24334360
642,15,0,0,115860732,159416908,,18252892,18962520,18485100,19954064,18670212,21535944,,27195548,27146176,27704072,25382960,27649720,24338432
643,3,0,0,115805628,159441888,,18189336,18971244,18490748,19929428,18661444,21563428,,27241384,27130032,27687232,25405548,27652112,24325580
644,185,0,0,115874476,159404840,,18275864,18961816,18493436,19928828,18667112,21547420,,27183328,27161104,27675460,25400476,27654996,24329476
645,5,0,0,115989236,159212780,,18294540,18964032,18490736,19956100,18676612,21607216,,27142016,27154016,27667028,25372796,27628452,24248472
646,231,0,0,115863600,159349636,,18250396,18961920,18499552,19948592,18673848,21529292,,27159844,27160464,27676084,25394312,27634152,24324780
647,84,0,0,115997204,159180784,,18261140,18957012,18505348,19948468,18665828,21659408,,27153316,27139248,27666080,25374352,27644368,24203420
648,4,0,0,115897612,159336192,,18260748,18969824,18492508,19955580,18666568,21552384,,27173824,27145112,27672392,25373872,27655104,24315888
649,5,0,0,115913420,159250016,,18232920,18963408,18506436,19952812,18660068,21597776,,27197188,27150688,27634876,25374024,27643092,24250148
650,244,0,0,115878968,159419936,,18226368,18971056,18503040,19955400,18661384,21561720,,27262268,27138456,27676908,25375228,27659296,24307780
651,3,0,0,115992188,159189832,,18285108,18987280,18493508,19970192,18680888,21575212,,27115396,27137376,27667400,25356036,27617136,24296488
652,244,0,0,116034772,159160496,,18302652,18973092,18490864,19973912,18661920,21632332,,27125240,27136252,27675980,25338096,27643424,24241504
653,5,0,0,116128344,159128556,,18351908,18989156,18490372,19996648,18691768,21608492,,27122288,27130632,27677992,25323048,27633564,24241032
654,4,0,0,116031244,159194728,,18287252,18972988,18500096,19977140,18676596,21617172,,27158116,27134156,27658800,25347308,27636264,24260084
655,227,0,0,116046528,159132936,,18276368,18972372,18497964,19984984,18674660,21640180,,27148472,27129748,27672896,25346360,27626380,24209080
656,6,0,0,116174688,159033476,,18288484,18990752,18498760,20006944,18695024,21694724,,27144756,27124260,27664780,25319124,27614896,24165660
657,221,0,0,116005124,159139620,,18293240,18991180,18496208,19996752,18692976,21534768,,27124328,27110412,27655080,25311168,27613764,24324868
658,204,0,0,116152528,159025180,,18310300,18984516,18510052,19976252,18679576,21691832,,27123184,27108636,27665020,25343340,27620984,24164016
659,224,0,0,115968132,159219788,,18233632,18993720,18498872,19985796,18688556,21567556,,27189696,27107372,27656464,25331924,27625320,24309012
660,5,0,0,116042400,159095216,,18285336,18996432,18501816,19998048,18700372,21560396,,27145044,27120916,27647072,25310096,27589372,24282716
661,224,0,0,116002532,159174284,,18314072,18991376,18512936,20006624,18702856,21474668,,27098172,27122960,27647448,25338616,27626428,24340660
662,224,0,0,115772116,159306396,,18137448,19002432,18505936,19988896,18691140,21446264,,27262968,27111088,27639712,25312496,27601416,24378716
663,154,0,0,116033884,159107592,,18238932,19002332,18505692,19991972,18691496,21603460,,27156828,27103068,27639836,25327796,27620200,24259864
664,184,0,0,115957044,159183196,,18215056,18997464,18501508,19990860,18692288,21559868,,27209380,27101924,27654092,25319456,27607452,24290892
665,3,0,0,116077388,159025472,,18261524,19016124,18522956,20007428,18708920,21560436,,27157668,27092464,27615100,25302140,27583940,24274160
666,245,0,0,116140880,158978416,,18237844,18998964,18553120,19999244,18694508,21657200,,27141836,27094400,27645068,25304816,27601664,24190632
667,244,0,0,116078044,159024116,,18247864,19000904,18515360,20001048,18695796,21617072,,27177860,27092356,27623492,25303932,27590148,24236328
668,4,0,0,116182888,158880848,,18271352,19015868,18518784,20011424,18708744,21656716,,27113892,27083024,27614272,25299960,27582912,24186788
669,243,0,0,116177588,158911512,,18298104,19001204,18529420,20009864,18709316,21629680,,27095804,27086300,27641564,25279720,27591136,24216988
670,104,0,0,116200008,158887040,,18263772,19028176,18532964,20042996,18720060,21612040,,27121260,27080272,27622816,25270304,27567820,24224568
671,6,0,0,116252196,158865044,,18323456,19003244,18542520,20021048,18702364,21659564,,27084804,27100260,27607172,25289520,27587812,24195476
672,245,0,0,116278720,158918692,,18354288,19025080,18533104,20017296,18710000,21638952,,27055744,27074704,27621208,25346184,27594180,24226672
673,5,0,0,116234316,158920556,,18338768,19001988,18534104,20027696,18704720,21627040,,27082856,27094332,27615980,25272488,27592760,24262140
674,245,0,0,116134368,158955792,,18265568,19001924,18544272,20013168,18706156,21603280,,27157300,27081920,27594416,25292620,27589032,24240504
675,3,0,0,116256744,158821892,,18338496,19004344,18553616,20028216,18723988,21608084,,27072356,27081284,27602264,25251788,27573864,24240336
676,232,0,0,116272536,158791572,,18354532,18999928,18541668,20019068,18709648,21647692,,27054928,27093104,27603640,25276664,27584072,24179164
677,5,0,0,116324264,158778336,,18365624,19008152,18553104,20024188,18711624,21661572,,27053112,27075912,27586460,25271672,27579092,24212088
678,223,0,0,116173752,158822544,,18326824,19012716,18564668,20033000,18725456,21511088,,27032760,27068408,27572792,25250512,27574580,24323492
679,5,0,0,116174924,158920944,,18257480,19004032,18558716,20026004,18703672,21625020,,27150420,27091716,27582156,25266456,27598180,24232016
680,80,0,0,116240404,158844112,,18318392,19010260,18584384,20042160,18717960,21567248,,27076804,27078760,27559788,25258292,27585336,24285132
681,4,0,0,116210452,158876744,,18314144,19009384,18558088,20038116,18705416,21585304,,27098984,27088152,27576136,25273276,27586080,24254116
682,244,0,0,116306924,158799376,,18332440,19027328,18554728,20038336,18725288,21628804,,27107112,27062092,27585192,25257524,27563472,24223984
683,184,0,0,116283196,158727768,,18334388,19009652,18554816,20030772,18701564,21652004,,27050516,27076852,27569556,25263840,27583936,24183068
684,4,0,0,116263664,158828228,,18353924,19027396,18551244,20042600,18719944,21568556,,27078176,27061160,27586092,25259244,27577276,24266280
685,244,0,0,116284736,158806356,,18291496,19011708,18582124,20035728,18713544,21650136,,27127060,27074416,27599556,25261880,27564608,24178836
686,4,0,0,116238768,158787784,,18314408,19013368,18562052,20035980,18712724,21600236,,27099624,27078064,27550316,25249992,27558944,24250844
687,5,0,0,116314308,158732656,,18398968,19009580,18551360,20040436,18714828,21599136,,27010240,27074992,27591424,25246044,27573036,24236920
688,213,0,0,116277620,158737092,,18274864,19019196,18536656,20047772,18714204,21684928,,27125440,27061956,27582848,25248536,27581092,24137220
689,145,0,0,116335744,158646516,,18341620,19038172,18540908,20049084,18718760,21647200,,27055896,27052980,27560064,25232844,27557596,24187136
690,5,0,0,116290200,158696576,,18318140,19023484,18539312,20047424,18717480,21644360,,27059000,27060372,27592984,25229260,27566924,24188036
691,225,0,0,116265280,158760804,,18272792,19023780,18544312,20047564,18714816,21662016,,27148164,27061272,27579696,25245484,27566088,24160100
692,144,0,0,116360480,158641396,,18365340,19023952,18543908,20054448,18721908,21650924,,27049384,27047860,27583284,25226548,27563276,24171044
693,4,0,0,116408200,158586316,,18369644,19021492,18550788,20064316,18747404,21654556,,27020440,27063756,27594840,25198384,27557944,24150952
694,240,0,0,116318916,158689932,,18225756,19022388,18550500,20072152,18723800,21724320,,27151388,27063940,27567556,25209880,27574400,24122768
695,84,0,0,116317600,158640072,,18274744,19028196,18552656,20075472,18745128,21641404,,27101348,27032256,27563544,25199360,27560948,24182616
696,5,0,0,116291720,158695060,,18289408,19031420,18551860,20089964,18732536,21596532,,27097884,27037464,27575128,25202892,27545836,24235856
697,3,0,0,116233128,158701128,,18291512,19026584,18553064,20076088,18743904,21541976,,27091216,27051468,27583428,25201868,27532220,24240928
698,4,0,0,116363372,158679444,,18326284,19031932,18558476,20087212,18739628,21619840,,27054168,27045332,27567488,25191280,27552204,24268972
699,204,0,0,116286640,158532340,,18284492,19032832,18561856,20114104,18743060,21550296,,27065904,27047568,27551732,25144232,27515376,24207528
700,4,0,0,116450428,158487092,,18334336,19031808,18573424,20126756,18756876,21627228,,27030872,27037980,27557152,25171472,27516988,24172628
701,105,0,0,116366080,158574292,,18241364,19059416,18559868,20121904,18757944,21625584,,27121620,27021204,27570300,25152708,27519008,24189452
702,85,0,0,116452544,158433964,,18329316,19065924,18560844,20103060,18762672,21630728,,27015228,27004264,27548460,25179956,27506260,24179796
703,3,0,0,116443244,158432452,,18302100,19048864,18569060,20086684,18767876,21668660,,27040468,27016128,27556076,25187732,27500608,24131440
704,204,0,0,116543064,158377940,,18402348,19048708,18565032,20094520,18766116,21666340,,26948900,27021632,27566120,25186548,27497968,24156772
705,3,0,0,116465404,158448040,,18310544,19076860,18559124,20099520,18768664,21650692,,27041516,26986508,27552656,25165836,27503912,24197612
706,4,0,0,116386668,158514956,,18295832,19060908,18562012,20095292,18769068,21603556,,27102772,27007416,27554820,25165180,27500984,24183784
707,244,0,0,116586760,158365264,,18384680,19082404,18577396,20098112,18764308,21679860,,26945876,26996412,27566016,25158312,27501936,24196712
708,4,0,0,116565864,158436648,,18408048,19069248,18564792,20093212,18766632,21663932,,26970344,26999024,27552948,25163600,27513572,24237160
709,174,0,0,116513604,158381044,,18359288,19065888,18563360,20098164,18764556,21662348,,27012436,27008580,27547028,25172536,27498572,24141892
710,79,0,0,116596664,158308488,,18388308,19079140,18584244,20107124,18774836,21663012,,26991044,26992280,27528872,25161060,27492672,24142560
711,4,0,0,116546548,158416852,,18377192,19072400,18570096,20094716,18752980,21679164,,27019168,27000152,27550880,25176788,27521388,24148476
712,4,0,0,116608212,158332552,,18347940,19089444,18588976,20110804,18765120,21705928,,27040720,26978064,27539856,25157624,27502212,24114076
713,244,0,0,116712504,158247276,,18492012,19076576,18577940,20113056,18760740,21692180,,26947304,26987396,27537776,25146416,27512392,24115992
714,4,0,0,116619540,158314348,,18450276,19094944,18563452,20104820,18753068,21652980,,26939056,26993476,27541432,25169000,27505516,24165868
715,189,0,0,116593512,158275748,,18437684,19083816,18582992,20100256,18757940,21630824,,26918344,26979396,27528104,25164476,27499516,24185912
716,83,0,0,116611316,158269896,,18449900,19079752,18574780,20108492,18762772,21635620,,26922712,26977276,27538484,25148820,27494488,24188116
717,5,0,0,116622272,158286652,,18444856,19064500,18566480,20112536,18763268,21670632,,26948012,26997256,27537760,25163104,27497220,24143300
718,185,0,0,116631556,158291808,,18411428,19062344,18567880,20118144,18760556,21711204,,26967404,27006400,27549448,25153316,27504960,24110280
719,3,0,0,116677220,158212256,,18444872,19079760,18585568,20123628,18776740,21666652,,26913656,26990024,27537320,25152548,27499324,24119384
720,244,0,0,116745748,158149608,,18478312,19068980,18586872,20145096,18773736,21692752,,26898548,26998628,27544888,25126320,27477044,24104180
721,4,0,0,116603188,158338240,,18370464,19070048,18583800,20122280,18771792,21684804,,27042648,26982448,27523096,25158596,27504600,24126852
722,245,0,0,116806544,158083488,,18488024,19070912,18594216,20142384,18793332,21717676,,26898112,26986884,27534068,25125336,27451600,24087488
723,5,0,0,116750588,158207248,,18486084,19073888,18582868,20130028,18772508,21705212,,26905720,26978596,27522948,25137716,27498660,24163608
724,4,0,0,116761660,158111392,,18457516,19072244,18596012,20147824,18786896,21701168,,26930140,26986640,27534144,25103676,27459732,24097060
725,224,0,0,116724248,158201348,,18448596,19085860,18588264,20140872,18771416,21689240,,26921256,27035600,27529540,25122424,27490032,24102496
726,4,0,0,116700504,158189944,,18436388,19079656,18589608,20153240,18770952,21670660,,26935652,26987868,27535376,25120572,27457632,24152844
727,4,0,0,116716584,158103448,,18431768,19096884,18584528,20140836,18774884,21687684,,26924964,26985052,27516328,25112568,27468152,24096384
728,245,0,0,116770044,158072044,,18408832,19103464,18607208,20154172,18784528,21711840,,26940628,26962748,27508288,25127096,27451084,24082200
729,5,0,0,116733584,158116152,,18379460,19081884,18601536,20141592,18780672,21748440,,26986660,26993004,27511948,25099656,27469900,24054984
730,244,0,0,116769504,158067420,,18359228,19095296,18607216,20145084,18782648,21780032,,27010280,26961704,27520988,25120740,27453860,23999848
731,5,0,0,116668732,158189704,,18386648,19095764,18590652,20145308,18793432,21656928,,26952600,26980748,27516668,25106404,27477048,24156236
732,183,0,0,116744640,158117428,,18398324,19101944,18606796,20160812,18796896,21679868,,26954140,26979188,27498460,25096544,27468596,24120500
733,4,0,0,116738340,158134248,,18501624,19083964,18589332,20163492,18781816,21618112,,26843216,26977848,27516576,25120908,27473524,24202176
734,204,0,0,116720616,158073916,,18386928,19105544,18603968,20151076,18790836,21682264,,26954828,26956656,27506804,25109512,27473872,24072244
735,4,0,0,116726472,158107192,,18381172,19086680,18593128,20157900,18799204,21708388,,26966044,26984984,27510416,25085032,27459772,24100944
736,245,0,0,116803240,158058864,,18409836,19087584,18590376,20157536,18798448,21759460,,26897892,26985660,27522136,25090544,27452840,24109792
737,3,0,0,116858952,157934012,,18453804,19087332,18607692,20174996,18815372,21719756,,26909080,26968488,27506168,25068656,27444556,24037064
738,226,0,0,116805136,157997728,,18395528,19078560,18598448,20159720,18797864,21775016,,26936932,26987604,27505400,25081600,27454412,24031780
739,3,0,0,116823972,157983960,,18404220,19114896,18596360,20175860,18798644,21733992,,26934052,26939204,27513160,25090444,27459020,24048080
740,183,0,0,116843376,157954532,,18454504,19092348,18609432,20188100,18808580,21690412,,26889088,26960080,27494108,25060944,27452640,24097672
741,84,0,0,116870056,157949716,,18444008,19097840,18610396,20186424,18805388,21726000,,26896104,26961832,27505208,25056984,27459320,24070268
742,5,0,0,116936072,157821908,,18411452,19111440,18615068,20195112,18818708,21784292,,26922280,26932996,27487724,25043212,27442152,23993544
743,244,0,0,116903200,157864972,,18516680,19098428,18614724,20189488,18814244,21669636,,26787364,26959568,27501768,25064752,27443652,24107868
744,244,0,0,116992840,157813708,,18528032,19100128,18596280,20192324,18799148,21776928,,26820884,26952336,27522368,25052092,27465324,24000704
745,3,0,0,116994208,157787936,,18447616,19115240,18609836,20204528,18802748,21814240,,26882252,26937912,27503360,25036716,27454792,23972904
746,244,0,0,116963848,157852612,,18450268,19109800,18608840,20218172,18805212,21771556,,26892296,26960848,27512468,25007984,27444168,24034848
747,4,0,0,117014532,157786484,,18489156,19123656,18608844,20215340,18801032,21776504,,26859276,26927192,27498364,25031240,27454068,24016344
748,244,0,0,116986660,157762912,,18489004,19109968,18603704,20203732,18807512,21772740,,26864316,26931556,27486664,25032784,27442296,24005296
749,109,0,0,117126448,157647740,,18561576,19107756,18618980,20224868,18834520,21778748,,26788432,26943796,27485056,25006016,27412548,24011892
750,223,0,0,116949292,157813576,,18482624,19111868,18605956,20189732,18812728,21746384,,26842708,26934560,27506152,25035828,27450024,24044304
751,245,0,0,117073188,157687572,,18473192,19111384,18619544,20219836,18827060,21822172,,26874568,26937412,27473620,25018900,27431264,23951808
752,4,0,0,116997872,157724316,,18499288,19112500,18608180,20206356,18811012,21760536,,26840320,26931036,27487544,25013544,27427796,24024076
753,245,0,0,117012644,157747936,,18469940,19113364,18631344,20216572,18830556,21750868,,26860248,26912540,27487996,25013120,27432440,24041592
754,184,0,0,117092336,157692836,,18476828,19120516,18606636,20224300,18827120,21836936,,26880188,26922300,27492496,25011108,27419068,23967676
755,4,0,0,117082860,157636628,,18503952,19120204,18610708,20210136,18814764,21823096,,26808968,26937484,27484928,25013356,27432688,23959204
756,204,0,0,117084420,157593644,,18443328,19134168,18628012,20212520,18822396,21843996,,26876168,26902700,27467988,25006160,27422824,23917804
757,5,0,0,117081592,157681204,,18519632,19130508,18614084,20215908,18818536,21782924,,26818988,26899228,27470324,25004520,27421776,24066368
758,3,0,0,117047624,157671524,,18400660,19136384,18628308,20241612,18823908,21816752,,26938348,26900344,27464616,24997948,27419380,23950888
759,244,0,0,116915876,157726836,,18395876,19120712,18618680,20220552,18832220,21727836,,26889700,26912756,27466640,24995884,27431644,24030212
760,5,0,0,117165336,157579804,,18429280,19137104,18646776,20249088,18840660,21862428,,26874524,26915044,27456064,24987592,27394184,23952396
761,245,0,0,117037188,157681620,,18395796,19124880,18631036,20243124,18845456,21796896,,26928560,26917440,27470320,24982904,27409244,23973152
762,4,0,0,117056188,157728024,,18408100,19128664,18635840,20236516,18824108,21822960,,26980628,26935256,27456308,24983288,27420196,23952348
763,245,0,0,116915424,157756804,,18351528,19153552,18656852,20238944,18825752,21688796,,26970272,26888524,27432516,24984564,27421944,24058984
764,4,0,0,116964404,157725060,,18404544,19127256,18619756,20234584,18843932,21734332,,26926404,26908152,27472908,24992828,27390616,24034152
765,104,0,0,117001700,157610016,,18435368,19129352,18658012,20244896,18830712,21703360,,26888904,26901284,27438284,24968628,27411476,24001440
766,4,0,0,117006616,157695988,,18383200,19133440,18621644,20246732,18855304,21766296,,26934884,26899348,27465336,24967748,27416340,24012332
767,240,0,0,116905864,157769236,,18402568,19122160,18626216,20252496,18825656,21676768,,26916396,26927612,27465564,24962608,27401396,24095660
768,4,0,0,117087788,157589016,,18487236,19151720,18637788,20251008,18829500,21730536,,26843796,26894944,27452588,24966304,27412204,24019180
769,228,0,0,117002372,157612768,,18454436,19139696,18640144,20250896,18827352,21689848,,26856664,26886532,27445936,24937844,27405352,24080440
770,204,0,0,117069932,157601708,,18423484,19129704,18634528,20258972,18834080,21789164,,26917888,26902456,27457224,24954712,27422064,23947364
771,4,0,0,117192252,157417492,,18470196,19147748,18629052,20271856,18837856,21835544,,26819644,26884700,27457416,24930316,27394560,23930856
772,4,0,0,117052748,157682940,,18436964,19130544,18629772,20258500,18843500,21753468,,26968860,26908744,27452948,24942208,27412772,23997408
773,184,0,0,117149720,157423012,,18482792,19150592,18642816,20249960,18832852,21790708,,26808100,26872700,27432592,24959492,27400252,23949876
774,203,0,0,117115560,157484308,,18438520,19136528,18639284,20266248,18848588,21786392,,26850020,26906612,27436688,24952180,27388152,23950656
775,124,0,0,117281512,157361540,,18475936,19138472,18643672,20266596,18860544,21896292,,26900832,26877884,27413024,24940560,27373292,23855948
776,184,0,0,117199760,157364140,,18467276,19141092,18647636,20256564,18880188,21807004,,26808468,26879996,27425704,24953132,27366072,23930768
777,4,0,0,117169964,157328372,,18430868,19153152,18660640,20253296,18853688,21818320,,26822532,26857740,27412736,24943168,27373712,23918484
778,245,0,0,117311992,157302252,,18490300,19156428,18650708,20280896,18866780,21866880,,26802504,26871048,27439272,24938188,27354480,23896760
779,144,0,0,117354472,157219220,,18490424,19160680,18658012,20282144,18872464,21890748,,26818988,26860700,27421720,24916876,27342400,23858536
780,184,0,0,117296564,157314596,,18507020,19151432,18685488,20266820,18879024,21806780,,26784976,26878656,27407520,24929168,27350320,23963956
781,244,0,0,117249484,157316324,,18521032,19163528,18687376,20276048,18880844,21720656,,26804720,26857148,27378444,24921952,27338344,24015716
782,5,0,0,117330504,157228992,,18480244,19162468,18670952,20275792,18892668,21848380,,26803084,26861364,27391312,24920412,27337804,23915016
783,125,0,0,117361956,157201580,,18494084,19180896,18684756,20290008,18880952,21831260,,26801672,26844004,27392800,24903372,27354568,23905164
784,125,0,0,117461072,157133732,,18530676,19192132,18677048,20296556,18900600,21864060,,26807988,26841432,27405424,24909212,27303652,23866024
785,4,0,0,117416944,157289600,,18575096,19180628,18688992,20297420,18890520,21784288,,26905976,26830564,27385444,24890828,27339324,23937464
786,245,0,0,117438924,157103340,,18504588,19182464,18675864,20318400,18895744,21861864,,26780200,26839584,27393932,24874520,27334128,23880976
787,231,0,0,117456824,157061480,,18496428,19190872,18663544,20316680,18885248,21904052,,26793440,26825740,27388824,24869108,27347832,23836536
788,107,0,0,117492064,157038948,,18503196,19199340,18662468,20341348,18871344,21914368,,26807612,26822636,27392612,24853976,27340660,23821452
789,4,0,0,117464932,157071880,,18521084,19188344,18657760,20319472,18874180,21904092,,26789368,26832856,27405176,24865592,27352752,23826136
790,245,0,0,117438364,157070636,,18461964,19209056,18660552,20346232,18878568,21881992,,26838776,26801568,27401536,24850364,27330180,23848212
791,244,0,0,117252344,157222104,,18427756,19190564,18662808,20308148,18896256,21766812,,26841888,26815916,27407888,24883636,27332356,23940420
792,163,0,0,117359544,157156388,,18439804,19168308,18681684,20323172,18875432,21871144,,26849828,26844932,27373356,24858804,27350028,23879440
793,4,0,0,117363952,157099868,,18512516,19172344,18667120,20332392,18891196,21788384,,26762488,26832300,27394104,24869936,27320688,23920352
794,244,0,0,117293960,157212108,,18466652,19174784,18668172,20317508,18879312,21787532,,26825424,26835028,27402956,24869572,27334164,23944964
795,3,0,0,117353420,157152300,,18486020,19170136,18668628,20334956,18885652,21808028,,26807192,26829000,27398396,24853052,27324964,23939696
796,244,0,0,117368784,157177820,,18507544,19177264,18671984,20323732,18885980,21802280,,26857580,26830560,27395188,24852204,27331748,23910540
797,85,0,0,117265020,157206996,,18347756,19185360,18683996,20340364,18880668,21826876,,26901404,26823788,27378480,24866920,27322232,23914172
798,3,0,0,117434704,157045792,,18497880,19192848,18671140,20329468,18893848,21849520,,26781052,26821116,27386768,24851028,27321924,23883904
799,244,0,0,117361628,157106452,,18472612,19195468,18682924,20323048,18881160,21806416,,26802964,26824668,27386776,24852688,27331072,23908284
800,164,0,0,117460768,156971360,,18505104,19191704,18674408,20325920,18901072,21862560,,26755996,26817596,27373108,24875708,27293488,23855464
801,4,0,0,117509572,156961416,,18563152,19202128,18687580,20335516,18887288,21833908,,26714292,26797556,27376808,24861908,27331940,23878912
802,205,0,0,117410372,157020420,,18438672,19205812,18687564,20337196,18887556,21853572,,26824800,26811476,27369696,24857872,27310068,23846508
803,144,0,0,117464364,157022912,,18510124,19194272,18687028,20356512,18912348,21804080,,26764260,26821104,27381872,24830852,27304328,23920496
804,4,0,0,117479016,156938940,,18490792,19191732,18706320,20345336,18892708,21852128,,26768376,26822252,27350620,24815816,27306744,23875132
805,245,0,0,117525660,156883780,,18489700,19208740,18706700,20339912,18902168,21878440,,26753704,26788288,27336676,24844612,27315736,23844764
806,3,0,0,117520628,156845844,,18518876,19191408,18676472,20341312,18904204,21888356,,26719168,26815556,27362360,24832896,27298948,23816916
807,144,0,0,117568276,156752444,,18481508,19197080,18692828,20367168,18898196,21931496,,26754836,26787816,27342044,24814156,27306340,23747252
808,5,0,0,117635988,156794424,,18549132,19196724,18686856,20363108,18934992,21905176,,26699408,26810312,27374076,24834624,27281588,23794416
809,244,0,0,117631996,156742512,,18583780,19213192,18691824,20356364,18907544,21879292,,26667904,26799216,27345828,24815236,27294936,23819392
810,244,0,0,117561064,156866940,,18571884,19212060,18680700,20363200,18909252,21823968,,26724264,26780156,27373308,24812204,27274536,23902472
811,245,0,0,117750820,156709452,,18610320,19216764,18681760,20375440,18906848,21959688,,26670492,26793064,27358292,24803288,27299140,23785176
812,4,0,0,117794476,156654188,,18661344,19204276,18684492,20365980,18910216,21968168,,26619452,26806564,27360244,24805984,27289904,23772040
813,242,0,0,117778984,156691864,,18582780,19226392,18699448,20366852,18918828,21984684,,26710116,26790376,27378748,24798972,27289732,23723920
814,244,0,0,117706908,156783956,,18605716,19230116,18688488,20386064,18911616,21884908,,26689396,26787256,27377660,24784796,27297636,23847212
815,4,0,0,117700540,156722492,,18599804,19213904,18695272,20377080,18917332,21897148,,26644868,26800432,27376600,24790584,27294912,23815096
816,244,0,0,117822496,156779884,,18556048,19236356,18704976,20383412,18918372,22023332,,26728416,26760964,27352432,24785284,27285696,23867092
817,4,0,0,117742296,156709288,,18518812,19220832,18713884,20376112,18919152,21993504,,26763772,26796356,27345560,24805996,27293052,23704552
818,244,0,0,117727956,156739416,,18546568,19225504,18746808,20376048,18915920,21917108,,26706120,26798924,27333808,24795376,27299788,23805400
819,145,0,0,117717732,156695312,,18547548,19216640,18702052,20397972,18921060,21932460,,26734160,26780756,27348792,24770308,27292260,23769036
820,104,0,0,117562092,156786484,,18378396,19226692,18704400,20396760,18916628,21939216,,26856536,26769324,27324988,24779144,27295528,23760964
821,4,0,0,117785804,156618352,,18560940,19217996,18701512,20395072,18914884,21995400,,26735800,26774612,27344876,24758896,27291448,23712720
822,76,0,0,117794160,156595256,,18585700,19226616,18698172,20394024,18937196,21952452,,26681440,26767092,27357076,24764288,27266796,23758564
823,11,0,0,117873300,156540420,,18638056,19239392,18716364,20390904,18923388,21965196,,26611156,26763016,27351912,24777420,27281928,23754988
824,4,0,0,117996356,156357560,,18670724,19223920,18699300,20400000,18938088,22064324,,26592768,26781704,27339700,24741804,27267556,23634028
825,4,0,0,118000996,156357240,,18681312,19236968,18713616,20403244,18922572,22043284,,26570604,26768484,27327300,24747512,27272508,23670832
826,3,0,0,117874332,156494928,,18513856,19219292,18705344,20410044,18940148,22085648,,26725240,26778388,27337224,24746416,27252880,23654780
827,34,0,0,117784276,156635480,,18622216,19242524,18722268,20410400,18925188,21861680,,26624728,26757120,27353884,24755012,27279896,23864840
828,84,0,0,117722616,156671264,,18540484,19228520,18702948,20407660,18942416,21900588,,26720112,26771360,27337400,24755248,27281664,23805480
829,3,0,0,117844424,156533716,,18630644,19222824,18714216,20428668,18928036,21920036,,26624848,26782324,27345276,24728552,27262156,23790560
830,243,0,0,117925340,156442608,,18687148,19245748,18718032,20431616,18925460,21917336,,26553352,26762360,27332304,24717080,27273488,23804024
831,163,0,0,117829320,156533908,,18611632,19234948,18706664,20437212,18940368,21898496,,26633812,26768524,27325632,24726912,27265008,23814020
832,5,0,0,117775668,156578856,,18522260,19232480,18705388,20430064,18946404,21939072,,26700280,26765040,27334068,24723096,27264988,23791384
833,244,0,0,117893448,156485532,,18670516,19240156,18704772,20441044,18954028,21882932,,26599504,26764120,27340848,24721280,27240072,23819708
834,84,0,0,117889588,156431512,,18591752,19240444,18713564,20416596,18937424,21989808,,26644032,26753644,27322616,24740664,27260556,23710000
835,84,0,0,118057308,156330276,,18696200,19255116,18732340,20415616,18953796,22004240,,26571052,26724676,27318224,24742620,27247988,23725716
836,4,0,0,118046196,156276800,,18661724,19235268,18733552,20428836,18966584,22020232,,26560144,26758548,27328668,24721300,27243992,23664148
837,224,0,0,118062152,156276364,,18678472,19238520,18715908,20421924,18965796,22041532,,26558484,26760140,27324152,24736024,27232972,23664592
838,104,0,0,118146784,156155704,,18770788,19258152,18735564,20443452,18945260,21993568,,26462268,26727776,27297016,24724108,27250088,23694448
839,5,0,0,118007600,156248744,,18647192,19245844,18715060,20449960,18958056,21991488,,26555220,26742740,27313052,24697576,27245412,23694744
840,184,0,0,118101704,156139640,,18698468,19260312,18733680,20431812,18946132,22031300,,26515500,26728348,27316284,24710656,27243088,23625764
841,243,0,0,117959208,156251684,,18687212,19241864,18716656,20460188,18959128,21894160,,26505172,26743024,27317160,24685496,27213788,23787044
842,84,0,0,118050608,156222200,,18666828,19245620,18731008,20439776,18944432,22022944,,26572796,26736708,27304048,24696400,27234236,23678012
843,164,0,0,118106708,156148844,,18639616,19253024,18723100,20462312,18956492,22072164,,26613612,26736904,27305556,24665320,27209664,23617788
844,4,0,0,117947840,156295160,,18562516,19262316,18740564,20445852,18952324,21984268,,26664280,26717100,27289908,24688224,27223452,23712196
845,244,0,0,118072080,156247316,,18623152,19257340,18725440,20478892,18955808,22031448,,26634504,26738516,27297136,24672544,27233432,23671184
846,84,0,0,118071892,156165304,,18606836,19252524,18727048,20463212,18965836,22056436,,26622504,26725280,27283116,24679120,27226448,23628836
847,35,0,0,117989608,156290128,,18652672,19255520,18727792,20461000,18962272,21930352,,26598236,26726360,27311160,24665964,27218908,23769500
848,85,0,0,117965184,156292360,,18610188,19245684,18741532,20468896,18975452,21923432,,26626636,26724880,27317240,24666368,27203972,23753264
849,4,0,0,118146264,156117348,,18703092,19274596,18720944,20468088,18961648,22017896,,26566720,26709440,27293340,24665580,27206280,23675988
850,3,0,0,117980752,156204676,,18558296,19264500,18720960,20480612,18977016,21979368,,26655616,26691044,27296512,24657956,27216328,23687220
851,4,0,0,117966008,156307600,,18547692,19266056,18722004,20469504,18963600,21997152,,26689364,26710904,27302204,24679020,27215352,23710756
852,244,0,0,117948732,156283272,,18579756,19258516,18725140,20476000,18983752,21925568,,26649800,26724484,27320548,24652940,27201664,23733836
853,4,0,0,118068172,156140424,,18577912,19258136,18740980,20470624,18978720,22041800,,26641496,26728684,27283944,24653060,27217744,23615496
854,244,0,0,118073944,156201184,,18572688,19256708,18729816,20496944,18989308,22028480,,26601440,26731556,27278992,24631620,27203496,23754080
855,5,0,0,118110248,156034576,,18605936,19268732,18744124,20475752,18987636,22028068,,26581528,26693616,27267768,24656380,27185364,23649920
856,164,0,0,118132568,156169964,,18625744,19267736,18730064,20489772,18990652,22028600,,26582544,26696656,27292200,24642308,27197036,23759220
857,3,0,0,118131376,156106156,,18583484,19274300,18753020,20478104,19004264,22038204,,26651008,26714944,27270684,24641724,27195920,23631876
858,5,0,0,118125528,156056204,,18564376,19274668,18731220,20488212,19006548,22060504,,26664568,26690744,27288148,24614272,27182924,23615548
859,244,0,0,118089100,156038308,,18644880,19273588,18728072,20497720,19007628,21937212,,26571644,26687488,27292520,24617332,27170776,23698548
860,244,0,0,117979036,156168424,,18490476,19298288,18752432,20479984,19006484,21951372,,26698592,26675516,27273772,24613356,27185604,23721584
861,4,0,0,118067244,156072732,,18541644,19293956,18731696,20493092,18996568,22010288,,26633460,26682436,27286640,24627212,27186752,23656232
862,164,0,0,118211392,155942260,,18722700,19294592,18750584,20482564,18983980,21976972,,26516632,26652760,27254164,24627236,27194732,23696736
863,224,0,0,118210508,155943024,,18678956,19302244,18739968,20491672,18985052,22012616,,26529108,26664172,27273804,24631320,27184044,23660576
864,244,0,0,118201676,155941092,,18673896,19301208,18743356,20500428,18988264,21994524,,26507124,26666396,27273468,24611156,27193812,23689136
865,5,0,0,118144376,156022216,,18710260,19328272,18743596,20486224,18993204,21882820,,26523244,26647832,27277552,24624604,27186276,23762708
866,245,0,0,118240072,155891068,,18691152,19302508,18744212,20499352,18992444,22010404,,26515540,26663068,27271740,24612440,27174724,23653556
867,5,0,0,118276276,155815908,,18745792,19304388,18761080,20496264,19008032,21960720,,26441588,26654084,27251480,24611260,27164292,23693204
868,5,0,0,118220756,155909396,,18674592,19304456,18744416,20497756,18992492,22007044,,26518220,26653304,27259612,24615872,27176796,23685592
869,41,0,0,118350692,155911948,,18709672,19302372,18778804,20520992,18993900,22044952,,26533040,26654716,27243204,24608764,27164700,23707524
870,5,0,0,118361188,155700120,,18710492,19300916,18755716,20511676,19000548,22081840,,26439164,26668628,27252988,24596968,27178168,23564204
871,243,0,0,118450228,155591024,,18710968,19304432,18757356,20516408,18999420,22161644,,26411500,26646272,27245588,24593104,27177916,23516644
872,4,0,0,118300176,155777004,,18755276,19289732,18761660,20544920,19002136,21946452,,26438044,26668296,27252260,24568032,27153636,23696736
873,244,0,0,118389356,155740920,,18712108,19293308,18773852,20531500,19012564,22066024,,26490192,26671620,27232936,24575488,27168544,23602140
874,5,0,0,118386152,155730252,,18718520,19292560,18757896,20548196,19002264,22066716,,26488460,26672380,27255752,24578936,27152768,23581956
875,4,0,0,118348908,155762432,,18655520,19302064,18782156,20540848,19023940,22044380,,26533404,26666568,27229592,24561656,27149212,23622000
876,5,0,0,118194004,155819296,,18622896,19298504,18770428,20538260,19000848,21963068,,26540472,26655548,27219164,24564800,27167592,23671720
877,244,0,0,118352116,155712248,,18658536,19300384,18806540,20555532,19010884,22020240,,26520072,26672244,27204572,24543572,27150124,23621664
878,5,0,0,118403468,155683908,,18680892,19317684,18801300,20542468,19001552,22059572,,26520876,26629340,27218160,24565684,27172044,23577804
879,225,0,0,118226056,155825804,,18710284,19301060,18791440,20530212,19001776,21891284,,26475396,26649280,27207668,24575428,27168300,23749732
880,65,0,0,118462672,155654000,,18737716,19307500,18808788,20528692,18997756,22082220,,26491920,26650344,27235072,24545176,27159804,23571684
881,3,0,0,118338708,155700204,,18713284,19302728,18798320,20535736,18997016,21991624,,26477756,26653224,27208360,24559616,27166196,23635052
882,79,0,0,118381068,155723460,,18658876,19312816,18786884,20537952,18995820,22088720,,26550032,26648808,27216592,24550148,27171020,23586860
883,5,0,0,118446936,155632688,,18756352,19318044,18786496,20555288,19021044,22009712,,26425804,26654496,27219776,24537024,27138028,23657560
884,243,0,0,118390348,155713712,,18626564,19301452,18802460,20542676,19018248,22098948,,26568028,26665272,27195004,24564204,27151916,23569288
885,244,0,0,118327592,155723472,,18617280,19303084,18792732,20557716,19011724,22045056,,26558552,26660804,27221580,24544764,27143156,23594616
886,4,0,0,118348408,155686140,,18574696,19304448,18797620,20578700,19031324,22061620,,26586872,26671096,27182984,24559944,27121352,23563892
887,125,0,0,118404536,155624296,,18646924,19301848,18800636,20562552,19030164,22062412,,26553172,26644216,27194880,24554820,27125648,23551560
888,4,0,0,118322860,155645480,,18671132,19317648,18783960,20545940,19020852,21983328,,26502628,26622972,27217664,24550080,27122180,23629956
889,244,0,0,118398380,155699484,,18616348,19309848,18769732,20569464,19021496,22111492,,26568276,26646264,27236464,24543372,27147784,23557324
890,244,0,0,118440536,155609364,,18691648,19315100,18784264,20572748,19031604,22045172,,26509988,26636680,27209576,24519984,27119096,23614040
891,5,0,0,118446180,155582668,,18677464,19328220,18774384,20559496,19022916,22083700,,26492852,26618328,27217364,24546796,27131972,23575356
892,244,0,0,118549888,155473196,,18730036,19328272,18774256,20565524,19020996,22130804,,26432768,26614288,27212464,24551692,27122948,23539036
893,5,0,0,118365512,155642904,,18603684,19314336,18787728,20578604,19038392,22042768,,26574268,26636868,27216600,24506028,27116156,23592984
894,198,0,0,118609864,155461152,,18758804,19313612,18801456,20595732,19039720,22100540,,26437784,26644916,27196272,24529200,27104484,23548496
895,244,0,0,118344508,155673612,,18618164,19333040,18782144,20567036,19031380,22012744,,26527440,26618844,27212628,24533596,27129440,23651664
896,105,0,0,118492896,155455616,,18700288,19328044,18782032,20571860,19032720,22077952,,26433344,26613432,27196944,24533072,27101128,23577696
897,4,0,0,118565912,155395812,,18757620,19337604,18779880,20578556,19031868,22080384,,26421000,26591512,27206948,24508992,27113404,23553956
898,84,0,0,118500712,155455596,,18737984,19333352,18783856,20578976,19032228,22034316,,26422672,26608604,27197660,24504732,27128612,23593316
899,4,0,0,118522816,155469148,,18694796,19331784,18800604,20576824,19033080,22085728,,26489044,26598636,27193688,24505116,27127392,23555272
900,4,0,0,118552492,155529300,,18742008,19344416,18787112,20575780,19035664,22067512,,26485128,26624900,27209004,24505224,27101164,23603880
901,5,0,0,118565948,155453344,,18714292,19331616,18806500,20589112,19047484,22076944,,26475120,26614744,27173452,24508260,27113012,23568756
902,4,0,0,118499264,155557476,,18679380,19342616,18789656,20582980,19032392,22072240,,26535684,26613084,27199952,24522064,27119312,23567380
903,4,0,0,118595904,155378384,,18730180,19328036,18801548,20601312,19046732,22088096,,26452436,26623072,27166940,24484752,27091960,23559224
904,140,0,0,118577536,155413512,,18721016,19332952,18788832,20582848,19040128,22111760,,26426188,26623548,27188440,24511756,27143676,23519904
905,184,0,0,118454124,155523576,,18641580,19336176,18789396,20589652,19041092,22056228,,26523368,26619216,27189812,24506216,27100284,23584680
906,5,0,0,118540792,155477888,,18694508,19338948,18786596,20588008,19039980,22092752,,26491536,26603020,27211112,24509924,27117512,23544784
907,5,0,0,118542896,155484568,,18728484,19338124,18789776,20585996,19037564,22062952,,26515412,26618532,27210296,24498156,27100692,23541480
908,184,0,0,118748004,155255308,,18801576,19347052,18804924,20611352,19056960,22126140,,26375892,26605816,27194556,24464408,27093612,23521024
909,4,0,0,118769020,155251540,,18833056,19358572,18789520,20597732,19054132,22136008,,26374528,26596176,27207376,24476920,27114336,23482204
910,244,0,0,118725352,155362984,,18792580,19344016,18804924,20629184,19054012,22100636,,26476332,26607576,27193008,24461540,27100448,23524080
911,185,0,0,118644320,155255148,,18760860,19362456,18797784,20601352,19040228,22081640,,26376876,26567432,27198228,24488844,27086532,23537236
912,4,0,0,118803792,155118392,,18814828,19351068,18811492,20620392,19057780,22148232,,26332472,26586392,27183136,24475208,27071408,23469776
913,83,0,0,118752160,155240196,,18831020,19347940,18793776,20605800,19040328,22133296,,26366156,26588696,27200316,24484400,27099300,23501328
914,4,0,0,118785008,155182940,,18795052,19342332,18806340,20615076,19048000,22178208,,26354160,26592492,27176620,24487944,27111676,23460048
915,5,0,0,118704860,155297300,,18821428,19342408,18794964,20604276,19042164,22099620,,26343432,26607672,27219124,24484008,27103124,23539940
916,5,0,0,118649464,155288820,,18740260,19348036,18794392,20605428,19046588,22114760,,26401400,26599624,27200176,24471924,27105612,23510084
917,3,0,0,118751276,155248108,,18760212,19343400,18793600,20607096,19049076,22197892,,26399680,26602436,27249296,24471944,27097784,23426968
918,225,0,0,118744668,155315912,,18805852,19345024,18791508,20629160,19063996,22109128,,26386068,26604320,27267684,24452292,27094884,23510664
919,83,0,0,118740892,155270236,,18777756,19353144,18795012,20628800,19047344,22138836,,26339460,26604672,27280652,24445664,27097716,23502072
920,4,0,0,118788960,155285920,,18754420,19340736,18808412,20650228,19052496,22182668,,26432400,26603136,27273988,24424500,27090088,23461808
921,5,0,0,118729828,155348376,,18750096,19346592,18805156,20633900,19058404,22135680,,26433020,26589476,27306016,24445332,27092168,23482364
922,244,0,0,118749456,155327892,,18742176,19354976,18815124,20655352,19075596,22106232,,26428652,26598796,27294004,24416036,27066212,23524192
923,3,0,0,118758832,155377964,,18779880,19368456,18806936,20646108,19060412,22097040,,26417420,26581020,27319424,24438676,27074216,23547208
924,245,0,0,118784348,155305708,,18753176,19353540,18812744,20652464,19067752,22144672,,26452040,26581100,27311080,24404936,27092696,23463856
925,3,0,0,118899612,155195508,,18800048,19354180,18812328,20658536,19059448,22215072,,26378756,26595592,27307936,24419592,27079876,23413756
926,243,0,0,118748504,155295832,,18757484,19352684,18815884,20656864,19055968,22109620,,26412728,26565588,27299720,24413176,27080360,23524260
927,4,0,0,118736844,155367960,,18775636,19352436,18813480,20657816,19062248,22075228,,26383960,26584228,27303676,24417400,27129064,23549632
928,106,0,0,118801176,155276692,,18726756,19353956,18815064,20659288,19066512,22179600,,26442952,26586516,27294872,24419608,27078708,23454036
929,4,0,0,118760212,155288372,,18708000,19354608,18827164,20634536,19066356,22169548,,26409484,26570484,27305524,24446764,27083704,23472412
930,4,0,0,118689124,155356732,,18745948,19370292,18836212,20652608,19082468,22001596,,26408728,26573868,27281972,24417184,27066504,23608476
931,245,0,0,118911840,155195716,,18872264,19382636,18822228,20650008,19083760,22100944,,26303228,26565476,27335128,24421484,27073436,23496964
932,5,0,0,118908532,155132960,,18853712,19361940,18838464,20665836,19088624,22099956,,26322808,26572604,27312656,24396696,27038880,23489316
933,244,0,0,118830508,155189936,,18837976,19382532,18820492,20666304,19082552,22040652,,26284304,26538408,27336536,24392456,27052300,23585932
934,4,0,0,118812192,155282908,,18816468,19364688,18821396,20657308,19095024,22057308,,26325648,26570040,27366716,24416272,27039000,23565232
935,4,0,0,118833748,155257132,,18808988,19379792,18833040,20658392,19087208,22066328,,26354704,26554000,27337532,24409244,27060664,23540988
936,244,0,0,118659668,155354420,,18637176,19362980,18821068,20655588,19098392,22084464,,26494972,26571028,27333280,24400048,27039692,23515400
937,3,0,0,118830600,155214780,,18796356,19366160,18823260,20655012,19099396,22090416,,26375376,26564124,27317004,24403796,27030128,23524352
938,244,0,0,119009412,155056196,,18866436,19369624,18838272,20679036,19120368,22135676,,26274612,26541648,27296636,24375988,27019000,23548312
939,5,0,0,118937352,155161792,,18807616,19384344,18825164,20665244,19106948,22148036,,26313696,26553196,27325540,24382288,27020332,23566740
940,50,0,0,118952328,155187088,,18819704,19369248,18868688,20682800,19102808,22109080,,26312004,26570308,27305604,24363932,27022804,23612436
941,144,0,0,118994324,155120916,,18838816,19391036,18828100,20682012,19107556,22146804,,26305144,26547452,27303832,24377492,27025720,23561276
942,5,0,0,119032532,155048424,,18838804,19372988,18845864,20698924,19124928,22151024,,26305904,26553600,27292644,24338364,27008796,23549116
943,220,0,0,119021352,155066392,,18841648,19382032,18843208,20702600,19117176,22134688,,26312700,26549468,27296564,24350016,27012872,23544772
944,4,0,0,119049148,155042132,,18855728,19400212,18827864,20698496,19105260,22161588,,26282376,26516672,27318944,24357336,27031548,23535256
945,96,0,0,119087704,155060944,,18849928,19395860,18828588,20715680,19114332,22183316,,26295676,26529396,27321928,24342624,27034112,23537208
946,4,0,0,118952400,155109860,,18785268,19389000,18827556,20690624,19106164,22153788,,26325284,26530336,27316184,24357668,27019816,23560572
947,244,0,0,118917448,155130168,,18732220,19388708,18840140,20696148,19112048,22148184,,26398732,26536820,27297960,24320968,27023732,23551956
948,243,0,0,119026904,155155656,,18812584,19404608,18857604,20713540,19093596,22144972,,26328156,26525132,27319432,24333960,27016812,23632164
949,3,0,0,118987876,155140188,,18788408,19406368,18823248,20700460,19094288,22175104,,26355048,26520112,27316572,24364500,27010740,23573216
950,3,0,0,119061808,155066284,,18777124,19420740,18851344,20712632,19094420,22205548,,26315196,26511052,27304508,24333268,27033716,23568544
951,124,0,0,119040148,155064972,,18844080,19428456,18830792,20702232,19102144,22132444,,26268832,26508532,27306832,24314268,27013956,23652552
952,184,0,0,119127316,155006552,,18778296,19411956,18865596,20723268,19118696,22229504,,26329364,26497928,27265020,24323508,27037860,23552872
953,4,0,0,119071928,155009748,,18845660,19426680,18840100,20706800,19107716,22144972,,26263448,26481412,27288400,24336568,27018288,23621632
954,244,0,0,119076816,155074008,,18782432,19428440,18836892,20708064,19107320,22213668,,26336244,26491096,27305556,24319548,27010148,23611416
955,84,0,0,119182580,155017436,,18723216,19417540,18852232,20725980,19137516,22326096,,26375064,26497424,27291552,24328220,26996620,23528556
956,3,0,0,119107564,154942224,,18726928,19428864,18847776,20725432,19110332,22268232,,26355812,26480852,27294888,24315820,27020440,23474412
957,5,0,0,119192112,154898668,,18777140,19414124,18851376,20711336,19124436,22313700,,26337360,26505508,27277084,24321068,26996196,23461452
958,4,0,0,119138256,154978112,,18809808,19413928,18837360,20712316,19111964,22252880,,26331292,26495896,27292644,24324784,27026620,23506876
959,143,0,0,119151688,154965124,,18758908,19406884,18873212,20725940,19128724,22258020,,26365060,26508476,27269348,24324536,26975940,23521764
960,4,0,0,119126996,154957068,,18781620,19421684,18845212,20715156,19114516,22248808,,26346384,26482204,27305308,24318820,26992776,23511576
961,3,0,0,119071580,155028308,,18672512,19407260,18864380,20724668,19127752,22275008,,26450852,26514908,27278084,24296232,26991600,23496632
962,5,0,0,119100560,155023632,,18726156,19419792,18841460,20721244,19110400,22281508,,26408784,26492208,27301848,24324780,27004744,23491268
963,5,0,0,119148328,154919368,,18769460,19410588,18856032,20722080,19124656,22265512,,26360384,26486192,27267508,24309452,26981124,23514708
964,244,0,0,119047828,155096088,,18780260,19426176,18846628,20715504,19112680,22166580,,26372752,26493396,27285956,24333768,27016732,23593484
965,86,0,0,119136476,154931624,,18800204,19414940,18850848,20719064,19124180,22227240,,26315432,26493572,27282160,24308996,26988852,23542612
966,4,0,0,119286252,154837676,,18865856,19416076,18855588,20749688,19119040,22280004,,26273776,26501524,27275236,24295528,27002820,23488792
967,243,0,0,119102536,154914640,,18773596,19434972,18852604,20750804,19119404,22171156,,26310296,26462056,27274316,24292032,26987376,23588564
968,244,0,0,119037892,154983460,,18770960,19438956,18867520,20752860,19119948,22087648,,26312324,26492848,27257048,24248884,26984000,23688356
969,84,0,0,119100896,154876024,,18829328,19434716,18853516,20741060,19142112,22100164,,26254980,26475980,27262592,24279796,26990292,23612384
970,4,0,0,119200952,154825960,,18843444,19430100,18874648,20756900,19140360,22155500,,26247048,26480100,27284480,24265188,26966108,23583036
971,244,0,0,119239044,154796376,,18862032,19432528,18851300,20760496,19127692,22204996,,26238832,26470856,27267048,24266324,26992828,23560488
972,84,0,0,119258604,154723260,,18835436,19425868,18870736,20768112,19148216,22210236,,26263536,26465608,27236364,24235608,26969376,23552768
973,4,0,0,119144748,154871548,,18741312,19437380,18852732,20763016,19134780,22215528,,26382532,26453748,27260352,24261192,26975688,23538036
974,244,0,0,119312084,154740104,,18928996,19427424,18863232,20768520,19129988,22193924,,26148852,26473140,27272872,24259992,26987996,23597252
975,243,0,0,119224672,154788024,,18845268,19435932,18868664,20758364,19145896,22170548,,26234696,26478344,27264984,24267180,26977536,23565284
976,223,0,0,119293760,154729064,,18873456,19425020,18865136,20772304,19146324,22211520,,26239564,26473264,27243820,24242488,26964640,23565288
977,125,0,0,119368840,154634632,,18886732,19441696,18874416,20768688,19139276,22258032,,26209076,26469768,27244136,24244036,26977532,23490084
978,38,0,0,119404144,154541336,,18899076,19434440,18871388,20782856,19152216,22264168,,26192120,26443912,27254456,24237588,26952672,23460588
979,4,0,0,119172292,154808112,,18822788,19445372,18872396,20768352,19142192,22121192,,26282868,26451280,27236772,24259524,26959192,23618476
980,204,0,0,119308344,154640672,,18859700,19435644,18874084,20785276,19141576,22212064,,26238244,26474636,27223556,24240288,26954124,23509824
981,5,0,0,119399048,154499844,,18885956,19451408,18885904,20774064,19143368,22258348,,26200272,26440944,27211656,24246764,26944344,23455864
982,3,0,0,119440876,154529840,,18896832,19444232,18878544,20788528,19145700,22287040,,26195724,26448272,27232136,24229004,26960336,23464368
983,20,0,0,119402708,154504432,,18926820,19443732,18893816,20776944,19139684,22221712,,26145828,26437632,27201808,24243892,26961096,23514176
984,104,0,0,119464204,154446032,,18939296,19443380,18884340,20792160,19146064,22258964,,26124704,26432872,27234720,24233464,26959592,23460680
985,123,0,0,119376956,154569628,,18867280,19444204,18908492,20783580,19173284,22200116,,26204984,26444952,27229536,24242012,26922580,23525564
986,5,0,0,119351668,154578996,,18790660,19460228,18899880,20788752,19154836,22257312,,26274188,26437036,27204388,24240004,26953876,23469504
987,240,0,0,119484120,154517136,,18822768,19448696,18926332,20795432,19150188,22340704,,26307680,26442120,27192992,24223308,26930236,23420800
988,4,0,0,119361160,154659968,,18818500,19453968,18899620,20817976,19154744,22216352,,26358776,26436852,27196492,24214172,26957860,23495816
989,244,0,0,119441212,154609720,,18864664,19469544,18908456,20800364,19152612,22245572,,26307800,26424788,27196660,24216788,26950932,23512752
990,103,0,0,119520452,154509524,,18833052,19454840,18924324,20817888,19153864,22336484,,26324536,26444076,27193664,24200828,26942204,23404216
991,6,0,0,119557276,154524848,,18899220,19453292,18904268,20820992,19153920,22325584,,26327552,26432420,27201468,24194632,26942060,23426716
992,84,0,0,119430684,154637896,,18756296,19473368,18907896,20808788,19159388,22324948,,26447852,26430660,27214628,24190112,26929224,23425420
993,232,0,0,119359420,154688848,,18721300,19456424,18902600,20800960,19159580,22318556,,26473052,26431560,27206624,24202920,26933960,23440732
994,231,0,0,119534264,154666324,,18907236,19454864,18900120,20807468,19157864,22306712,,26455244,26423968,27201004,24203568,26931456,23451084
995,105,0,0,119634816,154368160,,18949804,19466712,18896872,20822192,19173264,22325972,,26198372,26434964,27221924,24183384,26908240,23421276
996,245,0,0,119535000,154474012,,18971288,19475948,18904952,20811036,19155852,22215924,,26210560,26405864,27211816,24200412,26916944,23528416
997,244,0,0,119611116,154446892,,18962500,19466184,18896412,20821016,19179732,22285272,,26252712,26429876,27208440,24187084,26905856,23462924
998,4,0,0,119494072,154575604,,18900892,19492960,18896128,20815756,19184712,22203624,,26324668,26395376,27205600,24201384,26911632,23536944
999,243,0,0,119531340,154574220,,18967220,19465492,18910752,20816656,19161628,22209592,,26264496,26431600,27194776,24184100,26947364,23551884
