Start,GetPodsTime,Wanted,Running,Creating,Pending,Terminating,Total Active Memory,Total Free Memory,Total Available,Total Buffers,Total Cached,Active,0,1,2,3,Free,0,1,2,3,Available,0,1,2,3,Buffers,0,1,2,3,Cached,0,1,2,3
0,1,0,0,0,0,2,12851596,108605172,120687808,7920,13581204,,1860608,4284788,3889944,2816256,,29049748,26205220,26251740,27098464,,31376400,29235000,29463876,30612532,,1980,1980,1980,1980,,2701748,3419060,3585296,3875100
4,1,1,0,1,0,1,12884592,108562696,120647660,7920,13583752,,1892276,4287204,3891224,2813888,,29011276,26199916,26242996,27108508,,31338136,29230216,29456428,30622880,,1980,1980,1980,1980,,2701984,3419616,3586540,3875612
7,0,2,0,2,0,1,13449808,108020424,120154732,7920,14053440,,2149328,4289812,3891288,3119380,,28752816,26216992,26252836,26797780,,31079976,29247404,29466360,30360992,,1980,1980,1980,1980,,2929588,3419680,3586636,4117536
10,0,3,0,3,0,1,13874088,107556076,119736044,7920,14431780,,2217360,4288424,4153492,3214812,,28672068,26224580,25963876,26695552,,30999336,29255252,29222568,30258888,,1980,1980,1980,1980,,3007024,3419996,3783552,4221208
12,0,4,0,4,0,1,14259100,107134912,119361156,7920,14754012,,2253164,4486260,4269996,3249680,,28638744,25994916,25865696,26635556,,30966736,29070124,29124780,30199516,,1980,1980,1980,1980,,3037028,3549544,3910548,4256892
15,0,5,1,4,0,1,14557904,106823152,119063640,7920,14995188,,2332480,4645728,4321820,3257876,,28571196,25820100,25797456,26634400,,30902080,28899664,29056864,30205032,,1980,1980,1980,1980,,3041944,3723372,3960476,4269396
18,0,6,2,4,0,1,15118852,106287788,118538700,7920,15489360,,2570480,4718028,4564052,3266292,,28334068,25755932,25569112,26628676,,30665456,28838516,28835408,30199320,,1980,1980,1980,1980,,3286944,3790292,4140732,4271392
20,0,7,3,4,0,1,15579500,105749376,118009392,7920,15894240,,2637152,4746216,4677416,3518716,,28230772,25708152,25442204,26368248,,30562352,28798632,28709000,29939408,,1980,1980,1980,1980,,3363888,3815684,4264636,4450032
23,0,8,4,4,0,1,15847608,105492704,117753184,7920,16161004,,2668536,4888208,4662936,3627928,,28222048,25559608,25458184,26252864,,30554544,28650404,28724044,29824192,,1980,1980,1980,1980,,3391196,3891616,4309216,4568976
26,0,9,5,4,0,0,16106748,105206648,117468628,7920,16395860,,2700032,5063452,4672900,3670364,,28182064,25385396,25449320,26189868,,30514644,28476668,28715940,29761376,,1980,1980,1980,1980,,3391268,4072036,4321304,4611252
28,0,10,6,4,0,0,16676028,104640372,116907948,7920,16854840,,2990172,5120668,4886732,3678456,,27893560,25324156,25231188,26191468,,30226772,28415884,28498432,29766860,,1980,1980,1980,1980,,3623168,4138268,4471376,4622028
31,0,11,7,4,0,0,16730316,104132880,116400828,7920,17314348,,3052556,5146196,5019208,3512356,,27814328,25298192,25080540,25939820,,30147588,28394184,28348252,29510804,,1980,1980,1980,1980,,3721596,4164352,4603428,4824972
34,0,12,8,4,0,0,16664224,103759208,116028636,7920,17635952,,3082092,5325500,4650584,3606048,,27784300,25125664,25002520,25846724,,30118484,28222336,28269920,29417896,,1980,1980,1980,1980,,3751812,4280764,4673920,4929456
36,0,13,9,4,0,0,16891432,103483888,115754836,7920,17831576,,3119808,5474796,4660016,3636812,,27737924,24953988,25000172,25791804,,30072340,28051108,28268464,29362924,,1980,1980,1980,1980,,3756220,4428848,4686972,4959536
39,0,14,10,4,0,0,17018776,102924636,115193632,7920,18281600,,3394160,5106344,4865868,3652404,,27453492,24900668,24788124,25782352,,29788440,27991140,28057392,29356660,,1980,1980,1980,1980,,3990184,4489216,4828712,4973488
42,0,15,11,3,1,0,17550520,102423848,114688904,7920,18757524,,3482428,5132160,5005872,3930060,,27367252,24877612,24662416,25516568,,29702348,27971752,27929944,29084860,,1980,1980,1980,1980,,4093600,4517408,4972360,5174156
44,1,16,12,4,0,0,17931636,101995688,114255848,7920,19069148,,3518312,5300544,5073164,4039616,,27338756,24687572,24576964,25392396,,29674900,27783932,27836524,28960492,,1980,1980,1980,1980,,4127100,4622316,5027852,5291880
47,1,17,13,4,0,0,18294100,101653332,113904848,7920,19317240,,3601036,5506924,5093524,4092616,,27249468,24498320,24572416,25333128,,29585912,27585332,27833088,28900516,,1980,1980,1980,1980,,4134912,4806180,5044232,5331916
50,0,18,15,3,0,0,18840244,101083760,113347328,7920,19806012,,3854540,5554432,5335888,4095384,,26990668,24444264,24310796,25338032,,29327544,27531360,27582928,28905496,,1980,1980,1980,1980,,4387512,4864392,5219976,5334132
53,0,19,15,3,1,0,19250544,100681752,112946804,7920,20179708,,3913256,5759752,5471312,4106224,,26925708,24239372,24186236,25330436,,29262700,27335376,27458868,28889860,,1980,1980,1980,1980,,4469400,5005788,5365820,5338700
56,0,20,16,4,0,0,19776164,100144796,112417120,7920,20624884,,3945300,5906748,5532156,4391960,,26888076,24076088,24135760,25044872,,29226200,27172544,27398140,28620236,,1980,1980,1980,1980,,4498844,5151268,5415472,5559300
58,0,21,17,4,0,0,20011868,99921848,112187724,7920,20838868,,3977420,5984272,5556376,4493800,,26848880,24009072,24122268,24941628,,29187148,27099668,27383712,28517196,,1980,1980,1980,1980,,4506668,5225692,5436564,5669944
61,0,22,18,4,0,0,21002448,99275384,111549820,7920,21321020,,4271480,6018928,5797192,4914848,,26539488,23979992,23880252,24875652,,28878204,27071356,27152180,28448080,,1980,1980,1980,1980,,4752432,5256924,5595120,5716544
64,0,23,19,4,0,0,21434936,98839544,111117452,7920,21688788,,4355140,6193632,5955404,4930760,,26457956,23802740,23712540,24866308,,28796788,26897636,26985156,28437872,,1980,1980,1980,1980,,4848308,5366036,5748024,5726420
66,1,24,20,4,0,0,22317924,98284240,110567788,7920,22135840,,4386936,6356404,6377876,5196708,,26420476,23622408,23639600,24601756,,28760232,26717612,26910292,28179652,,1980,1980,1980,1980,,4875876,5524940,5808816,5926208
69,0,25,21,4,0,0,22995596,97962224,110245864,7920,22366544,,4476408,6816596,6402040,5300552,,26332260,23531020,23614308,24484636,,28672336,26622684,26887916,28062928,,1980,1980,1980,1980,,4885980,5609596,5829912,6041056
72,0,26,22,4,0,0,23163384,97767548,110055656,7920,22491800,,4313652,6861376,6633400,5354956,,26489956,23477744,23379572,24420276,,28830212,26571928,26656348,27997168,,1980,1980,1980,1980,,4750888,5655092,5993968,6091852
74,1,27,21,4,0,0,23677432,97299700,109591520,7920,22885072,,4633960,6871908,6547552,5624012,,26190248,23480224,23463924,24165304,,28530976,26574688,26737200,27748656,,1980,1980,1980,1980,,5038820,5663652,5886576,6296024
77,0,28,22,4,0,0,24249968,96690896,108992844,7920,23423940,,4751884,7031440,6720076,5746568,,26046548,23326948,23287824,24029576,,28387408,26427580,26564440,27613416,,1980,1980,1980,1980,,5163556,5769192,6068932,6422260
80,0,29,23,4,0,0,24652332,96256684,108563524,7920,23791460,,4829824,7209448,6799788,5813272,,25961256,23139884,23200612,23954932,,28303280,26240940,26479960,27539344,,1980,1980,1980,1980,,5211852,5957060,6144268,6478280
83,0,30,24,4,0,0,24779588,96130584,108444572,7920,23747896,,4838176,7290212,7036756,5614444,,25951124,23036092,22947680,24195688,,28294200,26135380,26233136,27781856,,1980,1980,1980,1980,,5163072,6032280,6326840,6225704
86,0,31,25,4,0,0,25100544,95822924,108143628,7920,24015880,,5082992,7462404,6788584,5766564,,25700512,22862096,23235524,24024792,,28043984,25967044,26521252,27611348,,1980,1980,1980,1980,,5402876,6141172,6082948,6388884
89,0,32,25,4,0,0,25632680,94845480,107168808,7920,24856172,,5192144,7284068,7104228,6052240,,25565732,22662696,22889580,23727472,,27909400,25768036,26176416,27314956,,1980,1980,1980,1980,,5521188,6349432,6358376,6627176
91,1,33,26,4,0,0,26025908,94438652,106768612,7920,25236212,,5271356,7351296,7208164,6195092,,25478752,22576616,22790728,23592556,,27824696,25682116,26079020,27182780,,1980,1980,1980,1980,,5566936,6425280,6470340,6773656
94,0,34,27,4,0,0,26537656,94307284,106640760,7920,25174348,,5322136,7494160,7461772,6259588,,25430244,22838340,22524544,23514156,,27776360,25946060,25813936,27104404,,1980,1980,1980,1980,,5557884,6122580,6662420,6831464
97,0,35,28,3,1,0,26610336,93790984,106124712,7920,25625132,,5514652,7698304,7622544,5774836,,25238720,22640072,22346960,23565232,,27585128,25748240,25637612,27153732,,1980,1980,1980,1980,,5770188,6319192,6829264,6706488
100,0,36,29,4,0,0,26822528,93118224,105449076,7920,26205724,,5634356,7478880,7694780,6014512,,25099372,22430476,22288880,23299496,,27446004,25534736,25579964,26888372,,1980,1980,1980,1980,,5886660,6466024,6895372,6957668
102,1,37,29,4,0,0,27050696,92869760,105194732,7920,26370204,,5704756,7454696,7729748,6161496,,25032208,22425100,22233024,23179428,,27380736,25530348,25525404,26758244,,1980,1980,1980,1980,,5931220,6418756,6925520,7094708
105,0,38,30,4,0,0,27751152,92548380,104885252,7920,26515132,,6008004,7808136,7695144,6239868,,24721496,22484524,22266340,23076020,,27070612,25596356,25559016,26659268,,1980,1980,1980,1980,,6185520,6337136,6824284,7168192
108,0,39,30,5,0,0,28381908,91913424,104251428,7920,27100972,,6089740,8116032,7903416,6272720,,24637572,22167132,22059756,23048964,,26986948,25279420,25353000,26632060,,1980,1980,1980,1980,,6277628,6585852,7040012,7197480
111,0,40,31,5,0,0,28272160,91510080,103866892,7920,27396820,,6152588,7212716,8059512,6847344,,24568336,22185164,21894188,22862392,,26918692,25298592,25187968,26461640,,1980,1980,1980,1980,,6337960,6521888,7190724,7346248
114,0,41,34,4,0,0,28310304,91459828,103820516,7920,27293108,,5820264,7492452,8138824,6858764,,24899252,21899372,21792436,22868768,,27249596,25014584,25088332,26468004,,1980,1980,1980,1980,,5951308,6796260,7260840,7284700
116,1,42,34,4,0,0,28414352,90922004,103275460,7920,27805272,,6255588,7635316,7944456,6578992,,24456296,21766316,21570468,23128924,,26807240,24882960,24862532,26722728,,1980,1980,1980,1980,,6363188,6948936,7433164,7059984
119,1,43,34,5,0,0,29324944,89971004,102333152,7920,28603144,,6448480,7863648,8089236,6923580,,24254212,21503164,21433544,22780084,,26605384,24623360,24726484,26377924,,1980,1980,1980,1980,,6571576,7110248,7586756,7334564
122,1,44,37,4,0,0,30034316,89211628,101579284,7920,29243100,,6545944,8052964,8171388,7264020,,24133000,21339496,21324488,22414644,,26484408,24461224,24617856,26015796,,1980,1980,1980,1980,,6665804,7295960,7664300,7617036
125,0,45,38,4,0,0,29948504,88846716,101216232,7920,29582560,,6603616,8137960,7767916,7439012,,24078080,21255836,21276808,22235992,,26431464,24376092,24570852,25837824,,1980,1980,1980,1980,,6708200,7382952,7694984,7796424
128,0,46,41,4,0,0,30205820,89017656,101396416,7920,29213268,,6538000,8197152,8194532,7276136,,24152276,21179892,21288568,22396920,,26506164,24301560,24588336,26000356,,1980,1980,1980,1980,,6578768,7432916,7601828,7599756
131,0,47,40,4,0,0,30735212,88041212,100418168,7920,30116796,,6843632,8224300,8437180,7230100,,23837640,21147844,21049544,22006184,,26191948,24266172,24347688,25612360,,1980,1980,1980,1980,,6880488,7455476,7851512,7929320
134,0,48,41,4,0,0,30888328,87885220,100267992,7920,30290000,,6973580,7938816,8582420,7393512,,23701300,21449360,20891304,21843256,,26055868,24572300,24189980,25449844,,1980,1980,1980,1980,,7017472,7176544,7993240,8102744
137,0,49,42,4,0,0,30925476,87815204,100192984,7920,30322588,,7070688,8131600,8212892,7510296,,23592440,21255520,20823560,22143684,,25947528,24379056,24115536,25750864,,1980,1980,1980,1980,,7075992,7379764,8049272,7817560
140,0,50,44,4,0,0,31936796,86794508,99184304,7920,31137152,,7396440,8234096,8466948,7839312,,23268988,21151480,20562912,21811128,,25625300,24275208,23863036,25420760,,1980,1980,1980,1980,,7354240,7476012,8231092,8075808
143,0,51,47,3,0,0,32383740,86762932,99154096,7920,31210600,,7479100,8423108,8569424,7912108,,23189056,20943644,20890672,21739560,,25545616,24069656,24189504,25349320,,1980,1980,1980,1980,,7454252,7594152,7994920,8167276
146,0,52,47,4,0,0,33034260,86058396,98449192,7920,31776872,,7525120,9067496,8212504,8229140,,23129620,20724548,20796252,21407976,,25487144,23847936,24094936,25019176,,1980,1980,1980,1980,,7495296,7788996,8073512,8419068
148,1,53,47,4,0,0,33184836,86309440,98706372,7920,31456344,,7356656,9141512,8357196,8329472,,23281184,20638560,21067696,21322000,,25638768,23762628,24371592,24933384,,1980,1980,1980,1980,,7269520,7888936,7758040,8539848
151,1,54,46,4,0,0,33520520,86375336,98776928,7920,31263948,,7743768,9052660,8758600,7965492,,22886552,21146016,21101556,21241212,,25244716,24274660,24406200,24851352,,1980,1980,1980,1980,,7632540,7327460,7704912,8599036
154,1,55,45,4,0,0,34690296,85216076,97623456,7920,32313332,,7896136,9360208,9176616,8257336,,22740272,20848056,20679740,20948008,,25098556,23977472,23984872,24562556,,1980,1980,1980,1980,,7794924,7631152,8062208,8825048
157,0,56,45,4,0,0,35147968,84705316,97115928,7920,32694904,,7739376,9652940,9359800,8395852,,22869796,20544024,20469460,20822036,,25229284,23674436,23774996,24437212,,1980,1980,1980,1980,,7607572,7863464,8253464,8970404
160,0,57,47,4,0,0,35395304,84447452,96862372,7920,32902160,,7542920,9884912,9508024,8459448,,23088568,20300988,20322204,20735692,,25449012,23432104,23628408,24352848,,1980,1980,1980,1980,,7385752,8101472,8380168,9034768
163,0,58,49,5,0,0,35884460,83990332,96413552,7920,33279760,,8030608,10004572,9354320,8494960,,22582904,20169176,20432704,20805548,,24943932,23303424,23741392,24424804,,1980,1980,1980,1980,,7832928,8221656,8227984,8997192
166,0,59,52,4,0,0,36570192,83201808,95627308,7920,33870748,,8261336,10057820,9712604,8538432,,22335404,20108236,20106056,20652112,,24697816,23245684,23416604,24267204,,1980,1980,1980,1980,,8058240,8274760,8509156,9028592
169,0,60,53,4,0,0,36854916,82491992,94918924,7920,34505068,,8379592,10255684,9466288,8753352,,22210848,19916220,19928384,20436540,,24573544,23054776,23238136,24052468,,1980,1980,1980,1980,,8176628,8414848,8664136,9249456
172,0,61,52,5,0,0,36251728,82652716,95075172,7920,34248804,,7813576,9990212,9566332,8881608,,22768400,19759100,19824680,20300536,,25130856,22892800,23136012,23915504,,1980,1980,1980,1980,,7530120,8581316,8759288,9378080
175,0,62,53,4,0,0,36492936,82390740,94820776,7920,34409800,,8064268,10068972,9832808,8526888,,22517312,19666828,19564616,20641984,,24880184,22800812,22879952,24259828,,1980,1980,1980,1980,,7739300,8658724,8959284,9052492
178,0,63,55,4,0,0,36513956,82355284,94794780,7920,34455212,,8355720,9372124,9953556,8832556,,22212208,19932820,19860484,20349772,,24575616,23072436,23175980,23970748,,1980,1980,1980,1980,,8042372,8409856,8711176,9291808
181,0,64,53,4,0,0,37086672,81296460,93741620,7920,35265924,,8565864,9134712,10211828,9174268,,22000372,19714412,19594056,19987620,,24364028,22853900,22910212,23613480,,1980,1980,1980,1980,,8254420,8487544,8938868,9585092
184,0,65,50,5,0,0,35845296,82049960,94493484,7920,34408616,,8551476,9134312,9261660,8897848,,21968792,19708988,20548984,19823196,,24332164,22847644,23865824,23447852,,1980,1980,1980,1980,,8145112,8471380,8042632,9749492
187,0,66,51,3,1,0,36372508,80620648,93066984,7920,35639780,,8943464,8927784,9510748,8990512,,21569620,19475452,19842568,19733008,,23937980,22615104,23158552,23355348,,1980,1980,1980,1980,,8540936,8706476,8560600,9831768
190,0,67,54,5,0,0,36410608,80566812,93014256,7920,35681104,,8682340,9317272,9386556,9024440,,21841884,19490460,19535512,19698956,,24209908,22629584,22851332,23323432,,1980,1980,1980,1980,,8325880,8604824,8878660,9871740
193,0,68,52,4,0,0,38035288,80596308,93054148,7920,35439688,,8625628,10001324,10069804,9338532,,21879116,19642360,19277780,19797052,,24247212,22783660,22596336,23426940,,1980,1980,1980,1980,,8223500,8373408,9130892,9711888
196,0,69,55,3,1,0,38869852,79743396,92203544,7920,36246916,,8958368,10336220,9823656,9751608,,21572516,19313660,19079128,19778092,,23945200,22457004,22395428,23405912,,1980,1980,1980,1980,,8557324,8717468,9302728,9669396
199,0,70,55,5,0,0,39549752,79043876,91517548,7920,36755156,,9081176,10550644,10141724,9776208,,21436080,19107752,18733124,19766920,,23807848,22253420,22060860,23395420,,1980,1980,1980,1980,,8611860,8933592,9542228,9667476
202,1,71,55,6,0,0,39306236,78837472,91314828,7920,36903220,,9349064,10430184,9871864,9655124,,21165008,18752564,19030220,19889680,,23538828,21898884,22359144,23517972,,1980,1980,1980,1980,,8880844,9182168,9318460,9521748
206,0,72,55,5,0,0,40046556,78442392,90932332,7920,37045208,,9142876,10544772,10206044,10152864,,21370956,19050704,18661912,19358820,,23746176,22203184,21993068,22989904,,1980,1980,1980,1980,,8649796,8837260,9585004,9973148
209,0,73,58,5,0,0,40794272,77713688,90214596,7920,37785632,,9492168,10890292,10334384,10077428,,20998328,18687464,18565172,19462724,,23378472,21845744,21895052,23095328,,1980,1980,1980,1980,,8944828,9175968,9716792,9948044
212,0,74,62,4,0,0,41191500,77263640,89772080,7920,38087904,,9384052,11081776,10646508,10079164,,21104848,18506116,18210616,19442060,,23485488,21665040,21545120,23076432,,1980,1980,1980,1980,,8873512,9366644,9954360,9893388
215,0,75,62,5,0,0,42227112,76219296,88735876,7920,38990656,,9752056,11375380,10783308,10316368,,20730192,18196624,18089512,19202968,,23110324,21358844,21426760,22839948,,1980,1980,1980,1980,,9187912,9569372,10098224,10135148
218,0,76,65,5,0,0,42598892,76196780,88717260,7920,38809652,,9910348,11615524,10725056,10347964,,20559312,17962004,18545960,19129504,,22941452,21129036,21881252,22765520,,1980,1980,1980,1980,,9352928,9784916,9580132,10091676
221,0,77,64,6,0,0,43478616,75327644,87857116,7920,39638284,,10002716,11759992,11036912,10678996,,20470944,17825628,18230380,18800692,,22855428,20992224,21568284,22441180,,1980,1980,1980,1980,,9429084,9902424,9889532,10417244
224,0,78,69,4,0,0,43578336,74802468,87339868,7920,40093476,,10361092,11328756,11014252,10874236,,20101420,17837472,18255796,18607780,,22488916,21005256,21594656,22251040,,1980,1980,1980,1980,,9730596,9956620,9789344,10616916
227,0,79,70,4,0,0,44218400,74099112,86637460,7920,40608700,,10469992,11373308,11428996,10946104,,19989528,17800988,17814156,18494440,,22377536,20970060,21151404,22138460,,1980,1980,1980,1980,,9842812,9999152,10152316,10614420
230,0,80,70,5,0,0,44922824,73366724,85919332,7920,41249348,,10514684,11585488,11630688,11191964,,19926948,17575152,17606696,18257928,,22316992,20748624,20947452,21906264,,1980,1980,1980,1980,,9889036,10147916,10354944,10857452
233,0,81,74,4,0,0,45190988,73507976,86061772,7920,41081616,,10563436,11964172,11754836,10908544,,19882452,17613988,17467168,18544368,,22272920,20786316,20809248,22193288,,1980,1980,1980,1980,,9919856,10073024,10476876,10611860
236,0,82,73,5,0,0,46316768,72349796,84913596,7920,42036936,,10872652,12595036,12032132,10816948,,19566848,17417340,17171984,18193624,,21958216,20589528,20522316,21843536,,1980,1980,1980,1980,,10182344,10284796,10687152,10882644
239,0,83,75,4,0,0,46802904,72247976,84809996,7920,42018768,,10968200,12869852,12175112,10789740,,19471212,17108868,17030484,18637412,,21862976,20284140,20376456,22286424,,1980,1980,1980,1980,,10298272,10483040,10846780,10390676
242,0,84,75,4,0,0,47240616,71811552,84383196,7920,42453760,,11028524,12693540,12231868,11286684,,19402528,17288436,16981540,18139048,,21796200,20467376,20329892,21789728,,1980,1980,1980,1980,,10352300,10322800,10938276,10840384
245,0,85,77,3,0,0,47977420,71064588,83643684,7920,43093092,,11151176,13023972,12267144,11535128,,19281072,16955372,16944372,17883772,,21675332,20135716,20297476,21535160,,1980,1980,1980,1980,,10413572,10620032,10967740,11091748
248,0,86,77,4,0,0,48542632,70938116,83518868,7920,43185992,,11426400,13160672,12235680,11719880,,19005356,16817776,17414696,17700288,,21400428,20000924,20763796,21353720,,1980,1980,1980,1980,,10700556,10763268,10447904,11274264
251,0,87,77,4,0,0,48165124,69971284,82559800,7920,43979560,,11528412,12941488,12278448,11416776,,18898592,16603368,16917152,17552172,,21294040,19786352,20271236,21208172,,1980,1980,1980,1980,,10802396,10910184,10871172,11395808
254,0,88,79,5,0,0,47887744,69365168,81962284,7920,44470248,,11602080,12738140,11824628,11722896,,18814028,16370632,16932492,17248016,,21209980,19554720,20285804,20911780,,1980,1980,1980,1980,,10873224,11134564,10835324,11627136
257,0,89,82,4,0,0,48943756,69179268,81780028,7920,44671756,,11643544,12981668,12053868,12264676,,18784740,16558936,16702140,17133452,,21181860,19743796,20056296,20798076,,1980,1980,1980,1980,,10928452,10925388,11064332,11753584
260,0,90,81,5,0,0,50038460,68027300,80634492,7920,45551544,,11973120,13243224,12459956,12362160,,18445528,16286140,16273464,17022168,,20843496,19473156,19630748,20687092,,1980,1980,1980,1980,,11208100,11145460,11359848,11838136
263,0,91,82,4,0,0,50558684,68369484,80976340,7920,45110324,,12085648,13168888,12907620,12396528,,18338516,16343184,16687424,17000360,,20736856,19528660,20045264,20665560,,1980,1980,1980,1980,,11331796,11000208,10907008,11871312
266,0,92,82,4,0,0,50894948,67567564,80177816,7920,45753056,,11840756,13496616,13288160,12269416,,18583812,16007672,16302740,16673340,,20981484,19194220,19662388,20339724,,1980,1980,1980,1980,,11064168,11328088,11249684,12111116
269,0,93,80,4,0,0,51219008,67706876,80318060,7920,45663188,,11553900,13839320,13485940,12339848,,18866832,16096864,16101124,16642056,,21262632,19283460,19463356,20308612,,1980,1980,1980,1980,,10740560,11215032,11465884,12241712
272,0,94,81,5,0,0,52294088,66568512,79184860,7920,46602040,,12010568,14045836,13804412,12433272,,18397804,15874528,15761104,16535076,,20794728,19061724,19126952,20201456,,1980,1980,1980,1980,,11148092,11411212,11715608,12327128
275,0,95,82,5,0,0,52791900,66037428,78661348,7920,47020012,,11881264,14178208,13993456,12738972,,18504412,15734480,15574728,16223808,,20899936,18925952,18943760,19891700,,1980,1980,1980,1980,,11003936,11550768,11916392,12548916
278,0,96,85,4,0,0,53217212,65582704,78210988,7920,47414748,,12220932,14451584,14090864,12453832,,18169420,15446028,15466008,16501248,,20565560,18640884,18835844,20168700,,1980,1980,1980,1980,,11351048,11744416,12009896,12309388
281,0,97,85,5,0,0,53040356,65750536,78381120,7920,47126116,,12455892,13950292,13853856,12780316,,17904064,15967704,15710104,16168664,,20301200,19160792,19080328,19838800,,1980,1980,1980,1980,,11553376,11264920,11737164,12570656
284,0,98,85,4,0,0,51611676,66312984,78947952,7920,46533960,,11321652,13857544,13510596,12921884,,19041444,15641248,15601284,16029008,,21439972,18835800,18970804,19701376,,1980,1980,1980,1980,,10420912,11625956,11766056,12721036
287,1,99,83,4,0,0,51734388,66140928,78776340,7920,46631732,,11187212,13756836,13816656,12973684,,19158552,15301716,15281328,16399332,,21555384,18498016,18651772,20071168,,1980,1980,1980,1980,,10262960,11903748,12067180,12397844
290,1,100,81,5,0,0,53143520,65140844,77781940,7920,47460380,,11824700,14016736,14006812,13295272,,18510992,15471292,15092880,16065680,,20907600,18668884,18465572,19739884,,1980,1980,1980,1980,,10790444,11763664,12260460,12645812
293,1,101,84,5,0,0,54211016,64475436,77122476,7920,48024224,,12137812,14381584,14294248,13397372,,18199784,15088092,15230032,15957528,,20598208,18288464,18603548,19632256,,1980,1980,1980,1980,,11098704,12074900,12085612,12765008
297,0,102,85,6,0,0,53983004,63762864,76413392,7920,48566052,,12142608,13680836,14688540,13471020,,18160024,14920492,14813012,15869336,,20557044,18122832,18189292,19544224,,1980,1980,1980,1980,,11063696,12237224,12424456,12840676
300,0,103,84,6,0,0,54081864,64594180,77247884,7920,47781212,,11740280,14583336,14463256,13294992,,18569072,14856948,15109792,16058368,,20966956,18060964,18485060,19734904,,1980,1980,1980,1980,,10680800,12186484,12271068,12642860
303,1,104,85,4,0,0,55506504,63123608,75785608,7920,49051952,,12183840,15309124,14765584,13247956,,18114948,14557812,14776820,15674028,,20516304,17763088,18153392,19352824,,1980,1980,1980,1980,,11059140,12447572,12574292,12970948
306,1,105,87,5,0,0,55722572,62915136,75582956,7920,49249092,,12602568,14771656,14906724,13441624,,17679156,15103040,14647848,15485092,,20087216,18304876,18028316,19162548,,1980,1980,1980,1980,,11448780,11909552,12721864,13168896
310,0,106,89,5,0,0,55865540,62255120,74935556,7920,49707644,,12625176,14457936,15220056,13562372,,17642152,14952612,14320420,15339936,,20054332,18154792,17705572,19020860,,1980,1980,1980,1980,,11469560,11972516,12974764,13290804
313,0,107,91,5,1,0,56271468,61821076,74500200,7920,49981288,,13045940,14823428,15393172,13008928,,17194020,15034456,14137756,15454844,,19606044,18237152,17524424,19132580,,1980,1980,1980,1980,,11834040,11882424,13128708,13136116
316,0,108,94,2,2,0,57002748,61157976,73845480,7920,50828172,,13170836,15196444,15486372,13149096,,17144000,14651564,14033144,15329268,,19560608,17857352,17420488,19007032,,1980,1980,1980,1980,,12091724,12244300,13209432,13282716
319,1,109,95,2,3,0,57379436,61170952,73861640,7920,50717384,,13322636,15391072,15583808,13081920,,16969468,14453700,13944276,15803508,,19390104,17660100,17334352,19477084,,1980,1980,1980,1980,,12248132,12443688,13288320,12737244
322,1,110,97,0,4,0,57633744,61294364,73984040,7920,50485276,,13202800,15205848,15417956,13807140,,17089640,14601956,14107316,15495452,,19512024,17811928,17496040,19164048,,1980,1980,1980,1980,,12102128,12226348,13097096,13059704
325,1,111,98,0,5,0,57254604,61681532,74377072,7920,50112024,,13343556,15118072,15248876,13544100,,16941488,14705792,14270896,15763356,,19366216,17916664,17659332,19434860,,1980,1980,1980,1980,,12250892,12117376,12913740,12830016
328,1,112,97,0,6,0,56843184,61203044,73905716,7920,50583044,,13424436,14947440,15084216,13387092,,16844828,14427856,14000032,15930328,,19270084,17639364,17384732,19611536,,1980,1980,1980,1980,,12332920,12377188,13173856,12699080
331,1,113,96,0,7,0,55011492,62594508,75300588,7920,49147832,,13232312,15249532,14484056,12045592,,17045568,14554788,14596632,16397520,,19472136,17765916,17987296,20075240,,1980,1980,1980,1980,,12112220,12236628,12587100,12211884
335,0,114,93,0,8,0,55303780,62286216,74997596,7920,49378488,,13014012,15443120,14934444,11912204,,17273528,14349648,14134724,16528316,,19699996,17566892,17525060,20205648,,1980,1980,1980,1980,,11941192,12438596,12974448,12024252
338,0,115,90,0,9,0,55190576,61949496,74663828,7920,49595280,,12997452,15563600,15126652,11502872,,17275168,14219432,13941800,16513096,,19700132,17440664,17334252,20188780,,1980,1980,1980,1980,,11845832,12548356,13180408,12020684
341,0,116,92,0,10,0,56240108,61309168,74027704,7920,50141928,,13358528,15622212,14870876,12388492,,16916356,14159432,14190428,16042952,,19343656,17383428,17580748,19719872,,1980,1980,1980,1980,,12203776,12608572,12918404,12411176
344,0,117,92,0,11,0,55096992,62465820,75187016,7920,49104416,,12914008,15154180,14789820,12238984,,17348024,14681324,14243388,16193084,,19773400,17904828,17639648,19869140,,1980,1980,1980,1980,,11750860,12266152,12802672,12284732
347,1,118,92,0,12,0,56146420,61392664,74115976,7920,50025816,,13331380,15518300,15126112,12170628,,16915008,14321692,13921196,16234768,,19342364,17545088,17318376,19910148,,1980,1980,1980,1980,,12143396,12519472,13130644,12232304
351,0,119,93,0,13,0,56347440,61166496,73893348,7920,50097948,,13188512,15651832,15113872,12393224,,17054060,14177120,13925884,16009432,,19483144,17401336,17321880,19686988,,1980,1980,1980,1980,,11959864,12668260,13008472,12461352
354,0,120,93,0,14,0,57046608,60412740,73148040,7920,50842368,,13472512,15753920,15291492,12528684,,16747344,14061640,13751288,15852468,,19177404,17286172,17148188,19536276,,1980,1980,1980,1980,,12268772,12770232,13196868,12606496
357,0,121,97,0,15,0,56749632,60312748,73057656,7920,50963964,,13623088,15131196,15394936,12600412,,16622336,14270208,13638536,15781668,,19056416,17494380,17037416,19469444,,1980,1980,1980,1980,,12426484,12562608,13299692,12675180
360,0,122,101,0,16,0,55821644,60817016,73562996,7920,50529804,,13701768,15300448,14608592,12210836,,16522440,14084744,14023056,16186776,,18957108,17309428,17422360,19874100,,1980,1980,1980,1980,,12507144,12738140,12978632,12305888
362,1,123,100,0,17,0,55874108,60638924,73387900,7920,50667412,,13782524,14959980,14599520,12532084,,16444436,14303416,14035148,15855924,,18881444,17526372,17432988,19547096,,1980,1980,1980,1980,,12575860,12551520,12971856,12568176
365,1,124,99,0,18,0,56506268,60977500,73728712,7920,50215524,,13832584,15275184,14443696,12954804,,16390292,14101856,14190660,16294692,,18827512,17329020,17588624,19983556,,1980,1980,1980,1980,,12628472,12677196,12797396,12112460
369,0,125,97,0,19,0,55986804,60587032,73340884,7920,50622280,,13888928,14549836,14754888,12793152,,16337176,14386408,13866416,15997032,,18774664,17613692,17266400,19686128,,1980,1980,1980,1980,,12684160,12429616,13113756,12394748
372,0,126,96,0,20,0,55237700,61303788,74054916,7920,49826008,,13943672,14851016,13469796,12973216,,16279772,14061632,15141412,15820972,,18717468,17287760,18537496,19512192,,1980,1980,1980,1980,,12739036,12676436,11837544,12572992
375,0,127,95,0,21,0,55642816,61300932,74053976,7920,49696504,,14002040,14211704,14140304,13288768,,16210956,14727432,14458028,15904516,,18648772,17953352,17855672,19596180,,1980,1980,1980,1980,,12794464,12037076,12431904,12433060
378,0,128,92,0,22,0,56027500,60931260,73686712,7920,50039140,,13842956,14326272,14415940,13442332,,16395316,14586364,14181284,15768296,,18830604,17813108,17579864,19463136,,1980,1980,1980,1980,,12626360,12096248,12718716,12597816
381,0,129,93,0,23,0,56116776,60397660,73191664,7920,50535656,,14045000,14643756,14321788,13106232,,16203144,14264948,14261592,15667976,,18673664,17494172,17661032,19362796,,1980,1980,1980,1980,,12832000,12418624,12597456,12687576
384,0,130,94,0,24,0,55974568,60496032,73291500,7920,50365836,,13750816,14918672,14586092,12718988,,16490968,14423436,13985736,15595892,,18961156,17652132,17386128,19292084,,1980,1980,1980,1980,,12544632,12230148,12862464,12728592
387,0,131,93,0,25,0,55654888,61256736,74051308,7920,49626452,,13227888,15300876,14360552,12765572,,17022588,14468752,14208000,15557396,,19489060,17696568,17610056,19255624,,1980,1980,1980,1980,,12025552,12144372,12682224,12774304
390,0,132,93,0,26,0,55672828,61679084,74478632,7920,49205900,,13408060,15207748,14773076,12283944,,16826608,14544940,14217076,16090460,,19292056,17774544,17626428,19785604,,1980,1980,1980,1980,,12144872,12080120,12567628,12413280
393,0,133,93,0,27,0,55344300,61105652,73905932,7920,49682688,,13752252,14367476,15078016,12146556,,16465632,14931288,13896888,15811844,,18931956,18161252,17307340,19505384,,1980,1980,1980,1980,,12492872,11626144,12899404,12664268
396,0,134,92,0,28,0,54865816,60719928,73519096,7920,49983072,,13961304,14911912,14556784,11435816,,16260412,14362168,13981368,16115980,,18728568,17593388,17389916,19807224,,1980,1980,1980,1980,,12703028,12104352,12782328,12393364
399,0,135,92,0,29,0,54648544,60881404,73680340,7920,49749564,,12927284,15179988,14779364,11761908,,17266052,14102800,13757344,15755208,,19731772,17335228,17166868,19446472,,1980,1980,1980,1980,,11706056,12362416,13004068,12677024
402,0,136,90,0,30,0,55132872,62134608,74923632,7920,48461972,,13152028,15052492,14618168,12310184,,17046432,14677536,14340520,16070120,,19510744,17908340,17747792,19756756,,1980,1980,1980,1980,,11854344,11764368,12418204,12425056
405,0,137,85,0,31,0,56298064,61782880,74577000,7920,48629064,,12986444,15048268,15195384,13067968,,17196540,14708020,14170476,15707844,,19658924,17938620,17579652,19399804,,1980,1980,1980,1980,,11600704,11830160,12517488,12680712
408,1,138,80,0,32,0,55745648,62358548,75151584,7920,48108984,,12557372,15041424,14803584,13343268,,17622640,14714296,14139172,15882440,,20081696,17943972,17549616,19576300,,1980,1980,1980,1980,,11239068,11823748,12522224,12523944
412,0,139,79,0,33,0,55645096,62008100,74800180,7920,48343000,,13148280,15021636,14612292,12862888,,17025100,14726300,13907432,16349268,,19485176,17957172,17315256,20042576,,1980,1980,1980,1980,,11754056,11771780,12760904,12056260
415,0,140,76,0,34,0,55803140,62211280,75003504,7920,48082372,,13040824,15092880,14381276,13288160,,17124112,14640620,14542716,15903832,,19582604,17870604,17950632,19599664,,1980,1980,1980,1980,,11658456,11821888,12173092,12428936
419,0,141,76,0,35,0,56532904,61005988,73809180,7920,49098480,,13466428,14927352,14939384,13199740,,16684428,14362560,13960792,15998208,,19144232,17594784,17374776,19695388,,1980,1980,1980,1980,,12052940,12102092,12617468,12325980
422,0,142,76,0,36,0,56278020,61778000,74584688,7920,48537700,,13004420,15136088,15047804,13089708,,17152356,14151624,14364640,16109380,,19611824,17388004,17779688,19805172,,1980,1980,1980,1980,,11578132,12307624,12456664,12195280
425,1,143,78,0,37,0,57178868,61210240,74026420,7920,48851976,,13468660,15469956,15082368,13157884,,16665120,14236908,14296524,16011688,,19131184,17474364,17711784,19709088,,1980,1980,1980,1980,,12007636,12162284,12428856,12253200
429,0,144,82,0,38,0,57666960,60263892,73087392,7920,49813832,,13708856,15606592,15381944,12969568,,16407788,14092608,14003916,15759580,,18874880,17331812,17421616,19459084,,1980,1980,1980,1980,,12255436,12317600,12731008,12509788
432,0,145,83,0,39,0,58047104,59877244,72713580,7920,50151608,,13631244,15698568,15579104,13138188,,16484544,14006352,13791288,15595060,,18951972,17249764,17215324,19296520,,1980,1980,1980,1980,,12148356,12414732,12917416,12671104
435,0,146,89,0,40,0,58443796,59461916,72307240,7920,50547984,,13819044,15748412,15655132,13221208,,16296012,13958152,13709448,15498304,,18765808,17204648,17135900,19200884,,1980,1980,1980,1980,,12343220,12457240,13002808,12744716
438,0,147,94,0,41,0,58507056,59569912,72424964,7920,50755620,,13703716,15787460,15743432,13272448,,16502500,13905084,13625136,15537192,,18975360,17153760,17054124,19241720,,1980,1980,1980,1980,,12436512,12498828,13067648,12752632
441,0,148,97,0,42,0,58568100,59856020,72712032,7920,50372380,,13443828,15807452,15788768,13528052,,16764108,13893492,13566912,15631508,,19237024,17142632,16996696,19335680,,1980,1980,1980,1980,,12162672,12517320,13111244,12581144
444,0,149,98,0,43,0,58822916,59588832,72451340,7920,50597300,,13402972,15900572,15840364,13679008,,16783712,13786080,13534076,15484964,,19260080,17037412,16964396,19189452,,1980,1980,1980,1980,,12104760,12593780,13153980,12744780
447,0,150,98,0,44,0,58917636,59500820,72363384,7920,50687412,,13607700,15680036,15889744,13740156,,16593260,14014936,13499500,15393124,,19069924,17265840,16930036,19097584,,1980,1980,1980,1980,,12320732,12350936,13205392,12810352
450,0,151,96,0,45,0,58069148,60355604,73217276,7920,49875464,,13208856,15850452,15921776,13088064,,16975952,13832944,13448064,16098644,,19448640,17084724,16879212,19804700,,1980,1980,1980,1980,,11884536,12528196,13237584,12225148
453,0,152,96,0,46,0,57378640,61086912,73944248,7920,49210820,,12322000,15991612,15638320,13426708,,17884300,13692796,13745800,15764016,,20355412,16944920,17175628,19468288,,1980,1980,1980,1980,,11070260,12663624,12915228,12561708
456,0,153,93,0,47,0,57377752,60622972,73479464,7920,49506560,,12773244,16078584,15694480,12831444,,17407972,13601892,13675620,15937488,,19879080,16856496,17104380,19639508,,1980,1980,1980,1980,,11469560,12736568,12919128,12381304
459,0,154,96,0,48,0,57400216,60148788,73010220,7920,49957704,,13027872,15670368,15922524,12779452,,17162556,13583584,13437120,15965528,,19635960,16839136,16867884,19667240,,1980,1980,1980,1980,,11734076,12754196,13150084,12319348
462,0,155,95,0,49,0,56437064,61103084,73959160,7920,49088420,,13235124,15718456,14798336,12685148,,16936500,13529532,14126476,16510576,,19410480,16785484,17551836,20211360,,1980,1980,1980,1980,,11939716,12811200,12513556,11823948
465,1,156,92,0,50,0,55897892,60769328,73629024,7920,49377264,,13371396,15300328,14899364,12326804,,16782432,13559524,14015896,16411476,,19259124,16815184,17442348,20112368,,1980,1980,1980,1980,,12063080,12870968,12570032,11873184
468,1,157,91,0,51,0,57004788,60070404,72930040,7920,49895116,,13399900,15553152,15278752,12772984,,16751128,13735980,13627432,15955864,,19228468,16990684,17054108,19656780,,1980,1980,1980,1980,,12087500,12663208,12899432,12244976
472,0,158,90,0,52,0,55793900,60862852,73715408,7920,49163040,,13001480,15271844,15268188,12252388,,17171452,13588076,14057300,16046024,,19648072,16841028,17480432,19745876,,1980,1980,1980,1980,,11733764,12827736,12458368,12143172
475,0,159,87,0,53,0,56326372,60676176,73531260,7920,49180028,,13301164,14870676,15653096,12501436,,16855340,14394316,13643312,15783208,,19332352,17645732,17069324,19483852,,1980,1980,1980,1980,,11972592,11988924,12811176,12407336
478,0,160,83,0,54,0,56403340,60595948,73453656,7920,49246056,,13204688,14648764,15889392,12660496,,16948688,14619840,13416060,15611360,,19425692,17869608,16845896,19312460,,1980,1980,1980,1980,,11861464,11752884,13053004,12578704
481,1,161,85,0,55,0,57149240,59907976,72767816,7920,50065948,,13404316,15083516,15908780,12752628,,16764912,14164076,13467256,15511732,,19242372,17413496,16898832,19213116,,1980,1980,1980,1980,,12065576,12135656,13203616,12661100
485,0,162,87,0,56,0,55987088,60613844,73474992,7920,49340276,,13504612,14150172,15552712,12779592,,16649468,15105116,13368740,15490520,,19129156,18349040,16803216,19193580,,1980,1980,1980,1980,,12163344,11218000,13280196,12678736
488,0,163,86,0,57,0,56255588,61203044,74061000,7920,48669180,,13318424,15237772,15635480,12063912,,16836380,14418076,13730144,16218444,,19314180,17663668,17161696,19921456,,1980,1980,1980,1980,,11951080,11805384,12931560,11981156
491,0,164,85,0,58,0,56995900,60003416,72866168,7920,49763004,,13507788,15530740,15472680,12484692,,16641604,14127864,13438156,15795792,,19121780,17374432,16871804,19498152,,1980,1980,1980,1980,,12145576,12094664,13176368,12346396
494,0,165,85,0,59,0,57104032,59848008,72713468,7920,49838348,,13634212,15769132,14928956,12771732,,16508860,13871760,13552884,15914504,,18991176,17119576,16984476,19618240,,1980,1980,1980,1980,,12247680,12342336,13059732,12188600
497,1,166,86,0,60,0,56103900,60041832,72911952,7920,49828144,,13544024,14864396,15089012,12606468,,16645436,14365704,13383792,15646900,,19127872,17615680,16817668,19350732,,1980,1980,1980,1980,,12291744,11858104,13226212,12452084
500,1,167,89,0,61,0,56260432,60686348,73555028,7920,49023528,,13610500,15272888,14534188,12842856,,16571696,13928584,14364232,15821836,,19054224,17180616,17795340,19524848,,1980,1980,1980,1980,,12360096,12186228,12230392,12246812
503,1,168,87,0,62,0,56565908,59960264,72828368,7920,49631280,,13662836,14665632,15147720,13089720,,16516456,14099376,13761644,15582788,,19000592,17348276,17192252,19287248,,1980,1980,1980,1980,,12411340,12019664,12712572,12487704
506,1,169,87,0,63,0,56119140,59963588,72831916,7920,49610048,,13313244,15014936,15432336,12358624,,16879272,14172640,13452936,15458740,,19362060,17420796,16884136,19164924,,1980,1980,1980,1980,,12073192,11939152,12972296,12625408
510,0,170,85,0,64,0,56579800,60007200,72877280,7920,49770200,,13636604,15094684,15604488,12244024,,16551916,14084336,13281744,16089204,,19036216,17334608,16714112,19792344,,1980,1980,1980,1980,,12363116,11963616,13146600,12296868
513,0,171,86,0,65,0,55752144,60852148,73718068,7920,48871988,,13261356,14535420,15720684,12234684,,16938520,14662672,13163416,16087540,,19420124,17903812,16599528,19794604,,1980,1980,1980,1980,,11954856,11456772,13254692,12205668
516,1,172,84,0,66,0,56019724,60951800,73811504,7920,48623536,,13570732,14650096,15292468,12506428,,16614920,14512176,14021876,15802828,,19096536,17754204,17452492,19508272,,1980,1980,1980,1980,,12263056,11500276,12378976,12481228
520,0,173,81,0,67,0,56057092,60427496,73290184,7920,48968812,,13413340,15075240,15354708,12213804,,16765860,14056780,13941712,15663144,,19246472,17305416,17370764,19367532,,1980,1980,1980,1980,,12087604,11879452,12377692,12624064
523,0,174,78,0,68,0,55976560,60914008,73767776,7920,48406164,,13116204,15472148,15097076,12291132,,17047016,14094760,14190572,15581660,,19524112,17344056,17617072,19282536,,1980,1980,1980,1980,,11755104,11837436,12113300,12700324
526,1,175,74,0,69,0,55787644,61250540,74115572,7920,48437476,,12564588,15455160,15009320,12758576,,17586052,14262364,13850368,15551756,,20072252,17512412,17278312,19252596,,1980,1980,1980,1980,,11146292,12081104,12463884,12746196
530,0,176,76,0,70,0,55830692,61621336,74492736,7920,48185208,,12582700,15612532,14839104,12796356,,17575932,14087820,14445112,15512472,,20061936,17343248,17874132,19213420,,1980,1980,1980,1980,,11201836,12255412,11942952,12785008
533,0,177,76,0,71,0,56615136,61219856,74090336,7920,48395756,,13037808,15369924,15385740,12821664,,17102332,14317448,13885272,15914804,,19587456,17574524,17312588,19615768,,1980,1980,1980,1980,,11608832,11988928,12376392,12421604
536,0,178,78,0,72,0,56365912,61459172,74341164,7920,48225096,,13277252,15589720,15660000,11838940,,16860176,14103308,13595128,16900560,,19345840,17363240,17023884,20608200,,1980,1980,1980,1980,,11867548,12208360,12657936,11491252
539,1,179,76,0,73,0,55935944,62253000,75128716,7920,47212384,,13481956,15008084,15459704,11986200,,16619576,14678388,13789680,17165356,,19106460,17936708,17220800,20864748,,1980,1980,1980,1980,,12077396,11615708,12466040,11053240
543,0,180,74,0,74,0,55965100,62311884,75185836,7920,47232568,,12882120,15427760,15224136,12431084,,17215136,14253804,14138948,16703996,,19697620,17514396,17571528,20402292,,1980,1980,1980,1980,,11414720,11989476,12390936,11437436
546,1,181,74,0,75,0,57199936,61086296,73970344,7920,48490392,,13210764,15628568,15558216,12802388,,16906824,14052572,13794668,16332232,,19390444,17315596,17233020,20031284,,1980,1980,1980,1980,,11750428,12197332,12726860,11815772
550,0,182,77,0,76,0,57244976,60584592,73469340,7920,48962236,,13149552,15752268,15713636,12629520,,16972188,13910620,13628892,16072892,,19455216,17174572,17067864,19771688,,1980,1980,1980,1980,,11667040,12326448,12891324,12077424
553,0,183,79,0,77,0,56852920,60918296,73808656,7920,48568020,,12819572,15809788,15375780,12847780,,17259876,13855112,13524444,16278864,,19743352,17123076,16964464,19977764,,1980,1980,1980,1980,,11304428,12383368,12973996,11906228
556,1,184,81,0,78,0,56885608,61020360,73915532,7920,48704892,,12480192,15945172,15208748,13251496,,17739932,13737828,13693204,15849396,,20226404,17006840,17134956,19547332,,1980,1980,1980,1980,,11253872,12431252,12784904,12234864
560,0,185,82,0,79,0,57374184,60477896,73378716,7920,49171024,,12847020,16015244,15051628,13460292,,17333380,13660700,13849976,15633840,,19820268,16930692,17289056,19338700,,1980,1980,1980,1980,,11600384,12503544,12608232,12458864
563,0,186,85,0,80,0,57704460,60127272,73034316,7920,49485356,,13052320,16065380,15016044,13570716,,17141980,13595540,13865476,15524276,,19629380,16867500,17303192,19234244,,1980,1980,1980,1980,,11814584,12553356,12554312,12563104
566,0,187,88,0,81,0,57461160,60809384,73717496,7920,48855260,,13164228,15663540,14995576,13637816,,17023096,14010388,14324584,15451316,,19511804,17281976,17762152,19161564,,1980,1980,1980,1980,,11924212,12191892,12109060,12630096
569,0,188,89,0,82,0,58108212,60259992,73173264,7920,49563836,,13214048,15970364,15435476,13488324,,16962400,13709636,13878852,15709104,,19456516,16980248,17317588,19418912,,1980,1980,1980,1980,,11981216,12423620,12509648,12649352
572,0,189,90,0,83,0,58132776,59761948,72676772,7920,50017608,,13266592,16127680,15661684,13076820,,16910572,13538960,13646300,15666116,,19405028,16807368,17087960,19376416,,1980,1980,1980,1980,,12023460,12588556,12741748,12663844
575,0,190,91,0,84,0,58568336,59759556,72677356,7920,49977780,,13301604,16200736,15810672,13255324,,16875080,13456684,13500580,15927212,,19369672,16725224,16945040,19637420,,1980,1980,1980,1980,,12057864,12648932,12891256,12379728
578,0,191,91,0,85,0,58655048,59666260,72587968,7920,50045576,,13062912,16261076,15882288,13448772,,17121716,13401852,13415056,15727636,,19614648,16675384,16859876,19438060,,1980,1980,1980,1980,,11790720,12702376,12968500,12583980
581,0,192,92,0,86,0,59080308,59248224,72174616,7920,50456412,,13290072,16327580,15914700,13547956,,16890628,13333916,13392884,15630796,,19385040,16609512,16838644,19341420,,1980,1980,1980,1980,,12015224,12766708,12995920,12678560
584,0,193,95,0,87,0,58915068,58940164,71872740,7920,50739664,,13416432,16351148,15969684,13177804,,16756896,13307672,13325544,15550052,,19251760,16583728,16773628,19263624,,1980,1980,1980,1980,,12145612,12799980,13050924,12743148
587,0,194,96,0,88,0,57512364,59937712,72864484,7920,49706064,,13471560,15583020,15807316,12650468,,16689296,13678288,13484328,16085800,,19184496,16952056,16931512,19796420,,1980,1980,1980,1980,,12194824,12483140,12865728,12162372
590,0,195,93,0,89,0,57840780,59189732,72115164,7920,50482848,,13533528,15391376,15954332,12961544,,16621212,13434920,13364456,15769144,,19116616,16705896,16812228,19480424,,1980,1980,1980,1980,,12256720,12712700,13013588,12499840
592,1,196,92,0,90,0,57004328,60485708,73409080,7920,49196584,,13184756,14852184,15822552,13144836,,16997844,13975944,13475116,16036804,,19491716,17248128,16922448,19746788,,1980,1980,1980,1980,,11919468,12147836,12850928,12278352
595,1,197,88,0,91,0,57553676,59876824,72797752,7920,49690832,,13222860,15226812,16013240,13090764,,16948988,13580664,13275896,16071276,,19441244,16852968,16723752,19779788,,1980,1980,1980,1980,,11902640,12532460,13052860,12202872
599,0,198,87,0,92,0,58056876,59784804,72704700,7920,49706060,,13426544,15075872,16114804,13439656,,16731440,14176236,13167496,15709632,,19224124,17445788,16615944,19418844,,1980,1980,1980,1980,,12124524,11921980,13155112,12504444
602,0,199,85,0,93,0,58290328,59185448,72104956,7920,50498664,,13578036,15521304,16030724,13160264,,16575236,13722564,13333320,15554328,,19068984,16992104,16782216,19261652,,1980,1980,1980,1980,,12268696,12372476,13196348,12661144
605,0,200,86,0,94,0,58310216,59138588,72061468,7920,50552204,,13637092,15761532,16078512,12833080,,16515604,13476172,13265632,15881180,,19012764,16746460,16715064,19587180,,1980,1980,1980,1980,,12326656,12611320,13245032,12369196
608,0,201,88,0,95,0,57750772,59270468,72192232,7920,50343080,,13285912,15890688,15713564,12860608,,16876680,13345736,13200876,15847176,,19372852,16616604,16650512,19552264,,1980,1980,1980,1980,,11982460,12730192,13313760,12316668
611,0,202,85,0,96,0,57971872,59412492,72332964,7920,50142916,,13596528,15518004,15746612,13110728,,16540316,13684360,13160560,16027256,,19036192,16954776,16611936,19730060,,1980,1980,1980,1980,,12245184,12395028,13339348,12163356
614,0,203,81,0,97,0,57163116,60230840,73146152,7920,49153684,,13034636,15017588,15638396,13472496,,17110064,14195168,13268904,15656704,,19602740,17462420,16719132,19361860,,1980,1980,1980,1980,,11705092,11796480,13160152,12491960
617,0,204,80,0,98,0,56235212,61184316,74095644,7920,48293508,,12533368,15801676,14584224,13315944,,17662684,13830472,13902668,15788492,,20153476,17099108,17349556,19493504,,1980,1980,1980,1980,,11293840,12140724,12542192,12316752
620,1,205,78,0,99,0,56751244,60403296,73317340,7920,48817568,,13065704,15336312,14793212,13556016,,17109792,13872784,13882904,15537816,,19600012,17142840,17330968,19243520,,1980,1980,1980,1980,,11786296,12057676,12405936,12567660
624,0,206,78,0,100,0,56272868,59785004,72692272,7920,49412656,,13330356,14828508,14881216,13232788,,16848640,13922072,13560520,15453772,,19338884,17188244,17006916,19158228,,1980,1980,1980,1980,,12059532,11997056,12683524,12672544
627,0,207,78,0,101,0,57048748,59443928,72350532,7920,49786980,,13499588,15112984,15156704,13279472,,16669632,13636904,13745892,15391500,,19160316,16903824,17190112,19096280,,1980,1980,1980,1980,,12224604,12291976,12553504,12716896
630,0,208,76,0,102,0,56775164,60621096,73525328,7920,48783260,,13378548,14871404,15512976,13012236,,16771940,14304720,13361532,16182904,,19261728,17569640,16808292,19885668,,1980,1980,1980,1980,,12090156,11694308,12865008,12133788
633,0,209,72,0,103,0,56984152,60408472,73312492,7920,48870232,,13253924,14992124,15411420,13326684,,16934468,14163404,13459160,15851440,,19423316,17431812,16905336,19552028,,1980,1980,1980,1980,,11955100,11706436,12750508,12458188
636,1,210,72,0,104,0,55787240,60614636,73514644,7920,48614612,,12907416,14982560,14789608,13107656,,17263796,13730356,13548820,16071664,,19749732,16999288,16992416,19773208,,1980,1980,1980,1980,,11576044,12087356,12715252,12235960
640,0,211,71,0,105,0,55030432,60576912,73485376,7920,48558076,,12508468,15200816,14712700,12608448,,17665416,13522196,13272116,16117184,,20148592,16795052,16718124,19823608,,1980,1980,1980,1980,,11194152,12311600,12913940,12138384
643,0,212,72,0,106,0,55149268,60412080,73321596,7920,48589108,,12570552,15032144,15054228,12492344,,17587404,13663656,13345176,15815844,,20070140,16938348,16790348,19522760,,1980,1980,1980,1980,,11227276,12111044,12810428,12440360
646,1,213,70,0,107,0,54582344,61517552,74422132,7920,47798852,,13007116,15014160,14647804,11913264,,17136744,13803016,14637584,15940208,,19619724,17078508,18076588,19647312,,1980,1980,1980,1980,,11612356,12343800,11575668,12267028
650,0,214,67,0,108,0,55421172,61104420,74007200,7920,48069152,,13230072,15099064,15339848,11752188,,16920248,13719652,13914264,16550256,,19403840,16997044,17354948,20251368,,1980,1980,1980,1980,,11852444,12438124,12161488,11617096
653,0,215,66,0,109,0,56576272,60349964,73256780,7920,48889972,,13378464,15539176,15602840,12055792,,16753068,13712944,13646492,16237460,,19238592,16991564,17088028,19938596,,1980,1980,1980,1980,,11995984,12492380,12449360,11952248
656,0,216,67,0,110,0,56490484,60039440,72946116,7920,49171808,,13409864,15414208,15374856,12291556,,16738104,13847184,13453340,16000812,,19223748,17125056,16894912,19702400,,1980,1980,1980,1980,,12029724,12299920,12654984,12187180
659,0,217,67,0,111,0,56583072,59904268,72811928,7920,49281336,,13416044,15139636,15547068,12480324,,16715100,14113424,13267380,15808364,,19200920,17390188,16709936,19510884,,1980,1980,1980,1980,,12040720,12040688,12824996,12374932
662,0,218,63,0,112,0,55963732,61003608,73909200,7920,48260076,,12308968,15458176,15436320,12760268,,17829200,13771916,13469992,15932500,,20308804,17048844,16914504,19637048,,1980,1980,1980,1980,,10853236,12310528,12906168,12190144
665,0,219,67,0,113,0,55172264,61370084,74282700,7920,47973584,,12721916,15611860,14726208,12112280,,17407696,13639120,14174856,16148412,,19888980,16918388,17624428,19850904,,1980,1980,1980,1980,,11276744,12469528,12234160,11993152
668,0,220,69,0,114,0,55859592,60643344,73560616,7920,48594320,,13007208,15681188,15151904,12019292,,17120512,13541732,13735220,16245880,,19605740,16821872,17184052,19948952,,1980,1980,1980,1980,,11559472,12524240,12605272,11905336
671,1,221,71,0,115,0,55786936,61122584,74039860,7920,47956048,,12421136,15988332,15457164,11920304,,17690672,13675272,13870124,15886516,,20176244,16954000,17318492,19591124,,1980,1980,1980,1980,,10978684,12316032,12455664,12205668
675,0,222,68,0,116,0,56860460,60037560,72956396,7920,48999844,,12924012,16138024,15713300,12085124,,17168196,13530956,13612076,15726332,,19653780,16810512,17061284,19430820,,1980,1980,1980,1980,,11432972,12474816,12720364,12371692
678,0,223,71,0,117,0,56448296,60564612,73481684,7920,48793316,,12923572,15485060,15866328,12173336,,17303480,14180616,13451380,15629136,,19788664,17454436,16904692,19333892,,1980,1980,1980,1980,,11665732,11840556,12839036,12447992
681,0,224,72,0,118,0,56820548,60142752,73064072,7920,49084652,,13059076,15890468,15678596,12192408,,17140156,13756644,13641576,15604376,,19625612,17032820,17094252,19311388,,1980,1980,1980,1980,,11798032,12190224,12615852,12480544
684,0,225,73,0,119,0,56377708,59740556,72664264,7920,49527532,,13106372,15657856,15391900,12221580,,17094088,13582660,13495540,15568268,,19581408,16859000,16948228,19275628,,1980,1980,1980,1980,,11850744,12398468,12773488,12504832
687,0,226,74,0,120,0,57058724,59883424,72811524,7920,49301680,,13152000,15783968,15505204,12617552,,17042696,13421636,13375000,16044092,,19530148,16698772,16829760,19752844,,1980,1980,1980,1980,,11897900,12524424,12884364,11994992
690,0,227,72,0,121,0,57353432,60117128,73045308,7920,49349708,,13171852,15959816,15540424,12681340,,17010808,13681184,13345972,16079164,,19498376,16957960,16801520,19787452,,1980,1980,1980,1980,,11919480,12246408,12919000,12264820
693,0,228,72,0,122,0,58216344,59645884,72576736,7920,49779048,,13202936,16147408,15569496,13296504,,16986844,13491016,13290576,15877448,,19476240,16767916,16742100,19590480,,1980,1980,1980,1980,,11949848,12433844,12955116,12440240
695,1,229,77,0,123,0,57654192,60206040,73140300,7920,49159848,,13080344,16264588,15661760,12647500,,17118968,13367332,13639488,16080252,,19606904,16648092,17093568,19791736,,1980,1980,1980,1980,,11798276,12553012,12631712,12176848
699,0,230,77,0,124,0,58388504,59466528,72411260,7920,49855680,,13202956,16309268,15977608,12898672,,16982060,13323568,13328828,15832072,,19471500,16606688,16789164,19543908,,1980,1980,1980,1980,,11928992,12601424,12890496,12434768
702,0,231,78,0,125,0,57762308,59254160,72198336,7920,50139008,,13257524,16315892,15208352,12980540,,16912552,13342592,13236664,15762352,,19402240,16626204,16695532,19474360,,1980,1980,1980,1980,,11980168,12620324,13002292,12536224
704,1,232,78,0,126,0,57962220,59037096,71986920,7920,50309896,,13297560,16350756,15279584,13034320,,16887444,13305556,13148240,15695856,,19378836,16589820,16608692,19409572,,1980,1980,1980,1980,,12018604,12644492,13069568,12577232
707,1,233,81,0,127,0,56468972,60585716,73532832,7920,48832616,,12993500,15266108,15127932,13081432,,17199176,13989652,13734604,15662284,,19688964,17271920,17195744,19376204,,1980,1980,1980,1980,,11672532,12035768,12499296,12625020
710,1,234,77,0,128,0,57878584,59531284,72472056,7920,49819688,,13234344,15574680,15938504,13131056,,16936208,13663280,13322420,15609376,,19426052,16938236,16784276,19323492,,1980,1980,1980,1980,,11933940,12381216,12828520,12676012
714,0,235,78,0,129,0,57482756,59536516,72482292,7920,49906800,,13337308,15730372,15233216,13181860,,16841256,13506732,13630576,15557952,,19332856,16782948,17092600,19273888,,1980,1980,1980,1980,,12052016,12529220,12599724,12725840
717,0,236,78,0,130,0,57169792,60232072,73176844,7920,49067044,,13398632,15380340,15571180,12819640,,16771360,14261328,13274356,15925028,,19264864,17540232,16735444,19636304,,1980,1980,1980,1980,,12112624,11701608,12877600,12375212
720,0,237,78,0,131,0,57144192,59386920,72341640,7920,49888924,,13436348,14907636,15703096,13097112,,16748264,13869976,13147380,15621300,,19243688,17149752,16610852,19337348,,1980,1980,1980,1980,,12149236,12089372,13023724,12626592
723,0,238,82,0,132,0,57045720,59126804,72084608,7920,50355876,,13480056,14688888,15667160,13209616,,16697400,13662688,13239688,15527028,,19194696,16943064,16703372,19243476,,1980,1980,1980,1980,,12184640,12310020,13112468,12748748
725,1,239,81,0,133,0,57080140,59494792,72449900,7920,49862556,,13521204,15064796,15716016,12778124,,16655168,13710004,13181952,15947668,,19152648,16990728,16647864,19658660,,1980,1980,1980,1980,,12224516,12213116,13165404,12259520
729,0,240,79,0,134,0,55624964,60900632,73856612,7920,48382464,,12694824,14426588,15551144,12952408,,17472668,13903676,13338776,16185512,,19972112,17185808,16805364,19893328,,1980,1980,1980,1980,,11397864,12050640,12968072,11965888
732,0,241,75,0,135,0,56365356,60589672,73540180,7920,48525232,,13151692,14762132,15497224,12954308,,17004248,13571932,13829396,16184096,,19503520,16852980,17292928,19890752,,1980,1980,1980,1980,,11796140,12309248,12465944,11953900
735,0,242,73,0,136,0,57222956,60565136,73514936,7920,48513296,,12662748,15427596,15880160,13252452,,17506404,13758604,13420288,15879840,,20002960,17040576,16884132,19587268,,1980,1980,1980,1980,,11311400,12112364,12826964,12262568
739,0,243,72,0,137,0,57608912,60193752,73146576,7920,48958704,,12715588,15664268,15736912,13492144,,17469740,13517664,13575812,15630536,,19964948,16801520,17038144,19341964,,1980,1980,1980,1980,,11451244,12364496,12645404,12497560
742,0,244,71,0,138,0,57130064,61109960,74057092,7920,47958512,,12615608,15791612,15788796,12934048,,17589828,13836016,13503844,16180272,,20083424,17118588,16966200,19888880,,1980,1980,1980,1980,,11373572,12070216,12619092,11895632
745,1,245,69,0,139,0,58090836,59702956,72651036,7920,49255512,,13030620,15625632,16078848,13355736,,17176112,13550604,13212216,15764024,,19670052,16833228,16674980,19472776,,1980,1980,1980,1980,,11749272,12301072,12892540,12312628
748,1,246,68,0,140,0,57164412,59823120,72772476,7920,49321924,,12986468,15743932,15824968,12609044,,17187948,13430980,13038624,16165568,,19682576,16715928,16500892,19873080,,1980,1980,1980,1980,,11695472,12425772,13049344,12151336
752,0,247,68,0,141,0,56956260,59555024,72506008,7920,49553972,,13208480,15809460,15911220,12027100,,16976284,13355272,12926924,16296544,,19471252,16640756,16390072,20003928,,1980,1980,1980,1980,,11918884,12492872,13128324,12013892
755,0,248,67,0,142,0,57605216,59346556,72298528,7920,49718900,,13322344,15853436,15939084,12490352,,16849672,13319992,12920832,16256060,,19344928,16605792,16385484,19962324,,1980,1980,1980,1980,,12034264,12523452,13164904,11996280
758,0,249,65,0,143,0,57279412,60066624,73018524,7920,48935372,,13134912,15678068,15711452,12754980,,17026492,13500828,13554192,15985112,,19520736,16787816,17021256,19688716,,1980,1980,1980,1980,,11824484,12318884,12527280,12264724
761,0,250,68,0,144,0,57683852,59664876,72620036,7920,49346900,,13289360,15821068,16114884,12458540,,16865504,13786552,13154576,15858244,,19361904,17075220,16622616,19560296,,1980,1980,1980,1980,,11993372,12083104,12870152,12400272
764,0,251,68,0,145,0,57230736,60100052,73056296,7920,48876380,,13358028,16116540,15444584,12311584,,16796776,13475564,13834656,15993056,,19294992,16763336,17300656,19697312,,1980,1980,1980,1980,,12062948,12330804,12257100,12225528
767,1,252,64,0,146,0,56905708,60511364,73464528,7920,48657780,,12870188,16053992,15523208,12458320,,17292480,13638944,13726684,15853256,,19788184,16927716,17191176,19557452,,1980,1980,1980,1980,,11528624,12456668,12289916,12382572
771,0,253,63,0,147,0,57627672,60189620,73142112,7920,48839192,,12878560,16133276,15948276,12667560,,17283712,13547744,13286752,16071412,,19777796,16836832,16751820,19775664,,1980,1980,1980,1980,,11511616,12532136,12659560,12135880
774,0,254,63,0,148,0,57444164,59507836,72464208,7920,49550692,,13143204,15707832,16150732,12442396,,17020988,13531880,13092984,15861984,,19515096,16820824,16559640,19568648,,1980,1980,1980,1980,,11789576,12543760,12869944,12347412
777,0,255,65,0,149,0,56317596,61000792,73953776,7920,47968864,,12613760,15735268,15637504,12331064,,17539512,13908136,13585020,15968124,,20031348,17197508,17049428,19675492,,1980,1980,1980,1980,,11250220,12198560,12316512,12203572
780,0,256,59,0,150,0,55985944,61781952,74726644,7920,47078228,,12739236,14899804,15740768,12606136,,17408700,14779544,13484208,16109500,,19899000,18062204,16948204,19817236,,1980,1980,1980,1980,,11332088,11293404,12403340,12049396
783,0,257,59,0,151,0,56765172,60628032,73575472,7920,48395264,,13035360,15525172,15380916,12823724,,17110276,14130332,13508608,15878816,,19601664,17416068,16971624,19586116,,1980,1980,1980,1980,,11632960,11819380,12669976,12272948
786,1,258,60,0,152,0,56500952,60427116,73375312,7920,48525656,,13223948,15360044,15558644,12358316,,16914532,13860940,13322728,16328916,,19406192,17146672,16786540,20035908,,1980,1980,1980,1980,,11822268,12082544,12850708,11770136
790,0,259,57,0,153,0,56682176,60664388,73609972,7920,48211536,,13318876,15376304,15310404,12676592,,16804052,14266860,13566020,16027456,,19296060,17550752,17029040,19734120,,1980,1980,1980,1980,,11915012,11632456,12562964,12101104
793,0,260,57,0,154,0,57395708,60761212,73705004,7920,48034088,,13342436,15703320,15338188,13011764,,16779820,13916688,13958880,16105824,,19271924,17201848,17419976,19811256,,1980,1980,1980,1980,,11940408,11977236,12133048,11983396
796,0,261,55,0,155,0,56566812,61170088,74110172,7920,47676560,,12965052,15101748,15689460,12810552,,17161484,14092412,13608508,16307684,,19653808,17373260,17069888,20013216,,1980,1980,1980,1980,,11565828,11803584,12505016,11802132
799,1,262,52,0,156,0,57228160,60569808,73512380,7920,48369720,,13092188,15429512,15572612,13133848,,17114596,13769864,13704096,15981252,,19606656,17053640,17165256,19686828,,1980,1980,1980,1980,,11822264,12107896,12356700,12082860
802,1,263,51,0,157,0,57436772,59890704,72834664,7920,49048268,,13192940,15576820,15845428,12821584,,16996524,13614160,13431304,15848716,,19488600,16899928,16892848,19553288,,1980,1980,1980,1980,,11930544,12262788,12638724,12216212
806,0,264,52,0,158,0,57287804,59614004,72556252,7920,49324344,,13225520,15624980,15975684,12461620,,16971976,13551740,13313640,15776648,,19464084,16839480,16775620,19477068,,1980,1980,1980,1980,,11960396,12313188,12767336,12283424
809,0,265,55,0,159,0,56423208,59697292,72647280,7920,49471536,,13273648,15240728,15594744,12314088,,16917692,13521136,13238756,16019708,,19411268,16812116,16701992,19721904,,1980,1980,1980,1980,,12009512,12340600,12819504,12301920
812,0,266,59,0,160,0,56489924,60036404,72987416,7920,49192508,,13266772,15265496,15625796,12331860,,16918492,13923280,13210392,15984240,,19413120,17212368,16675976,19685952,,1980,1980,1980,1980,,12041176,11989776,12846060,12315496
815,0,267,61,0,161,0,56308636,60235212,73193320,7920,48897104,,12712116,15600188,15640088,12356244,,17480508,13565612,13200932,15988160,,19976012,16860096,16667264,19689948,,1980,1980,1980,1980,,11461416,12239736,12853560,12342392
817,1,268,61,0,162,0,55686288,60885880,73845392,7920,48241564,,13083736,15713040,14850072,12039440,,17096456,13473760,14019276,16296388,,19591896,16769892,17483360,20000244,,1980,1980,1980,1980,,11782264,12353144,12118924,11987232
821,0,269,60,0,163,0,56654336,60299972,73264384,7920,48672616,,13250140,15988496,14906388,12509312,,16921768,13602120,13510824,16265260,,19418880,16898280,16977652,19969572,,1980,1980,1980,1980,,11958480,12163552,12533948,12016636
824,0,270,61,0,164,0,56865700,60066152,73032684,7920,48927328,,13370032,15710756,15113952,12670960,,16797244,13452984,13728852,16087072,,19294640,16750772,17195884,19791388,,1980,1980,1980,1980,,12078944,12335116,12320236,12193032
827,0,271,60,0,165,0,56959620,60461236,73428356,7920,48702420,,13411752,15663568,15425604,12458696,,16768288,13568044,13416416,16708488,,19265932,16867256,16883484,20411684,,1980,1980,1980,1980,,12113476,12415164,12610564,11563216
830,0,272,60,0,166,0,57509768,60321124,73294756,7920,48706320,,12822872,15776660,15999712,12910524,,17345272,13458632,13268568,16248652,,19841512,16762536,16736016,19954692,,1980,1980,1980,1980,,11517056,12477248,12755384,11956632
833,0,273,62,0,167,0,57398540,60843276,73813404,7920,48174668,,12412192,15833408,16068852,13084088,,17770212,13823928,13185020,16064116,,20263624,17126484,16653092,19770204,,1980,1980,1980,1980,,11082288,12119340,12822764,12150276
836,0,274,60,0,168,0,56659776,61539192,74505216,7920,47314724,,12269840,16138168,15753196,12498572,,17890800,13512432,13507480,16628480,,20381036,16815148,16974616,20334416,,1980,1980,1980,1980,,10899364,12372528,12482984,11559848
839,1,275,56,0,169,0,57166580,60603640,73568608,7920,48203816,,12438636,15809484,15992344,12926116,,17702320,13425708,13265332,16210280,,20190636,16728440,16732840,19916692,,1980,1980,1980,1980,,11017716,12499656,12732348,11954096
843,0,276,56,0,170,0,56244184,61169088,74135404,7920,47865952,,12735384,14847512,15573988,13087300,,17407572,14370716,13325196,16065604,,19897268,17670688,16793528,19773920,,1980,1980,1980,1980,,11325628,11574284,12846084,12119956
846,0,277,58,0,171,0,57202144,60201080,73170988,7920,48725048,,13001356,15403268,15586936,13210584,,17144692,13823304,13310828,15922256,,19634712,17123816,16779752,19632708,,1980,1980,1980,1980,,11589560,12025280,12865136,12245072
849,0,278,59,0,172,0,57463420,60329424,73297536,7920,48569260,,13202760,15393220,15629464,13237976,,16934212,14242340,13254508,15898364,,19424872,17539956,16723680,19609028,,1980,1980,1980,1980,,11792480,11599684,12901880,12275216
852,0,279,58,0,173,0,57807540,59939052,72914508,7920,48851780,,13301208,15787016,15441436,13277880,,16816312,13836076,13434144,15852520,,19307300,17134340,16906540,19566328,,1980,1980,1980,1980,,11890104,11961028,12689164,12311484
855,1,280,60,0,174,0,58428204,59726344,72703920,7920,49029840,,13319312,16017120,15768504,13323268,,16790592,13587120,13535864,15812768,,19281684,16886268,17008548,19527420,,1980,1980,1980,1980,,11905620,12201648,12574136,12348436
858,1,281,60,0,175,0,58052808,60165968,73145784,7920,48814560,,13177876,16163692,15552408,13158832,,17010472,13453960,13736796,15964740,,19501552,16753592,17213064,19677576,,1980,1980,1980,1980,,11916168,12350952,12394176,12153264
862,0,282,60,0,176,0,58623964,59574820,72557428,7920,49325208,,13195740,16238708,15895200,13294316,,16998888,13363452,13383260,15829220,,19491464,16663548,16859968,19542448,,1980,1980,1980,1980,,11932508,12420068,12676288,12296344
864,1,283,62,0,177,0,58095092,60115384,73098592,7920,48826212,,12808352,15855856,16047164,13383720,,17390284,13748164,13240076,15736860,,19881764,17047532,16717276,19452020,,1980,1980,1980,1980,,11561476,12041612,12821880,12401244
867,1,284,62,0,178,0,58804688,59375652,72363296,7920,49409224,,13094192,16149908,16148580,13412008,,17098560,13447768,13124948,15704376,,19590068,16747492,16604584,19421152,,1980,1980,1980,1980,,11803680,12289928,12883740,12431876
870,1,285,64,0,179,0,58962532,59290200,72281700,7920,49693684,,13181280,16228500,16208776,13343976,,17010732,13355920,13059488,15864060,,19503396,16655900,16541508,19580896,,1980,1980,1980,1980,,11902344,12393788,12932328,12465224
873,1,286,66,0,180,0,58315428,59499768,72491412,7920,49472496,,13239152,16278492,15823364,12974420,,16948052,13316436,13005268,16230012,,19440900,16617060,16487880,19945572,,1980,1980,1980,1980,,11956332,12438704,12963628,12113832
876,1,287,64,0,181,0,58433084,59361844,72355420,7920,49513236,,12999236,16317704,15846012,13270132,,17189632,13261384,12997064,15913764,,19680912,16564916,16479972,19629620,,1980,1980,1980,1980,,11689976,12473856,12986056,12363348
879,1,288,66,0,182,0,58080572,59732204,72727532,7920,49209636,,12936768,16326384,15438528,13378892,,17239868,13258860,13425480,15807996,,19730868,16564500,16908124,19524040,,1980,1980,1980,1980,,11611860,12483284,12634564,12479928
882,1,289,66,0,183,0,57218792,60153276,73145864,7920,48814436,,13134396,15620184,15019140,13445072,,17050848,13552604,13831928,15717896,,19541856,16857204,17314648,19432156,,1980,1980,1980,1980,,11818484,12193276,12262840,12539836
885,1,290,65,0,184,0,57255020,60567868,73560376,7920,48533552,,12822372,15712740,15229340,13490568,,17362760,13492532,14044088,15668488,,19853624,16797952,17525916,19382884,,1980,1980,1980,1980,,11523648,12402100,12026724,12581080
888,1,291,63,0,185,0,57275760,60567048,73559024,7920,48484672,,12866816,15799336,15392680,13216928,,17301080,13410960,13891692,15963316,,19790564,16716032,17375108,19677320,,1980,1980,1980,1980,,11500904,12498504,12199732,12285532
891,1,292,63,0,186,0,56732412,60676064,73665624,7920,48387724,,13086844,15842132,15233724,12569712,,17096488,13374104,14030956,16174516,,19586028,16679104,17513012,19887480,,1980,1980,1980,1980,,11731180,12528004,12012980,12115560
895,0,293,61,0,187,0,56492196,60476248,73462164,7920,48469400,,13194388,15689236,15393024,12215548,,16968916,13541216,13879104,16087012,,19458568,16844064,17361292,19798240,,1980,1980,1980,1980,,11839316,12327100,12180168,12122816
898,0,294,60,0,188,0,56225916,61578932,74561564,7920,47301144,,13223940,15548804,15165160,12288012,,16944808,14094696,14102616,16436812,,19434520,17396724,17583556,20146764,,1980,1980,1980,1980,,11875268,11750800,11932744,11742332
901,0,295,55,0,189,0,55931776,60978840,73955184,7920,47813204,,13261420,15548060,15376280,11746016,,16885608,13660512,13892216,16540504,,19375520,16961024,17373680,20244960,,1980,1980,1980,1980,,11900768,12115436,12152892,11644108
904,0,296,54,0,190,0,56351496,60557692,73539576,7920,48214060,,13065544,15786656,15378912,12120384,,17086144,13403440,13934464,16133644,,19575128,16706572,17416316,19841560,,1980,1980,1980,1980,,11678708,12311124,12240092,11984136
907,0,297,54,0,191,0,56464648,60457896,73441712,7920,48369544,,13195784,15475664,15444084,12349116,,16945268,13289060,13860928,16362640,,19434392,16592456,17344020,20070844,,1980,1980,1980,1980,,11822828,12433348,12298908,11814460
910,0,298,55,0,192,0,56582068,60342032,73325984,7920,48451368,,13276344,15527572,15493456,12284696,,16870944,13244620,13810128,16416340,,19360224,16547848,17294944,20122968,,1980,1980,1980,1980,,11898524,12489860,12342468,11720516
913,0,299,54,0,193,0,56243288,60678316,73659368,7920,48004924,,13073524,15553360,14996460,12619944,,17081452,13213868,14307916,16075080,,19569392,16517392,17790676,19781908,,1980,1980,1980,1980,,11663464,12520800,11797160,12023500
916,0,300,52,0,194,0,56055584,60393824,73376400,7920,48248700,,12868768,15574252,15249796,12362768,,17277088,13194740,14035456,15886540,,19764108,16499132,17518460,19594700,,1980,1980,1980,1980,,11434060,12534324,12077304,12203012
919,0,301,53,0,195,0,56011892,60084536,73056644,7920,48792788,,12998120,15159048,14983956,12870768,,17188524,13169968,13924468,15801576,,19675244,16464580,17407984,19508836,,1980,1980,1980,1980,,11720740,12557060,12235936,12279052
922,1,302,53,0,196,0,54848208,60336100,73304640,7920,48435868,,13106560,14329516,14844824,12567308,,17080888,13151236,14000900,16103076,,19567636,16442656,17482748,19811600,,1980,1980,1980,1980,,11832444,12571288,12073264,11958872
925,1,303,53,0,197,0,55370496,60264836,73240200,7920,48530424,,13142008,14497896,14959052,12771540,,17052628,13411136,13885144,15915928,,19539396,16714132,17362192,19624480,,1980,1980,1980,1980,,11864780,12291308,12206392,12167944
929,0,304,51,0,198,0,54896868,61225100,74198736,7920,47818192,,13145720,14442240,14595204,12713704,,17055736,14307948,13813792,16047624,,19542512,17608364,17290284,19757576,,1980,1980,1980,1980,,11869732,11420192,12270408,12257860
932,0,305,52,0,199,0,56197428,60765084,73748008,7920,48132028,,13204084,15406048,14848136,12739160,,16995168,13764428,13997136,16008352,,19483356,17066052,17480792,19717808,,1980,1980,1980,1980,,11922632,11877284,12048168,12283944
935,0,306,53,0,200,0,55004928,61532320,74512608,7920,47366768,,13210208,14901872,14578820,12314028,,16987408,14257264,14260792,16026856,,19475652,17559204,17743196,19734556,,1980,1980,1980,1980,,11935224,11327968,11800688,12302888
938,0,307,46,0,201,0,54414196,62094332,75067768,7920,46680664,,13026952,15080616,14394212,11912416,,17160072,14070484,14439528,16424248,,19647636,17371224,17919120,20129788,,1980,1980,1980,1980,,11726584,11489320,11526020,11938740
941,0,308,46,0,202,0,54310804,61776396,74747656,7920,47055452,,12774488,15371724,14235448,11929144,,17424116,13771152,14170316,16410812,,19910736,17072360,17648204,20116356,,1980,1980,1980,1980,,11492604,11796200,11812536,11954112
944,0,309,44,0,203,0,54687572,62222016,75191496,7920,46408504,,12801396,15405424,14507380,11973372,,17380164,14167832,13890084,16783936,,19866184,17466556,17368716,20490040,,1980,1980,1980,1980,,11467124,11345600,12011848,11583932
947,1,310,44,0,204,0,55285264,62115972,75089608,7920,46710560,,13037140,15596828,14613732,12037564,,17142800,14072548,13754544,17146080,,19628864,17371836,17235064,20853844,,1980,1980,1980,1980,,11706388,11705740,12125992,11172440
951,0,311,43,0,205,0,55717728,62090680,75065252,7920,46723688,,12754668,15825696,14728964,12408400,,17407056,13824480,14084524,16774620,,19891768,17124688,17566280,20482516,,1980,1980,1980,1980,,11458352,11955960,11766376,11543000
954,0,312,41,0,206,0,55947580,61883028,74857332,7920,46913448,,13067560,15968660,14733356,12178004,,17124892,13688316,14066280,17003540,,19609736,16989164,17548060,20710372,,1980,1980,1980,1980,,11706484,12100048,11767940,11338976
957,0,313,41,0,207,0,56389212,61406856,74381020,7920,47318444,,12944024,16013560,14908740,12522888,,17236932,13636604,13890404,16642916,,19721736,16938356,17371408,20349520,,1980,1980,1980,1980,,11576204,12146336,11954524,11641380
960,0,314,42,0,208,0,55583828,61319208,74292136,7920,47341944,,12731324,15607696,14587444,12657364,,17443668,13611944,13766660,16496936,,19927032,16913844,17247636,20203624,,1980,1980,1980,1980,,11339928,12156312,12059412,11786292
963,0,315,41,0,209,0,56130896,61309988,74284660,7920,47556796,,13007864,15648328,14736968,12737736,,17165648,13585436,14148424,16410480,,19649112,16888204,17629392,20117952,,1980,1980,1980,1980,,11623572,12177772,11901408,11854044
966,0,316,42,0,210,0,55905660,61102884,74077948,7920,47776424,,13084864,15235424,14833484,12751888,,17079280,13564544,14072084,16386976,,19562764,16867004,17553536,20094644,,1980,1980,1980,1980,,11713112,12187208,12011656,11864448
969,0,317,41,0,211,0,55780336,61215108,74189504,7920,47601000,,13113396,15440908,14887924,12338108,,17046220,13775692,14001260,16391936,,19530240,17078912,17483028,20097324,,1980,1980,1980,1980,,11742372,11922204,12056644,11879780
971,1,318,42,0,212,0,56034092,61834612,74808760,7920,47051132,,13147864,16060512,14472692,12353024,,17010332,13588040,14856096,16380144,,19495428,16890732,18337040,20085560,,1980,1980,1980,1980,,11773512,12097708,11289060,11890852
974,1,319,40,0,213,0,55877452,61545556,74515940,7920,47171992,,13172544,15804008,14958572,11942328,,16985012,13839756,14354084,16366704,,19470236,17141908,17834252,20069544,,1980,1980,1980,1980,,11800476,11784288,11674408,11912820
977,1,320,40,0,214,0,55831928,61557456,74534192,7920,47030860,,13193052,16095740,14861368,11681768,,16954656,13546012,14443604,16613184,,19441708,16848980,17922660,20320844,,1980,1980,1980,1980,,11818068,12015804,11561280,11635708
980,0,321,39,0,215,0,55785856,61229628,74202768,7920,47533116,,13105204,16177844,15082000,11420808,,17096676,13470760,14214440,16447752,,19583512,16774168,17694172,20150916,,1980,1980,1980,1980,,11833384,12106264,11780340,11813128
983,0,322,38,0,216,0,55462460,61949872,74923576,7920,46780552,,12479212,16223708,15217972,11541568,,17723632,13423240,14061536,16741464,,20208912,16726800,17541908,20445956,,1980,1980,1980,1980,,11198952,12155172,11912208,11514220
986,0,323,39,0,217,0,56212712,61194212,74177432,7920,47457776,,12885632,16232500,15271776,11822804,,17309340,13406480,14021188,16457204,,19797824,16710300,17501804,20167504,,1980,1980,1980,1980,,11573716,12163676,11964848,11755536
989,0,324,41,0,218,0,56255560,61653432,74637592,7920,47136624,,12757872,16256076,15309828,11931784,,17437688,13387788,13976616,16851340,,19925284,16692284,17458728,20561296,,1980,1980,1980,1980,,11429504,12179692,11985976,11541452
992,1,325,42,0,219,0,56383528,61931932,74916020,7920,46861436,,12975924,16266416,14882528,12258660,,17202464,13380672,14421672,16927124,,19690092,16685320,17904252,20636356,,1980,1980,1980,1980,,11648872,12193276,11608056,11411232
995,1,326,40,0,220,0,56714880,61157888,74144264,7920,47547284,,13120860,16314104,14750620,12529296,,17060148,13320992,14113512,16663236,,19552300,16627508,17591376,20373080,,1980,1980,1980,1980,,11795396,12238704,11836896,11676288
998,1,327,45,0,221,0,56974092,60843428,73830864,7920,47823460,,13149380,16329560,14843200,12651952,,17010048,13298544,14005560,16529276,,19502420,16605552,17483712,20239180,,1980,1980,1980,1980,,11822512,12252148,11939552,11809248
1001,1,328,46,0,222,0,57103904,61157364,74150944,7920,47575376,,12746632,16338128,15310116,12709028,,17429292,13293268,13967020,16467784,,19923320,16600544,17446288,20180792,,1980,1980,1980,1980,,11457804,12265724,11979052,11872796
1004,1,329,48,0,223,0,56833376,61455800,74451144,7920,47241424,,12377064,16379724,15331216,12745372,,17800888,13253716,13965252,16435944,,20293224,16562584,17446276,20149060,,1980,1980,1980,1980,,11031020,12298492,12003300,11908612
1007,1,330,49,0,224,0,57008156,61258868,74254416,7920,47384860,,12801232,16065708,15351136,12790080,,17350252,13577472,13940044,16391100,,19842704,16884144,17423120,20104448,,1980,1980,1980,1980,,11413352,12001772,12021676,11948060
1010,1,331,49,0,225,0,57157308,61062184,74061008,7920,47484860,,13005292,16253252,15411860,12486904,,17148012,13378760,13854848,16680564,,19640740,16688424,17338424,20393420,,1980,1980,1980,1980,,11629352,12195716,12043064,11616728
1013,1,332,50,0,226,0,57613228,60606912,73606124,7920,47921976,,13127060,16314072,15468028,12704068,,17010356,13317200,13806768,16472588,,19503116,16626912,17290640,20185456,,1980,1980,1980,1980,,11751096,12269372,12067516,11833992
1016,1,333,49,0,227,0,57414628,60822652,73828500,7920,47655272,,13174156,16164540,15281792,12794140,,16961908,13472752,14003428,16384564,,19454780,16784716,17490888,20098116,,1980,1980,1980,1980,,11801304,12091312,11830204,11932452
1019,1,334,52,0,228,0,57786864,60429576,73442356,7920,48021672,,13194404,16323320,15459648,12809492,,16951388,13298392,13814768,16365028,,19444380,16615400,17303872,20078704,,1980,1980,1980,1980,,11819052,12248852,11998912,11954856
1022,1,335,56,0,229,0,58045620,60136492,73154216,7920,48257808,,13242528,16401872,15555128,12846092,,16905872,13214324,13696000,16320296,,19399136,16533352,17187536,20034192,,1980,1980,1980,1980,,11866588,12330428,12075152,11985640
1025,0,336,57,0,230,0,57374992,60891192,73911392,7920,47666704,,13259656,15714968,15524964,12875404,,16885460,13901468,13792580,16311684,,19378812,17222388,17284532,20025660,,1980,1980,1980,1980,,11885116,11656072,12114604,12010912
1028,0,337,53,0,231,0,56407920,61826900,74839772,7920,46531760,,12758920,16133128,14973892,12541980,,17397580,13466808,14325796,16636716,,19888016,16786892,17816904,20347960,,1980,1980,1980,1980,,11343900,12008608,11532728,11646524
1031,0,338,52,0,232,0,57498808,60756280,73774348,7920,47609892,,13060180,16313564,15328248,12796816,,17104472,13292144,13973848,16385816,,19596004,16612576,17465792,20099976,,1980,1980,1980,1980,,11649612,12211460,11840544,11908276
1034,1,339,51,0,233,0,56542636,61223280,74236008,7920,46928328,,12976620,15812732,15284460,12468824,,17162916,13795116,14001616,16263632,,19653040,17112864,17492352,19977752,,1980,1980,1980,1980,,11542380,11677112,11683848,12024988
1038,0,340,48,0,234,0,57063992,60659220,73671596,7920,47398440,,12882308,16178732,15495004,12507948,,17244744,13421052,13773324,16220100,,19733612,16739292,17264356,19934336,,1980,1980,1980,1980,,11430804,12008040,11899172,12060424
1041,0,341,48,0,235,0,57438308,60378848,73395908,7920,47958472,,12937108,16348864,15612360,12539976,,17259320,13244920,13680732,16193876,,19751852,16563472,17172416,19908168,,1980,1980,1980,1980,,11657040,12188952,12017192,12095288
1044,0,342,47,0,236,0,56697972,60221284,73240128,7920,48037064,,12879696,16464348,15654648,11699280,,17308608,13114632,13633332,16164712,,19800444,16433464,17125400,19880820,,1980,1980,1980,1980,,11567480,12293048,12054380,12122156
1047,0,343,49,0,237,0,56858916,60959660,73974924,7920,47293020,,12699288,16517572,15666888,11975168,,17500784,13076652,13615208,16767016,,19991204,16395952,17107444,20480324,,1980,1980,1980,1980,,11352400,12333608,12067908,11539104
1050,0,344,47,0,238,0,56999572,60418832,73433708,7920,47904740,,12935820,16552856,15698104,11812792,,17252232,13048856,13586292,16531452,,19742644,16368660,17079256,20243148,,1980,1980,1980,1980,,11606684,12355276,12101104,11841676
1053,0,345,46,0,239,0,57257780,60551196,73565336,7920,47678936,,13022512,16350172,15730756,12154340,,17170912,13224828,13543616,16611840,,19661364,16541768,17039712,20322492,,1980,1980,1980,1980,,11705024,12111484,12128956,11733472
1056,0,346,48,0,240,0,57340952,60880516,73898060,7920,47363920,,13055744,16075524,15468208,12741476,,17130144,13502888,13802800,16444684,,19620672,16823468,17299784,20154136,,1980,1980,1980,1980,,11736436,11888216,11839332,11899936
1059,0,347,47,0,241,0,57881556,60315848,73333072,7920,47855164,,13062752,16363340,15634444,12821020,,17110916,13197728,13647196,16360008,,19601492,16517116,17144380,20070084,,1980,1980,1980,1980,,11743076,12112728,12020980,11978380
1062,0,348,47,0,242,0,57785376,60416516,73436924,7920,47790860,,12680928,16504336,15738860,12861252,,17489412,13072356,13542060,16312688,,19979948,16392256,17039516,20025204,,1980,1980,1980,1980,,11382176,12261776,12116844,12030064
1065,0,349,48,0,243,0,57370652,60841880,73861740,7920,47309980,,12745152,16379284,15777332,12468884,,17435820,13179148,13499260,16727652,,19925060,16500796,16997048,20438836,,1980,1980,1980,1980,,11385844,12114972,12153028,11656136
1068,0,350,47,0,244,0,57519976,60742500,73766420,7920,47565868,,12924036,16375952,15790008,12429980,,17265312,13268672,13472296,16736220,,19754540,16591776,16970324,20449780,,1980,1980,1980,1980,,11573168,12267780,12172256,11552664
1071,0,351,49,0,245,0,56602976,60740784,73758416,7920,47471412,,13040616,16171128,15143816,12247416,,17110088,13463056,13684648,16482992,,19599376,16785488,17182312,20191240,,1980,1980,1980,1980,,11687700,12035736,11946420,11801556
1074,0,352,47,0,246,0,56601884,61191784,74208148,7920,47030564,,12659336,16355428,15206524,12380596,,17508836,13284032,14048704,16350212,,19997024,16606528,17544588,20060008,,1980,1980,1980,1980,,11312732,12228588,11544236,11945008
1077,0,353,43,0,247,0,56760592,61018424,74033916,7920,47143748,,12401688,16446708,15475488,12436708,,17771316,13188112,13768784,16290212,,20257716,16510992,17264940,20000268,,1980,1980,1980,1980,,10988828,12322824,11825048,12007048
1080,0,354,44,0,248,0,57395600,60832652,73853384,7920,47339584,,12671548,16490560,15636804,12596688,,17510364,13158220,13603048,16561020,,19996804,16481476,17099840,20275264,,1980,1980,1980,1980,,11278284,12360632,11984828,11715840
1083,0,355,43,0,249,0,57050148,61220876,74240772,7920,47107008,,12858440,16516940,15600652,12074116,,17320228,13127508,13681368,17091772,,19806728,16450584,17178428,20805032,,1980,1980,1980,1980,,11461852,12381296,12064752,11199108
1086,0,356,43,0,250,0,56785804,61013724,74035160,7920,47215204,,12974180,16134744,15208280,12468600,,17176996,13494456,13653672,16688600,,19666524,16817340,17150892,20400404,,1980,1980,1980,1980,,11571296,12010344,12105768,11527796
1089,0,357,41,0,251,0,57306716,60447152,73471712,7920,47717056,,12993784,16400416,15220288,12692228,,17164840,13216904,13627844,16437564,,19654500,16541168,17125268,20150776,,1980,1980,1980,1980,,11590060,12247944,12116440,11762612
1092,0,358,42,0,252,0,57346880,60396160,73418276,7920,47731248,,13019868,16494456,15025488,12807068,,17138668,13103944,13834004,16319544,,19628388,16428516,17328588,20032784,,1980,1980,1980,1980,,11614848,12350384,11883456,11882560
1095,0,359,43,0,253,0,57594448,60177104,73201748,7920,47976244,,13038152,16551868,15151560,12852868,,17117900,13052432,13735816,16270956,,19609040,16377800,17230676,19984232,,1980,1980,1980,1980,,11629912,12407304,12018028,11921000
1098,0,360,43,0,254,0,57729612,60066972,73092548,7920,48110660,,13055252,16585644,15227088,12861628,,17107980,13032244,13648100,16278648,,19599216,16358088,17143264,19991980,,1980,1980,1980,1980,,11640368,12445404,12090544,11934344
1101,0,361,43,0,255,0,57330392,60941692,73965608,7920,47407512,,12567000,16624624,15265884,12872884,,17639264,13007756,14032096,16262576,,20129300,16333932,17526444,19975932,,1980,1980,1980,1980,,11279984,12464132,11715268,11948128
1104,0,362,42,0,256,0,57935148,60317388,73345644,7920,47960864,,12856288,16617276,15569660,12891924,,17345416,13022840,13718264,16230868,,19836244,16349120,17215888,19944392,,1980,1980,1980,1980,,11536788,12481812,11971188,11971076
1106,1,363,42,0,257,0,57853092,60393904,73422608,7920,47916800,,12942356,16640332,15379252,12891152,,17261244,13004336,13893796,16234528,,19752080,16330916,17391552,19948060,,1980,1980,1980,1980,,11631240,12510788,11801548,11973224
1109,0,364,43,0,258,0,56498664,60494848,73525148,7920,47903284,,12985872,15574096,15124072,12814624,,17197724,13181652,13723844,16391628,,19690252,16507532,17222328,20105036,,1980,1980,1980,1980,,11672440,12272488,11973460,11984896
1112,1,365,45,0,259,0,55871392,60245248,73275596,7920,48169532,,13016824,15286392,14742724,12825452,,17180336,13042660,13669260,16352992,,19673004,16368692,17167524,20066376,,1980,1980,1980,1980,,11698184,12433576,12043748,11994024
1115,1,366,45,0,260,0,56060368,60470828,73501920,7920,47913596,,13043932,15400592,14777504,12838340,,17151620,13340384,13632156,16346668,,19644368,16665464,17132000,20060088,,1980,1980,1980,1980,,11725528,12114560,12076676,11996832
1118,1,367,45,0,261,0,56211192,61170004,74202616,7920,47197676,,13050136,15712756,14598200,12850100,,17145828,13453852,14240228,16330096,,19638660,16779852,17740576,20043528,,1980,1980,1980,1980,,11736836,11976808,11476660,12007372
1121,1,368,44,0,262,0,56908712,60465736,73500476,7920,47802108,,13074608,16009844,14963488,12860772,,17108488,13173632,13862984,16320632,,19604716,16501228,17363688,20030844,,1980,1980,1980,1980,,11761536,12234080,11788852,12017640
1124,1,369,45,0,263,0,57255996,60097960,73133792,7920,48181484,,13125340,16144520,15540312,12445824,,17062520,13011448,13714420,16309572,,19558900,16339644,17214972,20020276,,1980,1980,1980,1980,,11813764,12381708,11957200,12028812
1127,1,370,46,0,264,0,57139396,60278436,73314064,7920,48091632,,13151144,16146756,15625800,12215696,,17049208,13065568,13623572,16540088,,19545660,16394564,17124412,20249428,,1980,1980,1980,1980,,11834948,12449460,12034376,11772848
1130,1,371,43,0,265,0,57255976,60584348,73617976,7920,47721188,,12871628,16360164,15663712,12360472,,17312824,13284028,13588648,16398848,,19808152,16612068,17089556,20108200,,1980,1980,1980,1980,,11527552,12205940,12065948,11921748
1133,1,372,42,0,266,0,56928652,61324196,74354444,7920,46967916,,12856624,16071896,15693728,12306404,,17340248,13579568,13548188,16856192,,19833964,16907000,17049356,20564124,,1980,1980,1980,1980,,11497940,11975744,12086992,11407240
1136,1,373,36,0,267,0,56371492,61870032,74896296,7920,46324712,,12455324,16047292,15295524,12573352,,17731700,13575340,13959388,16603604,,20222656,16902040,17460032,20311568,,1980,1980,1980,1980,,11063112,11883568,11709012,11669020
1139,1,374,33,0,268,0,54841404,62526168,75546264,7920,45581136,,12167356,15227592,15164276,12282180,,18008384,14402572,13646524,16468688,,20496440,17722732,17150568,20176524,,1980,1980,1980,1980,,10749520,11046576,11956092,11828948
1143,0,375,31,0,269,0,55155380,62237380,75254288,7920,45919024,,12546032,15092408,15169372,12347568,,17627528,14523300,13711080,16375472,,20115644,17840160,17215364,20083120,,1980,1980,1980,1980,,11134708,10837312,12061088,11885916
1146,0,376,30,0,270,0,55803784,62420480,75440764,7920,45687564,,12798280,15531764,15093564,12380176,,17376456,14055764,14189188,16799072,,19864596,17377960,17692892,20505316,,1980,1980,1980,1980,,11383604,11285844,11515248,11502868
1149,1,377,28,0,271,0,56531508,61648304,74666808,7920,46347480,,12955268,15817188,15412584,12346468,,17185344,13759932,13874144,16828884,,19673504,17082520,17378116,20532668,,1980,1980,1980,1980,,11533604,11567632,11827432,11418812
1153,0,378,29,0,272,0,57198420,61002256,74028016,7920,47025824,,13016012,16042700,15558192,12581516,,17146968,13549268,13733828,16572192,,19636960,16872128,17238144,20280784,,1980,1980,1980,1980,,11594648,11806304,11972144,11652728
1156,0,379,30,0,273,0,56888116,60830656,73857248,7920,47137448,,13036388,16206648,15630144,12014936,,17124972,13371336,13625720,16708628,,19614972,16695124,17130624,20416528,,1980,1980,1980,1980,,11599900,11983976,12052084,11501488
1159,0,380,30,0,274,0,57049572,60710008,73737264,7920,47420112,,12919800,16302780,15646104,12180888,,17290264,13255932,13626184,16537628,,19780148,16579984,17131564,20245568,,1980,1980,1980,1980,,11610900,12073532,12063456,11672224
1162,0,381,30,0,275,0,57159604,60625880,73655008,7920,47545848,,12952820,16309456,15653124,12244204,,17267248,13268388,13624076,16466168,,19757148,16592592,17129884,20175384,,1980,1980,1980,1980,,11649328,12081048,12069576,11745896
1165,0,382,32,0,276,0,56951308,60918628,73947956,7920,47277840,,12959532,16314816,15409508,12267452,,17258204,13267236,13870096,16523092,,19748112,16591520,17374680,20233644,,1980,1980,1980,1980,,11655036,12087160,11799840,11735804
1168,0,383,31,0,277,0,57208252,60981288,74008812,7920,47085328,,12759496,16328948,15580216,12539592,,17430192,13246960,13692344,16611792,,19918808,16571332,17197416,20321256,,1980,1980,1980,1980,,11432468,12097864,11974468,11580528
1171,0,384,30,0,278,0,57418168,60860380,73888448,7920,47414220,,12889380,16341692,15657296,12529800,,17319712,13243892,13608428,16688348,,19808340,16568528,17114044,20397536,,1980,1980,1980,1980,,11571028,12106980,12050028,11686184
1174,0,385,30,0,279,0,57353284,60898656,73929800,7920,47312920,,12728900,16361648,15678960,12583776,,17467672,13230964,13589812,16610208,,19957096,16556060,17096036,20320608,,1980,1980,1980,1980,,11378124,12119444,12077760,11737592
1176,1,386,31,0,280,0,56641388,60747148,73773720,7920,47473528,,12846404,16363552,15263376,12168056,,17349788,13226884,13592164,16578312,,19839240,16552544,17093420,20288516,,1980,1980,1980,1980,,11504548,12120336,12101420,11747224
1179,0,387,31,0,281,0,56295796,60657396,73682388,7920,47548396,,12905884,15946872,15266548,12176492,,17277092,13211576,13591820,16576908,,19766552,16537456,17093252,20285128,,1980,1980,1980,1980,,11561224,12129988,12105484,11751700
1182,0,388,30,0,282,0,56767316,61038844,74064596,7920,47097304,,12923084,16149376,15286248,12408608,,17270276,13434452,13554592,16779524,,19759792,16759736,17056316,20488752,,1980,1980,1980,1980,,11577668,11882996,12108964,11527676
1185,0,389,29,0,283,0,57063824,60696664,73723244,7920,47412008,,12932700,16279456,15301388,12550280,,17241936,13293240,13528824,16632664,,19731492,16619152,17030696,20341904,,1980,1980,1980,1980,,11587976,12020492,12123680,11679860
1188,0,390,29,0,284,0,57049116,61216076,74246564,7920,47069540,,12957772,16203472,15275192,12612680,,17226656,13443900,13984244,16561276,,19716496,16770048,17489500,20270520,,1980,1980,1980,1980,,11599296,12092372,11636260,11741612
1191,0,391,30,0,285,0,57311952,60970564,74003272,7920,47337572,,12955832,16222360,15495960,12637800,,17215788,13423484,13783284,16548008,,19705636,16751176,17289016,20257444,,1980,1980,1980,1980,,11602996,12104200,11864948,11765428
1194,0,392,30,0,286,0,57121108,60708576,73745072,7920,47582052,,13002624,15808212,15640912,12669360,,17174632,13404432,13618100,16511412,,19664644,16733240,17124720,20222468,,1980,1980,1980,1980,,11648308,12124964,12009636,11799144
1197,0,393,33,0,287,0,57176692,60647796,73685072,7920,47644600,,13001744,15817380,15686432,12671136,,17179316,13405492,13557528,16505460,,19669336,16734888,17064240,20216608,,1980,1980,1980,1980,,11650996,12133684,12052736,11807184
1200,0,394,33,0,288,0,57223192,60635816,73675800,7920,47689188,,13018124,15839132,15695652,12670284,,17179144,13374548,13565272,16516852,,19670772,16704392,17072488,20228148,,1980,1980,1980,1980,,11667444,12149680,12062352,11809712
1203,0,395,34,0,289,0,56554548,60865920,73901172,7920,47384364,,12705376,15843996,15718820,12286356,,17483712,13376856,13529936,16475416,,19974488,16706880,17037488,20182316,,1980,1980,1980,1980,,11307480,12155028,12081408,11840448
1205,1,396,33,0,290,0,55732836,61289916,74319804,7920,47050572,,12948988,15651388,15252916,11879544,,17248868,13547400,14034180,16459468,,19740664,16877648,17541028,20160464,,1980,1980,1980,1980,,11554336,11931980,11709380,11854876
1208,0,397,33,0,291,0,56238360,60759084,73788024,7920,47525048,,13024800,15781716,15546432,11885412,,17154176,13421376,13735332,16448200,,19645952,16751932,17242220,20147920,,1980,1980,1980,1980,,11651328,12070792,11944540,11858388
1211,0,398,34,0,292,0,56423280,60544176,73579868,7920,47734660,,13064716,15857136,15608020,11893408,,17113012,13334936,13670128,16426100,,19606504,16665724,17177204,20130436,,1980,1980,1980,1980,,11690184,12144860,12027932,11871684
1214,0,399,34,0,293,0,56085008,61754484,74790108,7920,46529736,,12656788,16078964,15005248,12344008,,17512524,13554236,14291824,16395900,,20006060,16884360,17796676,20103012,,1980,1980,1980,1980,,11315456,11879652,11429396,11905232
1217,0,400,32,0,294,0,56857848,61001800,74043892,7920,47079708,,12968124,16336092,15366268,12187364,,17215380,13300896,13920668,16564856,,19707828,16631632,17426052,20278380,,1980,1980,1980,1980,,11552156,12051268,11756852,11719432
1220,0,401,31,0,295,0,57182928,60680404,73722324,7920,47506552,,12976312,16409380,15495988,12301248,,17235504,13214992,13779408,16450500,,19727808,16545904,17285176,20163436,,1980,1980,1980,1980,,11649704,12122576,11894400,11839872
1223,0,402,32,0,296,0,56250880,61153076,74194528,7920,46996640,,13018836,16418688,15135444,11677912,,17184556,13199336,13711132,17058052,,19676880,16530556,17217244,20769848,,1980,1980,1980,1980,,11691680,12136564,11964488,11203908
1226,0,403,29,0,297,0,56256256,61144004,74187556,7920,46928360,,12826468,16440872,14917156,12071760,,17374996,13187188,13924976,16656844,,19867224,16519692,17430268,20370372,,1980,1980,1980,1980,,11473152,12159776,11726240,11569192
1229,0,404,30,0,298,0,56678108,60728652,73770076,7920,47377932,,12956352,16460128,15047664,12213964,,17244848,13176444,13786140,16521220,,19737088,16506232,17291848,20234908,,1980,1980,1980,1980,,11616820,12168216,11865800,11727096
1232,0,405,30,0,299,0,56573140,60848972,73889780,7920,47281324,,13025880,16476856,14809728,12260676,,17165984,13161096,14024528,16497364,,19658236,16490948,17529488,20211108,,1980,1980,1980,1980,,11687524,12185960,11585504,11822336
1235,0,406,30,0,300,0,56987408,60858152,73898812,7920,47252908,,13030160,16484000,15173248,12300000,,17169004,13145992,14079980,16463176,,19661284,16475792,17584652,20177084,,1980,1980,1980,1980,,11693988,12192488,11511388,11855044
1238,0,407,29,0,301,0,56356780,61069056,74106020,7920,47092548,,13034776,15661796,15357072,12303136,,17165012,13538856,13907532,16457656,,19657296,16864808,17412340,20171576,,1980,1980,1980,1980,,11698672,11823688,11711148,11859040
1241,0,408,27,0,302,0,56109384,61705920,74744004,7920,46383000,,12230304,16089212,15462924,12326944,,17956516,13525648,13780072,16443684,,20446900,16853416,17285956,20157732,,1980,1980,1980,1980,,10923096,11764116,11812408,11883380
1244,0,409,27,0,303,0,56862736,60966144,74010364,7920,47091312,,12749616,16288804,15480392,12343924,,17439896,13337676,13766436,16422136,,19930364,16671076,17272708,20136216,,1980,1980,1980,1980,,11372672,11986272,11831788,11900580
1247,0,410,27,0,304,0,56850184,60989400,74034428,7920,47129068,,12675424,16338320,15488368,12348072,,17506364,13302888,13758112,16422036,,19996708,16637084,17264480,20136156,,1980,1980,1980,1980,,11279960,12100296,11846076,11902736
1250,0,411,27,0,305,0,57231324,61005796,74050364,7920,47036144,,12865756,16372780,15503136,12489652,,17300548,13260512,13731480,16713256,,19790900,16594756,17238556,20426152,,1980,1980,1980,1980,,11478560,12126072,11847360,11584152
1253,0,412,26,0,306,0,57531600,60708392,73753208,7920,47350288,,12954232,16382056,15509232,12686080,,17226808,13238256,13738124,16505204,,19717196,16572636,17244188,20219188,,1980,1980,1980,1980,,11563740,12138684,11856328,11791536
1255,1,413,27,0,307,0,57395512,60835128,73879032,7920,47198292,,12979120,16388292,15509492,12518608,,17191236,13221200,13752372,16670320,,19681640,16555688,17258588,20383116,,1980,1980,1980,1980,,11586144,12147008,11858548,11606592
1258,1,414,26,0,308,0,57194760,61063012,74108500,7920,47009208,,12981892,16414152,15125112,12673604,,17203156,13209120,14137736,16513000,,19693592,16544208,17643632,20227068,,1980,1980,1980,1980,,11590468,12160488,11478264,11779988
1261,1,415,24,0,309,0,57141404,61109184,74154708,7920,46854924,,12729468,16245452,15404648,12761836,,17453796,13394048,13848516,16412824,,19943144,16728364,17356236,20126964,,1980,1980,1980,1980,,11305892,11967420,11718424,11863188
1264,1,416,25,0,310,0,57032120,61286440,74332376,7920,46873096,,12899136,16367584,15358336,12407064,,17285144,13282264,13951388,16767644,,19774516,16617024,17460228,20480608,,1980,1980,1980,1980,,11492956,12091228,11801492,11487420
1267,1,417,25,0,311,0,57413796,60861632,73909764,7920,47249996,,12968964,16406024,15378752,12660056,,17199400,13224700,13918628,16518904,,19688828,16559868,17428920,20232148,,1980,1980,1980,1980,,11561652,12130612,11824628,11733104
1270,1,418,26,0,312,0,57103744,61173412,74223516,7920,46980880,,12559804,16409844,15402680,12731416,,17608772,13222020,13910584,16432036,,20098172,16557532,17422516,20145296,,1980,1980,1980,1980,,11189908,12133108,11841084,11816780
1273,1,419,26,0,313,0,56981584,60855548,73898112,7920,47227432,,12818708,15984380,15414316,12764180,,17343392,13223928,13881460,16406768,,19831432,16552772,17393732,20120176,,1980,1980,1980,1980,,11385732,12138792,11853844,11849064
1276,1,420,26,0,314,0,56364372,61025604,74067004,7920,47029900,,12927280,15554084,15420864,12462144,,17231988,13213436,13876400,16703780,,19720084,16541792,17388952,20416176,,1980,1980,1980,1980,,11499316,12142556,11862460,11525568
1279,0,421,25,0,315,0,56566116,60837084,73881320,7920,47299236,,12869856,15570128,15459288,12666844,,17326332,13192188,13823372,16495192,,19814196,16521384,17338144,20207596,,1980,1980,1980,1980,,11537464,12155832,11882176,11723764
1282,1,422,27,0,316,0,56068832,61361140,74412632,7920,46768828,,12876596,15217304,15492052,12482880,,17327340,13561936,13795496,16676368,,19815208,16898616,17310812,20387996,,1980,1980,1980,1980,,11545392,11779292,11918724,11525420
1285,1,423,24,0,317,0,56695460,61118328,74171132,7920,46975736,,12881496,15664912,15494316,12654736,,17319980,13521272,13799028,16478048,,19807876,16857076,17316156,20190024,,1980,1980,1980,1980,,11548124,11789500,11932080,11706032
1288,1,424,24,0,318,0,57139052,61066432,74143984,7920,46996444,,12889504,16018676,15513816,12717056,,17299264,13570704,13775976,16420488,,19787168,16930752,17293492,20132572,,1980,1980,1980,1980,,11558500,11716888,11952560,11768496
1291,1,425,25,0,319,0,57320200,60955584,74032460,7920,47245264,,12895984,16199632,15549260,12675324,,17303904,13388596,13737180,16525904,,19791832,16748736,17255392,20236500,,1980,1980,1980,1980,,11561212,11908104,11984364,11791584
1294,1,426,24,0,320,0,57011584,61251732,74328424,7920,46867000,,12679964,16325040,15567700,12438880,,17527156,13256196,13726344,16742036,,20014344,16617032,17245020,20452028,,1980,1980,1980,1980,,11317608,12025784,11994976,11528632
1297,1,427,24,0,321,0,57339364,60933748,74010388,7920,47221152,,12831032,16347968,15578676,12581688,,17368708,13235312,13706632,16623096,,19855904,16596392,17225496,20332596,,1980,1980,1980,1980,,11475904,12050456,12011908,11682884
1300,1,428,24,0,322,0,57492976,60739472,73821056,7920,47371796,,12882660,16359604,15594952,12655760,,17295120,13221572,13694636,16528144,,19782332,16583976,17213720,20241028,,1980,1980,1980,1980,,11521432,12065636,12028456,11756272
1303,1,429,27,0,323,0,57145132,60658140,73791944,7920,47495800,,12893672,16368420,15630216,12252824,,17309956,13219316,13609964,16518904,,19797228,16582308,17182728,20229680,,1980,1980,1980,1980,,11530428,12077232,12104996,11783144
1306,0,430,31,0,324,0,56765832,60548300,73686844,7920,47550208,,12911728,15967956,15632428,12253720,,17287204,13168252,13591360,16501484,,19775384,16533308,17165876,20212276,,1980,1980,1980,1980,,11541648,12099180,12120268,11789112
1309,0,431,34,0,325,0,56807416,60531368,73683404,7920,47646312,,12926952,15952320,15656968,12271176,,17261568,13211464,13573232,16485104,,19752468,16586580,17148280,20196076,,1980,1980,1980,1980,,11564648,12136588,12137212,11807864
1312,0,432,34,0,326,0,55976748,61779560,74947060,7920,46376228,,12930720,15952248,15084840,12008940,,17254316,13206220,14139464,17179560,,19745224,16597284,17714048,20890504,,1980,1980,1980,1980,,11578316,12164884,11571136,11061892
1315,0,433,33,0,327,0,56405664,61301680,74474812,7920,46771076,,12946648,15971224,15088508,12399284,,17239252,13176896,14120100,16765432,,19730176,16574524,17693724,20476388,,1980,1980,1980,1980,,11592564,12194064,11511868,11472580
1318,0,434,31,0,328,0,56274440,61947128,75120772,7920,46253552,,12137896,16213476,15364920,12558148,,18077056,13383608,13854276,16632188,,20566380,16781260,17428276,20344856,,1980,1980,1980,1980,,10832568,11978156,11801084,11641744
1321,0,435,29,0,329,0,57208400,60961060,74135196,7920,47099324,,12660940,16354244,15540592,12652624,,17543012,13236744,13667208,16514096,,20032140,16634564,17241664,20226828,,1980,1980,1980,1980,,11259720,12130728,11973444,11735432
1324,0,436,30,0,330,0,57489992,60681248,73855024,7920,47430696,,12821452,16424904,15566300,12677336,,17385448,13157348,13659568,16478884,,19874600,16555740,17231584,20193100,,1980,1980,1980,1980,,11434364,12190240,12041788,11764304
1327,0,437,31,0,331,0,57635852,60536116,73710112,7920,47573992,,12916784,16456244,15563008,12699816,,17271704,13120656,13677720,16466036,,19760884,16519352,17249800,20180076,,1980,1980,1980,1980,,11524240,12229148,12048236,11772368
1330,0,438,31,0,332,0,57263704,60442820,73617344,7920,47626948,,12926864,16490876,15136128,12709836,,17250604,13086872,13658648,16446696,,19739796,16486132,17230648,20160768,,1980,1980,1980,1980,,11530764,12260408,12052756,11783020
1333,0,439,31,0,333,0,57060056,60658372,73835184,7920,47376224,,12942828,16504096,14891360,12721772,,17233744,13081176,13902772,16440680,,19722944,16480696,17476780,20154764,,1980,1980,1980,1980,,11548816,12270924,11764804,11791680
1336,0,440,30,0,334,0,57296112,60403296,73580212,7920,47590176,,12965868,16534500,15060220,12735524,,17206160,13018724,13742132,16436280,,19695380,16418972,17315452,20150408,,1980,1980,1980,1980,,11560332,12296360,11931620,11801864
1338,1,441,30,0,335,0,57376488,60832220,74009956,7920,47327324,,12938884,16548376,15123956,12765272,,17267804,13022652,14120840,16420924,,19757276,16423028,17694576,20135076,,1980,1980,1980,1980,,11580148,12313168,11609912,11824096
1341,1,442,31,0,336,0,57691132,60464756,73644388,7920,47604932,,12940032,16570900,15427508,12752692,,17263248,13004920,13783912,16412676,,19754264,16405564,17357676,20126884,,1980,1980,1980,1980,,11593124,12334244,11844496,11833068
1344,0,443,32,0,337,0,57813896,60380264,73560216,7920,47741096,,12963420,16587896,15502244,12760336,,17253068,12982792,13727384,16417020,,19744128,16383552,17301284,20131252,,1980,1980,1980,1980,,11615088,12348532,11934296,11843180
1347,0,444,32,0,338,0,57897832,60259764,73463260,7920,47848108,,12972988,16615408,15535280,12774156,,17234700,12937564,13685752,16401748,,19725780,16361736,17259740,20116004,,1980,1980,1980,1980,,11627512,12396532,11966236,11857828
1350,0,445,32,0,339,0,57490904,60262936,73476128,7920,47924520,,12981684,16222732,15537288,12749200,,17221668,12894272,13672420,16474576,,19712768,16328016,17246908,20188436,,1980,1980,1980,1980,,11641788,12431212,11971228,11880292
1353,0,446,32,0,340,0,56413228,61314776,74524672,7920,46805240,,13010152,16249136,15154116,11999824,,17194512,12874460,14056272,17189532,,19685648,16307984,17630268,20900772,,1980,1980,1980,1980,,11664568,12443632,11590344,11106696
1356,0,447,29,0,341,0,56034916,61695480,74905500,7920,46431376,,12765012,15835792,15422916,12011196,,17431320,13716340,13784680,16763140,,19922424,17150792,17359548,20472736,,1980,1980,1980,1980,,11395624,11682876,11829376,11523500
1359,0,448,27,0,342,0,56303768,61820368,75028864,7920,46128100,,12912924,15652936,15497764,12240144,,17276188,13869688,13717016,16957476,,19767304,17301436,17292020,20668104,,1980,1980,1980,1980,,11553760,11339096,11927864,11307380
1362,1,449,25,0,343,0,56666044,60982208,74203228,7920,46934704,,12987860,16065492,15087468,12525224,,17200200,13438900,13681688,16661420,,19691320,16870892,17269204,20371812,,1980,1980,1980,1980,,11626524,11753864,11963144,11591172
1365,1,450,25,0,344,0,56146832,60650712,73869576,7920,47298488,,13000840,15848832,15092964,12204196,,17181404,13245160,13674476,16549672,,19672508,16675096,17262108,20259864,,1980,1980,1980,1980,,11640812,11982756,11967212,11707708
1369,0,451,26,0,345,0,56347844,60464236,73686460,7920,47553976,,13016900,15955740,15115104,12260100,,17181872,13157920,13643900,16480544,,19673148,16587952,17232644,20192716,,1980,1980,1980,1980,,11652288,12163256,11982436,11755996
1372,0,452,27,0,346,0,56275480,60542540,73761164,7920,47454368,,12822428,16064536,15129500,12259016,,17380820,13045192,13638500,16478028,,19871184,16475500,17227616,20186864,,1980,1980,1980,1980,,11436048,12264196,11996828,11757296
1375,0,453,28,0,347,0,56403272,60427572,73646932,7920,47597004,,12940564,15639880,15560808,12262020,,17265752,13051288,13626096,16484436,,19756132,16481632,17215884,20193284,,1980,1980,1980,1980,,11563180,12272088,12001060,11760676
1377,1,454,28,0,348,0,56530676,60283824,73510004,7920,47716828,,13003836,15661812,15573380,12291648,,17181432,13025668,13620760,16455964,,19672712,16456872,17210964,20169456,,1980,1980,1980,1980,,11627736,12295288,12012312,11781492
1380,1,455,30,0,349,0,56453200,61194192,74424976,7920,46799580,,13012680,15881720,15585608,11973192,,17167556,13239364,13604168,17183104,,19660548,16674292,17194752,20895384,,1980,1980,1980,1980,,11641124,12056036,12029660,11072760
1383,1,456,28,0,350,0,56109548,62061728,75291700,7920,46060124,,12415252,16014276,15290740,12389280,,17787036,13547152,13938908,16788632,,20279012,16982556,17530396,20499736,,1980,1980,1980,1980,,11066216,11804272,11768556,11421080
1386,1,457,26,0,351,0,57108512,61010724,74240820,7920,46957212,,12769316,16339764,15448864,12550568,,17421896,13195976,13766620,16626232,,19913716,16629644,17360052,20337408,,1980,1980,1980,1980,,11361384,12061156,11935248,11599424
1390,0,458,28,0,352,0,57107620,60529784,73759840,7920,47411344,,12928352,16437444,15089484,12652340,,17255060,13080824,13701508,16492392,,19746916,16513064,17294672,20205188,,1980,1980,1980,1980,,11527692,12177628,12008544,11697480
1393,0,459,28,0,353,0,57500364,60563360,73795848,7920,47343808,,12990520,16485312,15355544,12668988,,17191288,13041260,13846844,16483968,,19683212,16476304,17439516,20196816,,1980,1980,1980,1980,,11585824,12228488,11813252,11716244
1396,0,460,29,0,354,0,57626628,60478568,73712124,7920,47480400,,12998332,16494380,15453468,12680448,,17186276,13046224,13767512,16478556,,19678220,16481884,17360604,20191416,,1980,1980,1980,1980,,11592968,12234592,11926264,11726576
1398,1,461,28,0,355,0,56832884,60863432,74096796,7920,47115148,,12972800,16288816,15101320,12469948,,17250216,13234756,13677636,16700824,,19742096,16669944,17272092,20412664,,1980,1980,1980,1980,,11618928,12009624,11995156,11491440
1401,1,462,28,0,356,0,57083464,60622728,73856688,7920,47400244,,12981736,16399336,15106692,12595700,,17250924,13140580,13664224,16567000,,19742784,16576020,17259028,20278856,,1980,1980,1980,1980,,11631360,12134084,11999592,11635208
1404,1,463,28,0,357,0,57242608,60436684,73670920,7920,47557624,,12994136,16469500,15121096,12657876,,17232080,13053496,13659360,16491748,,19723948,16489028,17254328,20203616,,1980,1980,1980,1980,,11645732,12203432,12015896,11692564
1407,1,464,28,0,358,0,57325388,60344000,73577956,7920,47637040,,13019532,16489556,15136976,12679324,,17206592,13027800,13643236,16466372,,19698472,16464572,17236520,20178392,,1980,1980,1980,1980,,11668620,12227052,12030880,11710488
1410,0,465,28,0,359,0,56647208,61536480,74771880,7920,46653536,,12630044,16073412,15358172,12585580,,17594820,13455332,13834920,16651408,,20086348,16892516,17429796,20363220,,1980,1980,1980,1980,,11296444,11838392,11804280,11714420
1413,0,466,26,0,360,0,57317784,60841300,74076460,7920,47209780,,12904900,16318740,15477376,12616768,,17292880,13209824,13739552,16599044,,19784464,16646336,17334784,20310876,,1980,1980,1980,1980,,11529692,12018272,11928604,11733212
1416,0,467,26,0,361,0,57592592,60546028,73782240,7920,47498624,,12980124,16432664,15555496,12624308,,17230680,13098392,13628712,16588244,,19722268,16535460,17224400,20300112,,1980,1980,1980,1980,,11614492,12141068,12005580,11737484
1419,0,468,26,0,362,0,57401964,60695280,73932648,7920,47256348,,12693868,16501136,15582076,12624884,,17499656,13005120,13600760,16589744,,19991892,16442528,17196608,20301620,,1980,1980,1980,1980,,11277348,12211504,12027784,11739712
1422,0,469,24,0,363,0,57455388,60649000,73885644,7920,47307368,,12718188,16506720,15597160,12633320,,17470112,13017840,13590088,16570960,,19960924,16455652,17186220,20282848,,1980,1980,1980,1980,,11305972,12218528,12034496,11748372
1425,0,470,24,0,364,0,57647956,60467928,73705556,7920,47514184,,12865400,16531432,15615424,12635700,,17337264,12980684,13569552,16580428,,19828080,16419300,17165856,20292320,,1980,1980,1980,1980,,11467492,12235932,12058584,11752176
1428,0,471,25,0,365,0,56531804,61200504,74439864,7920,46875304,,12980368,16087596,15253796,12210044,,17205396,13482532,13938548,16574028,,19696248,16922896,17535192,20285528,,1980,1980,1980,1980,,11566172,11871128,11679928,11758076
1431,0,472,24,0,366,0,57129604,60599032,73837020,7920,47325844,,12982068,16340748,15581620,12225168,,17208188,13215088,13613512,16562244,,19699060,16655620,17209996,20272344,,1980,1980,1980,1980,,11571444,12098752,11884632,11771016
1434,0,473,24,0,367,0,57322560,60373972,73610456,7920,47540268,,12987516,16432040,15680080,12222924,,17203652,13110792,13508896,16550632,,19694520,16551356,17105624,20258956,,1980,1980,1980,1980,,11574040,12201184,11993600,11771444
1437,0,474,25,0,368,0,56254472,61417168,74649944,7920,46513328,,12168452,16462144,15294452,12329424,,18019420,13069444,13450940,16877364,,20509564,16510276,17044704,20585400,,1980,1980,1980,1980,,10805868,12232652,12037600,11437208
1439,1,475,23,0,369,0,56959036,60705112,73939248,7920,47138532,,12631180,16495920,15296060,12535876,,17551520,13052996,13441604,16658992,,20041176,16495144,17035784,20367144,,1980,1980,1980,1980,,11196544,12259112,12040920,11641956
1442,1,476,24,0,370,0,57221816,60452936,73685964,7920,47404384,,12806752,16506944,15296076,12612044,,17377912,13036676,13454564,16583784,,19867624,16479016,17047336,20291988,,1980,1980,1980,1980,,11375108,12269052,12043140,11717084
1445,1,477,24,0,371,0,57118112,60567264,73804416,7920,47295940,,12902824,16552424,15258268,12404596,,17260540,12988608,13534624,16783492,,19750292,16431284,17127956,20494884,,1980,1980,1980,1980,,11474444,12286212,12051568,11483716
1448,1,478,24,0,372,0,57055736,61046228,74287408,7920,46844656,,12501736,16553288,15461620,12539092,,17668184,12985136,13743808,16649100,,20157976,16428288,17340616,20360528,,1980,1980,1980,1980,,11107888,12307552,11799676,11629540
1452,0,479,23,0,373,0,57524592,60566420,73810708,7920,47264944,,12772008,16557852,15597332,12597400,,17386124,12976228,13624236,16579832,,19876912,16421244,17221280,20291272,,1980,1980,1980,1980,,11318188,12316852,11944116,11685788
1455,0,480,24,0,374,0,57273584,60386480,73631924,7920,47453376,,12864632,16569452,15231612,12607888,,17293804,12977952,13536584,16578140,,19784600,16423448,17134272,20289604,,1980,1980,1980,1980,,11422684,12325556,12014980,11690156
1457,1,481,25,0,375,0,56664940,60564876,73810020,7920,47239180,,12911596,16585704,14543444,12624196,,17249216,12967808,13786464,16561388,,19740100,16413644,17382368,20273908,,1980,1980,1980,1980,,11462528,12339512,11734088,11703052
1460,1,482,25,0,376,0,56212364,61046668,74292212,7920,46865184,,12814328,15746800,15019864,12631372,,17390968,12928752,14177708,16549240,,19881668,16373584,17775192,20261768,,1980,1980,1980,1980,,11474816,12369648,11313800,11706920
1463,1,483,24,0,377,0,56588920,61113108,74359624,7920,46802324,,12824908,15830296,15312280,12621436,,17381444,13283544,13875064,16573056,,19872160,16729040,17472824,20285600,,1980,1980,1980,1980,,11478740,11993732,11614812,11715040
1466,1,484,23,0,378,0,57026420,60644916,73893060,7920,47250800,,12834016,16074396,15475244,12642764,,17367836,13026772,13710928,16539380,,19858556,16472368,17308748,20253388,,1980,1980,1980,1980,,11491148,12241952,11781508,11736192
1469,1,485,23,0,379,0,57387564,60666360,73914588,7920,47159908,,12844676,16333532,15559924,12649432,,17355736,13177696,13600312,16532616,,19846468,16622564,17198932,20246624,,1980,1980,1980,1980,,11499832,12055436,11862836,11741804
1472,1,486,24,0,380,0,57326676,60765424,74011276,7920,47113036,,12856796,16504092,15558116,12407672,,17345208,13008264,13627900,16784052,,19835964,16453396,17226820,20495096,,1980,1980,1980,1980,,11512408,12236280,11868960,11495388
1475,1,487,23,0,381,0,57337384,60773204,74016848,7920,47091916,,12866996,16352868,15569124,12548396,,17334200,13163260,13618244,16657500,,19825228,16605412,17217644,20368564,,1980,1980,1980,1980,,11525208,12039332,11881940,11645436
1478,1,488,23,0,382,0,57555172,60529116,73773408,7920,47330396,,12881856,16475936,15581144,12616236,,17318780,13033976,13601728,16574632,,19809816,16476632,17201248,20285712,,1980,1980,1980,1980,,11539272,12188776,11890136,11712212
1481,1,489,24,0,383,0,57682032,60405856,73652368,7920,47439936,,12902160,16549616,15606060,12624196,,17291864,12968812,13572436,16572744,,19784332,16411868,17172320,20283848,,1980,1980,1980,1980,,11558544,12260272,11901392,11719728
1484,1,490,24,0,384,0,57710312,60393048,73639988,7920,47471484,,12915692,16564656,15607500,12622464,,17269292,12969128,13582080,16572548,,19761800,16412408,17182092,20283688,,1980,1980,1980,1980,,11572248,12273728,11903592,11721916
1487,1,491,23,0,385,0,57513732,60643332,73888532,7920,47315420,,12926816,16321956,15630816,12634144,,17272452,13250908,13562132,16557840,,19764984,16692324,17162212,20269012,,1980,1980,1980,1980,,11578712,12080016,11926480,11730212
1490,1,492,23,0,386,0,57268100,60875152,74123940,7920,47096736,,12950896,16026072,15640288,12650844,,17255384,13526472,13549680,16543616,,19747972,16970812,17150364,20254792,,1980,1980,1980,1980,,11603644,11817176,11931228,11744688
1493,0,493,23,0,387,0,57576244,60538604,73789012,7920,47375564,,12953936,16316736,15651324,12654248,,17251392,13225544,13531728,16529940,,19744024,16670056,17133740,20241192,,1980,1980,1980,1980,,11611584,12064300,11946504,11753176
1496,0,494,24,0,388,0,57276632,60419684,73673400,7920,47515760,,12972336,16404140,15657048,12243108,,17230784,13133580,13520352,16534968,,19727516,16578260,17122496,20245128,,1980,1980,1980,1980,,11628176,12165336,11952660,11769588
1499,0,495,24,0,389,0,57137264,60965148,74218376,7920,46980444,,12972924,16007556,15668276,12488508,,17235236,13514668,13506484,16708760,,19731984,16957952,17108992,20419448,,1980,1980,1980,1980,,11632308,11806852,11965084,11576200
1502,0,496,23,0,390,0,57189044,60937740,74192172,7920,46969692,,12602416,16286744,15694856,12605028,,17604740,13247772,13493928,16591300,,20101564,16691780,17096816,20302012,,1980,1980,1980,1980,,11269276,12024240,11982072,11694104
1505,0,497,20,0,391,0,57092564,61067760,74319760,7920,46839360,,12654280,16148136,15641172,12648976,,17561616,13392304,13580756,16533084,,20056956,16834980,17183996,20243828,,1980,1980,1980,1980,,11258140,11860492,11986564,11734164
1508,0,498,20,0,392,0,57442748,60665036,73917548,7920,47204644,,12819052,16312276,15658100,12653320,,17385316,13200684,13549944,16529092,,19880664,16643584,17153448,20239852,,1980,1980,1980,1980,,11445172,12017848,12005316,11736308
1511,0,499,20,0,393,0,57638324,60460448,73713776,7920,47391428,,12917964,16390980,15675964,12653416,,17271116,13138132,13533448,16517752,,19766524,16581528,17137064,20228660,,1980,1980,1980,1980,,11546000,12088652,12018132,11738644
1514,0,500,20,0,394,0,57463908,60620108,73872988,7920,47179792,,12933612,16412336,15684996,12432964,,17242208,13106756,13515460,16755684,,19737756,16550320,17119408,20465504,,1980,1980,1980,1980,,11564080,12101496,12026768,11487448
1517,0,501,21,0,395,0,57738292,60356812,73612824,7920,47366268,,12959388,16519468,15691464,12567972,,17231944,12998988,13530000,16595880,,19727448,16444012,17135624,20305740,,1980,1980,1980,1980,,11578872,12117432,12043760,11626204
1519,1,502,22,0,396,0,57534260,60520936,73776532,7920,47158020,,12926888,16515252,15454040,12638080,,17269924,12984628,13746112,16520272,,19765496,16429764,17351120,20230152,,1980,1980,1980,1980,,11580524,12117632,11772372,11687492
1523,0,503,21,0,397,0,57714900,60379704,73635884,7920,47355748,,12940776,16528804,15612064,12633256,,17262144,12984572,13588676,16544312,,19757564,16429936,17194000,20254384,,1980,1980,1980,1980,,11590680,12133852,11939988,11691228
1526,0,504,22,0,398,0,57804052,60300088,73558128,7920,47450212,,12951808,16532920,15674188,12645136,,17236616,12979048,13538316,16546108,,19733696,16424512,17143728,20256192,,1980,1980,1980,1980,,11606036,12136452,12004548,11703176
1529,0,505,23,0,399,0,57845212,60274336,73535340,7920,47494764,,12957456,16548576,15691052,12648128,,17240496,12977700,13509536,16546604,,19737524,16420892,17116500,20260424,,1980,1980,1980,1980,,11611844,12146512,12023304,11713104
1532,0,506,23,0,400,0,57875920,60236548,73501256,7920,47549972,,12970132,16552988,15719680,12633120,,17222064,12968860,13470248,16575376,,19719104,16412224,17079468,20290460,,1980,1980,1980,1980,,11620400,12151372,12048548,11729652
1535,0,507,26,0,401,0,57301828,60405468,73670588,7920,47374408,,12991052,16566252,15104468,12640056,,17206532,12961208,13667372,16570356,,19705432,16405100,17274576,20285480,,1980,1980,1980,1980,,11641064,12153844,11841540,11737960
1538,0,508,25,0,402,0,56911240,60790732,74056604,7920,46948148,,12994300,16348352,14925080,12643508,,17197520,13163452,13854276,16575484,,19696220,16609060,17460552,20290772,,1980,1980,1980,1980,,11647500,11904284,11654432,11741932
1541,0,509,25,0,403,0,57225784,60444312,73711588,7920,47315824,,12942652,16491688,15134608,12656836,,17255068,13009036,13623028,16557180,,19753824,16456096,17229188,20272480,,1980,1980,1980,1980,,11641888,12053600,11866300,11754036
1544,0,510,22,0,404,0,57136240,60962504,74225472,7920,46712512,,12274764,16544516,15651748,12665212,,17932936,12953352,13528036,16548180,,20428964,16400096,17132920,20263492,,1980,1980,1980,1980,,10879980,12113856,11958456,11760220
1547,0,511,24,0,405,0,57053300,61084996,74348892,7920,46701660,,12604236,16485912,15287028,12676124,,17588132,13079452,13890468,16526944,,20085584,16524840,17496204,20242264,,1980,1980,1980,1980,,11209952,12119176,11601864,11770668
1550,0,512,25,0,406,0,57142352,60528164,73798028,7920,47179124,,12810388,16498544,15572460,12260960,,17377556,13043120,13592336,16515152,,19876468,16488540,17202484,20230536,,1980,1980,1980,1980,,11416068,12129488,11842520,11791048
1553,0,513,25,0,407,0,57129660,60539832,73809520,7920,47155452,,12926072,16276856,15655216,12271516,,17244860,13275668,13522016,16497288,,19743888,16718924,17132428,20214280,,1980,1980,1980,1980,,11527348,11883824,11933600,11810680
1556,0,514,26,0,408,0,56979000,60671172,73938844,7920,46982152,,12958032,16407172,15687528,11926268,,17215388,13142004,13477804,16835976,,19714580,16585388,17088428,20550448,,1980,1980,1980,1980,,11557524,12025592,11969180,11429856
1559,0,515,25,0,409,0,57305200,60385424,73656120,7920,47312856,,12969296,16479548,15704348,12152008,,17219844,13068872,13479088,16617620,,19719104,16512580,17090088,20334348,,1980,1980,1980,1980,,11571768,12083036,11985816,11672236
1562,0,516,25,0,410,0,57583216,60488132,73760832,7920,47149544,,12980392,16496352,15718304,12388168,,17215176,13040956,13450908,16781092,,19714512,16484848,17062392,20499080,,1980,1980,1980,1980,,11582248,12103352,11996856,11467088
1565,0,517,24,0,411,0,57761656,60367348,73642132,7920,47386972,,13000328,16516080,15675688,12569560,,17198852,13031000,13530368,16607128,,19698192,16475432,17143320,20325188,,1980,1980,1980,1980,,11604880,12106228,12020388,11655476
1568,0,518,26,0,412,0,57882768,60229980,73505160,7920,47510672,,13013252,16521912,15701680,12645924,,17178800,13019628,13501116,16530436,,19678192,16464260,17114204,20248504,,1980,1980,1980,1980,,11619404,12112700,12049308,11729260
1571,0,519,26,0,413,0,57968644,60132784,73411900,7920,47588796,,13036528,16531200,15718352,12682564,,17145228,12999600,13486304,16501652,,19646356,16444584,17099528,20221432,,1980,1980,1980,1980,,11648840,12115116,12058988,11765852
1574,0,520,29,0,414,0,58031756,60077280,73362332,7920,47651324,,13044628,16547752,15735064,12704312,,17136688,12986336,13469848,16484408,,19637844,16436620,17083468,20204400,,1980,1980,1980,1980,,11656616,12134772,12073612,11786324
1576,1,521,28,0,415,0,57377488,60713980,74001892,7920,46984880,,12343752,16564096,15758436,12711204,,17826172,12966684,13456784,16464340,,20329008,16417660,17070864,20184360,,1980,1980,1980,1980,,10960396,12139288,12096800,11788396
1579,1,522,27,0,416,0,57471580,60628356,73914144,7920,47055708,,12687740,16290488,15771028,12722324,,17522752,13235584,13419528,16450492,,20024344,16685796,17034112,20169892,,1980,1980,1980,1980,,11319156,11838624,12104124,11793804
1582,1,523,27,0,417,0,57226704,60880508,74164628,7920,46834700,,12850564,16486912,15780648,12108580,,17362892,13029196,13410416,17078004,,19864492,16479564,17025292,20795280,,1980,1980,1980,1980,,11505504,12027120,12114348,11187728
1586,0,524,27,0,418,0,57768104,60297672,73585516,7920,47351420,,12962376,16547452,15798652,12459624,,17231500,12956328,13396372,16713472,,19733168,16407964,17011444,20432940,,1980,1980,1980,1980,,11613204,12097840,12132940,11507436
1589,0,525,28,0,419,0,57533332,60129376,73419296,7920,47553272,,12966680,16575796,15388232,12602624,,17224036,12960016,13379232,16566092,,19725712,16413404,16994464,20285716,,1980,1980,1980,1980,,11619832,12116856,12157728,11658856
1592,0,526,30,0,420,0,57600980,60060120,73352264,7920,47674636,,13002836,16587928,15389212,12621004,,17191552,12934616,13379808,16554144,,19693252,16389804,16995548,20273660,,1980,1980,1980,1980,,11647884,12129464,12158228,11739060
1595,0,527,30,0,421,0,57456880,60631752,73925024,7920,47103348,,13010900,16622136,15178320,12645524,,17179708,12900344,14004588,16547112,,19681412,16355956,17620992,20266664,,1980,1980,1980,1980,,11660308,12156560,11528212,11758268
1598,0,528,29,0,422,0,57491544,60587544,73882092,7920,47063968,,13035988,16639568,15159276,12656712,,17146168,12873356,14031592,16536428,,19649364,16329252,17646012,20257464,,1980,1980,1980,1980,,11687384,12170904,11438700,11766980
1601,0,529,27,0,423,0,57573668,60502984,73797352,7920,47095724,,12723456,16667260,15509224,12673728,,17471964,12844076,13670808,16516136,,19974344,16300328,17285332,20237348,,1980,1980,1980,1980,,11347512,12188160,11776172,11783880
1604,0,530,26,0,424,0,57073008,61017660,74308580,7920,46592416,,12421400,16284272,15665160,12702176,,17773788,13229036,13527776,16487060,,20273748,16683952,17142584,20208296,,1980,1980,1980,1980,,11024344,11816480,11941188,11810404
1607,0,531,25,0,425,0,57734264,60318212,73612084,7920,47215864,,12721248,16545180,15737232,12730604,,17479844,12952340,13433036,16452992,,19979824,16409588,17048264,20174408,,1980,1980,1980,1980,,11311892,12052188,12016336,11835448
1610,0,532,25,0,426,0,57941724,60136168,73430724,7920,47504808,,12872572,16579320,15742480,12747352,,17317944,12944220,13440656,16433348,,19817928,16401692,17056276,20154828,,1980,1980,1980,1980,,11487384,12148904,12019068,11849452
1613,0,533,25,0,427,0,58062104,59943272,73238520,7920,47638472,,12954992,16609408,15743248,12754456,,17211576,12896972,13417232,16417492,,19711612,16354716,17033140,20139052,,1980,1980,1980,1980,,11569376,12179792,12019360,11869944
1616,0,534,25,0,428,0,58101992,59972716,73270848,7920,47686156,,12968408,16613164,15750508,12769912,,17216176,12914112,13432264,16410164,,19716228,16371976,17049220,20133424,,1980,1980,1980,1980,,11582164,12184128,12033044,11886820
1619,0,535,28,0,429,0,57717388,60358004,73656856,7920,47340536,,12981124,16621796,15326908,12787560,,17204044,12899716,13863976,16390268,,19704100,16358028,17481140,20113588,,1980,1980,1980,1980,,11595100,12194984,11644884,11905568
1622,0,536,26,0,430,0,56957276,60656192,73955840,7920,46954896,,12595568,16632500,15346144,12383064,,17595704,12896500,13800128,16363860,,20096228,16354892,17416728,20087992,,1980,1980,1980,1980,,11231792,12205760,11589740,11927604
1624,1,537,28,0,431,0,57143392,60950512,74244000,7920,46680312,,12855276,16337492,15470968,12479656,,17331864,13177220,13735012,16706416,,19832312,16630600,17351904,20429184,,1980,1980,1980,1980,,11431068,11878424,11805796,11565024
1627,1,538,26,0,432,0,57772328,60326632,73620672,7920,47352288,,12963152,16536320,15558492,12714364,,17222752,12996584,13628160,16479136,,19723268,16450164,17245204,20202036,,1980,1980,1980,1980,,11552364,12079084,11911128,11809712
1631,0,539,28,0,433,0,57996004,60066452,73365652,7920,47583576,,12987420,16616728,15590648,12801208,,17190140,12898992,13591168,16386152,,19690876,16357364,17208336,20109076,,1980,1980,1980,1980,,11582640,12170268,11935440,11895228
1634,0,540,28,0,434,0,58065068,59986232,73286032,7920,47645684,,13000712,16628516,15601732,12834108,,17184492,12886500,13578196,16337044,,19685236,16345156,17195656,20059984,,1980,1980,1980,1980,,11592236,12182260,11943884,11927304
1636,1,541,28,0,435,0,57707216,59956352,73256828,7920,47706156,,13016240,16206664,15618304,12866008,,17163060,12890068,13574216,16329008,,19663848,16347544,17193480,20051956,,1980,1980,1980,1980,,11601164,12185392,11965300,11954300
1639,1,542,28,0,436,0,57061320,60636188,73930500,7920,47060936,,12695776,16219800,15635160,12510584,,17522104,12874396,13557180,16682508,,20021444,16327872,17176960,20404224,,1980,1980,1980,1980,,11324532,12194060,11972136,11570208
1642,1,543,27,0,437,0,57175676,60489660,73783232,7920,47190784,,12853440,16228456,15649108,12444672,,17358940,12852340,13541464,16736916,,19858292,16306020,17161532,20457388,,1980,1980,1980,1980,,11493648,12212392,11988268,11496476
1645,1,544,27,0,438,0,57491716,60163400,73458960,7920,47511028,,12923008,16225800,15678180,12664728,,17279504,12856084,13506764,16521048,,19778860,16309904,17128644,20241552,,1980,1980,1980,1980,,11559864,12214636,12017940,11718588
1648,1,545,26,0,439,0,57469912,60583236,73874296,7920,47077128,,12358952,16654904,15682488,12773568,,17851516,12840044,13497376,16394300,,20349220,16290696,17119568,20114812,,1980,1980,1980,1980,,10988780,12219856,12030692,11837800
1651,1,546,25,0,440,0,57143820,60468952,73760916,7920,47174632,,12693004,16237984,15695280,12517552,,17492328,12837420,13474096,16665108,,19990104,16287516,17096820,20386476,,1980,1980,1980,1980,,11290112,12236284,12041388,11606848
1654,1,547,24,0,441,0,57480436,60150052,73439848,7920,47514900,,12838656,16247848,15727856,12666076,,17343576,12824956,13455648,16525872,,19841356,16274516,17078860,20245116,,1980,1980,1980,1980,,11442212,12238168,12070564,11763956
1657,1,548,24,0,442,0,58043852,60016224,73303920,7920,47647792,,12894152,16681876,15732468,12735356,,17292696,12828128,13455712,16439688,,19790500,16275988,17078996,20158436,,1980,1980,1980,1980,,11492980,12240444,12085116,11829252
1660,1,549,24,0,443,0,58063176,59997160,73283144,7920,47671864,,12899620,16690596,15726348,12746612,,17296668,12817788,13453804,16428900,,19794500,16264004,17077256,20147384,,1980,1980,1980,1980,,11499468,12247288,12089116,11835992
1663,1,550,24,0,444,0,57091228,60982696,74290812,7920,46697868,,12907252,16061480,15753552,12368944,,17276260,13461936,13426120,16818380,,19774156,16923892,17051500,20541264,,1980,1980,1980,1980,,11512604,11606636,12110508,11468120
1666,1,551,27,0,445,0,57061140,60995336,74303896,7920,46600024,,12911300,16423888,15508304,12217648,,17271616,13085796,13667664,16970260,,19769564,16548456,17292992,20692884,,1980,1980,1980,1980,,11514884,11936520,11842192,11306428
1669,1,552,26,0,446,0,57229692,60431068,73741292,7920,47201364,,12925912,16544332,15241508,12517940,,17271340,12999348,13500008,16660372,,19769316,16463192,17125732,20383052,,1980,1980,1980,1980,,11526784,12100808,11998988,11574784
1672,1,553,27,0,447,0,57220292,60399448,73710772,7920,47189684,,12931976,16333996,15307660,12646660,,17263068,13178000,13442008,16516372,,19761060,16642800,17067832,20239080,,1980,1980,1980,1980,,11531060,11881028,12064660,11712936
1675,1,554,27,0,448,0,56905308,60270720,73582432,7920,47287560,,12766288,16506132,14921248,12711640,,17414528,13010580,13387392,16458220,,19913608,16475516,17012340,20180968,,1980,1980,1980,1980,,11339116,12064388,12106136,11777920
1678,1,555,27,0,449,0,56672668,60485636,73796208,7920,47101024,,12874320,16576356,14502428,12719564,,17309620,12920828,13808560,16446628,,19808708,16386200,17431772,20169528,,1980,1980,1980,1980,,11457768,12133604,11723144,11786508
1681,1,556,25,0,450,0,56750344,60412432,73721580,7920,47092336,,12622532,16608728,14786932,12732152,,17557348,12901716,13520648,16432720,,20055500,16363432,17146980,20155668,,1980,1980,1980,1980,,11185000,12166072,11950244,11791020
1684,0,557,25,0,451,0,56638824,60111416,73426072,7920,47454728,,12809444,16216452,14840748,12772180,,17359668,12862956,13493756,16395036,,19857832,16330372,17118420,20119448,,1980,1980,1980,1980,,11384464,12201712,12037872,11830680
1687,0,558,27,0,452,0,56773352,59959772,73275640,7920,47591828,,12875932,16229520,14875852,12792048,,17288152,12842384,13444024,16385212,,19786320,16310976,17068052,20110292,,1980,1980,1980,1980,,11450632,12212680,12081520,11846996
1690,0,559,30,0,453,0,56829752,59909384,73226632,7920,47647244,,12902488,16253756,14873488,12800020,,17267484,12828604,13438352,16374944,,19765720,16298292,17062584,20100036,,1980,1980,1980,1980,,11473516,12229104,12090244,11854380
1693,0,560,30,0,454,0,57061632,60125456,73442528,7920,47445672,,12899992,16459536,14882828,12819276,,17273132,13044676,13455328,16352320,,19771404,16514168,17079868,20077088,,1980,1980,1980,1980,,11477420,11996656,12094756,11876840
1696,0,561,31,0,455,0,57493588,60102148,73424056,7920,47428412,,12930108,16613740,15099656,12850084,,17243016,12894896,13642956,16321280,,19742328,16365048,17270608,20046072,,1980,1980,1980,1980,,11502732,12159328,11860804,11905548
1699,0,562,31,0,456,0,57558456,60480312,73802836,7920,47103876,,12864360,16675152,15384160,12634784,,17349260,12808888,13799988,16522176,,19848500,16279184,17427536,20247616,,1980,1980,1980,1980,,11506740,12220120,11712384,11664632
1702,0,563,29,0,457,0,57901164,60156772,73479936,7920,47458592,,12877008,16691748,15578596,12753812,,17334692,12817424,13591024,16413632,,19833896,16288028,17218928,20139084,,1980,1980,1980,1980,,11516616,12237236,11904196,11800544
1705,0,564,29,0,458,0,57914220,60128152,73451968,7920,47460524,,12899616,16733824,15670804,12609976,,17315844,12771940,13491868,16548500,,19815064,16243316,17119904,20273684,,1980,1980,1980,1980,,11541324,12281712,12007620,11629868
1708,0,565,30,0,459,0,57692676,59906984,73228736,7920,47680784,,12905700,16751312,15263012,12772652,,17307808,12731868,13471324,16395984,,19807032,16203616,17096892,20121196,,1980,1980,1980,1980,,11544936,12292448,12039884,11803516
1711,0,566,30,0,460,0,57726788,59899172,73221712,7920,47773904,,12920420,16763316,15265328,12777724,,17287464,12741344,13448668,16421696,,19786716,16213540,17074576,20146880,,1980,1980,1980,1980,,11553984,12305368,12042520,11872032
1714,0,567,30,0,461,0,57338176,59850424,73171084,7920,47834360,,12918660,16786888,15266232,12366396,,17290592,12717668,13454592,16387572,,19789848,16190156,17080988,20110092,,1980,1980,1980,1980,,11558596,12330572,12049104,11896088
1717,0,568,30,0,462,0,57009196,60603908,73927132,7920,47039540,,12738336,16811512,15077840,12381508,,17455840,12688212,14081116,16378740,,19956632,16161148,17708268,20101084,,1980,1980,1980,1980,,11353964,12353456,11419600,11912520
1720,0,569,28,0,463,0,57097496,60514164,73837308,7920,47139436,,12869684,16399564,15437860,12390388,,17326624,13098752,13711624,16377164,,19827436,16571364,17338980,20099528,,1980,1980,1980,1980,,11494984,11974404,11749460,11920588
1723,0,570,27,0,464,0,57220172,60356680,73675964,7920,47182212,,12916272,16307020,15593964,12402916,,17262556,13171296,13554008,16368820,,19763380,16643984,17182048,20086552,,1980,1980,1980,1980,,11541216,11799320,11913292,11928384
1726,0,571,28,0,465,0,57337364,60626776,73947988,7920,46829140,,12927900,16613940,15426604,12368920,,17254388,12850908,13697504,16823976,,19755248,16324264,17324692,20543784,,1980,1980,1980,1980,,11555848,12125948,11717428,11429916
1729,1,572,27,0,466,0,57798940,60259040,73583692,7920,47367868,,12948120,16694816,15567008,12588996,,17254316,12814128,13578080,16612516,,19756984,16288888,17205768,20332052,,1980,1980,1980,1980,,11573392,12267492,11864352,11662632
1732,1,573,28,0,467,0,58076668,59935644,73261984,7920,47651328,,12966928,16744116,15649944,12715680,,17238972,12753776,13474544,16468352,,19741684,16228660,17103744,20187896,,1980,1980,1980,1980,,11591156,12324972,11946388,11788812
1735,1,574,28,0,468,0,56544560,61019012,74340712,7920,46499204,,12713836,16028848,15657500,12144376,,17479120,13043772,13475800,17020320,,19980692,16516628,17105176,20738216,,1980,1980,1980,1980,,11315012,12017804,11952508,11213880
1738,1,575,24,0,469,0,57480008,60494180,73816440,7920,46967212,,12891884,16426244,15666636,12495244,,17295040,13056288,13467200,16675652,,19796620,16529172,17097076,20393572,,1980,1980,1980,1980,,11511300,11959476,11965624,11530812
1741,1,576,26,0,470,0,57907508,60071268,73401860,7920,47405140,,12982852,16604420,15678836,12641400,,17204588,12889356,13456384,16520940,,19708984,16362436,17086748,20243692,,1980,1980,1980,1980,,11590036,12146944,11981464,11686696
1745,0,577,27,0,471,0,57777580,60214980,73545916,7920,47313952,,13008692,16698948,15613424,12456516,,17177272,12780980,13561656,16695072,,19681760,16254284,17192312,20417560,,1980,1980,1980,1980,,11615936,12231920,11995060,11471036
1748,0,578,25,0,472,0,57813416,60189120,73518024,7920,47343148,,12858368,16722944,15622760,12609344,,17319056,12763332,13559948,16546784,,19822772,16235204,17190748,20269300,,1980,1980,1980,1980,,11441216,12263968,12005532,11632432
1751,0,579,25,0,473,0,58024124,59983372,73310528,7920,47561792,,12967080,16739244,15634208,12683592,,17213160,12761336,13538512,16470364,,19716884,16231724,17168992,20192928,,1980,1980,1980,1980,,11563712,12276688,12011432,11709960
1754,0,580,26,0,474,0,58103864,59913612,73241400,7920,47628376,,13014788,16737220,15663488,12688368,,17152844,12771764,13514508,16474496,,19656584,16242392,17145336,20197088,,1980,1980,1980,1980,,11608024,12277108,12028216,11715028
1757,0,581,27,0,475,0,57076276,60480936,73809488,7920,47012252,,13029880,16083168,15267724,12695504,,17149176,12966776,13912028,16452956,,19652928,16437528,17543340,20175692,,1980,1980,1980,1980,,11622164,12022228,11648060,11719800
1760,0,582,26,0,476,0,57484520,60127184,73458468,7920,47445592,,13008752,16220344,15544120,12711304,,17196396,12844400,13645500,16440888,,19700916,16315304,17278612,20163636,,1980,1980,1980,1980,,11648316,12179636,11887592,11730048
1763,0,583,25,0,477,0,57106944,60466320,73796764,7920,47055852,,12486768,16287428,15629912,12702836,,17713208,12767088,13554524,16431500,,20216360,16238184,17187960,20154260,,1980,1980,1980,1980,,11085856,12246240,11985288,11738468
1766,0,584,25,0,478,0,57453700,60104456,73440148,7920,47393328,,12780876,16297772,15664236,12710816,,17402048,12765244,13504168,16432996,,19905208,16241312,17137864,20155764,,1980,1980,1980,1980,,11369776,12261628,12016636,11745288
1769,0,585,26,0,479,0,57811268,60171260,73510508,7920,47316364,,12914404,16492520,15690456,12713888,,17275008,12989540,13481592,16425120,,19778184,16465500,17118928,20147896,,1980,1980,1980,1980,,11524504,12003060,12042224,11746576
1772,0,586,27,0,480,0,57595780,60014660,73350696,7920,47588548,,12998460,16652132,15696976,12248212,,17177316,12828120,13487044,16522180,,19680532,16304152,17124932,20241080,,1980,1980,1980,1980,,11598384,12171912,12052664,11765588
1775,0,587,28,0,481,0,57059832,60087756,73420836,7920,47458592,,12993904,16724784,15511132,11830012,,17186216,12743704,13646448,16511388,,19689448,16220360,17283576,20227452,,1980,1980,1980,1980,,11598736,12238824,11850364,11770668
1778,0,588,27,0,482,0,57217424,59946988,73284148,7920,47634556,,13001788,16737164,15635564,11842908,,17178920,12737652,13535536,16494880,,19682164,16214344,17172784,20214856,,1980,1980,1980,1980,,11605456,12254524,11989824,11784752
1781,0,589,27,0,483,0,56583420,60125020,73458148,7920,47393084,,12740232,16743172,15246612,11853404,,17444720,12715152,13477348,16487800,,19947832,16192164,17114620,20203532,,1980,1980,1980,1980,,11315628,12259280,12023808,11794368
1784,0,590,26,0,484,0,57021572,60105132,73437684,7920,47391136,,12935796,16544720,15265692,12275364,,17248284,12919072,13451520,16486256,,19751408,16395308,17089116,20201852,,1980,1980,1980,1980,,11512152,12039600,12038760,11800624
1787,0,591,26,0,485,0,57373832,60191900,73532172,7920,47294252,,13000460,16679148,15271396,12422828,,17178168,12796576,13466844,16750312,,19681284,16273812,17104524,20472552,,1980,1980,1980,1980,,11576192,12182548,12042996,11492516
1789,1,592,26,0,486,0,57618224,60353032,73695432,7920,47165112,,13008388,16623584,15373488,12612764,,17160652,12854368,13782536,16555476,,19663788,16332832,17420764,20278048,,1980,1980,1980,1980,,11589468,12214292,11683468,11677884
1792,1,593,26,0,487,0,57711012,60299100,73642812,7920,47248732,,13015444,16636056,15617196,12442316,,17157124,12871432,13528288,16742256,,19660248,16351508,17166768,20464288,,1980,1980,1980,1980,,11595624,12229556,11927644,11495908
1795,1,594,24,0,488,0,57223188,60343860,73686048,7920,47189484,,12733520,16213672,15692276,12583720,,17440548,12838000,13458852,16606460,,19942332,16317744,17097456,20328516,,1980,1980,1980,1980,,11282384,12244664,12012976,11649460
1799,0,595,23,0,489,0,57471356,60506588,73849544,7920,46958088,,12674436,16407004,15731872,12658044,,17496020,13076180,13415236,16519152,,19997064,16557056,17054208,20241216,,1980,1980,1980,1980,,11216264,11970624,12050024,11721176
1802,0,596,23,0,490,0,57063500,60917980,74262236,7920,46586064,,12858184,16193376,15743560,12268380,,17309864,13293324,13405400,16909392,,19810964,16774144,17044868,20632260,,1980,1980,1980,1980,,11402028,11770904,12064884,11348248
1805,0,597,23,0,491,0,57698160,60319000,73664472,7920,47169376,,12938980,16510864,15695440,12552876,,17211712,12968956,13489612,16648720,,19712852,16450428,17129564,20371628,,1980,1980,1980,1980,,11482708,12036316,12069620,11580732
1808,0,598,24,0,492,0,57939076,60088080,73433988,7920,47426092,,12955524,16647448,15709824,12626280,,17210356,12841780,13471324,16564620,,19711556,16323440,17111440,20287552,,1980,1980,1980,1980,,11500060,12181132,12082096,11662804
1811,0,599,24,0,493,0,57635824,59927956,73274460,7920,47547376,,12969552,16703664,15302536,12660072,,17199088,12774608,13441740,16512520,,19700348,16256704,17081928,20235480,,1980,1980,1980,1980,,11514632,12236560,12096608,11699576
1814,0,600,25,0,494,0,57671648,59885732,73232004,7920,47587988,,12973100,16724784,15311112,12662652,,17192576,12752784,13423408,16516964,,19693848,16236396,17061712,20240048,,1980,1980,1980,1980,,11520552,12257516,12101472,11708448
1817,0,601,27,0,495,0,57454640,60082212,73431576,7920,47356192,,12980528,16733084,15078212,12662816,,17180268,12747864,13650584,16503496,,19681588,16232284,17291104,20226600,,1980,1980,1980,1980,,11529176,12266120,11850364,11710532
1820,0,602,26,0,496,0,57533452,60501428,73846348,7920,47151608,,12888384,16755016,15214852,12675200,,17320580,12730064,13955856,16494928,,19821716,16214428,17592024,20218180,,1980,1980,1980,1980,,11533092,12288924,11607016,11722576
1823,0,603,25,0,497,0,57192816,60816372,74160348,7920,46702400,,12581080,16769404,15152572,12689760,,17624040,12708860,14004484,16478988,,20123740,16191428,17644632,20200548,,1980,1980,1980,1980,,11197536,12301552,11469960,11733352
1826,0,604,24,0,498,0,57423788,60585568,73931336,7920,46928108,,12796244,16466036,15457800,12703708,,17405640,13014604,13691608,16473716,,19907396,16496612,17332044,20195284,,1980,1980,1980,1980,,11412688,11981956,11789672,11743792
1829,0,605,23,0,499,0,56775396,60805884,74146592,7920,46681904,,12863212,16257028,15233280,12421876,,17319956,12801812,13919284,16764832,,19821728,16282584,17558796,20483484,,1980,1980,1980,1980,,11493888,12202752,11543532,11441732
1832,0,606,21,0,500,0,57261976,60343220,73684284,7920,47225344,,12895304,16331796,15506156,12528720,,17306688,12713652,13635192,16687688,,19808496,16194328,17275220,20406240,,1980,1980,1980,1980,,11518468,12279680,11806344,11620852
1835,0,607,21,0,501,0,57888116,60104512,73444800,7920,47439584,,12893652,16814896,15569756,12609812,,17302432,12642328,13560696,16599056,,19804248,16121584,17201328,20317640,,1980,1980,1980,1980,,11518680,12334044,11892612,11694248
1838,0,608,21,0,502,0,57940692,60048372,73389136,7920,47498396,,12906188,16812196,15594284,12628024,,17289368,12652688,13528108,16578208,,19791192,16132184,17168944,20296816,,1980,1980,1980,1980,,11530736,12334760,11922880,11710020
1841,0,609,21,0,503,0,57396636,60597556,73939512,7920,46946036,,12913596,16651696,15186068,12645276,,17270872,12816548,13947580,16562556,,19772708,16297112,17588520,20281172,,1980,1980,1980,1980,,11543220,12142120,11535828,11724868
1844,0,610,20,0,504,0,57822108,60172672,73514000,7920,47297728,,12925192,16769340,15479792,12647784,,17255256,12712212,13649476,16555728,,19757112,16193084,17289444,20274360,,1980,1980,1980,1980,,11553480,12272432,11745132,11726684
1847,0,611,21,0,505,0,58034076,59970184,73313764,7920,47461436,,12936180,16868844,15572692,12656360,,17253788,12584280,13576016,16556100,,19756512,16065988,17216520,20274744,,1980,1980,1980,1980,,11555820,12321764,11852700,11731152
1850,0,612,23,0,506,0,57648312,59935092,73285544,7920,47545756,,12957060,16394616,15621960,12674676,,17229900,12663196,13506340,16535656,,19733916,16150096,17147228,20254304,,1980,1980,1980,1980,,11574872,12341320,11894288,11735276
1853,0,613,23,0,507,0,57457388,60103016,73453332,7920,47329732,,12748696,16400612,15649128,12658952,,17434936,12657272,13468060,16542748,,19938160,16144416,17109224,20261532,,1980,1980,1980,1980,,11341672,12349772,11900748,11737540
1856,0,614,25,0,508,0,57469472,60106032,73460160,7920,47390428,,12886184,16251424,15671192,12660672,,17289448,12801028,13466272,16549284,,19793532,16289664,17108884,20268080,,1980,1980,1980,1980,,11491504,12235520,11921680,11741724
1859,0,615,25,0,509,0,57154712,60439784,73794860,7920,47060100,,12951452,15851408,15689544,12662308,,17230900,13197180,13456392,16555312,,19734992,16686248,17099496,20274124,,1980,1980,1980,1980,,11554280,11822220,11939808,11743792
1862,0,616,23,0,510,0,57680960,60327092,73682228,7920,47072744,,12967892,16332476,15704068,12676524,,17215044,13148176,13430860,16533012,,19719188,16636748,17074448,20251844,,1980,1980,1980,1980,,11572608,11806924,11945132,11748080
1865,0,617,23,0,511,0,57016836,60564804,73918924,7920,46937188,,12972040,16136640,15649580,12258576,,17210004,12901660,13511184,16941956,,19714160,16389344,17155032,20660388,,1980,1980,1980,1980,,11580888,12036000,11955240,11365060
1868,0,618,22,0,512,0,57024324,60137472,73495356,7920,47324176,,12987416,16267844,15668452,12100612,,17192392,12782328,13488596,16674156,,19696564,16270376,17132504,20395912,,1980,1980,1980,1980,,11595688,12174304,11973936,11580248
1871,0,619,23,0,513,0,57639356,59925708,73283164,7920,47520648,,13004328,16763924,15676772,12194332,,17169040,12683996,13480324,16592348,,19673220,16171492,17124400,20314052,,1980,1980,1980,1980,,11614200,12235720,11986700,11684028
1874,0,620,22,0,514,0,57949880,60035668,73395612,7920,47386352,,13007272,16764472,15693128,12485008,,17164280,12689744,13476108,16705536,,19668464,16178104,17120504,20428540,,1980,1980,1980,1980,,11618352,12239136,12003512,11525352
1877,0,621,22,0,515,0,57870064,60150596,73512864,7920,47288820,,13024972,16555920,15705624,12583548,,17157284,12912492,13463156,16617664,,19662656,16401760,17107760,20340688,,1980,1980,1980,1980,,11631212,12003112,12024320,11630176
1880,0,622,22,0,516,0,57799900,60204016,73566668,7920,47257896,,12778592,16689508,15710876,12620924,,17424236,12769676,13449288,16560816,,19929060,16259236,17094508,20283864,,1980,1980,1980,1980,,11417336,12145596,12027960,11667004
1883,0,623,21,0,517,0,57684188,60310564,73674464,7920,47139408,,12599084,16749460,15709128,12626516,,17613584,12708832,13439368,16548780,,20118348,16198460,17084856,20272800,,1980,1980,1980,1980,,11219988,12207640,12033724,11678056
1886,1,624,23,0,518,0,57668660,60320368,73684024,7920,47104160,,12829900,16484476,15713736,12640548,,17359380,12978688,13438668,16543632,,19864156,16467844,17084236,20267788,,1980,1980,1980,1980,,11462000,11917236,12038836,11686088
1889,1,625,23,0,519,0,57790168,60201996,73566744,7920,47219920,,12943568,16673848,15533868,12638884,,17245808,12785440,13616248,16554500,,19750604,16274956,17262512,20278672,,1980,1980,1980,1980,,11581420,12103320,11836864,11698316
1892,1,626,22,0,520,0,57963828,60016556,73383144,7920,47444100,,12975396,16733804,15643556,12611072,,17218776,12707576,13518924,16571280,,19723616,16197248,17165556,20296724,,1980,1980,1980,1980,,11602640,12172740,11959456,11709264
1895,1,627,23,0,521,0,58061576,59909020,73276540,7920,47530992,,12984944,16769256,15676244,12631132,,17211244,12670844,13462916,16564016,,19716088,16160992,17109980,20289480,,1980,1980,1980,1980,,11608924,12202904,11993380,11725784
1898,1,628,23,0,522,0,57679176,60296636,73664612,7920,47190568,,12996044,16760512,15287652,12634968,,17175608,12687404,13877856,16555768,,19680464,16177888,17525012,20281248,,1980,1980,1980,1980,,11621268,12205576,11634216,11729508
1901,1,629,24,0,523,0,57996332,59962740,73332060,7920,47434360,,12998588,16764600,15581668,12651476,,17169840,12679416,13565476,16548008,,19674704,16170236,17213608,20273512,,1980,1980,1980,1980,,11625428,12210240,11856892,11741800
1904,1,630,24,0,524,0,58110796,59866928,73236716,7920,47562676,,13008200,16764192,15669388,12669016,,17170488,12683608,13487420,16525412,,19675368,16174644,17135760,20250944,,1980,1980,1980,1980,,11636024,12212664,11953296,11760692
1907,1,631,25,0,525,0,57413868,60603464,73971268,7920,46944472,,13022480,16403252,15313260,12674876,,17160116,13095164,13826556,16521628,,19666144,16586740,17471084,20247300,,1980,1980,1980,1980,,11646848,11918032,11614380,11765212
1910,1,632,25,0,526,0,57123744,60915352,74294640,7920,46634776,,12255380,16583096,15596936,12688332,,17934616,12923976,13550940,16505820,,20447484,16415784,17199860,20231512,,1980,1980,1980,1980,,10898328,12100952,11852264,11783232
1913,1,633,25,0,527,0,57751356,60258776,73638420,7920,47224200,,12728916,16651892,15668176,12702372,,17452876,12843864,13479132,16482904,,19965812,16335712,17128288,20208608,,1980,1980,1980,1980,,11314488,12178964,11933156,11797592
1916,1,634,25,0,528,0,57975800,60037544,73417772,7920,47457128,,12897744,16672004,15684424,12721628,,17293424,12812184,13456156,16475780,,19806384,16304292,17105600,20201496,,1980,1980,1980,1980,,11495108,12201740,11952072,11808208
1920,0,635,25,0,529,0,58103864,59857248,73238344,7920,47601748,,13008400,16676360,15705232,12713872,,17138912,12813264,13421964,16483108,,19651864,16305676,17071968,20208836,,1980,1980,1980,1980,,11603900,12210456,11975260,11812132
1922,1,636,25,0,530,0,58128072,59867180,73248808,7920,47619524,,13015400,16680504,15710296,12721872,,17169220,12804212,13428372,16465376,,19682248,16296784,17078636,20191140,,1980,1980,1980,1980,,11608332,12214924,11981776,11814492
1925,1,637,25,0,531,0,58135776,59886732,73269196,7920,47652696,,13031504,16699668,15662252,12742352,,17153636,12790040,13495328,16447728,,19666692,16282956,17145952,20173596,,1980,1980,1980,1980,,11623712,12217628,11986040,11825316
1928,1,638,25,0,532,0,58195128,59799876,73185956,7920,47711192,,13057092,16702616,15688636,12746784,,17132512,12774056,13457844,16435464,,19645576,16267404,17111640,20161336,,1980,1980,1980,1980,,11647436,12226256,12008080,11829420
1931,1,639,27,0,533,0,57653564,60376048,73757920,7920,47118272,,12783896,16716320,15401016,12752332,,17403252,12779596,13749628,16443572,,19915188,16273284,17403612,20165836,,1980,1980,1980,1980,,11356496,12237416,11690712,11833648
1934,1,640,26,0,534,0,57620392,59962792,73346528,7920,47540376,,12958888,16721204,15595952,12344348,,17212272,12771068,13560928,16418524,,19724212,16263816,17215224,20143276,,1980,1980,1980,1980,,11542456,12244344,11895568,11858008
1938,0,641,28,0,535,0,56571664,60105752,73488212,7920,47334480,,13049060,16363940,15666036,11492628,,17121032,13105516,13468464,16410740,,19633004,16599004,17123016,20133188,,1980,1980,1980,1980,,11623212,11868384,11977088,11865796
1941,0,642,27,0,536,0,56849196,60767324,74148100,7920,46855808,,13013476,16607728,15695792,11532200,,17189300,12879048,13444388,17254588,,19701148,16373160,17099380,20974412,,1980,1980,1980,1980,,11659740,12113020,11996408,11086640
1944,0,643,25,0,537,0,57178272,60399472,73778628,7920,47097584,,13012104,16433840,15708664,12023664,,17185296,13040924,13429472,16743780,,19697148,16531096,17084748,20465636,,1980,1980,1980,1980,,11660140,11921468,12009236,11506740
1947,0,644,25,0,538,0,57614360,60412880,73792908,7920,47093240,,13034620,16593836,15720744,12265160,,17158704,12888912,13436952,16928312,,19670924,16379472,17092304,20650208,,1980,1980,1980,1980,,11678956,12096244,12021740,11296300
1950,0,645,24,0,539,0,57230988,60344148,73727292,7920,47175980,,12765708,16651608,15739000,12074672,,17434272,12810692,13400808,16698376,,19946428,16301568,17056680,20422616,,1980,1980,1980,1980,,11380844,12156932,12042756,11595448
1953,1,646,24,0,540,0,57560360,60025028,73410364,7920,47513460,,12964484,16673996,15746012,12175868,,17230000,12792408,13402768,16599852,,19742188,16283640,17058940,20325596,,1980,1980,1980,1980,,11587324,12168864,12052040,11705232
1956,1,647,25,0,541,0,57712180,59854196,73240492,7920,47648404,,13048712,16693200,15748108,12222160,,17132224,12777088,13403544,16541340,,19644416,16268640,17060304,20267132,,1980,1980,1980,1980,,11668892,12181504,12058544,11739464
1960,0,648,27,0,542,0,57944216,60070088,73458900,7920,47415796,,13073816,16713452,15769224,12387724,,17105144,12764688,13387892,16812364,,19619148,16256576,17044808,20538368,,1980,1980,1980,1980,,11694272,12194364,12079080,11448080
1963,0,649,26,0,543,0,57751136,60268024,73656820,7920,47234888,,12682076,16715980,15782788,12570292,,17508456,12745544,13373840,16640184,,20021384,16237588,17031072,20366776,,1980,1980,1980,1980,,11321324,12194576,12081988,11637000
1966,0,650,26,0,544,0,58111556,59886876,73276708,7920,47563716,,12973496,16710520,15783884,12643656,,17227060,12753056,13356408,16550352,,19739992,16245976,17013784,20276956,,1980,1980,1980,1980,,11569804,12203280,12084788,11705844
1969,0,651,26,0,545,0,58259456,59750984,73142884,7920,47744816,,13076852,16687020,15820976,12674608,,17115172,12799356,13313028,16523428,,19628128,16292512,16970768,20251476,,1980,1980,1980,1980,,11682060,12210248,12123636,11728872
1972,0,652,29,0,546,0,58064040,59945056,73342560,7920,47534980,,13106300,16420924,15832860,12703956,,17076332,13068360,13301036,16499328,,19589348,16564908,16959228,20229076,,1980,1980,1980,1980,,11712544,11928612,12133996,11759828
1975,0,653,29,0,547,0,58240012,59755212,73153292,7920,47730076,,13111248,16586532,15840164,12702068,,17072088,12890644,13301492,16490988,,19585136,16387432,16959832,20220892,,1980,1980,1980,1980,,11717000,12102604,12142512,11767960
1978,0,654,29,0,548,0,57928472,60056904,73455960,7920,47457992,,12706388,16663828,15842772,12715484,,17472044,12802392,13305004,16477464,,19985060,16299476,16963984,20207440,,1980,1980,1980,1980,,11355724,12174436,12145472,11782360
1981,0,655,27,0,549,0,57321448,60674588,74071296,7920,46729800,,12602056,16675672,15313072,12730648,,17570768,12800956,13835560,16467304,,20081300,16298592,17494076,20197328,,1980,1980,1980,1980,,11165052,12186632,11570852,11807264
1984,1,656,29,0,550,0,57684332,60308780,73708828,7920,47120728,,12932200,16692932,15295112,12764088,,17235316,12789700,13855580,16428184,,19748044,16289052,17513504,20158228,,1980,1980,1980,1980,,11500244,12197772,11590300,11832412
1987,1,657,29,0,551,0,58059068,59944000,73344648,7920,47518624,,13053864,16711964,15515860,12777380,,17102876,12775544,13648120,16417460,,19615600,16275172,17306312,20147564,,1980,1980,1980,1980,,11626000,12218132,11825564,11848928
1990,1,658,29,0,552,0,58271204,59705324,73106524,7920,47726288,,13114792,16711972,15658828,12785612,,17041744,12752748,13494680,16416152,,19554532,16252712,17153008,20146272,,1980,1980,1980,1980,,11679420,12222524,11967404,11856940
1994,0,659,29,0,553,0,58377176,59584728,72988744,7920,47834148,,13128872,16727420,15697280,12823604,,17028664,12745132,13443728,16367204,,19543552,16245428,17102376,20097388,,1980,1980,1980,1980,,11689700,12239512,12010592,11894344
1997,0,660,29,0,554,0,58440692,59542800,72946992,7920,47875780,,13154460,16750920,15701036,12834276,,17010616,12729124,13452288,16350772,,19525584,16229228,17111196,20080984,,1980,1980,1980,1980,,11702664,12258084,12015064,11899968
1999,1,661,29,0,555,0,57759908,59832756,73239704,7920,47697144,,12864844,16329540,15724544,12840980,,17350080,12710708,13428688,16343280,,19864836,16213276,17088076,20073516,,1980,1980,1980,1980,,11485044,12269612,12035992,11906496
2002,1,662,29,0,556,0,57627108,59955292,73363904,7920,47566648,,12987664,16461340,15733500,12444604,,17214280,13007808,13422524,16310680,,19729048,16510200,17082180,20042476,,1980,1980,1980,1980,,11621068,11953488,12044532,11947560
2006,0,663,29,0,557,0,57918528,59634472,73041024,7920,47835264,,13039412,16664428,15760364,12454324,,17149548,12804352,13383972,16296600,,19664324,16306856,17043752,20026092,,1980,1980,1980,1980,,11675324,12162808,12044952,11952180
2009,0,664,28,0,558,0,56894268,59777444,73181064,7920,47650672,,12774108,16314124,15347052,12458984,,17418612,12736264,13350156,16272412,,19931992,16230336,17013004,20005732,,1980,1980,1980,1980,,11385076,12234004,12061200,11970392
2012,0,665,31,0,559,0,57136876,60000176,73403348,7920,47501556,,12961228,16353392,15360724,12461532,,17224720,12687404,13357236,16730816,,19738120,16181544,17019780,20463904,,1980,1980,1980,1980,,11573996,12267528,12074344,11585688
2014,1,666,30,0,560,0,56579332,60125628,73526864,7920,47287476,,13020556,16373704,15378336,11806736,,17173472,12666148,13333316,16952692,,19686884,16158664,16996940,20684376,,1980,1980,1980,1980,,11641860,12282132,12091316,11272168
2018,0,667,28,0,561,0,57318776,60235076,73633236,7920,47226712,,13048452,16801740,15384284,12084300,,17151472,12650372,13324908,17108324,,19664880,16138752,16990672,20838932,,1980,1980,1980,1980,,11669788,12288276,12101212,11167436
2021,0,668,29,0,562,0,56811624,60726980,74125044,7920,46743172,,13058748,16789748,15111552,11851576,,17144008,12652416,13600972,17329584,,19657344,16141180,17267376,21059144,,1980,1980,1980,1980,,11684524,12293140,11800808,10964700
2024,0,669,27,0,563,0,56897316,60579048,73987416,7920,46775224,,12887856,16535304,15302888,12171268,,17310792,12907660,13389568,16971028,,19822780,16407092,17056248,20701296,,1980,1980,1980,1980,,11487624,12037896,12006828,11242876
2027,0,670,25,0,564,0,56820036,60683564,74092636,7920,46593620,,12594888,16556128,15373740,12295280,,17593852,12883248,13341916,16864548,,20105388,16382348,17008860,20596040,,1980,1980,1980,1980,,11213536,11930672,12075332,11374080
2030,1,671,26,0,565,0,57297124,60655528,74067112,7920,46608660,,12917896,16673892,15604360,12100976,,17252076,12803776,13543064,17056612,,19763672,16307288,17209424,20786728,,1980,1980,1980,1980,,11492364,12122072,11842840,11151384
2033,1,672,25,0,566,0,57760964,60169428,73583636,7920,47105628,,12982400,16774684,15750456,12253424,,17202236,12688296,13375768,16903128,,19713836,16193044,17043492,20633264,,1980,1980,1980,1980,,11574052,12218852,12001572,11311152
2037,0,673,27,0,567,0,57970000,59940408,73355156,7920,47309692,,13017972,16798680,15825256,12328092,,17157224,12670516,13293228,16819440,,19668848,16175496,16961052,20549760,,1980,1980,1980,1980,,11612324,12244920,12073396,11379052
2040,0,674,28,0,568,0,57605860,60284540,73704532,7920,47007184,,12590220,16822076,15857972,12335592,,17574208,12639292,13252804,16818236,,20085828,16147852,16921224,20549628,,1980,1980,1980,1980,,11223624,12264620,12113096,11405844
2042,1,675,30,0,569,0,57707032,60214592,73634580,7920,47011500,,12886640,16833872,15632452,12354068,,17284312,12626768,13488648,16814864,,19795012,16135544,17157580,20546444,,1980,1980,1980,1980,,11452128,12276396,11864668,11418308
2046,0,676,30,0,570,0,57917724,60036456,73457252,7920,47285872,,12965948,16858472,15727076,12366228,,17210260,12607276,13417056,16801864,,19721000,16116424,17086336,20533492,,1980,1980,1980,1980,,11544120,12291504,12023716,11426532
2049,0,677,30,0,571,0,58074976,59826396,73249504,7920,47432176,,12999924,16876632,15804664,12393756,,17148628,12586248,13321052,16770468,,19659416,16095816,16990488,20503784,,1980,1980,1980,1980,,11577996,12306000,12094252,11453928
2052,0,678,31,0,572,0,58130892,59804888,73229708,7920,47490460,,13004236,16891656,15836092,12398908,,17158728,12579220,13302412,16764528,,19670300,16089268,16972272,20497868,,1980,1980,1980,1980,,11582028,12323552,12122932,11461948
2055,0,679,32,0,573,0,57040436,59996000,73417808,7920,47240884,,13017216,16165444,15433408,12424368,,17149608,12865036,13257708,16723648,,19661684,16374080,16924668,20457376,,1980,1980,1980,1980,,11598900,12009828,12148372,11483784
2058,0,680,32,0,574,0,56898724,60153520,73575804,7920,47078472,,13031928,16352644,15426480,12087672,,17137292,12690892,13269008,17056328,,19649424,16199956,16936312,20790112,,1980,1980,1980,1980,,11605108,12197984,12153092,11122288
2061,0,681,31,0,575,0,56483240,60173156,73592568,7920,47130632,,12662836,16453696,15028280,12338428,,17522592,12586192,13253992,16810380,,20033460,16095532,16919260,20544316,,1980,1980,1980,1980,,11277912,12298440,12173656,11380624
2064,0,682,30,0,576,0,56484196,60177416,73597620,7920,47116368,,12540088,16463336,15055760,12425012,,17663620,12565424,13227784,16720588,,20174292,16074996,16893788,20454544,,1980,1980,1980,1980,,11143864,12320492,12185528,11466484
2067,0,683,31,0,577,0,56945984,60137104,73559640,7920,47121672,,12793456,16630924,15068772,12452832,,17388636,12844004,13213556,16690908,,19899360,16355688,16879712,20424880,,1980,1980,1980,1980,,11401608,12030368,12195736,11493960
2070,0,684,31,0,578,0,56968800,60538032,73964676,7920,46822528,,12901364,16796896,14854860,12415680,,17267064,12663256,13856772,16750940,,19777808,16175284,17526660,20484924,,1980,1980,1980,1980,,11521148,12203560,11575092,11522728
2073,1,685,31,0,579,0,57480088,60047232,73476604,7920,47269440,,12946232,16884164,15253036,12396656,,17233140,12582048,13448100,16783944,,19745140,16094472,17119252,20517740,,1980,1980,1980,1980,,11561588,12285660,11898488,11523704
2076,1,686,31,0,580,0,57766556,60189312,73617844,7920,47134568,,12960132,16907164,15481948,12417312,,17217136,12543572,13649692,16778912,,19729192,16056036,17319884,20512732,,1980,1980,1980,1980,,11575600,12304780,11712292,11541896
2079,1,687,30,0,581,0,57210564,60313852,73735300,7920,47046772,,12975600,16922560,15737520,11574884,,17196308,12527624,13389504,17200416,,19708408,16038612,17060044,20928236,,1980,1980,1980,1980,,11590212,12320528,11953376,11182656
2082,1,688,30,0,582,0,57079468,60450472,73869592,7920,46903832,,12988764,16686684,15827552,11576468,,17190012,12771764,13284928,17203768,,19702136,16280060,16955800,20931596,,1980,1980,1980,1980,,11600456,12059148,12059432,11184796
2085,1,689,30,0,583,0,56869528,60643028,74068540,7920,46737452,,13017536,16833120,15429332,11589540,,17174228,12608608,13680596,17179596,,19686380,16123068,17351656,20907436,,1980,1980,1980,1980,,11619292,12225676,11695548,11196936
2088,1,690,30,0,584,0,57338096,60614976,74040792,7920,46744020,,13023576,16855928,15670416,11788176,,17164384,12596208,13436256,17418128,,19676540,16110672,17106216,21147364,,1980,1980,1980,1980,,11633944,12298068,11870168,10941840
2091,1,691,29,0,585,0,57649408,60317652,73746028,7920,47065300,,13036356,16887764,15793512,11931776,,17153784,12571988,13326380,17265500,,19667636,16086668,16996844,20994880,,1980,1980,1980,1980,,11649572,12325512,11994336,11095880
2095,0,692,30,0,586,0,57549116,60404044,73831740,7920,46931236,,13060436,16897896,15597140,11993644,,17139420,12562152,13502336,17200136,,19653304,16077112,17171788,20929536,,1980,1980,1980,1980,,11673052,12341552,11762328,11154304
2098,0,693,28,0,587,0,57351516,60602628,74033608,7920,46688784,,12907844,16924652,15737572,11781448,,17283692,12533976,13365064,17419896,,19796564,16049296,17034848,21152900,,1980,1980,1980,1980,,11498388,12352508,11922768,10915120
2101,0,694,28,0,588,0,57661320,60241436,73673984,7920,47026596,,13017000,16924308,15802884,11917128,,17148072,12523024,13305064,17265276,,19660964,16038548,16975188,20999284,,1980,1980,1980,1980,,11612852,12363584,11980092,11070068
2104,0,695,31,0,589,0,57791036,60119496,73609560,7920,47238728,,13056260,16962008,15788680,11984088,,17104396,12480944,13360748,17173408,,19617312,16000140,17084676,20907432,,1980,1980,1980,1980,,11652044,12391284,12059324,11136076
2107,0,696,32,0,590,0,57377428,60586780,74140900,7920,46770616,,13071400,16760156,15857312,11688560,,17094072,12708556,13294084,17490068,,19608084,16226968,17081468,21224380,,1980,1980,1980,1980,,11669160,12162824,12126556,10812076
2110,0,697,33,0,591,0,56533736,60989020,74545620,7920,46397296,,12665208,16894816,15874916,11098796,,17495160,12572032,13269072,17652756,,20010876,16090752,17057936,21386056,,1980,1980,1980,1980,,11304080,12309232,12140068,10643916
2113,1,698,31,0,592,0,56209188,60860044,74417996,7920,46400912,,12961056,16524812,15332676,11390644,,17221364,12500500,13791536,17346644,,19737020,16018764,17582264,21079948,,1980,1980,1980,1980,,11533828,12379572,11553340,10934172
2116,1,699,29,0,593,0,56772904,60278324,73837344,7920,46966912,,13064368,16552112,15659964,11496460,,17107052,12466240,13452172,17252860,,19622784,15985180,17243192,20986188,,1980,1980,1980,1980,,11639600,12406956,11868820,11051536
2119,1,700,28,0,594,0,56863288,60648852,74208292,7920,46661436,,12804888,16562340,15794464,11701596,,17403048,12451056,13331600,17463148,,19918512,15970192,17123092,21196496,,1980,1980,1980,1980,,11438104,12413640,12006372,10803320
2123,0,701,25,0,595,0,57185232,60768852,74327504,7920,46523384,,12946876,16527428,15862264,11848664,,17247652,12931792,13263080,17326328,,19763140,16449752,17054924,21059688,,1980,1980,1980,1980,,11593312,11907600,12060392,10962080
2126,0,702,25,0,596,0,57346576,60553888,74112432,7920,46664228,,12788116,16759160,15873296,11926004,,17399288,12670232,13253652,17230716,,19914048,16188456,17045844,20964084,,1980,1980,1980,1980,,11408756,12150652,12068960,11035860
2129,1,703,25,0,597,0,57693620,60229328,73790124,7920,46993740,,12939388,16901828,15920900,11931504,,17244604,12553720,13216556,17214448,,19759388,16073052,17009716,20947968,,1980,1980,1980,1980,,11568872,12291760,12088452,11044656
2132,1,704,28,0,598,0,57733216,60175284,73738260,7920,47126392,,12990964,16962428,15914844,11864980,,17180364,12467992,13197816,17329112,,19695180,15987556,16993048,21062476,,1980,1980,1980,1980,,11623660,12347652,12106296,11048784
2135,1,705,29,0,599,0,57800328,60155468,73721360,7920,47181904,,13000400,16992120,15937804,11870004,,17185816,12451932,13173344,17344376,,19700648,15971916,16971020,21077776,,1980,1980,1980,1980,,11635476,12368904,12126676,11050848
2138,1,706,31,0,600,0,57873980,60082204,73648968,7920,47239232,,13005404,17018788,15962748,11887040,,17171172,12422064,13161756,17327212,,19686008,15942436,16959864,21060660,,1980,1980,1980,1980,,11639600,12385724,12145580,11068328
2141,1,707,31,0,601,0,57934384,60034912,73602808,7920,47291308,,13018216,17023944,15990112,11902112,,17167540,12422296,13135440,17309636,,19682384,15943160,16934176,21043088,,1980,1980,1980,1980,,11654476,12391912,12162868,11082052
2144,1,708,32,0,602,0,57530444,60420168,73989524,7920,46956084,,12610456,17049304,15966564,11904120,,17584344,12396804,13148668,17290352,,20097968,15919408,16948328,21023820,,1980,1980,1980,1980,,11270040,12419248,12182324,11084472
2147,1,709,31,0,603,0,57883864,60050172,73617492,7920,47223412,,12897564,17078360,15987800,11920140,,17283996,12357620,13128996,17279560,,19797500,15877412,16929540,21013040,,1980,1980,1980,1980,,11496472,12432532,12195576,11098832
2150,1,710,30,0,604,0,57261916,60696492,74264816,7920,46661168,,12683964,16618992,16033488,11925472,,17485584,12844692,13093140,17273076,,19998580,16363636,16895912,21006688,,1980,1980,1980,1980,,11271328,12056472,12228252,11105116
2153,1,711,31,0,605,0,56906932,60174656,73736060,7920,47131692,,12891744,16455720,16050648,11508820,,17274084,12562468,13075604,17262500,,19787144,16080408,16878768,20989740,,1980,1980,1980,1980,,11494156,12263752,12254616,11119168
2156,1,712,30,0,606,0,56508084,60139304,73698300,7920,47129304,,12971524,16351548,15656556,11528456,,17187272,12682656,13028596,17240780,,19700356,16200012,16831536,20966396,,1980,1980,1980,1980,,11573852,12146224,12281212,11128016
2159,1,713,29,0,607,0,56542484,60927728,74484664,7920,46253372,,12990652,16655784,15376400,11519648,,17167668,12778836,13745736,17235488,,19680784,16295344,17548580,20959956,,1980,1980,1980,1980,,11590748,12005492,11521908,11135224
2162,1,714,27,0,608,0,57399496,60515092,74085340,7920,46675068,,13010140,16857836,15806180,11725340,,17160452,12580768,13300104,17473768,,19673612,16103088,17103632,21205008,,1980,1980,1980,1980,,11601452,12219476,11964352,10889788
2165,1,715,27,0,609,0,57733200,60194136,73764740,7920,47081392,,13018956,16960124,15893688,11860432,,17149880,12466656,13245624,17331976,,19663048,15989036,17049412,21063244,,1980,1980,1980,1980,,11609068,12316032,12123296,11032996
2168,1,716,28,0,610,0,57610060,60286104,73861268,7920,46927324,,13035160,16996928,15978776,11599196,,17127908,12448212,13144764,17565220,,19641108,15972580,16948724,21298856,,1980,1980,1980,1980,,11624540,12343624,12206476,10752684
2172,0,717,27,0,611,0,57634244,60246412,73822192,7920,46919048,,13040632,16787660,16017232,11788720,,17123928,12618128,13109260,17395096,,19637148,16142760,16913508,21128776,,1980,1980,1980,1980,,11636768,12109800,12225904,10946576
2175,0,718,27,0,612,0,57848292,60048044,73624828,7920,47175164,,13052480,16930208,16007080,11858524,,17099724,12503044,13134820,17310456,,19612952,16028324,16939404,21044148,,1980,1980,1980,1980,,11647432,12267256,12236220,11024256
2178,0,719,28,0,613,0,57570940,59888020,73465312,7920,47278172,,13068196,16551744,16070340,11880660,,17107340,12417644,13065332,17297704,,19620592,15943168,16870132,21031420,,1980,1980,1980,1980,,11655676,12323824,12253012,11045660
2181,0,720,28,0,614,0,57403252,60090072,73701924,7920,47137136,,13016348,16609412,15894548,11882944,,17163656,12388132,13236308,17301976,,19676804,15949020,17040404,21035696,,1980,1980,1980,1980,,11659244,12369028,12058848,11050016
2184,0,721,27,0,615,0,57012652,60455872,74068316,7920,46702864,,13026084,16636284,15707368,11642916,,17153400,12350360,13421200,17530912,,19666580,15912896,17224836,21264004,,1980,1980,1980,1980,,11667712,12398624,11850572,10785956
2187,0,722,27,0,616,0,57655408,60270492,73885040,7920,46917508,,13046432,16883248,15918076,11807652,,17166348,12537704,13201572,17364868,,19680860,16100912,17005260,21098008,,1980,1980,1980,1980,,11687848,12206708,12067276,10955676
2190,1,723,28,0,617,0,57760960,60165136,73779000,7920,47041284,,12912108,17004964,16010760,11833128,,17279236,12404716,13117856,17363328,,19792364,15968092,16922216,21096328,,1980,1980,1980,1980,,11527368,12331824,12159780,11022312
2194,0,724,27,0,618,0,57397996,60517132,74131444,7920,46660120,,12835960,16681296,16035852,11844888,,17358200,12737760,13077080,17344092,,19870384,16301976,16881956,21077128,,1980,1980,1980,1980,,11433456,12012828,12180888,11032948
2197,0,725,27,0,619,0,57856632,60044840,73659572,7920,47063196,,12965740,16977520,16044376,11868996,,17217176,12437812,13057920,17331932,,19729388,16002044,16863008,21065132,,1980,1980,1980,1980,,11570640,12259552,12185324,11047680
2200,0,726,27,0,620,0,57958260,59902488,73517816,7920,47201212,,13002536,17047076,16034464,11874184,,17164500,12335092,13068092,17334804,,19676740,15899724,16873344,21068008,,1980,1980,1980,1980,,11605468,12350076,12189748,11055920
2203,0,727,27,0,621,0,57185176,59857036,73469600,7920,47280272,,13013932,16662432,15634380,11874432,,17164916,12307284,13048680,17336156,,19677164,15868148,16854916,21069372,,1980,1980,1980,1980,,11615916,12389512,12214760,11060084
2206,0,728,27,0,622,0,56984872,60052980,73667984,7920,47059316,,12789788,16670892,15640536,11883656,,17397624,12309184,13027784,17318388,,19909116,15872964,16834292,21051612,,1980,1980,1980,1980,,11370356,12405388,12219264,11064308
2209,0,729,27,0,623,0,56713144,60791944,74403636,7920,46386664,,12926488,16606048,15555660,11624948,,17239140,12434300,13547620,17570884,,19750796,15998216,17351980,21302644,,1980,1980,1980,1980,,11522960,12430860,11659260,10773584
2212,0,730,25,0,624,0,56776620,60299576,73908052,7920,46926564,,12992460,16615872,15373780,11794508,,17174340,12419692,13309440,17396104,,19686252,15983264,17110640,21127896,,1980,1980,1980,1980,,11590640,12438456,11945348,10952120
2215,0,731,26,0,625,0,56996092,60488248,74098544,7920,46677304,,13003268,16443504,15698224,11851096,,17180540,12580216,13400344,17327148,,19693768,16140600,17205228,21058948,,1980,1980,1980,1980,,11601084,12241136,11818168,11016916
2218,1,732,26,0,626,0,56959836,60555604,74163388,7920,46645576,,13021544,16571264,15904160,11462868,,17161124,12473976,13180416,17740088,,19674444,16034844,16985628,21468472,,1980,1980,1980,1980,,11619784,12373016,12014476,10638300
2221,1,733,25,0,627,0,57348416,60120156,73729116,7920,47003104,,13036212,16620064,15957580,11734560,,17140980,12398232,13126704,17454240,,19654360,15959184,16932460,21183112,,1980,1980,1980,1980,,11630212,12418272,12081744,10872876
2224,1,734,25,0,628,0,57424864,60113468,73723428,7920,47135564,,13049312,16633316,15935932,11806304,,17131404,12387956,13204120,17389988,,19644796,15949372,17010332,21118928,,1980,1980,1980,1980,,11640488,12430744,12110048,10954284
2227,1,735,25,0,629,0,57491904,60047996,73658304,7920,47208704,,13070836,16659260,15924996,11836812,,17106204,12361348,13215572,17364872,,19619624,15922992,17021832,21093856,,1980,1980,1980,1980,,11661076,12455868,12114348,10977412
2230,1,736,25,0,630,0,57522408,59977964,73588828,7920,47235720,,13075624,16674884,15937488,11834412,,17101784,12329992,13194852,17351336,,19615208,15891988,17001276,21080356,,1980,1980,1980,1980,,11666980,12468476,12120732,10979532
2233,1,737,25,0,631,0,57065240,60462400,74072672,7920,46731316,,12780576,16485776,15959116,11839772,,17401424,12526340,13172520,17362116,,19915532,16085676,16980316,21091148,,1980,1980,1980,1980,,11340112,12263024,12148512,10979668
2236,1,738,24,0,632,0,57653340,60283872,73897840,7920,46845828,,13019520,16810528,15981860,11841432,,17147940,12636644,13150656,17348632,,19662104,16199264,16958800,21077672,,1980,1980,1980,1980,,11567076,12142432,12154560,10981760
2239,1,739,24,0,633,0,56973820,60113152,73731644,7920,47118104,,13002812,16545480,16006288,11419240,,17196860,12453936,13124796,17337560,,19710884,16021508,16933428,21065824,,1980,1980,1980,1980,,11637412,12325704,12161592,10993396
2243,0,740,25,0,634,0,57060232,60001012,73624880,7920,47235676,,13011272,16602916,16022556,11423488,,17188712,12386336,13105764,17320200,,19702764,15954112,16914660,21053344,,1980,1980,1980,1980,,11654268,12394104,12182360,11004944
2246,0,741,25,0,635,0,56443072,60159076,73783064,7920,47018488,,13019168,16606440,15385248,11432216,,17180652,12371812,13298980,17307632,,19694724,15939696,17107852,21040792,,1980,1980,1980,1980,,11660284,12399836,11951632,11006736
2249,0,742,24,0,636,0,56079928,60985732,74609596,7920,46155408,,12750584,16314524,15496948,11517872,,17440692,12671292,13208456,17665292,,19954640,16238500,17017732,21398724,,1980,1980,1980,1980,,11376640,12080072,12082852,10615844
2252,0,743,22,0,637,0,56705748,60376360,74000788,7920,46857460,,12950576,16505092,15564888,11685192,,17246524,12488456,13109244,17532136,,19760540,16055832,16918932,21265484,,1980,1980,1980,1980,,11567476,12282588,12144800,10862596
2255,0,744,24,0,638,0,57626560,60319368,73945412,7920,46867936,,13017392,17023068,15818048,11768052,,17171968,12393412,13301308,17452680,,19685992,15961260,17111452,21186708,,1980,1980,1980,1980,,11641508,12355112,11918948,10952368
2258,0,745,25,0,639,0,57065520,60857496,74482816,7920,46324068,,12615364,16733424,15926684,11790048,,17577436,12679888,13186020,17414152,,20091452,16246912,16996244,21148208,,1980,1980,1980,1980,,11262412,12033864,12053564,10974228
2261,0,746,23,0,640,0,57619732,60259400,73885348,7920,46823328,,12901756,16940452,15979276,11798248,,17276452,12461560,13118052,17403336,,19790508,16028848,16928592,21137400,,1980,1980,1980,1980,,11500400,12241252,12101508,10980168
2264,0,747,23,0,641,0,57503080,60404020,74030576,7920,46695924,,12985844,16701588,15994544,11821104,,17197236,12710212,13116932,17379640,,19711304,16276428,16927816,21115028,,1980,1980,1980,1980,,11589800,11989516,12111316,11005292
2267,0,748,23,0,642,0,57769788,60094596,73722184,7920,46950736,,13028844,16908284,15997860,11834800,,17146564,12483788,13108912,17355332,,19660664,16050896,16919892,21090732,,1980,1980,1980,1980,,11623724,12199832,12111872,11015308
2270,1,749,23,0,643,0,57827128,60087964,73716240,7920,47036900,,13027556,16887620,16076800,11835152,,17142960,12568948,13024252,17351804,,19657076,16136244,16835704,21087216,,1980,1980,1980,1980,,11627928,12272928,12114684,11021360
2273,1,750,22,0,644,0,57658416,60226088,73853548,7920,46879072,,13037280,16690604,16085008,11845524,,17125116,12752800,13007772,17340400,,19639216,16318956,16819552,21075824,,1980,1980,1980,1980,,11644844,12072568,12129180,11032480
2276,1,751,23,0,645,0,57814708,60089976,73718132,7920,47046436,,13049788,16804488,16082812,11877620,,17123732,12646772,13007020,17312452,,19637876,16213124,16818864,21048268,,1980,1980,1980,1980,,11655780,12198432,12129324,11062900
2279,0,752,24,0,646,0,57865904,60022732,73652516,7920,47098328,,13053252,16852708,16085140,11874804,,17124532,12587648,13002636,17307916,,19638688,16155196,16814892,21043740,,1980,1980,1980,1980,,11661820,12237716,12131792,11067000
2282,0,753,24,0,647,0,57871860,60058208,73688688,7920,47126280,,13068812,16861764,16048240,11893044,,17117192,12579136,13061436,17300444,,19631372,16146732,16874144,21036440,,1980,1980,1980,1980,,11673888,12245616,12132668,11074108
2285,0,754,22,0,648,0,56994896,60540960,74166732,7920,46625896,,12572248,16888768,16035120,11498760,,17614004,12561088,13090940,17274928,,20126656,16129216,16904172,21006688,,1980,1980,1980,1980,,11133780,12256764,12138988,11096364
2288,0,755,22,0,649,0,57276384,60247900,73875400,7920,46916752,,12833284,16891920,16041736,11509444,,17342860,12546336,13089472,17269232,,19856908,16114632,16902864,21000996,,1980,1980,1980,1980,,11401740,12269048,12141016,11104948
2291,0,756,24,0,650,0,57008728,60489872,74112020,7920,46684224,,12972340,16469696,16052920,11513772,,17183312,12982844,13060940,17262776,,19697376,16547216,16874796,20992632,,1980,1980,1980,1980,,11543336,11883676,12148212,11109000
2294,1,757,25,0,651,0,57059668,60837332,74457832,7920,46285188,,13036624,16754044,15748316,11520684,,17113864,12666228,13363128,17694112,,19627996,16230916,17176628,21422292,,1980,1980,1980,1980,,11608508,12107112,11839896,10729672
2297,1,758,23,0,652,0,57681016,60233144,73858908,7920,46814856,,13065360,16845056,15967952,11802648,,17088616,12596620,13150884,17397024,,19602792,16161972,16965720,21128424,,1980,1980,1980,1980,,11626960,12202496,12045536,10939864
2300,1,759,24,0,653,0,56956040,60114976,73740856,7920,47044612,,13005304,16881384,15601968,11467384,,17187744,12550136,13068916,17308180,,19701784,16115768,16883996,21039308,,1980,1980,1980,1980,,11638368,12244916,12115812,11045516
2303,1,760,24,0,654,0,56629552,60874412,74499452,7920,46336240,,12626604,16883620,15622872,11496456,,17569392,12567808,13478832,17258380,,20082052,16133508,17294344,20989548,,1980,1980,1980,1980,,11260520,12249344,11744492,11081884
2306,1,761,23,0,655,0,57013940,60902856,74532688,7920,46210900,,12475648,16897516,15915992,11724784,,17716720,12526428,13191532,17468176,,20229396,16097220,17007140,21198932,,1980,1980,1980,1980,,11119568,12261064,11974608,10855660
2310,0,762,21,0,656,0,57569632,60326964,73957812,7920,46733360,,12801156,16910696,16007132,11850648,,17370528,12517732,13100608,17338096,,19883108,16088948,16916768,21068988,,1980,1980,1980,1980,,11397324,12267608,12073232,10995196
2313,0,763,22,0,657,0,57770728,60138656,73771400,7920,46957320,,12938820,16923976,16035660,11872272,,17235764,12509832,13068308,17324752,,19749712,16081184,16884884,21055620,,1980,1980,1980,1980,,11540928,12269920,12106192,11040280
2316,0,764,23,0,658,0,57436708,60040004,73675636,7920,47035900,,12981096,16513808,16056276,11885528,,17181136,12485808,13063868,17309192,,19695100,16054784,16880900,21044852,,1980,1980,1980,1980,,11585468,12277952,12121108,11051372
2319,0,765,23,0,659,0,57311552,60162084,73799380,7920,46887352,,13007456,16528796,16048780,11726520,,17171400,12476688,13061272,17452724,,19685380,16046008,16878488,21189504,,1980,1980,1980,1980,,11611712,12280392,12125516,10869732
2322,0,766,25,0,660,0,57434980,60029364,73667328,7920,47025412,,13015636,16522068,16068728,11828548,,17157596,12479840,13030972,17360956,,19671656,16049468,16848440,21097764,,1980,1980,1980,1980,,11624472,12280724,12136272,10983944
2325,0,767,26,0,661,0,57718624,60161024,73804312,7920,46847168,,13033992,16723420,16081732,11879480,,17140484,12711860,13009572,17299108,,19656284,16284860,16827196,21035972,,1980,1980,1980,1980,,11641236,12024944,12148844,11032144
2328,0,768,25,0,662,0,57647568,60282148,73925316,7920,46795728,,12832056,16818864,16101252,11895396,,17358996,12627248,13008056,17287848,,19873360,16201196,16826024,21024736,,1980,1980,1980,1980,,11408144,12178732,12166424,11042428
2331,0,769,27,0,663,0,57897808,59999088,73645368,7920,47063420,,12994804,16893020,16119292,11890692,,17184532,12551056,12980464,17283036,,19700344,16126228,16798860,21019936,,1980,1980,1980,1980,,11585024,12250948,12176652,11050796
2334,0,770,28,0,664,0,57994344,59878072,73524864,7920,47163396,,13070372,16893584,16134304,11896084,,17093816,12540212,12967480,17276564,,19609664,16115500,16786212,21013488,,1980,1980,1980,1980,,11661796,12257380,12185204,11059016
2337,0,771,28,0,665,0,58055868,59842604,73491308,7920,47224364,,13086748,16907768,16137896,11923456,,17073544,12541788,12963048,17264224,,19589448,16117424,16781844,21002592,,1980,1980,1980,1980,,11673880,12274808,12193524,11082152
2340,0,772,29,0,666,0,57826572,60071260,73724184,7920,46970948,,12794268,16932664,16150872,11948768,,17378300,12501648,12946440,17244872,,19894320,16077576,16767372,20984916,,1980,1980,1980,1980,,11359200,12292968,12207268,11111512
2343,0,773,30,0,667,0,57479416,59963732,73616316,7920,47008424,,13014404,16942580,15991716,11530716,,17154632,12489052,13101568,17218480,,19670744,16065320,16922212,20958040,,1980,1980,1980,1980,,11574036,12297752,12021724,11114912
2346,0,774,30,0,668,0,57242264,60257104,73907600,7920,46853684,,13091592,16959208,15619536,11571928,,17071424,12492880,13084420,17608380,,19587544,16069420,16903620,21347016,,1980,1980,1980,1980,,11662560,12310592,12137144,10743388
2349,0,775,28,0,669,0,57879252,59997940,73651440,7920,46978820,,13113236,16989464,15907820,11868732,,17046496,12461708,13204388,17285348,,19562656,16038852,17025316,21024616,,1980,1980,1980,1980,,11681084,12333504,11959560,11004672
2352,0,776,28,0,670,0,58105856,59801356,73455448,7920,47248776,,13148436,17001440,16014352,11941628,,17018748,12459648,13104780,17218180,,19535004,16036972,16926020,20957452,,1980,1980,1980,1980,,11716320,12337632,12102752,11092072
2355,1,777,29,0,671,0,58218544,59662380,73314024,7920,47336740,,13167328,17008160,16075708,11967348,,16988028,12444972,13022188,17207192,,19504336,16019416,16843784,20946488,,1980,1980,1980,1980,,11730688,12344284,12151084,11110684
2358,1,778,28,0,672,0,57247384,59790976,73444368,7920,47201960,,12981432,16589724,16091264,11584964,,17181556,12408996,13029936,17170488,,19696700,15988388,16851744,20907536,,1980,1980,1980,1980,,11528808,12364136,12159660,11149356
2361,1,779,30,0,673,0,56918172,60145724,73799464,7920,47001784,,12622824,16590404,16105756,11599188,,17581628,12408776,13005204,17150116,,20096276,15988420,16827500,20887268,,1980,1980,1980,1980,,11282716,12376432,12174788,11167848
2365,0,780,28,0,674,0,57018600,60018468,73671520,7920,47044680,,12692704,16595972,16119612,11610312,,17495656,12402752,12986784,17133276,,20009324,15982496,16809244,20870456,,1980,1980,1980,1980,,11296820,12384516,12187252,11176092
2368,0,781,28,0,675,0,57812268,60095440,73745208,7920,47000924,,12885980,16771988,16118316,12035984,,17307272,12670812,12989344,17128012,,19820960,16251096,16812164,20860988,,1980,1980,1980,1980,,11499976,12112124,12192044,11196780
2371,0,782,27,0,676,0,57443208,60060772,73718884,7920,47077948,,13014408,16935572,16145056,11348172,,17158996,12495080,12976316,17430380,,19673760,16075560,16799468,21170096,,1980,1980,1980,1980,,11622660,12288228,12220804,10946256
2374,0,783,28,0,677,0,56843204,60205076,73863788,7920,46931812,,13026572,16585204,15746856,11484572,,17144476,12413584,13358792,17288224,,19659348,15992952,17183556,21027932,,1980,1980,1980,1980,,11632844,12358436,11838748,11101784
2377,1,784,29,0,678,0,57242248,60106320,73756736,7920,47017344,,13033296,16609632,16033944,11565376,,17141240,12699732,13057900,17207448,,19656120,16270088,16883348,20947180,,1980,1980,1980,1980,,11639872,12115964,12087188,11174320
2380,1,785,28,0,679,0,57123432,60737372,74398124,7920,46233956,,13039332,16144992,16112636,11826472,,17130476,13273904,12980592,17352400,,19645384,16855052,16806344,21091344,,1980,1980,1980,1980,,11646328,11413564,12184076,10989988
2383,1,786,26,0,680,0,57723336,60143452,73804764,7920,46862968,,13068200,16566548,16162264,11926324,,17101508,12852888,12933964,17255092,,19616400,16434252,16760060,20994052,,1980,1980,1980,1980,,11674784,11868696,12218256,11101232
2386,1,787,26,0,681,0,57988148,59855176,73520828,7920,47144976,,13084448,16759608,16167748,11976344,,17086460,12641332,12933000,17194384,,19601376,16223632,16762464,20933356,,1980,1980,1980,1980,,11683108,12076336,12239316,11146216
2390,0,788,28,0,682,0,56994844,60877312,74541360,7920,46221464,,12678176,16842056,15766828,11707784,,17493216,12582564,13330044,17471488,,20007232,16164944,17160128,21209056,,1980,1980,1980,1980,,11294356,12213160,11865348,10848600
2393,0,789,26,0,683,0,57143204,60754664,74416964,7920,46253820,,12562180,16877540,16098492,11604992,,17616780,12552204,13000624,17585056,,20130820,16134884,16829728,21321532,,1980,1980,1980,1980,,11164560,12248348,12117716,10723196
2396,0,790,24,0,684,0,57773272,60138652,73801264,7920,46859068,,12886788,16890296,16182016,11814172,,17303468,12545724,12916544,17372916,,19817500,16128624,16745732,21109408,,1980,1980,1980,1980,,11451560,12260552,12211272,10935684
2399,1,791,24,0,685,0,58049000,59825176,73489548,7920,47137988,,13005104,16910592,16221284,11912020,,17173548,12524284,12870232,17257112,,19687676,16107516,16700180,20994176,,1980,1980,1980,1980,,11575024,12273896,12248216,11040852
2402,1,792,27,0,686,0,57791104,60078000,73744036,7920,46846616,,13054816,16917840,15876480,11941968,,17115500,12510688,13208748,17243064,,19629676,16094096,17040324,20979940,,1980,1980,1980,1980,,11616936,12280092,11885788,11063800
2405,1,793,26,0,687,0,58010484,59856368,73524656,7920,47110940,,13059884,16930068,16069140,11951392,,17106428,12501692,13035288,17212960,,19620636,16085480,16867328,20951212,,1980,1980,1980,1980,,11623636,12282572,12131996,11072736
2408,1,794,27,0,688,0,57340624,60134216,73800500,7920,46866448,,13071132,16945340,15731684,11592468,,17108576,12482324,12954904,17588412,,19622792,16066496,16787084,21324128,,1980,1980,1980,1980,,11634224,12291296,12234340,10706588
2411,1,795,26,0,689,0,57626992,60240112,73904512,7920,46775952,,13076736,16962896,15775288,11812072,,17106112,12454744,13310956,17368300,,19620340,16039356,17143416,21101400,,1980,1980,1980,1980,,11640700,12308568,11882516,10944168
2415,0,796,26,0,690,0,57967884,59906592,73576136,7920,47080956,,13087668,16954660,16028404,11897152,,17070940,12486416,13076716,17272520,,19585180,16071520,16908552,21010884,,1980,1980,1980,1980,,11653268,12315068,12084192,11028428
2418,0,797,25,0,691,0,57858460,60034732,73705604,7920,46945388,,12817056,16973600,16141376,11926428,,17355104,12457116,12982108,17240404,,19868560,16042608,16814176,20980260,,1980,1980,1980,1980,,11354804,12329328,12203548,11057708
2421,0,798,28,0,692,0,57782500,60137092,73806884,7920,46961488,,12924712,16983056,16165060,11709672,,17284488,12455292,12950468,17446844,,19798176,16039616,16782976,21186116,,1980,1980,1980,1980,,11551436,12340872,12249088,10820092
2424,0,799,27,0,693,0,57374336,60518740,74192804,7920,46531488,,12314300,17004540,16194488,11861008,,17876548,12442048,12907088,17293056,,20391232,16027968,16739828,21033776,,1980,1980,1980,1980,,10936136,12358408,12265044,10971900
2427,0,800,29,0,694,0,57422496,59995952,73671564,7920,46999188,,12693552,17001208,15796104,11931632,,17489912,12436592,12870516,17198932,,20004624,16022920,16704144,20939876,,1980,1980,1980,1980,,11286368,12371080,12295880,11045860
2430,1,801,30,0,695,0,57215888,60234864,73912912,7920,46836716,,12848456,16608912,15814592,11943928,,17347620,12827408,12842320,17217516,,19862340,16415536,16676536,20958500,,1980,1980,1980,1980,,11454948,12001444,12322492,11057832
2433,1,802,30,0,696,0,57533296,59913924,73592532,7920,47156016,,12927876,16886668,15822072,11896680,,17252000,12543016,12824408,17294500,,19766756,16131284,16659084,21035408,,1980,1980,1980,1980,,11529136,12227232,12329336,11070312
2436,1,803,31,0,697,0,57793824,60107112,73787048,7920,46955172,,12941540,16997152,15930964,11924168,,17248892,12423824,13163720,17270676,,19764700,16012260,16998488,21011600,,1980,1980,1980,1980,,11543816,12330396,11989080,11091880
2439,0,804,30,0,698,0,58072688,59818540,73499284,7920,47256364,,12961924,17023176,16149732,11937856,,17217264,12392484,12959468,17249324,,19733084,15981408,16794532,20990260,,1980,1980,1980,1980,,11566164,12366720,12215860,11107620
2442,0,805,30,0,699,0,57484488,59956436,73635160,7920,47059152,,12965144,16749864,15820528,11948952,,17213736,12672020,12836208,17234472,,19729572,16261276,16668892,20975420,,1980,1980,1980,1980,,11570312,12060368,12307940,11120532
2445,1,806,29,0,700,0,57723916,59720356,73397968,7920,47298256,,12987092,16924860,15855428,11956536,,17188504,12485640,12814004,17232208,,19704348,16075640,16644808,20973172,,1980,1980,1980,1980,,11588804,12249332,12331468,11128652
2448,1,807,29,0,701,0,57144884,59889048,73621040,7920,47172360,,13008536,16704304,15867524,11564520,,17161220,12713848,12809436,17204544,,19677084,16359632,16640256,20944068,,1980,1980,1980,1980,,11595852,12060844,12353644,11162020
2451,1,808,28,0,702,0,57436560,59606984,73397476,7920,47459936,,13005616,16964588,15900184,11566172,,17172724,12473984,12762272,17198004,,19688592,16179896,16591440,20937548,,1980,1980,1980,1980,,11601964,12327200,12364592,11166180
2454,0,809,28,0,703,0,57537544,59501428,73291152,7920,47578156,,13025144,17049752,15459460,12003188,,17164072,12389856,12761444,17186056,,19679952,16095836,16590980,20924384,,1980,1980,1980,1980,,11622176,12408880,12369208,11177892
2457,0,810,27,0,704,0,57022056,59596820,73388612,7920,47441424,,13031788,17079680,15475296,11435292,,17152760,12372472,12752176,17319412,,19668656,16081112,16581496,21057348,,1980,1980,1980,1980,,11626516,12436116,12369740,11009052
2460,0,811,28,0,705,0,57312544,59722656,73522356,7920,47271280,,13052568,17108084,15624428,11527464,,17130212,12331608,13036020,17224816,,19647584,16040536,16871460,20962776,,1980,1980,1980,1980,,11647988,12453496,12057776,11112020
2463,0,812,29,0,706,0,57211616,60250508,74055564,7920,46671228,,13067352,16699424,15732212,11712628,,17112712,12310632,13351964,17475200,,19631804,16019996,17187184,21216580,,1980,1980,1980,1980,,11660324,12467968,11709408,10833528
2466,1,813,27,0,707,0,57632464,59852640,73659864,7920,47180080,,13085072,16713332,15916124,11917936,,17093588,12294644,13200052,17264356,,19612700,16005836,17035560,21005768,,1980,1980,1980,1980,,11680628,12479588,11985012,11034852
2469,1,814,28,0,708,0,57389240,60048692,73854176,7920,46885052,,13108072,16740540,15780476,11760152,,17074944,12249680,13316308,17407760,,19594092,15961240,17150688,21148156,,1980,1980,1980,1980,,11707304,12491876,11815636,10870236
2472,1,815,27,0,709,0,57811916,59617308,73425608,7920,47326872,,13119648,16760560,16034212,11897496,,17061644,12222912,13058216,17274536,,19580812,15936252,16893584,21014960,,1980,1980,1980,1980,,11718044,12511416,12079876,11017536
2475,1,816,28,0,710,0,57820644,60043384,73850736,7920,46895156,,13135692,16988336,16136272,11560344,,17037060,12440512,12974516,17591296,,19556296,16153608,16810392,21330440,,1980,1980,1980,1980,,11732516,12286096,12180488,10696056
2478,1,817,28,0,711,0,57463668,59977280,73782860,7920,46933524,,13155200,16718636,15748308,11841524,,17033636,12720472,12905912,17317260,,19552928,16432204,16741312,21056416,,1980,1980,1980,1980,,11752780,12033316,12215284,10932144
2482,0,818,26,0,712,0,57634364,59786380,73586948,7920,47100148,,12924232,17032196,15772692,11905244,,17265376,12387816,12878776,17254412,,19784584,16092944,16715716,20993704,,1980,1980,1980,1980,,11531820,12318544,12236576,11013208
2485,0,819,28,0,713,0,57508248,59906984,73708644,7920,47006472,,12655700,17130192,15778884,11943472,,17547592,12278156,12869052,17212184,,20066696,15983708,16706736,20951504,,1980,1980,1980,1980,,11284876,12423696,12244920,11052980
2488,1,820,26,0,714,0,57634968,59771928,73577908,7920,47081492,,12963404,16962124,15753032,11956408,,17204908,12460892,12904544,17201584,,19724052,16170128,16742364,20941364,,1980,1980,1980,1980,,11550368,12216288,12249552,11065284
2491,1,821,24,0,715,0,57474576,60396284,74202484,7920,46555604,,12837440,17057736,15659652,11919748,,17341400,12347632,13416824,17290428,,19859416,16057524,17255652,21029892,,1980,1980,1980,1980,,11409708,12358648,11718528,11068720
2494,1,822,26,0,716,0,57571924,59875772,73698068,7920,47066336,,12971708,17141212,15979112,11479892,,17203108,12251616,13117420,17303628,,19721140,15968392,16965864,21042672,,1980,1980,1980,1980,,11558544,12426264,12000552,11080976
2498,0,823,25,0,717,0,57678220,60191252,74013628,7920,46692604,,12864360,17162720,16128872,11522268,,17315320,12240804,12941148,17693980,,19832892,15959016,16789764,21431956,,1980,1980,1980,1980,,11424828,12428580,12144996,10694200
2501,0,824,27,0,718,0,58152100,59678496,73502192,7920,47131668,,12976356,17189056,16185880,11800808,,17198240,12206020,12879424,17394812,,19715872,15925212,16728160,21132948,,1980,1980,1980,1980,,11547052,12447680,12205808,10931128
2504,0,825,27,0,719,0,58335808,59512700,73337104,7920,47309476,,13030688,17200076,16229652,11875392,,17128848,12197208,12849024,17337620,,19646500,15916736,16698084,21075784,,1980,1980,1980,1980,,11594328,12465992,12224664,11024492
2507,0,826,27,0,720,0,58383180,59454960,73280508,7920,47366092,,13052848,17195744,16223452,11911136,,17101256,12202800,12865648,17285256,,19618948,15923292,16714824,21023444,,1980,1980,1980,1980,,11600472,12475264,12229364,11060992
2510,0,827,27,0,721,0,58410228,59458692,73295320,7920,47434248,,13055800,17160172,16263624,11930632,,17106512,12267172,12812356,17272652,,19624248,15995628,16662016,21013428,,1980,1980,1980,1980,,11611060,12491592,12250496,11081100
2513,0,828,29,0,722,0,58236672,59610532,73451340,7920,47228588,,13059520,16949928,16290848,11936376,,17101976,12462912,12789472,17256172,,19619732,16193892,16640692,20997024,,1980,1980,1980,1980,,11615132,12250336,12273968,11089152
2516,0,829,28,0,723,0,58378116,59443712,73284880,7920,47399504,,13062472,17086504,16286716,11942424,,17096708,12320976,12783032,17242996,,19614488,16052132,16634392,20983868,,1980,1980,1980,1980,,11619316,12407016,12277756,11095416
2519,0,830,30,0,724,0,58525400,59310276,73152844,7920,47521280,,13080312,17182136,16308492,11954460,,17071048,12237988,12759616,17241624,,19589352,15969612,16611372,20982508,,1980,1980,1980,1980,,11638952,12488468,12286260,11107600
2522,0,831,29,0,725,0,58410928,59423216,73269668,7920,47394988,,13114756,17185360,16141184,11969628,,17044120,12228392,12930140,17220564,,19566536,15960176,16781460,20961496,,1980,1980,1980,1980,,11669032,12506176,12101512,11118268
2525,0,832,30,0,726,0,58552672,59322580,73172280,7920,47591916,,13107936,17238444,16209312,11996980,,17055900,12171692,12896800,17198188,,19578340,15903892,16750912,20939136,,1980,1980,1980,1980,,11674912,12537544,12238252,11141208
2528,0,833,30,0,727,0,58319372,59518100,73369208,7920,47348136,,12826308,17236512,16249268,12007284,,17330248,12177804,12823760,17186288,,19851824,15910364,16677960,20929060,,1980,1980,1980,1980,,11367192,12546304,12282248,11152392
2531,0,834,30,0,728,0,58229724,59651804,73502236,7920,47228304,,12668972,17250160,16284396,12026196,,17501816,12166748,12817448,17165792,,20022236,15899588,16671840,20908572,,1980,1980,1980,1980,,11193680,12550696,12311428,11172500
2534,0,835,30,0,729,0,58091092,59339704,73189444,7920,47529452,,12935512,17242844,16313596,11599140,,17231824,12168128,12782056,17157696,,19752252,15900412,16636752,20900028,,1980,1980,1980,1980,,11457804,12556124,12335100,11180424
2537,0,836,30,0,730,0,57958264,59435856,73283772,7920,47347412,,13037076,17265932,16322360,11332896,,17112708,12146136,12768628,17408384,,19633164,15876732,16623780,21150096,,1980,1980,1980,1980,,11558552,12573776,12335988,10879096
2540,0,837,29,0,731,0,57675736,59767888,73612404,7920,47204904,,12963736,17273036,16340056,11098908,,17228368,12121860,12742912,17674748,,19748660,15852804,16598364,21412576,,1980,1980,1980,1980,,11595108,12583680,12346756,10679360
2543,1,838,29,0,732,0,57625292,59379516,73227808,7920,47541052,,12980184,16853748,16373848,11417512,,17215712,12117940,12711300,17334564,,19736808,15852100,16566132,21072768,,1980,1980,1980,1980,,11610096,12596204,12381156,10953596
2546,1,839,28,0,733,0,57355668,59628768,73476452,7920,47228840,,12979424,16634632,16221632,11519980,,17208460,12330824,12865456,17224028,,19729568,16066820,16721268,20958796,,1980,1980,1980,1980,,11611952,12353152,12201808,11061928
2549,1,840,27,0,734,0,57063008,59929052,73776476,7920,46931228,,12698700,16503664,16304332,11556312,,17493892,12441068,12791104,17202988,,20014996,16176444,16647244,20937792,,1980,1980,1980,1980,,11311760,12212336,12307352,11099780
2552,1,841,26,0,735,0,56789360,60263284,74112104,7920,46704120,,12585828,16786972,15892824,11523736,,17623088,12615520,12764192,17260484,,20142732,16350092,16620908,20998372,,1980,1980,1980,1980,,11184040,12048340,12357768,11113972
2555,1,842,27,0,736,0,57464276,59965372,73820132,7920,46930152,,12799340,17072780,15929008,11663148,,17397964,12301632,12740992,17524784,,19917656,16036504,16599836,21266136,,1980,1980,1980,1980,,11409152,12330324,12383040,10807636
2559,0,843,28,0,737,0,57869636,59545064,73403272,7920,47349004,,12903724,17192972,15932496,11840444,,17277016,12199948,12730672,17337428,,19797972,15936816,16589688,21078796,,1980,1980,1980,1980,,11512612,12448076,12390796,10997520
2562,0,844,31,0,738,0,58191216,59640908,73498132,7920,47213640,,12928456,17221928,16116416,11924416,,17257404,12151216,12980456,17251832,,19778384,15888880,16838736,20992132,,1980,1980,1980,1980,,11535752,12481508,12117620,11078760
2565,1,845,30,0,739,0,57995980,59830212,73687036,7920,47059460,,12940900,16821080,16288984,11945016,,17236868,12553116,12800712,17239516,,19757856,16291152,16658188,20979840,,1980,1980,1980,1980,,11547916,12116696,12297428,11097420
2568,1,846,29,0,740,0,57830136,60042228,73898596,7920,46967332,,12968736,16978972,15920292,11962136,,17214496,12443580,13162328,17221824,,19735508,16180904,17020024,20962160,,1980,1980,1980,1980,,11570532,12326096,11966840,11103864
2571,1,847,28,0,741,0,57823424,59560880,73420096,7920,47349656,,12974604,17098472,16227064,11523284,,17196112,12306948,12834908,17222912,,19717132,16045812,16694008,20963144,,1980,1980,1980,1980,,11587004,12451184,12195500,11115968
2574,1,848,29,0,742,0,57742624,59644636,73502880,7920,47261852,,12987556,17150544,16079920,11524604,,17186788,12252252,12994544,17211052,,19707820,15991248,16852412,20951400,,1980,1980,1980,1980,,11599384,12493220,12052872,11116376
2578,0,849,28,0,743,0,58094012,59752820,73610432,7920,47152376,,12996064,17161928,16263128,11672892,,17180768,12253924,12794640,17523488,,19701816,15993280,16652888,21262448,,1980,1980,1980,1980,,11605740,12502444,12234724,10809468
2581,0,850,27,0,744,0,58003404,59843840,73700832,7920,47049572,,13019084,16795800,16332916,11855604,,17157992,12621968,12725240,17338640,,19679048,16360308,16583844,21077632,,1980,1980,1980,1980,,11622176,12134124,12300844,10992428
2584,1,851,26,0,745,0,58315304,59525148,73386036,7920,47396424,,13042924,17070468,16274508,11927404,,17134404,12352088,12795372,17243284,,19656828,16092176,16654612,20982420,,1980,1980,1980,1980,,11643992,12385004,12306408,11061020
2587,1,852,28,0,746,0,58003148,59403668,73263664,7920,47517156,,13047424,17165156,15849476,11941092,,17127360,12238004,12803336,17234968,,19649800,15978272,16661440,20974152,,1980,1980,1980,1980,,11649460,12480088,12316992,11070616
2590,1,853,28,0,747,0,58073344,59323100,73183724,7920,47591480,,13057988,17200196,15864920,11950240,,17111292,12193932,12797836,17220040,,19633760,15934584,16656124,20959256,,1980,1980,1980,1980,,11662208,12520364,12329952,11078956
2593,1,854,27,0,748,0,57578016,59850832,73711176,7920,47073680,,12681616,17231488,15711208,11953704,,17514332,12176476,12945048,17214976,,20036980,15917380,16802620,20954196,,1980,1980,1980,1980,,11303380,12549036,12140236,11081028
2596,1,855,28,0,749,0,58051488,59772108,73635108,7920,47073496,,12973540,17232060,15887588,11958300,,17201436,12163996,13192320,17214356,,19724152,15907328,17050044,20953584,,1980,1980,1980,1980,,11551472,12569108,11871528,11081388
2600,0,856,27,0,750,0,58387108,59467272,73330848,7920,47427924,,12999540,17260632,16159900,11967036,,17203188,12138396,12919636,17206052,,19725844,15881880,16777832,20945292,,1980,1980,1980,1980,,11641060,12580620,12123004,11083240
2603,0,857,27,0,751,0,58512528,59345928,73211496,7920,47572036,,13016428,17287556,16224464,11984080,,17177736,12117520,12845336,17205336,,19700388,15861188,16703840,20946080,,1980,1980,1980,1980,,11658844,12603928,12208180,11101084
2606,0,858,28,0,752,0,58565544,59251496,73117348,7920,47652964,,13032888,17293216,16266828,11972612,,17151476,12106336,12790816,17202868,,19674116,15850120,16649468,20943644,,1980,1980,1980,1980,,11681236,12618848,12249560,11103320
2609,1,859,29,0,753,0,57345156,60074308,73942536,7920,46906072,,12619072,16878344,15869512,11978228,,17580432,12098068,13199696,17196112,,20106188,15841104,17058216,20937028,,1980,1980,1980,1980,,11306584,12634188,11859976,11105324
2612,1,860,29,0,754,0,57939280,59459676,73325128,7920,47422640,,12929848,16904872,16141520,11963040,,17254344,12065396,12915912,17224024,,19780016,15807304,16774980,20962828,,1980,1980,1980,1980,,11553616,12655772,12097736,11115516
2615,1,861,29,0,755,0,57810480,59588520,73457196,7920,47255600,,13020096,16588960,16225220,11976204,,17159060,12377040,12846964,17205456,,19684740,16118168,16706612,20947676,,1980,1980,1980,1980,,11652672,12286416,12189904,11126608
2619,0,862,29,0,756,0,56938916,59602072,73466772,7920,47242240,,13050724,16530308,16242448,11115436,,17129096,12453144,12813820,17206012,,19654808,16192328,16673628,20946008,,1980,1980,1980,1980,,11682936,12219844,12207804,11131656
2622,0,863,28,0,757,0,57388216,59551380,73418076,7920,47270844,,12833364,16745224,16251720,11557908,,17349892,12213592,12804808,17183088,,19875096,15953052,16664972,20924956,,1980,1980,1980,1980,,11451756,12453516,12213996,11151576
2625,1,864,28,0,758,0,57069744,59887328,73752448,7920,46936216,,12779568,16884340,16260308,11145528,,17388988,12506156,12797460,17194724,,19913508,16244052,16657804,20937084,,1980,1980,1980,1980,,11371696,12173688,12224840,11165992
2628,1,865,27,0,759,0,57043568,59921436,73787136,7920,46975664,,12934656,17129656,15829860,11149396,,17220452,12273264,12806664,17621056,,19745048,16012484,16666060,21363544,,1980,1980,1980,1980,,11536220,12428532,12231968,10778944
2632,0,866,27,0,760,0,57685584,59689004,73560840,7920,47127000,,13019784,17202748,15850140,11612912,,17136668,12213972,12767240,17571124,,19661332,15957840,16626900,21314768,,1980,1980,1980,1980,,11620292,12532000,12236504,10738204
2635,0,867,27,0,761,0,57943264,59513432,73385824,7920,47390900,,13029084,17242152,15860284,11811744,,17149780,12177504,12818024,17368124,,19674464,15921508,16678072,21111780,,1980,1980,1980,1980,,11629708,12569332,12241344,10950516
2638,1,868,25,0,762,0,58190056,59597436,73470956,7920,47184356,,12882364,17225008,16157280,11925404,,17292496,12173320,12897940,17233680,,19816920,15917688,16759004,20977344,,1980,1980,1980,1980,,11444220,12580672,12096256,11063208
2641,1,869,25,0,763,0,58460088,59332860,73207168,7920,47444488,,12985388,17247920,16251704,11975076,,17186704,12153808,12802216,17190132,,19711184,15898328,16663812,20933844,,1980,1980,1980,1980,,11565512,12593036,12179320,11106620
2645,0,870,25,0,764,0,57810440,59931360,73889056,7920,46941968,,13013848,16585076,16232656,11978860,,17141972,12745976,12845848,17197564,,19666500,16573480,16707768,20941308,,1980,1980,1980,1980,,11594236,12031720,12207216,11108796
2648,0,871,24,0,765,0,57990876,59844680,73727340,7920,47055152,,13020956,16717076,16272788,11980056,,17146772,12681856,12814576,17201476,,19671308,16433920,16676752,20945360,,1980,1980,1980,1980,,11600568,12105276,12236092,11113216
2651,0,872,26,0,766,0,58061924,59772992,73656124,7920,47145868,,13035984,16764448,16273552,11987940,,17127268,12631980,12814860,17198884,,19651844,16384296,16677168,20942816,,1980,1980,1980,1980,,11616088,12168748,12239000,11122032
2654,0,873,27,0,767,0,57921792,59883892,73766716,7920,46963500,,13053532,16790916,16282272,11795072,,17111420,12601112,12808192,17363168,,19636012,16353636,16671032,21106036,,1980,1980,1980,1980,,11632172,12187352,12243520,10900456
2657,0,874,26,0,768,0,58075792,59731660,73616808,7920,47128876,,13068088,16798772,16282604,11926328,,17088752,12579964,12804024,17258920,,19613416,16333208,16668368,21001816,,1980,1980,1980,1980,,11642464,12189884,12256860,11039668
2660,1,875,26,0,769,0,57855912,59973128,73857048,7920,46943784,,12750144,16798180,16318036,11989552,,17441268,12589644,12755824,17186392,,19964928,16343184,16620472,20928464,,1980,1980,1980,1980,,11389476,12190360,12273264,11090684
2663,1,876,26,0,770,0,57559536,59857860,73740864,7920,47114092,,12895388,16368300,16323636,11972212,,17298228,12589524,12772284,17197824,,19821940,16342392,16636624,20939908,,1980,1980,1980,1980,,11545496,12196576,12277076,11094944
2666,1,877,26,0,771,0,57004428,60398384,74278828,7920,46562332,,12739824,16372884,16318572,11573148,,17433000,12600060,12769900,17595424,,19955228,16353108,16634564,21335928,,1980,1980,1980,1980,,11364928,12202720,12287752,10706932
2670,0,878,26,0,772,0,57032084,60370248,74252568,7920,46569476,,12867640,16386524,15938060,11839860,,17317928,12572032,13156440,17323848,,19840180,16327096,17020936,21064356,,1980,1980,1980,1980,,11507620,12212380,11909280,10940196
2673,0,879,27,0,773,0,57047432,60386420,74271524,7920,46628612,,12968196,15996352,16203860,11879024,,17216748,12965868,12882336,17321468,,19741492,16721008,16747148,21061876,,1980,1980,1980,1980,,11593836,11828732,12156904,11049140
2676,0,880,25,0,774,0,57245552,60165688,74046612,7920,46752900,,12980036,16058388,16305144,11901984,,17200436,12898296,12770108,17296848,,19725216,16652724,16631372,21037300,,1980,1980,1980,1980,,11609272,11831548,12244312,11067768
2679,1,881,23,0,775,0,57049308,60358800,74244448,7920,46528836,,12988612,16420672,16159464,11480560,,17194700,12967300,12914324,17282476,,19719680,16721620,16778692,21024456,,1980,1980,1980,1980,,11615780,11756836,12078520,11077700
2682,1,882,24,0,776,0,57311952,60053504,73939744,7920,46837216,,12943948,16612964,16265936,11489104,,17244220,12741108,12798344,17269832,,19769180,16495616,16662996,21011952,,1980,1980,1980,1980,,11609528,11963664,12177988,11086036
2685,1,883,24,0,777,0,57373892,59995388,73884384,7920,46845268,,12886288,16710320,16278288,11498996,,17290832,12657388,12791864,17255304,,19815792,16412740,16657536,20998316,,1980,1980,1980,1980,,11478400,12054532,12217220,11095116
2688,1,884,25,0,778,0,57734692,60110692,74001252,7920,46798776,,12972392,16688312,16324212,11749776,,17198428,12716076,12752928,17443260,,19723392,16471440,16619012,21187408,,1980,1980,1980,1980,,11571288,12085768,12242144,10899576
2692,0,885,25,0,779,0,57923632,59892648,73785080,7920,46990628,,13030448,16691404,16341372,11860408,,17130696,12722052,12726708,17313192,,19655680,16477620,16594432,21057348,,1980,1980,1980,1980,,11630716,12086240,12251144,11022528
2695,0,886,26,0,780,0,57735028,60070444,73964948,7920,46775412,,13034880,16449384,16345888,11904876,,17141164,12953612,12715496,17260172,,19666160,16711096,16583352,21004340,,1980,1980,1980,1980,,11639408,11815420,12257508,11063076
2698,0,887,27,0,781,0,57933304,59888136,73783372,7920,46989168,,13041880,16630804,16336448,11924172,,17138728,12773244,12729192,17246972,,19663740,16531072,16597360,20991200,,1980,1980,1980,1980,,11643628,11995376,12265980,11084184
2701,0,888,29,0,782,0,57662600,60165924,74064416,7920,46706916,,12667680,16690200,16363728,11940992,,17510724,12702764,12726360,17226076,,20036776,16460816,16595072,20971752,,1980,1980,1980,1980,,11283480,12051788,12276812,11094836
2704,1,889,30,0,783,0,57912356,59927200,73826676,7920,47003128,,12943264,16692536,16328120,11948436,,17243388,12701440,12760424,17221948,,19769492,16459976,16629536,20967672,,1980,1980,1980,1980,,11529716,12082512,12289672,11101228
2707,1,890,30,0,784,0,58058136,59749768,73649600,7920,47138984,,13025672,16700660,16358508,11973296,,17139528,12692760,12724568,17192912,,19665648,16451524,16593768,20938660,,1980,1980,1980,1980,,11620876,12086832,12306008,11125268
2710,1,891,30,0,785,0,57267300,60102120,74004348,7920,46811916,,12623700,16722680,16366808,11554112,,17536284,12665564,12718384,17181888,,20062412,16425080,16589096,20927760,,1980,1980,1980,1980,,11255148,12100056,12317176,11139536
2713,1,892,30,0,786,0,57583796,59770724,73672128,7920,47064740,,12907128,16728172,16391260,11557236,,17252988,12646256,12690496,17180984,,19777992,16405952,16561544,20926640,,1980,1980,1980,1980,,11481180,12104228,12333576,11145756
2717,0,893,30,0,787,0,57754912,59641832,73547768,7920,47255544,,13013408,16754328,16399396,11587780,,17165112,12640740,12678912,17157068,,19690160,16401140,16552060,20904408,,1980,1980,1980,1980,,11597408,12131752,12353408,11172976
2720,0,894,32,0,788,0,57019000,60391264,74294344,7920,46563108,,12982696,16775296,15646812,11614196,,17218776,12599396,13433056,17140036,,19743728,16360040,17305404,20885172,,1980,1980,1980,1980,,11634808,12144432,11588460,11195408
2723,0,895,30,0,789,0,57565604,60256216,74161124,7920,46647340,,13007304,16755888,16110016,11692396,,17190300,12627752,12966760,17471404,,19715248,16388436,16839436,21218004,,1980,1980,1980,1980,,11661256,12148576,12024144,10813364
2726,0,896,30,0,790,0,58030580,59798964,73704736,7920,47101988,,13024824,16781916,16278716,11945124,,17174520,12612108,12792324,17220012,,19700016,16372952,16665152,20966616,,1980,1980,1980,1980,,11676104,12167848,12189912,11068124
2729,1,897,31,0,791,0,57791700,59528800,73434584,7920,47312296,,13041056,16795648,16367792,11587204,,17131624,12584280,12669584,17143312,,19658532,16345556,16542932,20887564,,1980,1980,1980,1980,,11697280,12178208,12277864,11158944
2732,1,898,31,0,792,0,57611656,59782744,73691572,7920,47112308,,12827412,16805868,16389556,11588820,,17362424,12576084,12666920,17177316,,19890604,16337428,16540568,20922972,,1980,1980,1980,1980,,11450736,12182480,12292984,11186108
2736,0,899,32,0,793,0,57811956,59581212,73488800,7920,47329616,,12978156,16822196,16400700,11610904,,17200048,12571036,12661952,17148176,,19728244,16332784,16536064,20891708,,1980,1980,1980,1980,,11613512,12209444,12301360,11205300
2739,0,900,32,0,794,0,57080408,59887812,73794516,7920,47071048,,13062488,16399516,15986240,11632164,,17121104,12995928,12646132,17124648,,19649312,16757500,16519640,20868064,,1980,1980,1980,1980,,11692356,11828936,12313168,11236588
2742,0,901,32,0,795,0,57007516,59965396,73870344,7920,46933380,,13075804,16310696,16416100,11204916,,17117136,13087140,12647676,17113444,,19645368,16848048,16521240,20855688,,1980,1980,1980,1980,,11705784,11672992,12318772,11235832
2745,0,902,29,0,796,0,56858656,60058664,73967428,7920,46603356,,12935456,16584816,16351120,10987264,,17242108,12790964,12706316,17319276,,19769276,16552400,16580836,21064916,,1980,1980,1980,1980,,11537592,11946180,12126280,10993304
2748,1,903,29,0,797,0,57510900,59851284,73760892,7920,46831752,,13038948,16715428,16456904,11299620,,17144680,12653848,12614188,17438568,,19671908,16416428,16488992,21183564,,1980,1980,1980,1980,,11647600,12083204,12248804,10852144
2751,1,904,29,0,798,0,58005784,59749760,73659688,7920,46897268,,13082480,16712100,16525656,11685548,,17092464,12673912,12517136,17466248,,19619712,16436624,16392324,21211028,,1980,1980,1980,1980,,11687984,12121848,12299856,10787580
2754,1,905,27,0,799,0,57959160,59792372,73701564,7920,46873572,,12859760,16724516,16512884,11862000,,17310540,12670928,12521140,17289764,,19836680,16433752,16396568,21034564,,1980,1980,1980,1980,,11448896,12131844,12302288,10990544
2757,1,906,27,0,800,0,57608316,59738408,73647120,7920,46916508,,13005644,16305304,16334188,11963180,,17163404,12665008,12731048,17178948,,19689576,16424776,16606452,20926316,,1980,1980,1980,1980,,11608320,12135016,12082560,11090612
2761,0,907,27,0,801,0,57842272,59482664,73396948,7920,47156800,,13074224,16326376,16453388,11988284,,17082608,12647036,12598412,17154608,,19608768,16411924,16474224,20902032,,1980,1980,1980,1980,,11668704,12156304,12226632,11105160
2764,0,908,28,0,802,0,57503668,59821260,73736444,7920,46841248,,12660472,16351084,16504568,11987544,,17523064,12621760,12522008,17154428,,20049256,16386912,16398360,20901916,,1980,1980,1980,1980,,11291596,12172172,12270632,11106848
2767,0,909,27,0,803,0,57478840,59913400,73827948,7920,46795764,,12964116,16078308,16437372,11999044,,17200852,12900752,12653704,17158092,,19725620,16666548,16530164,20905616,,1980,1980,1980,1980,,11522352,11878992,12280872,11113548
2770,1,910,27,0,804,0,57560920,59803316,73720088,7920,46871628,,13043192,16254640,16487424,11775664,,17119084,12713000,12595184,17376048,,19643860,16479144,16474672,21122412,,1980,1980,1980,1980,,11619552,12065340,12321208,10865528
2773,1,911,29,0,805,0,57435052,59934420,73849840,7920,46753656,,12684700,16331928,16501788,11916636,,17485016,12622468,12581324,17245612,,20008600,16387420,16461784,20992036,,1980,1980,1980,1980,,11263964,12135048,12335812,11018832
2776,1,912,29,0,806,0,57798728,59524856,73442228,7920,47093512,,12971832,16322812,16523744,11980340,,17186612,12637400,12550536,17150308,,19710064,16403100,16431308,20897756,,1980,1980,1980,1980,,11511344,12151592,12349712,11080864
2780,0,913,30,0,807,0,57225732,60155112,74072904,7920,46531168,,12575148,16376188,16277248,11997148,,17616244,12579508,12808600,17150760,,20139224,16346708,16688724,20898248,,1980,1980,1980,1980,,11198736,12167064,12067120,11098248
2783,0,914,29,0,808,0,56874216,60077692,73996988,7920,46624052,,12463740,16374684,16031572,12004220,,17741636,12565836,12615164,17155056,,20265680,16333188,16495520,20902600,,1980,1980,1980,1980,,11075468,12179232,12265128,11104224
2786,0,915,28,0,809,0,57330844,60031196,73944528,7920,46656004,,12765344,16412700,16112004,12040796,,17425924,12977700,12523340,17104232,,19949984,16737108,16403832,20853604,,1980,1980,1980,1980,,11375796,11798344,12346092,11135772
2789,1,916,30,0,810,0,57509128,59856724,73783864,7920,46790528,,12856888,16696852,15903164,12052224,,17325548,12688412,12750820,17091944,,19849664,16458952,16633876,20841372,,1980,1980,1980,1980,,11480816,12045672,12111844,11152196
2792,1,917,29,0,811,0,57932304,59890812,73815456,7920,46842112,,12892712,16793140,16242276,12004176,,17292804,12576772,12819052,17202184,,19816992,16347444,16701440,20949580,,1980,1980,1980,1980,,11508032,12147908,12025876,11160296
2795,1,918,28,0,812,0,57693636,60109924,74034424,7920,46540516,,12628300,16842376,16431156,11791804,,17561468,12530820,12635596,17382040,,20085616,16302308,16518496,21128004,,1980,1980,1980,1980,,11228416,12187152,12209540,10915408
2799,0,919,29,0,813,0,58097620,59682896,73607936,7920,46979928,,12788212,16864692,16497764,11946952,,17385072,12511096,12550392,17236336,,19909236,16282896,16433500,20982304,,1980,1980,1980,1980,,11401472,12210804,12285192,11082460
2802,0,920,28,0,814,0,58093988,59676120,73604780,7920,46935056,,12869208,16652408,16545352,12027020,,17312348,12713860,12505248,17144664,,19836560,16485432,16388668,20894120,,1980,1980,1980,1980,,11479272,11984696,12307304,11163784
2805,1,921,31,0,815,0,57842420,59505416,73436796,7920,47127996,,12884992,16358356,16551168,12047904,,17279804,12593456,12505764,17126392,,19805176,16365732,16390004,20875884,,1980,1980,1980,1980,,11490724,12125560,12328308,11183404
2808,1,922,32,0,816,0,57119256,60257316,74181796,7920,46459628,,12901240,16369748,16580980,11267288,,17270888,12588268,12468596,17929564,,19796300,16360600,16353432,21671464,,1980,1980,1980,1980,,11496880,12185368,12345048,10432332
2811,1,923,30,0,817,0,57298216,60049464,73980956,7920,46546428,,12933600,16471928,16154988,11737700,,17238244,12915776,12469696,17425748,,19763668,16691560,16354504,21171224,,1980,1980,1980,1980,,11527364,11818424,12355404,10845236
2814,1,924,29,0,818,0,57707988,59618184,73542520,7920,46987244,,12939548,16691000,16170380,11907060,,17228416,12690592,12456536,17242640,,19753868,16466464,16334044,20988144,,1980,1980,1980,1980,,11542172,12058152,12361660,11025260
2818,0,925,28,0,819,0,58188976,59554604,73486092,7920,47015912,,12941148,16793072,16449248,12005508,,17227156,12595028,12598572,17133848,,19752616,16371240,16482844,20879392,,1980,1980,1980,1980,,11544292,12149368,12202200,11120052
2821,0,926,28,0,820,0,58383220,59330988,73263184,7920,47182304,,12967936,16844064,16553212,12018008,,17198636,12519988,12484252,17128112,,19724116,16296444,16368904,20873720,,1980,1980,1980,1980,,11561396,12182508,12309864,11128536
2824,0,927,29,0,821,0,58186208,59542696,73473884,7920,46969496,,12992516,16864212,16303212,12026268,,17174016,12508512,12727060,17133108,,19699508,16284688,16610956,20878732,,1980,1980,1980,1980,,11588408,12195240,12050628,11135220
2827,0,928,28,0,822,0,58357752,59422236,73354692,7920,47212812,,12998032,16870632,16440960,12048128,,17175220,12508716,12633232,17105068,,19700732,16285300,16517940,20850720,,1980,1980,1980,1980,,11594448,12202940,12263844,11151580
2830,1,929,29,0,823,0,58295956,59471352,73401224,7920,47123124,,13011432,16902400,16524356,11857768,,17167820,12481036,12528324,17294172,,19693352,16255912,16413184,21038776,,1980,1980,1980,1980,,11610936,12228020,12339264,10944904
2833,1,930,29,0,824,0,58057044,59728268,73659336,7920,46905144,,13028724,16519060,16536652,11972608,,17157736,12862036,12531368,17177128,,19684628,16636392,16416576,20921740,,1980,1980,1980,1980,,11627936,11847040,12357892,11072276
2836,1,931,29,0,825,0,58433788,59352700,73286188,7920,47230148,,13053248,16797148,16552724,12030668,,17136500,12577984,12529696,17108520,,19664752,16353028,16415232,20853176,,1980,1980,1980,1980,,11645164,12093204,12366600,11125180
2840,0,932,29,0,826,0,57388380,59999536,73929504,7920,46590232,,13029588,16179628,16317628,11861536,,17173496,12767080,12770052,17288908,,19701732,16540936,16654368,21032468,,1980,1980,1980,1980,,11658656,11889032,12112200,10930344
2843,0,933,25,0,827,0,56736924,60176928,74106780,7920,46416532,,12797268,16363804,16048324,11527528,,17386688,12582592,13017196,17190452,,19914536,16356932,16901336,20933976,,1980,1980,1980,1980,,11409300,12082612,11881912,11042708
2846,1,934,23,0,828,0,57122232,60191020,74123852,7920,46305064,,12706412,16438532,16369616,11607672,,17469960,12493944,12691072,17536044,,19996800,16268484,16580180,21278388,,1980,1980,1980,1980,,11304336,12157972,12156588,10686168
2849,1,935,22,0,829,0,57451096,60261332,74197856,7920,46237880,,12895096,16422340,16257988,11875672,,17286372,12941196,12777340,17256424,,19813224,16716120,16665820,21002692,,1980,1980,1980,1980,,11504596,11776944,12024176,10932164
2853,0,936,22,0,830,0,57361520,60392068,74324396,7920,46213868,,12799412,16710300,16420216,11431592,,17365416,12655536,12618284,17752832,,19892252,16428696,16507152,21496296,,1980,1980,1980,1980,,11379848,11990884,12211820,10631316
2856,1,937,21,0,831,0,58004668,59776140,73713192,7920,46792240,,12932068,16805996,16510040,11756564,,17239644,12572676,12527364,17436456,,19766540,16350060,16416740,21179852,,1980,1980,1980,1980,,11522860,12105292,12284228,10879860
2860,0,938,23,0,832,0,57514324,59807204,73749636,7920,46720064,,12983540,16610396,16081140,11839248,,17175808,12744648,12539384,17347364,,19702724,16524276,16428908,21093728,,1980,1980,1980,1980,,11572148,11866540,12299720,10981656
2863,0,939,25,0,833,0,57518428,59787400,73730184,7920,46711140,,12820688,16742208,16091608,11863924,,17352512,12611112,12505660,17318116,,19879124,16390992,16395548,21064520,,1980,1980,1980,1980,,11378244,12026344,12302464,11004088
2866,1,940,25,0,834,0,57740504,59590400,73534364,7920,46923660,,12948900,16830240,16089568,11871796,,17214240,12519172,12539924,17317064,,19740900,16300060,16429928,21063476,,1980,1980,1980,1980,,11509536,12095320,12308852,11009952
2869,1,941,25,0,835,0,57745128,59613908,73558352,7920,46986332,,12974708,16769340,16116252,11884828,,17181488,12621372,12508852,17302196,,19708176,16402204,16399348,21048624,,1980,1980,1980,1980,,11536108,12109816,12317848,11022560
2872,1,942,26,0,836,0,57778384,59569384,73516512,7920,47041556,,12992576,16774916,16112748,11898144,,17173012,12614012,12497744,17284616,,19699728,16396244,16389484,21031056,,1980,1980,1980,1980,,11556612,12120828,12327280,11036836
2875,1,943,27,0,837,0,57824004,59495616,73443028,7920,47069984,,12999276,16784764,16131852,11908112,,17163940,12609236,12468740,17253700,,19690664,16391572,16360628,21000164,,1980,1980,1980,1980,,11561064,12134968,12332968,11040984
2878,1,944,27,0,838,0,57877032,59463984,73413680,7920,47127036,,13012988,16804348,16131104,11928592,,17152044,12583480,12491640,17236820,,19678776,16366208,16385404,20983292,,1980,1980,1980,1980,,11575368,12151928,12348372,11051368
2881,1,945,28,0,839,0,57924824,59387400,73339196,7920,47182332,,13013036,16829436,16144556,11937796,,17139740,12565152,12456872,17225636,,19666496,16347916,16351228,20973556,,1980,1980,1980,1980,,11577900,12172788,12352584,11079060
2884,1,946,29,0,840,0,57552920,59343408,73301644,7920,47246532,,13034508,16415264,16145440,11957708,,17122644,12547928,12467300,17205536,,19649428,16334980,16363764,20953472,,1980,1980,1980,1980,,11598568,12198696,12368108,11081160
2887,1,947,31,0,841,0,57646464,59718972,73677132,7920,46918024,,13053568,16519172,16119828,11953896,,17105284,12883988,12513660,17216040,,19632072,16670904,16410148,20964008,,1980,1980,1980,1980,,11617336,11831252,12382164,11087272
2890,1,948,30,0,842,0,57948168,59388304,73349032,7920,47215872,,13060268,16777944,16127432,11982524,,17083196,12603576,12507204,17194328,,19612020,16390824,16403876,20942312,,1980,1980,1980,1980,,11625084,12087564,12395456,11107768
2893,1,949,30,0,843,0,57763068,59576164,73536408,7920,47012200,,12766232,16860544,16158308,11977984,,17400884,12511460,12472568,17191252,,19928592,16298904,16369648,20939264,,1980,1980,1980,1980,,11306164,12183632,12412044,11110360
2897,0,950,28,0,844,0,58267956,59485548,73446196,7920,47053196,,12993128,16886784,16394372,11993672,,17154160,12497620,12655000,17178768,,19681904,16285748,16551752,20926792,,1980,1980,1980,1980,,11520448,12205692,12208788,11118268
2900,0,951,28,0,845,0,58137288,59662308,73615212,7920,47012624,,12952896,16909664,16287936,11986792,,17239040,12466596,12762292,17194380,,19766788,16254904,16659916,20933604,,1980,1980,1980,1980,,11588152,12222216,12072736,11129520
2903,0,952,28,0,846,0,57928868,59436952,73386732,7920,47243360,,12963468,16912048,16460264,11593088,,17223888,12458768,12576740,17177556,,19751472,16247216,16475220,20912824,,1980,1980,1980,1980,,11597808,12226448,12268212,11150892
2906,0,953,29,0,847,0,58019492,59341156,73291756,7920,47339496,,12964984,16925340,16543252,11585916,,17228992,12443164,12493392,17175608,,19756980,16231740,16392024,20911012,,1980,1980,1980,1980,,11606472,12237028,12342400,11153596
2909,0,954,30,0,848,0,57442020,59526016,73479048,7920,47125956,,12973976,16942696,16338844,11186504,,17228568,12427444,12705900,17164104,,19756564,16216332,16606940,20899212,,1980,1980,1980,1980,,11616512,12242132,12111288,11156024
2912,1,955,28,0,849,0,57188372,60645644,74609464,7920,46100600,,12567952,16783504,16483104,11353812,,17628444,12590612,12567316,17859272,,20156452,16378452,16468792,21605768,,1980,1980,1980,1980,,11232348,12063088,12266400,10538764
2915,1,956,26,0,850,0,58090208,59704548,73725984,7920,46867556,,12838568,16895360,16575580,11780700,,17368768,12475000,12446776,17414004,,19896800,16263256,16348748,21217180,,1980,1980,1980,1980,,11442540,12178192,12345216,10901608
2918,1,957,27,0,851,0,58132876,59631240,73707080,7920,46934960,,12626140,16913504,16589824,12003408,,17561460,12446348,12434104,17189328,,20088100,16234904,16336352,21047724,,1980,1980,1980,1980,,11213744,12223704,12367104,11130408
2922,0,958,26,0,852,0,58510336,59261564,73339316,7920,47280684,,12868084,16948012,16620432,12073808,,17315488,12432772,12410644,17102660,,19842136,16222048,16313240,20961892,,1980,1980,1980,1980,,11451700,12243716,12386512,11198756
2925,0,959,27,0,853,0,58141716,59170456,73250012,7920,47388608,,12935620,16945144,16613808,11647144,,17239224,12426176,12418936,17086120,,19766832,16215888,16321700,20945592,,1980,1980,1980,1980,,11529288,12259624,12398584,11201112
2928,0,960,28,0,854,0,58265452,59502372,73585008,7920,47048896,,12973924,16963216,16641140,11687172,,17197696,12404280,12395568,17504828,,19725512,16195860,16298564,21365072,,1980,1980,1980,1980,,11562824,12269116,12407536,10809420
2931,0,961,28,0,855,0,58144192,59597992,73686596,7920,46938672,,12977960,16949164,16684916,11532152,,17185744,12429020,12338676,17644552,,19713568,16220824,16242148,21510056,,1980,1980,1980,1980,,11566740,12279432,12434864,10657636
2934,0,962,30,0,856,0,58052300,59698684,73789996,7920,46842400,,12991652,16529416,16700548,11830684,,17176696,12853960,12324924,17343104,,19705900,16647264,16228612,21208220,,1980,1980,1980,1980,,11587844,11906648,12437556,10910352
2937,1,963,30,0,857,0,58487616,59260660,73353972,7920,47237492,,13009340,16809724,16700348,11968204,,17158552,12573740,12338612,17189756,,19689836,16366712,16242544,21054880,,1980,1980,1980,1980,,11607632,12118332,12454788,11056740
2940,1,964,30,0,858,0,58274832,59040996,73135076,7920,47447880,,13029840,16912888,16311044,12021060,,17150124,12467520,12293528,17129824,,19683120,16260660,16196112,20995184,,1980,1980,1980,1980,,11622908,12235244,12486708,11103020
2944,0,965,32,0,859,0,58807468,58912716,73007608,7920,47545380,,13048960,16975264,16751428,12031816,,17131092,12392252,12268404,17120968,,19664100,16185756,16171380,20986372,,1980,1980,1980,1980,,11643556,12288812,12499264,11113748
2947,0,966,32,0,860,0,57167312,59273972,73368288,7920,47193776,,12699336,16567224,15854872,12045880,,17489208,12369388,12317304,17098072,,20022228,16162712,16219720,20963628,,1980,1980,1980,1980,,11258716,12302652,12514324,11118084
2950,0,967,32,0,861,0,57398468,59457184,73553736,7920,46956296,,12960088,16576468,15805976,12055936,,17207296,12365400,12802848,17081640,,19740320,16158560,16707360,20947496,,1980,1980,1980,1980,,11534368,12312248,11987152,11122528
2953,0,968,29,0,862,0,57250036,59601916,73696372,7920,46773880,,13025236,16332572,15826276,12065952,,17135772,12625048,12773888,17067208,,19668828,16416708,16677556,20933280,,1980,1980,1980,1980,,11608456,12045448,11987048,11132928
2956,1,969,28,0,863,0,57727916,59558256,73652400,7920,46792048,,13035720,16566780,16042704,12082712,,17131100,12812184,12551952,17063020,,19664232,16603112,16455936,20929120,,1980,1980,1980,1980,,11621452,11815664,12209548,11145384
2959,1,970,27,0,864,0,57750136,59496704,73589928,7920,46858156,,13072720,16443364,16191144,12042908,,17077656,12908792,12393020,17117236,,19610812,16698320,16297448,20983348,,1980,1980,1980,1980,,11656408,11693292,12359204,11149252
2962,1,971,27,0,865,0,58092716,59218716,73312644,7920,47204396,,13035892,16784768,16217484,12054572,,17169516,12580328,12364188,17104684,,19702708,16368776,16268916,20972244,,1980,1980,1980,1980,,11671824,11977476,12393516,11161580
2966,0,972,27,0,866,0,58166108,59558504,73653156,7920,46796892,,13046612,16930388,16108860,12080248,,17149840,12436676,12900632,17071356,,19683048,16225240,16804432,20940436,,1980,1980,1980,1980,,11681228,12125312,11813672,11176680
2969,0,973,26,0,867,0,58274988,59419500,73514692,7920,46901540,,13057868,17016568,16127132,12073420,,17127380,12325656,12883964,17082500,,19660648,16114708,16787748,20951588,,1980,1980,1980,1980,,11693968,12205476,11819876,11182220
2972,0,974,25,0,868,0,58536424,59167108,73264392,7920,47191568,,13076732,17032116,16365592,12061984,,17109620,12303620,12637664,17116204,,19642924,16092772,16541944,20986752,,1980,1980,1980,1980,,11706728,12217456,12068348,11199036
2975,1,975,25,0,869,0,58557796,59151700,73248892,7920,47185352,,12914680,17063620,16487648,12091848,,17282400,12289680,12489712,17089908,,19815760,16079352,16394496,20959284,,1980,1980,1980,1980,,11516916,12240784,12211608,11216044
2979,0,976,26,0,870,0,58351500,59345208,73443000,7920,46950388,,12667132,17070256,16527456,12086656,,17515644,12280972,12458680,17089912,,20049008,16071052,16363628,20959312,,1980,1980,1980,1980,,11253108,12241568,12235480,11220232
2982,0,977,26,0,871,0,58463088,59237716,73337964,7920,47019628,,12938380,17084148,16542680,11897880,,17231288,12271232,12443780,17291416,,19764680,16066832,16349184,21157268,,1980,1980,1980,1980,,11521484,12257048,12249384,10991712
2985,0,978,27,0,872,0,58036756,59202660,73303648,7920,47012904,,13011088,16672440,16563040,11790188,,17154224,12231340,12420468,17396628,,19687636,16028764,16326064,21261184,,1980,1980,1980,1980,,11604720,12274112,12253316,10880756
2988,1,979,26,0,873,0,57549556,59222488,73323316,7920,46934716,,12776416,16255344,16554452,11963344,,17377524,12204992,12442516,17197456,,19910124,16002816,16348360,21062016,,1980,1980,1980,1980,,11329968,12287412,12259316,11058020
2991,1,980,28,0,874,0,57383600,59447728,73548364,7920,46843848,,12561396,16195768,16584904,12041532,,17616020,12319964,12403908,17107836,,20147712,16117892,16310340,20972420,,1980,1980,1980,1980,,11137088,12300840,12274624,11131296
2994,1,981,27,0,875,0,57787552,59472652,73579272,7920,46788992,,12876840,16274196,16585056,12051460,,17286348,12674916,12403900,17107488,,19817896,16473992,16310472,20976912,,1980,1980,1980,1980,,11416320,11926360,12289164,11157148
2998,0,982,27,0,876,0,58152296,59088904,73195964,7920,47172392,,12974780,16506484,16600728,12070304,,17179616,12431972,12391440,17085876,,19711212,16231176,16298264,20955312,,1980,1980,1980,1980,,11524304,12190804,12294096,11163188
3001,0,983,28,0,877,0,58726364,58931472,73038628,7920,47314700,,13005496,17040528,16603252,12077088,,17138652,12317108,12388868,17086844,,19670296,16115708,16296188,20956436,,1980,1980,1980,1980,,11554168,12278392,12314752,11167388
3004,0,984,27,0,878,0,58551032,59161612,73270552,7920,47129196,,13010992,16833964,16620248,12085828,,17149060,12533812,12381436,17097304,,19680752,16333584,16289308,20966908,,1980,1980,1980,1980,,11562772,12062792,12319548,11184084
3007,1,985,27,0,879,0,58200696,59121188,73230244,7920,47290844,,13013484,16569488,16519560,12098164,,17142004,12374008,12526084,17079092,,19673708,16173944,16433868,20948724,,1980,1980,1980,1980,,11565456,12213484,12321580,11190324
3010,1,986,27,0,880,0,58104160,59657388,73764496,7920,46708876,,12708552,16753048,16537168,12105392,,17469856,12615184,12504572,17067776,,20000352,16415504,16411224,20937416,,1980,1980,1980,1980,,11233860,11952388,12328212,11194416
3013,1,987,25,0,881,0,58512540,59221024,73328624,7920,47123728,,12914000,16938640,16541300,12118600,,17251092,12432384,12486536,17051012,,19781600,16232860,16393504,20920660,,1980,1980,1980,1980,,11447580,12138420,12332904,11204824
3016,1,988,25,0,882,0,58512696,59204340,73309912,7920,47087688,,12992680,17009648,16375220,12135148,,17168036,12336772,12678132,17021400,,19699220,16138024,16585432,20887236,,1980,1980,1980,1980,,11518100,12212696,12131368,11225524
3019,1,989,26,0,883,0,58675380,59046048,73157756,7920,47258796,,13011684,17031036,16493392,12139268,,17148432,12313100,12567388,17017128,,19685032,16114640,16475112,20882972,,1980,1980,1980,1980,,11539240,12243900,12245800,11229856
3022,1,990,26,0,884,0,58285436,59481808,73594432,7920,46972528,,12949200,17051236,16567736,11717264,,17258308,12300224,12478464,17444812,,19794740,16101804,16387100,21310788,,1980,1980,1980,1980,,11561224,12250200,12314520,10846584
3026,0,991,27,0,885,0,58169476,59586564,73703180,7920,46810724,,12955872,17059072,16570168,11584364,,17246480,12288268,12458384,17593432,,19782928,16089996,16368440,21461816,,1980,1980,1980,1980,,11566332,12260876,12323284,10660232
3029,0,992,26,0,886,0,58562408,59191556,73308944,7920,47158708,,12979960,17080364,16578132,11923952,,17209788,12274420,12458160,17249188,,19746248,16076524,16368564,21117608,,1980,1980,1980,1980,,11590112,12269888,12327312,10971396
3032,0,993,26,0,887,0,58640228,59114524,73229304,7920,47326996,,12992232,17086328,16582620,11979048,,17192220,12273444,12435604,17213256,,19728696,16072136,16346540,21081932,,1980,1980,1980,1980,,11604600,12289084,12333796,11099516
3035,1,994,26,0,888,0,58119344,59658516,73772424,7920,46826844,,12845660,16678188,16606972,11988524,,17346628,12682928,12430120,17198840,,19881764,16481568,16341508,21067584,,1980,1980,1980,1980,,11435464,11906744,12350936,11133700
3038,1,995,25,0,889,0,58554756,59195320,73308336,7920,47188672,,12951204,16987844,16613648,12002060,,17225792,12361408,12419300,17188820,,19760944,16159004,16330816,21057572,,1980,1980,1980,1980,,11550752,12145560,12354952,11137408
3041,1,996,25,0,890,0,58274728,59067228,73179780,7920,47328672,,12990024,17066420,16200044,12018240,,17192476,12281960,12420864,17171928,,19728776,16079912,16330264,21040828,,1980,1980,1980,1980,,11588112,12235404,12361284,11143872
3044,1,997,26,0,891,0,57948240,58925232,73038208,7920,47379448,,12996252,17193384,15754008,12004596,,17172452,12143044,12415108,17194628,,19708760,15941232,16324676,21063540,,1980,1980,1980,1980,,11593936,12261632,12377948,11145932
3047,1,998,26,0,892,0,57883956,59001716,73114492,7920,47233496,,13016284,17253352,15756976,11857344,,17152932,12086800,12409592,17352392,,19689296,15890524,16319372,21215300,,1980,1980,1980,1980,,11606032,12281236,12388608,10957620
3051,0,999,25,0,893,0,56721168,59767760,73881576,7920,46573660,,12420708,16146052,16206764,11947644,,17755792,12384432,12378500,17249036,,20290668,16186292,16286772,21117844,,1980,1980,1980,1980,,11006192,12094412,12391856,11081200
3054,0,1000,24,0,894,0,57251660,59635128,73754744,7920,46603612,,12775780,16254380,16215852,12005648,,17382636,12270156,12808068,17174268,,19917560,16072080,16722008,21043096,,1980,1980,1980,1980,,11329236,12209068,11943160,11122148
3057,1,1001,24,0,895,0,57705788,59626512,73749848,7920,46675208,,12936236,16300216,16453620,12015716,,17228892,12655816,12566080,17175724,,19763876,16458140,16480220,21047612,,1980,1980,1980,1980,,11496368,11860780,12180216,11137844
3060,1,1002,25,0,896,0,57923156,59785136,73904652,7920,46404724,,12978712,16362868,16543684,12037892,,17177728,12996456,12457756,17153196,,19712740,16794212,16372520,21025180,,1980,1980,1980,1980,,11544312,11422036,12292940,11145436
3064,0,1003,25,0,897,0,58381316,59335008,73459720,7920,46828688,,13002548,16752356,16584376,12042036,,17161464,12594720,12435576,17143248,,19698012,16395516,16350908,21015284,,1980,1980,1980,1980,,11563056,11784128,12317584,11163920
3067,0,1004,25,0,898,0,58146984,59594256,73719480,7920,46697812,,13012932,16963192,16101720,12069140,,17146544,12385116,12946848,17115748,,19683140,16186312,16862212,20987816,,1980,1980,1980,1980,,11573408,11998436,11949648,11176320
3070,1,1005,26,0,899,0,58290132,59422804,73548728,7920,46819684,,13023608,17088548,16117056,12060920,,17134340,12247496,12911844,17129124,,19670984,16049056,16827396,21001292,,1980,1980,1980,1980,,11585664,12099636,11953520,11180864
3073,1,1006,27,0,900,0,58299276,59426948,73554960,7920,46886728,,13046832,17058704,16111908,12081832,,17113524,12293164,12923548,17096712,,19651856,16094956,16839260,20968888,,1980,1980,1980,1980,,11609120,12114236,11966056,11197316
3076,1,1007,27,0,901,0,58021684,59710636,73842872,7920,46572236,,13082432,17093688,15734220,12111344,,17078608,12248140,13311996,17071892,,19616968,16052020,17228048,20945836,,1980,1980,1980,1980,,11627408,12137512,11590832,11216484
3079,1,1008,28,0,902,0,58327888,59384412,73517388,7920,46848956,,13087264,17092608,16015540,12132476,,17061352,12262472,13012224,17048364,,19599844,16066468,16928744,20922332,,1980,1980,1980,1980,,11641884,12149508,11823400,11234164
3082,1,1009,28,0,903,0,58410304,59325500,73460804,7920,46976296,,13055564,17108912,16105732,12140096,,17124972,12236780,12923668,17040080,,19665276,16040976,16840460,20914092,,1980,1980,1980,1980,,11658944,12152240,11916232,11248880
3086,0,1010,29,0,904,0,58472932,59267740,73403332,7920,47057472,,13060552,17109548,16139404,12163428,,17129328,12246116,12881236,17011060,,19669632,16050412,16798204,20885084,,1980,1980,1980,1980,,11677000,12168428,11944616,11267428
3089,0,1011,30,0,905,0,57878124,59852040,73988496,7920,46431312,,12412632,17141760,16149620,12174112,,17769400,12198184,12880916,17003540,,20311340,16002968,16798296,20875892,,1980,1980,1980,1980,,11016596,12183664,11957120,11273932
3092,0,1012,30,0,906,0,57848136,59441404,73573948,7920,46814168,,12815340,17130780,16165616,11736400,,17353280,12202736,12860512,17024876,,19895268,16007600,16778336,20892744,,1980,1980,1980,1980,,11383916,12186144,11967836,11276272
3095,1,1013,29,0,907,0,57839652,59861024,73996088,7920,46389360,,12755552,16734920,16176228,12172952,,17413916,12607336,12830564,17009208,,19955788,16416740,16748872,20874688,,1980,1980,1980,1980,,11314804,11810172,11976604,11287780
3098,1,1014,28,0,908,0,58387832,59323520,73458424,7920,46871536,,12955740,17042068,16191296,12198728,,17204848,12298796,12835152,16984724,,19746784,16107592,16753960,20850088,,1980,1980,1980,1980,,11522536,12047052,11989624,11312324
3102,0,1015,31,0,909,0,58257952,59461092,73602860,7920,46696384,,13031448,17141704,16216384,11868416,,17128172,12205832,12794036,17333052,,19670132,16015240,16714688,21202800,,1980,1980,1980,1980,,11599016,12142672,12004980,10949716
3105,1,1016,31,0,910,0,58525908,59176796,73319788,7920,47003112,,13059900,17150332,16245172,12070504,,17097764,12194464,12772500,17112068,,19639744,16004904,16693316,20981824,,1980,1980,1980,1980,,11626336,12163692,12031420,11181664
3108,1,1017,31,0,911,0,58268948,58984788,73130764,7920,47162568,,13106224,17168252,16263204,11731268,,17045508,12165644,12754596,17019040,,19587540,15976152,16675608,20891464,,1980,1980,1980,1980,,11661584,12176200,12041932,11282852
3111,1,1018,32,0,912,0,58268372,59033420,73181208,7920,47233340,,13114420,17130264,16258048,11765640,,17032936,12240892,12773472,16986120,,19575048,16052564,16695012,20858584,,1980,1980,1980,1980,,11675968,12192664,12060984,11303724
3114,1,1019,33,0,913,0,58008648,59288856,73439632,7920,46949840,,13115236,17131520,15858852,11903040,,17048260,12230752,12742732,17267112,,19590376,16042520,16663512,21143224,,1980,1980,1980,1980,,11678736,12196260,12070728,11004116
3117,1,1020,33,0,914,0,58086016,59661848,73813588,7920,46564016,,13140660,17136140,15698460,12110756,,17027104,12238336,13324168,17072240,,19569292,16050460,17245476,20948360,,1980,1980,1980,1980,,11701064,12205196,11458616,11199140
3121,0,1021,31,0,915,0,57912580,59384736,73537940,7920,46773924,,13164576,16954824,16032172,11761008,,16993816,12425684,12975896,16989340,,19536076,16238248,16897848,20865768,,1980,1980,1980,1980,,11721756,11995200,11770308,11286660
3124,0,1022,33,0,916,0,58233268,59045940,73208244,7920,47135836,,13172116,17092612,16184172,11784368,,16984268,12277840,12822576,16961256,,19526616,16090708,16745092,20845828,,1980,1980,1980,1980,,11734852,12135064,11948284,11317636
3127,0,1023,33,0,917,0,57355120,60355092,74519248,7920,45842924,,13180328,16766648,16217956,11190188,,16972716,12580976,12818260,17983140,,19515108,16391268,16740808,21872064,,1980,1980,1980,1980,,11742640,11803980,12002448,10293856
3130,1,1024,31,0,918,0,58220248,59478912,73645548,7920,46638072,,13214540,17062808,16235204,11707696,,16933520,12290260,12811024,17444108,,19476000,16102080,16734552,21332916,,1980,1980,1980,1980,,11776032,12061332,12031760,10768948
3133,1,1025,30,0,919,0,58529704,59145920,73313084,7920,46967032,,13228944,17122352,16247928,11930480,,16917644,12224896,12774188,17229192,,19460172,16036936,16698024,21117952,,1980,1980,1980,1980,,11790332,12143824,12040316,10992560
3137,0,1026,29,0,920,0,58485896,59221808,73389360,7920,46905932,,13034380,17142032,16237140,12072344,,17130412,12204248,12805668,17081480,,19671976,16016976,16729972,20970436,,1980,1980,1980,1980,,11551000,12161012,12048820,11145100
3140,0,1027,30,0,921,0,58380592,59326556,73496176,7920,46809288,,12818284,17114396,16289052,12158860,,17353876,12237148,12750052,16985480,,19895112,16050080,16676084,20874900,,1980,1980,1980,1980,,11342444,12167484,12084756,11214604
3143,1,1028,31,0,922,0,58581372,59099640,73269240,7920,47117164,,12997108,17142688,16291180,12150396,,17172840,12214004,12725952,16986844,,19713816,16027052,16652264,20876108,,1980,1980,1980,1980,,11605776,12186040,12099408,11225940
3146,1,1029,29,0,923,0,58043052,59659908,73829044,7920,46478384,,12604168,17173420,16096172,12169292,,17575316,12178444,12930352,16975796,,20113708,15994852,16855400,20865084,,1980,1980,1980,1980,,11168928,12203060,11872188,11234208
3149,1,1030,31,0,924,0,57638296,59624584,73794056,7920,46520340,,12478828,16743492,16234016,12181960,,17690212,12176760,12795980,16961632,,20227936,15992156,16722976,20850988,,1980,1980,1980,1980,,11033832,12211984,12032120,11242404
3153,0,1031,31,0,925,0,57622404,59251712,73411588,7920,46960104,,12817212,16799696,15873444,12132052,,17355380,12137680,12707600,17051052,,19893176,15945200,16633820,20939392,,1980,1980,1980,1980,,11365356,12246596,12088476,11259676
3156,0,1032,33,0,926,0,57383816,59015792,73178980,7920,47158848,,12966000,16798428,15463520,12155868,,17180428,12116216,12688832,17030316,,19718244,15924116,16616424,20920196,,1980,1980,1980,1980,,11528728,12252776,12104552,11272792
3159,1,1033,36,0,927,0,57521948,58869148,73023912,7920,47262004,,13014996,16827440,15499276,12180236,,17128384,12082212,12649164,17009388,,19666708,15890672,16572716,20893816,,1980,1980,1980,1980,,11575372,12261948,12131128,11293556
3162,1,1034,34,0,928,0,58096184,59181732,73343628,7920,46954892,,12870884,17092576,15937128,12195596,,17294204,12230832,12657052,16999644,,19831188,16050300,16577992,20884148,,1980,1980,1980,1980,,11402608,12108948,12134628,11308708
3166,0,1035,34,0,929,0,57696816,59285808,73455312,7920,46927940,,12751248,17193320,15529568,12222680,,17423760,12153948,12734996,16973104,,19959676,15974432,16657168,20864036,,1980,1980,1980,1980,,11263940,12230696,12093132,11340172
3169,1,1036,35,0,930,0,58145156,59581704,73759908,7920,46654356,,12913744,17194288,15801416,12235708,,17246272,12163216,13216108,16956108,,19783192,15984104,17145616,20846996,,1980,1980,1980,1980,,11435048,12276344,11591076,11351888
3173,0,1037,34,0,931,0,58328472,59353904,73530376,7920,46779576,,12966068,17215424,15887868,12259112,,17174108,12135844,13125244,16918708,,19711048,15955224,17054508,20809596,,1980,1980,1980,1980,,11492860,12307728,11609844,11369144
3176,0,1038,33,0,932,0,58210240,59056884,73232972,7920,47095208,,12988776,16802008,16123336,12296120,,17163436,12129212,12881044,16883192,,19700412,15948040,16810428,20774092,,1980,1980,1980,1980,,11512640,12313300,11859392,11409876
3179,1,1039,33,0,933,0,58169628,59509088,73686380,7920,46607496,,13009716,16977472,16264780,11917660,,17120772,12380028,12732700,17275588,,19657756,16199480,16662492,21166652,,1980,1980,1980,1980,,11533424,12044356,12000188,11029528
3182,1,1040,31,0,934,0,57969044,59681672,73859808,7920,46444528,,13013136,17144748,16059512,11751648,,17118572,12205172,12928468,17429460,,19655600,16024800,16858820,21320588,,1980,1980,1980,1980,,11535612,12212948,11803000,10892968
3186,0,1041,29,0,935,0,58209220,59456136,73631084,7920,46668960,,13029308,16982596,16123088,12074228,,17101460,12338928,12905956,17109792,,19638504,16155744,16836572,21000264,,1980,1980,1980,1980,,11550108,12022456,11945844,11150552
3189,1,1042,28,0,936,0,58153576,59070108,73250668,7920,47058776,,13039928,16705524,16201228,12206896,,17077720,12189360,12820196,16982832,,19614792,16011560,16751000,20873316,,1980,1980,1980,1980,,11560892,12197944,12002364,11297576
3192,1,1043,29,0,937,0,58057024,59167204,73348368,7920,46921348,,13047388,16774628,16211916,12023092,,17074112,12118316,12821124,17153652,,19611200,15940808,16752256,21044104,,1980,1980,1980,1980,,11568872,12258720,12015212,11078544
3196,0,1044,27,0,938,0,58429912,59236784,73419244,7920,46859960,,13066280,16989028,16227924,12146680,,17069748,12341752,12783916,17041368,,19608120,16163900,16715384,20931840,,1980,1980,1980,1980,,11583852,12025268,12024012,11226828
3199,0,1045,28,0,939,0,58672748,59002644,73185880,7920,47093116,,13086124,17125916,16223548,12237160,,17046716,12209772,12802596,16943560,,19585112,16032140,16734584,20834044,,1980,1980,1980,1980,,11604164,12167016,12026672,11295264
3202,0,1046,28,0,940,0,58345040,59384380,73566440,7920,46851908,,12995184,17169424,15954324,12226108,,17192344,12157064,13069492,16965480,,19730576,15979592,17000288,20855984,,1980,1980,1980,1980,,11609992,12224136,11722000,11295780
3205,1,1047,29,0,941,0,58153192,59112928,73294716,7920,47097404,,13014988,17191016,16147396,11799792,,17174528,12133284,12869120,16935996,,19712752,15955964,16800064,20825936,,1980,1980,1980,1980,,11628504,12237040,11924340,11307520
3208,1,1048,29,0,942,0,58261076,58989536,73172228,7920,47220868,,13041508,17183628,16209444,11826496,,17132288,12155592,12796480,16905176,,19670520,15978772,16727808,20795128,,1980,1980,1980,1980,,11655252,12243728,11991624,11330264
3211,1,1049,28,0,943,0,57701704,59592484,73773640,7920,46675992,,12889448,17214184,15826428,11771644,,17287236,12118788,13196324,16990136,,19824504,15942048,17127216,20879872,,1980,1980,1980,1980,,11469796,12254200,11621508,11330488
3214,1,1050,27,0,944,0,57717772,59578808,73755836,7920,46658120,,12980320,16838008,16108660,11790784,,17196888,12500152,12903456,16978312,,19734168,16321348,16834816,20865504,,1980,1980,1980,1980,,11573724,11878764,11866656,11338976
3218,0,1051,27,0,945,0,57181628,59665636,73846596,7920,46471624,,13041264,17126308,15781192,11232864,,17134228,12199552,12800532,17531324,,19672464,16022344,16731412,21420376,,1980,1980,1980,1980,,11631632,12123588,11959280,10757124
3221,1,1052,27,0,946,0,57690564,59567484,73747744,7920,46538044,,13044700,17214828,15793640,11637396,,17124568,12105916,12793220,17543780,,19662884,15929260,16724224,21431376,,1980,1980,1980,1980,,11639448,12209712,11977796,10711088
3224,1,1053,26,0,947,0,57394284,59421824,73602732,7920,46652108,,12866968,16805600,15816048,11905668,,17320180,12077148,12760160,17264336,,19858620,15900836,16691324,21151952,,1980,1980,1980,1980,,11431932,12238568,11998124,10983484
3228,0,1054,27,0,948,0,57827556,59392288,73573028,7920,46627276,,12999504,16803472,15949280,12075300,,17184688,12070408,13046924,17090268,,19723160,15894856,16979284,20975728,,1980,1980,1980,1980,,11569032,12243000,11672400,11142844
3231,0,1055,27,0,949,0,58077340,59194120,73374816,7920,46931796,,13047436,16755772,16149368,12124764,,17135408,12152852,12860012,17045848,,19673900,15976892,16792656,20931368,,1980,1980,1980,1980,,11614284,12258644,11876140,11182728
3234,1,1056,27,0,950,0,58205436,59484484,73665028,7920,46647000,,13050948,16792680,16233168,12128640,,17126840,12551232,12767976,17038436,,19665348,16374748,16700960,20923972,,1980,1980,1980,1980,,11624512,11880988,11957008,11184492
3237,1,1057,26,0,951,0,58125876,59557968,73740932,7920,46530232,,12656652,17059464,16255852,12153908,,17520080,12280984,12750132,17006772,,20058564,16104644,16683536,20894188,,1980,1980,1980,1980,,11238728,12104724,11979656,11207124
3240,1,1058,25,0,952,0,58074848,59592472,73776976,7920,46417468,,12691236,17139104,16261436,11983072,,17481836,12213128,12723236,17174272,,20020196,16036980,16657092,21062708,,1980,1980,1980,1980,,11210496,12192488,11990312,11024172
3244,0,1059,25,0,953,0,58405304,59233444,73416400,7920,46786580,,12895388,17154428,16271492,12083996,,17265784,12187648,12717696,17062316,,19804156,16009328,16652116,20950800,,1980,1980,1980,1980,,11427588,12229200,11997216,11132576
3247,0,1060,26,0,954,0,58535588,59127524,73311684,7920,46947804,,12997596,17175384,16229660,12132948,,17152104,12164984,12788016,17022420,,19690500,15987728,16722492,20910964,,1980,1980,1980,1980,,11526736,12238676,12001340,11181052
3250,1,1061,26,0,955,0,58575176,59079392,73262984,7920,46993100,,13016480,17166580,16241488,12150628,,17129192,12180192,12769388,17000620,,19667612,16002148,16704028,20889196,,1980,1980,1980,1980,,11545324,12244024,12008112,11195640
3253,1,1062,26,0,956,0,57756080,59936340,74121740,7920,46256008,,13015648,16758980,15857888,12123564,,17127684,12576792,13184416,17047448,,19666112,16401084,17118508,20936036,,1980,1980,1980,1980,,11545432,11866732,11643832,11200012
3257,0,1063,26,0,957,0,58299888,59365008,73556692,7920,46703780,,13021572,17001124,16130820,12146372,,17114288,12339232,12883540,17027948,,19652756,16167036,16820360,20916540,,1980,1980,1980,1980,,11557304,12054716,11887508,11204252
3260,0,1064,27,0,958,0,57949516,59291920,73482344,7920,46752248,,12860452,16697516,16216732,12174816,,17296440,12215592,12784996,16994892,,19833876,16042864,16722108,20883496,,1980,1980,1980,1980,,11371224,12182952,11973220,11224852
3263,1,1065,27,0,959,0,58226020,59472712,73663792,7920,46709500,,12878884,16925412,16252200,12169524,,17321840,12401652,12755696,16993524,,19859108,16229408,16693140,20882136,,1980,1980,1980,1980,,11483404,11961700,12024760,11239636
3266,1,1066,27,0,960,0,58470928,59204752,73398668,7920,46943868,,12922796,17099820,16269800,12178512,,17258716,12227704,12748288,16970044,,19795996,16056892,16687116,20858664,,1980,1980,1980,1980,,11523332,12139456,12033520,11247560
3270,0,1067,30,0,961,0,58555204,59114928,73313292,7920,47072844,,12921484,17158608,16291296,12183816,,17268700,12154644,12710076,16981508,,19805992,15984184,16652968,20870148,,1980,1980,1980,1980,,11533748,12206968,12072188,11259940
3273,0,1068,32,0,962,0,58600596,59104668,73303472,7920,47115896,,12933180,17188180,16329152,12150084,,17257712,12134080,12662296,17050580,,19795040,15963784,16605544,20939104,,1980,1980,1980,1980,,11536096,12217572,12095956,11266272
3276,1,1069,31,0,963,0,57934320,59329364,73528592,7920,46894392,,12935696,16960156,15890348,12148120,,17250208,12334312,12687484,17057360,,19787548,16164452,16630676,20945916,,1980,1980,1980,1980,,11540340,11978568,12104360,11271124
3279,1,1070,31,0,964,0,58202128,59076352,73275816,7920,47134056,,12932608,17124284,15953252,12191984,,17247448,12187288,12631156,17010460,,19784792,16017736,16574260,20899028,,1980,1980,1980,1980,,11548828,12131072,12150880,11303276
3282,1,1071,31,0,965,0,58176552,59529968,73728644,7920,46671976,,12840132,17158248,15990500,12187672,,17349888,12143464,13010808,17025808,,19886072,15974156,16954032,20914384,,1980,1980,1980,1980,,11407988,12179576,11776220,11308192
3286,0,1072,30,0,966,0,58630188,59074144,73277104,7920,47079616,,12926284,17199228,16294588,12210088,,17250152,12117480,12717464,16989048,,19787364,15949068,16661696,20878976,,1980,1980,1980,1980,,11508552,12211312,12038960,11320792
3289,1,1073,32,0,967,0,58400500,59289484,73493652,7920,46914052,,12948364,17121940,16406628,11923568,,17226628,12199764,12586220,17276872,,19764080,16031472,16530920,21167180,,1980,1980,1980,1980,,11526800,12215448,12159820,11011984
3292,1,1074,32,0,968,0,58316960,59372416,73572352,7920,46826456,,12956964,17149764,16431960,11778272,,17210440,12192028,12561436,17408512,,19747896,16023820,16506400,21294236,,1980,1980,1980,1980,,11540764,12232096,12177620,10875976
3295,1,1075,31,0,969,0,58138212,59111324,73311320,7920,47081016,,12966464,17142540,16010064,12019144,,17201872,12206152,12546832,17156468,,19739324,16038096,16491680,21042220,,1980,1980,1980,1980,,11547212,12238392,12184232,11111180
3299,0,1076,32,0,970,0,57010092,59395720,73592232,7920,46850108,,12974132,16745384,16021224,11269352,,17213188,12158268,12547384,17476880,,19751932,15989512,16492600,21358188,,1980,1980,1980,1980,,11560008,12260724,12196500,10832876
3302,0,1077,33,0,971,0,57524676,59330624,73531912,7920,46857556,,12993468,16749500,16234616,11547092,,17191592,12163420,12770736,17204876,,19730364,15995964,16715644,21089940,,1980,1980,1980,1980,,11580848,12282564,11953808,11040336
3305,1,1078,31,0,972,0,57604160,59245172,73448712,7920,46963012,,12838948,16775288,16327700,11662224,,17349976,12128932,12680224,17086040,,19890220,15961896,16625464,20971132,,1980,1980,1980,1980,,11407884,12287504,12107252,11160372
3308,1,1079,30,0,973,0,58053964,59617556,73817888,7920,46573348,,12952952,16982576,16409000,11709436,,17222856,12345848,12589660,17459192,,19763112,16179160,16534960,21340656,,1980,1980,1980,1980,,11532344,12044828,12183400,10812776
3311,1,1080,31,0,974,0,57891396,59795156,73997876,7920,46332192,,13005652,17150576,15740168,11995000,,17168164,12183436,13277328,17166228,,19708440,16018684,17219588,21051164,,1980,1980,1980,1980,,11581832,12209556,11502376,11038428
3315,0,1081,29,0,975,0,58291460,59349604,73554260,7920,46608720,,13025548,16966104,16209116,12090692,,17143004,12339080,12796348,17071172,,19683508,16175052,16739584,20956116,,1980,1980,1980,1980,,11598884,12027824,11846616,11135396
3318,1,1082,29,0,976,0,58393196,59238792,73440132,7920,46655196,,13072328,16817676,16376460,12126732,,17100612,12491348,12623664,17023168,,19641204,16327104,16563692,20908132,,1980,1980,1980,1980,,11623940,11843380,12020764,11167112
3321,1,1083,29,0,977,0,57820456,59843404,74047740,7920,46092548,,12732716,17023688,15927840,12136212,,17448732,12290704,13053444,17050524,,19989208,16126716,16996304,20935512,,1980,1980,1980,1980,,11300148,12074280,11540476,11177644
3325,0,1084,26,0,978,0,58387088,59247456,73454184,7920,46688168,,12941236,17122956,16180640,12142256,,17241964,12183304,12799928,17022260,,19782484,16019444,16745000,20907256,,1980,1980,1980,1980,,11523068,12154452,11830944,11179704
3328,0,1085,26,0,979,0,58624192,58979148,73186648,7920,46955288,,13020636,17145648,16329256,12128652,,17151496,12152748,12640656,17034248,,19692024,15989248,16586120,20919256,,1980,1980,1980,1980,,11611056,12180304,11971708,11192220
3331,1,1086,26,0,980,0,58751576,58872896,73084784,7920,47051164,,13054196,17165176,16386592,12145612,,17118032,12134576,12587980,17032308,,19658588,15971364,16534008,20920824,,1980,1980,1980,1980,,11633400,12195212,12017964,11204588
3334,1,1087,26,0,981,0,58263788,59371696,73584116,7920,46593324,,12913616,17159664,16387500,11803008,,17264520,12139696,12585280,17382200,,19804024,15976984,16531860,21271248,,1980,1980,1980,1980,,11472400,12202064,12021020,10897840
3338,0,1088,26,0,982,0,58601412,59046496,73260200,7920,46924788,,13012508,17203728,16397336,11987840,,17168744,12101252,12569988,17206512,,19708260,15939684,16516660,21095596,,1980,1980,1980,1980,,11578304,12228432,12023208,11094844
3341,0,1089,28,0,983,0,58706568,58956176,73168916,7920,47057356,,13042972,17203176,16399964,12060456,,17129356,12110900,12578972,17136948,,19668932,15948068,16525876,21026040,,1980,1980,1980,1980,,11616392,12245220,12031840,11163904
3344,1,1090,28,0,984,0,58744424,58901756,73115120,7920,47092196,,13062588,17221076,16403960,12056800,,17107452,12091988,12565352,17136964,,19647052,15929448,16512536,21026084,,1980,1980,1980,1980,,11632384,12248060,12032204,11179548
3347,1,1091,28,0,985,0,58768484,58868908,73083528,7920,47123072,,13071036,17234292,16389000,12074156,,17087584,12067508,12591340,17122476,,19627204,15905932,16538792,21011600,,1980,1980,1980,1980,,11637500,12271064,12032880,11181628
3350,1,1092,28,0,986,0,58792652,58904428,73119636,7920,47169328,,13080760,17203768,16413272,12094852,,17091052,12129580,12577960,17105836,,19630680,15968152,16525824,20994980,,1980,1980,1980,1980,,11649824,12275476,12045840,11198188
3353,1,1093,28,0,987,0,58373512,58873452,73083424,7920,47194512,,13085656,16774084,16410428,12103344,,17088928,12123256,12565372,17095896,,19628572,15956280,16513532,20985040,,1980,1980,1980,1980,,11657688,12284116,12048384,11204324
3356,1,1094,27,0,988,0,57844904,59429148,73640188,7920,46595136,,12515660,16785300,16422684,12121260,,17666984,12129492,12557568,17075104,,20207272,15962720,16505864,20964332,,1980,1980,1980,1980,,11041920,12286808,12052860,11213548
3360,0,1095,27,0,989,0,57896612,59793400,74012268,7920,46196080,,12860008,16763260,16164272,12109072,,17321424,12568108,12822368,17081500,,19861752,16409048,16770736,20970732,,1980,1980,1980,1980,,11389408,11809208,11776128,11221336
3363,1,1096,29,0,990,0,58515444,59143404,73364612,7920,46808396,,13004564,17025420,16339376,12146084,,17155984,12296136,12646476,17044808,,19696636,16138760,16595140,20934076,,1980,1980,1980,1980,,11532820,12069168,11958340,11248068
3366,1,1097,30,0,991,0,58649832,59016076,73239120,7920,47062344,,13045172,17137192,16313544,12153924,,17110176,12177228,12684944,17043728,,19652104,16020160,16633828,20933028,,1980,1980,1980,1980,,11584776,12195636,12023340,11258592
3369,1,1098,31,0,992,0,58796804,58846492,73070244,7920,47160460,,13086540,17207592,16334036,12168636,,17064924,12090428,12662472,17028668,,19606864,15933844,16611564,20917972,,1980,1980,1980,1980,,11611016,12248072,12036888,11264484
3372,1,1099,31,0,993,0,58654876,58987956,73217232,7920,46989184,,13066892,17231584,16160148,12196252,,17080020,12071500,12846360,16990076,,19622004,15916884,16799832,20878512,,1980,1980,1980,1980,,11611424,12266224,11819188,11292348
3376,0,1100,31,0,994,0,58824992,58833148,73063020,7920,47175384,,13097292,17218440,16296672,12212588,,17046708,12096956,12711440,16978044,,19588740,15943048,16665276,20865956,,1980,1980,1980,1980,,11621412,12281808,11965616,11306548
3379,0,1101,31,0,995,0,58927188,58730696,72961284,7920,47271248,,13094112,17265132,16349152,12218792,,17050684,12053944,12650736,16975332,,19592764,15900300,16604964,20863256,,1980,1980,1980,1980,,11629988,12321040,12011564,11308656
3382,0,1102,31,0,996,0,57987624,59279636,73508536,7920,46785076,,13063348,16833148,16160640,11930488,,17118468,12049136,12835920,17276112,,19660408,15895404,16789128,21163596,,1980,1980,1980,1980,,11654120,12333628,11798448,10998880
3385,0,1103,30,0,997,0,58315128,59356720,73583580,7920,46727256,,12631244,17289404,16283520,12110960,,17554412,12011624,12701828,17088856,,20096344,15856500,16655156,20975580,,1980,1980,1980,1980,,11263980,12350996,11929200,11183080
3388,0,1104,29,0,998,0,58340860,58882768,73109648,7920,47106056,,12928336,16887128,16345280,12180116,,17258836,11979644,12635768,17008520,,19799692,15825236,16589468,20895252,,1980,1980,1980,1980,,11496400,12365912,11991732,11252012
3391,1,1105,30,0,999,0,58064472,58776588,73001340,7920,47271644,,13019428,16924040,16356004,11765000,,17167908,11949812,12655080,17003788,,19709988,15795840,16609148,20886364,,1980,1980,1980,1980,,11609824,12395304,12004648,11261868
3394,1,1106,30,0,1000,0,58507304,58726576,72952008,7920,47318536,,13060308,17370400,16336484,11740112,,17112332,11929516,12662400,17022328,,19654444,15775976,16616952,20904636,,1980,1980,1980,1980,,11634696,12410248,12007396,11266196
3397,1,1107,31,0,1001,0,58554068,59124236,73353716,7920,46969768,,13068960,16954180,16350876,12180052,,17098800,12357092,12664728,17003616,,19642512,16204024,16619452,20887728,,1980,1980,1980,1980,,11655280,12026820,12011788,11275880
3400,1,1108,29,0,1002,0,58730512,58943836,73281464,7920,47078712,,12944844,17245560,16389504,12150604,,17231028,12066528,12609948,17036332,,19879420,15916708,16564880,20920456,,1980,1980,1980,1980,,11510560,12251296,12040952,11275904
3404,0,1109,31,0,1003,0,58350504,59316612,73659716,7920,46717640,,13121644,17359312,16384084,11485464,,17048212,11946236,12604464,17717700,,19707920,15796664,16559680,21595452,,1980,1980,1980,1980,,11685140,12374224,12041732,10616544
3407,0,1110,29,0,1004,0,58556132,59053664,73402464,7920,46838516,,13215532,17393972,16383828,11562800,,16932288,11894232,12599440,17627704,,19593112,15745620,16554772,21508960,,1980,1980,1980,1980,,11773220,12408012,12044228,10613056
3410,1,1111,28,0,1005,0,57789868,59452040,73796800,7920,46469040,,13238884,16269752,16438020,11843212,,16918384,12627092,12552308,17354256,,19581312,16471860,16508108,21235520,,1980,1980,1980,1980,,11797604,11704184,12054496,10912756
3413,1,1112,25,0,1006,0,58171712,59023676,73377744,7920,46830660,,13081380,16652068,16443800,11994464,,17079680,12237708,12527140,17179148,,19746660,16082576,16483268,21065240,,1980,1980,1980,1980,,11613856,12085900,12059192,11071712
3417,0,1113,25,0,1007,0,58260340,58938296,73293076,7920,46928812,,13197328,16583864,16441420,12037728,,16959512,12284292,12566504,17127988,,19626924,16128320,16523720,21014112,,1980,1980,1980,1980,,11739296,12007616,12064200,11117700
3420,1,1114,24,0,1008,0,57917920,59692820,74053164,7920,46071020,,12940552,16477556,16458492,12041320,,17219192,12812684,12531932,17129012,,19886332,16660204,16490824,21015804,,1980,1980,1980,1980,,11447092,11421492,12075992,11126444
3423,1,1115,25,0,1009,0,58204028,58988112,73347420,7920,46787732,,13159336,16956064,16040052,12048576,,16994272,12317552,12537584,17138704,,19661452,16165532,16494876,21025560,,1980,1980,1980,1980,,11664420,11897248,12091684,11134380
3427,0,1116,26,0,1010,0,58444100,58757856,73117384,7920,47070256,,13235220,17134456,16007092,12067332,,16912540,12152896,12570668,17121752,,19579872,16001268,16527576,21008668,,1980,1980,1980,1980,,11733752,12100608,12097076,11138820
3430,0,1117,26,0,1011,0,58056976,59126220,73491256,7920,46646544,,13031892,16818748,16139152,12067184,,17114672,12019776,12866972,17124800,,19781836,15868288,16828076,21013056,,1980,1980,1980,1980,,11508920,12197336,11784580,11155708
3433,1,1118,26,0,1012,0,58012508,59573984,73940352,7920,46112836,,13177360,16936808,15810340,12088000,,16964280,12332656,13180728,17096320,,19631592,16181016,17143160,20984584,,1980,1980,1980,1980,,11659112,11871572,11420052,11162100
3436,1,1119,23,0,1013,0,58625192,58943748,73314896,7920,46707364,,13229120,17163164,16125952,12106956,,16896684,12117728,12856092,17073244,,19564284,15966812,16818900,20964900,,1980,1980,1980,1980,,11700864,12089160,11730704,11186636
3440,0,1120,24,0,1014,0,58907984,58660316,73033816,7920,46988804,,13245884,17210932,16303116,12148052,,16904344,12048664,12669452,17037856,,19572008,15898032,16632680,20931096,,1980,1980,1980,1980,,11716016,12160348,11898844,11213596
3443,1,1121,26,0,1015,0,58916552,58673748,73049116,7920,47107104,,13135076,17252804,16369856,12158816,,17050080,12023872,12586700,17013096,,19719064,15873328,16550352,20906372,,1980,1980,1980,1980,,11737964,12189552,11960440,11219148
3446,1,1122,26,0,1016,0,58949676,58641712,73017484,7920,47134168,,13146000,17246148,16380756,12176772,,17032756,12020648,12593684,16994624,,19701788,15870252,16557476,20887968,,1980,1980,1980,1980,,11741732,12191620,11966984,11233832
3449,1,1123,27,0,1017,0,59041192,58538696,72917080,7920,47204452,,13172568,17282660,16392096,12193868,,16984284,11988920,12583860,16981632,,19654952,15838956,16548180,20874992,,1980,1980,1980,1980,,11763688,12206644,11976460,11257660
3452,1,1124,29,0,1018,0,57822388,59821268,74199292,7920,46094340,,12402376,16857272,16406376,12156364,,17782496,12426772,12561680,17050320,,20453176,16276032,16526488,20943596,,1980,1980,1980,1980,,11010344,11833684,11988020,11262292
3456,0,1125,27,0,1019,0,58630216,59003260,73380212,7920,46756824,,12879444,17162880,16417468,12170424,,17298064,12113148,12552684,17039364,,19968528,15962776,16517944,20930964,,1980,1980,1980,1980,,11424548,12064324,11998848,11269104
3459,0,1126,28,0,1020,0,58557436,59042460,73419376,7920,46691904,,12713016,17226396,16417448,12200576,,17463980,12025280,12553608,16999592,,20133936,15875200,16519032,20891208,,1980,1980,1980,1980,,11229316,12159276,12005800,11297512
3462,1,1127,27,0,1021,0,58455488,58705600,73081300,7920,47048828,,13004328,17261896,16406704,11782560,,17152452,11989228,12568556,16995364,,19822444,15839568,16534348,20884940,,1980,1980,1980,1980,,11545944,12182024,12016784,11304076
3465,1,1128,27,0,1022,0,58748768,58860876,73235696,7920,46866396,,13120764,17263596,16415796,11948612,,17033628,12009256,12563252,17254740,,19703660,15860556,16529172,21142308,,1980,1980,1980,1980,,11640996,12185160,12021276,11018964
3468,1,1129,26,0,1023,0,58975848,58611056,72986540,7920,47099616,,13155732,17269180,16439624,12111312,,16997924,11976732,12538056,17098344,,19667992,15828160,16504460,20985928,,1980,1980,1980,1980,,11679336,12187812,12034320,11198148
3472,0,1130,26,0,1024,0,58969668,58710688,73088552,7920,47234096,,13191052,17171652,16451896,12155068,,16980124,12173952,12513964,17042648,,19652808,16025456,16480656,20929632,,1980,1980,1980,1980,,11713344,12201544,12047428,11271780
3475,0,1131,30,0,1025,0,59016428,58648424,73028160,7920,47277464,,13186944,17184308,16477296,12167880,,16978532,12152844,12499568,17017480,,19651256,16004884,16467536,20904484,,1980,1980,1980,1980,,11725948,12208392,12068144,11274980
3478,0,1132,31,0,1026,0,59061380,58594312,72974820,7920,47317960,,13219604,17188880,16474236,12178660,,16945420,12147644,12496232,17005016,,19618216,16000028,16464548,20892028,,1980,1980,1980,1980,,11751704,12214944,12074216,11277096
3481,0,1133,32,0,1027,0,58755360,58884356,73266328,7920,47019560,,13228840,17197412,16506396,11822712,,16931164,12112492,12471368,17369332,,19603988,15965048,16440800,21256492,,1980,1980,1980,1980,,11778316,12221292,12106796,10913156
3484,1,1134,32,0,1028,0,58816636,58850780,73236152,7920,47038400,,13261192,16962496,16515508,12077440,,16900600,12377664,12452640,17119876,,19573524,16230728,16424856,21007044,,1980,1980,1980,1980,,11795764,11959540,12124428,11158668
3487,1,1135,32,0,1029,0,58617652,58589976,72980476,7920,47309000,,13273460,17119776,16052172,12172244,,16884276,12201684,12495020,17008996,,19557204,16054940,16467116,20901216,,1980,1980,1980,1980,,11805968,12118596,12133024,11251412
3490,1,1136,33,0,1030,0,59166932,58460896,72852064,7920,47442944,,13293548,17182920,16509188,12181276,,16853036,12124528,12492692,16990640,,19526040,15978120,16465000,20882904,,1980,1980,1980,1980,,11826752,12188404,12157296,11270492
3493,1,1137,33,0,1031,0,59033984,58587200,72981636,7920,47275856,,13313240,17206488,16322364,12191892,,16836724,12110964,12660552,16978960,,19511828,15966076,16632496,20871236,,1980,1980,1980,1980,,11841320,12209760,11950696,11274080
3496,1,1138,34,0,1032,0,58763320,58447084,72844180,7920,47459528,,13326544,16783544,16445968,12207264,,16820032,12100492,12539256,16987304,,19495180,15956804,16511636,20880560,,1980,1980,1980,1980,,11850524,12222408,12095224,11291372
3500,0,1139,35,0,1033,0,58908672,58338032,72735488,7920,47572216,,13357796,16799400,16521512,12229964,,16787872,12130216,12456324,16963620,,19463128,15986040,16429128,20857192,,1980,1980,1980,1980,,11880140,12237156,12153408,11301512
3503,0,1140,34,0,1034,0,58705964,58525604,72927404,7920,47425752,,13332224,17043348,16541812,11788580,,16847596,12272784,12440540,16964684,,19522760,16130112,16414760,20859772,,1980,1980,1980,1980,,11902748,12029212,12173792,11320000
3506,1,1141,36,0,1035,0,58924164,58291440,72693664,7920,47605228,,13345704,17199076,16557824,11821560,,16828256,12097144,12434368,16931672,,19503424,15954716,16408716,20826808,,1980,1980,1980,1980,,11911576,12169432,12187788,11336432
3509,1,1142,36,0,1036,0,58142580,59491632,73896092,7920,46393972,,13075488,17278300,16157520,11631272,,17107140,12009988,12824876,17549628,,19782324,15867872,16799572,21446324,,1980,1980,1980,1980,,11622508,12227260,11807648,10736556
3513,0,1143,32,0,1037,0,58921476,58741488,73146184,7920,47172344,,13236492,17303292,16450796,11930896,,16941416,11992272,12538352,17269448,,19616604,15850324,16513480,21165776,,1980,1980,1980,1980,,11827964,12239764,12056524,11048092
3516,0,1144,32,0,1038,0,58388884,58398976,72803976,7920,47491408,,13321328,16897620,16097380,12072556,,16842300,11971960,12453076,17131640,,19517500,15830112,16428372,21027992,,1980,1980,1980,1980,,11899912,12252948,12144716,11193832
3519,0,1145,32,0,1039,0,58119008,58200376,72605936,7920,47614668,,13340020,16931092,16132564,11715332,,16818100,11937560,12397072,17047644,,19493316,15796028,16372624,20943968,,1980,1980,1980,1980,,11915220,12265324,12173288,11260836
3522,1,1146,32,0,1040,0,57175004,59631380,74026300,7920,46258956,,12554628,16951116,15742672,11926588,,17625924,11933504,12803236,17268716,,20299792,15790556,16770744,21165208,,1980,1980,1980,1980,,11144076,12275064,11814788,11025028
3525,1,1147,31,0,1041,0,58048400,59573704,73978488,7920,46006344,,13018308,17251652,15710088,12068352,,17149820,12035536,13265452,17122896,,19822428,15897572,17239084,21019404,,1980,1980,1980,1980,,11551172,11979916,11298172,11177084
3529,0,1148,28,0,1042,0,58664168,58942332,73349168,7920,46623212,,12946460,17433828,16125644,12158236,,17224136,11860892,12835348,17021956,,19895368,15723076,16809396,20921328,,1980,1980,1980,1980,,11476992,12176760,11706944,11262516
3532,1,1149,30,0,1043,0,58889052,58714096,73120664,7920,46890560,,12921064,17451016,16348448,12168524,,17224708,11856912,12616932,17015544,,19896380,15717976,16591320,20914988,,1980,1980,1980,1980,,11434816,12249596,11931996,11274152
3535,1,1150,30,0,1044,0,59036016,58526104,72931928,7920,46989396,,13102188,17504840,16252864,12176124,,17038616,11806276,12682308,16998904,,19710324,15667484,16655736,20898384,,1980,1980,1980,1980,,11633088,12266208,11799564,11290536
3539,0,1151,30,0,1045,0,59260448,58314936,72714132,7920,47259012,,13197220,17477004,16388628,12197596,,16941056,11842196,12547900,16983784,,19612808,15702484,16521752,20877088,,1980,1980,1980,1980,,11720524,12266848,11958156,11313484
3542,0,1152,29,0,1046,0,59240520,58303092,72698700,7920,47166128,,13035608,17496628,16481232,12227052,,17106252,11814052,12445964,16936824,,19776680,15671400,16420436,20830184,,1980,1980,1980,1980,,11532776,12278808,12026652,11327892
3545,1,1153,29,0,1047,0,59288924,58318836,72720616,7920,47339244,,13158032,17509920,16384300,12236672,,16977636,11802524,12594684,16943992,,19648440,15665132,16569640,20837404,,1980,1980,1980,1980,,11664552,12301132,12035260,11338300
3548,1,1154,31,0,1048,0,59106416,58481580,72891596,7920,47153820,,13196236,17523828,16393904,11992448,,16926572,11767568,12595916,17191524,,19597428,15630528,16570848,21092792,,1980,1980,1980,1980,,11708724,12309236,12039184,11096676
3551,1,1155,31,0,1049,0,58613616,58579776,72991948,7920,47072124,,13219588,17268424,15968928,12156676,,16915052,12037088,12598476,17029160,,19587404,15900416,16573672,20930456,,1980,1980,1980,1980,,11727436,12030584,12054068,11260036
3555,0,1156,30,0,1050,0,58699668,58454880,72866744,7920,47108960,,13025844,17446996,15999372,12227456,,17096996,11863920,12557336,16936628,,19768148,15727736,16532920,20837940,,1980,1980,1980,1980,,11504116,12209000,12074980,11320864
3558,0,1157,30,0,1051,0,58714644,58438156,72851436,7920,47112920,,13182224,17292560,15999668,12240192,,16943752,11995108,12554856,16944440,,19616328,15858924,16531604,20844580,,1980,1980,1980,1980,,11658892,12027352,12084520,11342156
3561,1,1158,31,0,1052,0,58733868,58908396,73323504,7920,46763408,,13119620,17428600,16088484,12097164,,17052144,11875928,12906388,17073936,,19724524,15740300,16883432,20975248,,1980,1980,1980,1980,,11714224,12177320,11702652,11169212
3565,0,1159,30,0,1053,0,59148948,58496684,72913032,7920,47215304,,13129620,17498876,16328848,12191604,,17051812,11788912,12683280,16972680,,19724192,15654376,16660460,20874004,,1980,1980,1980,1980,,11722024,12244608,11968540,11280132
3568,1,1160,31,0,1054,0,59319860,58297692,72715160,7920,47374808,,13160196,17507996,16424652,12227016,,17017452,11788304,12556236,16935700,,19689848,15654488,16533780,20837044,,1980,1980,1980,1980,,11746768,12257784,12048952,11321304
3571,1,1161,31,0,1055,0,59403356,58183788,72602132,7920,47447228,,13178796,17521200,16447988,12255372,,16988740,11764580,12523948,16906520,,19661164,15630984,16502064,20807920,,1980,1980,1980,1980,,11767324,12266056,12066972,11346876
3574,1,1162,31,0,1056,0,58972152,58224044,72643232,7920,47501808,,13177416,17542884,16027592,12224260,,16984204,11741396,12516616,16981828,,19656632,15608268,16495188,20883144,,1980,1980,1980,1980,,11772064,12287160,12088148,11354436
3578,0,1163,31,0,1057,0,58988264,58229508,72649112,7920,47540232,,13169324,17549788,16046796,12222356,,17006644,11732308,12503624,16986932,,19679088,15599440,16482316,20888268,,1980,1980,1980,1980,,11790900,12293732,12100568,11355032
3581,0,1164,31,0,1058,0,59060280,58166040,72585536,7920,47573928,,13190888,17565540,16499992,11803860,,16972452,11745208,12484176,16964204,,19644884,15612656,16462744,20865252,,1980,1980,1980,1980,,11803148,12306656,12101048,11363076
3584,0,1165,31,0,1059,0,58263428,58940076,73354868,7920,46848656,,13222312,17147616,16081096,11812404,,16942644,12142476,12900408,16954548,,19615088,16008676,16877544,20853560,,1980,1980,1980,1980,,11826220,11939580,11709976,11372880
3587,1,1166,29,0,1060,0,58168640,59026888,73443632,7920,46645020,,12818496,17445576,16067628,11836940,,17348216,11832176,12924624,16921872,,20020552,15700716,16901468,20820896,,1980,1980,1980,1980,,11448684,12172852,11642268,11381216
3590,1,1167,29,0,1061,0,58025756,58813344,73231836,7920,46870336,,13132788,17519852,16310972,11062144,,17050644,11801924,12682372,17278404,,19723172,15670620,16659532,21178512,,1980,1980,1980,1980,,11695748,12285140,11889004,11000444
3594,0,1168,28,0,1062,0,57496060,60123248,74539756,7920,45465272,,12970112,17193052,16096320,11236576,,17195708,12112584,12877024,17937932,,19867876,15981944,16853848,21836088,,1980,1980,1980,1980,,11532808,11946796,11680504,10305164
3597,1,1169,23,0,1063,0,58128512,59464624,73881860,7920,46118476,,12752272,17425672,16294692,11655876,,17405160,11863472,12664696,17531296,,20077312,15733544,16641604,21429400,,1980,1980,1980,1980,,11328556,12187944,11884952,10717024
3601,0,1170,22,0,1064,0,58887216,58669892,73086232,7920,46818528,,13095404,17512104,16379832,11899876,,17061728,11771756,12566028,17270380,,19733952,15642040,16541684,21168556,,1980,1980,1980,1980,,11626192,12267468,11958756,10966112
3604,1,1171,22,0,1065,0,58826696,58750224,73167092,7920,46796784,,12890076,17507336,16379320,12049964,,17271252,11775444,12583592,17119936,,19942348,15646192,16560320,21018232,,1980,1980,1980,1980,,11410372,12287236,11967968,11131208
3607,1,1172,24,0,1066,0,59072456,58525944,72943224,7920,47086164,,13092948,17541172,16320528,12117808,,17057068,11742608,12682472,17043796,,19728228,15613544,16659272,20942180,,1980,1980,1980,1980,,11625880,12302392,11976200,11181692
3611,0,1173,23,0,1067,0,58289664,58887752,73304664,7920,46678864,,12864272,17123468,16172116,12129808,,17281964,11749888,12811644,17044256,,19951976,15620056,16789924,20942708,,1980,1980,1980,1980,,11364308,12323056,11799848,11191652
3614,0,1174,25,0,1068,0,58624996,58534948,72953208,7920,47021816,,13068340,17134912,16278596,12143148,,17073524,11722576,12706780,17032068,,19743560,15593372,16685356,20930920,,1980,1980,1980,1980,,11575648,12329616,11903864,11212688
3617,1,1175,26,0,1069,0,58794812,58357620,72776712,7920,47167528,,13148976,17156872,16329000,12159964,,16982096,11716052,12650836,17008636,,19652172,15587104,16629928,20907508,,1980,1980,1980,1980,,11648692,12350256,11946388,11222192
3620,1,1176,26,0,1070,0,58775016,58886892,73308480,7920,46833084,,13068200,17210380,16327944,12168492,,17114912,12098636,12664348,17008996,,19784932,15971216,16644452,20907880,,1980,1980,1980,1980,,11661140,11979620,11957720,11234604
3624,0,1177,27,0,1071,0,59101720,58504600,72927780,7920,47135920,,13070360,17467152,16348148,12216060,,17100872,11825268,12629484,16948976,,19770800,15698212,16612852,20845916,,1980,1980,1980,1980,,11671292,12215396,11975520,11273712
3627,1,1178,30,0,1072,0,58906548,58713536,73137488,7920,46901284,,13091276,17228060,16369592,12217620,,17095516,12058640,12620252,16939128,,19765556,15930416,16605440,20836076,,1980,1980,1980,1980,,11686728,11932588,12002056,11279912
3630,1,1179,31,0,1073,0,59176688,58417020,72838780,7920,47197992,,13101476,17464940,16392720,12217552,,17075104,11815136,12580452,16946328,,19745156,15687256,16566324,20840044,,1980,1980,1980,1980,,11692360,12197932,12022652,11285048
3633,1,1180,31,0,1074,0,59303520,58319560,72742212,7920,47361524,,13120692,17567916,16419628,12195284,,17056804,11688680,12555276,17018800,,19726880,15561160,16541748,20912424,,1980,1980,1980,1980,,11706828,12294856,12042196,11317644
3637,0,1181,32,0,1075,0,59382624,58244044,72668520,7920,47426144,,13133340,17597728,16437160,12214396,,17042624,11668656,12542060,16990704,,19714068,15541556,16528728,20884168,,1980,1980,1980,1980,,11717736,12329640,12054612,11324156
3640,0,1182,31,0,1076,0,58865772,58752876,73177228,7920,46864276,,13151460,17406932,16460344,11847036,,17021500,11861792,12501860,17367724,,19692952,15735088,16488696,21260492,,1980,1980,1980,1980,,11735732,12108272,12081104,10939168
3643,0,1183,30,0,1077,0,58832392,58336352,72760988,7920,47293432,,13127680,17532176,16056464,12116072,,17043136,11737300,12475112,17080804,,19714608,15610836,16461960,20973584,,1980,1980,1980,1980,,11742436,12243824,12108144,11199028
3646,1,1184,30,0,1078,0,58994136,58153840,72584844,7920,47462972,,13160544,17586144,16067640,12179808,,17007536,11675420,12460164,17010720,,19679028,15549872,16446512,20909432,,1980,1980,1980,1980,,11754660,12293912,12122320,11292080
3649,1,1185,30,0,1079,0,59004388,58616172,73048512,7920,47061868,,13165692,17308472,16317904,12212320,,17013244,11976756,12656052,16970120,,19684724,15851288,16643632,20868868,,1980,1980,1980,1980,,11771484,12064408,11912048,11313928
3652,1,1186,28,0,1080,0,58648840,58989628,73421988,7920,46766256,,12998240,17431220,16443432,11775948,,17197864,11865352,12505084,17421328,,19869160,15739876,16493032,21319920,,1980,1980,1980,1980,,11568864,12216500,12048196,10932696
3656,0,1187,28,0,1081,0,59126320,58464208,72896116,7920,47202796,,13100780,17467244,16490836,12067460,,17088692,11804876,12448224,17122416,,19759996,15679500,16436340,21020280,,1980,1980,1980,1980,,11701224,12253360,12096664,11151548
3659,0,1188,28,0,1082,0,59327420,58265496,72698568,7920,47381464,,13160612,17482512,16505788,12178508,,17017828,11793688,12443424,17010556,,19689424,15668744,16431972,20908428,,1980,1980,1980,1980,,11744952,12256612,12111284,11268616
3662,1,1189,28,0,1083,0,59179948,58420748,72858600,7920,47250908,,13165308,17507576,16290060,12217004,,17013380,11788788,12661284,16957296,,19686316,15666840,16650232,20855212,,1980,1980,1980,1980,,11757872,12286624,11905956,11300456
3665,1,1190,30,0,1084,0,59129900,58500720,72938976,7920,47191216,,13188064,17537124,16379048,12025664,,16990416,11756204,12610308,17143792,,19663364,15634796,16599640,21041176,,1980,1980,1980,1980,,11769480,12302236,12047000,11072500
3668,1,1191,30,0,1085,0,59309128,58284900,72723684,7920,47424200,,13192968,17517652,16451488,12147020,,16962964,11767628,12519172,17035136,,19635956,15646548,16508652,20932528,,1980,1980,1980,1980,,11786420,12308520,12109640,11219620
3672,0,1192,30,0,1086,0,59007004,58146796,72585940,7920,47501296,,13212768,17551224,16465556,11777456,,16949092,11737264,12503332,16957108,,19622080,15616516,16493108,20854236,,1980,1980,1980,1980,,11794712,12324400,12118448,11263736
3675,0,1193,30,0,1087,0,58216688,58499680,72936052,7920,47153372,,12817512,17576868,16052336,11769972,,17353816,11700064,12465728,16980072,,20025940,15579900,16455060,20875152,,1980,1980,1980,1980,,11408156,12333804,12143372,11268040
3678,0,1194,30,0,1088,0,57676916,58192412,72627576,7920,47442272,,13125172,17142000,15617472,11792272,,17052496,11713784,12469316,16956816,,19724692,15593800,16457172,20851912,,1980,1980,1980,1980,,11665392,12356712,12147824,11272344
3681,1,1195,30,0,1089,0,57749888,58112868,72547676,7920,47562172,,13170456,17156636,15637668,11785128,,17000932,11692108,12459492,16960336,,19673056,15572364,16448100,20854156,,1980,1980,1980,1980,,11767864,12362824,12158348,11273136
3684,1,1196,29,0,1090,0,57475068,59260848,73691720,7920,46435976,,13194300,17334064,15587316,11359388,,16981864,11948500,12946956,17383528,,19654016,15828884,16935900,21272920,,1980,1980,1980,1980,,11784652,12108812,11656696,10885816
3687,1,1197,26,0,1091,0,57968372,59181812,73612112,7920,46454932,,13198684,17502672,15880564,11386452,,16977352,11780740,12632420,17791300,,19649512,15661836,16621416,21679348,,1980,1980,1980,1980,,11787308,12276532,11927400,10463692
3691,0,1198,23,0,1092,0,57875892,58837164,73275868,7920,46740396,,12958272,17137708,15973008,11806904,,17221032,11721052,12542396,17352684,,19893212,15602352,16531788,21248516,,1980,1980,1980,1980,,11519692,12337564,12052460,10830680
3694,1,1199,25,0,1093,0,58486360,59072816,73512444,7920,46538560,,13123508,17345964,16128388,11888500,,17056800,11911784,12797988,17306244,,19728984,15792868,16788704,21201888,,1980,1980,1980,1980,,11692032,12086536,11738512,11021480
3697,1,1200,24,0,1094,0,59002452,58576260,73016380,7920,47083744,,13188848,17479008,16344444,11990152,,16977048,11804632,12601744,17192836,,19649244,15685916,16592680,21088540,,1980,1980,1980,1980,,11752620,12241588,11974128,11115408
3701,0,1201,25,0,1095,0,58933868,58640480,73079712,7920,46950688,,13198188,17562096,16160204,12013380,,16964892,11719016,12781224,17175348,,19637112,15600668,16770864,21071068,,1980,1980,1980,1980,,11764012,12299520,11755752,11131404
3704,0,1202,24,0,1096,0,58865092,58722780,73161368,7920,46877840,,13202020,17573712,16079800,12009560,,16968148,11715652,12864636,17174344,,19640388,15597572,16853328,21070080,,1980,1980,1980,1980,,11770540,12312432,11661360,11133508
3707,1,1203,23,0,1097,0,59115784,58445556,72884516,7920,47123480,,13188500,17605500,16298484,12023300,,16973832,11681700,12622592,17167432,,19646092,15563712,16611528,21063184,,1980,1980,1980,1980,,11781036,12329304,11877368,11135772
3710,1,1204,23,0,1098,0,59216864,58367996,72808520,7920,47230164,,13218520,17594436,16385816,12018092,,16954488,11686936,12550948,17175624,,19627772,15569124,16540240,21071384,,1980,1980,1980,1980,,11798604,12339892,11953840,11137828
3713,1,1205,24,0,1099,0,58837840,58730760,73167112,7920,46903072,,13224640,17170560,16402356,12040284,,16952000,12111572,12515264,17151924,,19625296,15988528,16504916,21048372,,1980,1980,1980,1980,,11814296,11952384,11974848,11161544
3716,1,1206,27,0,1100,0,59153980,58405184,72851260,7920,47158512,,13241120,17454172,16413756,12044932,,16920988,11812472,12516192,17155532,,19595936,15696420,16505968,21052936,,1980,1980,1980,1980,,11825140,12180488,11981704,11171180
3720,0,1207,29,0,1101,0,59264596,58275588,72723152,7920,47294372,,13234336,17571696,16418224,12040340,,16923940,11701916,12490936,17158796,,19598932,15586348,16481288,21056584,,1980,1980,1980,1980,,11833064,12298804,11982948,11179556
3723,1,1208,29,0,1102,0,59408872,58156888,72606480,7920,47382880,,13276244,17619056,16429380,12084192,,16886544,11652040,12493880,17124424,,19561580,15538100,16484560,21022240,,1980,1980,1980,1980,,11853452,12340000,11986876,11202552
3726,1,1209,30,0,1103,0,59110104,58487320,72940972,7920,47166120,,13279872,17387060,16356184,12086988,,16891960,11867344,12609996,17118020,,19568700,15755448,16600956,21015868,,1980,1980,1980,1980,,11872860,12083508,11999276,11210476
3729,1,1210,31,0,1104,0,59324924,58271404,72725980,7920,47374300,,13305084,17561352,16347512,12110976,,16860568,11701884,12625656,17083296,,19537376,15590668,16616784,20981152,,1980,1980,1980,1980,,11888752,12263128,11999516,11222904
3733,0,1211,32,0,1105,0,59442324,58133284,72589016,7920,47510128,,13315728,17640012,16367380,12119204,,16859072,11594396,12602248,17077568,,19535956,15483440,16594184,20975436,,1980,1980,1980,1980,,11915380,12342164,12007116,11245468
3736,0,1212,33,0,1106,0,59277532,58313584,72770140,7920,47313652,,13358580,17668276,16103232,12147444,,16809152,11603316,12862896,17038220,,19486088,15494176,16853776,20936100,,1980,1980,1980,1980,,11939948,12366864,11748892,11257948
3739,1,1213,32,0,1107,0,58619676,58976940,73433276,7920,46599728,,12828040,17351232,16269308,12171096,,17335124,11919820,12703908,17018088,,20010872,15810128,16696304,20915972,,1980,1980,1980,1980,,11361136,12057712,11908636,11272244
3742,1,1214,31,0,1108,0,57988284,59181040,73631784,7920,46493228,,12674444,17122224,16323632,11867984,,17506920,11704136,12631336,17338648,,20181484,15594496,16625276,21230528,,1980,1980,1980,1980,,11302584,12272300,11974316,10944028
3746,0,1215,30,0,1109,0,58862772,58718804,73169464,7920,46895220,,12805492,17641304,16352876,12063100,,17371428,11599152,12601128,17147096,,20045868,15489200,16595372,21039024,,1980,1980,1980,1980,,11375844,12361152,11989732,11168492
3749,1,1216,30,0,1110,0,58798380,58331088,72782868,7920,47262728,,13034812,17263048,16347688,12152832,,17120976,11559492,12604748,17045872,,19795444,15450196,16599424,20937804,,1980,1980,1980,1980,,11617980,12399152,12002192,11243404
3752,1,1217,30,0,1111,0,58577584,58549028,73000100,7920,47024888,,12814540,17252860,16371952,12138232,,17328424,11563584,12596256,17060764,,20001580,15454416,16591420,20952684,,1980,1980,1980,1980,,11352156,12403416,12008820,11260496
3756,0,1218,29,0,1112,0,58334620,58798448,73251936,7920,46701884,,13093276,17408940,16397104,11435300,,17053104,11834064,12567736,17343544,,19726380,15726880,16563344,21235332,,1980,1980,1980,1980,,11627604,12096144,12032240,10945896
3759,0,1219,28,0,1113,0,59246944,58299808,72752976,7920,47213904,,13169648,17611588,16427252,12038456,,16991860,11642476,12518912,17146560,,19666152,15535620,16514704,21036500,,1980,1980,1980,1980,,11714256,12310128,12046772,11142748
3762,1,1220,31,0,1114,0,59423316,58117280,72572520,7920,47401420,,13201956,17701832,16414908,12104620,,16959336,11518344,12551580,17088020,,19635032,15411868,16547652,20977968,,1980,1980,1980,1980,,11744136,12399392,12051804,11206088
3766,0,1221,31,0,1115,0,59186340,58378192,72835008,7920,47146084,,13229012,17708768,16436044,11812516,,16934540,11535748,12524228,17383676,,19610308,15430336,16519156,21275208,,1980,1980,1980,1980,,11769352,12421244,12074880,10880608
3769,0,1222,30,0,1116,0,59420976,58127136,72589092,7920,47394196,,13248308,17734000,16443904,11994764,,16904340,11510344,12522312,17190140,,19580144,15405068,16517664,21086216,,1980,1980,1980,1980,,11782264,12436004,12085804,11090124
3772,0,1223,31,0,1117,0,59436256,58120428,72582920,7920,47501912,,13235460,17666672,16461372,12072752,,16920232,11606952,12486496,17106748,,19596048,15501892,16482148,21002832,,1980,1980,1980,1980,,11800752,12446472,12092324,11162364
3775,1,1224,31,0,1118,0,59505896,58041196,72503992,7920,47555912,,13271432,17681248,16475388,12077828,,16883816,11583844,12473980,17099556,,19559648,15478904,16469776,20995664,,1980,1980,1980,1980,,11821420,12453180,12107144,11174168
3778,1,1225,31,0,1119,0,59393680,58147148,72611940,7920,47378972,,13312572,17734028,16258652,12088428,,16837896,11515808,12703956,17089488,,19513732,15411292,16701304,20985612,,1980,1980,1980,1980,,11852628,12492912,11857056,11176376
3781,1,1226,29,0,1120,0,59378968,58180800,72645732,7920,47347864,,13331232,17549092,16402460,12096184,,16831052,11716220,12552500,17081028,,19506912,15611100,16550512,20977208,,1980,1980,1980,1980,,11876144,12288712,12000396,11182612
3785,0,1227,29,0,1121,0,59571948,57977772,72443608,7920,47531632,,13341216,17667720,16460048,12102964,,16811800,11591720,12485932,17088320,,19487692,15487008,16484392,20984516,,1980,1980,1980,1980,,11888236,12407920,12052672,11182804
3788,0,1228,28,0,1122,0,59411812,58143428,72609728,7920,47386092,,13144280,17733788,16427560,12106184,,17005056,11517888,12537552,17082932,,19680948,15413572,16536056,20979152,,1980,1980,1980,1980,,11673224,12464624,12063248,11184996
3791,0,1229,29,0,1123,0,59329860,58225420,72692472,7920,47258384,,13281680,17749032,16164296,12134852,,16865144,11507172,12789732,17063372,,19541048,15403076,16788184,20960164,,1980,1980,1980,1980,,11814768,12474848,11762600,11206168
3794,1,1230,29,0,1124,0,59129564,57953332,72420772,7920,47515412,,13315916,17327464,16355632,12130552,,16814132,11488792,12601416,17048992,,19490064,15384752,16600168,20945788,,1980,1980,1980,1980,,11859440,12489028,11957048,11209896
3797,1,1231,28,0,1125,0,58881600,58217212,72684712,7920,47187172,,13181296,17353836,16201088,12145380,,16962216,11476356,12745148,17033492,,19637240,15372916,16744228,20930328,,1980,1980,1980,1980,,11690344,12512640,11769768,11214420
3801,0,1232,27,0,1126,0,58636424,58551736,73016236,7920,47101112,,13193724,16957892,16320252,12164556,,17001340,11893252,12636568,17020576,,19676304,15788264,16636068,20915600,,1980,1980,1980,1980,,11809140,12128216,11928792,11234964
3804,1,1233,27,0,1127,0,59017156,58113180,72578084,7920,47437632,,13231400,17239016,16384328,12162412,,16950232,11585696,12549356,17027896,,19625132,15480896,16549124,20922932,,1980,1980,1980,1980,,11841960,12373388,11983072,11239212
3807,1,1234,26,0,1128,0,57678948,59455012,73916504,7920,46184692,,12804060,16481944,16233144,12159800,,17376352,12343556,12704784,17030320,,20051264,16235436,16704428,20925376,,1980,1980,1980,1980,,11458532,11679516,11803284,11243360
3811,0,1235,23,0,1129,0,57681768,59415208,73878760,7920,46063188,,12443048,16952060,16320764,11965896,,17737328,11853416,12616712,17207752,,20410228,15747132,16616756,21104644,,1980,1980,1980,1980,,11036764,12090888,11906780,11028756
3814,1,1236,22,0,1130,0,58408056,58676984,73138712,7920,46792072,,12872448,17142632,16356668,12036308,,17303196,11656200,12558864,17158724,,19976132,15548116,16559456,21055008,,1980,1980,1980,1980,,11421224,12273796,11935216,11161836
3818,0,1237,22,0,1131,0,58481440,59010048,73469912,7920,46465084,,13057968,16983712,16342524,12097236,,17091376,12244532,12585096,17089044,,19764320,16135028,16585812,20984752,,1980,1980,1980,1980,,11616304,11694972,11935460,11218348
3821,1,1238,21,0,1132,0,58683248,58804248,73269288,7920,46581364,,13139208,17395300,16366432,11782308,,17010364,11844148,12557800,17391936,,19683356,15734992,16558732,21292208,,1980,1980,1980,1980,,11689612,12051448,11946196,10894108
3824,1,1239,21,0,1133,0,59081536,58375456,72841360,7920,46978192,,13152412,17559128,16368820,12001176,,17002528,11640640,12553072,17179216,,19675564,15531828,16554404,21079564,,1980,1980,1980,1980,,11698564,12222312,11953252,11104064
3828,0,1240,25,0,1134,0,59286588,58200440,72671448,7920,47142196,,13172444,17666924,16388516,12058704,,16989900,11549024,12535248,17126268,,19663300,15444652,16536864,21026632,,1980,1980,1980,1980,,11709424,12288612,11961736,11182424
3831,0,1241,27,0,1135,0,59248652,58287228,72758672,7920,47179860,,13167440,17600424,16391332,12089456,,16971868,11681292,12529440,17104628,,19645284,15576988,16531388,21005012,,1980,1980,1980,1980,,11715136,12298728,11968112,11197884
3834,1,1242,25,0,1136,0,58835500,58716140,73185568,7920,46762284,,12900372,17421760,16413952,12099416,,17266952,11854252,12507704,17087232,,19939064,15748884,16509988,20987632,,1980,1980,1980,1980,,11448804,12104072,11988860,11220548
3837,1,1243,26,0,1137,0,59168644,58374792,72848808,7920,47097948,,13084736,17531548,16430068,12122292,,17073096,11745852,12503128,17052716,,19746420,15640844,16508420,20953124,,1980,1980,1980,1980,,11638864,12217476,12006704,11234904
3841,0,1244,29,0,1138,0,59311432,58192704,72670404,7920,47242968,,13164132,17586696,16433172,12127432,,16969684,11676432,12484000,17062588,,19644348,15571596,16491436,20963024,,1980,1980,1980,1980,,11703720,12268268,12023420,11247560
3844,0,1245,30,0,1139,0,59392624,58140580,72619496,7920,47297476,,13160524,17602316,16478784,12151000,,16993420,11656424,12448824,17041912,,19668140,15552160,16456836,20942360,,1980,1980,1980,1980,,11717892,12270980,12044240,11264364
3847,0,1246,31,0,1140,0,59430616,58126508,72607212,7920,47361964,,13204376,17596296,16460188,12169756,,16943104,11676176,12490680,17016548,,19619364,15572092,16498728,20917028,,1980,1980,1980,1980,,11749288,12273496,12070500,11268680
3850,1,1247,31,0,1141,0,59251580,58279864,72762800,7920,47165396,,13213480,17377832,16478300,12181968,,16931872,11889724,12468004,16990264,,19608244,15785984,16476240,20892332,,1980,1980,1980,1980,,11769212,12019420,12091452,11285312
3853,1,1248,31,0,1142,0,59091708,58013816,72497192,7920,47383020,,13252420,17523868,16552408,11763012,,16892492,11734504,12398816,16988004,,19568900,15630968,16407412,20889912,,1980,1980,1980,1980,,11794144,12176568,12114696,11297612
3857,0,1249,31,0,1143,0,59315556,57780416,72264668,7920,47501072,,13306540,17601700,16624384,11782932,,16840360,11654856,12322296,16962904,,19516872,15552028,16331360,20864408,,1980,1980,1980,1980,,11827024,12242752,12124272,11307024
3860,1,1250,32,0,1144,0,59614456,57908596,72395192,7920,47353684,,13311768,17601316,16674552,12026820,,16823352,11650732,12267284,17167228,,19501536,15548196,16276644,21068816,,1980,1980,1980,1980,,11850388,12251592,12164548,11087156
3863,1,1251,32,0,1145,0,59440288,58111336,72597236,7920,47251928,,13258972,17606260,16428572,12146484,,16921600,11641952,12516832,17030952,,19599708,15539436,16525540,20932552,,1980,1980,1980,1980,,11865096,12257388,11901004,11228440
3867,0,1252,30,0,1146,0,59431236,58090648,72576908,7920,47235528,,13030036,17616676,16595848,12188676,,17141640,11631852,12351532,16965624,,19819756,15529584,16360328,20867240,,1980,1980,1980,1980,,11617084,12264268,12082164,11272012
3870,1,1253,30,0,1147,0,58867780,57828220,72314568,7920,47543896,,13198732,17198488,16676428,11794132,,16979028,11638708,12258232,16952252,,19657160,15534600,16268632,20854176,,1980,1980,1980,1980,,11791260,12268832,12172308,11311496
3873,1,1254,32,0,1148,0,58546192,58153380,72641232,7920,47247628,,13260144,17216000,16290928,11779120,,16909732,11615272,12648528,16979848,,19587888,15511292,16660276,20881776,,1980,1980,1980,1980,,11854040,12280588,11795836,11317164
3876,1,1255,32,0,1149,0,58209160,58501960,72991416,7920,46892352,,12845272,17227236,16554768,11581884,,17317580,11599548,12391544,17193288,,19997796,15495812,16403772,21094036,,1980,1980,1980,1980,,11478468,12292736,12029904,11091244
3880,0,1256,30,0,1150,0,58871720,58647648,73126124,7920,46715140,,13120636,17188256,16675380,11887448,,17039148,12064052,12247560,17296888,,19718584,15950912,16259944,21196684,,1980,1980,1980,1980,,11687448,11903004,12142112,10982576
3883,1,1257,27,0,1151,0,59360364,58151136,72639108,7920,47127296,,13244684,17503004,16545104,12067572,,16916772,11750920,12379692,17103752,,19596216,15648412,16390916,21003564,,1980,1980,1980,1980,,11814316,12156420,11997380,11159180
3886,1,1258,27,0,1152,0,59642456,57836292,72325500,7920,47406236,,13289048,17605244,16611584,12136580,,16852676,11634864,12321564,17027188,,19532164,15533348,16332964,20927024,,1980,1980,1980,1980,,11851932,12253420,12084744,11216140
3890,0,1259,26,0,1153,0,59023268,58067752,72556156,7920,47242432,,13077164,17572308,16220832,12152964,,17068832,11699724,12274916,17024280,,19747164,15598352,16286508,20924132,,1980,1980,1980,1980,,11615072,12277940,12117048,11232372
3893,1,1260,26,0,1154,0,59033100,58024636,72520424,7920,47219896,,13028368,17606768,16233156,12164808,,17118088,11653476,12242840,17010232,,19795940,15555144,16256856,20912484,,1980,1980,1980,1980,,11545040,12299348,12134136,11241372
3896,1,1261,30,0,1155,0,58823108,58265836,72767228,7920,47033224,,13175280,17615744,15844872,12187212,,16964524,11651980,12656464,16992868,,19642380,15559252,16668640,20896956,,1980,1980,1980,1980,,11707204,12316076,11749928,11260016
3900,0,1262,32,0,1156,0,58815476,58245108,72745220,7920,46988868,,13248904,17204200,16147916,12214456,,16880872,11624792,12772792,16966652,,19558840,15532156,16783456,20870768,,1980,1980,1980,1980,,11775848,12322512,11610808,11279700
3903,1,1263,33,0,1157,0,59170160,57903916,72407188,7920,47352976,,13248916,17218796,16491892,12210556,,16892584,11627856,12410028,16973448,,19570600,15531460,16425812,20879316,,1980,1980,1980,1980,,11790500,12337152,11922444,11302880
3906,1,1264,34,0,1158,0,59290124,57818364,72323340,7920,47519456,,13277380,17253600,16519680,12239464,,16860256,11592888,12420008,16945212,,19539260,15496856,16436084,20851140,,1980,1980,1980,1980,,11803960,12360092,12042428,11312976
3910,0,1265,35,0,1159,0,58779216,58281588,72786836,7920,47034160,,13113312,17261020,16555620,11849264,,17016412,11568768,12371764,17324644,,19696020,15472840,16387500,21230476,,1980,1980,1980,1980,,11621628,12362768,12080316,10969448
3913,0,1266,35,0,1160,0,59650276,57858692,72365400,7920,47405424,,13233836,17697420,16588236,12130784,,16901280,11563312,12350964,17043136,,19580892,15469476,16366992,20948040,,1980,1980,1980,1980,,11743508,12383280,12103524,11175112
3916,1,1267,35,0,1161,0,59561800,57940752,72451276,7920,47299004,,13272012,17467364,16587912,12234512,,16860988,11796060,12350888,16932816,,19541772,15704464,16367316,20837724,,1980,1980,1980,1980,,11789276,12117780,12108216,11283732
3919,1,1268,34,0,1162,0,59067076,57981656,72492908,7920,47213260,,13004292,17600992,16173444,12288348,,17129892,11655824,12313472,16882468,,19810696,15564512,16330300,20787400,,1980,1980,1980,1980,,11478900,12271036,12123296,11340028
3922,1,1269,33,0,1163,0,58971248,58115056,72623868,7920,47237848,,13076372,17678236,15916148,12300492,,17091672,11570268,12588356,16864760,,19772308,15478996,16604792,20767772,,1980,1980,1980,1980,,11691352,12342724,11836340,11367432
3926,0,1270,33,0,1164,0,59243700,57820292,72329952,7920,47503720,,13160956,17687264,16089252,12306228,,16995236,11564404,12401996,16858656,,19675856,15473288,16418560,20762248,,1980,1980,1980,1980,,11763268,12348640,12020632,11371180
3929,1,1271,33,0,1165,0,59179380,58351376,72861864,7920,47045080,,13028228,17709376,16545424,11896352,,17141756,11549096,12378032,17282492,,19821100,15459684,16394960,21186120,,1980,1980,1980,1980,,11598628,12367152,12085884,10993416
3932,1,1272,32,0,1166,0,59023536,58084824,72587576,7920,47240564,,13137652,17304180,16455388,12126316,,17023268,11528540,12470272,17062744,,19702636,15435368,16486552,20963020,,1980,1980,1980,1980,,11719196,12381536,11924696,11215136
3935,1,1273,31,0,1167,0,59074692,58010500,72517588,7920,47289556,,13157648,17320188,16569236,12027620,,16994412,11507704,12340344,17168040,,19673800,15414952,16357124,21071712,,1980,1980,1980,1980,,11753088,12388560,12045444,11102464
3939,0,1274,31,0,1168,0,59337668,57742476,72249148,7920,47525512,,13199628,17350292,16599444,12188304,,16968164,11480660,12314472,16979180,,19647564,15392088,16331424,20878072,,1980,1980,1980,1980,,11781752,12408292,12073588,11261880
3942,1,1275,31,0,1169,0,59467504,57619264,72128164,7920,47623672,,13218020,17376456,16626480,12246548,,16952064,11459068,12289020,16919112,,19631476,15372620,16306260,20817808,,1980,1980,1980,1980,,11796840,12421412,12080796,11324624
3945,1,1276,32,0,1170,0,59498040,57563912,72078116,7920,47675752,,13232900,17366024,16647932,12251184,,16918012,11459436,12269240,16917224,,19597428,15374020,16290724,20815944,,1980,1980,1980,1980,,11811056,12434516,12103304,11326876
3948,1,1277,32,0,1171,0,58729728,57915836,72436768,7920,47328748,,13250616,17011748,16640696,11826668,,16915464,11823776,12271932,16904664,,19594848,15739936,16293884,20808100,,1980,1980,1980,1980,,11824100,12057584,12106384,11340680
3952,0,1278,30,0,1172,0,58664280,58854016,73378228,7920,46433744,,12986976,17374776,16675172,11627356,,17167116,11907964,12244476,17534460,,19850412,15824512,16267788,21435516,,1980,1980,1980,1980,,11538124,12036524,12125420,10733676
3955,1,1279,29,0,1173,0,59173396,58350952,72875240,7920,46863628,,13176516,17295644,16732996,11968240,,16991868,11982208,12183752,17193124,,19675212,15897696,16207188,21095144,,1980,1980,1980,1980,,11730492,11935868,12147868,11049400
3958,1,1280,31,0,1174,0,59659044,57793896,72319012,7920,47342036,,13259996,17547448,16738700,12112900,,16882900,11693772,12176112,17041112,,19566260,15609728,16199884,20943140,,1980,1980,1980,1980,,11813836,12178744,12154372,11195084
3962,0,1281,30,0,1175,0,58852584,58169192,72691808,7920,46950728,,13098268,17644688,16320380,11789248,,17050772,11612332,12154800,17351288,,19733732,15528360,16177836,21251880,,1980,1980,1980,1980,,11623628,12295936,12163868,10867296
3965,1,1282,29,0,1176,0,59021920,58039468,72563940,7920,47074180,,13199920,17685248,16088000,12048752,,16948604,11579128,12400088,17111648,,19631564,15495672,16423868,21012836,,1980,1980,1980,1980,,11733628,12320076,11922400,11098076
3969,0,1283,28,0,1177,0,59248848,57784044,72308936,7920,47348808,,13234196,17691992,16184460,12138200,,16903132,11555028,12322388,17003496,,19586092,15472124,16346008,20904712,,1980,1980,1980,1980,,11765592,12327036,12064320,11191860
3972,0,1284,28,0,1178,0,58941764,58559728,73086060,7920,46693408,,12793464,17688616,16291128,12168556,,17365776,11555204,12651436,16987312,,20048180,15472504,16676384,20888992,,1980,1980,1980,1980,,11376528,12333252,11753188,11230440
3975,1,1285,27,0,1179,0,58463972,58584452,73108340,7920,46475648,,12755332,17275492,16252264,12180884,,17404532,11549076,12683040,16947804,,20085728,15463908,16708608,20850096,,1980,1980,1980,1980,,11226000,12357100,11654216,11238332
3979,0,1286,27,0,1180,0,58201096,58398100,72922692,7920,46666984,,13029392,16888984,16517288,11765432,,17125696,11923712,12403852,16944840,,19806912,15838900,16429780,20847100,,1980,1980,1980,1980,,11532372,11969720,11909992,11254900
3982,1,1287,26,0,1181,0,58874692,58137952,72662268,7920,46936260,,13039688,17181252,16637988,12015764,,17124352,11634140,12270072,17109388,,19805440,15550100,16296380,21010348,,1980,1980,1980,1980,,11636776,12214476,12028784,11056224
3985,1,1288,25,0,1182,0,59117456,57920940,72445940,7920,47203148,,13072016,17268152,16656192,12121096,,17096240,11533684,12265928,17025088,,19777364,15450120,16292396,20926060,,1980,1980,1980,1980,,11670272,12303848,12047432,11181596
3989,0,1289,24,0,1183,0,58988204,58028392,72554476,7920,47060876,,12868788,17294688,16657276,12167452,,17293444,11511520,12256476,16966952,,19973260,15429900,16283352,20867964,,1980,1980,1980,1980,,11454364,12332720,12050092,11223700
3992,1,1290,25,0,1184,0,59180276,57882956,72414544,7920,47259428,,12991464,17324304,16692972,12171536,,17176800,11492460,12230236,16983460,,19856644,15413044,16257756,20887100,,1980,1980,1980,1980,,11578952,12350788,12079980,11249708
3995,1,1291,27,0,1185,0,59000512,58499468,73035428,7920,46717312,,13024008,17562972,16269664,12143868,,17137032,11674384,12651352,17036700,,19816896,15597364,16679356,20941812,,1980,1980,1980,1980,,11619160,12132608,11697596,11267948
3999,0,1292,28,0,1186,0,59501616,57976948,72512780,7920,47119468,,13060560,17720808,16555780,12164468,,17097876,11513040,12355236,17010796,,19777792,15436436,16382620,20915932,,1980,1980,1980,1980,,11642936,12275872,11916172,11284488
4002,0,1293,29,0,1187,0,59688108,57761076,72293244,7920,47303480,,13056264,17786908,16656724,12188212,,17104748,11413864,12263584,16978880,,19784668,15337520,16291296,20879760,,1980,1980,1980,1980,,11648220,12333480,12020732,11301048
4005,1,1294,29,0,1188,0,59741660,57696704,72231416,7920,47373832,,13064232,17783940,16687188,12206300,,17089156,11429432,12209284,16968832,,19769096,15354436,16238148,20869736,,1980,1980,1980,1980,,11652280,12343252,12059668,11318632
4008,1,1295,31,0,1189,0,59386140,57683376,72218240,7920,47429104,,13088852,17792748,16706352,11798188,,17076996,11442140,12201392,16962848,,19756956,15367384,16230696,20863204,,1980,1980,1980,1980,,11675100,12347000,12074364,11332640
4012,0,1296,31,0,1190,0,59376128,57717408,72251844,7920,47474136,,13092088,17750672,16714044,11819324,,17068180,11509844,12195692,16943692,,19748148,15435180,16224456,20844060,,1980,1980,1980,1980,,11677316,12359748,12080276,11356796
4015,0,1297,31,0,1191,0,58992648,57664652,72202636,7920,47532124,,13089240,17752588,16312480,11838340,,17083512,11497068,12163340,16920732,,19763488,15422484,16195552,20821112,,1980,1980,1980,1980,,11681552,12368100,12110268,11372204
4018,0,1298,33,0,1192,0,58642536,58430700,72970936,7920,46809504,,13132356,17766440,16340652,11403088,,17040332,11477680,12551036,17361652,,19720564,15404928,16583572,21261872,,1980,1980,1980,1980,,11706396,12383528,11731424,10988156
4021,1,1299,32,0,1193,0,59351928,58121852,72662884,7920,46958552,,13126796,17786668,16633816,11804648,,17027136,11463208,12253884,17377624,,19707800,15390668,16287780,21276636,,1980,1980,1980,1980,,11709048,12401944,11977060,10870500
4024,1,1300,31,0,1194,0,59747472,57747952,72290084,7920,47374440,,13147344,17788764,16723800,12087564,,17015864,11477152,12169940,17084996,,19696540,15405040,16204452,20984052,,1980,1980,1980,1980,,11713420,12412424,12086008,11162588
4028,0,1301,30,0,1195,0,58979948,58554204,73098052,7920,46694024,,12472712,17634208,16700852,12172176,,17697212,11628520,12230316,16998156,,20379796,15556108,16264660,20897488,,1980,1980,1980,1980,,11061480,12219164,12129380,11284000
4031,1,1302,29,0,1196,0,59137280,57925144,72468024,7920,47202336,,12865804,17331524,16722668,12217284,,17299868,11482880,12203536,16938860,,19982108,15409548,16238004,20838364,,1980,1980,1980,1980,,11382556,12356920,12142460,11320400
4034,1,1303,29,0,1197,0,59190260,57840816,72385704,7920,47238908,,13005528,17381272,16745380,12058080,,17148300,11422104,12168044,17102368,,19830548,15349312,16203112,21002732,,1980,1980,1980,1980,,11550056,12402704,12159476,11126672
4038,0,1304,28,0,1198,0,59438936,57590912,72136456,7920,47482352,,13097256,17413368,16769892,12158420,,17045508,11384824,12156348,17004232,,19727804,15312576,16191620,20904456,,1980,1980,1980,1980,,11618192,12430192,12186412,11247556
4041,0,1305,28,0,1199,0,59058620,58008404,72555844,7920,47148608,,13028892,17459400,16356540,12213788,,17147336,11787124,12135160,16938784,,19829640,15716556,16170632,20839016,,1980,1980,1980,1980,,11618384,12048936,12194728,11286560
4044,1,1306,30,0,1200,0,59125392,58382020,72931344,7920,46789372,,13054140,17729576,16547080,11794596,,17137808,11510416,12360268,17373528,,19821400,15440116,16396068,21273760,,1980,1980,1980,1980,,11640484,12304556,11947504,10896828
4047,1,1307,31,0,1201,0,59258052,57796116,72344448,7920,47314136,,13075312,17798460,16289840,12094440,,17112436,11434572,12193788,17055320,,19797352,15364644,16226548,20955904,,1980,1980,1980,1980,,11661688,12392456,12129124,11130868
4051,0,1308,31,0,1202,0,58570348,57570436,72117608,7920,47506516,,13077400,17405216,16366172,11721560,,17102884,11371964,12100116,16995472,,19787812,15300972,16133220,20895604,,1980,1980,1980,1980,,11672228,12418024,12203356,11212908
4054,1,1309,31,0,1203,0,57904104,58316312,72867500,7920,46841140,,12704240,17103140,16395604,11701120,,17465848,11705044,12088248,17057172,,20150644,15633472,16121924,20961460,,1980,1980,1980,1980,,11302060,12080412,12214852,11243816
4057,1,1310,30,0,1204,0,57827988,58393736,72946488,7920,46717520,,12983060,17309416,16022180,11513332,,17187812,11496696,12466816,17242412,,19872680,15425380,16500988,21147440,,1980,1980,1980,1980,,11539400,12298480,11845828,11033812
4061,0,1311,28,0,1205,0,58414156,58228996,72782032,7920,46848784,,13074476,17393868,16301512,11644300,,17091464,11405024,12594864,17137644,,19776560,15336452,16632140,21036880,,1980,1980,1980,1980,,11639676,12386588,11667328,11155192
4064,1,1312,29,0,1206,0,59324688,58148080,72705028,7920,46664388,,13116288,17475076,16793652,11939672,,17065088,11746216,12109424,17227352,,19750220,15676728,16145672,21132408,,1980,1980,1980,1980,,11684624,12015576,11955720,11008468
4067,1,1313,26,0,1207,0,59303960,57719576,72275416,7920,46983252,,13156880,17754044,16340952,12052084,,17019576,11456580,12126056,17117364,,19704760,15388104,16160080,21022472,,1980,1980,1980,1980,,11707508,12278928,11869540,11127276
4071,1,1314,27,0,1208,0,59540672,57519164,72075228,7920,47286048,,13148172,17785824,16515084,12091592,,17016820,11460116,11956124,17086104,,19702052,15391776,15990132,20991268,,1980,1980,1980,1980,,11716116,12366152,12041888,11161892
4074,1,1315,28,0,1209,0,59667464,57792220,72348116,7920,47000004,,13175456,17383492,16997492,12111024,,16989980,11867932,11880132,17054176,,19675224,15799688,15913848,20959356,,1980,1980,1980,1980,,11734148,11997468,12092580,11175808
4078,0,1316,27,0,1210,0,59222708,57814432,72371248,7920,46902520,,13170676,17254476,16665820,12131736,,16988948,11557776,12225516,17042192,,19674208,15488612,16260996,20947432,,1980,1980,1980,1980,,11742648,12232772,11738744,11188356
4081,1,1317,25,0,1211,0,59034648,57997408,72551660,7920,46674764,,13204208,17120148,16583012,12127280,,16958752,11685576,12311824,17041256,,19644040,15614568,16346484,20946568,,1980,1980,1980,1980,,11763116,12077628,11641380,11192640
4084,1,1318,24,0,1212,0,59464564,57551604,72105276,7920,47120140,,13234260,17280124,16810572,12139608,,16933580,11525456,12071512,17021056,,19618880,15453296,16106652,20926448,,1980,1980,1980,1980,,11787524,12240992,11888240,11203384
4088,0,1319,26,0,1213,0,59577612,57488216,72044420,7920,47315856,,13247808,17346712,16826868,12156224,,16916132,11447612,12110356,17014116,,19601440,15377948,16145496,20919536,,1980,1980,1980,1980,,11800268,12302756,11997268,11215564
4091,0,1320,25,0,1214,0,59924752,57551376,72109692,7920,47187516,,13254780,17645044,16853432,12171496,,16913088,11569168,12074076,16995044,,19598392,15501452,16109376,20900472,,1980,1980,1980,1980,,11809112,12136720,12015460,11226224
4094,1,1321,25,0,1215,0,60038712,57434732,71994124,7920,47315588,,13283496,17720648,16857188,12177380,,16890348,11492312,12073196,16978876,,19575660,15425052,16109084,20884328,,1980,1980,1980,1980,,11819196,12237764,12020304,11238324
4097,1,1322,23,0,1216,0,59326120,58147548,72706568,7920,46578480,,12797404,17724984,16624996,12178736,,17356864,11496568,12311404,16982712,,20041108,15429880,16347404,20888176,,1980,1980,1980,1980,,11297560,12269336,11765040,11246544
4101,0,1323,23,0,1217,0,59747404,57721832,72281700,7920,47050548,,13065048,17741380,16797456,12143520,,17074468,11485464,12139424,17022476,,19758784,15419028,16175916,20927972,,1980,1980,1980,1980,,11593228,12271876,11938256,11247188
4104,1,1324,25,0,1218,0,59503488,57956580,72517868,7920,46864608,,12737744,17749444,16857084,12159216,,17421748,11481488,12052660,17000684,,20107124,15415104,16089436,20906204,,1980,1980,1980,1980,,11327268,12280492,12003500,11253348
4107,1,1325,25,0,1219,0,59530852,57959016,72519852,7920,46819688,,12710368,17773076,16872360,12175048,,17457380,11461012,12049020,16991604,,20141512,15395020,16086180,20897140,,1980,1980,1980,1980,,11244304,12291364,12018472,11265548
4111,0,1326,26,0,1220,0,59805240,57664156,72228032,7920,47107456,,12959028,17792220,16878744,12175248,,17204656,11438064,12035340,16986096,,19890176,15373328,16072888,20891640,,1980,1980,1980,1980,,11503452,12309100,12029140,11265764
4114,0,1327,28,0,1221,0,59758724,57733432,72298800,7920,47051548,,12895860,17822784,16900480,12139600,,17262780,11403116,12010580,17056956,,19948380,15339440,16048592,20962388,,1980,1980,1980,1980,,11403812,12333064,12046264,11268408
4117,1,1328,29,0,1222,0,59947068,57548668,72115316,7920,47258940,,13033684,17821268,16915632,12176484,,17129824,11405248,11997060,17016536,,19815480,15341872,16036320,20921644,,1980,1980,1980,1980,,11560000,12348700,12063792,11286448
4120,1,1329,31,0,1223,0,59683532,57765512,72336488,7920,46995636,,13107732,17465432,16940288,12170080,,17027264,11748964,11973424,17015860,,19712944,15689708,16012864,20920972,,1980,1980,1980,1980,,11627520,11989560,12084076,11294480
4124,0,1330,32,0,1224,0,59161464,57420732,71990236,7920,47294556,,13126976,17316864,16959120,11758504,,17021840,11456500,11946960,16995432,,19707620,15396376,15986736,20899504,,1980,1980,1980,1980,,11650424,12247356,12097044,11299732
4127,0,1331,32,0,1225,0,59098620,57929120,72499716,7920,46815260,,13131808,17411204,16966392,11589216,,17020688,11361568,11947288,17599576,,19706632,15302212,15987168,21503704,,1980,1980,1980,1980,,11659044,12339336,12115720,10701160
4130,1,1332,31,0,1226,0,59502340,57562884,72135848,7920,47215584,,13162368,17371464,16992464,11976044,,16978448,11443092,11930300,17211044,,19664468,15383992,15970628,21116760,,1980,1980,1980,1980,,11675436,12380784,12126084,11033280
4133,1,1333,31,0,1227,0,59678364,57327876,71901228,7920,47409216,,13174784,17394572,16997384,12111624,,16974648,11391704,11924000,17037524,,19660704,15332616,15964652,20943256,,1980,1980,1980,1980,,11702268,12395456,12131788,11179704
4137,0,1334,31,0,1228,0,58948752,57695928,72269616,7920,47118316,,13197048,17401328,16197280,12153096,,16956740,11411444,12307456,17020288,,19642804,15352768,16347992,20926052,,1980,1980,1980,1980,,11706436,12416172,11769880,11225828
4140,1,1335,31,0,1229,0,59247220,57832328,72407732,7920,47013684,,13178196,17435960,16475488,12157576,,16984008,11375848,12457208,17015264,,19670116,15319108,16497464,20921044,,1980,1980,1980,1980,,11709832,12446100,11623796,11233956
4143,1,1336,30,0,1230,0,59674132,57351364,71929248,7920,47361864,,13226156,17465888,16819900,12162188,,16934080,11328780,12079176,17009328,,19621864,15272408,16119812,20915164,,1980,1980,1980,1980,,11742536,12462768,11918288,11238272
4146,1,1337,31,0,1231,0,59782128,57277444,71858192,7920,47525332,,13231668,17486108,16875512,12188840,,16923244,11320448,12069376,16964376,,19611060,15264448,16110392,20872292,,1980,1980,1980,1980,,11756908,12484188,12027200,11257036
4150,0,1338,31,0,1232,0,59448368,57175824,71753932,7920,47605804,,13247380,17534324,16897496,11769168,,16904944,11278856,12027444,16964580,,19592824,15221116,16068632,20871360,,1980,1980,1980,1980,,11764932,12524916,12052004,11263952
4153,1,1339,30,0,1233,0,59332128,57286124,71864172,7920,47450608,,13265384,17557076,16737596,11772072,,16895624,11236584,12185408,16968508,,19583528,15179136,16226212,20875296,,1980,1980,1980,1980,,11783228,12543840,11857548,11265992
4156,1,1340,30,0,1234,0,59525700,57053096,71632444,7920,47622072,,13305156,17582376,16842864,11795304,,16841044,11205184,12077740,16929128,,19529028,15148432,16120976,20834008,,1980,1980,1980,1980,,11806460,12563624,11973120,11278868
4159,1,1341,29,0,1235,0,59843180,57195320,71773468,7920,47475100,,13310736,17394504,16898928,12239012,,16825428,11418108,12036992,16914792,,19513408,15361604,16080716,20817740,,1980,1980,1980,1980,,11820456,12351436,12015984,11287224
4163,0,1342,27,0,1236,0,59214184,58254492,72832984,7920,46460640,,12991792,17306420,16904752,12011220,,17182604,11919228,12014664,17137996,,19869116,15863672,16058668,21041528,,1980,1980,1980,1980,,11544544,11844264,12016744,11055088
4166,1,1343,26,0,1237,0,59917856,57564236,72143548,7920,47156560,,13187124,17708344,16907384,12115004,,16986416,11503616,12026156,17048048,,19672948,15448288,16070284,20952028,,1980,1980,1980,1980,,11734240,12208328,12018692,11195300
4169,1,1344,26,0,1238,0,59342908,57689832,72269848,7920,47066044,,13255796,17447132,16478896,12161084,,16911784,11768676,12023848,16985524,,19598328,15713528,16068468,20889524,,1980,1980,1980,1980,,11806228,11989020,12027604,11243192
4173,0,1345,25,0,1239,0,59224524,57815588,72397488,7920,46942824,,13260604,17339048,16484244,12140628,,16900940,11869408,12000960,17044280,,19587516,15812668,16045880,20951424,,1980,1980,1980,1980,,11820516,11840928,12027908,11253472
4176,1,1346,26,0,1240,0,59181500,57394732,71976744,7920,47297616,,13300708,17671456,16483704,11725632,,16868624,11514760,11989572,17021776,,19556492,15457220,16034996,20928036,,1980,1980,1980,1980,,11841636,12164096,12035348,11256536
4179,1,1347,27,0,1241,0,59575028,57873800,72457460,7920,46814536,,13290204,17821688,16620564,11842572,,16875920,11371048,12289640,17337192,,19563832,15313864,16334524,21245240,,1980,1980,1980,1980,,11853452,12313584,11715672,10931828
4183,0,1348,26,0,1242,0,59822956,57613196,72198480,7920,47032024,,13060056,17879632,16822356,12060912,,17105548,11315352,12080084,17112212,,19793432,15259492,16125288,21020268,,1980,1980,1980,1980,,11587284,12373312,11917744,11153684
4186,1,1349,28,0,1243,0,59255412,58161636,72747900,7920,46358432,,12651284,17470172,16999588,12134368,,17505080,11721136,11908036,17027384,,20192024,15665796,15954616,20935464,,1980,1980,1980,1980,,11141036,11986728,11999116,11231552
4190,0,1350,27,0,1244,0,59408028,57576420,72162228,7920,46990188,,13009780,17655432,17016100,11726716,,17115156,11561824,11895308,17004132,,19802108,15506580,15942372,20911168,,1980,1980,1980,1980,,11503992,12227884,12010308,11248004
4193,1,1351,27,0,1245,0,59207296,57827068,72413152,7920,46866548,,12725764,17740092,17022004,11719436,,17421128,11509024,11883288,17013628,,20108060,15453740,15930676,20920676,,1980,1980,1980,1980,,11277088,12320452,12016848,11252160
4196,1,1352,27,0,1246,0,59590244,57410660,71996744,7920,47181360,,13069284,17748736,17034340,11737884,,17069128,11491844,11857540,16992148,,19755704,15436792,15905036,20899212,,1980,1980,1980,1980,,11545380,12344180,12033420,11258380
4200,0,1353,28,0,1247,0,59600828,57822212,72408860,7920,46733408,,12858040,17771180,17052368,11919240,,17266908,11451952,11851944,17251408,,19952308,15397216,15901424,21157912,,1980,1980,1980,1980,,11332272,12348808,12051496,11000832
4203,1,1354,27,0,1248,0,60037748,57405564,71993108,7920,47162232,,13099876,17778844,17062200,12096828,,17022588,11470176,11839164,17073636,,19708064,15415844,15889036,20980164,,1980,1980,1980,1980,,11564896,12364124,12057348,11175864
4206,1,1355,27,0,1249,0,60162528,57268688,71857036,7920,47327892,,13181168,17806584,17030228,12144548,,16937188,11430220,11876144,17025136,,19622676,15376204,15926456,20931700,,1980,1980,1980,1980,,11652300,12377144,12070328,11228120
4209,1,1356,27,0,1250,0,60211968,57209740,71799988,7920,47385780,,13199236,17792956,17056964,12162812,,16910048,11430120,11877624,16991948,,19595588,15376484,15929396,20898520,,1980,1980,1980,1980,,11670516,12381596,12095544,11238124
4213,0,1357,28,0,1251,0,60298464,57145312,71737500,7920,47435204,,13216268,17825032,17073108,12184056,,16905136,11401912,11860716,16977548,,19590684,15348196,15912788,20885832,,1980,1980,1980,1980,,11676720,12402092,12101724,11254668
4216,0,1358,29,0,1252,0,60342700,57080060,71673420,7920,47489532,,13235176,17835272,17077640,12194612,,16883360,11389840,11844440,16962420,,19568940,15336864,15896900,20870716,,1980,1980,1980,1980,,11703604,12409088,12114244,11262596
4219,0,1359,29,0,1253,0,60159580,57261824,71856604,7920,47267288,,13256084,17585704,17104696,12213096,,16852740,11637212,11823256,16948616,,19539216,15584288,15876180,20856920,,1980,1980,1980,1980,,11719612,12131268,12141524,11274884
4222,1,1360,29,0,1254,0,60227848,57215212,71810812,7920,47457380,,13141480,17744556,17117356,12224456,,17017100,11486972,11786876,16924264,,19703828,15434304,15840084,20832596,,1980,1980,1980,1980,,11728184,12299352,12144676,11285168
4225,1,1361,30,0,1255,0,59929940,57099684,71687084,7920,47562928,,13172192,17388772,17129200,12239776,,16987328,11414436,11783828,16914092,,19674072,15351744,15838828,20822440,,1980,1980,1980,1980,,11745020,12362804,12156884,11298220
4228,1,1362,31,0,1256,0,59997620,56987736,71576880,7920,47646504,,13190440,17386396,17160880,12259904,,16975072,11380076,11745680,16886908,,19665212,15315340,15801036,20795292,,1980,1980,1980,1980,,11778732,12369340,12188388,11310044
4232,0,1363,33,0,1257,0,60085840,57364360,71952916,7920,47294480,,13218216,17429700,17182096,12255828,,16939244,11788580,11738192,16898344,,19629412,15722716,15794040,20806748,,1980,1980,1980,1980,,11784128,11982848,12208952,11318552
4235,1,1364,32,0,1258,0,59346880,58116484,72714336,7920,46597728,,13219116,16867680,17199896,12060188,,16937252,12346256,11717212,17115764,,19627420,16288004,15774772,21024140,,1980,1980,1980,1980,,11804564,11442232,12228112,11122820
4238,1,1365,30,0,1259,0,59624856,57801956,72401424,7920,46728152,,13086460,17365436,16988056,12184904,,17043532,11837912,11934340,16986172,,19733696,15780716,15992448,20894564,,1980,1980,1980,1980,,11629552,11840704,12003668,11254228
4242,1,1366,29,0,1260,0,59722804,57297296,71897296,7920,47324560,,13216056,17595920,16703068,12207760,,16946496,11624752,11779436,16946612,,19636672,15567792,15837812,20855020,,1980,1980,1980,1980,,11779204,12081432,12163560,11300364
4245,1,1367,29,0,1261,0,59958900,57006400,71609160,7920,47543932,,13262272,17693608,16767468,12235552,,16880764,11504568,11698760,16922308,,19570968,15448560,15757348,20832284,,1980,1980,1980,1980,,11811180,12191160,12216096,11325496
4249,0,1368,29,0,1262,0,58972116,58028848,72630520,7920,46626648,,13102348,17702936,16363092,11803740,,17043880,11489620,12130496,17364852,,19734088,15434740,16186988,21274704,,1980,1980,1980,1980,,11638336,12213580,11837088,10937644
4252,0,1369,28,0,1263,0,59144352,57911172,72515748,7920,46777716,,13212448,17644020,16643884,11644000,,16949680,11604000,11833168,17524324,,19639896,15549160,15892372,21434320,,1980,1980,1980,1980,,11756604,12213584,12054756,10752772
4255,1,1370,26,0,1264,0,59835652,57631776,72236372,7920,46993312,,13242584,17637716,16958164,11997188,,16914396,11603716,11951624,17162040,,19604636,15549012,16011056,21071668,,1980,1980,1980,1980,,11788264,12214180,11934612,11056256
4259,0,1371,27,0,1265,0,59293048,57226404,71834944,7920,47343916,,13252192,17648304,16248380,12144172,,16890076,11581156,11762488,16992684,,19580312,15531752,15820548,20902332,,1980,1980,1980,1980,,11798856,12235152,12102840,11207068
4262,1,1372,28,0,1266,0,59418492,57129916,71736304,7920,47447972,,13258204,17667820,16309888,12182580,,16907756,11569248,11690824,16962088,,19598008,15520020,15747008,20871268,,1980,1980,1980,1980,,11813456,12240692,12150648,11243176
4265,1,1373,30,0,1267,0,59492556,57057412,71666388,7920,47513800,,13274832,17684116,16321884,12211724,,16891556,11539628,11698904,16927324,,19581856,15491580,15755352,20837600,,1980,1980,1980,1980,,11822560,12258204,12167728,11265308
4269,0,1374,30,0,1268,0,58949988,57618464,72222696,7920,46981856,,12738412,17713144,16285336,12213096,,17417840,11519792,11752996,16927836,,20106012,15472124,15806344,20838216,,1980,1980,1980,1980,,11249940,12275136,12181700,11275080
4272,1,1375,30,0,1269,0,59581020,57384204,71995956,7920,47167616,,13076824,17709488,16568984,12225724,,17068456,11503508,11894548,16917692,,19756668,15456260,15954844,20828184,,1980,1980,1980,1980,,11591164,12285532,12011404,11279516
4275,1,1376,30,0,1270,0,59651020,57326628,71939580,7920,47223644,,13223096,17740600,16661056,12026268,,16916620,11482080,11802548,17125380,,19604848,15435516,15863284,21035932,,1980,1980,1980,1980,,11728444,12306864,12118092,11070244
4279,0,1377,30,0,1271,0,59901716,57074404,71688068,7920,47468760,,13270180,17744196,16703536,12183804,,16857984,11480780,11759944,16975696,,19546272,15434400,15821144,20886252,,1980,1980,1980,1980,,11766636,12329560,12154076,11218488
4282,1,1378,30,0,1272,0,59907048,57050664,71665832,7920,47546220,,13207416,17752892,16711900,12234840,,16957520,11454060,11752908,16886176,,19646684,15407852,15814520,20796776,,1980,1980,1980,1980,,11783212,12336400,12161392,11265216
4285,1,1379,32,0,1273,0,60411048,57024372,71641392,7920,47617148,,13234180,17775188,17156820,12244860,,16932064,11443596,11746764,16901948,,19621216,15397552,15807940,20814684,,1980,1980,1980,1980,,11801364,12353016,12177220,11285548
4288,1,1380,34,0,1274,0,60137352,57286000,71902420,7920,47316524,,13251648,17796848,16813840,12275016,,16908860,11410576,12098876,16867688,,19599364,15362788,16159808,20780460,,1980,1980,1980,1980,,11823364,12365596,11808720,11318844
4292,0,1381,33,0,1275,0,60412980,57012848,71633160,7920,47603028,,13254628,17809764,17055496,12293092,,16911180,11413436,11841508,16846724,,19601748,15367040,15902976,20761396,,1980,1980,1980,1980,,11838740,12376520,12059920,11327848
4295,1,1382,34,0,1276,0,60085744,57338420,71962992,7920,47260404,,13109104,17581928,17140780,12253932,,17054228,11634324,11737176,16912692,,19744844,15591824,15799096,20827228,,1980,1980,1980,1980,,11649892,12117700,12146988,11345824
4298,1,1383,34,0,1277,0,60412364,56999788,71620568,7920,47610864,,13211212,17754836,17183224,12263092,,16944912,11464164,11692352,16898360,,19635552,15422164,15754424,20808428,,1980,1980,1980,1980,,11778920,12291504,12186072,11354368
4302,0,1384,34,0,1278,0,59771700,57208336,71828936,7920,47375188,,13282280,17830944,16390620,12267856,,16876168,11365448,12082980,16883740,,19566808,15324456,16143808,20793864,,1980,1980,1980,1980,,11844976,12363096,11804992,11362124
4305,1,1385,34,0,1279,0,59702296,57290448,71913908,7920,47286012,,13295008,17850440,16638872,11917976,,16861796,11364244,11829012,17235396,,19552568,15324308,15890612,21146420,,1980,1980,1980,1980,,11867920,12377132,12056140,10984820
4308,1,1386,34,0,1280,0,59687160,57713408,72334544,7920,46888316,,13320952,17431552,16764576,12170080,,16818268,11793448,12118252,16983440,,19509124,15752136,16179076,20894208,,1980,1980,1980,1980,,11876604,11998632,11759060,11254020
4312,0,1387,32,0,1281,0,59891636,57520064,72142812,7920,47081500,,12898316,17689540,17052264,12251516,,17249528,11555260,11820776,16894500,,19940444,15515132,15882244,20804992,,1980,1980,1980,1980,,11506740,12221200,12019880,11333680
4315,1,1388,31,0,1282,0,59948216,57452804,72073584,7920,47154532,,13201120,17367136,17128896,12251064,,16955160,11852748,11736884,16908012,,19644812,15811636,15798588,20818548,,1980,1980,1980,1980,,11735620,11947200,12107792,11363920
4319,0,1389,29,0,1283,0,59945148,57451868,72073672,7920,47069992,,13094400,17668572,17154212,12027964,,17048096,11555048,11722472,17126252,,19737724,15514492,15785544,21035912,,1980,1980,1980,1980,,11626692,12204364,12133420,11105516
4322,1,1390,29,0,1284,0,59963244,56957296,71579892,7920,47511320,,13272684,17754828,17171156,11764576,,16863840,11455108,11677724,16960624,,19553520,15414704,15741348,20870320,,1980,1980,1980,1980,,11789684,12302592,12152096,11266948
4325,1,1391,29,0,1285,0,60126724,56802680,71426200,7920,47658008,,13321368,17791000,17176432,11837924,,16824260,11413808,11679096,16885516,,19513964,15373800,15743212,20795224,,1980,1980,1980,1980,,11844860,12321152,12156624,11335372
4329,0,1392,29,0,1286,0,59861444,57108860,71726904,7920,47432924,,13336852,17356300,17132456,12035836,,16802176,11422620,11781624,17102440,,19491956,15376008,15843264,21015676,,1980,1980,1980,1980,,11855332,12324888,12176336,11076368
4332,1,1393,31,0,1287,0,59715388,57266680,71891752,7920,47265832,,13004148,17389416,17152200,12169624,,17150956,11387708,11753960,16974056,,19840676,15346436,15817336,20887304,,1980,1980,1980,1980,,11492972,12351096,12186548,11235216
4335,1,1394,32,0,1288,0,60025128,56921980,71546092,7920,47582376,,13269480,17788188,17155336,11812124,,16861960,11426632,11745572,16887816,,19551764,15384128,15809404,20800796,,1980,1980,1980,1980,,11745552,12350136,12189364,11297324
4339,0,1395,31,0,1289,0,59620888,57327892,71951492,7920,47136008,,13062952,17809088,16915140,11833708,,17060224,11385020,11998648,16884000,,19748956,15342648,16062864,20797024,,1980,1980,1980,1980,,11545460,12357772,11918352,11314424
4342,1,1396,30,0,1290,0,59886064,57072292,71695188,7920,47513332,,13152404,17806756,17079592,11847312,,17010816,11386152,11828376,16846948,,19699380,15344016,15892880,20758912,,1980,1980,1980,1980,,11725752,12371768,12094020,11321792
4345,1,1397,31,0,1291,0,60038852,56897220,71523976,7920,47690800,,13217540,17833616,17147748,11839948,,16935876,11357472,11745660,16858212,,19624428,15316768,15810348,20772432,,1980,1980,1980,1980,,11799344,12393892,12162644,11334920
4348,1,1398,32,0,1292,0,59896032,57471036,72096700,7920,47085108,,13231676,17826032,17151280,11687044,,16924596,11343492,11749680,17453268,,19613180,15302980,15815492,21365048,,1980,1980,1980,1980,,11807988,12397992,12171508,10707620
4352,0,1399,30,0,1293,0,59632840,57747836,72373124,7920,46829292,,12595676,17842080,17169852,12025232,,17573844,11339644,11714152,17120196,,20261416,15299224,15780492,21031992,,1980,1980,1980,1980,,11172500,12402108,12194516,11060168
4355,1,1400,29,0,1294,0,59492712,57507772,72136396,7920,47103364,,12981468,17453836,16949732,12107676,,17187936,11306816,11946948,17066072,,19875584,15268504,16014584,20977724,,1980,1980,1980,1980,,11516508,12423756,11949720,11213380
4358,1,1401,27,0,1295,0,59633996,57341632,71975324,7920,47259064,,13119900,17687792,17098496,11727808,,17042520,11500620,11784204,17014288,,19730172,15465328,15852012,20927812,,1980,1980,1980,1980,,11674744,12208052,12112472,11263796
4362,0,1402,28,0,1296,0,59905604,57049388,71683796,7920,47524444,,13189604,17815760,17154196,11746044,,16949064,11387484,11718372,16994468,,19636752,15352560,15786456,20908028,,1980,1980,1980,1980,,11740228,12346668,12159648,11277900
4365,1,1403,29,0,1297,0,59610104,57362920,71997608,7920,47224580,,13202568,17467212,17157036,11783288,,16950816,11286452,11728376,17397276,,19638520,15252412,15797244,21309432,,1980,1980,1980,1980,,11749948,12418452,12162104,10894076
4368,1,1404,29,0,1298,0,59462668,57512952,72149252,7920,46977764,,12998236,17483636,16900324,12080472,,17160520,11270740,11989376,17092316,,19847020,15236708,16059736,21005788,,1980,1980,1980,1980,,11509496,12431832,11879712,11156724
4372,0,1405,31,0,1299,0,59874420,57126192,71763076,7920,47439080,,13149124,17461052,17086120,12178124,,17004400,11310308,11808824,17002660,,19690928,15276460,15879548,20916140,,1980,1980,1980,1980,,11666576,12439908,12076392,11256204
4375,1,1406,30,0,1300,0,59813112,57145800,71787912,7920,47368868,,13200644,17277344,17154116,12181008,,16946404,11507836,11696864,16994696,,19632960,15475624,15769444,20909884,,1980,1980,1980,1980,,11708684,12230372,12151904,11277908
4378,1,1407,32,0,1301,0,59981000,56955904,71597480,7920,47563908,,13210708,17384328,17177328,12208636,,16930872,11382036,11677836,16965160,,19617440,15348824,15750848,20880368,,1980,1980,1980,1980,,11715032,12370960,12177244,11300672
4382,0,1408,32,0,1302,0,59690716,56834228,71472612,7920,47674368,,13215536,17449496,16790004,12235680,,16919304,11326576,11654168,16934180,,19605908,15293208,15726444,20847052,,1980,1980,1980,1980,,11725844,12423020,12200732,11324772
4385,1,1409,31,0,1303,0,59627280,57330496,71972824,7920,47158884,,13224344,17374644,16811484,12216808,,16912968,11833008,11620748,16963772,,19599568,15800604,15695984,20876668,,1980,1980,1980,1980,,11733984,11864840,12222988,11337072
4388,1,1410,33,0,1304,0,59967828,56977444,71624592,7920,47571352,,13202308,17716740,16790760,12258020,,16930540,11449684,11679228,16917992,,19617152,15421996,15754508,20830936,,1980,1980,1980,1980,,11742560,12219128,12243444,11366220
4392,0,1411,33,0,1305,0,59303852,58035644,72684828,7920,46398948,,13211828,17856628,16526052,11709344,,16926116,11299436,12361216,17448876,,19614780,15271968,16437924,21360156,,1980,1980,1980,1980,,11746620,12342680,11545108,10764540
4395,1,1412,29,0,1306,0,60035256,57301608,71952028,7920,46923736,,13025248,18050180,16949076,12010752,,17096940,11125280,11932016,17147372,,19785456,15098584,16009316,21058672,,1980,1980,1980,1980,,11525920,12388308,11922296,11087212
4398,1,1413,29,0,1307,0,60184360,57155156,71805248,7920,47024832,,13147456,18091400,16756568,12188936,,16977780,11091060,12129344,16956972,,19666324,15064504,16206144,20868276,,1980,1980,1980,1980,,11661928,12403068,11710908,11248928
4402,0,1414,29,0,1308,0,60506684,56894872,71546828,7920,47435392,,13129044,18092460,17056340,12228840,,17060032,11096580,11817812,16920448,,19748532,15071596,15894908,20831792,,1980,1980,1980,1980,,11705736,12416052,12020660,11292944
4405,1,1415,30,0,1309,0,60648068,56731420,71385968,7920,47590472,,13143728,18109240,17163180,12231920,,17038592,11067580,11706728,16918520,,19729252,15042776,15784068,20829872,,1980,1980,1980,1980,,11726972,12434464,12133888,11295148
4409,0,1416,33,0,1310,0,60707424,56643272,71296920,7920,47674808,,13181636,18119772,17187092,12218924,,16983684,11055228,11674612,16929748,,19675800,15031036,15752352,20837732,,1980,1980,1980,1980,,11753480,12458376,12160428,11302524
4412,1,1417,34,0,1311,0,60072904,56819284,71475112,7920,47415748,,13194020,18145720,17202480,11530684,,16965564,11027024,11651376,17175320,,19657740,15002928,15729600,21084844,,1980,1980,1980,1980,,11770064,12472508,12178912,10994264
4415,1,1418,32,0,1312,0,60034876,56891112,71549376,7920,47418724,,13216564,17965196,17215924,11637192,,16941108,11210604,11638848,17100552,,19633308,15186824,15717580,21011664,,1980,1980,1980,1980,,11786624,12258180,12190408,11183512
4418,1,1419,32,0,1313,0,60292632,57084528,71739716,7920,47282140,,13222648,18083308,17245812,11740864,,16935240,11099972,11611268,17438048,,19627480,15076712,15690148,21345376,,1980,1980,1980,1980,,11798616,12406032,12216616,10860876
4422,0,1420,31,0,1314,0,60299620,57048988,71707812,7920,47249704,,12839580,18150292,17280720,12029028,,17324584,11011772,11574996,17137636,,20016808,14988936,15654184,21047884,,1980,1980,1980,1980,,11430956,12462184,12244616,11111948
4425,1,1421,32,0,1315,0,60044288,57297212,71956144,7920,46936188,,13156352,17758824,17022116,12106996,,16997520,11406768,11844592,17048332,,19689876,15384964,15922712,20958592,,1980,1980,1980,1980,,11684380,12093404,11966032,11192372
4428,1,1422,30,0,1316,0,60301820,57066364,71726144,7920,47126776,,13246964,18042556,16878608,12133692,,16911704,11134728,11987144,17032788,,19604084,15110604,16068376,20943080,,1980,1980,1980,1980,,11788004,12309400,11810968,11218404
4432,0,1423,29,0,1317,0,60348612,57002992,71660960,7920,47245484,,13286340,18037768,17122188,11902316,,16872928,11156396,11714228,17259440,,19565348,15132276,15795768,21167568,,1980,1980,1980,1980,,11826200,12399440,12057752,10962092
4435,1,1424,28,0,1318,0,60679340,56679184,71342172,7920,47569912,,13313044,18078580,17224468,12063248,,16841328,11118180,11607980,17111696,,19533756,15094224,15689552,21024640,,1980,1980,1980,1980,,11847200,12432612,12163836,11126264
4438,1,1425,27,0,1319,0,60329212,57025512,71685144,7920,47181444,,13322712,17635144,17251792,12119564,,16824836,11569352,11596020,17035304,,19517300,15541352,15677724,20948768,,1980,1980,1980,1980,,11855468,11949732,12192184,11184060
4442,1,1426,28,0,1320,0,60171636,56716420,71375460,7920,47464780,,13350844,17862628,17255292,11702872,,16796972,11316736,11574984,17027728,,19489468,15288788,15656132,20941072,,1980,1980,1980,1980,,11885052,12193740,12197940,11188048
4445,1,1427,28,0,1321,0,59593232,56884216,71545500,7920,47253960,,13384040,18010780,16482584,11715828,,16768028,11165120,11944028,17007040,,19460568,15137648,16027540,20919744,,1980,1980,1980,1980,,11913504,12330504,11814028,11195924
4449,0,1428,28,0,1322,0,59739480,56788336,71446204,7920,47563180,,13390636,17993252,16624432,11731160,,16759108,11198404,11837112,16993712,,19451692,15171356,15920572,20902584,,1980,1980,1980,1980,,11924104,12350188,12082600,11206288
4452,1,1429,28,0,1323,0,59853016,57101092,71760788,7920,47186032,,13215972,18018884,16885268,11732892,,16955616,11167524,11995652,16982300,,19648216,15142892,16078492,20891188,,1980,1980,1980,1980,,11725940,12362936,11886644,11210512
4456,0,1430,27,0,1324,0,59650556,56884284,71543852,7920,47517860,,13316008,17577140,17046676,11710732,,16856204,11172016,11834488,17021576,,19548796,15146820,15917764,20930472,,1980,1980,1980,1980,,11860124,12377212,12057328,11223196
4459,1,1431,26,0,1325,0,59413028,57511040,72174852,7920,46773652,,13152476,17599344,16716572,11944636,,16987000,11159864,12151368,17212808,,19679524,15134940,16235060,21125328,,1980,1980,1980,1980,,11659720,12379228,11741668,10993036
4462,1,1432,24,0,1326,0,59241640,57768568,72432112,7920,46612928,,12853672,17284232,17017812,12085924,,17322416,11475240,11883176,17087736,,20013632,15449848,15967320,21001312,,1980,1980,1980,1980,,11412200,12058156,11988552,11154020
4466,1,1433,22,0,1327,0,59754372,57622292,72289360,7920,46628328,,12926168,17588168,17100236,12139800,,17224852,11597660,11781148,17018632,,19914868,15576776,15865436,20932280,,1980,1980,1980,1980,,11452612,11889744,12082400,11203572
4470,1,1434,24,0,1328,0,59814736,57554052,72227556,7920,46775888,,12687316,17849736,17124556,12153128,,17476464,11314388,11754524,17008676,,20170608,15295204,15839404,20922340,,1980,1980,1980,1980,,11274772,12181248,12108304,11211564
4473,1,1435,25,0,1329,0,60308392,57072668,71748616,7920,47205580,,13090592,17970956,17133600,12113244,,17057164,11207008,11737588,17070908,,19751360,15189660,15823096,20984500,,1980,1980,1980,1980,,11585672,12280976,12115156,11223776
4477,1,1436,25,0,1330,0,60123692,57261416,71939560,7920,47055220,,12859880,17990488,17143184,12130140,,17294052,11191524,11730896,17044944,,19987876,15176512,15816596,20958576,,1980,1980,1980,1980,,11374320,12325268,12127536,11228096
4480,1,1437,25,0,1330,0,60197548,57174260,71852780,7920,47080264,,13066208,18023264,16977924,12130152,,17072940,11144328,11900496,17056496,,19766840,15129708,15986340,20969892,,1980,1980,1980,1980,,11577520,12336012,11932704,11234028
4484,0,1438,27,0,1332,0,60402116,56943808,71620676,7920,47313700,,13131440,18012924,17096108,12161644,,17006680,11154876,11771156,17011096,,19700620,15140592,15857356,20922108,,1980,1980,1980,1980,,11649576,12347912,12063096,11253116
4487,1,1439,28,0,1333,0,60333668,56988520,71666132,7920,47206272,,13154184,18057324,17138788,11983372,,16971280,11116604,11708788,17191848,,19665324,15103516,15795244,21102048,,1980,1980,1980,1980,,11656772,12382000,12105488,11062012
4490,1,1440,27,0,1334,0,60167728,57187396,71865588,7920,47049880,,13155076,18047952,17158992,11805708,,16971180,11145156,11698740,17372320,,19665252,15132372,15785588,21282376,,1980,1980,1980,1980,,11667280,12407920,12118248,10856432
4494,0,1441,27,0,1335,0,60039916,56883620,71561956,7920,47314824,,13181912,17680264,17171620,12006120,,16967448,11083472,11683696,17149004,,19661832,15070064,15770872,21059188,,1980,1980,1980,1980,,11691088,12418744,12125456,11079536
4497,1,1442,28,0,1336,0,60390004,56961704,71640896,7920,47138572,,13188892,17942276,17176804,12082032,,16954828,11254712,11682508,17069656,,19649240,15242072,15769724,20979860,,1980,1980,1980,1980,,11696652,12161120,12135200,11145600
4500,1,1443,28,0,1337,0,60635752,56660388,71340544,7920,47379952,,13216752,18132564,17190420,12096016,,16912620,11039028,11655468,17053272,,19607040,15026568,15743436,20963500,,1980,1980,1980,1980,,11715136,12345800,12152576,11166440
4504,0,1444,29,0,1338,0,60782900,56501888,71189164,7920,47507424,,13252588,18216660,17196536,12117116,,16885960,10955556,11637532,17022840,,19581764,14943444,15726056,20937900,,1980,1980,1980,1980,,11750548,12412784,12159268,11184824
4507,0,1445,30,0,1339,0,60828668,56512900,71194528,7920,47571812,,13260784,18273120,17155596,12139168,,16869796,10914592,11727380,17001132,,19565612,14902860,15809836,20916220,,1980,1980,1980,1980,,11756372,12443012,12173728,11198700
4510,1,1446,30,0,1340,0,60908900,56421020,71103184,7920,47627084,,13274088,18330852,17159636,12144324,,16859264,10843344,11717780,17000632,,19555088,14831956,15800400,20915740,,1980,1980,1980,1980,,11769884,12474180,12180124,11202896
4513,1,1447,31,0,1341,0,60103612,56418300,71104588,7920,47676212,,13299240,18333880,16318492,12152000,,16838600,10847476,11735924,16996300,,19535996,14836260,15820916,20911416,,1980,1980,1980,1980,,11797964,12478608,12190724,11208916
4517,0,1448,30,0,1342,0,59891464,57469956,72163544,7920,46620136,,13334144,17867836,16706788,11982696,,16792840,11334488,12176756,17165872,,19490280,15324104,16268172,21080988,,1980,1980,1980,1980,,11820240,12100476,11688124,11011296
4520,1,1449,27,0,1343,0,60124284,56781684,71471668,7920,47245120,,13313836,18178980,16523744,12107724,,16816372,11008268,11926220,17030824,,19513844,14994488,16017356,20945980,,1980,1980,1980,1980,,11829580,12330036,11944900,11140604
4523,1,1450,28,0,1344,0,60382916,56535056,71228876,7920,47571648,,13290932,18293752,16656060,12142172,,16891168,10886748,11784016,16973124,,19588448,14876124,15875996,20888308,,1980,1980,1980,1980,,11867412,12449280,12073428,11181528
4527,1,1451,28,0,1345,0,60176324,56745712,71437912,7920,47340460,,13305728,18029820,16684864,12155912,,16874028,11153636,11738944,16979104,,19571328,15141224,15831068,20894292,,1980,1980,1980,1980,,11874316,12170708,12099280,11196156
4530,1,1452,27,0,1346,0,60352692,56975052,71667872,7920,47175512,,13306028,18235728,16685308,12125628,,16857988,10938324,12171396,17007344,,19555272,14926096,16263936,20922568,,1980,1980,1980,1980,,11886324,12378784,11712124,11198280
4534,0,1453,26,0,1347,0,60303380,56616568,71310124,7920,47499740,,13334336,17883376,16991852,12093816,,16825944,10860844,11865052,17064728,,19523224,14848744,15958296,20979860,,1980,1980,1980,1980,,11911288,12447396,11940764,11200292
4537,1,1454,26,0,1348,0,60408412,56517520,71214312,7920,47629684,,13342948,17894016,17058872,12112576,,16824024,10849952,11791664,17051880,,19521316,14840892,15885068,20967036,,1980,1980,1980,1980,,11927376,12460484,12033248,11208576
4540,1,1455,27,0,1349,0,60219456,57140136,71834496,7920,46952296,,13004936,18038340,17075012,12101168,,17164916,11133388,11783860,17057972,,19862204,15121692,15877444,20973156,,1980,1980,1980,1980,,11539716,12151644,12052268,11208668
4543,1,1456,25,0,1350,0,60245844,56656876,71351400,7920,47441888,,13232684,18243888,17084364,11684908,,16922972,10916376,11778804,17038724,,19620264,14906288,15872772,20952076,,1980,1980,1980,1980,,11799448,12365796,12059532,11217112
4547,0,1457,27,0,1351,0,60351236,56943680,71641348,7920,47069544,,13129260,18305108,17095920,11820948,,17024356,10836924,11751316,17331084,,19720644,14829200,15845320,21246184,,1980,1980,1980,1980,,11662996,12435012,12069328,10902208
4550,1,1458,27,0,1352,0,59634328,57691640,72388032,7920,46410440,,12831464,17917912,16875156,12009796,,17321564,11232332,11987884,17149860,,20017880,15223756,16081420,21064976,,1980,1980,1980,1980,,11416324,12071860,11827464,11094792
4553,1,1459,23,0,1353,0,59379496,57545372,72243276,7920,46540028,,12846916,17435616,17008960,12088004,,17292712,11320380,11855388,17076892,,19988320,15313612,15949288,20992056,,1980,1980,1980,1980,,11342260,12050148,11973232,11174388
4557,1,1460,24,0,1354,0,59922640,56988828,71687296,7920,47100884,,13097464,17642936,17062000,12120240,,17043768,11118124,11786508,17040428,,19739424,15111744,15880516,20955612,,1980,1980,1980,1980,,11616848,12261452,12024548,11198036
4560,1,1461,26,0,1355,0,60346996,56960548,71661196,7920,47041328,,13230140,17921856,17076788,12118212,,16900612,11226896,11769416,17063624,,19598356,15219520,15864204,20979116,,1980,1980,1980,1980,,11736656,12061720,12033916,11209036
4564,1,1462,25,0,1356,0,60334308,57000496,71700668,7920,47000600,,13003724,18101020,17094868,12134696,,17130368,11080044,11752212,17037872,,19826692,15073072,15847524,20953380,,1980,1980,1980,1980,,11485244,12245684,12040360,11229312
4567,1,1463,26,0,1357,0,60115780,56802360,71496532,7920,47277732,,13169356,18184176,17048456,11713792,,16963292,10979284,11834424,17025360,,19659664,14972636,15929744,20934488,,1980,1980,1980,1980,,11655876,12323884,12060552,11237420
4571,0,1464,26,0,1358,0,60227360,56686260,71380208,7920,47371844,,13246224,18200884,17058540,11721712,,16868860,10982996,11820580,17013824,,19565832,14976684,15916116,20921576,,1980,1980,1980,1980,,11728004,12336656,12065072,11242112
4574,0,1465,27,0,1359,0,59875680,57069968,71764504,7920,47031444,,12863312,18213648,17056852,11741868,,17275768,10958260,11839224,16996716,,19972460,14952216,15935048,20904780,,1980,1980,1980,1980,,11348104,12356964,12067480,11258896
4577,1,1466,27,0,1360,0,60362792,56993088,71691992,7920,47017680,,13156896,18236244,17074548,11895104,,16972128,10946140,11792512,17282308,,19669156,14940836,15888912,21193088,,1980,1980,1980,1980,,11588120,12374252,12095116,10960192
4580,1,1467,26,0,1361,0,60650828,56684136,71388572,7920,47345552,,13235736,18244852,17083704,12086536,,16890912,10928124,11790996,17074104,,19587984,14923140,15887720,20989728,,1980,1980,1980,1980,,11691064,12384856,12099736,11169896
4584,0,1468,27,0,1362,0,60645324,56691788,71397328,7920,47463160,,13158024,18221444,17098068,12167788,,16998008,10946748,11772056,16974976,,19694880,14941800,15870040,20890608,,1980,1980,1980,1980,,11719072,12387220,12114784,11242084
4587,1,1469,28,0,1363,0,60665008,56659352,71365240,7920,47515760,,13134268,18233452,17108276,12189012,,17010664,10928956,11770100,16949632,,19707548,14924232,15868160,20865300,,1980,1980,1980,1980,,11729452,12394072,12130940,11261296
4590,1,1470,28,0,1364,0,60737380,56602464,71309352,7920,47559996,,13161800,18255152,17119364,12201064,,17009604,10903960,11752756,16936144,,19706492,14899588,15851444,20851828,,1980,1980,1980,1980,,11745988,12400372,12141804,11271832
4593,1,1471,28,0,1365,0,60474496,56932308,71637736,7920,47325188,,13177632,18256780,17130360,11909724,,16993056,10922952,11737416,17278884,,19689964,14916676,15836652,21194444,,1980,1980,1980,1980,,11756756,12404828,12158820,11004784
4597,0,1472,28,0,1366,0,60437792,56953308,71660180,7920,47261708,,13193832,18030332,17138132,12075496,,16971192,11155880,11730844,17095392,,19669448,15149416,15830308,21011008,,1980,1980,1980,1980,,11775856,12143896,12169308,11172648
4600,1,1473,27,0,1367,0,60245184,56684548,71393392,7920,47529128,,13208488,17760248,17156248,12120200,,16954940,10981796,11719272,17028540,,19653188,14975796,15820236,20944172,,1980,1980,1980,1980,,11785508,12311216,12186588,11245816
4603,1,1474,29,0,1368,0,60026652,56917564,71625808,7920,47244632,,12859672,17840208,17187388,12139384,,17314160,10892716,11688552,17022136,,20011268,14886908,15789840,20937792,,1980,1980,1980,1980,,11413820,12376356,12205068,11249388
4607,0,1475,28,0,1369,0,59750148,57191488,71889784,7920,46956788,,13127920,17867096,16777204,11977928,,17036772,11299964,11676404,17178348,,19733936,15284996,15775236,21095616,,1980,1980,1980,1980,,11671920,11994940,12222932,11066996
4610,1,1476,26,0,1370,0,60022568,56901396,71614780,7920,47208920,,13187656,18159748,16599280,12075884,,16967016,11004660,11852032,17077688,,19664192,15002592,15953036,20994960,,1980,1980,1980,1980,,11749752,12250968,12023648,11184552
4613,1,1477,28,0,1371,0,59875868,57096988,71813640,7920,47097760,,13215340,17753748,16795436,12111344,,16945144,11014080,12088260,17049504,,19643408,15011892,16191536,20966804,,1980,1980,1980,1980,,11773968,12338224,11771224,11214344
4617,0,1478,28,0,1372,0,60194492,56739116,71456120,7920,47436332,,13228040,17763832,17089016,12113604,,16935788,10985236,11769488,17048604,,19634088,14983284,15872836,20965912,,1980,1980,1980,1980,,11798688,12364956,12056176,11216512
4620,1,1479,28,0,1373,0,60353676,56591240,71309248,7920,47582320,,13250068,17801856,17170324,12131428,,16906888,10958320,11686612,17039420,,19605216,14956732,15790524,20956776,,1980,1980,1980,1980,,11807908,12388656,12158380,11227376
4623,1,1480,30,0,1374,0,60563784,56810640,71529464,7920,47363128,,13258808,17980304,17199284,12125388,,16899444,11212812,11663660,17034724,,19597848,15211572,15767940,20952104,,1980,1980,1980,1980,,11820248,12132480,12181144,11229256
4626,1,1481,29,0,1375,0,59179268,57787628,72508200,7920,46450936,,12969412,17738396,16335008,12136452,,17183868,11450016,12125712,17028032,,19883908,15448976,16229872,20945444,,1980,1980,1980,1980,,11505252,11900432,11813800,11231452
4630,1,1482,27,0,1376,0,59994844,56959060,71680996,7920,47190492,,13180940,18026776,16632536,12154592,,16984608,11142176,11815248,17017028,,19684656,15141524,15920004,20934812,,1980,1980,1980,1980,,11713732,12170140,12049444,11257176
4633,1,1483,27,0,1377,0,60072952,56827108,71549880,7920,47243140,,13028312,18151516,16727596,12165528,,17115052,11006384,11702048,17003624,,19814208,15005988,15807176,20922508,,1980,1980,1980,1980,,11538968,12291500,12145896,11266776
4637,0,1484,27,0,1378,0,60058836,56833016,71552452,7920,47237480,,13206404,18164756,16747224,11940452,,16927264,10994584,11679708,17231460,,19626460,14994880,15781384,21149728,,1980,1980,1980,1980,,11714548,12318820,12177636,11026476
4640,1,1485,28,0,1379,0,60321832,56584232,71304168,7920,47486468,,13269980,18188668,16760500,12102684,,16861276,10976196,11674688,17072072,,19560544,14976780,15776472,20990372,,1980,1980,1980,1980,,11778328,12331652,12190932,11185556
4643,1,1486,29,0,1380,0,60334644,56565048,71285368,7920,47571488,,13217640,18185640,16778636,12152728,,16937484,10985116,11647664,16994784,,19636652,14985788,15749804,20913124,,1980,1980,1980,1980,,11786012,12341240,12209236,11235000
4647,0,1487,30,0,1381,0,60364696,56990736,71714156,7920,47108488,,12974592,18200964,17024512,12164628,,17186600,10964288,11852488,16987360,,19885324,14965148,15957976,20905708,,1980,1980,1980,1980,,11512312,12344572,12006460,11245144
4650,1,1488,28,0,1382,0,59988160,56925808,71645488,7920,47156028,,13147200,18198136,16869496,11773328,,17011444,10957536,12003844,16952984,,19710180,14958796,16108624,20867888,,1980,1980,1980,1980,,11696944,12347224,11838464,11273396
4654,0,1489,28,0,1383,0,60046784,56891424,71613492,7920,47237428,,12990132,18227936,17078632,11750084,,17166232,10943784,11774960,17006448,,19866280,14945388,15880716,20921108,,1980,1980,1980,1980,,11538540,12360256,12060632,11278000
4657,1,1490,29,0,1384,0,60301288,56596524,71319384,7920,47495624,,13158200,18221340,17164360,11757388,,16991084,10937152,11686192,16982096,,19691340,14939100,15792164,20896780,,1980,1980,1980,1980,,11705324,12360592,12141460,11288248
4661,0,1491,30,0,1385,0,60583096,56759768,71489516,7920,47325072,,13197408,18234796,17185900,11964992,,16954060,10939572,11664780,17201356,,19654376,14941860,15770944,21122336,,1980,1980,1980,1980,,11753144,12369892,12154668,11047368
4664,1,1492,30,0,1386,0,60310980,56582204,71308548,7920,47523524,,13211796,17797304,17185036,12116844,,16928012,10944152,11664296,17045744,,19628392,14942612,15770816,20966728,,1980,1980,1980,1980,,11769224,12384232,12161600,11208468
4667,1,1493,30,0,1387,0,60397172,56493348,71223952,7920,47642500,,13253936,17806388,17191568,12145280,,16890680,10936716,11653372,17012580,,19591184,14939064,15760112,20933592,,1980,1980,1980,1980,,11806876,12396712,12168184,11270728
4671,0,1494,31,0,1388,0,60437440,56469832,71202648,7920,47688796,,13277628,17780876,17205936,12173000,,16875984,10962716,11643732,16987400,,19578152,14965272,15750796,20908428,,1980,1980,1980,1980,,11819828,12402712,12178760,11287496
4674,0,1495,32,0,1389,0,60039864,56383996,71112480,7920,47731464,,13278028,17354220,17214420,12193196,,16867392,10941904,11624908,16949792,,19569536,14939828,15732296,20870820,,1980,1980,1980,1980,,11839884,12406596,12185076,11299908
4677,1,1496,31,0,1390,0,60047224,56838944,71571144,7920,47255148,,13034544,17591292,17231024,12190364,,17116016,11148704,11626564,16947660,,19817116,15150664,15734664,20868700,,1980,1980,1980,1980,,11550088,12192728,12203960,11308372
4680,1,1497,31,0,1391,0,60422684,56475628,71211876,7920,47657132,,13222488,17727224,17241176,12231796,,16924124,11026884,11604312,16920308,,19625276,15031268,15713720,20841612,,1980,1980,1980,1980,,11765808,12337060,12220428,11333836
4684,0,1498,32,0,1392,0,59974916,56897096,71632384,7920,47154048,,13329964,17545428,16877588,12221936,,16804056,11197036,11974564,16921440,,19505228,15201336,16083036,20842784,,1980,1980,1980,1980,,11853668,12128216,11834388,11337776
4687,1,1499,31,0,1393,0,60024756,56894476,71628836,7920,47229988,,13339036,17704832,16718404,12262484,,16802872,11053100,12152672,16885832,,19504080,15057808,16259728,20807220,,1980,1980,1980,1980,,11870720,12297024,11711824,11350420
4690,1,1500,31,0,1394,0,60014632,56446576,71178912,7920,47626508,,13368300,17789712,17013680,11842940,,16775576,10939744,11841272,16889984,,19476804,14944804,15948532,20808772,,1980,1980,1980,1980,,11891832,12346228,12002332,11386116
4694,0,1501,31,0,1395,0,60133900,56310756,71044792,7920,47770836,,13384340,17769216,17111240,11869104,,16750592,10944912,11764764,16850488,,19451828,14949588,15872356,20771020,,1980,1980,1980,1980,,11909648,12354280,12105640,11401268
4697,1,1502,32,0,1396,0,60338904,56574620,71311336,7920,47542600,,13413332,17921044,17130512,11874016,,16732880,11245712,11733824,16862204,,19434236,15250812,15841804,20784484,,1980,1980,1980,1980,,11930956,12056780,12136880,11417984
4700,1,1503,34,0,1397,0,60604364,56713328,71454860,7920,47421156,,13442104,18111416,17147212,11903632,,16691352,11043236,11718988,17259752,,19393976,15048588,15830176,21182120,,1980,1980,1980,1980,,11955168,12259288,12154280,11052420
4704,0,1504,35,0,1398,0,60502612,56810596,71555004,7920,47355640,,12971120,18175244,17155332,12200916,,17184916,10977004,11701040,16947636,,19887448,14982416,15814228,20870912,,1980,1980,1980,1980,,11576860,12326376,12169280,11283124
4707,1,1505,35,0,1399,0,59942688,57405108,72147556,7920,46734640,,12483740,18213408,16938980,12306560,,17683156,10948976,11921352,16851624,,20383276,14954756,16034612,20774912,,1980,1980,1980,1980,,11048040,12362368,11929752,11394480
4710,1,1506,32,0,1400,0,60676120,56634288,71374224,7920,47400680,,12994816,18230312,17105624,12345368,,17156540,10926856,11750340,16800552,,19856676,14932868,15864264,20720416,,1980,1980,1980,1980,,11490804,12375616,12102364,11431896
4714,1,1507,32,0,1401,0,59851904,56608260,71350248,7920,47459464,,13201136,17817364,17159388,11674016,,16942728,10915636,11682368,17067528,,19642868,14919452,15796864,20991064,,1980,1980,1980,1980,,11716752,12379692,12153916,11209104
4717,1,1508,31,0,1402,0,58653908,57348988,72101008,7920,46713296,,13012824,17487608,17188340,10965136,,17114180,11233552,11660848,17340408,,19814264,15236540,15775500,21274704,,1980,1980,1980,1980,,11527812,12022168,12172328,10990988
4721,1,1509,30,0,1403,0,59158396,57254612,72005956,7920,46850132,,13183040,17713088,17222528,11039740,,16948392,10995636,11624780,17685804,,19648504,14998916,15739644,21618892,,1980,1980,1980,1980,,11705812,12275072,12199464,10669784
4724,1,1510,30,0,1404,0,59591040,56799808,71553076,7920,47220696,,13263736,17795344,17224620,11307340,,16843564,10903140,11632124,17420980,,19543680,14906564,15747320,21355512,,1980,1980,1980,1980,,11777960,12356084,12210632,10876020
4728,0,1511,28,0,1405,0,59677492,57171084,71931980,7920,46847880,,13013788,17823720,17228532,11611452,,17122036,10882420,11620508,17546120,,19825376,14890372,15735956,21480276,,1980,1980,1980,1980,,11507240,12389512,12215664,10735464
4731,1,1512,27,0,1406,0,59597720,57678508,72441444,7920,46345920,,12937512,17996284,16883852,11780072,,17181680,11174144,11957152,17365532,,19883792,15183292,16073028,21301332,,1980,1980,1980,1980,,11410912,12178372,11841608,10915028
4734,1,1513,28,0,1407,0,59808352,57029408,71793680,7920,47020120,,13102744,17692580,17148480,11864548,,17016464,11035724,11708716,17268504,,19718616,15045084,15825072,21204908,,1980,1980,1980,1980,,11601412,12315012,12111072,10992624
4738,1,1514,31,0,1408,0,60046432,56800524,71565528,7920,47244060,,13199532,17749924,17222064,11874912,,16919588,10984344,11615932,17280660,,19621776,14994124,15732556,21217072,,1980,1980,1980,1980,,11674284,12370264,12192672,11006840
4741,1,1515,31,0,1409,0,60056236,56826336,71592424,7920,47290500,,13205320,17752976,17239572,11858368,,16926504,10997560,11600872,17301400,,19628732,15007524,15718320,21237848,,1980,1980,1980,1980,,11685140,12371356,12216816,11017188
4744,1,1516,30,0,1410,0,60383524,56894952,71663060,7920,47129120,,13221272,18009672,17263348,11889232,,16906464,11159364,11569744,17259380,,19608708,15170692,15687808,21195852,,1980,1980,1980,1980,,11688888,12167376,12241308,11031548
4748,1,1517,32,0,1411,0,60334788,56959480,71729060,7920,47132308,,13219044,18157500,17223620,11734624,,16909392,11006916,11636980,17406192,,19611640,15018588,15756472,21342360,,1980,1980,1980,1980,,11695568,12329044,12259964,10847732
4751,1,1518,32,0,1412,0,59916808,57360108,72130128,7920,46672676,,13228076,18202280,16646596,11839856,,16900744,10952516,12206888,17299960,,19603004,14964572,16326392,21236160,,1980,1980,1980,1980,,11700196,12370532,11624416,10977532
4755,0,1519,30,0,1413,0,60093512,57152472,71922652,7920,46824856,,13228520,18217356,16745168,11902468,,16891248,10932012,12093024,17236188,,19593524,14944792,16211932,21172404,,1980,1980,1980,1980,,11710784,12385796,11694676,11033600
4758,1,1520,30,0,1414,0,59705464,57100704,71870044,7920,46857712,,13248912,18240508,16555684,11660360,,16857036,10907416,11858328,17477924,,19559404,14920328,15977232,21413080,,1980,1980,1980,1980,,11721652,12406800,11952840,10776420
4762,0,1521,30,0,1415,0,60358216,56917860,71687840,7920,47189620,,13155172,18240284,17146884,11815876,,17011692,10907128,11680136,17318904,,19713908,14920300,15799556,21254076,,1980,1980,1980,1980,,11729812,12414948,12107264,10937596
4765,1,1522,31,0,1416,0,59865752,57392200,72161752,7920,46732956,,13176820,18249964,16758632,11680336,,16981620,10892476,12077852,17440252,,19683916,14905780,16197900,21374156,,1980,1980,1980,1980,,11753392,12433716,11759832,10786016
4769,0,1523,30,0,1417,0,60241420,57023224,71792368,7920,47008968,,13065712,18273064,17074776,11827868,,17075280,10890860,11761716,17295368,,19777524,14904020,15881524,21229300,,1980,1980,1980,1980,,11622688,12454224,12010980,10921076
4772,1,1524,32,0,1418,0,60462944,56777792,71548052,7920,47241332,,13157532,18287412,17153724,11864276,,16988328,10878988,11665736,17244740,,19690596,14893752,15786048,21177656,,1980,1980,1980,1980,,11714128,12461656,12099352,10966196
4776,0,1525,33,0,1419,0,60521076,56764116,71534860,7920,47363948,,13193560,18328684,17183020,11815812,,16950672,10833316,11640244,17339884,,19652976,14848180,15761060,21272644,,1980,1980,1980,1980,,11745552,12492624,12133160,10992612
4779,0,1526,34,0,1420,0,60578272,56711296,71483360,7920,47430316,,13216472,18344052,17208944,11808804,,16933920,10825572,11615276,17336528,,19638448,14839372,15736236,21269304,,1980,1980,1980,1980,,11767784,12509560,12160120,10992852
4782,1,1527,35,0,1421,0,60184480,56660788,71435212,7920,47479820,,13210396,17921596,17231480,11821008,,16942660,10805852,11582072,17330204,,19649144,14819248,15703836,21262984,,1980,1980,1980,1980,,11790636,12522320,12171220,10995644
4785,1,1528,37,0,1422,0,60318256,56506824,71282180,7920,47561364,,13244976,17983828,17246112,11843340,,16902224,10738456,11566316,17299828,,19608812,14753488,15688416,21231464,,1980,1980,1980,1980,,11815524,12549968,12188420,11007452
4789,0,1529,37,0,1423,0,59556376,56822788,71596280,7920,47248248,,13278484,17567916,17277656,11432320,,16861184,11143348,11534340,17283916,,19567796,15157760,15656952,21213772,,1980,1980,1980,1980,,11839064,12174076,12217344,11017764
4792,1,1530,36,0,1424,0,58966904,57028336,71814924,7920,47137300,,13122636,17543312,17291612,11009344,,17027416,11192720,11524864,17283336,,19734940,15213304,15647796,21218884,,1980,1980,1980,1980,,11668684,12194644,12236036,11037936
4795,1,1531,38,0,1425,0,59135024,56826196,71609960,7920,47308080,,13247900,17555784,17301048,11030292,,16888288,11175320,11512896,17249692,,19595816,15195992,15635988,21182164,,1980,1980,1980,1980,,11797200,12210860,12247108,11052912
4799,0,1532,38,0,1426,0,58952892,57044380,71828172,7920,47097712,,13287240,17316192,17311128,11038332,,16848284,11426812,11509024,17260260,,19555832,15447692,15632444,21192204,,1980,1980,1980,1980,,11843612,11933780,12263676,11056644
4802,1,1533,37,0,1427,0,59690352,57169624,71951824,7920,47037148,,13307844,17469944,17319776,11592788,,16832136,11266532,11499800,17571156,,19539712,15287468,15623736,21500908,,1980,1980,1980,1980,,11866456,12099524,12271628,10799540
4805,1,1534,36,0,1428,0,58392728,58034976,72826824,7920,46117108,,12977300,17541500,17350792,10523136,,17167504,11616852,11465988,17784632,,19874984,15643192,15590460,21718188,,1980,1980,1980,1980,,11490564,11790632,12291396,10544516
4809,0,1535,34,0,1429,0,58456044,58413752,73202720,7920,45670360,,13226764,17464324,16719744,11045212,,16923620,11682124,12121664,17686344,,19631108,15707536,16245200,21618876,,1980,1980,1980,1980,,11761880,11645756,11685468,10577256
4812,1,1536,30,0,1430,0,59403192,57419604,72209248,7920,46630736,,13323936,17779820,17057916,11241520,,16804436,11355028,11784652,17475488,,19511936,15380772,15908492,21408048,,1980,1980,1980,1980,,11855456,11944596,12019236,10811448
4816,1,1537,29,0,1431,0,58880356,57953356,72741484,7920,46136472,,13085528,17606252,16816316,11372260,,17052692,11541588,12035032,17324044,,19759044,15568000,16158080,21256360,,1980,1980,1980,1980,,11602000,11820040,11784644,10929788
4820,0,1538,27,0,1432,0,59616152,57207332,71995856,7920,46718780,,13258992,17783276,17172308,11401576,,16883976,11364844,11653860,17304652,,19590340,15391504,15777264,21236748,,1980,1980,1980,1980,,11776240,11937168,12055388,10949984
4823,1,1539,27,0,1433,0,59583700,57258800,72047212,7920,46775764,,13028668,17878980,17274832,11401220,,17131468,11262892,11549324,17315116,,19837448,15289628,15673028,21247108,,1980,1980,1980,1980,,11610060,12046976,12161192,10957536
4826,1,1540,28,0,1434,0,59339332,57071672,71856452,7920,46969720,,13152528,17496428,17289756,11400620,,16998812,11206676,11537080,17329104,,19704808,15231644,15660940,21259060,,1980,1980,1980,1980,,11745804,12090040,12176056,10957820
4830,0,1541,29,0,1435,0,59433032,57404604,72190820,7920,46662128,,12770400,17936884,17302204,11423544,,17392132,11196376,11515988,17300108,,20098120,15221364,15641516,21229820,,1980,1980,1980,1980,,11399860,12102296,12191588,10968384
4833,1,1542,28,0,1436,0,59602580,57651008,72436884,7920,46355180,,12544892,17948680,17309576,11799432,,17601140,11167904,11510892,17371072,,20307540,15193264,15636760,21299320,,1980,1980,1980,1980,,11065924,12108484,12199820,10980952
4836,1,1543,28,0,1437,0,59642548,57621000,72413584,7920,46374508,,12803524,17975820,17319012,11544192,,17339556,11145584,11512876,17622984,,20045964,15171928,15640640,21555052,,1980,1980,1980,1980,,11349448,12132316,12211088,10681656
4839,1,1544,28,0,1438,0,60055728,57178136,71971480,7920,46785820,,12995684,17980608,17337592,11741844,,17138964,11132668,11484120,17422384,,19845376,15159312,15612112,21354680,,1980,1980,1980,1980,,11532064,12138796,12229428,10885532
4843,1,1545,28,0,1439,0,60235368,56995444,71789600,7920,46975732,,13085124,17986196,17366572,11797476,,17040936,11133212,11467240,17354056,,19747400,15160248,15595592,21286360,,1980,1980,1980,1980,,11624872,12151232,12251068,10948560
4846,1,1546,28,0,1440,0,59864460,57376952,72173072,7920,46599696,,13090360,17623380,17369492,11781228,,17043940,11504968,11455472,17372572,,19750456,15533760,15583960,21304896,,1980,1980,1980,1980,,11625292,11766308,12257448,10950648
4849,1,1547,27,0,1441,0,59330056,57483068,72280476,7920,46499104,,13093548,17891080,16537096,11808332,,17043100,11226980,11863224,17349764,,19749640,15257124,15991604,21282108,,1980,1980,1980,1980,,11625488,12023628,11884756,10965232
4853,0,1548,28,0,1442,0,59613176,57236972,72035260,7920,46810536,,13092276,17879480,16815312,11826108,,17057488,11270876,11578868,17329740,,19764136,15301004,15708028,21262092,,1980,1980,1980,1980,,11637764,12102944,12091972,10977856
4856,1,1549,29,0,1443,0,59790468,57070196,71870112,7920,46973888,,13112236,17910044,16925576,11842612,,17036508,11234584,11484396,17314708,,19743176,15266196,15613676,21247064,,1980,1980,1980,1980,,11641868,12132988,12215172,10983860
4859,1,1550,30,0,1444,0,58987036,57438756,72236592,7920,46665572,,13097612,17922480,16550540,11416404,,17043620,11235488,11416276,17743372,,19750300,15267544,15545532,21673216,,1980,1980,1980,1980,,11645716,12152436,12268560,10598860
4862,1,1551,30,0,1445,0,59655964,57185736,71989664,7920,46773848,,13137624,17951768,16829408,11737164,,17018100,11198712,11542604,17426320,,19726000,15234048,15670916,21358700,,1980,1980,1980,1980,,11675844,12176032,12087752,10834220
4866,1,1552,34,0,1446,0,59876760,56936288,71741512,7920,47020780,,13139204,17984968,16939424,11813164,,17011112,11153084,11436472,17335620,,19719020,15189216,15565224,21268052,,1980,1980,1980,1980,,11679488,12206752,12209628,10924912
4869,1,1553,34,0,1447,0,59442788,57379032,72184320,7920,46712324,,13146632,17571952,16894448,11829756,,16993716,11563580,11504612,17317124,,19701636,15599724,15633380,21249580,,1980,1980,1980,1980,,11687412,11836720,12243220,10944972
4873,0,1554,34,0,1448,0,58997672,57421364,72225220,7920,46606980,,13167156,17870732,16117620,11842164,,16981204,11279812,11861748,17298600,,19690480,15316328,15987604,21230808,,1980,1980,1980,1980,,11712516,12072448,11869472,10952544
4876,1,1555,33,0,1449,0,59404876,56990684,71797036,7920,47010696,,13194576,18004936,16361924,11843440,,16951112,11132308,11609020,17298244,,19661704,15169568,15735300,21230464,,1980,1980,1980,1980,,11732040,12195200,12128848,10954608
4879,1,1556,33,0,1450,0,59354604,57034228,71833476,7920,46954960,,13201956,17873456,16877432,11401760,,16953852,11255700,11507964,17316712,,19664480,15288988,15632516,21247492,,1980,1980,1980,1980,,11741348,12036512,12213180,10963920
4883,1,1557,33,0,1451,0,59142056,57737900,72537580,7920,46399376,,13195324,17988344,16883940,11074448,,16976572,11153824,11943624,17663880,,19687104,15187304,16069132,21594040,,1980,1980,1980,1980,,11788272,12171112,11825820,10614172
4886,1,1558,31,0,1452,0,59895244,57377932,72180684,7920,46658288,,13221524,18024600,17181800,11467320,,16949424,11108376,11633284,17686848,,19659972,15142076,15762444,21616192,,1980,1980,1980,1980,,11811736,12210924,12065808,10569820
4890,1,1559,30,0,1453,0,59799856,57499544,72306768,7920,46627904,,13224872,18050304,16873444,11651236,,16939708,11099332,11962224,17498280,,19650268,15133372,16090720,21432408,,1980,1980,1980,1980,,11819276,12223428,11807236,10777964
4893,1,1560,30,0,1454,0,59749560,57107240,71915088,7920,46967800,,13266748,17646096,17137884,11698832,,16900704,11063032,11681708,17461796,,19611292,15096432,15811532,21395832,,1980,1980,1980,1980,,11856500,12243624,11997768,10869908
4896,1,1561,30,0,1455,0,60327092,56961960,71770172,7920,47121524,,13288992,18101396,17232072,11704632,,16875252,11031736,11595044,17459928,,19585848,15064952,15725364,21394008,,1980,1980,1980,1980,,11879244,12264252,12097940,10880088
4900,0,1562,31,0,1456,0,59126388,57306708,72118996,7920,46802788,,13286528,16845536,17269808,11724516,,16865400,11432964,11558500,17449844,,19576004,15470080,15688968,21383944,,1980,1980,1980,1980,,11884016,11892604,12135616,10890552
4903,1,1563,29,0,1457,0,59414668,57438240,72251548,7920,46606640,,13097108,17311252,17277128,11729180,,17064496,11392452,11542404,17438888,,19775096,15429624,15673212,21373616,,1980,1980,1980,1980,,11720088,11851124,12136076,10899352
4906,1,1564,28,0,1458,0,59735456,57027584,71903452,7920,46958604,,13204804,17512084,17272324,11746244,,16938636,11134300,11536676,17417972,,19649232,15233856,15667652,21352712,,1980,1980,1980,1980,,11773996,12143008,12138460,10903140
4910,0,1565,29,0,1459,0,60132588,57010416,71886976,7920,46905504,,13283260,17800532,17284336,11764460,,16843752,11244324,11519864,17402476,,19554352,15344064,15651332,21337228,,1980,1980,1980,1980,,11860856,11981444,12147668,10915536
4913,1,1566,30,0,1460,0,60213640,56998012,71876188,7920,47134688,,13292208,17880760,17286784,11753888,,16845948,11215020,11520204,17416840,,19556688,15314540,15651976,21352984,,1980,1980,1980,1980,,11906344,12151944,12149908,10926492
4916,1,1567,29,0,1461,0,59952212,57257336,72135732,7920,46787820,,12946364,17946448,17281784,11777616,,17197384,11132488,11547260,17380204,,19907960,15232244,15679136,21316392,,1980,1980,1980,1980,,11477224,12222056,12150008,10938532
4920,1,1568,29,0,1462,0,60196808,56966312,71911232,7920,47108740,,13157176,17967432,17297484,11774716,,16995612,11132452,11452884,17385364,,19706204,15232532,15650932,21321564,,1980,1980,1980,1980,,11697044,12231260,12227364,10953072
4923,1,1569,29,0,1463,0,59844284,57265124,72210356,7920,46683624,,12741840,17978636,17323480,11800328,,17375608,11109760,11420132,17359624,,20084872,15210244,15619376,21295864,,1980,1980,1980,1980,,11236296,12243820,12238100,10965408
4927,0,1570,29,0,1464,0,59398140,57783716,72729684,7920,46249948,,13037836,17225148,17313848,11821308,,17105832,11877800,11449796,17350288,,19815168,15978852,15649116,21286548,,1980,1980,1980,1980,,11545316,11482760,12241896,10979976
4930,1,1571,27,0,1465,0,59378304,57780724,72727380,7920,46159780,,13175316,17741160,16625908,11835920,,16942392,11343892,12168340,17326100,,19651732,15445408,16367864,21262376,,1980,1980,1980,1980,,11680340,11944324,11542872,10992244
4933,1,1572,27,0,1466,0,59611344,57522252,72468560,7920,46330948,,13201092,17463240,17108784,11838228,,16919612,11627036,11661460,17314144,,19628988,15727856,15861272,21250444,,1980,1980,1980,1980,,11710948,11705232,11912104,11002664
4937,1,1573,27,0,1467,0,59778564,56900052,71847076,7920,46804256,,13224164,17760068,17362812,11431520,,16894200,11290012,11409888,17305952,,19603756,15391528,15610268,21241524,,1980,1980,1980,1980,,11724984,11982972,12079768,11016532
4940,1,1574,29,0,1468,0,59741428,57324800,72267488,7920,46368016,,13236400,17848856,17449536,11206636,,16861920,11209844,11302828,17950208,,19571484,15311660,15503524,21880820,,1980,1980,1980,1980,,11737116,12087684,12163872,10379344
4944,0,1575,28,0,1469,0,60053596,57085440,72028064,7920,46715552,,13157356,17872644,17459292,11564304,,16977396,11183992,11316720,17607332,,19686792,15285864,15517728,21537680,,1980,1980,1980,1980,,11750164,12110516,12174504,10680368
4947,1,1576,27,0,1470,0,60257004,56870248,71818200,7920,46933532,,13163692,17882956,17468148,11742208,,16994276,11186312,11295548,17394112,,19703692,15288532,15496724,21329252,,1980,1980,1980,1980,,11760576,12123068,12183824,10866064
4950,1,1577,29,0,1471,0,60360312,56770980,71719976,7920,47024124,,13181164,17901612,17483884,11793652,,16961656,11172124,11288840,17348360,,19671056,15274596,15490772,21283552,,1980,1980,1980,1980,,11774884,12137772,12198448,10913020
4953,1,1578,30,0,1472,0,60370988,56788636,71740048,7920,47071044,,13192984,17922192,17485516,11770296,,16966456,11133360,11288692,17400128,,19675960,15236216,15492568,21335304,,1980,1980,1980,1980,,11784352,12151020,12216064,10919608
4957,0,1579,31,0,1473,0,60419344,56752124,71704080,7920,47127876,,13212772,17940052,17506928,11759592,,16942320,11134556,11263836,17411412,,19651832,15237764,15467900,21346584,,1980,1980,1980,1980,,11804456,12163604,12230188,10929628
4960,1,1580,30,0,1474,0,60245856,56908032,71859384,7920,46917916,,13005640,17951280,17516820,11772116,,17166328,11109844,11237276,17394584,,19874736,15213376,15441500,21329772,,1980,1980,1980,1980,,11571748,12167928,12246552,10931688
4963,1,1581,30,0,1475,0,60040044,56648028,71599412,7920,47144712,,13156928,17981624,17552584,11348908,,17007692,11062696,11194572,17383068,,19716108,15166488,15399152,21317664,,1980,1980,1980,1980,,11732544,12199008,12271696,10941464
4967,0,1582,30,0,1476,0,60129956,57025948,71983052,7920,46844484,,13215492,17978820,17567664,11367980,,16938864,11084944,11199600,17802540,,19647316,15194136,15404456,21737144,,1980,1980,1980,1980,,11781132,12214824,12286952,10561576
4970,1,1583,30,0,1477,0,60460928,56683260,71642644,7920,47105816,,13229140,17985116,17589460,11657212,,16915932,11074900,11171532,17520896,,19625520,15184276,15376724,21456124,,1980,1980,1980,1980,,11800424,12219228,12293924,10792240
4973,1,1584,30,0,1478,0,60559220,56558456,71518356,7920,47277800,,13247168,17945724,17619276,11747052,,16896568,11132176,11135896,17393816,,19606164,15241596,15341508,21329088,,1980,1980,1980,1980,,11822812,12235664,12324784,10894540
4977,0,1585,31,0,1479,0,60173516,56954896,71911836,7920,46928696,,13256216,17539664,17614176,11763460,,16883272,11539384,11130168,17402072,,19592884,15645752,15335832,21337368,,1980,1980,1980,1980,,11834544,11848128,12325020,10921004
4980,1,1586,30,0,1480,0,60074524,56624172,71587320,7920,47220784,,13274472,17401080,17627372,11771600,,16862348,11245368,11129792,17386664,,19571948,15353244,15340160,21321968,,1980,1980,1980,1980,,11852196,12103636,12341840,10923112
4983,1,1587,29,0,1481,0,59548880,57159504,72123568,7920,46713416,,12869680,17254476,17642640,11782084,,17280904,11390568,11106992,17381040,,19991952,15497276,15317968,21316372,,1980,1980,1980,1980,,11479268,11932976,12361044,10940128
4987,1,1588,30,0,1482,0,59573748,56722388,71692236,7920,47127268,,13179196,17413144,17169592,11811816,,16974928,11222852,11176716,17347892,,19685040,15336700,15387244,21283252,,1980,1980,1980,1980,,11717244,12097092,12366772,10946160
4990,1,1589,30,0,1483,0,59101104,56727140,71695260,7920,47090004,,13078800,17465236,16751432,11805636,,17055068,11152384,11164080,17355608,,19764672,15266620,15372992,21290976,,1980,1980,1980,1980,,11610788,12151604,12375468,10952144
4994,0,1590,30,0,1484,0,58030460,57826820,72786380,7920,46098480,,12797932,17476660,15925088,11830780,,17346624,11152572,11997288,17330336,,20056032,15262920,16204912,21262516,,1980,1980,1980,1980,,11371232,12157868,11603668,10965712
4997,1,1591,27,0,1485,0,58474488,56925284,71888716,7920,46806828,,13133824,17488292,16441096,11411276,,16998700,11141764,11467624,17317196,,19708180,15252940,15678676,21248920,,1980,1980,1980,1980,,11635188,12170924,12025448,10975268
5000,1,1592,30,0,1486,0,59169168,57081348,72045308,7920,46722828,,13211024,17913264,16633124,11411756,,16927172,11129244,11706312,17318620,,19636656,15240428,15917876,21250348,,1980,1980,1980,1980,,11733132,12184132,11828208,10977356
5004,1,1593,28,0,1487,0,59446620,57242040,72212720,7920,46519464,,13171316,17294672,17129076,11851556,,16993512,11326556,11603148,17318824,,19702884,15443512,15815656,21250668,,1980,1980,1980,1980,,11755924,11968212,11809352,10985976
5007,1,1594,27,0,1488,0,59530460,57159592,72129624,7920,46586328,,13176516,17430300,17354064,11569580,,16992464,11190728,11379368,17597032,,19701844,15308060,15592036,21527684,,1980,1980,1980,1980,,11760008,12113240,12045848,10667232
5011,0,1595,26,0,1489,0,59461232,56747484,71718348,7920,46959868,,13191896,17482356,17473620,11313360,,16963016,11131080,11247868,17405520,,19672456,15248680,15461256,21335956,,1980,1980,1980,1980,,11771100,12157584,12169192,10861992
5014,1,1596,26,0,1490,0,59705864,57408164,72383372,7920,46327848,,13016108,17654704,17496368,11538684,,17142672,11400408,11232936,17632148,,19852064,15517180,15446816,21567312,,1980,1980,1980,1980,,11585016,11866488,12189792,10686552
5017,1,1597,26,0,1491,0,60165464,56962768,71941136,7920,46822484,,13151160,17827092,17501488,11685724,,17014124,11219324,11232840,17496480,,19724004,15336424,15449016,21431692,,1980,1980,1980,1980,,11728480,12053376,12205144,10835484
5021,1,1598,28,0,1492,0,60371800,56717648,71698236,7920,47013800,,13197532,17910044,17519904,11744320,,16962352,11127596,11209592,17418108,,19673692,15245048,15426012,21353484,,1980,1980,1980,1980,,11772892,12129360,12219444,10892104
5024,1,1599,31,0,1493,0,60224612,56872492,71854012,7920,46835804,,13215368,17920124,17523544,11565576,,16940940,11108892,11213324,17609336,,19652296,15226876,15430096,21544744,,1980,1980,1980,1980,,11798836,12135612,12222000,10679356
5028,1,1600,29,0,1494,0,60310700,56782464,71766140,7920,46865924,,13096576,18007284,17536576,11670264,,17057132,11031768,11188756,17504808,,19767344,15152752,15405776,21440268,,1980,1980,1980,1980,,11640244,12164544,12238024,10823112
5031,1,1601,30,0,1495,0,60441892,56683072,71667416,7920,47051524,,13193060,17957972,17566224,11724636,,16950808,11114048,11175924,17442292,,19661036,15235140,15393464,21377776,,1980,1980,1980,1980,,11747004,12178944,12264408,10861168
5035,0,1602,31,0,1496,0,60493648,56612936,71600404,7920,47127552,,13241472,17953760,17572264,11726152,,16908172,11112896,11151940,17439928,,19619664,15234100,15369872,21376768,,1980,1980,1980,1980,,11791552,12181432,12272532,10882036
5038,1,1603,33,0,1497,0,60565124,56549520,71538752,7920,47175896,,13258656,17961916,17594836,11749716,,16886448,11096864,11145184,17421024,,19598964,15218388,15363512,21357888,,1980,1980,1980,1980,,11806108,12186364,12291352,10892072
5041,1,1604,35,0,1498,0,60628200,56486300,71475692,7920,47235320,,13283456,17983960,17606072,11754712,,16861880,11075940,11128484,17419996,,19575140,15196336,15347240,21356976,,1980,1980,1980,1980,,11829716,12196652,12300048,10908904
5044,1,1605,35,0,1499,0,60696332,56416608,71407184,7920,47307116,,13306656,17995764,17614088,11779824,,16834332,11066020,11132904,17383352,,19547660,15186828,15352324,21320372,,1980,1980,1980,1980,,11861500,12209552,12313008,10923056
5048,1,1606,35,0,1500,0,60271760,56442320,71434816,7920,47373528,,13313092,17588076,17563124,11807468,,16821588,11054476,11200660,17365596,,19534948,15175544,15420020,21304304,,1980,1980,1980,1980,,11868100,12221760,12337500,10946168
5051,1,1607,35,0,1501,0,60163728,56530680,71529420,7920,47220216,,13331372,17603564,17407440,11821352,,16790712,11035284,11355108,17349576,,19504140,15163224,15573736,21288320,,1980,1980,1980,1980,,11886504,12242000,12133528,10958184
5054,1,1608,36,0,1502,0,60361964,56312556,71312256,7920,47436284,,13367524,17626208,17531224,11837008,,16757652,11014588,11212264,17328052,,19471200,15142736,15431472,21266848,,1980,1980,1980,1980,,11927644,12264700,12269472,10974468
5058,0,1609,35,0,1503,0,60035352,57083244,72076612,7920,46647124,,13257752,17337228,17587616,11852756,,16874424,11730480,11169144,17309196,,19587140,15859136,15382836,21247500,,1980,1980,1980,1980,,11774272,11559132,12318708,10995012
5061,1,1610,34,0,1504,0,60103832,57006100,72007632,7920,46669352,,13346812,17462296,17438364,11856360,,16787404,11587672,11320584,17310440,,19500112,15716496,15542252,21248772,,1980,1980,1980,1980,,11884272,11635336,12138524,11011220
5065,0,1611,33,0,1505,0,60094300,56583796,71582252,7920,47144380,,13326164,17734492,17560756,11472888,,16827764,11307652,11181516,17266864,,19540376,15436616,15404196,21201064,,1980,1980,1980,1980,,11918820,11923580,12271960,11030020
5068,1,1612,36,0,1506,0,60606964,56467448,71469972,7920,47224340,,13334688,17919208,17617660,11735408,,16817504,11109900,11112704,17427340,,19530124,15239312,15335772,21364764,,1980,1980,1980,1980,,11924848,12090612,12329936,10878944
5072,0,1613,35,0,1507,0,60517084,56556468,71559284,7920,47107688,,13352140,17969844,17620004,11575096,,16795104,11068428,11110248,17582688,,19507752,15197976,15333764,21519792,,1980,1980,1980,1980,,11941404,12136696,12338588,10691000
5075,1,1614,34,0,1508,0,60543868,56565960,71572456,7920,47171820,,13185508,17982084,17648376,11727900,,16985776,11049284,11087488,17443412,,19699384,15179340,15313308,21380424,,1980,1980,1980,1980,,11758660,12145704,12366468,10900988
5079,0,1615,35,0,1509,0,60419260,56642016,71651132,7920,47034424,,13306016,17978976,17333272,11800996,,16838864,11044684,11404444,17354024,,19552484,15175216,15632372,21291060,,1980,1980,1980,1980,,11890388,12146172,12026200,10971664
5082,1,1616,34,0,1510,0,60302584,56329916,71339360,7920,47343084,,13347016,17995352,17131564,11828652,,16784840,11035020,11159012,17351044,,19498484,15165816,15386956,21288104,,1980,1980,1980,1980,,11927228,12163092,12260812,10991952
5085,1,1617,33,0,1511,0,59200544,57874636,72880264,7920,45838388,,12326976,17996924,17407376,11469268,,17819908,11031556,11325140,17698032,,20531412,15161212,15553640,21634000,,1980,1980,1980,1980,,10959044,12172212,12076300,10630832
5089,1,1618,30,0,1512,0,59784004,57294932,72300448,7920,46356276,,12685296,17995612,17349072,11754024,,17458404,11024340,11385560,17426628,,20169916,15154232,15613660,21362640,,1980,1980,1980,1980,,11294872,12174692,12002408,10884304
5093,0,1619,29,0,1513,0,59692536,57361336,72366108,7920,46370524,,12815564,17519792,17534808,11822372,,17312540,11519480,11185356,17343960,,20024064,15648276,15413780,21279988,,1980,1980,1980,1980,,11426476,11782220,12200484,10961344
5096,1,1620,28,0,1514,0,59257744,56967244,71971444,7920,46728464,,12846680,17371208,17614972,11424884,,17303012,11254736,11097220,17312276,,20014608,15384156,15325832,21246848,,1980,1980,1980,1980,,11458624,12002792,12280160,10986888
5099,2,1621,29,0,1515,0,58558108,58087084,73091496,7920,45677688,,12423528,17464416,17632288,11037876,,17698692,11170120,11080636,18137636,,20410276,15299896,15309896,22071428,,1980,1980,1980,1980,,11068976,12100596,12297592,10210524
5103,1,1622,27,0,1516,0,59403396,57233132,72238660,7920,46345392,,12730320,17502672,17632012,11538392,,17407764,11131820,11075204,17618344,,20117964,15262024,15305128,21553544,,1980,1980,1980,1980,,11298724,12129956,12300480,10616232
5107,0,1623,28,0,1517,0,59279112,57392532,72398992,7920,46329168,,12490216,17505784,17578584,11704528,,17642768,11119512,11176324,17453928,,20353492,15249988,15406336,21389176,,1980,1980,1980,1980,,11053596,12133964,12324636,10816972
5110,1,1624,27,0,1518,0,59606652,57022360,72034264,7920,46657272,,12702908,17502808,17605632,11795304,,17421492,11111772,11152752,17336344,,20132228,15242676,15382936,21276424,,1980,1980,1980,1980,,11271876,12136684,12346588,10902124
5114,0,1625,29,0,1519,0,59761824,56873724,71886328,7920,46786952,,12794232,17514528,17642580,11810484,,17331292,11093932,11117944,17330556,,20042040,15225112,15348452,21270724,,1980,1980,1980,1980,,11361336,12151008,12362200,10912408
5117,1,1626,30,0,1520,0,60107156,56979912,71996656,7920,46665384,,12824300,17817268,17645544,11820044,,17294348,11237164,11114172,17334228,,20005164,15370700,15345120,21275672,,1980,1980,1980,1980,,11388616,11976120,12369496,10931152
5121,0,1627,33,0,1521,0,59642628,56984236,72000680,7920,46607236,,12829652,17922016,17056692,11834268,,17272596,11125128,11265160,17321352,,19983592,15259024,15495252,21262812,,1980,1980,1980,1980,,11397484,12091748,12178548,10939456
5124,1,1628,34,0,1522,0,59770600,56916728,71931516,7920,46801060,,12763020,17978368,17186588,11842624,,17394260,11065196,11152964,17304308,,20107128,15196724,15381884,21245780,,1980,1980,1980,1980,,11407320,12138328,12306012,10949400
5127,1,1629,35,0,1523,0,59849584,56832640,71853552,7920,46903088,,12790240,17990308,17220680,11848356,,17368212,11053952,11115440,17295036,,20082388,15185848,15348792,21236524,,1980,1980,1980,1980,,11436740,12152384,12354284,10959680
5131,0,1630,35,0,1524,0,59904788,56763656,71785768,7920,46961468,,12796860,18012716,17235428,11859784,,17351668,11023576,11098120,17290292,,20065872,15155168,15332904,21231824,,1980,1980,1980,1980,,11448536,12167320,12371816,10973796
5134,1,1631,36,0,1525,0,59496476,56771656,71794708,7920,47013320,,12814100,17606120,17249500,11826756,,17349152,10998900,11074892,17348712,,20065064,15129304,15310176,21290164,,1980,1980,1980,1980,,11467880,12174128,12382112,10989200
5137,1,1632,37,0,1526,0,59856580,56850548,71876068,7920,46927656,,12859840,17885172,17259856,11851712,,17307736,11152380,11059716,17330716,,20025336,15283300,15295248,21272184,,1980,1980,1980,1980,,11511488,12011544,12392772,11011852
5141,0,1633,37,0,1527,0,60043384,56653480,71679520,7920,47107744,,12888584,17999548,17285300,11869952,,17265864,11036292,11035792,17315532,,19985252,15167552,15269700,21257016,,1980,1980,1980,1980,,11539460,12134492,12409632,11024160
5144,1,1634,38,0,1528,0,60350744,56753416,71785516,7920,46963500,,12896720,18031748,17544564,11877712,,17257856,11005268,11190312,17299980,,19977256,15138552,15426668,21243040,,1980,1980,1980,1980,,11547576,12163556,12215596,11036772
5147,1,1635,38,0,1529,0,60293444,56822992,71856164,7920,46870016,,12951368,18041720,17645844,11654512,,17204704,11010148,11088076,17520064,,19924144,15144396,15324532,21463092,,1980,1980,1980,1980,,11583500,12174460,12336332,10775724
5150,1,1636,37,0,1530,0,60563824,56529452,71563400,7920,47144508,,12955812,18074852,17698312,11834848,,17195720,10955968,11039612,17338152,,19915168,15090480,15276556,21281196,,1980,1980,1980,1980,,11603632,12203664,12382104,10955108
5154,0,1637,38,0,1531,0,60615728,56490024,71530188,7920,47249456,,12966248,18030792,17707576,11911112,,17188160,11026580,11025704,17249580,,19907612,15165828,15264112,21192636,,1980,1980,1980,1980,,11611816,12218944,12391448,11027248
5157,1,1638,39,0,1532,0,59501372,57645112,72683092,7920,46148592,,12572212,18046432,17363752,11518976,,17596612,11009028,11382640,17656832,,20316048,15148656,15619696,21598692,,1980,1980,1980,1980,,11254868,12235444,12013688,10644592
5160,1,1639,35,0,1533,0,58890340,57348536,72380472,7920,46278192,,12643680,17638228,17617152,10991280,,17510776,10994060,11124708,17718992,,20229128,15133732,15362316,21655296,,1980,1980,1980,1980,,11240972,12254348,12280008,10502864
5164,1,1640,34,0,1534,0,59529792,56701016,71732432,7920,46919228,,12854236,17655248,17706992,11313316,,17294280,10972416,11028304,17406016,,20012656,15112388,15266408,21340980,,1980,1980,1980,1980,,11463960,12262988,12378304,10813976
5167,1,1641,33,0,1535,0,59493920,57176936,72213764,7920,46465184,,12754748,17654136,17428552,11656484,,17377412,10971408,11336200,17491916,,20095656,15111664,15573444,21433000,,1980,1980,1980,1980,,11337472,12267472,12149156,10711084
5171,1,1642,31,0,1536,0,58654596,57577568,72614148,7920,46081588,,12899516,16617472,17579592,11558016,,17236768,11577456,11186596,17576748,,19955040,15717640,15423932,21517536,,1980,1980,1980,1980,,11500468,11679984,12294572,10606564
5174,1,1643,28,0,1537,0,59849780,57172476,72214044,7920,46401736,,12948012,17564932,17625300,11711536,,17171880,11467784,11107480,17425332,,19890168,15607252,15346352,21370272,,1980,1980,1980,1980,,11544608,11701688,12358008,10797432
5178,1,1644,29,0,1538,0,60186296,56855516,71899264,7920,46728120,,12963100,17805296,17645932,11771968,,17173140,11232560,11099652,17350164,,19891452,15372316,15340360,21295136,,1980,1980,1980,1980,,11552784,11950240,12368940,10856156
5181,1,1645,30,0,1539,0,59960704,56629636,71672368,7920,46902172,,12977308,17942500,17238752,11802144,,17151896,11078476,11089408,17309856,,19870216,15218508,15328796,21254848,,1980,1980,1980,1980,,11569468,12081192,12383364,10868148
5185,0,1646,30,0,1540,0,59549732,56626956,71670072,7920,46985876,,12929204,18004960,16822716,11792852,,17229948,11026048,11048624,17322336,,19948164,15166704,15287868,21267336,,1980,1980,1980,1980,,11572016,12137620,12399884,10876356
5188,1,1647,31,0,1541,0,59405184,56759116,71802728,7920,46805180,,12927248,17828544,16835256,11814136,,17223232,11175228,11045524,17315132,,19941464,15316236,15284884,21260144,,1980,1980,1980,1980,,11573856,11931612,12412812,10886900
5191,1,1648,32,0,1542,0,59252996,56976628,72021668,7920,46644496,,12641260,17945260,16859668,11806808,,17511144,11082468,11040948,17342068,,20229280,15223700,15281496,21287192,,1980,1980,1980,1980,,11257456,12059012,12435328,10892700
5195,0,1649,30,0,1543,0,59930396,57151472,72201212,7920,46502152,,12831740,17998412,17345208,11755036,,17307004,11020088,11398724,17425656,,20025160,15161820,15643432,21370800,,1980,1980,1980,1980,,11461980,12108788,12023320,10908064
5198,1,1650,31,0,1544,0,59617424,57004492,72053524,7920,46578664,,12677380,18008572,17578336,11353136,,17452536,11007244,11154340,17390372,,20171472,15149396,15399212,21333444,,1980,1980,1980,1980,,11281888,12115224,12260008,10921544
5201,1,1651,31,0,1545,0,59898072,56703412,71752888,7920,46865792,,12826388,18016516,17704708,11350460,,17321792,10988348,11005304,17387968,,20040748,15130836,15250496,21330808,,1980,1980,1980,1980,,11440952,12119736,12377184,10927920
5205,1,1652,31,0,1546,0,59783040,57253308,72305968,7920,46352600,,12879780,18028684,17287276,11587300,,17252024,10989312,11443476,17568496,,19971008,15132876,15688524,21513560,,1980,1980,1980,1980,,11490004,12141616,12005684,10715296
5208,1,1653,28,0,1547,0,59970900,57082832,72134372,7920,46464324,,12661312,18035500,17549120,11724968,,17477604,10990016,11179428,17435784,,20195324,15133720,15424468,21380860,,1980,1980,1980,1980,,11233420,12149768,12213212,10867924
5212,0,1654,30,0,1548,0,59814556,57259032,72315256,7920,46425572,,12412120,17972460,17659748,11770228,,17728068,11079220,11074052,17377692,,20449900,15223016,15319548,21322792,,1980,1980,1980,1980,,11032204,12156220,12332028,10905120
5215,1,1655,29,0,1549,0,59747600,56896260,71946136,7920,46727036,,12693036,17565924,17702184,11786456,,17446392,11054964,11016732,17378172,,20167824,15192560,15262464,21323288,,1980,1980,1980,1980,,11253988,12176708,12370528,10925812
5219,0,1656,31,0,1550,0,59909264,56715552,71765716,7920,46903844,,12814740,17595924,17710420,11788180,,17313840,11017372,11017104,17367236,,20035284,15163036,15263164,21304232,,1980,1980,1980,1980,,11387076,12205564,12379128,10932076
5222,1,1657,32,0,1551,0,59791244,56820432,71870500,7920,46743064,,12853760,17605332,17530348,11801804,,17269412,11006068,11192888,17352064,,19990908,15151820,15438940,21288832,,1980,1980,1980,1980,,11417588,12213096,12175800,10936580
5225,1,1658,32,0,1552,0,59380088,57238476,72291908,7920,46293796,,12866072,17402684,17285944,11825388,,17276256,11209588,11431976,17320656,,19998200,15355856,15678388,21259464,,1980,1980,1980,1980,,11435568,11984188,11921132,10952908
5229,1,1659,31,0,1553,0,59478348,57192992,72248600,7920,46434980,,12890744,17568700,17489752,11529152,,17238120,11044880,11277332,17632660,,19960088,15192612,15523744,21572156,,1980,1980,1980,1980,,11457484,12148492,12206092,10622912
5232,1,1660,30,0,1554,0,59020712,57205460,72255900,7920,46336396,,12732720,17820196,16727388,11740408,,17400308,11203960,11170132,17431060,,20121208,15351192,15412936,21370564,,1980,1980,1980,1980,,11271152,11945024,12292644,10827576
5236,0,1661,30,0,1555,0,59429848,56743400,71798376,7920,46761768,,12857456,17989044,16764820,11818528,,17258052,11037624,11119736,17327988,,19980068,15187092,15363716,21267500,,1980,1980,1980,1980,,11401840,12119356,12330224,10910348
5239,1,1662,33,0,1556,0,59173252,57021924,72073584,7920,46502892,,12900964,18060068,16809704,11402516,,17212388,10961964,11513996,17333576,,19934492,15111780,15756404,21270908,,1980,1980,1980,1980,,11447920,12194124,11947440,10913408
5243,0,1663,32,0,1557,0,59396520,57266944,72320836,7920,46387780,,12823844,18079544,17077248,11415884,,17336932,10943916,11229700,17756396,,20058880,15095464,15474012,21692480,,1980,1980,1980,1980,,11455676,12214804,12188348,10528952
5246,1,1664,32,0,1558,0,60046336,57014520,72069004,7920,46546724,,12853680,18087104,17603184,11502368,,17306408,10940920,11136752,17630440,,20028368,15092580,15380520,21567536,,1980,1980,1980,1980,,11482336,12222824,12300384,10541180
5249,1,1665,30,0,1559,0,60049716,56998632,72059164,7920,46549644,,12649668,18101412,17629928,11668708,,17488460,10932000,11110348,17467824,,20210424,15084196,15354820,21409724,,1980,1980,1980,1980,,11261272,12232048,12322048,10734276
5253,1,1666,30,0,1560,0,60147220,56883336,71947212,7920,46646688,,12794784,18142660,17474964,11734812,,17343964,10889356,11253016,17397000,,20065948,15041908,15500408,21338948,,1980,1980,1980,1980,,11414832,12271280,12136496,10824080
5256,1,1667,30,0,1561,0,60316580,56737448,71802660,7920,46874160,,12869436,18157760,17588100,11701284,,17261056,10866016,11136272,17474104,,19983064,15018964,15384144,21416488,,1980,1980,1980,1980,,11487944,12288276,12263776,10834164
5260,0,1668,31,0,1562,0,60387240,56673728,71739480,7920,46943008,,12881696,18179180,17621368,11704996,,17260260,10841900,11114004,17457564,,19982276,14995184,15362052,21399968,,1980,1980,1980,1980,,11500864,12306760,12297188,10838196
5263,1,1669,31,0,1563,0,60434168,56608100,71674452,7920,46983084,,12882580,18198740,17637852,11714996,,17256984,10809124,11079876,17462116,,19979004,14962692,15328216,21404540,,1980,1980,1980,1980,,11504828,12327772,12302108,10848376
5266,1,1670,31,0,1564,0,60500240,56557280,71624832,7920,47049220,,12907488,18211676,17645980,11735096,,17248744,10793592,11074840,17440104,,19970784,14948236,15323276,21382536,,1980,1980,1980,1980,,11525596,12344388,12322544,10856692
5270,0,1671,31,0,1565,0,60529884,56538252,71606296,7920,47086376,,12909272,18233512,17652084,11735016,,17237004,10787976,11074092,17439180,,19959060,14942796,15322820,21381620,,1980,1980,1980,1980,,11528332,12372256,12324988,10860800
5273,0,1672,31,0,1566,0,60080512,56577724,71645312,7920,47110692,,12904248,18221516,17222392,11732356,,17235772,10819692,11065672,17456588,,19957848,14974588,15313836,21399040,,1980,1980,1980,1980,,11528404,12390576,12328628,10863084
5276,1,1673,32,0,1567,0,60027720,57087200,72155016,7920,46580656,,12931564,18226584,17118992,11750580,,17213352,10816200,11626824,17430824,,19935472,14971228,15875032,21373284,,1980,1980,1980,1980,,11551408,12395464,11747836,10885948
5279,1,1674,30,0,1568,0,60390572,56709460,71776044,7920,46938736,,12939208,18261740,17425596,11764028,,17195892,10780996,11301732,17430840,,19918016,14934252,15550464,21373312,,1980,1980,1980,1980,,11560640,12420172,12065924,10892000
5283,0,1675,29,0,1569,0,60072384,57000460,72068788,7920,46595184,,12943160,17820872,17546276,11762076,,17187912,11225224,11169332,17417992,,19910068,15378536,15418404,21361780,,1980,1980,1980,1980,,11563704,11931904,12198556,10901020
5286,1,1676,29,0,1570,0,60403172,56685568,71758228,7920,46947176,,12959144,18075632,17591004,11777392,,17177908,10973892,11124664,17409104,,19901396,15127600,15374272,21354960,,1980,1980,1980,1980,,11580800,12196068,12246668,10923640
5290,0,1677,29,0,1571,0,58812400,57434580,72503920,7920,46262948,,12380528,17355384,17281672,11794816,,17762796,10816924,11466648,17388212,,20485124,14969788,15714916,21334092,,1980,1980,1980,1980,,11021496,12331512,11980532,10929408
5293,1,1678,27,0,1572,0,59189448,57042388,72110740,7920,46556880,,12743272,17621468,17448276,11376432,,17409592,10979356,11291232,17362208,,20131888,15134900,15539856,21304096,,1980,1980,1980,1980,,11325648,12151868,12141216,10938148
5297,1,1679,28,0,1573,0,59332672,57284500,72351692,7920,46244532,,12649808,17798904,17501732,11382228,,17484776,11209036,11235144,17355544,,20207108,15364940,15484352,21295292,,1980,1980,1980,1980,,11222976,11892400,12184968,10944188
5300,1,1680,26,0,1574,0,59187556,57430304,72496324,7920,46092172,,12602548,17660828,17521436,11402744,,17520396,11345420,11236224,17328264,,20243804,15500688,15485828,21266004,,1980,1980,1980,1980,,11158188,11782876,12192340,10958768
5304,1,1681,26,0,1575,0,59650400,57428020,72494636,7920,46237824,,12724560,18008660,17511948,11405232,,17443448,10982188,11241700,17760684,,20166764,15137604,15491824,21698444,,1980,1980,1980,1980,,11366808,12092588,12207680,10570748
5307,1,1682,29,0,1576,0,59857852,57201176,72275428,7920,46356544,,12783452,17846644,17513024,11714732,,17365284,11148548,11222820,17464524,,20088632,15302948,15473340,21410508,,1980,1980,1980,1980,,11426772,11910372,12213688,10805712
5311,1,1683,28,0,1577,0,59908608,57129228,72202784,7920,46401652,,12801868,17786288,17522720,11797732,,17355984,11207536,11191428,17374280,,20079360,15360696,15442440,21320288,,1980,1980,1980,1980,,11433704,11830076,12224328,10913544
5314,1,1684,29,0,1578,0,60183868,56870976,71947884,7920,46698472,,12823028,17996648,17550716,11813476,,17339440,10982988,11188288,17360260,,20063744,15136732,15441128,21306280,,1980,1980,1980,1980,,11460840,12047956,12250088,10939588
5318,1,1685,30,0,1579,0,60123328,56905440,71982472,7920,46616564,,12821932,18090784,17556888,11653724,,17331684,10875100,11186480,17512176,,20055996,15029804,15439492,21457180,,1980,1980,1980,1980,,11465264,12141864,12257992,10751444
5321,1,1686,30,0,1580,0,60287524,56712140,71789908,7920,46780884,,12826180,18109680,17580080,11771584,,17313880,10843868,11156148,17398244,,20038200,14999308,15409500,21342900,,1980,1980,1980,1980,,11471264,12158600,12275372,10875648
5325,0,1687,31,0,1581,0,60363548,56664268,71743984,7920,46902784,,12862652,18127724,17604028,11769144,,17294020,10848280,11129616,17392352,,20018352,15004600,15383108,21337924,,1980,1980,1980,1980,,11510140,12175484,12311860,10905300
5328,1,1688,31,0,1582,0,60443928,56560028,71640328,7920,46949024,,12889628,18144772,17619800,11789728,,17255648,10830096,11107324,17366960,,19980008,14986728,15361044,21312548,,1980,1980,1980,1980,,11524940,12190312,12320856,10912916
5331,1,1689,31,0,1583,0,59924840,57160076,72241808,7920,46604716,,12888136,18018964,17642224,11375516,,17250068,11040512,11080540,17788956,,19974432,15197180,15334544,21735652,,1980,1980,1980,1980,,11527440,12196388,12333796,10547092
5335,0,1690,31,0,1584,0,60305896,56783384,71865876,7920,46906168,,12921192,18032092,17663124,11689488,,17216580,11018972,11067516,17480316,,19940956,15175712,15321880,21427328,,1980,1980,1980,1980,,11560184,12210948,12354612,10780424
5338,1,1691,30,0,1585,0,60296924,56739880,71824232,7920,46869264,,12791504,18062964,17669440,11773016,,17347868,10957168,11048956,17385888,,20071452,15116172,15303696,21332912,,1980,1980,1980,1980,,11405328,12232436,12361512,10869988
5341,1,1692,31,0,1586,0,60025140,56639532,71723604,7920,47037216,,12900756,17636924,17680428,11807032,,17248504,10988984,11051984,17350060,,19972936,15146228,15307300,21297140,,1980,1980,1980,1980,,11517124,12238924,12370128,10911040
5345,1,1693,31,0,1587,0,60109120,56534908,71619880,7920,47109256,,12932880,17653420,17703760,11819060,,17212692,10964984,11014204,17343028,,19937160,15122656,15269948,21290116,,1980,1980,1980,1980,,11552520,12245260,12393088,10918388
5348,1,1694,31,0,1588,0,59680396,56535344,71617032,7920,47139692,,12945576,17669972,17248820,11816028,,17195468,10936756,11063496,17339624,,19919952,15092844,15317496,21286740,,1980,1980,1980,1980,,11566892,12256620,12395528,10920652
5351,1,1695,31,0,1589,0,59135212,57520100,72602540,7920,46138352,,12546392,17676728,17081508,11830584,,17602528,10935580,11662396,17319596,,20326944,15091952,15916916,21266728,,1980,1980,1980,1980,,11180232,12268952,11758236,10930932
5355,1,1696,28,0,1590,0,59442312,57157488,72237588,7920,46360188,,12826388,17786144,16992044,11837736,,17298220,10826148,11724740,17308380,,20022688,14980180,15979200,21255520,,1980,1980,1980,1980,,11423580,12273244,11717972,10945392
5358,1,1697,27,0,1591,0,59533100,57099856,72178836,7920,46390584,,12507908,17802924,17373652,11848616,,17632960,10798268,11365764,17302864,,20357456,14950164,15621200,21250016,,1980,1980,1980,1980,,11127852,12285516,12027648,10949568
5362,0,1698,26,0,1592,0,59578532,57036596,72124384,7920,46362056,,12795304,17585244,17554080,11643904,,17344520,11024904,11165012,17502160,,20068908,15191284,15420792,21443400,,1980,1980,1980,1980,,11382432,12054896,12204224,10720504
5365,1,1699,24,0,1593,0,59558092,57469032,72557944,7920,45943132,,12620356,17933248,17218672,11785816,,17532056,11085000,11494308,17357668,,20256312,15252072,15750628,21298932,,1980,1980,1980,1980,,11238884,11955256,11883388,10865604
5369,1,1700,26,0,1594,0,59797184,56785412,71876236,7920,46589748,,12772328,17692520,17500384,11831952,,17366572,10888888,11211660,17318292,,20090888,15052008,15468572,21264768,,1980,1980,1980,1980,,11402884,12154908,12113824,10918132
5373,0,1701,27,0,1595,0,60479224,56524556,71614932,7920,46835692,,12827564,18212236,17573804,11865620,,17306468,10788780,11133084,17296224,,20030808,14951020,15390352,21242752,,1980,1980,1980,1980,,11450476,12235796,12208968,10940452
5376,1,1702,28,0,1596,0,60478136,56536508,71628408,7920,46878228,,12833476,18228592,17584236,11831832,,17293364,10780680,11113612,17348852,,20017744,14943184,15371364,21296116,,1980,1980,1980,1980,,11456652,12244776,12228820,10947980
5380,0,1703,28,0,1597,0,60330932,56709300,71808012,7920,46701620,,12858992,18039256,17586868,11845816,,17269504,10977092,11138196,17324508,,19993892,15145664,15396148,21272308,,1980,1980,1980,1980,,11483760,12025640,12233188,10959032
5383,1,1704,29,0,1598,0,60042640,56544224,71643260,7920,46873264,,12827284,18183244,17605016,11427096,,17310544,10821248,11110060,17302372,,20034952,14990136,15368396,21249776,,1980,1980,1980,1980,,11490456,12169964,12244088,10968756
5386,1,1705,28,0,1599,0,60059312,56526624,71627008,7920,46800556,,12754524,18250560,17616832,11437396,,17389720,10766356,11088704,17281844,,20114160,14936316,15347272,21229260,,1980,1980,1980,1980,,11336624,12226488,12258716,10978728
5390,1,1706,28,0,1600,0,59585084,56562572,71663072,7920,46747804,,12844160,18084248,17630696,11025980,,17294976,10922268,11078080,17267248,,20019484,15092196,15337060,21214332,,1980,1980,1980,1980,,11448056,12040816,12265752,10993180
5393,1,1707,29,0,1601,0,59646072,56541500,71643788,7920,46918496,,12871616,18125940,17647040,11001476,,17272196,10916792,11052492,17300020,,19997052,15086584,15311868,21248284,,1980,1980,1980,1980,,11478796,12154380,12282812,11002508
5397,1,1708,29,0,1602,0,59736128,56851148,71955192,7920,46520664,,12652112,18175416,17661308,11247292,,17490540,10839732,11035292,17485584,,20214476,15009920,15295980,21434816,,1980,1980,1980,1980,,11237096,12203012,12299600,10780956
5400,1,1709,30,0,1603,0,60057292,56520208,71625136,7920,46848988,,12828752,18183420,17669056,11376064,,17308484,10842312,11015936,17353476,,20032428,15012684,15277296,21302728,,1980,1980,1980,1980,,11417312,12204016,12307980,10919680
5404,0,1710,30,0,1604,0,59897068,57122304,72223116,7920,46251624,,12876260,18211160,17281180,11528468,,17247444,10823612,11425476,17625772,,19971428,14994420,15682036,21575232,,1980,1980,1980,1980,,11464208,12221200,11942116,10624100
5407,1,1711,31,0,1605,0,59937024,56678464,71785896,7920,46756576,,12879636,17803180,17493776,11760432,,17247788,10803784,11241720,17385172,,19971784,14974448,15504888,21334776,,1980,1980,1980,1980,,11472336,12239836,12194424,10849980
5411,0,1712,31,0,1606,0,60368856,56652548,71760348,7920,46745592,,12908988,18032584,17593772,11833512,,17217688,10984412,11146988,17303460,,19942656,15154212,15410376,21253104,,1980,1980,1980,1980,,11499644,12023836,12286444,10935668
5414,1,1713,32,0,1607,0,60591216,56443348,71551580,7920,46964392,,12938768,18156864,17631288,11864296,,17195280,10875560,11090532,17281976,,19921608,15043748,15354540,21231684,,1980,1980,1980,1980,,11524244,12162524,12320892,10956732
5417,1,1714,33,0,1608,0,60337660,56662092,71772032,7920,46717844,,12943660,18210372,17324204,11859424,,17173832,10812932,11390932,17284396,,19900204,14983480,15654232,21234116,,1980,1980,1980,1980,,11532228,12219188,12003368,10963060
5421,1,1715,32,0,1609,0,60349524,56681164,71790612,7920,46708580,,12721724,18210260,17523480,11894060,,17428128,10806124,11194620,17252292,,20153312,14976984,15458288,21202028,,1980,1980,1980,1980,,11282364,12223420,12222992,10979804
5424,1,1716,32,0,1610,0,60533612,56476032,71578668,7920,47001560,,12814704,18215188,17611520,11892200,,17348552,10793032,11095648,17238800,,20073604,14958316,15359588,21187160,,1980,1980,1980,1980,,11463560,12234556,12310816,10992628
5428,0,1717,32,0,1611,0,60636156,56394664,71498016,7920,47082212,,12866396,18229016,17615644,11925100,,17281944,10781420,11101156,17230144,,20007000,14947016,15365476,21178524,,1980,1980,1980,1980,,11511844,12244300,12318516,11007552
5431,1,1718,32,0,1612,0,60679760,56329928,71431852,7920,47116892,,12881060,18243512,17621120,11934068,,17260656,10762916,11091776,17214580,,19985744,14928468,15356448,21161192,,1980,1980,1980,1980,,11524516,12247216,12325320,11019840
5434,1,1719,32,0,1613,0,60358048,56691064,71797020,7920,46793592,,12911616,17904808,17639152,11902472,,17233944,11123832,11060060,17273228,,19959044,15293004,15325444,21219528,,1980,1980,1980,1980,,11552308,11864560,12344948,11031776
5438,0,1720,32,0,1614,0,60236132,56378004,71485680,7920,47100100,,12916020,18157508,17654964,11507640,,17237460,10860284,11056920,17223340,,19962576,15033308,15322448,21167348,,1980,1980,1980,1980,,11557760,12135172,12359076,11048092
5441,1,1721,33,0,1615,0,60344100,56676088,71784804,7920,46815408,,12934220,18240748,17655900,11513232,,17220060,10763476,11042700,17649852,,19945180,14937008,15308328,21594288,,1980,1980,1980,1980,,11576180,12217244,12359340,10662644
5444,1,1722,31,0,1616,0,60521364,56495948,71605916,7920,46905704,,12942852,18264728,17499444,11814340,,17200804,10730900,11211224,17353020,,19925912,14904996,15476932,21298076,,1980,1980,1980,1980,,11594820,12231016,12181396,10898472
5448,1,1723,30,0,1617,0,60520592,56494340,71603940,7920,46877532,,12710684,18285184,17610568,11914156,,17445868,10706080,11101880,17240512,,20169820,14880736,15367812,21185572,,1980,1980,1980,1980,,11324496,12245768,12302468,11004800
5451,1,1724,29,0,1618,0,60379188,56687584,71797128,7920,46702708,,12685780,18268416,17656108,11768884,,17477448,10762712,11056024,17391400,,20200988,14937608,15322112,21336420,,1980,1980,1980,1980,,11280564,12260724,12337896,10823524
5455,1,1725,29,0,1619,0,59006096,57611716,72719396,7920,45787424,,12029388,17842300,17491772,11642636,,18122692,10757060,11213652,17518312,,20844812,14931924,15479800,21462860,,1980,1980,1980,1980,,10678560,12273160,12146236,10689468
5459,0,1726,25,0,1620,0,59168292,57415328,72522704,7920,45863864,,12550788,17857552,17355504,11404448,,17569532,10731512,11361496,17752788,,20291624,14906732,15628376,21695972,,1980,1980,1980,1980,,11104336,12287884,11992008,10479636
5462,1,1727,24,0,1621,0,59878816,56682048,71795168,7920,46541120,,12736052,17856744,17538588,11747432,,17405084,10734396,11155504,17387064,,20127220,14909912,15422948,21335088,,1980,1980,1980,1980,,11301032,12288472,12175912,10775704
5466,0,1728,24,0,1622,0,59971192,57006364,72119376,7920,46226184,,12384156,18133216,17608980,11844840,,17750244,10896004,11071984,17288132,,20472372,15070808,15339928,21236268,,1980,1980,1980,1980,,10987980,12110772,12250652,10876780
5469,1,1729,26,0,1623,0,60342992,56651980,71763988,7920,46612768,,12702872,18234072,17571768,11834280,,17412716,10780316,11157924,17301024,,20133924,14954976,15425884,21249204,,1980,1980,1980,1980,,11231612,12222780,12258852,10899524
5472,1,1730,27,0,1624,0,60462512,56511364,71627764,7920,46767724,,12769160,18258256,17564832,11870264,,17353700,10754968,11137096,17265600,,20074916,14929912,15405372,21217564,,1980,1980,1980,1980,,11320276,12247548,12272152,10927748
5476,1,1731,30,0,1625,0,60125084,56422044,71538912,7920,46836040,,12796472,18272268,17147932,11908412,,17326184,10727392,11147576,17220892,,20047448,14903132,15415460,21172872,,1980,1980,1980,1980,,11341604,12258364,12290820,10945252
5479,1,1732,32,0,1626,0,59786316,56761756,71880804,7920,46512808,,12814868,17889136,17166544,11915768,,17297692,11131728,11121044,17211292,,20020160,15307980,15389344,21163320,,1980,1980,1980,1980,,11360972,11891000,12307700,10953136
5482,1,1733,33,0,1627,0,60049536,56538508,71660840,7920,46810492,,12734084,18170832,17181760,11962860,,17407752,10850964,11110496,17169296,,20130088,15030244,15379132,21121376,,1980,1980,1980,1980,,11366612,12129136,12322332,10992412
5486,1,1734,33,0,1628,0,59703248,57304464,72427068,7920,46159160,,12739652,18242688,17180496,11540412,,17402976,10758424,11551804,17591260,,20125284,14937920,15820588,21543276,,1980,1980,1980,1980,,11370608,12226556,11935516,10626480
5489,1,1735,32,0,1629,0,60359856,56604044,71727084,7920,46672836,,12760436,18272384,17502972,11824064,,17379528,10722764,11198244,17303508,,20101844,14902768,15467964,21254508,,1980,1980,1980,1980,,11397412,12251668,12179696,10844060
5493,1,1736,31,0,1630,0,60609520,56363004,71491160,7920,46937136,,12769480,18302820,17585212,11952008,,17374780,10698196,11116128,17173900,,20097116,14880088,15388996,21124960,,1980,1980,1980,1980,,11403936,12277188,12275208,10980804
5496,1,1737,33,0,1631,0,60190924,56421908,71548772,7920,47011304,,12776536,17879120,17614680,11920588,,17366996,10702000,11102260,17250652,,20089344,14881140,15376720,21201568,,1980,1980,1980,1980,,11410256,12285072,12301436,11014540
5500,0,1738,34,0,1632,0,60239760,56371472,71499908,7920,47073764,,12801504,17892616,17629660,11915980,,17355560,10676160,11089208,17250544,,20077920,14856408,15364108,21201472,,1980,1980,1980,1980,,11437392,12300056,12315892,11020424
5503,1,1739,34,0,1633,0,59972104,57076096,72203844,7920,46382172,,12804496,17903848,17325408,11938352,,17350072,11105548,11388864,17231612,,20072436,15286040,15662820,21182548,,1980,1980,1980,1980,,11443052,11926396,11973572,11039152
5506,1,1740,33,0,1634,0,60555704,56453260,71586136,7920,46888860,,12828536,18221260,17559236,11946672,,17327300,10773512,11141972,17210476,,20050992,14957504,15416216,21161424,,1980,1980,1980,1980,,11454496,12162332,12222608,11049424
5510,1,1741,35,0,1635,0,60755276,56224664,71361184,7920,47108176,,12864172,18297136,17631740,11962228,,17286404,10679944,11060932,17197384,,20013192,14864184,15335464,21148344,,1980,1980,1980,1980,,11490436,12263624,12302472,11051644
5513,1,1742,35,0,1636,0,60085644,56540392,71669396,7920,46879280,,12878116,17867852,17651680,11687996,,17273904,10738168,11052532,17475788,,20000724,14919264,15327428,21421980,,1980,1980,1980,1980,,11501336,12314316,12320620,10743008
5517,0,1743,35,0,1637,0,59465832,56712760,71838864,7920,46742044,,12892360,17867072,17650416,11055984,,17260112,10717740,11052180,17682728,,19986972,14899068,15327112,21625712,,1980,1980,1980,1980,,11517856,12319516,12322924,10581748
5520,1,1744,33,0,1638,0,59440320,57150900,72278108,7920,46189908,,12398976,18002308,17670732,11368304,,17749196,11014580,11036564,17350560,,20475188,15195016,15313452,21294452,,1980,1980,1980,1980,,10991808,12000772,12345168,10852160
5524,0,1745,32,0,1639,0,59788392,56812984,71941492,7920,46532528,,12687692,18226996,17679600,11194104,,17473724,10790392,11011700,17537168,,20199736,14971120,15289116,21481520,,1980,1980,1980,1980,,11282108,12225076,12359776,10665568
5527,1,1746,32,0,1640,0,60415572,56584172,71715452,7920,46741072,,12825316,18295416,17670144,11624696,,17311224,10714588,11046064,17512296,,20037288,14895680,15326968,21455516,,1980,1980,1980,1980,,11424272,12291972,12382688,10642140
5531,0,1747,33,0,1641,0,60695380,56304936,71441692,7920,47026124,,12871568,18316380,17701800,11805632,,17262600,10698192,11005508,17338636,,19988708,14879636,15286668,21286680,,1980,1980,1980,1980,,11472052,12306156,12407152,10840764
5534,1,1748,34,0,1642,0,60804872,56195080,71335932,7920,47143124,,12879320,18323632,17714252,11887668,,17262984,10691172,11008412,17232512,,19989100,14876024,15290224,21180584,,1980,1980,1980,1980,,11483932,12320612,12422172,10916408
5537,1,1749,35,0,1643,0,60855524,56132576,71274432,7920,47183008,,12898996,18327896,17734008,11894624,,17244404,10676644,10972360,17239168,,19970560,14862036,15254576,21187260,,1980,1980,1980,1980,,11494816,12325072,12442764,10920356
5541,1,1750,35,0,1644,0,59376252,56781424,71918892,7920,46513984,,12614816,17906312,17385504,11469620,,17533572,10679188,11336004,17232660,,20259356,14863236,15617368,21178932,,1980,1980,1980,1980,,11184224,12337604,12067728,10924428
5544,1,1751,35,0,1645,0,59063632,57095620,72233908,7920,46316964,,12768456,17608280,17228756,11458140,,17386400,10973340,11479892,17255988,,20112080,15160344,15759204,21202280,,1980,1980,1980,1980,,11404424,12022884,11948420,10941236
5548,0,1752,33,0,1646,0,59982476,56587272,71729844,7920,46727268,,12852544,17810300,17565812,11753820,,17292164,10771908,11144784,17378416,,20017856,14958952,15426568,21326468,,1980,1980,1980,1980,,11480056,12232408,12232768,10782036
5551,1,1753,34,0,1647,0,60314324,56221428,71367184,7920,47062552,,12889040,17880236,17685144,11859904,,17265124,10672756,11013784,17269764,,19992208,14859768,15296212,21218996,,1980,1980,1980,1980,,11511948,12305492,12366788,10878324
5555,0,1754,34,0,1648,0,60336492,56225796,71371720,7920,47187324,,12888028,17899284,17733912,11815268,,17264064,10657856,10946852,17357024,,19991188,14844560,15229740,21306232,,1980,1980,1980,1980,,11528128,12320664,12416956,10921576
5558,1,1755,36,0,1649,0,59976324,56136656,71282364,7920,47233384,,12902672,17920404,17750944,11402304,,17238568,10628224,10930836,17339028,,19965724,14815600,15215392,21285648,,1980,1980,1980,1980,,11540952,12335620,12434012,10922800
5561,1,1756,36,0,1650,0,59120160,57023876,72169112,7920,46372292,,12721308,17636456,17361040,11401356,,17428356,10941312,11324752,17329456,,20154060,15129864,15609100,21276088,,1980,1980,1980,1980,,11336236,12028220,12079252,10928584
5565,1,1757,34,0,1651,0,59963008,56555472,71701856,7920,46735636,,12854396,17999756,17677936,11430920,,17290952,10987524,10974244,17302752,,20016672,15177100,15258684,21249400,,1980,1980,1980,1980,,11485552,11956544,12341952,10951588
5569,0,1758,32,0,1652,0,59619476,56914180,72060412,7920,46421812,,12895276,17964720,17331868,11427612,,17232304,11018520,11343404,17319952,,19958060,15208328,15628180,21265844,,1980,1980,1980,1980,,11519212,11901804,12043944,10956852
5572,1,1759,31,0,1653,0,60082028,56458156,71604780,7920,46913388,,12912388,18075228,17639608,11454804,,17215700,10939888,11009228,17293340,,19941444,15129736,15294360,21239240,,1980,1980,1980,1980,,11537888,12099200,12300004,10976296
5576,0,1760,31,0,1654,0,60285788,56257936,71402872,7920,47130476,,12925888,18175932,17728764,11455204,,17208836,10830132,10933660,17285308,,19934584,15020116,15218980,21229192,,1980,1980,1980,1980,,11551928,12195904,12402300,10980344
5579,1,1761,30,0,1655,0,60165004,56384532,71529800,7920,46983928,,12765660,18192984,17749988,11456372,,17382076,10815060,10905100,17282296,,20107772,15004984,15190860,21226184,,1980,1980,1980,1980,,11366248,12208172,12425536,10983972
5582,1,1762,30,0,1656,0,60428364,56554284,71698560,7920,46820664,,12579796,18197212,17762436,11888920,,17577600,10805420,10902664,17268600,,20301896,14995512,15188988,21212164,,1980,1980,1980,1980,,11169504,12208436,12441280,11001444
5586,1,1763,31,0,1657,0,59800436,56777956,71922280,7920,46535972,,12795780,17805908,17420720,11778028,,17338124,10807780,11237036,17395016,,20062456,14996204,15523560,21340060,,1980,1980,1980,1980,,11391608,12229256,12069784,10845324
5589,1,1764,30,0,1658,0,60164884,56841624,71987676,7920,46588360,,12859064,17824036,17602212,11879572,,17266992,11185636,11103224,17285772,,19991336,15376044,15389728,21230568,,1980,1980,1980,1980,,11458456,11858300,12327996,10943608
5593,1,1765,30,0,1659,0,59544160,57019768,72161644,7920,46314164,,12861344,18133108,17068536,11481172,,17277312,10878328,11618260,17245868,,20001684,15070252,15902404,21187304,,1980,1980,1980,1980,,11466408,12089924,11783444,10974388
5596,1,1766,29,0,1660,0,60257624,56728924,71874532,7920,46554172,,12882960,18196404,17442060,11736200,,17256444,10809988,11250052,17412440,,19980872,15002620,15535380,21355660,,1980,1980,1980,1980,,11473256,12184848,12124304,10771764
5600,1,1767,28,0,1661,0,60118716,56446364,71592724,7920,46859480,,12890504,17791996,17592800,11843416,,17250056,10773420,11105400,17317488,,19975928,14964968,15391116,21260712,,1980,1980,1980,1980,,11482420,12212408,12277060,10887592
5603,1,1768,30,0,1662,0,59628456,56948740,72097708,7920,46402800,,12666788,17807440,17647580,11506648,,17503308,10780276,11033932,17631224,,20229276,14973268,15320824,21574340,,1980,1980,1980,1980,,11300312,12234884,12328796,10538808
5607,1,1769,31,0,1663,0,59723636,56847612,71997864,7920,46488052,,12466948,17833552,17653664,11769472,,17693284,10735380,11031148,17387800,,20418088,14930632,15318208,21330936,,1980,1980,1980,1980,,11085016,12262712,12341000,10799324
5611,0,1770,32,0,1664,0,60057784,56479548,71635920,7920,46838668,,12717080,17852636,17653392,11834676,,17422252,10711928,11036516,17308852,,20147532,14907468,15324104,21256816,,1980,1980,1980,1980,,11333808,12279064,12347748,10878048
5614,1,1771,33,0,1665,0,60358196,56621256,71779600,7920,46763772,,12800332,18116732,17666676,11774456,,17351584,10885744,11011444,17372484,,20077464,15082128,15299688,21320320,,1980,1980,1980,1980,,11423040,12091464,12361648,10887620
5617,1,1772,33,0,1666,0,59915600,56648084,71803552,7920,46755088,,12812104,18260512,17514580,11328404,,17343804,10732792,11169312,17402176,,20069724,14929460,15456340,21348028,,1980,1980,1980,1980,,11435164,12240704,12191324,10887896
5621,1,1773,32,0,1667,0,59450660,57098484,72253032,7920,46302668,,12582336,17901112,17614164,11353048,,17571608,10648176,11059612,17819088,,20297452,14843788,15346744,21765048,,1980,1980,1980,1980,,11187680,12295800,12299980,10519208
5624,1,1774,33,0,1668,0,60007804,56524080,71681464,7920,46772448,,12744452,17945456,17656784,11661112,,17400564,10608136,11021940,17493440,,20126412,14804124,15309440,21441488,,1980,1980,1980,1980,,11360192,12316732,12344268,10751256
5628,1,1775,31,0,1669,0,60460612,56472188,71631484,7920,46775504,,12816236,18246744,17661932,11735700,,17315400,10731476,11002928,17422384,,20041296,14929028,15290708,21370452,,1980,1980,1980,1980,,11420152,12162368,12349340,10843644
5631,1,1776,31,0,1670,0,60637436,56299860,71459856,7920,46933532,,12818128,18358548,17680352,11780408,,17316884,10619888,10982316,17380772,,20042788,14817684,15270528,21328856,,1980,1980,1980,1980,,11424316,12280896,12353780,10874540
5634,1,1777,31,0,1671,0,60653456,56317544,71477848,7920,47030728,,12838356,18354696,17697268,11763136,,17294512,10654668,10975168,17393196,,20020420,14852468,15263664,21341296,,1980,1980,1980,1980,,11449140,12328200,12374600,10878788
5638,1,1778,31,0,1672,0,60696084,56273876,71434932,7920,47069792,,12837540,18382568,17699704,11776272,,17301680,10614952,10969880,17387364,,20027596,14813100,15258708,21335528,,1980,1980,1980,1980,,11449172,12353984,12378884,10887752
5641,1,1779,32,0,1673,0,60293296,56260432,71421924,7920,47112980,,12840652,18387400,17282204,11783040,,17297720,10618948,10963916,17379848,,20023676,14817288,15252924,21328036,,1980,1980,1980,1980,,11451828,12359040,12395716,10906396
5644,1,1780,32,0,1674,0,60357492,56160572,71323048,7920,47157380,,12856564,18398296,17301484,11801148,,17278124,10598884,10938108,17345456,,20004088,14797672,15227628,21293660,,1980,1980,1980,1980,,11468156,12363588,12413356,10912280
5648,0,1781,32,0,1675,0,60197708,56325144,71486256,7920,47032928,,12869140,18260116,17263404,11805048,,17268364,10722268,10991272,17343240,,19994528,14918652,15281608,21291468,,1980,1980,1980,1980,,11481492,12208872,12417896,10924668
5651,1,1782,32,0,1676,0,60134176,56364152,71521792,7920,46942020,,12882116,17924268,17499600,11828192,,17241616,10616372,11184072,17322092,,19967784,14810368,15474760,21268880,,1980,1980,1980,1980,,11497464,12316152,12190756,10937648
5654,1,1783,30,0,1677,0,60501952,56460148,71617880,7920,46883684,,12677108,18381772,17618748,11824324,,17450464,10591044,11083300,17335340,,20175672,14785480,15374584,21282144,,1980,1980,1980,1980,,11265484,12348112,12328340,10941748
5658,1,1784,30,0,1678,0,60319824,56234032,71387872,7920,47109652,,12839272,18387724,17673416,11419412,,17294368,10599736,11027464,17312464,,20020604,14794412,15320244,21252612,,1980,1980,1980,1980,,11427632,12358424,12378080,10945516
5661,1,1785,31,0,1679,0,59941912,57027368,72184000,7920,46302580,,12889424,17926284,17681812,11444392,,17232652,11068932,11014948,17710836,,19960592,15262316,15310204,21650888,,1980,1980,1980,1980,,11484192,11856900,12397036,10564452
5665,1,1786,32,0,1680,0,60206464,56735852,71896792,7920,46606712,,12817052,18195788,17474600,11719024,,17332384,10783772,11193188,17426508,,20060196,14977328,15489340,21369928,,1980,1980,1980,1980,,11499252,12132132,12160664,10814664
5669,0,1787,30,0,1681,0,60033172,56453424,71624828,7920,46820028,,12704976,18335820,17177428,11814948,,17439968,10622060,11063796,17327600,,20167808,14820812,15360304,21275904,,1980,1980,1980,1980,,11330036,12267192,12309720,10913080
5672,1,1788,31,0,1682,0,60491740,56465776,71637852,7920,46832344,,12823616,18352724,17486220,11829180,,17335840,10628392,11178236,17323308,,20063708,14827352,15475116,21271676,,1980,1980,1980,1980,,11449840,12284064,12161332,10937108
5675,1,1789,31,0,1683,0,60489612,56438584,71611644,7920,46831496,,12705812,18370240,17598664,11814896,,17438228,10591240,11065052,17344064,,20165760,14790992,15362496,21292396,,1980,1980,1980,1980,,11306880,12295536,12287648,10941432
5679,1,1790,32,0,1684,0,59025176,56594120,71765384,7920,46658012,,12804868,17637556,17195440,11387312,,17326120,10890772,11033264,17343964,,20053700,15089892,15330816,21290976,,1980,1980,1980,1980,,11416360,11973732,12315680,10952240
5682,1,1791,31,0,1685,0,59464628,56560356,71732924,7920,46641108,,12851436,17838948,17241424,11532820,,17266536,10686508,10974128,17633184,,19994124,14885604,15272076,21581120,,1980,1980,1980,1980,,11466736,12187176,12355592,10631604
5686,1,1792,31,0,1686,0,59305772,56724812,71899044,7920,46546092,,12443604,17908932,17241780,11711456,,17701844,10626844,10966096,17430028,,20429856,14827036,15264172,21377980,,1980,1980,1980,1980,,11088716,12264324,12357908,10835144
5689,1,1793,30,0,1687,0,60271448,56593112,71767480,7920,46494452,,12754888,18211840,17478560,11826160,,17358912,10742228,11174964,17317008,,20087012,14941888,15473608,21264972,,1980,1980,1980,1980,,11336992,12110732,12123532,10923196
5693,1,1794,29,0,1688,0,59886100,56603404,71777720,7920,46644648,,12656916,18234472,17623760,11370952,,17473748,10757484,11024796,17347376,,20201728,14957148,15323740,21295104,,1980,1980,1980,1980,,11230712,12208132,12277532,10928272
5696,1,1795,29,0,1689,0,59690420,56344032,71518792,7920,46877256,,12787164,17834580,17674724,11393952,,17330744,10731660,10970884,17310744,,20058760,14931568,15269976,21258488,,1980,1980,1980,1980,,11370972,12242156,12327628,10936500
5700,1,1796,29,0,1690,0,60042096,56448552,71625104,7920,46765388,,12830384,17864052,17680680,11666980,,17283864,10704696,10982052,17477940,,20011900,14906312,15281812,21425080,,1980,1980,1980,1980,,11411512,12261820,12338200,10753856
5703,1,1797,30,0,1691,0,60194980,56303104,71484736,7920,46931668,,12843188,17879080,17710944,11761768,,17272800,10686236,10952164,17391904,,20000860,14888180,15256620,21339076,,1980,1980,1980,1980,,11424112,12270560,12366128,10870868
5707,1,1798,30,0,1692,0,60347956,56554864,71735640,7920,46599120,,12865284,17973188,17711256,11798228,,17248724,11035804,10926900,17343436,,19976860,15236816,15231580,21290384,,1980,1980,1980,1980,,11443520,11890912,12366956,10897732
5710,1,1799,30,0,1693,0,60577792,56370384,71549552,7920,46896736,,12885108,18222244,17668744,11801696,,17238776,10778832,11011904,17340872,,19966928,14980180,15316652,21285792,,1980,1980,1980,1980,,11461720,12160336,12372800,10901880
5714,1,1800,30,0,1694,0,60262320,56248128,71424788,7920,47026524,,12891980,18300516,17257252,11812572,,17231556,10684752,10998468,17333352,,19959724,14884644,15299112,21281308,,1980,1980,1980,1980,,11467604,12251228,12395292,10912400
5717,1,1801,32,0,1695,0,59874276,56640984,71820224,7920,46686460,,12909164,18319420,17257096,11388596,,17210224,10684456,10987368,17758936,,19938404,14887292,15290124,21704404,,1980,1980,1980,1980,,11480972,12271480,12406496,10527512
5721,1,1802,31,0,1696,0,59263308,56828676,72003728,7920,46437896,,12777856,17919724,16867396,11698332,,17344952,10650392,11390480,17442852,,20073128,14849196,15693076,21388328,,1980,1980,1980,1980,,11332100,12293704,12042436,10769656
5724,1,1803,31,0,1697,0,59844240,56692780,71870140,7920,46620336,,12776124,17938628,17348364,11781124,,17368800,10637716,11337952,17348312,,20096800,14835068,15644440,21293832,,1980,1980,1980,1980,,11425624,12309088,12020952,10864672
5728,1,1804,30,0,1698,0,60107948,56405636,71583788,7920,46895192,,12814972,17950784,17541020,11801172,,17326720,10617308,11134288,17327320,,20054744,14815092,15441068,21272884,,1980,1980,1980,1980,,11461012,12317804,12228700,10887676
5731,1,1805,29,0,1699,0,60032996,56460536,71642168,7920,46810624,,12824348,18183096,17222672,11802880,,17323780,10804992,11020280,17311484,,20051864,15005784,15327432,21257088,,1980,1980,1980,1980,,11473900,12107252,12335216,10894256
5735,1,1806,28,0,1700,0,59844044,57124696,72306140,7920,46226808,,12677648,17893856,17498512,11774028,,17477624,11105540,11159360,17382172,,20204480,15306768,15467192,21327700,,1980,1980,1980,1980,,11302956,11862276,12157324,10904252
5738,1,1807,27,0,1701,0,60377848,56547552,71733244,7920,46724612,,12773800,18233072,17590676,11780300,,17361188,10745860,11064620,17375884,,20088060,14951144,15372612,21321428,,1980,1980,1980,1980,,11407604,12134284,12276316,10906408
5742,1,1808,28,0,1702,0,60545836,56407660,71590620,7920,46904520,,12794332,18327712,17629492,11794300,,17352216,10654472,11031888,17369084,,20079112,14856676,15340192,21314640,,1980,1980,1980,1980,,11431036,12245856,12308492,10919136
5746,1,1809,28,0,1703,0,60592176,56338168,71522136,7920,46943228,,12808016,18351228,17636220,11796712,,17340080,10618360,11019196,17360532,,20066980,14821404,15327652,21306100,,1980,1980,1980,1980,,11435088,12269824,12317096,10921220
5749,1,1810,28,0,1704,0,60329204,56600668,71794492,7920,46643284,,12824516,18058336,17641232,11805120,,17307388,10924668,11016060,17352552,,20034508,15133672,15325040,21301272,,1980,1980,1980,1980,,11452140,11938348,12319868,10932928
5753,0,1811,29,0,1705,0,60272832,56668448,71861316,7920,46655472,,12836704,18204660,17409040,11822428,,17295052,10796292,11247840,17329264,,20022180,15005208,15555940,21277988,,1980,1980,1980,1980,,11465040,12174728,12066860,10948844
5756,1,1812,28,0,1706,0,60329344,56633656,71827008,7920,46693000,,12654456,18271968,17568292,11834628,,17499156,10716272,11097464,17320764,,20226276,14925464,15405756,21269512,,1980,1980,1980,1980,,11259480,12241952,12237988,10953580
5760,1,1813,29,0,1707,0,60306688,56628976,71822404,7920,46657676,,12796244,18044812,17628620,11837012,,17340340,10940180,11025740,17322716,,20067552,15148752,15334628,21271472,,1980,1980,1980,1980,,11415940,11989040,12291196,10961500
5763,1,1814,28,0,1708,0,60148164,56763984,71961568,7920,46448840,,12653456,18221600,17643880,11629228,,17473424,10775416,10997904,17517240,,20200696,14984352,15307368,21469152,,1980,1980,1980,1980,,11237216,12163736,12304284,10743604
5767,1,1815,30,0,1709,0,60444332,56471388,71669680,7920,46819660,,12780516,18277544,17599212,11787060,,17337192,10702084,11070912,17361200,,20064484,14911388,15380652,21313156,,1980,1980,1980,1980,,11377004,12211464,12323188,10908004
5770,1,1816,33,0,1710,0,60595716,56331944,71532072,7920,46941436,,12836656,18302216,17615820,11841024,,17277648,10686380,11068352,17299564,,20006328,14896060,15378144,21251540,,1980,1980,1980,1980,,11428480,12226924,12326860,10959172
5774,1,1817,34,0,1711,0,60621992,56311864,71512640,7920,47003416,,12852372,18289984,17624860,11854776,,17270180,10701232,11061604,17278848,,19998884,14911152,15371740,21230864,,1980,1980,1980,1980,,11444852,12230812,12352200,10975552
5777,1,1818,35,0,1712,0,60698816,56210004,71413972,7920,47070992,,12869624,18294472,17657744,11876976,,17258148,10684660,11021672,17245524,,19988756,14895280,15332388,21197548,,1980,1980,1980,1980,,11459716,12237616,12379836,10993824
5781,0,1819,35,0,1713,0,60776900,56118896,71320744,7920,47134624,,12904028,18304652,17683476,11884744,,17216120,10675944,10996640,17230192,,19946824,14886012,15307840,21180068,,1980,1980,1980,1980,,11494680,12249340,12388856,11001748
5784,1,1820,35,0,1714,0,60360464,56580952,71784480,7920,46819636,,12877840,18308896,17692384,11481344,,17262208,10692760,10971904,17654080,,19992824,14903740,15283528,21604388,,1980,1980,1980,1980,,11524820,12259204,12399452,10636160
5787,1,1821,35,0,1715,0,60711804,56237036,71439996,7920,47110900,,12893632,18313568,17706852,11797752,,17244904,10678568,10976172,17337392,,19975524,14889924,15287968,21286580,,1980,1980,1980,1980,,11541700,12263684,12426136,10879380
5791,0,1822,33,0,1716,0,60462084,56467756,71673128,7920,46828732,,12691008,18181728,17708704,11880644,,17462220,10785980,10960460,17259096,,20192124,14997220,15272796,21210988,,1980,1980,1980,1980,,11307856,12107600,12431348,10981928
5794,1,1823,34,0,1717,0,60314672,56214664,71419248,7920,47148080,,12852404,18281796,17292440,11888032,,17300656,10694328,10946188,17273492,,20030572,14905988,15258960,21223728,,1980,1980,1980,1980,,11479784,12216936,12439888,11011472
5798,0,1824,34,0,1718,0,60019520,56489932,71687676,7920,46877516,,12922692,18317180,16882348,11897300,,17218600,10661848,11352900,17256584,,19948584,14873856,15660520,21204716,,1980,1980,1980,1980,,11547656,12241484,12068508,11019868
5801,1,1825,33,0,1719,0,59735216,56376960,71576272,7920,46935352,,12938904,17889472,17199176,11707664,,17212956,10664296,11035648,17464060,,19942976,14870516,15349936,21412844,,1980,1980,1980,1980,,11570572,12239864,12325404,10799512
5804,1,1826,32,0,1720,0,60224464,56259184,71457124,7920,47003824,,12956828,18311424,17103876,11852336,,17178332,10667672,11114896,17298284,,19908368,14873644,15429632,21245480,,1980,1980,1980,1980,,11584744,12249800,12208392,10960888
5808,1,1827,32,0,1721,0,60455472,56017076,71219360,7920,47218864,,12966752,18320900,17262368,11905452,,17158168,10655552,10962456,17240900,,19888224,14866280,15276716,21188140,,1980,1980,1980,1980,,11589420,12263584,12360164,11005696
5812,0,1828,34,0,1722,0,59980288,56498076,71701876,7920,46680332,,12719672,18030452,17308908,11921256,,17422824,10944184,10904292,17226776,,20152016,15156896,15218940,21174024,,1980,1980,1980,1980,,11317104,11945372,12399580,11018276
5815,1,1829,31,0,1723,0,60036960,56876660,72080892,7920,46337044,,12646272,18186924,17724988,11478776,,17504588,10818416,10897408,17656248,,20233400,15031392,15212400,21603700,,1980,1980,1980,1980,,11231164,12162004,12405692,10538184
5818,1,1830,28,0,1724,0,60150312,56711036,71915224,7920,46417492,,12846656,18255652,17320128,11727876,,17270844,10736140,11307604,17396448,,19999692,14949472,15622140,21343920,,1980,1980,1980,1980,,11439808,12230528,11956780,10790376
5822,1,1831,26,0,1725,0,59993636,56871076,72075900,7920,46248844,,12692668,17878544,17560308,11862116,,17433640,11121932,11073204,17242300,,20162432,15335352,15388316,21189800,,1980,1980,1980,1980,,11253716,11865580,12206232,10923316
5826,1,1832,25,0,1726,0,60562936,56286884,71495848,7920,46778648,,12839388,18181844,17664720,11876984,,17280984,10811420,10941944,17252536,,20009832,15025244,15257548,21203224,,1980,1980,1980,1980,,11413164,12117984,12307948,10939552
5829,1,1833,26,0,1727,0,60265536,56215936,71424916,7920,46971844,,12910740,18266984,17638536,11449276,,17212204,10716396,11029148,17258188,,19941116,14930800,15344768,21208232,,1980,1980,1980,1980,,11478584,12207220,12337344,10948696
5833,0,1834,28,0,1728,0,60573428,56331728,71543896,7920,46827596,,12921208,18280752,17641904,11729564,,17209440,10697564,11018572,17406152,,19938372,14912288,15334520,21358716,,1980,1980,1980,1980,,11491108,12224412,12342372,10769704
5836,1,1835,30,0,1729,0,60278972,56174208,71389516,7920,46975844,,12925200,18289616,17213668,11850488,,17200360,10675920,11026472,17271456,,19929356,14891420,15342448,21226292,,1980,1980,1980,1980,,11495136,12232820,12346544,10901344
5839,1,1836,30,0,1730,0,60182764,56709196,71926360,7920,46427584,,12720840,18286344,17281176,11894404,,17395724,10694244,11398088,17221140,,20126788,14909892,15713652,21176028,,1980,1980,1980,1980,,11266424,12235104,11982896,10943160
5843,1,1837,29,0,1731,0,60538620,56341652,71558352,7920,46864336,,12777792,18295660,17555016,11910152,,17365228,10674036,11094048,17208340,,20095960,14889888,15410012,21162492,,1980,1980,1980,1980,,11418604,12245852,12241000,10958880
5846,1,1838,29,0,1732,0,60679172,56210568,71427548,7920,47008336,,12821148,18301864,17636780,11919380,,17321504,10655420,11025396,17208248,,20052252,14871564,15341540,21162192,,1980,1980,1980,1980,,11460012,12254164,12320368,10973792
5850,1,1839,31,0,1733,0,60771052,56137868,71358280,7920,47106964,,12843884,18324316,17653000,11949852,,17286032,10649060,11019984,17182792,,20016832,14866708,15336768,21137972,,1980,1980,1980,1980,,11484504,12271076,12343160,11008224
5853,1,1840,33,0,1734,0,60618436,56265536,71487040,7920,46924468,,12864880,18340224,17664004,11749328,,17265400,10639552,10991804,17368780,,19996208,14857508,15309636,21323688,,1980,1980,1980,1980,,11503608,12284204,12354688,10781968
5857,1,1841,31,0,1735,0,59958168,56969636,72189920,7920,46348104,,12682104,18205736,17247116,11823212,,17456696,10766404,11398524,17348012,,20187548,14983700,15715884,21302788,,1980,1980,1980,1980,,11295812,12123272,11982392,10946628
5860,1,1842,30,0,1736,0,60544964,56351588,71567672,7920,46876644,,12806812,18305692,17555944,11876516,,17332824,10654292,11095976,17268496,,20063688,14866460,15414192,21223332,,1980,1980,1980,1980,,11435136,12227928,12215412,10998168
5864,1,1843,30,0,1737,0,60700048,56204716,71416800,7920,47047144,,12862280,18322536,17625264,11889968,,17297796,10633140,11020736,17253044,,20019012,14850612,15339292,21207884,,1980,1980,1980,1980,,11466112,12263064,12305972,11011996
5867,1,1844,33,0,1738,0,59920296,56564544,71778880,7920,46721024,,12439672,18336284,17657996,11486344,,17714644,10624500,10995492,17229908,,20435880,14844432,15314324,21184244,,1980,1980,1980,1980,,11084180,12274824,12335740,11026280
5871,1,1845,33,0,1739,0,60386700,56500336,71715208,7920,46676392,,12740120,18351232,17358336,11937012,,17406288,10605948,11285408,17202692,,20126376,14826156,15606008,21156668,,1980,1980,1980,1980,,11318476,12288988,12018352,11050576
5874,1,1846,33,0,1740,0,60685700,56221684,71438564,7920,47038688,,12825148,18350008,17577204,11933340,,17326788,10643944,11053384,17197568,,20046880,14865864,15374248,21151572,,1980,1980,1980,1980,,11418176,12318436,12239092,11062984
5878,1,1847,34,0,1741,0,59573820,56906424,72115904,7920,46396124,,12866720,17936468,17638700,11131932,,17277556,11042596,10992756,17593516,,19997888,15264156,15313920,21539940,,1980,1980,1980,1980,,11456960,11942496,12310768,10685900
5881,1,1848,33,0,1742,0,60210748,56256640,71474320,7920,46937844,,12882064,18246220,17657340,11425124,,17266016,10721740,10976576,17292308,,19986888,14945756,15298320,21243356,,1980,1980,1980,1980,,11473588,12191500,12321836,10950920
5885,1,1849,32,0,1743,0,60481920,56372068,71592480,7920,46746040,,12721676,18355104,17670368,11734772,,17418092,10621192,10941496,17391288,,20137976,14845572,15263712,21345220,,1980,1980,1980,1980,,11286552,12306340,12332420,10820728
5888,1,1850,32,0,1744,0,60416460,56472968,71694004,7920,46741588,,12853324,18388240,17628716,11546180,,17280492,10577424,11016468,17598584,,20000384,14802348,15338756,21552516,,1980,1980,1980,1980,,11425732,12340196,12353156,10622504
5892,1,1851,31,0,1745,0,60094596,56370616,71591532,7920,46820852,,12714368,18394524,17649872,11335832,,17420020,10571040,11006892,17372664,,20140976,14796236,15329488,21324832,,1980,1980,1980,1980,,11256712,12348764,12363868,10851508
5895,1,1852,31,0,1746,0,60363284,56102556,71325964,7920,47071044,,12845812,18419488,17667680,11430304,,17278896,10548404,10989664,17285592,,19999876,14774440,15312800,21238848,,1980,1980,1980,1980,,11385092,12370104,12377976,10937872
5899,0,1853,33,0,1747,0,60120168,56337060,71562116,7920,46784916,,12897500,18431700,17335996,11454972,,17223612,10535680,11323324,17254444,,19944620,14761944,15647836,21207716,,1980,1980,1980,1980,,11432276,12386708,12012752,10953180
5902,1,1854,34,0,1748,0,60396484,56155232,71381344,7920,46986488,,12892688,18444668,17598400,11460728,,17217648,10519636,11056404,17361544,,19938664,14745944,15381900,21314836,,1980,1980,1980,1980,,11438748,12398704,12282540,10866496
5905,1,1855,34,0,1749,0,60519972,56369864,71596620,7920,46805656,,12833848,18267032,17694688,11724404,,17319464,10706036,10947700,17396664,,20040336,14932048,15273364,21350872,,1980,1980,1980,1980,,11452736,12196668,12368276,10787976
5909,1,1856,33,0,1750,0,60832648,56054300,71285448,7920,47113272,,12857144,18401432,17741788,11832284,,17296488,10562100,10895044,17300668,,20018764,14790608,15221104,21254972,,1980,1980,1980,1980,,11478900,12334932,12394748,10904692
5912,1,1857,36,0,1751,0,60694648,56190300,71420788,7920,46941328,,12868776,18187116,17765188,11873568,,17287672,10780184,10876680,17245764,,20009944,15007304,15203368,21200172,,1980,1980,1980,1980,,11492584,12100400,12410572,10937772
5916,1,1858,35,0,1752,0,60392308,56536652,71763920,7920,46742288,,12871412,17938828,17759748,11822320,,17291408,11033908,10890236,17321100,,20013704,15257452,15217376,21275388,,1980,1980,1980,1980,,11498596,11881292,12412648,10949752
5919,1,1859,35,0,1753,0,59720904,57165428,72391212,7920,45996412,,12470896,17970580,17440216,11839212,,17687768,10959972,11211984,17305704,,20410040,15181876,15539288,21260008,,1980,1980,1980,1980,,11123020,11842564,12064332,10966496
5923,0,1860,32,0,1754,0,60534472,56356568,71582944,7920,46773712,,12787624,18196180,17702496,11848172,,17367508,10751584,10938564,17298912,,20089820,14973720,15266184,21253220,,1980,1980,1980,1980,,11389948,12084224,12322848,10976692
5926,1,1861,32,0,1755,0,60013480,55984200,71210256,7920,47117812,,12875724,18354768,17783676,10999312,,17277196,10572844,10843076,17291084,,19999540,14801588,15170860,21238268,,1980,1980,1980,1980,,11479880,12242596,12411124,10984212
5930,0,1862,34,0,1756,0,59758780,56242148,71470260,7920,46829308,,12558956,18371668,17812700,11015456,,17595604,10562248,10810064,17274232,,20321196,14791260,15138424,21219380,,1980,1980,1980,1980,,11130656,12264596,12435564,10998492
5933,1,1863,34,0,1757,0,59974264,56086816,71321684,7920,47137320,,12819644,18304320,17822420,11027880,,17333048,10675728,10819512,17258528,,20058404,14904712,15148216,21210352,,1980,1980,1980,1980,,11401604,12272440,12448232,11015044
5936,1,1864,35,0,1758,0,60157532,56740828,71976196,7920,46397180,,12894692,18014556,17839948,11408336,,17250700,10954544,10799232,17736352,,19976060,15182736,15128084,21689316,,1980,1980,1980,1980,,11474252,11955628,12461636,10505664
5940,0,1865,31,0,1759,0,60544512,56337584,71574008,7920,46773484,,12918372,18230624,17718528,11676988,,17217864,10720980,10926792,17471948,,19943248,14949516,15256320,21424924,,1980,1980,1980,1980,,11502324,12173052,12314268,10783840
5943,1,1866,31,0,1760,0,60422876,55968408,71205788,7920,47092500,,12930784,18309452,17361804,11820836,,17199248,10635580,10820908,17312672,,19924656,14864532,15150916,21265684,,1980,1980,1980,1980,,11521100,12248628,12410984,10911788
5947,0,1867,31,0,1761,0,60523296,55909376,71147376,7920,47178800,,12936856,18333028,17405776,11847636,,17201500,10634132,10783972,17289772,,19926920,14863376,15114248,21242832,,1980,1980,1980,1980,,11526124,12269048,12454116,10929512
5950,1,1868,32,0,1762,0,60212620,56257888,71496224,7920,46893076,,12631436,18345988,17378892,11856304,,17524048,10628624,10831784,17273432,,20248332,14859328,15162068,21226496,,1980,1980,1980,1980,,11193508,12282504,12476928,10940136
5953,1,1869,30,0,1763,0,60460096,56414492,71652224,7920,46680616,,12637240,18342316,17616288,11864252,,17498444,10621808,11024888,17269352,,20222660,14852724,15354392,21222448,,1980,1980,1980,1980,,11187480,12288516,12252360,10952260
5957,1,1870,29,0,1764,0,60569820,56297036,71534580,7920,46784644,,12827376,18366524,17513000,11862920,,17309648,10601828,11129116,17256444,,20033904,14833480,15457644,21209552,,1980,1980,1980,1980,,11372972,12313852,12143408,10954412
5960,1,1871,28,0,1765,0,59419464,57016664,72253112,7920,46066336,,12478068,17946332,17364848,11630216,,17643068,10576616,11281808,17515172,,20367328,14808292,15609656,21467836,,1980,1980,1980,1980,,11063568,12322512,11971612,10708644
5964,1,1872,27,0,1766,0,59669648,56783956,72022076,7920,46371164,,12345108,17951208,17609528,11763804,,17811336,10585948,11009804,17376868,,20533876,14820708,15337948,21329544,,1980,1980,1980,1980,,10949916,12333368,12229676,10858204
5967,1,1873,27,0,1767,0,60253284,56636068,71874668,7920,46508004,,12615772,18104356,17708736,11824420,,17541648,10866876,10924748,17302796,,20264236,15102304,15254104,21254024,,1980,1980,1980,1980,,11229184,12030472,12331220,10917128
5971,1,1874,29,0,1768,0,60478404,56373024,71615404,7920,46706900,,12736824,18306740,17740448,11694392,,17420352,10639120,10880876,17432676,,20142980,14874732,15212140,21385552,,1980,1980,1980,1980,,11353708,12241016,12360116,10752060
5974,1,1875,30,0,1769,0,60653504,56233148,71478568,7920,46929116,,12771516,18394184,17765972,11721832,,17391584,10552508,10852580,17436476,,20114280,14788532,15186540,21389216,,1980,1980,1980,1980,,11383048,12318316,12376700,10851052
5978,1,1876,30,0,1770,0,59889708,56566744,71803092,7920,46602080,,12780912,18005732,17355532,11747532,,17377484,10943964,10833744,17411552,,20100220,15173744,15164808,21364320,,1980,1980,1980,1980,,11391096,11945184,12394636,10871164
5981,1,1877,29,0,1771,0,59978416,56493008,71731496,7920,46627620,,12787020,18300332,17130852,11760212,,17372544,10647236,11078420,17394808,,20095276,14878996,15409616,21347608,,1980,1980,1980,1980,,11397224,12204292,12146532,10879572
5985,1,1878,28,0,1772,0,60054136,56374080,71620756,7920,46715356,,12636480,18378396,17276340,11762920,,17516504,10540608,10921380,17395588,,20239320,14778228,15252740,21350468,,1980,1980,1980,1980,,11217528,12296844,12315328,10885656
5988,1,1879,30,0,1773,0,60109560,56713672,71965820,7920,46281976,,12742360,18176940,17414424,11775836,,17394928,10761084,11180664,17376996,,20117784,15001740,15514408,21331888,,1980,1980,1980,1980,,11327296,12065956,11988984,10899740
5992,1,1880,28,0,1774,0,60540428,56306020,71558784,7920,46758084,,12766256,18320496,17666596,11787080,,17385868,10622744,10932428,17364980,,20108764,14863628,15266504,21319888,,1980,1980,1980,1980,,11355048,12232508,12262116,10908412
5995,1,1881,30,0,1775,0,60669716,56179844,71432256,7920,46922500,,12791764,18337440,17748000,11792512,,17361988,10609480,10839528,17368848,,20086064,14850376,15173748,21322068,,1980,1980,1980,1980,,11377924,12285196,12346400,10912980
5999,0,1882,32,0,1776,0,60312192,56110572,71361236,7920,46976456,,12812012,18357192,17763228,11379760,,17331324,10596896,10830624,17351728,,20056724,14838436,15165232,21300844,,1980,1980,1980,1980,,11398524,12295152,12361556,10921224
6002,1,1883,32,0,1777,0,60353916,56097316,71348392,7920,47015824,,12812368,18364932,17772408,11404208,,17321524,10610628,10829368,17335796,,20046972,14852212,15164524,21284684,,1980,1980,1980,1980,,11405120,12304496,12372572,10933636
6005,1,1884,32,0,1778,0,60679060,56185808,71444860,7920,46894296,,12845972,18389292,17785164,11658632,,17295028,10573488,10826100,17491192,,20020512,14815592,15161740,21447016,,1980,1980,1980,1980,,11433804,12329928,12387488,10743076
6009,0,1885,32,0,1779,0,60767776,56115648,71372320,7920,47065260,,12872712,18402020,17713592,11779452,,17265704,10549852,10936928,17363164,,19991196,14792408,15269688,21319028,,1980,1980,1980,1980,,11459472,12341388,12393060,10871340
6012,1,1886,32,0,1780,0,60822040,56036136,71293364,7920,47137440,,12870680,18415804,17718068,11817488,,17272684,10539908,10916604,17306940,,19998180,14782676,15249684,21262824,,1980,1980,1980,1980,,11464456,12355616,12404132,10913236
6015,1,1887,32,0,1781,0,60619456,56258840,71520888,7920,46898544,,12904708,18435356,17452136,11827256,,17236584,10528924,11179156,17314176,,19962096,14772316,15514240,21272236,,1980,1980,1980,1980,,11489488,12375500,12109744,10923812
6019,0,1888,31,0,1782,0,60426976,56441828,71702040,7920,46749972,,12922084,18458260,17217532,11829100,,17217816,10498204,11413144,17312664,,19943348,14743300,15747892,21267500,,1980,1980,1980,1980,,11507980,12394916,11922116,10924960
6022,1,1889,31,0,1783,0,60370916,56534900,71796684,7920,46675804,,12920576,18474576,17564004,11411760,,17222972,10487572,11077256,17747100,,19948516,14732848,15413032,21702288,,1980,1980,1980,1980,,11510404,12412916,12204640,10547844
6025,1,1890,31,0,1784,0,60540368,56351828,71618592,7920,46798076,,12911304,18250512,17660888,11717664,,17243116,10709932,10965940,17432840,,19970636,14954580,15301868,21391508,,1980,1980,1980,1980,,11532616,12156784,12310288,10798388
6029,1,1891,31,0,1785,0,60767760,56098408,71365252,7920,47101764,,12890412,18386580,17699736,11791032,,17258516,10560436,10930944,17348512,,19987496,14803308,15267248,21307200,,1980,1980,1980,1980,,11548016,12318612,12346992,10888144
6032,1,1892,31,0,1786,0,60790584,56062644,71331244,7920,47053360,,12785796,18473280,17710604,11820904,,17360084,10477232,10907788,17317540,,20087680,14722728,15244572,21276264,,1980,1980,1980,1980,,11378988,12405824,12355232,10913316
6036,0,1893,31,0,1787,0,60379016,56481312,71748552,7920,46622612,,12670028,18186388,17712892,11809708,,17482572,10741880,10907008,17349852,,20209168,14986588,15244276,21308520,,1980,1980,1980,1980,,11248932,12083580,12362084,10928016
6039,1,1894,30,0,1788,0,60339888,56117656,71385588,7920,47037248,,12837332,18393672,17721828,11387056,,17290140,10555592,10921852,17350072,,20016768,14800804,15260420,21307596,,1980,1980,1980,1980,,11423168,12302100,12379244,10932736
6043,0,1895,32,0,1789,0,60435648,56417120,71686660,7920,46653752,,12867684,18222388,17525544,11820032,,17277224,10702744,11100576,17336576,,20004780,14948184,15439580,21294116,,1980,1980,1980,1980,,11455044,12114612,12142500,10941596
6046,1,1896,31,0,1790,0,59922624,56480100,71751580,7920,46517440,,12890608,17954396,17386128,11691492,,17243380,10560112,11220880,17455728,,19970960,14806408,15559836,21414376,,1980,1980,1980,1980,,11463056,12281192,11987648,10785544
6050,1,1897,30,0,1791,0,59627276,56333620,71606984,7920,46659820,,12655440,17581668,17611044,11779124,,17486720,10484764,10989272,17372864,,20213064,14733708,15328688,21331524,,1980,1980,1980,1980,,11214408,12344408,12219140,10881864
6053,1,1898,29,0,1792,0,60311512,56108676,71382252,7920,46973288,,12816860,18000144,17691788,11802720,,17333236,10534600,10899316,17341524,,20059592,14783352,15239100,21300208,,1980,1980,1980,1980,,11386304,12378664,12302788,10905532
6057,0,1899,30,0,1793,0,60394200,56029248,71302840,7920,47055144,,12881672,18007420,17699340,11805768,,17266112,10503092,10908992,17351052,,19992472,14752048,15248836,21309484,,1980,1980,1980,1980,,11445800,12386768,12311220,10911356
6060,1,1900,30,0,1794,0,60577060,56287216,71561316,7920,46778720,,12895468,18146692,17727772,11807128,,17249988,10823240,10867172,17346816,,19976384,15071712,15208216,21305004,,1980,1980,1980,1980,,11460132,12070016,12335388,10913184
6063,1,1901,30,0,1795,0,60462228,56411748,71687240,7920,46653172,,12901120,17982048,17754712,11824348,,17249620,10987208,10849444,17325476,,19977364,15236044,15193136,21280696,,1980,1980,1980,1980,,11467620,11909652,12351768,10924132
6067,1,1902,30,0,1796,0,60171908,56221564,71500572,7920,46730332,,12698088,18307852,17754640,11411328,,17436764,10635948,10844284,17304568,,20164404,14885200,15188140,21262828,,1980,1980,1980,1980,,11238588,12200624,12354572,10936548
6071,0,1903,31,0,1797,0,59964160,56466064,71745400,7920,46638344,,12437752,18406440,17707900,11412068,,17701580,10533432,10909860,17321192,,20429124,14783036,15253780,21279460,,1980,1980,1980,1980,,11009408,12314772,12375852,10938312
6074,1,1904,31,0,1798,0,59919484,56113476,71386760,7920,46966364,,12767136,18016776,17722416,11413156,,17357876,10494132,10908236,17353232,,20085552,14734916,15252828,21313464,,1980,1980,1980,1980,,11277492,12352060,12392120,10944692
6077,1,1905,31,0,1799,0,59876520,56111672,71386120,7920,46916336,,12851968,18026236,17294024,11704292,,17283364,10473400,10909360,17445548,,20011092,14714752,15253948,21406328,,1980,1980,1980,1980,,11383144,12359244,12396360,10777588
6081,1,1906,30,0,1800,0,60546792,56283056,71561536,7920,46727468,,12887052,18142116,17736864,11780760,,17231864,10803064,10883984,17364144,,19959644,15051216,15225736,21324940,,1980,1980,1980,1980,,11420880,12032560,12412180,10861848
6084,1,1907,28,0,1801,0,59884608,56571652,71849820,7920,46532520,,12819952,18141716,17328420,11594520,,17343864,10792624,10886184,17548980,,20071464,15040620,15228036,21509700,,1980,1980,1980,1980,,11438404,12015736,12424992,10653388
6088,1,1908,28,0,1802,0,60202608,56248488,71527384,7920,46874432,,12825744,18320624,17328100,11728140,,17335652,10601164,10885812,17425860,,20063264,14849508,15227992,21386620,,1980,1980,1980,1980,,11446704,12199668,12427148,10800912
6091,1,1909,28,0,1803,0,60587484,56255676,71537764,7920,46809452,,12834816,18394324,17576096,11782248,,17327928,10525404,11053928,17348416,,20055556,14773996,15398984,21309228,,1980,1980,1980,1980,,11458920,12275068,12231700,10843764
6095,1,1910,27,0,1804,0,60689988,56184076,71467080,7920,46974164,,12854948,18411296,17694548,11729196,,17306000,10514824,10923988,17439264,,20033644,14763940,15269492,21400004,,1980,1980,1980,1980,,11475648,12288192,12361692,10848632
6098,1,1911,27,0,1805,0,60745800,56115832,71402216,7920,47034960,,12855604,18441084,17714988,11734124,,17290804,10492224,10905832,17426972,,20018452,14744548,15251472,21387744,,1980,1980,1980,1980,,11480084,12312448,12390224,10852204
6102,0,1912,28,0,1806,0,60772508,56071332,71358592,7920,47065676,,12869556,18441216,17727440,11734296,,17289676,10482588,10881952,17417116,,20017544,14735188,15227960,21377900,,1980,1980,1980,1980,,11494888,12318184,12398308,10854296
6105,1,1913,29,0,1807,0,59972484,56456400,71741812,7920,46713236,,12491372,18016360,17728008,11736744,,17670268,10480940,10896036,17409156,,20398132,14731552,15242180,21369948,,1980,1980,1980,1980,,11121840,12328700,12406292,10856404
6108,1,1914,28,0,1808,0,60340960,56073324,71360648,7920,47015176,,12784472,18035712,17756724,11764052,,17364308,10451984,10866792,17390240,,20092236,14702692,15214656,21351064,,1980,1980,1980,1980,,11371304,12349268,12415616,10878988
6112,1,1915,29,0,1809,0,60497408,55929132,71215816,7920,47141620,,12871284,18087920,17767800,11770404,,17274016,10413176,10853980,17387960,,20001964,14662864,15202176,21348812,,1980,1980,1980,1980,,11467060,12360940,12425920,10887700
6115,1,1916,30,0,1810,0,60442724,56430584,71715460,7920,46690476,,12649824,18447304,17572816,11772780,,17497764,10500556,11047648,17384616,,20224848,14749128,15396004,21345480,,1980,1980,1980,1980,,11221468,12367528,12208344,10893136
6119,0,1917,31,0,1811,0,59633304,56793240,72076004,7920,46338572,,12499684,18066096,17276120,11791404,,17641752,10880200,10905016,17366272,,20368044,15127104,15253704,21327152,,1980,1980,1980,1980,,11060064,12010960,12355056,10912492
6122,1,1918,30,0,1812,0,59816084,56154728,71447312,7920,46889188,,12770668,18350400,16891236,11803780,,17368876,10588228,10841696,17355928,,20096920,14843088,15190112,21317192,,1980,1980,1980,1980,,11331688,12235428,12398680,10923392
6126,1,1919,31,0,1813,0,59715100,56279004,71576892,7920,46692716,,12676816,18258196,16951652,11828436,,17451528,10685844,10800640,17340992,,20179260,14940200,15153528,21303904,,1980,1980,1980,1980,,11215620,12113280,12423696,10940120
6129,1,1920,34,0,1814,0,59564496,56428440,71726756,7920,46635668,,12800796,17982332,16951104,11830264,,17332500,10517564,11256244,17322132,,20060256,14772388,15609276,21284836,,1980,1980,1980,1980,,11344932,12282424,12040320,10967992
6133,1,1921,33,0,1815,0,60117648,56269564,71567448,7920,46711680,,12840816,18030116,17411008,11835708,,17283540,10475764,11194468,17315792,,20011328,14730812,15546780,21278528,,1980,1980,1980,1980,,11384352,12329708,12023296,10974324
6136,1,1922,32,0,1816,0,60385624,55980320,71279504,7920,46970048,,12854200,18048544,17618644,11864236,,17265356,10448688,10984540,17281736,,19993160,14704504,15337352,21244488,,1980,1980,1980,1980,,11392740,12339140,12239212,10998956
6140,1,1923,31,0,1817,0,60365804,55988132,71286936,7920,46909136,,12868356,18307316,17721400,11468732,,17249444,10620096,10877932,17240660,,19977288,14874232,15231208,21204208,,1980,1980,1980,1980,,11413472,12148464,12331284,11015916
6143,1,1924,33,0,1818,0,60647816,56211856,71507208,7920,46837048,,12827584,18424816,17738488,11656928,,17338084,10514512,10864888,17494372,,20066312,14766912,15218556,21455428,,1980,1980,1980,1980,,11444468,12280420,12349580,10762580
6147,1,1925,33,0,1819,0,60462552,56369868,71664364,7920,46683856,,12828792,18059112,17764148,11810500,,17328540,10880268,10832796,17328264,,20056780,15131728,15186516,21289340,,1980,1980,1980,1980,,11448568,11922088,12375744,10937456
6150,1,1926,32,0,1820,0,60836872,56010824,71306248,7920,47026768,,12853684,18326564,17771628,11884996,,17307516,10602560,10851036,17249712,,20035748,14854436,15205508,21210556,,1980,1980,1980,1980,,11473356,12161764,12386988,11004660
6154,0,1927,31,0,1821,0,60735920,56123016,71419316,7920,46906620,,12632216,18413760,17793840,11896104,,17538336,10506812,10833136,17244732,,20266596,14759216,15188152,21205352,,1980,1980,1980,1980,,11229284,12256340,12406100,11014896
6157,1,1928,31,0,1822,0,60955184,55876696,71177572,7920,47141896,,12786552,18437536,17824444,11906652,,17381132,10476444,10781716,17237404,,20109408,14729060,15136900,21202204,,1980,1980,1980,1980,,11395344,12278756,12437036,11030760
6161,0,1929,32,0,1823,0,60407184,55980416,71284724,7920,46991400,,12845124,18016276,17845676,11700108,,17291868,10475216,10759492,17453840,,20020168,14731192,15114900,21418464,,1980,1980,1980,1980,,11449208,12290664,12450164,10801364
6164,1,1930,32,0,1824,0,60618956,55768360,71074640,7920,47209952,,12864864,18033836,17868836,11851420,,17282732,10449588,10738324,17297716,,20011040,14705836,15095408,21262356,,1980,1980,1980,1980,,11467496,12305312,12473372,10963772
6167,1,1931,33,0,1825,0,60760692,55583244,70889336,7920,47317280,,12879892,18060820,17896016,11923964,,17259484,10412832,10702276,17208652,,19987812,14668496,15059716,21173312,,1980,1980,1980,1980,,11471924,12310404,12502168,11032784
6171,1,1932,33,0,1826,0,60796496,55561020,70866908,7920,47358940,,12886724,18068360,17908280,11933132,,17260600,10404312,10695228,17200880,,19989012,14659220,15053128,21165548,,1980,1980,1980,1980,,11487008,12319896,12511068,11040968
6174,1,1933,34,0,1827,0,60366292,56046756,71352556,7920,47002396,,12503792,18010184,17915428,11936888,,17642536,10492676,10693844,17217700,,20370920,14747252,15052004,21182380,,1980,1980,1980,1980,,11111836,12321524,12523860,11045176
6178,0,1934,33,0,1828,0,60369068,56512732,71822000,7920,46577380,,12787068,18441840,17196228,11943932,,17373044,10501992,11426588,17211108,,20101560,14755548,15789212,21175680,,1980,1980,1980,1980,,11362476,12325060,11832636,11057208
6181,1,1935,31,0,1829,0,59502736,56468580,71777732,7920,46501388,,12875588,17841644,17216044,11569460,,17257884,10675300,10962308,17573088,,19986416,14931440,15322968,21536908,,1980,1980,1980,1980,,11461132,12130512,12227524,10682220
6185,1,1936,32,0,1830,0,59699844,56700092,72011224,7920,46304884,,12898676,17980824,17397376,11422968,,17257788,10953040,10772732,17716532,,19986360,15209572,15133884,21681408,,1980,1980,1980,1980,,11479740,11866088,12420240,10538816
6188,1,1937,30,0,1831,0,59571380,56372856,71684964,7920,46570164,,12906192,18281232,17058432,11325524,,17233580,10639616,11133272,17366388,,19962168,14896520,15496740,21329536,,1980,1980,1980,1980,,11488164,12123580,12116032,10842388
6192,1,1938,30,0,1832,0,60017428,55960272,71274156,7920,47062632,,12935192,18352224,17282104,11447908,,17219016,10595160,10900808,17245288,,19949220,14854536,15260528,21209872,,1980,1980,1980,1980,,11517712,12219584,12351932,10973404
6195,1,1939,32,0,1833,0,60210436,56157320,71472632,7920,46751160,,12780760,18371196,17366608,11691872,,17364252,10575012,10805584,17412472,,20094448,14835076,15166308,21376800,,1980,1980,1980,1980,,11324784,12235492,12433408,10757476
6199,1,1940,32,0,1834,0,60081608,56667244,71983592,7920,46280364,,12480172,18372228,17371084,11858124,,17642200,10540236,11229848,17254960,,20372528,14800620,15591144,21219300,,1980,1980,1980,1980,,11072396,12237880,12049416,10920672
6203,1,1941,29,0,1835,0,60065708,56268952,71584308,7920,46550720,,12517484,18401216,17654776,11492232,,17611036,10520892,10952252,17184772,,20339300,14780064,15317256,21147688,,1980,1980,1980,1980,,11043716,12257252,12270356,10979396
6206,1,1942,29,0,1836,0,59932936,56022360,71340044,7920,46945320,,12667292,18415776,17339520,11510348,,17508412,10502712,10843272,17167964,,20236500,14763508,15208232,21131804,,1980,1980,1980,1980,,11287656,12267588,12391312,10998764
6210,1,1943,32,0,1837,0,60263632,56134144,71452892,7920,46848756,,12783412,18424360,17364736,11691124,,17366280,10500732,10817776,17449356,,20094384,14761892,15183112,21413504,,1980,1980,1980,1980,,11398580,12269560,12422328,10758288
6213,1,1944,31,0,1838,0,60073384,56157440,71474772,7920,46848444,,12819064,18017236,17384644,11852440,,17329824,10485136,11064732,17277748,,20057960,14744092,15430752,21241968,,1980,1980,1980,1980,,11433028,12279988,12211384,10924044
6217,1,1945,30,0,1839,0,60404372,55986552,71307276,7920,47004116,,12823268,18041324,17690996,11848784,,17329692,10451696,10905296,17299868,,20057848,14713764,15271740,21263924,,1980,1980,1980,1980,,11437172,12299108,12286836,10981000
6220,1,1946,31,0,1840,0,60619620,56224688,71547108,7920,46782532,,12821516,18162440,17779624,11856040,,17336968,10768952,10820904,17297864,,20065128,15032500,15187548,21261932,,1980,1980,1980,1980,,11441300,11959708,12382140,10999384
6224,1,1947,30,0,1841,0,60316244,56071628,71395576,7920,46901320,,12682340,18378252,17388944,11866708,,17477200,10540968,10776600,17276860,,20205188,14806372,15143076,21240940,,1980,1980,1980,1980,,11271276,12201492,12418564,11009988
6228,1,1948,30,0,1842,0,60823048,55986924,71312340,7920,46940180,,12784524,18479668,17658940,11899916,,17372612,10428276,10936376,17249660,,20100624,14694644,15303324,21213748,,1980,1980,1980,1980,,11380108,12278756,12244684,11036632
6231,1,1949,30,0,1843,0,60982752,55806124,71132504,7920,47118096,,12816964,18493104,17750944,11921740,,17330472,10411996,10835376,17228280,,20058548,14678752,15202828,21192376,,1980,1980,1980,1980,,11411640,12303296,12348244,11054916
6235,0,1950,32,0,1844,0,61006172,55823200,71150840,7920,47199568,,12835328,18469696,17782560,11918588,,17313928,10471896,10820712,17216664,,20043000,14738644,15188416,21180780,,1980,1980,1980,1980,,11429468,12326080,12376192,11067828
6238,1,1951,33,0,1845,0,61067496,55731688,71062792,7920,47238068,,12856632,18479404,17789136,11942324,,17288876,10447560,10794156,17201096,,20021156,14714668,15162196,21164772,,1980,1980,1980,1980,,11439592,12334824,12380520,11083132
6241,1,1952,35,0,1846,0,60068036,55879516,71208532,7920,47060016,,12860064,18081488,17807880,11318604,,17289144,10411628,10777168,17401576,,20025772,14679932,15145808,21357020,,1980,1980,1980,1980,,11450220,12359284,12393948,10856564
6245,1,1953,35,0,1847,0,60283996,55670824,71005208,7920,47290732,,12884724,18109660,17824316,11465296,,17271744,10399612,10756200,17243268,,20008400,14667176,15125296,21204336,,1980,1980,1980,1980,,11477392,12385116,12412560,11015664
6248,1,1954,35,0,1848,0,60302128,55671888,71006136,7920,47376540,,12890212,18132872,17753260,11525784,,17260648,10375760,10870616,17164864,,19997316,14643216,15239836,21125768,,1980,1980,1980,1980,,11483592,12407768,12414668,11070512
6252,1,1955,36,0,1849,0,60389676,56039200,71373624,7920,47041632,,12898196,18153996,17773248,11564236,,17246024,10363920,10840940,17588316,,19982660,14631732,15210336,21548896,,1980,1980,1980,1980,,11493600,12428196,12426660,10693176
6255,1,1956,33,0,1850,0,60062524,56296316,71637528,7920,46612236,,12726752,18385260,17359140,11591372,,17413500,10539712,10813572,17529532,,20150164,14810428,15182316,21494620,,1980,1980,1980,1980,,11290048,12217628,12443340,10661220
6259,0,1957,32,0,1851,0,60500884,56339604,71680388,7920,46615924,,12854312,18507852,17569920,11568800,,17311484,10409544,11048344,17570232,,20048212,14680496,15417484,21534196,,1980,1980,1980,1980,,11436460,12351612,12201156,10626696
6262,1,1958,30,0,1852,0,60846492,55946712,71290144,7920,46963352,,12750008,18569432,17743064,11783988,,17399824,10345500,10869472,17331916,,20136296,14616656,15241260,21295932,,1980,1980,1980,1980,,11308504,12416468,12384100,10854280
6266,1,1959,34,0,1853,0,61069108,55741488,71086692,7920,47249044,,12816624,18584588,17794824,11873072,,17344088,10334396,10817756,17245248,,20082032,14605644,15189688,21209328,,1980,1980,1980,1980,,11439756,12430744,12433172,10945372
6269,1,1960,36,0,1854,0,61136528,55637148,70983896,7920,47313564,,12848888,18590912,17811236,11885492,,17278132,10323448,10797060,17238508,,20016600,14595152,15169540,21202604,,1980,1980,1980,1980,,11470804,12435468,12449772,10957520
6273,1,1961,37,0,1855,0,60831408,55520960,70868512,7920,47401324,,12886372,18205388,17827756,11911892,,17254312,10283992,10789700,17192956,,19994144,14554280,15162616,21157472,,1980,1980,1980,1980,,11497756,12469496,12463940,10970132
6276,1,1962,38,0,1856,0,60207276,55705848,71053608,7920,47246524,,12901888,18023504,17848300,11433584,,17231408,10450144,10749956,17274340,,19971292,14720228,15123376,21238712,,1980,1980,1980,1980,,11514200,12263528,12477032,10991764
6280,1,1963,38,0,1857,0,59939328,55585772,70932572,7920,47421868,,12914304,17711220,17870544,11443260,,17227816,10340624,10737788,17279544,,19967716,14609640,15111388,21243828,,1980,1980,1980,1980,,11526812,12396716,12500360,10997980
6283,1,1964,38,0,1858,0,60223872,56169140,71517780,7920,46846924,,12521096,17911420,17894180,11897176,,17635300,10569764,10711976,17252100,,20376828,14838960,15085920,21216072,,1980,1980,1980,1980,,11171880,12139160,12516488,11019396
6287,1,1965,37,0,1859,0,60731304,55623024,70969956,7920,47331028,,12837936,18098036,17890324,11905008,,17307972,10370552,10710852,17233648,,20049540,14640828,15081952,21197636,,1980,1980,1980,1980,,11426124,12336348,12532528,11036028
6290,1,1966,37,0,1860,0,60725356,56066056,71419708,7920,46836468,,12931548,18375452,17737212,11681144,,17198604,10520780,10869852,17476820,,19940200,14794060,15244284,21441164,,1980,1980,1980,1980,,11534904,12163788,12349148,10788628
6294,1,1967,33,0,1861,0,60692412,56153560,71506552,7920,46864996,,12791512,18204956,17865824,11830120,,17352160,10737048,10740972,17323380,,20093800,15009204,15115816,21287732,,1980,1980,1980,1980,,11368428,12058588,12492852,10945128
6297,1,1968,34,0,1862,0,60849396,55951088,71306300,7920,47006616,,12915576,18384516,17666064,11883240,,17228324,10538180,10926232,17258352,,19969972,14810756,15302844,21222728,,1980,1980,1980,1980,,11502632,12232972,12274412,10996600
6301,1,1969,35,0,1863,0,60418580,56391936,71744312,7920,46519488,,12959844,18107980,17459212,11891544,,17161964,10818196,11141360,17270416,,19903656,15087592,15518252,21234812,,1980,1980,1980,1980,,11541316,11927672,12050552,10999948
6304,1,1970,33,0,1864,0,60973624,55799680,71153136,7920,47125740,,12978172,18354148,17742032,11899272,,17144856,10568576,10844664,17241584,,19886552,14838504,15222080,21206000,,1980,1980,1980,1980,,11558576,12197196,12360684,11009284
6308,1,1971,33,0,1865,0,61147824,55621276,70974348,7920,47349024,,12995228,18443336,17782780,11926480,,17114368,10460828,10829920,17216160,,19856076,14731076,15207364,21179832,,1980,1980,1980,1980,,11575696,12277612,12464336,11031380
6312,1,1972,33,0,1866,0,60769072,55593552,70945712,7920,47406596,,12998912,18465484,17805880,11498796,,17120764,10455216,10795224,17222348,,19862476,14725888,15172992,21184356,,1980,1980,1980,1980,,11587984,12296260,12483664,11038688
6315,1,1973,33,0,1867,0,59459312,56051628,71397360,7920,46906712,,12496672,18038468,17405476,11518696,,17638256,10453652,10760280,17199440,,20379292,14723924,15138564,21155580,,1980,1980,1980,1980,,11028052,12312608,12512992,11053060
6319,1,1974,32,0,1868,0,59337216,57033952,72382896,7920,45942904,,12411612,18483472,17087396,11354736,,17705532,10427280,11524784,17376356,,20445972,14697096,15903492,21336336,,1980,1980,1980,1980,,10980444,12330256,11777304,10854900
6323,1,1975,28,0,1869,0,59164036,57264968,72611972,7920,45742272,,12017604,18072656,17595652,11478124,,18125372,10863224,10993224,17283148,,20863432,15134436,15371148,21242956,,1980,1980,1980,1980,,10599820,11944816,12208760,10988876
6327,0,1976,27,0,1870,0,60305736,56522472,71868796,7920,46453996,,12417544,18350860,17759688,11777644,,17748424,10574756,10836792,17362500,,20486296,14846524,15214876,21321100,,1980,1980,1980,1980,,11045564,12194752,12383576,10830104
6330,1,1977,26,0,1871,0,60784524,56012144,71359740,7920,46929028,,12623500,18461972,17817192,11881860,,17537532,10455536,10761388,17257688,,20275408,14727768,15140252,21216312,,1980,1980,1980,1980,,11259332,12275764,12446304,10947628
6334,1,1978,26,0,1872,0,60571248,56199836,71549992,7920,46700616,,12709120,18452048,17501296,11908784,,17423088,10464464,11078628,17233656,,20161028,14739244,15457380,21192340,,1980,1980,1980,1980,,11338300,12290076,12097040,10975200
6337,1,1979,26,0,1873,0,60362844,55995296,71350072,7920,46972628,,12714212,18465780,17744868,11437984,,17422236,10437168,10835732,17300160,,20160184,14712300,15214808,21262780,,1980,1980,1980,1980,,11342632,12296204,12341836,10991956
6341,1,1980,28,0,1874,0,60472980,55897564,71254932,7920,47085524,,12722712,18486236,17822564,11441468,,17428524,10421636,10759304,17288100,,20166520,14699184,15138492,21250736,,1980,1980,1980,1980,,11351456,12319188,12418876,10996004
6344,1,1981,28,0,1875,0,60568312,56218276,71576480,7920,46744140,,12731680,18540060,17850504,11446068,,17424880,10372448,10729744,17691204,,20162920,14651488,15109284,21652788,,1980,1980,1980,1980,,11359944,12328456,12447864,10607876
6348,0,1982,30,0,1876,0,60294156,56514204,71875232,7920,46336292,,12325952,18626068,17612848,11729288,,17819644,10278100,10987192,17429268,,20557696,14558160,15366968,21392408,,1980,1980,1980,1980,,10982060,12343624,12181132,10829476
6351,1,1983,28,0,1877,0,60922800,55877540,71242520,7920,46919604,,12642164,18648404,17795308,11836924,,17520900,10247344,10800084,17309212,,20258592,14528996,15180528,21274404,,1980,1980,1980,1980,,11235900,12361240,12374524,10947940
6355,1,1984,31,0,1878,0,61102236,55660256,71025528,7920,47120508,,12724640,18637076,17860888,11879632,,17419996,10272496,10702712,17265052,,20157688,14554224,15083332,21230284,,1980,1980,1980,1980,,11322484,12371220,12438200,10988604
6359,1,1985,31,0,1879,0,60732436,55605112,70971248,7920,47188420,,12749056,18209368,17885520,11888492,,17383484,10280948,10686424,17254256,,20121264,14563112,15067372,21219500,,1980,1980,1980,1980,,11340100,12387896,12461376,10999048
6362,1,1986,32,0,1880,0,60984988,55750980,71117520,7920,46984984,,12756104,18426172,17897664,11905048,,17365912,10489684,10662540,17232844,,20103736,14771592,15044088,21198104,,1980,1980,1980,1980,,11354748,12144404,12474188,11011644
6365,1,1987,31,0,1881,0,60746456,55585964,70953084,7920,47190056,,12775476,18581004,17470536,11919440,,17362768,10341040,10663136,17219020,,20100620,14623276,15044880,21184308,,1980,1980,1980,1980,,11370816,12310000,12487048,11022192
6369,1,1988,31,0,1882,0,60504688,55876992,71245068,7920,46983216,,12786356,18651000,17419052,11648280,,17357120,10253620,10761128,17505124,,20094996,14536812,15142880,21470380,,1980,1980,1980,1980,,11381236,12370892,12502936,10728152
6372,1,1989,31,0,1883,0,61181968,55608188,70975088,7920,47227764,,12786604,18687152,17886068,11822144,,17349364,10213836,10720076,17324912,,20087252,14497480,15100168,21290188,,1980,1980,1980,1980,,11387452,12397204,12518384,10924724
6376,1,1990,32,0,1884,0,60632164,55723844,71088644,7920,47078544,,12812048,18693976,17227344,11898796,,17340192,10210072,10936960,17236620,,20078136,14494328,15317588,21198592,,1980,1980,1980,1980,,11404716,12417300,12263932,10992596
6379,1,1991,32,0,1885,0,60917876,55872440,71233600,7920,46887572,,12828780,18351484,17825176,11912436,,17302692,10554700,10781556,17233492,,20040644,14837616,15160000,21195340,,1980,1980,1980,1980,,11420880,12043788,12423692,10999212
6383,1,1992,29,0,1886,0,60414184,55949440,71308740,7920,46801168,,12694692,18354436,17889440,11475616,,17450360,10555644,10701280,17242156,,20188248,14837928,15080732,21201832,,1980,1980,1980,1980,,11271112,12035968,12488800,11005288
6386,1,1993,29,0,1887,0,60411712,55988924,71359300,7920,46811576,,12757428,18574344,17596492,11483448,,17404712,10333400,11012192,17238620,,20142564,14619424,15394452,21202860,,1980,1980,1980,1980,,11376764,12259016,12159172,11016624
6390,1,1994,32,0,1888,0,60323848,55597724,70968292,7920,47180568,,12788432,18673324,17794404,11067688,,17358768,10214104,10805520,17219332,,20096644,14500980,15188280,21182388,,1980,1980,1980,1980,,11408076,12361608,12375852,11035032
6393,1,1995,33,0,1889,0,60455020,55874824,71244624,7920,46907792,,12800340,18700864,17451420,11502396,,17346612,10204372,11132260,17191580,,20084508,14491696,15514864,21153556,,1980,1980,1980,1980,,11415832,12382412,12067912,11041636
6397,1,1996,32,0,1890,0,60565848,56215236,71589120,7920,46551192,,12813860,18720536,17762216,11269236,,17330776,10175516,10827456,17881488,,20068688,14463364,15210288,21846780,,1980,1980,1980,1980,,11428392,12397160,12310912,10414728
6400,1,1997,31,0,1891,0,61067584,55693400,71068080,7920,47011820,,12834796,18730348,17833908,11668532,,17314116,10167500,10728600,17483184,,20052036,14455788,15111600,21448656,,1980,1980,1980,1980,,11446904,12410204,12397796,10756916
6404,1,1998,31,0,1892,0,61255936,55507972,70883320,7920,47215456,,12838360,18749340,17846636,11821600,,17326460,10134632,10730228,17316652,,20064396,14423204,15113584,21282136,,1980,1980,1980,1980,,11451488,12433152,12415020,10915796
6407,1,1999,32,0,1893,0,61379624,55396000,70773132,7920,47301156,,12873752,18800908,17845976,11858988,,17294544,10094076,10721120,17286260,,20032860,14383752,15104728,21251792,,1980,1980,1980,1980,,11472772,12457144,12417552,10953688
6411,1,2000,32,0,1894,0,60518456,55839980,71214472,7920,46842984,,12594308,18376772,17678708,11868668,,17567100,10089700,10908468,17274712,,20304368,14378384,15291468,21240252,,1980,1980,1980,1980,,11189172,12470348,12218852,10964612
6415,0,2001,29,0,1895,0,60599220,55790560,71165984,7920,46992672,,12788008,18147436,17794724,11869052,,17377480,10340532,10800048,17272500,,20114756,14629548,15183636,21238044,,1980,1980,1980,1980,,11388524,12290320,12345440,10968388
6418,1,2002,28,0,1896,0,61096716,55660540,71034292,7920,47052416,,12860132,18513940,17835156,11887488,,17284728,10388584,10737396,17249832,,20022008,14677828,15121520,21212936,,1980,1980,1980,1980,,11464552,12217432,12382792,10987640
6422,1,2003,29,0,1897,0,60522184,55815640,71189812,7920,46864248,,12556776,18647396,17407056,11910956,,17590000,10260416,10737492,17227732,,20327348,14549828,15121988,21190648,,1980,1980,1980,1980,,11125176,12358336,12389396,10991340
6425,1,2004,30,0,1898,0,60999280,55749808,71124892,7920,46895484,,12776524,18689152,17616204,11917400,,17367948,10210332,10944588,17226940,,20105292,14500240,15329724,21189636,,1980,1980,1980,1980,,11357948,12395856,12148164,10993516
6429,1,2005,29,0,1899,0,61183020,55590988,70969412,7920,47161632,,12865300,18708920,17683484,11925316,,17268756,10184928,10910888,17226416,,20007328,14475180,15296000,21190904,,1980,1980,1980,1980,,11443916,12414784,12301588,11001344
6432,1,2006,30,0,1900,0,61262952,55512100,70892520,7920,47232848,,12879680,18714540,17746664,11922068,,17270384,10183208,10845732,17212776,,20010252,14473860,15231140,21177268,,1980,1980,1980,1980,,11456376,12420952,12354084,11001436
6436,1,2007,31,0,1901,0,60879484,55480636,70864152,7920,47297264,,12885712,18311320,17763572,11918880,,17242804,10175788,10850220,17211824,,19982700,14467588,15237528,21176336,,1980,1980,1980,1980,,11466396,12440148,12386768,11003952
6439,1,2008,33,0,1902,0,60146556,56244108,71620980,7920,46534364,,12746552,17894756,17771256,11733992,,17396452,10581032,10844860,17421764,,20135396,14865504,15232656,21387424,,1980,1980,1980,1980,,11297628,12060108,12389084,10787544
6443,1,2009,31,0,1903,0,61101500,55666012,71048432,7920,47063884,,12860460,18603600,17780092,11857348,,17276244,10291076,10819168,17279524,,20015212,14580796,15207224,21245200,,1980,1980,1980,1980,,11423752,12316568,12397056,10926508
6446,1,2010,30,0,1904,0,60603544,56144068,71524996,7920,46610576,,12430848,18487328,17784576,11900792,,17717504,10386848,10815376,17224340,,20455464,14675888,15203572,21190072,,1980,1980,1980,1980,,11064004,12175976,12409272,10961324
6450,1,2011,29,0,1905,0,59988904,56347136,71728596,7920,46328648,,12751776,18328832,17363848,11544448,,17378908,10561016,10820904,17586308,,20116696,14852696,15207260,21551944,,1980,1980,1980,1980,,11324956,11998784,12411748,10593160
6453,1,2012,30,0,1906,0,60573136,55722160,71104216,7920,46935624,,12836176,18563644,17375220,11798096,,17293124,10299876,10795512,17333648,,20030932,14591964,15181964,21299356,,1980,1980,1980,1980,,11425832,12233868,12423944,10851980
6457,1,2013,30,0,1907,0,60716464,55621784,71004276,7920,47134568,,12859920,18646772,17394608,11815164,,17270824,10216580,10784332,17350048,,20008652,14509000,15170984,21315640,,1980,1980,1980,1980,,11446376,12319792,12447092,10921308
6461,0,2014,30,0,1908,0,60045864,56314136,71691016,7920,46478928,,12582928,18661808,17399500,11401628,,17561784,10203020,11213536,17335796,,20298412,14495820,15600400,21296384,,1980,1980,1980,1980,,11149508,12336952,12062288,10930180
6464,1,2015,28,0,1909,0,60526820,55814072,71194392,7920,46911136,,12758920,18671028,17694116,11402756,,17386404,10189688,10916116,17321864,,20123040,14482736,15306156,21282460,,1980,1980,1980,1980,,11334068,12347656,12296936,10932476
6467,1,2016,28,0,1910,0,60393372,55936172,71322824,7920,46722592,,12832640,18358412,17782760,11419560,,17313304,10520772,10803668,17298428,,20050708,14814572,15193956,21263588,,1980,1980,1980,1980,,11403956,11971828,12399204,10947604
6471,1,2017,29,0,1911,0,60718492,55629720,71017432,7920,47019524,,12844536,18639220,17809868,11424868,,17292100,10247744,10782348,17307528,,20029520,14542212,15173008,21272692,,1980,1980,1980,1980,,11417956,12224696,12419500,10957372
6474,1,2018,29,0,1912,0,60924156,55856920,71237376,7920,46886108,,12845620,18619640,17818716,11640180,,17287072,10270008,10775532,17524308,,20024504,14557608,15166476,21488788,,1980,1980,1980,1980,,11424252,12312928,12427732,10721196
6478,1,2019,28,0,1913,0,61130364,55648516,71030828,7920,47093252,,12854356,18653304,17838816,11783888,,17278960,10239044,10752160,17378352,,20016404,14528076,15143504,21342844,,1980,1980,1980,1980,,11432508,12335460,12446472,10878812
6481,1,2020,27,0,1914,0,60737200,56071760,71460508,7920,46623204,,12575392,18468024,17843556,11850228,,17554880,10454732,10755036,17307112,,20292348,14749636,15146884,21271640,,1980,1980,1980,1980,,11124076,12125232,12449084,10924812
6485,1,2021,26,0,1915,0,60644660,56138264,71527928,7920,46598168,,12768060,18615924,17412280,11848396,,17366356,10305240,11175012,17291656,,20103836,14600664,15567212,21256216,,1980,1980,1980,1980,,11326248,12276348,12068424,10927148
6488,1,2022,26,0,1916,0,61121256,55675208,71066256,7920,47007944,,12853320,18690152,17708096,11869688,,17277168,10217680,10894040,17286320,,20014788,14513604,15286596,21251268,,1980,1980,1980,1980,,11408368,12331440,12321860,10946276
6492,1,2023,30,0,1917,0,61217492,55550956,70943664,7920,47134932,,12856220,18695736,17788944,11876592,,17270476,10192000,10813780,17274700,,20008128,14488156,15206440,21240940,,1980,1980,1980,1980,,11412272,12352108,12413728,10956824
6495,1,2024,31,0,1918,0,61283900,55499368,70894828,7920,47190672,,12879852,18711452,17809152,11883444,,17248504,10196996,10794240,17259628,,19986204,14493988,15188760,21225876,,1980,1980,1980,1980,,11424164,12363360,12440348,10962800
6499,0,2025,33,0,1919,0,61105880,55629984,71025300,7920,46986324,,12909720,18720844,17578052,11897264,,17207624,10169996,11005092,17247272,,19945356,14467128,15399276,21213540,,1980,1980,1980,1980,,11448876,12371900,12188672,10976876
6502,1,2026,32,0,1920,0,61287560,55468016,70863896,7920,47191872,,12903572,18735004,17745952,11903032,,17216828,10166600,10841276,17243312,,19954564,14463924,15235816,21209592,,1980,1980,1980,1980,,11453360,12386316,12358920,10993276
6505,1,2027,33,0,1921,0,61338732,55450952,70850456,7920,47297488,,12872108,18737856,17815112,11913656,,17277900,10149808,10780516,17242728,,20018912,14447304,15175216,21209024,,1980,1980,1980,1980,,11479276,12394892,12423744,10999576
6509,1,2028,35,0,1922,0,61413844,55387812,70789764,7920,47387084,,12890828,18753848,17829936,11939232,,17256248,10150172,10763516,17217876,,19997784,14446816,15159612,21185552,,1980,1980,1980,1980,,11502784,12410316,12441048,11032936
6512,1,2029,37,0,1923,0,60462792,55451464,70851496,7920,47258512,,12911584,17899144,17846160,11805904,,17246020,10142144,10720472,17342828,,19987584,14436280,15116028,21311604,,1980,1980,1980,1980,,11513632,12424544,12458860,10861476
6516,1,2030,35,0,1924,0,60092148,55850452,71249180,7920,46881720,,12647248,17720400,17851000,11873500,,17509656,10313144,10734672,17292980,,20250520,14606652,15130704,21261304,,1980,1980,1980,1980,,11227436,12207604,12471828,10974852
6519,1,2031,33,0,1925,0,59728172,56638080,72039456,7920,46038372,,12111372,18080376,17621404,11915020,,18035344,10372360,10978404,17251972,,20778012,14666008,15375112,21220324,,1980,1980,1980,1980,,10698832,12116672,12208880,11013988
6523,1,2032,30,0,1926,0,60577244,56179332,71586560,7920,46448920,,12582380,18259852,17810076,11924936,,17551088,10623436,10779464,17225344,,20292496,14924212,15176596,21193256,,1980,1980,1980,1980,,11138112,11897060,12387536,11026212
6527,1,2033,32,0,1927,0,61207452,55534000,70943112,7920,47033548,,12781984,18594268,17898692,11932508,,17355444,10273320,10671564,17233672,,20096892,14575152,15069472,21201596,,1980,1980,1980,1980,,11342260,12186708,12470476,11034104
6530,1,2034,32,0,1928,0,60956188,55339280,70746064,7920,47224844,,12846720,18672800,17915920,11520748,,17278280,10191564,10647188,17222248,,20019760,14493688,15044904,21187712,,1980,1980,1980,1980,,11406136,12273752,12488488,11056468
6534,1,2035,32,0,1929,0,60944820,55382816,70790220,7920,47266524,,12849004,18616948,17954800,11524068,,17276704,10283248,10612672,17210192,,20018224,14585296,15010724,21175976,,1980,1980,1980,1980,,11413136,12288928,12494888,11069572
6537,1,2036,33,0,1930,0,60739348,55573032,70983332,7920,47009956,,12864652,18624220,17990364,11260112,,17264104,10262392,10576820,17469716,,20005636,14564800,14977276,21435620,,1980,1980,1980,1980,,11424824,12295504,12507812,10781816
6541,0,2037,32,0,1931,0,60962948,55785492,71199004,7920,46762860,,12870556,18632336,17860684,11599372,,17262308,10273940,10701556,17547688,,20003856,14576536,15101288,21517324,,1980,1980,1980,1980,,11429104,12298404,12354704,10680648
6544,1,2038,31,0,1932,0,61058568,55689220,71103788,7920,46840548,,12882488,18650820,17950100,11575160,,17249232,10260012,10629884,17550092,,19990816,14563140,15030104,21519728,,1980,1980,1980,1980,,11441532,12311200,12450004,10637812
6548,0,2039,31,0,1933,0,61375664,55350692,70765940,7920,47147896,,12906252,18662388,18006360,11800664,,17216924,10240104,10575880,17317784,,19958540,14543512,14976408,21287480,,1980,1980,1980,1980,,11466200,12315792,12497520,10868384
6551,1,2040,31,0,1934,0,61053052,55248784,70662536,7920,47275232,,12918180,18660488,17555980,11918404,,17205096,10237616,10598164,17207908,,19946716,14541376,14996812,21177632,,1980,1980,1980,1980,,11477272,12320600,12508112,10969248
6555,1,2041,31,0,1935,0,61082772,55246568,70657964,7920,47327392,,12924556,18665892,17569060,11923264,,17203776,10242980,10602992,17196820,,19945392,14547332,14998668,21166572,,1980,1980,1980,1980,,11491240,12335496,12518308,10982348
6558,1,2042,30,0,1936,0,61381276,55344564,70753804,7920,47157380,,12766500,18677784,18005252,11931740,,17363600,10212280,10581132,17187552,,20104036,14516932,14975520,21157316,,1980,1980,1980,1980,,11295856,12344296,12530736,10986492
6562,0,2043,30,0,1937,0,61502396,55206656,70616092,7920,47309484,,12879148,18679476,17993764,11950008,,17243540,10204444,10580132,17178540,,19983988,14509336,14974412,21148356,,1980,1980,1980,1980,,11420508,12346408,12535084,11007484
6565,1,2044,33,0,1938,0,61091296,55640044,71050232,7920,47001936,,12860192,18691408,17572212,11967484,,17289360,10195924,10999136,17155624,,20030464,14500992,15392896,21125880,,1980,1980,1980,1980,,11465636,12361432,12154356,11020512
6569,1,2045,34,0,1939,0,60441464,55882608,71298128,7920,46682628,,12567216,18289724,17620372,11964152,,17582920,10196732,10955740,17147216,,20323380,14499980,15357280,21117488,,1980,1980,1980,1980,,11147824,12369644,12130728,11034432
6572,1,2046,33,0,1940,0,60655856,55626708,71044204,7920,46883372,,12775604,18289932,17582384,12007936,,17368180,10184244,10973608,17100676,,20109316,14487660,15374524,21072704,,1980,1980,1980,1980,,11370676,12372132,12074852,11065712
6576,1,2047,32,0,1941,0,60142704,55754588,71168400,7920,46786116,,12706716,17627472,17826856,11981660,,17438164,10417080,10729708,17169636,,20179316,14716348,15131120,21141616,,1980,1980,1980,1980,,11270356,12118604,12323480,11073676
6580,1,2048,30,0,1942,0,59839920,55610336,71021504,7920,46917632,,12807012,17975476,17920876,11136556,,17325108,10490348,10631676,17163204,,20066288,14791216,15033300,21130700,,1980,1980,1980,1980,,11382704,12032964,12408192,11093772
6584,1,2049,30,0,1943,0,60218412,55673144,71087040,7920,46848440,,12843404,18167624,17921800,11285584,,17298028,10296664,10628776,17449676,,20039240,14597800,15030740,21419260,,1980,1980,1980,1980,,11416028,12230968,12414372,10787072
6587,1,2050,29,0,1944,0,60711620,55544504,70959708,7920,46880220,,12860000,18411036,17942716,11497868,,17269756,10468352,10597124,17209272,,20011116,14770084,14999356,21179152,,1980,1980,1980,1980,,11428924,12022752,12431060,10997484
6591,1,2051,30,0,1945,0,61098528,55627568,71050864,7920,46825804,,12871552,18563188,17946156,11717632,,17261516,10304028,10628088,17433936,,20003000,14610844,15030784,21406236,,1980,1980,1980,1980,,11443948,12188956,12431724,10761176
6594,1,2052,30,0,1946,0,60900496,55837184,71262148,7920,46734772,,12448556,18569832,17949416,11932692,,17677772,10332716,10612784,17213912,,20419996,14640056,15015756,21186340,,1980,1980,1980,1980,,11066684,12252436,12432400,10983252
6598,1,2053,31,0,1947,0,61227344,55503824,70933724,7920,47006344,,12661952,18587760,17956876,12020756,,17480004,10313228,10597184,17113408,,20222740,14622456,15001164,21087364,,1980,1980,1980,1980,,11236872,12265304,12440180,11063988
6602,1,2054,32,0,1948,0,61264060,55450488,70880544,7920,47019572,,12673000,18603036,17956748,12031276,,17458264,10291636,10597512,17103076,,20200604,14600972,15002124,21076844,,1980,1980,1980,1980,,11204560,12281320,12446192,11087500
6605,1,2055,34,0,1949,0,61050036,55674876,71100228,7920,46832844,,12811940,18624912,17972136,11641048,,17314728,10265748,10587092,17507308,,20057092,14574048,14992236,21476852,,1980,1980,1980,1980,,11353932,12310400,12459804,10708708
6609,1,2056,33,0,1950,0,61182628,55564028,71000276,7920,46946776,,12858168,18439404,17954412,11930644,,17260972,10457228,10625480,17220348,,20003376,14773360,15033740,21189800,,1980,1980,1980,1980,,11396096,12106888,12486156,10957636
6612,1,2057,34,0,1951,0,60795492,55481352,70916736,7920,46984052,,12865988,18584444,17541900,11803160,,17252416,10305000,10602964,17320972,,19994836,14621416,15011256,21289228,,1980,1980,1980,1980,,11404432,12263776,12495752,10820092
6616,1,2058,33,0,1952,0,60615196,55211600,70645856,7920,47240572,,12889516,18651372,17555564,11518744,,17226336,10222496,10590188,17172580,,19968952,14539708,14998648,21138548,,1980,1980,1980,1980,,11427520,12316624,12520564,10975864
6619,1,2059,33,0,1953,0,60315640,55920780,71355392,7920,46567944,,12899524,18673556,17586448,11156112,,17223296,10195544,10979212,17522728,,19965972,14512920,15388352,21488148,,1980,1980,1980,1980,,11435720,12339456,12153680,10639088
6623,1,2060,32,0,1954,0,61090288,55621984,71062984,7920,46791204,,12909092,18675616,17883904,11621676,,17221920,10194596,10698560,17506908,,19964664,14512160,15108396,21477764,,1980,1980,1980,1980,,11448408,12348192,12387056,10607548
6626,1,2061,31,0,1955,0,61179752,55498216,70939328,7920,46957572,,12664204,18694564,17986756,11834228,,17482092,10172740,10580568,17262816,,20224532,14490556,14990552,21233688,,1980,1980,1980,1980,,11245964,12368708,12502196,10840704
6630,1,2062,33,0,1956,0,61308024,55387212,70830932,7920,47065704,,12813196,18721424,17851352,11922052,,17340012,10169000,10713556,17164644,,20084908,14485328,15125156,21135540,,1980,1980,1980,1980,,11411064,12389012,12331652,10933976
6634,0,2063,36,0,1957,0,61548496,55170340,70616532,7920,47269992,,12867752,18749464,17985568,11945712,,17275052,10128912,10594924,17171452,,20021820,14443684,15007908,21143120,,1980,1980,1980,1980,,11450988,12408872,12460496,10949636
6637,1,2064,38,0,1958,0,61108244,55192504,70638284,7920,47362204,,12892540,18767888,17583744,11864072,,17245596,10106964,10545044,17294900,,19992444,14421748,14957724,21266368,,1980,1980,1980,1980,,11476664,12425760,12506812,10952968
6641,1,2065,38,0,1959,0,61206536,55084472,70532344,7920,47451580,,12927328,18780444,17618828,11879936,,17201420,10088720,10519308,17275024,,19948260,14403848,14933724,21246512,,1980,1980,1980,1980,,11513512,12436384,12532188,10969496
6644,1,2066,39,0,1960,0,60840844,55011824,70459252,7920,47517292,,12940984,18372352,17632292,11895216,,17189708,10075388,10496984,17249744,,19936596,14389656,14911764,21221236,,1980,1980,1980,1980,,11526640,12458352,12546384,10985916
6648,1,2067,38,0,1961,0,60115612,55739552,71188584,7920,46705900,,12733220,17733560,17748680,11900152,,17401128,10290412,10801216,17246796,,20146812,14606272,15217192,21218308,,1980,1980,1980,1980,,11280492,12221080,12214012,10990316
6651,1,2068,36,0,1962,0,61126044,55145604,70597252,7920,47331040,,12915260,18304452,18005420,11900912,,17230560,10126664,10540324,17248056,,19978280,14442516,14956884,21219572,,1980,1980,1980,1980,,11479712,12386160,12468516,10996652
6655,1,2069,37,0,1963,0,61349632,54929412,70384352,7920,47573612,,12989596,18329576,18098004,11932456,,17145032,10125468,10437028,17221884,,19894168,14441752,14853736,21194696,,1980,1980,1980,1980,,11558944,12441052,12549456,11024160
6658,1,2070,36,0,1964,0,60882616,55412944,70869648,7920,47007596,,12884572,18206792,17842916,11948336,,17232380,10263436,10714380,17202748,,19981464,14580992,15131624,21175568,,1980,1980,1980,1980,,11419188,12281448,12275180,11031780
6662,1,2071,36,0,1965,0,61257060,55003088,70459768,7920,47407520,,12976808,18728072,18029356,11522824,,17132052,10160064,10515320,17195652,,19881164,14477792,14933072,21167740,,1980,1980,1980,1980,,11522400,12370100,12475652,11039368
6665,1,2072,36,0,1966,0,60567272,55678552,71140988,7920,46794240,,13005320,17916644,18110340,11534968,,17093600,10966580,10429960,17188412,,19842736,15289532,14848204,21160516,,1980,1980,1980,1980,,11548824,11635240,12558168,11052008
6669,1,2073,35,0,1967,0,61409384,55283732,70744728,7920,47090420,,13023528,18464800,18071232,11849824,,17085904,10414636,10485916,17297276,,19835100,14736536,14904176,21268916,,1980,1980,1980,1980,,11564488,12049136,12572172,10904624
6672,1,2074,34,0,1968,0,61714520,54983628,70445240,7920,47421520,,13048292,18650552,18094660,11921016,,17066028,10236988,10462184,17218428,,19815248,14559172,14880744,21190076,,1980,1980,1980,1980,,11591040,12245908,12587356,10997216
6676,1,2075,33,0,1969,0,61621372,55055064,70507732,7920,47296432,,13076644,18508772,18096372,11939584,,17034088,10345580,10460568,17214828,,19783352,14667440,14879676,21177264,,1980,1980,1980,1980,,11611980,12069792,12596260,11018400
6679,1,2076,32,0,1970,0,61026628,55627292,71084056,7920,46644984,,12844892,18647024,17562336,11972376,,17275128,10185132,10999796,17167236,,20023572,14507160,15418636,21134688,,1980,1980,1980,1980,,11369220,12216032,12019300,11040432
6683,1,2077,29,0,1971,0,60540128,56134080,71588384,7920,46251764,,12495212,18684148,17870544,11490224,,17620464,10175744,10695948,17641924,,20366008,14498016,15115048,21609312,,1980,1980,1980,1980,,10989652,12266484,12335796,10659832
6687,1,2078,31,0,1972,0,61053744,55650580,71108932,7920,46746328,,12707772,18684988,18031020,11629964,,17442488,10177600,10528524,17501968,,20187876,14500096,14947860,21473100,,1980,1980,1980,1980,,11311848,12276228,12498288,10659964
6690,1,2079,32,0,1973,0,61130772,55553812,71014252,7920,46819044,,12544868,18700184,18070460,11815260,,17580048,10160116,10500392,17313256,,20325384,14483960,14920480,21284428,,1980,1980,1980,1980,,11120484,12289260,12538564,10870736
6694,1,2080,30,0,1974,0,61322820,55353044,70814740,7920,46993520,,12768392,18720640,17944348,11889440,,17361024,10138168,10622472,17231380,,20106400,14462576,15043176,21202588,,1980,1980,1980,1980,,11355736,12304512,12385116,10948156
6698,1,2081,30,0,1975,0,61472340,55220108,70682020,7920,47193148,,12832692,18737352,18041204,11861092,,17305240,10102596,10512280,17299992,,20050632,14427204,14933060,21271124,,1980,1980,1980,1980,,11418116,12320568,12489720,10964744
6701,1,2082,30,0,1976,0,60697128,55991340,71461628,7920,46484120,,12409308,18325264,18088488,11874068,,17717968,10546600,10448728,17278044,,20467464,14870172,14873944,21250048,,1980,1980,1980,1980,,11035380,11943104,12533700,10971936
6705,1,2083,30,0,1977,0,61176372,55527004,70998296,7920,46796036,,12734504,18653192,17919688,11868988,,17403160,10200660,10642304,17280880,,20151564,14527004,15066828,21252900,,1980,1980,1980,1980,,11281908,12190744,12344000,10979384
6708,1,2084,29,0,1978,0,61268116,55425768,70899048,7920,46893368,,12815168,18744040,17808628,11900280,,17318424,10103024,10744680,17259640,,20066856,14429544,15169644,21233004,,1980,1980,1980,1980,,11378152,12297836,12217160,11000220
6712,1,2085,29,0,1979,0,61024212,55212672,70686040,7920,47116188,,12827276,18751292,17978368,11467276,,17309256,10087956,10565756,17249704,,20057712,14414696,14991084,21222548,,1980,1980,1980,1980,,11393240,12311436,12397392,11014120
6715,1,2086,29,0,1980,0,61043396,55224176,70697608,7920,47214820,,12840644,18679808,18046416,11476528,,17303880,10211292,10479556,17229448,,20052336,14537924,14905040,21202308,,1980,1980,1980,1980,,11403976,12330004,12460544,11020296
6719,1,2087,30,0,1981,0,61123096,55593860,71066568,7920,46888364,,12857708,18699156,18068564,11497668,,17295316,10188468,10463016,17647060,,20043836,14515536,14888872,21618324,,1980,1980,1980,1980,,11422756,12338232,12486344,10641032
6722,1,2088,30,0,1982,0,61470868,55229708,70702056,7920,47162192,,12863180,18705216,18087028,11815444,,17282824,10180760,10438916,17327208,,20031352,14507976,14865324,21297404,,1980,1980,1980,1980,,11427048,12342632,12502500,10890012
6726,0,2089,30,0,1983,0,60920544,55348448,70820444,7920,47005492,,12599364,18745116,18087600,11488464,,17541144,10140624,10424024,17242656,,20288904,14469484,14850976,21211080,,1980,1980,1980,1980,,11137324,12374812,12507832,10985524
6729,1,2090,32,0,1984,0,61290780,55419040,70890488,7920,47013640,,12791080,18761768,18042604,11695328,,17327840,10122504,10524636,17444060,,20075624,14450132,14952276,21412456,,1980,1980,1980,1980,,11337332,12381920,12549288,10745100
6733,1,2091,32,0,1985,0,61161364,55505632,70975868,7920,46906296,,12465872,18760956,18071068,11863468,,17658964,10094872,10495756,17256040,,20406704,14421004,14923708,21224452,,1980,1980,1980,1980,,11023324,12387724,12571980,10923268
6736,1,2092,30,0,1986,0,60957336,55295384,70763044,7920,47050388,,12768760,18196964,18077168,11914444,,17351620,10253352,10494060,17196352,,20099468,14578304,14920484,21164788,,1980,1980,1980,1980,,11276020,12227580,12574564,10972224
6740,1,2093,29,0,1987,0,60372008,55878904,71347832,7920,46415444,,12830740,18166508,17451592,11923168,,17294024,10709464,10674016,17201400,,20041876,15034892,15101220,21169844,,1980,1980,1980,1980,,11360812,11723660,12354968,10976004
6744,1,2094,28,0,1988,0,60802696,55478504,70947572,7920,46965360,,12787920,18497924,17594052,11922800,,17375316,10356712,10538180,17208296,,20123096,14682216,14965504,21176756,,1980,1980,1980,1980,,11384716,12079136,12511024,10990484
6747,1,2095,28,0,1989,0,61031396,55214364,70693884,7920,47195520,,12798116,18667512,17633296,11932472,,17363512,10178476,10482484,17189892,,20111296,14509196,14910224,21163168,,1980,1980,1980,1980,,11397044,12242636,12553904,11001936
6751,1,2096,30,0,1990,0,60237048,55154404,70633072,7920,47251268,,12806828,18704316,17218132,11507772,,17346424,10147824,10478768,17181388,,20094232,14478752,14906152,21153936,,1980,1980,1980,1980,,11403520,12272656,12567792,11007300
6755,0,2097,30,0,1991,0,59829756,55570476,71047756,7920,46901932,,12395780,18728052,17224792,11481132,,17746464,10131096,10465244,17227672,,20494252,14462732,14893148,21197624,,1980,1980,1980,1980,,11034644,12284148,12568380,11014760
6758,1,2098,31,0,1992,0,60207468,55637344,71111868,7920,46822600,,12713912,18748096,17254124,11491336,,17428316,10100936,10884700,17223392,,20176168,14433256,15310628,21191816,,1980,1980,1980,1980,,11272528,12308932,12217596,11023544
6762,0,2099,31,0,1993,0,60234252,56030484,71513852,7920,46357492,,12784872,18760604,17554176,11134600,,17359612,10085828,11010204,17574840,,20107476,14418424,15439856,21548096,,1980,1980,1980,1980,,11372732,12315404,12028712,10640644
6765,1,2100,29,0,1994,0,61060676,55599308,71084016,7920,46726884,,12807064,18796820,17880604,11576188,,17345104,10047936,10660840,17545428,,20092988,14381760,15090592,21518676,,1980,1980,1980,1980,,11397176,12351020,12332740,10645948
6769,1,2101,31,0,1995,0,61421324,55234364,70720952,7920,47092436,,12822464,18811760,18010524,11776576,,17304236,10032720,10533676,17363732,,20053356,14366700,14963908,21336988,,1980,1980,1980,1980,,11408704,12367520,12462632,10853580
6772,1,2102,31,0,1996,0,61550444,55098132,70585268,7920,47220720,,12836308,18817460,18050380,11846296,,17292932,10030236,10504268,17270696,,20042068,14364400,14934820,21243980,,1980,1980,1980,1980,,11424476,12373548,12500712,10921984
6776,1,2103,31,0,1997,0,61567264,55088436,70575780,7920,47295940,,12845948,18796292,18058036,11866988,,17281064,10073184,10471668,17262520,,20030208,14407344,14902356,21235872,,1980,1980,1980,1980,,11437068,12406448,12511252,10941172
6779,1,2104,33,0,1998,0,61287204,55381740,70871572,7920,46977084,,12857772,18817152,17732060,11880220,,17270424,10043208,10808548,17259560,,20019580,14379492,15239572,21232928,,1980,1980,1980,1980,,11447600,12422408,12159584,10947492
6783,1,2105,32,0,1999,0,61149584,55057184,70550552,7920,47277160,,12895392,18848972,17524660,11880560,,17236452,10020952,10562540,17237240,,19986808,14359100,14993980,21210664,,1980,1980,1980,1980,,11477412,12445844,12400640,10953264
6786,1,2106,34,0,2000,0,60586616,55199316,70692204,7920,47120204,,12646604,18427892,17599492,11912628,,17487704,10003968,10498476,17209168,,20238424,14340640,14930516,21182624,,1980,1980,1980,1980,,11204732,12462228,12477320,10975924
6789,1,2107,33,0,2001,0,60734408,55080664,70574324,7920,47348324,,12822796,18439988,17545144,11926480,,17309544,9988400,10583656,17199064,,20060272,14325804,15015720,21172528,,1980,1980,1980,1980,,11393112,12479784,12485116,10990312
6793,1,2108,33,0,2002,0,60852256,55382256,70878408,7920,47070844,,12468628,18461052,17993972,11928604,,17655316,9969788,10561376,17195776,,20406044,14307600,14995512,21169252,,1980,1980,1980,1980,,11077064,12499124,12500108,10994548
6796,1,2109,32,0,2003,0,60843768,55414336,70910640,7920,46987384,,12800952,18093324,18005476,11944016,,17319132,10360508,10558704,17175992,,20069912,14697848,14993404,21149476,,1980,1980,1980,1980,,11332856,12132240,12509200,11013088
6800,1,2110,30,0,2004,0,61261472,55401960,70899072,7920,46914908,,12880108,18567772,17873064,11940528,,17226568,10293092,10692240,17190060,,19977368,14630444,15127708,21163552,,1980,1980,1980,1980,,11431932,12120748,12346616,11015612
6803,1,2111,30,0,2005,0,61597924,55084012,70581380,7920,47286928,,12910008,18776372,17965744,11945800,,17217580,10082288,10593760,17190384,,19968404,14419464,15029616,21163896,,1980,1980,1980,1980,,11458572,12358620,12449980,11019756
6807,1,2112,31,0,2006,0,61682776,54982312,70479000,7920,47422000,,12860208,18870648,17994284,11957636,,17279404,9982128,10553936,17166844,,20030120,14318664,14989852,21140364,,1980,1980,1980,1980,,11460264,12452464,12479520,11029752
6811,0,2113,31,0,2007,0,61512148,55178948,70671716,7920,47209128,,12877364,18666612,18004804,11963368,,17262816,10197900,10548872,17169360,,20013540,14530724,14985472,21141980,,1980,1980,1980,1980,,11470624,12210576,12492828,11035100
6814,1,2114,30,0,2008,0,61243888,55448024,70938180,7920,46997984,,12871964,18816188,17587184,11968552,,17262372,10049956,10978860,17156836,,20013100,14383304,15412548,21129228,,1980,1980,1980,1980,,11473152,12367452,12116560,11040820
6818,1,2115,28,0,2009,0,61015512,55263092,70750944,7920,47139404,,12875016,18874992,17878184,11387320,,17266448,9976020,10669236,17351388,,20017200,14309652,15106456,21317636,,1980,1980,1980,1980,,11478276,12419368,12341960,10899800
6821,1,2116,29,0,2010,0,60623796,55641648,71132384,7920,46749764,,12493868,18457740,17993580,11678608,,17667972,9956388,10547924,17469364,,20420368,14289692,14985464,21436860,,1980,1980,1980,1980,,11112324,12435388,12451412,10750640
6825,1,2117,30,0,2011,0,61217164,55453136,70956232,7920,46899868,,12789304,18587876,18020440,11819544,,17346180,10249372,10526380,17331204,,20098608,14588884,14965268,21303472,,1980,1980,1980,1980,,11382720,12120632,12486672,10909844
6829,0,2118,29,0,2012,0,61320752,55342672,70849020,7920,46987096,,12638624,18791340,18035936,11854852,,17487488,10048324,10519760,17287100,,20239920,14390472,14959228,21259400,,1980,1980,1980,1980,,11203176,12338428,12496372,10949120
6832,1,2119,32,0,2013,0,61583468,55073212,70580040,7920,47268632,,12809516,18861596,18052788,11859568,,17313820,9958876,10516508,17284008,,20066280,14301272,14956172,21256316,,1980,1980,1980,1980,,11386036,12412848,12512308,10957440
6836,1,2120,32,0,2014,0,60530592,55282640,70789540,7920,47097252,,12868156,18164688,17630536,11867212,,17250448,10270840,10487936,17273416,,20002940,14613184,14927680,21245736,,1980,1980,1980,1980,,11438604,12171472,12525352,10961824
6839,1,2121,31,0,2015,0,61164208,55088332,70596412,7920,47301028,,12882156,18334396,18076808,11870848,,17228740,10109604,10481064,17268924,,19981236,14452364,14921560,21241252,,1980,1980,1980,1980,,11455268,12341588,12540284,10963888
6843,1,2122,31,0,2016,0,61053584,55185492,70696232,7920,47154724,,12901896,18398528,17863620,11889540,,17212164,10044200,10685212,17243916,,19964696,14387164,15126048,21218324,,1980,1980,1980,1980,,11478228,12395060,12302952,10978484
6846,1,2123,30,0,2017,0,60905624,55343572,70855368,7920,46996760,,12907172,18404100,18009184,11585168,,17214280,10031916,10543052,17554324,,19966844,14375380,14984416,21528728,,1980,1980,1980,1980,,11483128,12401332,12465460,10646840
6850,1,2124,30,0,2018,0,60729660,55935448,71447268,7920,46544148,,12924136,18408832,17599520,11797172,,17192596,10443124,10952484,17347244,,19945176,14784644,15393880,21323568,,1980,1980,1980,1980,,11499028,12035252,12134172,10875696
6853,1,2125,31,0,2019,0,61002816,55236408,70749312,7920,47110780,,12932412,18280124,17918300,11871980,,17200984,10140504,10641860,17253060,,19953568,14483864,15082456,21229424,,1980,1980,1980,1980,,11507340,12266424,12380660,10956356
6857,1,2126,30,0,2020,0,60763816,55469796,70982988,7920,46819928,,12719940,18368836,17782076,11892964,,17414308,10051060,10767812,17236616,,20165844,14395124,15208972,21213048,,1980,1980,1980,1980,,11268744,12357024,12224992,10969168
6861,1,2127,27,0,2021,0,61169872,55453020,70965888,7920,46789904,,12658132,18681364,17922664,11907712,,17465472,10159624,10609888,17218036,,20216508,14503408,15051480,21194492,,1980,1980,1980,1980,,11197032,12228156,12379136,10985580
6864,1,2128,27,0,2022,0,61402248,55243952,70755688,7920,47098004,,12764804,18747604,17968092,11921748,,17388316,10093080,10570628,17191928,,20139212,14437016,15012488,21166972,,1980,1980,1980,1980,,11373720,12304488,12423252,10996544
6868,1,2129,28,0,2023,0,61510712,55149556,70660452,7920,47195048,,12826256,18766564,17981756,11936136,,17309020,10076796,10568068,17195672,,20059988,14421224,15010280,21168960,,1980,1980,1980,1980,,11426236,12321780,12440036,11006996
6872,0,2130,28,0,2024,0,61554748,55097368,70609064,7920,47246104,,12830284,18782924,17975832,11965708,,17307204,10069496,10559456,17161212,,20058188,14414072,15002212,21134592,,1980,1980,1980,1980,,11434216,12338688,12440772,11032428
6875,1,2131,27,0,2025,0,61151320,55531480,71042588,7920,46827208,,12686360,18800284,17991300,11673376,,17463228,10041528,10543716,17483008,,20213964,14386576,14987304,21454744,,1980,1980,1980,1980,,11259980,12351548,12456544,10759136
6878,1,2132,28,0,2026,0,61033512,55697816,71209672,7920,46753916,,12789208,18801296,17592296,11850712,,17364552,10055760,10972460,17305044,,20115328,14401116,15416436,21276792,,1980,1980,1980,1980,,11373396,12353716,12083840,10942964
6882,1,2133,29,0,2027,0,61490716,55157332,70670612,7920,47148192,,12833816,18828976,17913668,11914256,,17304440,10017804,10615412,17219676,,20055300,14363628,15060248,21191436,,1980,1980,1980,1980,,11421768,12381308,12342804,11002312
6886,1,2134,31,0,2028,0,61592832,55065200,70579928,7920,47260140,,12853952,18829784,17992336,11916760,,17285216,10003844,10541812,17234328,,20036080,14350908,14986836,21206104,,1980,1980,1980,1980,,11437104,12388232,12429920,11004884
6889,1,2135,32,0,2029,0,61682740,54979540,70501308,7920,47345732,,12871228,18852016,18013096,11946400,,17264336,9985752,10524840,17204612,,20015260,14334520,14970384,21181144,,1980,1980,1980,1980,,11457912,12410592,12447416,11029812
6893,1,2136,33,0,2030,0,61528700,55101496,70623880,7920,47258216,,12888028,18811920,18025740,11803012,,17245728,10016416,10502568,17336784,,19996664,14365280,14948428,21313508,,1980,1980,1980,1980,,11478476,12427852,12460176,10891712
6896,1,2137,34,0,2031,0,61650628,54996848,70516544,7920,47388764,,12895132,18826496,18043924,11885076,,17235172,10018044,10488824,17254808,,19986120,14364048,14934836,21231540,,1980,1980,1980,1980,,11486816,12441508,12479120,10981320
6899,1,2138,34,0,2032,0,61292400,54919968,70438080,7920,47463860,,12914020,18848568,18058188,11471624,,17234220,10001884,10463220,17220644,,19985172,14345664,14909840,21197404,,1980,1980,1980,1980,,11507908,12458032,12489832,11008088
6903,1,2139,34,0,2033,0,60543572,55267208,70785576,7920,47061432,,12952188,18269984,18077036,11244364,,17200008,10166864,10440236,17460100,,19951660,14510892,14887188,21435836,,1980,1980,1980,1980,,11539260,12266324,12504884,10750964
6906,1,2140,32,0,2034,0,61242060,55399700,70918492,7920,46875756,,12958292,18581376,18097640,11604752,,17189928,10278168,10416808,17514796,,19941584,14622404,14864236,21490268,,1980,1980,1980,1980,,11545124,12137280,12533948,10659404
6910,1,2141,32,0,2035,0,60337616,56313552,71839080,7920,46144564,,12135444,18350376,18054760,11797036,,17999740,10495012,10500536,17318264,,20752888,14844408,14948040,21293744,,1980,1980,1980,1980,,10795116,11950584,12538416,10860448
6914,1,2142,30,0,2036,0,61296688,55338916,70862864,7920,46936976,,12686416,18671536,18067904,11870832,,17453788,10155552,10490328,17239248,,20205256,14504292,14938512,21214804,,1980,1980,1980,1980,,11223820,12224700,12553460,10934996
6918,0,2143,31,0,2037,0,60753272,55469052,70993904,7920,46860680,,12453012,18771636,17652004,11876620,,17683588,10065708,10483248,17236508,,20434900,14415096,14931740,21212168,,1980,1980,1980,1980,,11027812,12333092,12560744,10939032
6921,1,2144,30,0,2038,0,61196360,55016220,70537628,7920,47245016,,12825616,18813096,17667224,11890424,,17294796,10026416,10464840,17230168,,20046172,14376088,14909528,21205840,,1980,1980,1980,1980,,11348508,12371972,12571072,10953464
6925,1,2145,30,0,2039,0,60903300,55306772,70836872,7920,46998276,,12849348,18816092,17319040,11918820,,17301988,10021632,10798592,17184560,,20053228,14371436,15247140,21165068,,1980,1980,1980,1980,,11447008,12374168,12191284,10985816
6928,1,2146,32,0,2040,0,61200656,54992632,70523636,7920,47306264,,12857324,18826660,17588968,11927704,,17277048,10006664,10535128,17173792,,20028308,14356836,14984092,21154400,,1980,1980,1980,1980,,11460412,12388260,12462268,10995324
6932,1,2147,33,0,2041,0,61071936,55095308,70619868,7920,47160260,,12627436,18419884,18073688,11950928,,17507872,9988784,10458196,17140456,,20258016,14336412,14904228,21121212,,1980,1980,1980,1980,,11199828,12405496,12537312,11017624
6936,0,2148,33,0,2042,0,61252140,54967844,70493340,7920,47388060,,12799184,18420444,18084392,11948120,,17345228,9976952,10467660,17178004,,20095424,14325064,14914156,21158696,,1980,1980,1980,1980,,11382780,12406236,12546644,11052400
6939,1,2149,33,0,2043,0,60847096,55352728,70882396,7920,46938324,,12837484,18612100,17867248,11530264,,17297924,10211828,10668004,17174972,,20048160,14563092,15118396,21152748,,1980,1980,1980,1980,,11419384,12141860,12309080,11068000
6943,1,2150,32,0,2044,0,60542416,55254232,70785960,7920,47045040,,12840192,18777452,17599864,11324908,,17303968,10046456,10504788,17399020,,20054216,14397920,14954852,21378972,,1980,1980,1980,1980,,11421544,12314080,12471508,10837908
6946,1,2151,31,0,2045,0,60942908,55291948,70823900,7920,46937344,,12861676,18842120,17721836,11517276,,17279552,9977628,10399044,17635724,,20029832,14330312,14849284,21614472,,1980,1980,1980,1980,,11428016,12369512,12518064,10621752
6950,1,2152,30,0,2046,0,61031576,55591280,71123564,7920,46563920,,12598900,18837420,17741876,11853380,,17555092,9981288,10780220,17274680,,20304812,14334256,15231052,21253444,,1980,1980,1980,1980,,11144848,12372060,12142888,10904124
6953,1,2153,29,0,2047,0,61513572,55161616,70694512,7920,47080404,,12780180,18776588,18019704,11937100,,17362700,10094352,10518676,17185888,,20112432,14447280,14970116,21164684,,1980,1980,1980,1980,,11337844,12382748,12354584,11005228
6957,1,2154,30,0,2048,0,61459596,55175840,70709672,7920,47029128,,12838132,18778504,17867920,11975040,,17296996,10064676,10674540,17139628,,20047892,14418008,15125332,21118440,,1980,1980,1980,1980,,11403436,12388788,12198024,11038880
6961,0,2155,31,0,2049,0,60448260,55301588,70834132,7920,46901640,,12451124,18372512,18070708,11553916,,17680116,10044120,10446292,17131060,,20431012,14395852,14898488,21108780,,1980,1980,1980,1980,,11048144,12395448,12407648,11050400
6964,1,2156,31,0,2050,0,61288540,54889520,70421832,7920,47258816,,12768784,18824604,18136264,11558888,,17358296,10019744,10366328,17145152,,20108104,14371628,14819196,21122904,,1980,1980,1980,1980,,11305988,12414368,12481872,11056588
6968,1,2157,31,0,2051,0,60820444,55365016,70899324,7920,46761280,,12853760,18441400,18150932,11374352,,17263792,10425632,10357340,17318252,,20013632,14777500,14810372,21297820,,1980,1980,1980,1980,,11389304,12035680,12488576,10847720
6971,2,2158,30,0,2052,0,61258260,54960376,70496596,7920,47246776,,12867060,18751244,18128008,11511948,,17247496,10109740,10432276,17170864,,19997372,14465104,14885464,21148656,,1980,1980,1980,1980,,11417404,12312524,12519160,10997688
6975,1,2159,31,0,2053,0,61402368,54767448,70307860,7920,47404204,,12877932,18835776,18129784,11558876,,17234104,9992284,10417516,17123544,,19983988,14348496,14871248,21104128,,1980,1980,1980,1980,,11419728,12403696,12532088,11048692
6979,1,2160,32,0,2054,0,61404364,55227620,70773436,7920,46930944,,12893872,18859304,18137640,11513548,,17223436,9997320,10412864,17594000,,19973376,14355044,14867056,21577960,,1980,1980,1980,1980,,11438700,12430280,12536940,10525024
6982,1,2161,31,0,2055,0,61699544,54916232,70464304,7920,47247196,,12903904,18864672,18161296,11769672,,17223604,9969388,10383096,17340144,,19973552,14328984,14837636,21324132,,1980,1980,1980,1980,,11451096,12441500,12557904,10796696
6986,1,2162,33,0,2056,0,61394756,54799928,70351616,7920,47423184,,12854260,18876176,18190844,11473476,,17291348,9962156,10352660,17193764,,20042348,14321996,14809764,21177508,,1980,1980,1980,1980,,11463784,12459228,12577192,10922980
6990,1,2163,37,0,2057,0,61201884,54976252,70533724,7920,47219324,,12608152,18902740,18196016,11494976,,17538792,9926316,10342332,17168812,,20291940,14286552,14800360,21154872,,1980,1980,1980,1980,,11187044,12481924,12593976,10956380
6993,1,2164,34,0,2058,0,61107776,55124376,70681412,7920,47086056,,12807440,18947204,17844596,11508536,,17343004,9905688,10696276,17179408,,20096592,14266060,15153104,21165656,,1980,1980,1980,1980,,11397260,12516836,12206880,10965080
6997,1,2165,37,0,2059,0,61106296,55573284,71129560,7920,46747312,,12869460,18544252,18039676,11652908,,17263496,10307380,10518500,17483908,,20017372,14668068,14975536,21468584,,1980,1980,1980,1980,,11458408,12130648,12424260,10733996
7001,1,2166,35,0,2060,0,61283028,55340764,70896148,7920,46892716,,12490300,18850552,18142848,11799328,,17638240,10003700,10356820,17342004,,20392124,14363244,14814080,21326700,,1980,1980,1980,1980,,11101432,12389448,12516716,10885120
7004,1,2167,35,0,2061,0,61763752,54857460,70413812,7920,47323104,,12810596,18946256,18161624,11845276,,17313452,9888552,10369456,17286000,,20067428,14246556,14829100,21270728,,1980,1980,1980,1980,,11364632,12490164,12536244,10932064
7008,1,2168,37,0,2062,0,61740052,54847188,70403800,7920,47282924,,12912080,18953140,18017040,11857792,,17204560,9863964,10507436,17271228,,19958556,14222860,14966420,21255964,,1980,1980,1980,1980,,11475832,12502400,12368664,10936028
7012,1,2169,36,0,2063,0,61934640,54669544,70231372,7920,47486476,,12924564,18982328,18147036,11880712,,17193716,9860272,10367760,17247796,,19947804,14222724,14828300,21232544,,1980,1980,1980,1980,,11491208,12532900,12505620,10956748
7015,1,2170,37,0,2064,0,61794128,54823988,70385260,7920,47371824,,12959916,18790052,18184440,11859720,,17163224,10052128,10333776,17274860,,19917340,14413728,14794576,21259616,,1980,1980,1980,1980,,11522128,12343884,12544840,10960972
7019,1,2171,37,0,2065,0,61956412,54658440,70220548,7920,47532500,,12991228,18906848,18194632,11863704,,17134432,9936268,10314548,17273192,,19888608,14298300,14775680,21257960,,1980,1980,1980,1980,,11548708,12466476,12551784,10965532
7023,1,2172,37,0,2066,0,61742184,54853216,70415984,7920,47279288,,12992412,18953600,17898428,11897744,,17125404,9875508,10616904,17235400,,19879616,14237764,15078172,21220432,,1980,1980,1980,1980,,11555468,12506204,12231112,10986504
7026,1,2173,37,0,2067,0,62018688,54604020,70167276,7920,47575916,,13024608,18977024,18105024,11912032,,17096424,9855976,10428888,17222732,,19850644,14218208,14890636,21207788,,1980,1980,1980,1980,,11585076,12530628,12457296,11002916
7030,1,2174,37,0,2068,0,62072140,54542012,70105736,7920,47694356,,13047752,18979468,18123896,11921024,,17076268,9856960,10399936,17208848,,19830496,14219628,14861692,21193920,,1980,1980,1980,1980,,11607064,12535580,12544588,11007124
7033,1,2175,36,0,2069,0,61999484,54624884,70190904,7920,47600868,,13050272,18838756,18165116,11945340,,17068668,10003672,10364268,17188276,,19824496,14366668,14826384,21173356,,1980,1980,1980,1980,,11617916,12377444,12569828,11035680
7037,1,2176,36,0,2070,0,61762724,54864820,70432400,7920,47318096,,12937016,18682596,18185284,11957828,,17185656,10169296,10339232,17170636,,19941496,14531864,14801972,21157068,,1980,1980,1980,1980,,11466208,12215060,12592356,11044472
7040,1,2177,36,0,2071,0,60353892,55440432,71000448,7920,46742416,,12653888,18127416,18038104,11534484,,17480632,10295180,10494240,17170380,,20235852,14655508,14957232,21151856,,1980,1980,1980,1980,,11204100,12075784,12416912,11045620
7044,1,2178,33,0,2072,0,60881244,55324660,70888244,7920,46863064,,12910560,18582080,18149604,11239000,,17228924,10234100,10377556,17484080,,19986064,14597144,14840900,21464136,,1980,1980,1980,1980,,11501784,12087876,12539812,10733592
7048,1,2179,34,0,2073,0,61431960,54759024,70322784,7920,47405984,,13023804,18759252,18202828,11446076,,17119008,10059260,10315600,17265156,,19876156,14422724,14779332,21244572,,1980,1980,1980,1980,,11596372,12274316,12584968,10950328
7051,1,2180,35,0,2074,0,61602776,54527280,70091372,7920,47577348,,13009816,18858984,18212436,11521540,,17106696,9943996,10315700,17160888,,19863856,14307720,14779960,21139836,,1980,1980,1980,1980,,11607880,12359140,12592368,11017960
7055,1,2181,36,0,2075,0,61506540,54672856,70234792,7920,47453856,,13027456,18884888,18077948,11516248,,17092984,9931956,10444812,17203104,,19850160,14296536,14908152,21179944,,1980,1980,1980,1980,,11627008,12376492,12409560,11040796
7059,1,2182,32,0,2076,0,61017520,55160524,70720108,7920,46921000,,12397720,18895504,18210328,11513968,,17734988,9907824,10310940,17206772,,20489024,14272960,14774464,21183660,,1980,1980,1980,1980,,10943524,12388704,12547600,11041172
7062,1,2183,32,0,2077,0,61348332,55248068,70808192,7920,46896328,,12694948,18904800,17848488,11900096,,17426064,9917108,10656656,17248240,,20180112,14282524,15120516,21225040,,1980,1980,1980,1980,,11256516,12404928,12189532,11045352
7066,1,2184,30,0,2078,0,61797784,54787356,70358104,7920,47242184,,12903112,18901868,18160228,11832576,,17206160,9913364,10351764,17316068,,19960268,14279972,14816560,21301304,,1980,1980,1980,1980,,11459972,12413280,12440892,10928040
7070,1,2185,34,0,2079,0,61360948,54765496,70335320,7920,47206364,,12950868,18919424,18021068,11469588,,17170248,9880828,10480132,17234288,,19924400,14247720,14944276,21218924,,1980,1980,1980,1980,,11501356,12427804,12279228,10997976
7073,1,2186,33,0,2080,0,61068716,55530544,71101200,7920,46662220,,12954828,18846548,18200876,11066464,,17163484,9997500,10308228,18061332,,19917644,14364340,14772740,22046476,,1980,1980,1980,1980,,11505216,12450184,12462368,10244452
7077,1,2187,32,0,2081,0,61676636,54895708,70467228,7920,47153036,,12953556,18855916,18262224,11604940,,17164016,9980360,10240872,17510460,,19918192,14347568,14705476,21495992,,1980,1980,1980,1980,,11507376,12460816,12519404,10665440
7081,1,2188,32,0,2082,0,61322928,54816676,70388800,7920,47206300,,12972268,18448992,18109548,11792120,,17135292,9968576,10382140,17330668,,19889512,14335820,14847112,21316356,,1980,1980,1980,1980,,11521892,12472040,12338980,10873388
7084,1,2189,32,0,2083,0,61545872,54573772,70147052,7920,47418112,,12978364,18471768,18213272,11882468,,17129048,9934892,10287672,17222160,,19883304,14302552,14753308,21207888,,1980,1980,1980,1980,,11528296,12486360,12449680,10953776
7088,1,2190,30,0,2084,0,61600612,54966888,70539292,7920,47011916,,12750380,18722472,18240164,11887596,,17364252,10135172,10244708,17222756,,20117036,14503304,14710436,21208516,,1980,1980,1980,1980,,11277236,12288412,12491584,10954684
7091,1,2191,30,0,2085,0,61826888,54760648,70333756,7920,47337664,,12907004,18839688,18181680,11898516,,17206888,10006652,10334700,17212408,,19959720,14375240,14800620,21198176,,1980,1980,1980,1980,,11445540,12423292,12502076,10966756
7095,1,2192,30,0,2086,0,61713608,54851388,70424228,7920,47189008,,12970036,18636276,18208728,11898568,,17133936,10196200,10300276,17220976,,19886788,14563932,14766752,21206756,,1980,1980,1980,1980,,11508956,12188136,12522996,10968920
7099,1,2193,29,0,2087,0,61490444,54642052,70216252,7920,47386064,,12988752,18796444,18224796,11480452,,17114476,10028352,10292376,17206848,,19868224,14396192,14759356,21192480,,1980,1980,1980,1980,,11518244,12360500,12530064,10977256
7102,1,2194,30,0,2088,0,61561040,54559824,70134564,7920,47464740,,13000496,18850448,18234832,11475264,,17104428,9967788,10278456,17209152,,19858184,14335888,14745688,21194804,,1980,1980,1980,1980,,11530700,12409732,12538984,10985324
7106,1,2195,30,0,2089,0,61565952,54620132,70200768,7920,47520920,,12948916,18886388,18240636,11490012,,17195928,9940752,10275668,17207784,,19953832,14310404,14743084,21193448,,1980,1980,1980,1980,,11552216,12428072,12545056,10995576
7109,1,2196,32,0,2090,0,61431932,54744384,70327260,7920,47354036,,12967056,18473728,18240260,11750888,,17161380,9934156,10286024,17362824,,19919468,14305844,14753812,21348136,,1980,1980,1980,1980,,11566112,12442812,12546216,10798896
7113,1,2197,32,0,2091,0,61200720,54959668,70544612,7920,47116564,,12580572,18481100,18260216,11878832,,17567064,9908500,10255172,17228932,,20325144,14280188,14724996,21214284,,1980,1980,1980,1980,,11184020,12444976,12563256,10924312
7116,1,2198,32,0,2092,0,61045452,55579876,71163472,7920,46538684,,12476136,18448448,18270932,11849936,,17674364,10365556,10246028,17293928,,20432332,14735620,14716340,21279180,,1980,1980,1980,1980,,11066616,11935956,12579924,10956188
7120,1,2199,29,0,2093,0,61185756,54991144,70576036,7920,47094944,,12789540,18265360,18271644,11859212,,17338444,10119400,10246064,17287236,,20096452,14490484,14716564,21272536,,1980,1980,1980,1980,,11350856,12196520,12584392,10963176
7123,1,2200,31,0,2094,0,59733264,54743980,70321968,7920,47367584,,12900080,18408956,17419344,11004884,,17249544,9974660,10233864,17285912,,20007604,14345960,14704372,21264032,,1980,1980,1980,1980,,11467160,12341788,12596976,10961660
7127,1,2201,32,0,2095,0,60667708,55480456,71068364,7920,46536452,,12947792,18694540,17583392,11441984,,17169444,10101844,10939896,17269272,,19927524,14475920,15412692,21252228,,1980,1980,1980,1980,,11507232,12175544,11877120,10976556
7131,0,2202,31,0,2096,0,61263820,54887152,70475820,7920,47132176,,12956660,18825168,18036360,11445632,,17167984,9979624,10481804,17257740,,19926220,14353960,14954900,21240740,,1980,1980,1980,1980,,11522544,12314152,12312680,10982800
7134,1,2203,31,0,2097,0,60919500,55255908,70845296,7920,46827864,,12738020,18788752,18211212,11181516,,17384796,10047972,10292804,17530336,,20141920,14422256,14766152,21514968,,1980,1980,1980,1980,,11278204,12355164,12485408,10709088
7138,1,2204,31,0,2098,0,61744204,54823388,70411580,7920,47244424,,12892660,18809868,18268436,11773240,,17224604,10019092,10222816,17356876,,19981732,14393764,14696644,21339440,,1980,1980,1980,1980,,11442856,12371896,12541804,10887868
7141,1,2205,32,0,2099,0,61093668,55457548,71046768,7920,46631308,,12534536,18843192,18270012,11445928,,17582156,9974300,10210184,17690908,,20339332,14349984,14684556,21672896,,1980,1980,1980,1980,,11119732,12399208,12544524,10567844
7145,1,2206,30,0,2100,0,61736272,54796276,70388452,7920,47162456,,12848512,18860060,18282496,11745204,,17246232,9952416,10224444,17373184,,20003400,14328608,14699292,21357152,,1980,1980,1980,1980,,11368792,12411888,12558088,10823688
7148,1,2207,30,0,2101,0,61873872,54697392,70290172,7920,47361256,,12920516,18873616,18250748,11828992,,17187272,9945820,10274668,17289632,,19944504,14322352,14749700,21273616,,1980,1980,1980,1980,,11456220,12426832,12569840,10908364
7152,1,2208,31,0,2102,0,61955452,54611060,70204468,7920,47427300,,12952300,18901508,18270800,11830844,,17164184,9917392,10230572,17298912,,19921436,14294280,14705836,21282916,,1980,1980,1980,1980,,11486056,12458080,12572164,10911000
7155,1,2209,32,0,2103,0,61595620,54554196,70148892,7920,47487668,,12970264,18921772,17872104,11831480,,17141208,9913764,10206424,17292800,,19898500,14292848,14680256,21277288,,1980,1980,1980,1980,,11492504,12484032,12596052,10915080
7159,1,2210,33,0,2104,0,61492832,55101024,70696896,7920,46923460,,12970456,18626900,18046584,11848892,,17148880,10205512,10462436,17284196,,19906208,14582864,14938908,21268916,,1980,1980,1980,1980,,11504964,12166244,12318708,10933544
7162,1,2211,32,0,2105,0,61641800,54964212,70559880,7920,47080676,,12985492,18572628,18224460,11859220,,17138852,10266112,10284860,17274388,,19896236,14642864,14761636,21259144,,1980,1980,1980,1980,,11522464,12107608,12506676,10943928
7166,1,2212,32,0,2106,0,61713512,54863496,70460544,7920,47174952,,12937424,18800460,18100876,11874752,,17204388,10015636,10397484,17245988,,19962880,14392672,14874236,21230756,,1980,1980,1980,1980,,11544860,12339720,12342156,10948216
7170,1,2213,32,0,2107,0,61571920,54999644,70597672,7920,47061908,,12535916,18891420,18255840,11888744,,17602116,9936032,10235628,17225868,,20360652,14313392,14712984,21210644,,1980,1980,1980,1980,,11162620,12420220,12510360,10968708
7173,1,2214,33,0,2108,0,61546992,54559552,70156416,7920,47414996,,12854660,18501284,18300684,11890364,,17278872,9881644,10188584,17210452,,20037372,14257240,14666528,21195276,,1980,1980,1980,1980,,11427316,12461212,12553040,10973428
7177,1,2215,33,0,2109,0,61179944,54502588,70096204,7920,47531860,,12918924,18514908,17878968,11867144,,17209920,9872376,10157268,17263024,,19968432,14248320,14631660,21247792,,1980,1980,1980,1980,,11508888,12471868,12575500,10975604
7180,1,2216,34,0,2110,0,61692000,54417152,70009720,7920,47597024,,12952840,18526012,18321948,11891200,,17170660,9848512,10145416,17252564,,19929308,14224788,14618772,21236852,,1980,1980,1980,1980,,11538264,12474804,12586888,10997068
7184,1,2217,35,0,2111,0,60876644,54375488,69961532,7920,47659612,,12978796,18112100,18331044,11454704,,17138620,9843580,10153176,17240112,,19897288,14215004,14627548,21221692,,1980,1980,1980,1980,,11566988,12490280,12596228,11006116
7187,1,2218,34,0,2112,0,60515856,55200836,70797732,7920,46777008,,12991736,18370156,17688024,11465940,,17137156,10015180,10802568,17245932,,19895868,14393088,15281244,21227532,,1980,1980,1980,1980,,11573084,12304584,11889156,11010184
7191,1,2219,31,0,2113,0,60766300,54932776,70529212,7920,47017416,,12885156,18480880,18078420,11321844,,17244604,9889260,10409076,17389836,,20003272,14265116,14888224,21372600,,1980,1980,1980,1980,,11435308,12425756,12307444,10848908
7195,1,2220,30,0,2114,0,60139856,55160032,70757980,7920,46878276,,12441368,18040216,18242968,11415304,,17692652,9934144,10236832,17296404,,20450572,14312008,14716220,21279180,,1980,1980,1980,1980,,10971396,12474144,12467584,10965152
7198,1,2221,28,0,2115,0,60798624,54899980,70505392,7920,47071596,,12754580,18286480,18303836,11453728,,17361664,10119832,10158832,17259652,,20119624,14502584,14640728,21242456,,1980,1980,1980,1980,,11291500,12257852,12531788,10990456
7202,1,2222,27,0,2116,0,61328472,55203428,70807592,7920,46705100,,12885736,18828780,18206104,11407852,,17230536,9983768,10265704,17723420,,19988548,14365644,14747424,21705976,,1980,1980,1980,1980,,11420836,12397028,12394172,10493064
7206,1,2223,25,0,2117,0,61710068,54804468,70416148,7920,47131692,,12897408,18879260,18266804,11666596,,17223444,9927532,10197948,17455544,,19981480,14313004,14680164,21441500,,1980,1980,1980,1980,,11434656,12446680,12487064,10763292
7209,1,2224,27,0,2118,0,61810908,54731700,70344228,7920,47305140,,12904860,18880996,18219220,11805832,,17204696,9943600,10278296,17305108,,19962744,14329848,14760524,21291112,,1980,1980,1980,1980,,11442472,12449796,12516220,10896652
7213,1,2225,28,0,2119,0,61632972,54929784,70542524,7920,47103976,,12919152,18663152,18232300,11818368,,17191088,10167092,10258364,17313240,,19949144,14553220,14740888,21299272,,1980,1980,1980,1980,,11457080,12209044,12529252,10908600
7216,2,2226,27,0,2120,0,61822116,54712360,70326832,7920,47293700,,12926532,18815884,18244252,11835448,,17173180,10001128,10253464,17284588,,19931272,14388008,14736560,21270992,,1980,1980,1980,1980,,11461388,12369204,12534028,10929080
7220,1,2227,29,0,2121,0,61512016,54610228,70226156,7920,47395744,,12936960,18881512,17836480,11857064,,17168732,9938392,10239084,17264020,,19926872,14326656,14722184,21250444,,1980,1980,1980,1980,,11476476,12432576,12547392,10939300
7224,1,2228,31,0,2122,0,61413768,54704424,70321876,7920,47267164,,12964712,18890128,17692324,11866604,,17151072,9919376,10374012,17259964,,19910108,14307700,14857660,21246408,,1980,1980,1980,1980,,11499676,12437900,12380016,10949572
7227,1,2229,32,0,2123,0,61691720,54849272,70464840,7920,47187988,,12898040,18918560,18000644,11874476,,17243396,9882760,10488984,17234132,,20002296,14269464,14972500,21220580,,1980,1980,1980,1980,,11507084,12464912,12247944,10968048
7231,0,2230,32,0,2124,0,61537764,55009464,70625588,7920,47004684,,12551356,18940028,18164116,11882264,,17602360,9860692,10305332,17241080,,20361300,14247152,14789568,21227568,,1980,1980,1980,1980,,11130132,12475452,12417844,10981256
7234,1,2231,30,0,2125,0,61119120,54992112,70610560,7920,46962496,,12629792,18527200,18218296,11743832,,17507512,9842448,10265368,17376784,,20268328,14230208,14750188,21361836,,1980,1980,1980,1980,,11197716,12486960,12465244,10812576
7238,1,2232,29,0,2126,0,61657104,54890600,70509884,7920,47092348,,12822148,18805804,18225964,11803188,,17299384,9996000,10262608,17332608,,20060248,14384424,14747656,21317556,,1980,1980,1980,1980,,11392392,12304716,12469892,10925348
7242,0,2233,29,0,2127,0,61865400,54690512,70310572,7920,47322152,,12879028,18912708,18232840,11840824,,17252220,9888740,10256300,17293252,,20013128,14277528,14741696,21278220,,1980,1980,1980,1980,,11453068,12432500,12474584,10962000
7245,1,2234,29,0,2128,0,61729888,54812296,70435236,7920,47195016,,12896632,18938904,18040568,11853784,,17233560,9875780,10435940,17267016,,19994484,14265772,14921472,21253508,,1980,1980,1980,1980,,11473948,12469312,12273476,10978280
7249,0,2235,31,0,2129,0,61901956,54615392,70240344,7920,47370064,,12907068,18952460,18173324,11869104,,17217048,9841788,10311200,17245356,,19978008,14233280,14797196,21231860,,1980,1980,1980,1980,,11480224,12483604,12413924,10992312
7252,1,2236,31,0,2130,0,61967540,54528760,70154344,7920,47438968,,12924196,18959476,18206500,11877368,,17203732,9828980,10261268,17234780,,19964704,14220732,14747608,21221300,,1980,1980,1980,1980,,11500800,12495204,12442028,11000936
7255,1,2237,31,0,2131,0,62024844,54530700,70154928,7920,47530632,,12946224,18958800,18221164,11898656,,17181052,9868968,10249948,17230732,,19942028,14260760,14736480,21215660,,1980,1980,1980,1980,,11521380,12525352,12457268,11026632
7259,1,2238,33,0,2132,0,61382652,54736752,70355536,7920,47305456,,12953420,18723256,18232648,11473328,,17179956,10097160,10234700,17224936,,19940944,14485100,14721612,21207880,,1980,1980,1980,1980,,11528124,12273824,12469588,11033920
7262,1,2239,33,0,2133,0,61852172,54719756,70342128,7920,47322176,,12976884,18878352,18241856,11755080,,17164280,9959636,10235624,17360216,,19926652,14347772,14723056,21344648,,1980,1980,1980,1980,,11547288,12439616,12474616,10860656
7266,1,2240,32,0,2134,0,61740664,54832624,70456416,7920,47171548,,12998960,18972696,18273724,11495284,,17128964,9852088,10211092,17640480,,19893036,14240700,14699028,21623652,,1980,1980,1980,1980,,11574016,12495716,12500344,10601472
7270,1,2241,33,0,2135,0,61572404,54552348,70174856,7920,47467480,,13001176,18982000,17797588,11791640,,17115472,9833216,10280128,17323532,,19879616,14222212,14766268,21306760,,1980,1980,1980,1980,,11581716,12498444,12512368,10874952
7273,1,2242,32,0,2136,0,60731160,54980052,70608456,7920,47055236,,12633972,18404780,17816708,11875700,,17503668,9982864,10258020,17235500,,20267724,14374792,14743992,21221948,,1980,1980,1980,1980,,11225916,12336512,12524608,10968200
7277,1,2243,31,0,2137,0,60925488,54730684,70359028,7920,47207380,,12676836,18501536,17838120,11908996,,17435068,9882164,10220372,17193080,,20199144,14275028,14704976,21179880,,1980,1980,1980,1980,,11216048,12453996,12543616,10993720
7280,1,2244,32,0,2138,0,61301816,54795788,70426364,7920,47089204,,12888324,18525192,17960056,11928244,,17227168,9836024,10547956,17184640,,19991240,14229200,15032968,21172956,,1980,1980,1980,1980,,11441420,12481180,12159760,11006844
7284,1,2245,32,0,2139,0,60424016,55238648,70872048,7920,46699908,,12508952,17694880,18279984,11940200,,17622408,10232764,10219004,17164472,,20385268,14623844,14708416,21154520,,1980,1980,1980,1980,,11154756,12120508,12404732,11019912
7288,1,2246,30,0,2140,0,60160512,55096764,70729724,7920,46720208,,12817084,18172876,17929796,11240756,,17324300,10199828,10132428,17440208,,20087228,14592492,14621176,21428828,,1980,1980,1980,1980,,11408420,12082676,12492976,10736136
7291,1,2247,29,0,2141,0,61084112,54562788,70194224,7920,47253724,,12893552,18394816,17933364,11862380,,17214800,9983416,10137176,17227396,,19977748,14376092,14626588,21213796,,1980,1980,1980,1980,,11496004,12312960,12505292,10939468
7295,1,2248,29,0,2142,0,61398888,54703364,70339604,7920,47153628,,12918376,18492828,18092292,11895392,,17190852,9864776,10408076,17239660,,19953788,14256248,14902828,21226740,,1980,1980,1980,1980,,11519248,12403828,12221464,11009088
7299,1,2249,29,0,2143,0,61634220,54465636,70102120,7920,47401456,,12930312,18508640,18291456,11903812,,17188132,9841860,10205496,17230148,,19951124,14233836,14700452,21216708,,1980,1980,1980,1980,,11534456,12410020,12424696,11032284
7302,1,2250,31,0,2144,0,61689800,54849164,70488636,7920,46991484,,12693576,18701540,18355412,11939272,,17441696,10087104,10124976,17195388,,20203536,14481280,14620320,21183500,,1980,1980,1980,1980,,11273704,12160356,12489100,11068324
7306,1,2251,30,0,2145,0,61626392,54931460,70573968,7920,46985428,,12884548,18848424,18375368,11518052,,17260080,9941908,10106488,17622984,,20021988,14338900,14601976,21611104,,1980,1980,1980,1980,,11470932,12327252,12507020,10680224
7310,1,2252,32,0,2146,0,62043312,54478004,70123228,7920,47328444,,12945928,18897420,18381580,11818384,,17180636,9890348,10096192,17310828,,19942564,14287492,14592152,21301020,,1980,1980,1980,1980,,11528756,12373232,12518056,10908400
7313,1,2253,31,0,2147,0,61646120,54506648,70148784,7920,47472988,,12949976,18395548,18385608,11914988,,17186368,10007816,10079864,17232600,,19948312,14401520,14576148,21222804,,1980,1980,1980,1980,,11537316,12386480,12522676,11026516
7317,1,2254,31,0,2148,0,61860836,54714068,70356880,7920,47238808,,12970156,18545500,18410908,11934272,,17163744,10284960,10076556,17188808,,19925704,14679212,14572932,21179032,,1980,1980,1980,1980,,11554680,12077960,12551568,11054600
7320,1,2255,30,0,2149,0,61263244,54848788,70490104,7920,47083636,,12993164,18744036,18006168,11519876,,17129120,10074248,10470692,17174728,,19891084,14471924,14966728,21160368,,1980,1980,1980,1980,,11569940,12280844,12168128,11064724
7324,1,2256,31,0,2150,0,62100064,54403648,70047332,7920,47447972,,13000904,18825584,18297364,11976212,,17119040,9973240,10162168,17149200,,19881032,14371300,14660564,21134436,,1980,1980,1980,1980,,11581064,12354300,12419620,11092988
7327,1,2257,32,0,2151,0,62223276,54275128,69919204,7920,47577228,,13016556,18834404,18383532,11988784,,17099704,9960464,10076920,17138040,,19861716,14358888,14575552,21123048,,1980,1980,1980,1980,,11597380,12362224,12520116,11097508
7331,1,2258,32,0,2152,0,61790120,54311404,69955812,7920,47616832,,13013932,18848000,17933288,11994900,,17090076,9954744,10132928,17133656,,19852080,14353484,14631564,21118684,,1980,1980,1980,1980,,11601740,12370856,12540868,11103368
7334,1,2259,30,0,2153,0,61421504,55108736,70754220,7920,46798232,,12568728,18857124,17980372,12015280,,17546912,9949340,10508140,17104344,,20308884,14348984,15007536,21088816,,1980,1980,1980,1980,,11119024,12388596,12166968,11123644
7338,1,2260,29,0,2154,0,61022920,55044328,70691592,7920,46754968,,12564432,18848788,18284620,11325080,,17536544,9944624,10198392,17364768,,20297284,14344528,14698036,21351744,,1980,1980,1980,1980,,11090848,12394620,12438944,10830556
7342,1,2261,28,0,2155,0,61269716,54812212,70460068,7920,47019960,,12804840,18863100,18351084,11250692,,17279292,9958232,10131496,17443192,,20040052,14358380,14631640,21429996,,1980,1980,1980,1980,,11339992,12415392,12514136,10750440
7345,1,2262,27,0,2156,0,61514160,54610164,70258256,7920,47355548,,12826260,18868416,18371628,11447856,,17315072,9947624,10118908,17228560,,20075724,14347944,14619212,21215376,,1980,1980,1980,1980,,11443476,12420440,12536672,10954960
7349,1,2263,29,0,2157,0,61673208,54854032,70505900,7920,47101536,,12851304,18896980,18389760,11535164,,17287988,9896688,10102568,17566788,,20048692,14301896,14603192,21552120,,1980,1980,1980,1980,,11469180,12446728,12555608,10630020
7353,1,2264,31,0,2158,0,62020132,54501584,70154640,7920,47397792,,12861456,18919972,18400416,11838288,,17272548,9863204,10075688,17290144,,20033284,14266788,14576992,21277576,,1980,1980,1980,1980,,11473380,12464728,12565996,10893688
7356,1,2265,33,0,2159,0,61200592,55395816,71047292,7920,46626740,,12864444,18536604,18424120,11375424,,17266528,10288848,10062284,17778156,,20027276,14691948,14565596,21762472,,1980,1980,1980,1980,,11479724,12095880,12588644,10462492
7360,1,2266,32,0,2160,0,61812004,54733468,70386464,7920,47221568,,12881980,18836620,18439856,11653548,,17248292,9960604,10028260,17496312,,20009924,14364080,14531800,21480660,,1980,1980,1980,1980,,11498884,12370600,12604964,10747120
7364,1,2267,31,0,2161,0,61893984,54632604,70286296,7920,47290432,,12768496,18922736,18446556,11756196,,17373912,9872184,10011452,17375056,,20135576,14275928,14515360,21359432,,1980,1980,1980,1980,,11359196,12462856,12615868,10852512
7367,1,2268,32,0,2162,0,61322964,55192380,70848644,7920,46741204,,12546984,18950248,18047612,11778120,,17579996,9848180,10417276,17346928,,20342624,14253088,14920544,21332388,,1980,1980,1980,1980,,11119396,12490272,12253216,10878320
7371,1,2269,31,0,2163,0,61073740,54605616,70262564,7920,47273848,,12786572,18981000,17517660,11788508,,17353716,9820596,10093696,17337608,,20116372,14225772,14596920,21323500,,1980,1980,1980,1980,,11371104,12517224,12495428,10890092
7374,1,2270,32,0,2164,0,61238304,54462656,70120800,7920,47488976,,12880304,18963324,17604628,11790048,,17256696,9851264,9999928,17354768,,20019368,14255588,14505172,21340672,,1980,1980,1980,1980,,11461128,12528992,12604928,10893928
7378,1,2271,34,0,2165,0,61298256,54387892,70042268,7920,47554948,,12894672,18957528,17638424,11807632,,17229360,9846820,9969768,17341944,,19992056,14246704,14475452,21328056,,1980,1980,1980,1980,,11471640,12534800,12637824,10910684
7382,0,2272,33,0,2166,0,61253928,55290540,70945128,7920,46613848,,12776536,18557952,18098484,11820956,,17343192,10257920,10369292,17320136,,20105320,14657328,14876200,21306280,,1980,1980,1980,1980,,11333076,12155328,12200256,10925188
7385,1,2273,31,0,2167,0,61907372,54631084,70291116,7920,47229988,,12874496,18870928,18321768,11840180,,17257592,9939336,10132132,17302024,,20019768,14342336,14639500,21289512,,1980,1980,1980,1980,,11438892,12408060,12446660,10936376
7389,1,2274,32,0,2168,0,62120620,54396352,70057072,7920,47510636,,12908984,18964748,18379740,11867148,,17191508,9837544,10091924,17275376,,19953772,14241032,14599372,21262896,,1980,1980,1980,1980,,11477200,12508884,12562032,10962520
7392,1,2275,34,0,2169,0,61741172,54380896,70049104,7920,47572624,,12908812,18985664,17971776,11874920,,17210332,9814916,10089380,17266268,,19972604,14223516,14599168,21253816,,1980,1980,1980,1980,,11484968,12537340,12581380,10968936
7396,1,2276,35,0,2170,0,61860856,54671532,70340200,7920,47257212,,12939980,18991236,18038668,11890972,,17171636,9801376,10443932,17254588,,19933956,14210740,14953352,21242152,,1980,1980,1980,1980,,11512256,12544060,12213644,10987252
7400,0,2277,35,0,2171,0,62228768,54295472,69966272,7920,47577488,,12971008,19006732,18333584,11917444,,17147320,9783728,10148176,17216248,,19909680,14194568,14658196,21203828,,1980,1980,1980,1980,,11541628,12561172,12472516,11002172
7403,1,2278,35,0,2172,0,61473884,54600544,70268168,7920,47309224,,12550244,19017172,18410336,11496132,,17570236,9772168,10039600,17218540,,20332608,14183336,14549896,21202328,,1980,1980,1980,1980,,11155668,12582120,12558292,11013144
7407,1,2279,34,0,2173,0,61490044,54641512,70308408,7920,47310260,,12762588,18788484,18437768,11501204,,17378056,10013376,10035572,17214508,,20139232,14424820,14546040,21198316,,1980,1980,1980,1980,,11377412,12326200,12586040,11020608
7410,1,2280,33,0,2174,0,61815936,54302440,69970348,7920,47642080,,12878560,18956992,18453272,11527112,,17259016,9832484,10020804,17190136,,20020196,14244284,14531912,21173956,,1980,1980,1980,1980,,11497060,12500944,12602520,11041556
7414,1,2281,33,0,2175,0,61564432,54539980,70208092,7920,47354128,,12898688,18666212,18467796,11531736,,17236760,10108024,10002536,17192660,,19997976,14519800,14514072,21176244,,1980,1980,1980,1980,,11519692,12181876,12607108,11045452
7417,2,2282,31,0,2176,0,60567260,55092040,70763808,7920,46813564,,12331772,18915528,18063660,11256300,,17806832,9842340,9974004,17468864,,20566840,14254432,14485428,21457108,,1980,1980,1980,1980,,10968512,12451920,12627584,10765548
7421,1,2283,28,0,2177,0,60502856,55130772,70799932,7920,46631228,,12434856,18772088,18078836,11217076,,17705680,9996304,9950720,17478068,,20464376,14408628,14462800,21464128,,1980,1980,1980,1980,,11001760,12282680,12638808,10707980
7425,1,2284,28,0,2178,0,61298820,54743888,70416368,7920,47006304,,12676524,18922640,18095148,11604508,,17454508,9837748,9935744,17515888,,20213276,14251376,14447996,21503720,,1980,1980,1980,1980,,11257184,12438740,12659556,10650824
7429,1,2285,29,0,2179,0,61660636,54813064,70486928,7920,46973444,,12797352,18968200,18103316,11791768,,17325112,9794748,10365268,17327936,,20084608,14208464,14878052,21315804,,1980,1980,1980,1980,,11364116,12482192,12289136,10838000
7432,1,2286,28,0,2180,0,61921940,54550968,70223920,7920,47163376,,12828556,18813268,18407336,11872780,,17297380,9963028,10053960,17236600,,20056932,14375896,14566592,21224500,,1980,1980,1980,1980,,11395104,12302848,12531428,10933996
7436,1,2287,30,0,2181,0,61760304,54758904,70433500,7920,47080924,,12840028,18839052,18208892,11872332,,17283196,9960392,10263236,17252080,,20044068,14373660,14775760,21240012,,1980,1980,1980,1980,,11406128,12424388,12315744,10934664
7440,1,2288,31,0,2182,0,61676492,54804404,70478804,7920,46970448,,12855640,18875276,18070824,11874752,,17254256,9911640,10395048,17243460,,20015132,14325416,14906892,21231364,,1980,1980,1980,1980,,11418556,12453252,12159960,10938680
7443,1,2289,30,0,2183,0,61588352,54894680,70566764,7920,46930304,,12867664,18481784,18348828,11890076,,17238896,10325772,10098740,17231272,,19999844,14735028,14611300,21220592,,1980,1980,1980,1980,,11437100,12093404,12446640,10953160
7447,1,2290,29,0,2184,0,62017256,54483784,70155468,7920,47283268,,12875324,18791816,18448628,11901488,,17236896,10016652,10003948,17226288,,19997860,14425084,14516704,21215820,,1980,1980,1980,1980,,11445676,12334356,12545800,10957436
7450,1,2291,30,0,2185,0,61924828,54580668,70252744,7920,47243832,,12895380,18881212,18410008,11738228,,17217384,9901936,10075776,17385572,,19978512,14310740,14588564,21374928,,1980,1980,1980,1980,,11463976,12444844,12563704,10771308
7454,1,2292,30,0,2186,0,62102964,54427404,70101356,7920,47425436,,12920248,18912824,18425384,11844508,,17200420,9887320,10059376,17280288,,19962732,14296432,14572508,21269684,,1980,1980,1980,1980,,11486660,12476368,12574376,10888032
7457,1,2293,31,0,2187,0,61328892,54710608,70384768,7920,47086368,,12944200,18912448,17605196,11867048,,17158408,9864656,10453676,17233868,,19920768,14274516,14966196,21223288,,1980,1980,1980,1980,,11503076,12479532,12193932,10909828
7461,1,2294,30,0,2188,0,61685436,54367608,70047012,7920,47408452,,12953820,18944016,17901308,11886292,,17157892,9837004,10158816,17213896,,19920260,14251664,14671756,21203332,,1980,1980,1980,1980,,11513960,12512912,12453852,10927728
7464,1,2295,31,0,2189,0,61570452,54941304,70625776,7920,46931584,,12922152,18529304,18216716,11902280,,17215824,10258968,10277868,17188644,,19978144,14676740,14792800,21178092,,1980,1980,1980,1980,,11534360,12141408,12313740,10942076
7468,1,2296,31,0,2190,0,62042488,54452036,70138112,7920,47323660,,12925560,18856436,18353676,11906816,,17213736,9920460,10121940,17195900,,19976016,14338636,14638108,21185352,,1980,1980,1980,1980,,11542416,12377736,12461244,10942264
7472,0,2297,31,0,2191,0,61813496,54666640,70353676,7920,47093340,,12586656,18906684,18411712,11908444,,17562788,9856488,10053660,17193704,,20324784,14274856,14570836,21183200,,1980,1980,1980,1980,,11173268,12452412,12522496,10945164
7475,1,2298,31,0,2192,0,61410724,55120716,70810840,7920,46718992,,12533184,18551564,18425188,11900788,,17614532,10229528,10059912,17216744,,20376304,14650680,14577556,21206300,,1980,1980,1980,1980,,11114196,12102300,12535064,10967432
7479,1,2299,30,0,2193,0,61925636,54591476,70284900,7920,47260864,,12788968,18834836,18432252,11869580,,17347728,9936976,10036192,17270580,,20109552,14361360,14554008,21259980,,1980,1980,1980,1980,,11382496,12361576,12547324,10969468
7482,1,2300,30,0,2194,0,61487304,54987272,70679116,7920,46794916,,12633172,18927476,18054244,11872412,,17498096,9817544,10418572,17253060,,20259928,14242164,14934548,21242476,,1980,1980,1980,1980,,11200592,12449048,12171604,10973672
7486,1,2301,28,0,2195,0,61980004,54507812,70202912,7920,47282284,,12806604,18921616,18356936,11894848,,17316564,9841096,10120036,17230116,,20078484,14266880,14638012,21219536,,1980,1980,1980,1980,,11383620,12467536,12435144,10995984
7490,1,2302,28,0,2196,0,61707344,54750800,70446412,7920,47038048,,12857188,18500264,18453268,11896624,,17265816,10253524,9996516,17234944,,20027740,14679332,14514964,21224376,,1980,1980,1980,1980,,11433016,12083360,12521472,11000200
7493,1,2303,28,0,2197,0,62054316,54439004,70132184,7920,47324440,,12873328,18812300,18467304,11901384,,17261224,9950848,9995988,17230944,,20023196,14376976,14515100,21216912,,1980,1980,1980,1980,,11450152,12331732,12539652,11002904
7497,1,2304,30,0,2198,0,62111108,54411320,70104780,7920,47446788,,12880544,18838364,18484220,11907980,,17254212,9941016,9984944,17231148,,20016192,14367252,14504204,21217132,,1980,1980,1980,1980,,11453932,12431440,12551912,11009504
7500,1,2305,31,0,2199,0,62136516,54378428,70078532,7920,47509036,,12864588,18858396,18493556,11919976,,17258848,9919720,9967216,17232644,,20021504,14346296,14488616,21222116,,1980,1980,1980,1980,,11472964,12447096,12565312,11023664
7504,1,2306,32,0,2200,0,61456040,55064096,70760064,7920,46760976,,12746984,18884824,18505672,11318560,,17375808,9893408,9967608,17827272,,20137168,14320404,14489500,21812992,,1980,1980,1980,1980,,11298260,12458428,12586076,10418212
7508,0,2307,31,0,2201,0,61112836,54508156,70204032,7920,47242116,,12856536,18474708,18533676,11247916,,17269772,9870712,9914184,17453488,,20032460,14296236,14436416,21438920,,1980,1980,1980,1980,,11417748,12475828,12603008,10745532
7511,1,2308,32,0,2202,0,61290480,54382716,70080816,7920,47484160,,12895652,18489596,18507608,11397624,,17224468,9885164,9984764,17288320,,19987224,14311128,14508688,21273776,,1980,1980,1980,1980,,11462368,12492028,12626288,10903476
7515,1,2309,32,0,2203,0,61302568,54776248,70476188,7920,46893764,,12678248,18728712,18448744,11446864,,17442872,10054700,10027688,17250988,,20204500,14482600,14552268,21236820,,1980,1980,1980,1980,,11218424,12281292,12446820,10947228
7519,1,2310,32,0,2204,0,62047472,54437852,70140400,7920,47211288,,12875044,18884404,18557380,11730644,,17243224,9890096,9912176,17392356,,20004872,14318532,14437176,21379820,,1980,1980,1980,1980,,11423564,12444144,12567736,10775844
7523,0,2311,32,0,2205,0,62283356,54178048,69881204,7920,47454532,,12924616,18914528,18620868,11823344,,17185348,9851984,9847948,17292768,,19947020,14280648,14373288,21280248,,1980,1980,1980,1980,,11468364,12490048,12612716,10883404
7526,1,2312,32,0,2206,0,61837052,54253496,69956424,7920,47514796,,12860928,18922332,18191976,11861816,,17287092,9853872,9862060,17250472,,20048588,14282792,14387072,21237972,,1980,1980,1980,1980,,11476400,12498900,12628768,10910728
7530,1,2313,33,0,2207,0,61441516,54190716,69894752,7920,47562792,,12883696,18503700,18203676,11850444,,17241792,9849416,9840568,17258940,,20003280,14277164,14367852,21246456,,1980,1980,1980,1980,,11499360,12506384,12642036,10915012
7533,1,2314,34,0,2208,0,61233272,54416448,70120676,7920,47299292,,12607312,18517660,18245324,11862976,,17529644,9841468,9790296,17255040,,20291600,14268764,14317732,21242580,,1980,1980,1980,1980,,11191956,12513360,12674672,10919304
7537,1,2315,34,0,2209,0,61241496,55299508,71004840,7920,46509068,,12821692,18319912,18260088,11839804,,17329240,10454416,10206680,17309172,,20091976,14885188,14731048,21296628,,1980,1980,1980,1980,,11419388,11856604,12293032,10940044
7540,1,2316,33,0,2210,0,61756296,54787828,70501328,7920,47019020,,12898632,18727676,18276224,11853764,,17234916,10046228,10200684,17306000,,19997668,14475612,14733376,21294672,,1980,1980,1980,1980,,11492520,12243952,12327928,10954620
7544,1,2317,34,0,2211,0,61485644,54979516,70692096,7920,46813516,,12901984,18433396,18288036,11862228,,17221272,10312404,10165368,17280472,,19984068,14740488,14698392,21269148,,1980,1980,1980,1980,,11502712,12011156,12341012,10958636
7548,1,2318,33,0,2212,0,61317260,54746392,70460388,7920,46959256,,12752536,18791268,17880620,11892836,,17388472,9957136,10152500,17248284,,20150208,14386300,14686904,21236976,,1980,1980,1980,1980,,11319180,12295120,12361896,10983060
7551,1,2319,33,0,2213,0,61005656,55036928,70755536,7920,46631580,,12632796,18862360,17597048,11913452,,17492452,9875724,10440636,17228116,,20254056,14305192,14979472,21216816,,1980,1980,1980,1980,,11187736,12395112,12047092,11001640
7555,1,2320,32,0,2214,0,61782020,54749600,70465152,7920,47078736,,12816752,18817992,18237168,11910108,,17301760,9975284,10231492,17241064,,20063392,14404740,14767240,21229780,,1980,1980,1980,1980,,11376836,12417864,12270296,11013740
7558,1,2321,32,0,2215,0,61640908,54835732,70552152,7920,46903548,,12565332,18837696,18325752,11912128,,17563876,9932684,10114504,17224668,,20325476,14362604,14650672,21213400,,1980,1980,1980,1980,,11101800,12425120,12358116,11018512
7562,1,2322,31,0,2216,0,61092316,54976940,70697980,7920,46814496,,12789264,18862928,17925616,11514508,,17333096,9918772,10533244,17191828,,20094736,14353304,15069916,21180024,,1980,1980,1980,1980,,11324284,12450528,11997268,11042416
7565,1,2323,31,0,2217,0,60941408,55091812,70822464,7920,46609428,,12854660,18865704,17903768,11317276,,17244004,9909840,10548052,17389916,,20007708,14344852,15091980,21377924,,1980,1980,1980,1980,,11399204,12454016,11914932,10841276
7569,1,2324,29,0,2218,0,60842600,54816048,70546324,7920,47019364,,12854172,18446308,18103472,11438648,,17258256,9904660,10381520,17271612,,20022044,14339088,14925544,21259648,,1980,1980,1980,1980,,11400488,12458832,12185488,10974556
7573,1,2325,29,0,2219,0,61196240,54879788,70613580,7920,46930652,,12855956,18650768,18201604,11487912,,17250660,10137772,10270804,17220552,,20014452,14573256,14815076,21210796,,1980,1980,1980,1980,,11402316,12213256,12295628,11019452
7576,2,2326,30,0,2220,0,61611256,54855976,70590816,7920,46886448,,12875712,18813420,18242324,11679800,,17234000,9955388,10216292,17450296,,19997832,14391656,14761280,21440048,,1980,1980,1980,1980,,11421620,12392824,12318280,10753724
7580,1,2327,29,0,2221,0,61873880,54606296,70342024,7920,47127324,,12909808,18872228,18247904,11843940,,17208040,9885064,10228340,17284852,,19972108,14321620,14773676,21274620,,1980,1980,1980,1980,,11430640,12449328,12325276,10922080
7584,1,2328,30,0,2222,0,61242160,54788968,70518536,7920,46914268,,12909456,18892052,17965584,11475068,,17206268,9873368,10499832,17209500,,19970580,14310028,15043936,21193992,,1980,1980,1980,1980,,11438024,12469136,12013836,10993272
7587,1,2329,31,0,2223,0,61127864,54912924,70642860,7920,46882144,,12854648,18891156,17902272,11479788,,17287744,9870088,10556124,17198968,,20051864,14307128,15100392,21183476,,1980,1980,1980,1980,,11462696,12474820,11948948,10995680
7591,1,2330,29,0,2224,0,61229688,54807080,70541936,7920,46949132,,12860404,18751128,18103208,11514948,,17262960,10006432,10360984,17176704,,20027108,14443124,14905708,21165996,,1980,1980,1980,1980,,11467064,12297320,12156048,11028700
7595,1,2331,31,0,2225,0,61473324,55004200,70742472,7920,46711240,,12626464,18874932,18186624,11785304,,17522456,9894440,10265944,17321360,,20287912,14331608,14811340,21311612,,1980,1980,1980,1980,,11208812,12422904,12232608,10846916
7599,1,2332,32,0,2226,0,61312500,54757552,70496044,7920,47050940,,12797560,18905400,17760060,11849480,,17324884,9855128,10276712,17300828,,20090356,14293128,14821736,21290824,,1980,1980,1980,1980,,11390492,12454952,12238560,10966936
7602,1,2333,32,0,2227,0,61322608,55140372,70878704,7920,46595480,,12854184,18922012,17657716,11888696,,17263772,9839188,10799672,17237740,,20029264,14276260,15345420,21227760,,1980,1980,1980,1980,,11444656,12475524,11669836,11005464
7606,1,2334,30,0,2228,0,60866284,55192000,70932116,7920,46589932,,12479260,18953496,17967556,11465972,,17656536,9812580,10480840,17242044,,20421160,14252080,15026824,21232052,,1980,1980,1980,1980,,11091176,12505176,11981820,11011760
7609,1,2335,32,0,2229,0,60919668,55109684,70849556,7920,46608248,,12772444,18545204,18116388,11485632,,17340352,10230112,10311212,17228008,,20105000,14668492,14857680,21218384,,1980,1980,1980,1980,,11337268,12121844,12118324,11030812
7613,1,2336,32,0,2230,0,61370476,55068876,70808756,7920,46623244,,12854384,18853972,18158744,11503376,,17253892,9915820,10275356,17623808,,20018552,14351744,14822212,21616248,,1980,1980,1980,1980,,11428040,12376712,12160568,10657924
7617,1,2337,31,0,2231,0,61856424,54603356,70342460,7920,47000304,,12880400,19000756,18168852,11806416,,17239804,9766600,10278008,17318944,,20004496,14202784,14824920,21310260,,1980,1980,1980,1980,,11452040,12483392,12166956,10897916
7620,1,2338,31,0,2232,0,61707172,54742316,70482092,7920,46814872,,12902536,18746012,18172052,11886572,,17220340,10038960,10254224,17228792,,19985036,14475100,14801820,21220136,,1980,1980,1980,1980,,11470656,12185264,12169780,10989172
7624,1,2339,30,0,2233,0,61542188,54462568,70200220,7920,47084276,,12911148,18960828,18181684,11488528,,17211560,9804684,10245472,17200852,,19976284,14241260,14793540,21189136,,1980,1980,1980,1980,,11479068,12392000,12184744,11028464
7627,1,2340,30,0,2234,0,61898516,54559796,70304560,7920,46961668,,12928076,19071248,18198040,11701152,,17194504,9688428,10244644,17432220,,19959232,14129804,14792908,21422616,,1980,1980,1980,1980,,11500000,12481348,12197196,10783124
7631,1,2341,30,0,2235,0,61584472,54901484,70646560,7920,46623544,,12661824,19130416,18138980,11653252,,17468956,9621948,10322748,17487832,,20233632,14063676,14871084,21478168,,1980,1980,1980,1980,,11208512,12494440,12199404,10721188
7635,1,2342,29,0,2236,0,61978660,54469260,70215768,7920,47045572,,12859348,19162456,18138212,11818644,,17265740,9588212,10325616,17289692,,20030424,14030516,14874764,21280064,,1980,1980,1980,1980,,11415092,12524144,12209040,10897296
7638,1,2343,28,0,2237,0,61965864,54486096,70239316,7920,46978944,,12746692,19180340,18162544,11876288,,17362140,9581396,10295256,17247304,,20130244,14027036,14844844,21237192,,1980,1980,1980,1980,,11271280,12539660,12217800,10950204
7642,1,2344,29,0,2237,0,60588476,55003288,70751528,7920,46476172,,12620632,18310636,18192344,11464864,,17490120,10025784,10275624,17211760,,20258612,14470668,14825548,21196700,,1980,1980,1980,1980,,11131096,12152004,12233076,10959996
7646,1,2345,29,0,2239,0,61203680,54843408,70597136,7920,46700440,,12725756,18800924,18199496,11477504,,17419880,9959688,10260044,17203796,,20188312,14405672,14810188,21192964,,1980,1980,1980,1980,,11328496,12146272,12249320,10976352
7650,1,2346,31,0,2240,0,61484892,54532008,70286412,7920,47011084,,12792300,19009652,18202656,11480284,,17334920,9736804,10258728,17201556,,20103376,14183076,14809456,21190504,,1980,1980,1980,1980,,11396660,12364084,12266172,10984168
7653,1,2347,31,0,2241,0,61921008,54489268,70247492,7920,46960452,,12807844,19114252,18244140,11754772,,17325860,9600080,10212088,17351240,,20094340,14046812,14763528,21342812,,1980,1980,1980,1980,,11413084,12454728,12289424,10803216
7657,1,2348,30,0,2242,0,61606600,54870960,70625348,7920,46738524,,12821264,19128316,17838880,11818140,,17312760,9591956,10634012,17332232,,20081252,14039048,15180048,21325000,,1980,1980,1980,1980,,11425576,12469920,11901716,10941312
7661,1,2349,30,0,2243,0,61824156,54653380,70413964,7920,46871300,,12672188,19138540,18159072,11854356,,17458468,9607972,10300984,17285956,,20226988,14055424,14852784,21278768,,1980,1980,1980,1980,,11259844,12472320,12156408,10982728
7664,1,2350,30,0,2244,0,62037020,54413844,70178896,7920,47113268,,12787208,19138888,18248448,11862476,,17329348,9602380,10209788,17272328,,20097880,14050448,14765396,21265172,,1980,1980,1980,1980,,11386320,12476732,12259856,10990360
7668,1,2351,30,0,2245,0,61542908,54473740,70235592,7920,46991200,,12842072,18967256,18276732,11456848,,17276596,9773888,10172832,17250424,,20045220,14219452,14728872,21242048,,1980,1980,1980,1980,,11427908,12286516,12275580,11001196
7672,1,2352,30,0,2246,0,61673404,54371588,70134880,7920,47167732,,12862516,19079484,18265788,11465616,,17272952,9674872,10196492,17227272,,20041584,14120712,14752856,21219728,,1980,1980,1980,1980,,11449904,12408332,12284048,11025448
7675,1,2353,32,0,2247,0,61422424,54658844,70424680,7920,46958396,,12874176,19044332,18027264,11476652,,17260672,9725716,10426204,17246252,,20029316,14173892,14982712,21238760,,1980,1980,1980,1980,,11456028,12448476,12022136,11031756
7679,1,2354,33,0,2248,0,61844732,54633292,70403688,7920,46934968,,12894744,19061028,18195704,11693256,,17234384,9693152,10249208,17456548,,20004624,14141788,14806152,21451124,,1980,1980,1980,1980,,11478880,12456876,12200592,10798620
7683,1,2355,32,0,2249,0,61691120,54324492,70093520,7920,47208988,,12916096,18640404,18272292,11862328,,17212024,9686984,10172036,17253448,,19982308,14133552,14729608,21248052,,1980,1980,1980,1980,,11498028,12463156,12273528,10974276
7686,1,2356,32,0,2250,0,62088904,54326452,70097456,7920,47140516,,12920772,18948388,18278648,11941096,,17197952,9789052,10162080,17177368,,19968256,14237020,14720168,21172012,,1980,1980,1980,1980,,11504100,12314824,12276408,11045184
7690,1,2357,33,0,2251,0,61802116,54201932,69971600,7920,47309612,,12945896,18608836,18276864,11970520,,17169000,9702760,10173884,17156288,,19939324,14149128,14732176,21150972,,1980,1980,1980,1980,,11532664,12410584,12298520,11067844
7693,1,2358,34,0,2252,0,61225756,54829616,70600236,7920,46719912,,12718360,18631820,17888776,11986800,,17411560,9695636,10583840,17138580,,20183988,14141964,15142992,21131292,,1980,1980,1980,1980,,11276144,12434476,11927228,11082064
7697,1,2359,33,0,2253,0,62150568,54299224,70069916,7920,47179956,,12895620,19063400,18193264,11998284,,17238556,9671444,10265472,17123752,,20011024,14116636,14825748,21116508,,1980,1980,1980,1980,,11460488,12441712,12184956,11092800
7701,1,2360,32,0,2254,0,61732856,54247044,70019808,7920,47181288,,12970680,18900308,18282860,11579008,,17140800,9840080,10154708,17111456,,19913288,14287124,14715516,21103880,,1980,1980,1980,1980,,11536452,12258532,12279116,11107188
7704,1,2361,32,0,2255,0,61884048,54568272,70344596,7920,46943836,,12986660,18997928,18279980,11619480,,17142620,9747168,10176296,17502188,,19915100,14194344,14737400,21497752,,1980,1980,1980,1980,,11549032,12372612,12301324,10720868
7708,1,2362,31,0,2256,0,61363076,54663704,70438064,7920,46873880,,12530296,19044704,17871872,11916204,,17609644,9692320,10151424,17210316,,20382040,14139856,14712948,21203220,,1980,1980,1980,1980,,11169584,12407068,12316664,10980564
7711,1,2363,31,0,2257,0,61807832,54631204,70407496,7920,46829364,,12850056,19055540,17916496,11985740,,17282856,9698400,10526864,17123084,,20054132,14148428,15088916,21116020,,1980,1980,1980,1980,,11400944,12418296,11937600,11072524
7715,1,2364,30,0,2258,0,61920128,54498852,70273868,7920,46928820,,12688348,19064204,18178192,11989384,,17440660,9681672,10266448,17110072,,20210464,14132152,14828992,21102260,,1980,1980,1980,1980,,11243756,12424968,12172860,11087236
7718,1,2365,30,0,2259,0,61056672,54532672,70309352,7920,46954544,,12859872,19076528,18263348,10856924,,17255436,9675872,10180112,17421252,,20026220,14128104,14742824,21412204,,1980,1980,1980,1980,,11424424,12435972,12270504,10823644
7722,1,2366,31,0,2260,0,61090220,54483728,70267564,7920,46972740,,12922188,19086388,18305724,10775920,,17189316,9663564,10140088,17490760,,19961852,14115872,14703100,21486740,,1980,1980,1980,1980,,11487164,12448072,12301188,10736316
7725,1,2367,32,0,2261,0,61066424,54893244,70676200,7920,46434696,,12682204,18883476,18324568,11176176,,17429480,9848184,10115844,17499736,,20202048,14299492,14679068,21495592,,1980,1980,1980,1980,,11222584,12197532,12313768,10700812
7729,1,2368,31,0,2262,0,61328404,55062280,70846856,7920,46283216,,12871156,19045780,18023664,11387804,,17240264,9698380,10410292,17713344,,20014696,14149952,14973916,21708292,,1980,1980,1980,1980,,11423236,12366664,11988908,10504408
7733,1,2369,32,0,2263,0,61586904,54357936,70144808,7920,46923724,,12926548,19111184,17820016,11729156,,17183452,9627340,10184952,17362192,,19957940,14081496,14748152,21357220,,1980,1980,1980,1980,,11482368,12431516,12222140,10787700
7737,1,2370,32,0,2264,0,61719792,54236564,70024952,7920,47135380,,12941956,19075088,17888036,11814712,,17162036,9686704,10104100,17283724,,19936624,14142140,14667424,21278764,,1980,1980,1980,1980,,11500740,12443156,12299664,10891820
7740,1,2371,33,0,2265,0,61505608,54460048,70249712,7920,46883148,,12660448,19092284,17910848,11842028,,17453552,9654140,10104892,17247464,,20228152,14110076,14668956,21242528,,1980,1980,1980,1980,,11196392,12456992,12318508,10911256
7744,1,2372,33,0,2266,0,61961996,54420492,70211976,7920,46860500,,12878212,19123240,18109568,11850976,,17229264,9634300,10319664,17237264,,20003888,14090572,14885092,21232424,,1980,1980,1980,1980,,11420040,12475644,12047120,10917696
7747,1,2373,32,0,2267,0,62239360,54121180,69913480,7920,47148056,,12950336,19145588,18268484,11874952,,17144804,9602840,10163012,17210524,,19919456,14059532,14728728,21205764,,1980,1980,1980,1980,,11492640,12498212,12220864,10936340
7751,1,2374,33,0,2268,0,62289020,54092084,69882864,7920,47249720,,12973176,19149536,18281812,11884496,,17115488,9609608,10158868,17208120,,19890164,14066768,14722564,21203368,,1980,1980,1980,1980,,11515920,12501032,12286180,10946588
7754,1,2375,34,0,2269,0,61911408,54498200,70291672,7920,46921568,,12982312,19176868,17864820,11887408,,17130152,9585296,10587788,17194964,,19904832,14044368,15152236,21190236,,1980,1980,1980,1980,,11525984,12536896,11907820,10950868
7758,1,2376,34,0,2270,0,61919816,54461616,70257000,7920,46827760,,13004512,18823588,18189092,11902624,,17101424,9919548,10257516,17183128,,19876164,14378724,14823684,21178428,,1980,1980,1980,1980,,11543064,12176928,12148384,10959384
7762,1,2377,33,0,2271,0,62084044,54307428,70103736,7920,46992144,,13019808,19077244,18065948,11921044,,17089648,9670188,10382364,17165228,,19864424,14129616,14947932,21161764,,1980,1980,1980,1980,,11559316,12443240,12013440,10976148
7765,1,2378,33,0,2272,0,61960632,54434628,70231200,7920,46937992,,12654300,19151912,18222516,11931904,,17484744,9587736,10209592,17152556,,20259428,14047296,14775348,21149128,,1980,1980,1980,1980,,11231012,12525936,12179156,11001888
7769,1,2379,32,0,2273,0,62296400,54113836,69913572,7920,47278220,,12881916,19190212,18287320,11936952,,17257120,9550488,10161696,17144532,,20031820,14010976,14729656,21141120,,1980,1980,1980,1980,,11469500,12558900,12243984,11005836
7772,1,2380,34,0,2274,0,62166152,54207056,70006324,7920,47151908,,12727216,19201696,18283500,11953740,,17396488,9531500,10146948,17132120,,20171168,13991744,14715408,21128004,,1980,1980,1980,1980,,11290856,12569820,12270452,11020780
7776,1,2381,34,0,2275,0,61428388,54151988,69949764,7920,47342232,,12878808,18774832,18297508,11477240,,17252324,9526732,10149380,17223552,,20027020,13985580,14718340,21218824,,1980,1980,1980,1980,,11452040,12578764,12277040,11034388
7780,1,2382,34,0,2276,0,61057008,54946448,70741428,7920,46522852,,12926056,18751452,18299560,11079940,,17198912,9979784,10144136,17623616,,19973612,14437964,14713276,21616576,,1980,1980,1980,1980,,11501652,12076420,12293628,10651152
7783,1,2383,31,0,2277,0,61625396,54357568,70155632,7920,47085740,,12923120,19016460,18328004,11357812,,17200344,9691644,10112372,17353208,,19975052,14152240,14681880,21346460,,1980,1980,1980,1980,,11504084,12360200,12305216,10916240
7787,1,2384,34,0,2278,0,61520076,54440872,70239772,7920,46965016,,12602148,19146500,18329652,11441776,,17520968,9564576,10109260,17246068,,20295076,14026312,14679052,21239332,,1980,1980,1980,1980,,11149636,12491928,12323940,10999512
7791,1,2385,33,0,2279,0,61892404,54056100,69854284,7920,47310944,,12853556,19203832,18383284,11451732,,17269768,9502012,10045320,17239000,,20043920,13964056,14615564,21230744,,1980,1980,1980,1980,,11415808,12536416,12353448,11005272
7794,1,2386,35,0,2280,0,61974932,53998624,69798720,7920,47425032,,12931368,19185016,18391864,11466684,,17184436,9561512,10035008,17217668,,19958600,14023592,14607104,21209424,,1980,1980,1980,1980,,11490788,12554664,12370416,11009164
7798,1,2387,35,0,2281,0,61337664,54652796,70453240,7920,46817816,,12943936,18317032,18410340,11666356,,17177760,10009196,10014280,17451560,,19951952,14469288,14586680,21445320,,1980,1980,1980,1980,,11504900,12174028,12383288,10755600
7801,1,2388,32,0,2282,0,61649476,54743500,70542472,7920,46661428,,12808800,18567888,18442328,11830460,,17306572,10185052,9983612,17268264,,20079624,14644124,14556672,21262052,,1980,1980,1980,1980,,11335172,11967008,12418536,10940712
7805,1,2389,32,0,2283,0,61932460,54488472,70291876,7920,46982092,,12921928,18701132,18447856,11861544,,17199880,10057080,9982620,17248892,,19972944,14520036,14556172,21242724,,1980,1980,1980,1980,,11464056,12116312,12428896,10972828
7809,1,2390,33,0,2284,0,61567820,54809684,70613400,7920,46694924,,12943964,18328660,18442304,11852892,,17158240,10413500,9987776,17250168,,19931340,14876560,14561496,21244004,,1980,1980,1980,1980,,11483996,11783456,12450132,10977340
7812,1,2391,31,0,2285,0,60903060,55469396,71271528,7920,45962488,,12954320,18598160,17491440,11859140,,17148384,10146220,10937060,17237732,,19921592,14608816,15509528,21231592,,1980,1980,1980,1980,,11494284,11988824,11496032,10983348
7816,1,2392,29,0,2286,0,60917772,55463788,71270880,7920,45958856,,12748356,18695444,18031352,11442620,,17352280,10042236,10394788,17674484,,20126120,14505588,14967660,21671512,,1980,1980,1980,1980,,11260444,12097556,11986572,10614284
7820,1,2393,30,0,2287,0,61332852,55044576,70854008,7920,46288720,,12902812,18704148,17975344,11750548,,17206892,10031312,10447920,17358452,,19980844,14494928,15021136,21357100,,1980,1980,1980,1980,,11426992,12110088,11907024,10844616
7823,2,2394,30,0,2288,0,61518032,54828272,70637996,7920,46447684,,12962880,18740824,17967104,11847224,,17140032,9995172,10451592,17241476,,19914092,14459960,15023800,21240144,,1980,1980,1980,1980,,11481608,12137620,11884852,10943604
7827,1,2395,31,0,2289,0,61707860,54666656,70477212,7920,46747336,,12909500,18747076,18179900,11871384,,17217492,9993204,10230788,17225172,,19991372,14458396,14803384,21224060,,1980,1980,1980,1980,,11507208,12151900,12111016,10977212
7831,1,2396,32,0,2290,0,61838112,54510452,70321844,7920,46865912,,12917252,18760344,18273260,11887256,,17203736,9970916,10123440,17212360,,19977648,14436312,14696592,21211292,,1980,1980,1980,1980,,11518112,12158952,12203528,10985320
7834,1,2397,32,0,2291,0,61464144,54424008,70236160,7920,46918388,,12938012,18783476,18278296,11464360,,17184360,9942964,10110584,17186100,,19958276,14408816,14684268,21184800,,1980,1980,1980,1980,,11540936,12173556,12206356,10997540
7838,1,2398,32,0,2292,0,61484300,54451996,70264288,7920,46966096,,12941808,18796732,18294608,11451152,,17173832,9925192,10093816,17259156,,19947772,14391392,14667600,21257524,,1980,1980,1980,1980,,11545260,12182096,12216856,11021884
7841,1,2399,33,0,2293,0,61944428,54417524,70232284,7920,47011468,,12959384,18802312,18291208,11891524,,17163236,9927392,10104232,17222664,,19938500,14393824,14678428,21221532,,1980,1980,1980,1980,,11563888,12194628,12224180,11028772
7845,1,2400,33,0,2294,0,61721448,54657784,70474588,7920,46765320,,12974400,18831496,18297012,11618540,,17133576,9889308,10119920,17514980,,19908900,14358664,14694288,21512736,,1980,1980,1980,1980,,11584792,12223636,12227904,10728988
7849,1,2401,32,0,2295,0,61391380,54551224,70369008,7920,46857920,,12849032,18846472,17859972,11835904,,17278504,9874252,10114844,17283624,,20053832,14345504,14688288,21281384,,1980,1980,1980,1980,,11430580,12240636,12239680,10947024
7852,1,2402,34,0,2296,0,61590808,54340516,70160540,7920,47068208,,12959180,18865244,17884996,11881388,,17163736,9872656,10073344,17230780,,19939152,14345756,14647080,21228552,,1980,1980,1980,1980,,11551264,12263472,12250420,11003052
7856,1,2403,35,0,2297,0,61363388,55034404,70849928,7920,46433008,,12991064,18182688,18306640,11882996,,17143284,10562252,10082852,17246016,,19918744,15031012,14656356,21243816,,1980,1980,1980,1980,,11580116,11596480,12253076,11003336
7859,1,2404,33,0,2298,0,61571012,54851548,70669264,7920,46585808,,12994636,18582080,18095456,11898840,,17144000,10161448,10320044,17226056,,19919496,14630956,14894944,21223868,,1980,1980,1980,1980,,11590008,11970692,12007232,11017876
7863,1,2405,32,0,2299,0,61726192,54651032,70469532,7920,46719812,,12823660,18750384,18245796,11906352,,17306892,9984044,10157212,17202884,,20082524,14453860,14732420,21200728,,1980,1980,1980,1980,,11387960,12140864,12171036,11019952
7867,1,2406,33,0,2300,0,61468632,54905700,70725956,7920,46405484,,12406260,18823712,18307972,11930688,,17724196,9906848,10086332,17188324,,20499700,14376932,14662008,21187316,,1980,1980,1980,1980,,10941704,12203812,12220588,11039380
7870,1,2407,33,0,2301,0,61728992,54659044,70479740,7920,46776224,,12738064,18834072,18218604,11938252,,17373460,9901600,10211120,17172864,,20148980,14372100,14786780,21171880,,1980,1980,1980,1980,,11283220,12214780,12230452,11047772
7874,1,2408,33,0,2302,0,61062652,54436396,70258900,7920,46987472,,12891228,18429568,17802404,11939452,,17194920,9878712,10205468,17157296,,19970464,14348928,14783180,21156328,,1980,1980,1980,1980,,11437648,12249132,12247252,11053440
7878,1,2409,36,0,2303,0,61386796,54571000,70397592,7920,46876296,,12934460,18443176,18053840,11955320,,17163164,9871836,10382148,17153852,,19938772,14345780,14960144,21152896,,1980,1980,1980,1980,,11474848,12271796,12061856,11067796
7881,1,2410,35,0,2304,0,60952040,54577308,70399952,7920,46835752,,12957708,18451428,18180280,11362624,,17131896,9855768,10265040,17324604,,19907520,14330004,14843548,21318880,,1980,1980,1980,1980,,11497564,12280872,12185736,10871580
7885,1,2411,34,0,2305,0,61075068,54445800,70267216,7920,47038976,,12912172,18478388,18223788,11460720,,17214016,9823384,10187828,17220572,,19989504,14296228,14766596,21214888,,1980,1980,1980,1980,,11514160,12305964,12225820,10993032
7889,1,2412,35,0,2306,0,61346160,55025568,70851396,7920,46413544,,12920200,18917392,18230868,11277700,,17203356,9797288,10190640,17834284,,19978848,14270776,14769760,21832012,,1980,1980,1980,1980,,11522328,12312640,12232308,10346268
7892,1,2413,34,0,2307,0,61387940,55007264,70834904,7920,46432748,,12929920,18536904,18252856,11668260,,17186164,10205040,10174364,17441696,,19961684,14679672,14754072,21439476,,1980,1980,1980,1980,,11528892,11939248,12245504,10719104
7896,1,2414,34,0,2308,0,61399088,54557348,70388880,7920,46921840,,12955392,18396960,18289412,11757324,,17158952,9879984,10134348,17384064,,19934492,14356636,14715880,21381872,,1980,1980,1980,1980,,11553744,12204236,12276796,10887064
7899,1,2415,36,0,2309,0,61583520,54360152,70192388,7920,47104176,,12969676,18488056,18305156,11820632,,17137072,9795952,10129472,17297656,,19912620,14273100,14711232,21295436,,1980,1980,1980,1980,,11574304,12296068,12288980,10944824
7903,1,2416,36,0,2310,0,61324072,55043028,70873996,7920,46424380,,12978064,18198336,18323164,11824508,,17126516,10523204,10094164,17299144,,19902076,14998748,14676236,21296936,,1980,1980,1980,1980,,11582248,11593492,12301864,10946776
7906,2,2417,34,0,2311,0,61560364,54784492,70615900,7920,46608940,,12761140,18636256,18335112,11827856,,17365836,10053680,10076684,17288292,,20140300,14530428,14659072,21286100,,1980,1980,1980,1980,,11333812,11991036,12327052,10957040
7910,1,2418,34,0,2312,0,61074688,54876480,70702724,7920,46607792,,12523272,18369916,18330576,11850924,,17601572,9906036,10102756,17266116,,20376492,14376860,14685440,21263932,,1980,1980,1980,1980,,11124020,12159896,12344120,10979756
7914,1,2419,34,0,2313,0,60991932,54526712,70354044,7920,46992788,,12835856,18367144,17937400,11851532,,17272796,9932388,10065052,17256476,,20047724,14405084,14646936,21254300,,1980,1980,1980,1980,,11410004,12233824,12365404,10983556
7917,2,2420,37,0,2314,0,61142152,54380740,70207704,7920,47150000,,12938812,18386904,17957532,11858904,,17174536,9897756,10041216,17267232,,19949500,14369560,14623580,21265064,,1980,1980,1980,1980,,11514944,12248976,12391824,10994256
7921,1,2421,37,0,2315,0,60376004,54725652,70552280,7920,46814416,,12561072,18399856,17961620,11453456,,17566156,9898012,10024516,17236968,,20341080,14368064,14607328,21235808,,1980,1980,1980,1980,,11141364,12259620,12396628,11016804
7925,1,2422,37,0,2316,0,60407172,54724052,70555332,7920,46776984,,12844780,18092076,17569896,11900420,,17286688,10217088,9992364,17227912,,20061660,14692928,14573996,21226748,,1980,1980,1980,1980,,11398020,11915480,12434244,11029240
7928,1,2423,34,0,2317,0,60131700,55379032,71213916,7920,46034136,,12733664,18101848,17603232,11692956,,17374056,10634916,9961256,17408804,,20148576,15112764,14543072,21409504,,1980,1980,1980,1980,,11260064,11519120,12459404,10795548
7932,1,2424,33,0,2318,0,61111080,54829124,70669212,7920,46567960,,12868152,18531080,17859404,11852444,,17231976,10180720,10151040,17265388,,20006516,14658804,14737428,21266464,,1980,1980,1980,1980,,11409500,11904936,12283836,10969688
7936,1,2425,34,0,2319,0,61427848,54887092,70727296,7920,46433848,,12766196,18696028,18057316,11908308,,17329400,9993372,10366180,17198140,,20102920,14472268,14952820,21199288,,1980,1980,1980,1980,,11272176,12091620,12044288,11025764
7940,1,2426,33,0,2320,0,61656436,54637316,70476932,7920,46631440,,12877320,18754024,18093868,11931224,,17210428,9941948,10308108,17176832,,19983992,14421140,14893792,21178008,,1980,1980,1980,1980,,11392924,12140996,12057004,11040516
7944,0,2427,32,0,2321,0,61892056,54418800,70262968,7920,46892196,,12894804,18756560,18292560,11948132,,17196260,9946000,10119596,17156944,,19969844,14425284,14709688,21158152,,1980,1980,1980,1980,,11409676,12158456,12267540,11056524
7947,1,2428,33,0,2322,0,61507520,54403636,70248784,7920,47035992,,12827196,18774760,17936968,11968596,,17306240,9934208,10029956,17133232,,20080024,14414132,14620136,21134492,,1980,1980,1980,1980,,11431992,12176224,12348340,11079436
7951,0,2429,35,0,2323,0,61552744,54381172,70225092,7920,47078912,,12849996,18785068,17939064,11978616,,17288440,9930056,10023516,17139160,,20063568,14410196,14614476,21136852,,1980,1980,1980,1980,,11449180,12188276,12351348,11090108
7954,1,2430,36,0,2324,0,61615540,54322260,70165576,7920,47135840,,12867584,18802892,17950604,11994460,,17275868,9910796,10006232,17129364,,20051012,14389040,14597684,21127840,,1980,1980,1980,1980,,11468008,12203292,12360076,11104464
7958,1,2431,36,0,2325,0,60905132,55043140,70888936,7920,46373708,,12885572,18830416,17430084,11759060,,17251732,9891304,10539448,17360656,,20026884,14369872,15129356,21362824,,1980,1980,1980,1980,,11488876,12217876,11808068,10858888
7961,1,2432,34,0,2326,0,60723512,55214388,71057956,7920,46180476,,12604284,18847416,17733620,11538192,,17537300,9859772,10228696,17588620,,20311408,14338764,14818940,21588844,,1980,1980,1980,1980,,11184676,12236756,12110012,10649032
7965,1,2433,32,0,2327,0,61047156,54867336,70711684,7920,46485036,,12839128,18851212,17496808,11860008,,17296932,9867940,10454388,17248076,,20072132,14347808,15043340,21248404,,1980,1980,1980,1980,,11422964,12250476,11868148,10943448
7969,1,2434,32,0,2328,0,61295036,54596892,70441576,7920,46658572,,12910876,18463200,17971468,11949492,,17194312,9832476,10405708,17164396,,19969560,14312004,14995280,21164732,,1980,1980,1980,1980,,11496920,12285032,11834588,11042032
7973,1,2435,32,0,2329,0,61509200,54338268,70183656,7920,46923176,,12925704,18458456,18156900,11968140,,17193316,9814788,10194480,17135684,,19968584,14294656,14784364,21136052,,1980,1980,1980,1980,,11515000,12287224,12064228,11056724
7976,1,2436,32,0,2330,0,61468880,54409796,70254236,7920,46893328,,12949300,18429232,18243540,11846808,,17170916,9864620,10115620,17258640,,19946196,14343828,14705660,21258552,,1980,1980,1980,1980,,11539376,12298768,12146604,10908580
7980,1,2437,31,0,2331,0,61992772,54299160,70145880,7920,47037456,,12957472,18876348,18229508,11929444,,17151108,9845532,10142644,17159876,,19926392,14328524,14733280,21157684,,1980,1980,1980,1980,,11549768,12325040,12153968,11008680
7983,1,2438,32,0,2332,0,60392620,55547980,71394096,7920,45916168,,12964128,17624696,18245476,11558320,,17157284,10700840,10126792,17563064,,19932592,15181248,14718036,21562220,,1980,1980,1980,1980,,11554896,11552028,12163320,10645924
7987,1,2439,31,0,2333,0,60829284,55040252,70893820,7920,46268864,,12559428,18188648,18234480,11846728,,17563396,10099560,10127024,17250272,,20338680,14584868,14718576,21251696,,1980,1980,1980,1980,,11195816,12006188,12167452,10899408
7991,1,2440,30,0,2334,0,61195940,55137144,70992440,7920,46184136,,12666636,18454248,18156612,11918444,,17445808,10254560,10267480,17169296,,20220328,14742460,14858908,21170744,,1980,1980,1980,1980,,11214576,11806776,12179356,10983428
7995,1,2441,29,0,2335,0,61312412,54597176,70453212,7920,46723304,,12861604,18739792,18191968,11519048,,17246212,9970028,10238056,17142880,,20020780,14458648,14830260,21143524,,1980,1980,1980,1980,,11419592,12105240,12190608,11007864
7999,1,2442,29,0,2336,0,61108364,55200908,71057096,7920,46062052,,12789040,18439000,18188784,11691540,,17294060,10270876,10245320,17390652,,20068676,14759600,14838032,21390788,,1980,1980,1980,1980,,11313972,11821048,12199420,10727612
8002,1,2443,28,0,2337,0,61682036,54597256,70454160,7920,46615168,,12893492,18731632,18204776,11852136,,17198800,9966528,10209024,17222904,,19973400,14455640,14802044,21223076,,1980,1980,1980,1980,,11430348,12077492,12204024,10903304
8006,1,2444,28,0,2338,0,61796144,54507404,70364644,7920,46815396,,12855276,18811992,18200660,11928216,,17270968,9894436,10201656,17140344,,20045448,14383748,14794824,21140624,,1980,1980,1980,1980,,11456848,12168972,12214572,10975004
8009,1,2445,29,0,2339,0,61869520,54450148,70311876,7920,46873948,,12853224,18852360,18229996,11933940,,17275028,9856332,10177468,17141320,,20051560,14346232,14772480,21141604,,1980,1980,1980,1980,,11461008,12198232,12229676,10985032
8013,1,2446,29,0,2340,0,61742860,54573020,70434492,7920,46711764,,12691424,18857788,18235568,11958080,,17456800,9841780,10164932,17109508,,20232208,14332104,14760328,21109852,,1980,1980,1980,1980,,11269528,12211208,12236156,10994872
8017,1,2447,29,0,2341,0,61411808,54536376,70399336,7920,46882384,,12813480,18434276,18268132,11895920,,17327324,9824808,10139644,17244600,,20102772,14314968,14736792,21244804,,1980,1980,1980,1980,,11403176,12219248,12253736,11006224
8020,1,2448,31,0,2342,0,61113416,54788348,70649104,7920,46535740,,12845904,18469204,18042048,11756260,,17270308,9796756,10366776,17354508,,20045780,14287268,14964132,21351924,,1980,1980,1980,1980,,11432504,12250844,12008384,10844008
8024,1,2449,30,0,2343,0,61835652,54498640,70362216,7920,46840708,,12858192,18913352,18212280,11851828,,17264148,9773916,10185616,17274960,,20040360,14263968,14783308,21274580,,1980,1980,1980,1980,,11447524,12258280,12179556,10955348
8028,1,2450,31,0,2344,0,61527768,54401848,70261776,7920,46956040,,12889308,18895260,17858408,11884792,,17232036,9800984,10126092,17242736,,20009572,14290672,14720736,21240796,,1980,1980,1980,1980,,11472556,12274200,12233396,10975888
8031,2,2451,31,0,2345,0,60777556,54706820,70570616,7920,46563936,,12906588,18099872,17874216,11896880,,17210584,10162736,10108564,17224936,,19988128,14652676,14703032,21226780,,1980,1980,1980,1980,,11486588,11838768,12242504,10996076
8035,1,2452,34,0,2346,0,60733100,55252276,71114888,7920,46196540,,12927440,18220800,17905792,11679068,,17189976,10110064,10515164,17437072,,19967536,14599932,15109756,21437664,,1980,1980,1980,1980,,11505260,12065932,11873248,10752100
8039,1,2453,32,0,2347,0,61442560,54888920,70756808,7920,46440956,,12942844,18460084,18203992,11835640,,17168308,10258600,10192608,17269404,,19945856,14747412,14791652,21271888,,1980,1980,1980,1980,,11525836,11853076,12136208,10925836
8042,2,2454,31,0,2348,0,61631416,54754804,70623588,7920,46600012,,12758320,18673696,18302064,11897336,,17369088,10071764,10091940,17222012,,20146704,14560804,14691520,21224560,,1980,1980,1980,1980,,11315516,12070232,12227892,10986372
8046,1,2455,31,0,2349,0,61430808,54926660,70796552,7920,46463504,,12471068,18746092,18286612,11927036,,17659344,9971064,10111300,17184952,,20437036,14460604,14711376,21187536,,1980,1980,1980,1980,,11081512,12130284,12244236,11007472
8050,1,2456,31,0,2350,0,61808820,54505188,70375500,7920,46791164,,12816096,18751332,18292500,11948892,,17284248,9945352,10122364,17153224,,20061908,14435252,14722520,21155820,,1980,1980,1980,1980,,11350880,12141072,12266984,11032228
8054,1,2457,30,0,2351,0,61721392,54622764,70493068,7920,46736012,,12901692,18580072,18276780,11962848,,17211088,10147872,10127984,17135820,,19988764,14637348,14728532,21138424,,1980,1980,1980,1980,,11456916,11954444,12276268,11048384
8057,1,2458,31,0,2352,0,61539180,54380260,70252004,7920,46909872,,12923332,18750060,17865008,12000780,,17183104,9986584,10102812,17107760,,19960880,14476760,14703992,21110372,,1980,1980,1980,1980,,11478460,12066480,12285656,11079276
8061,1,2459,30,0,2353,0,61886116,54456320,70328824,7920,46808072,,12935476,18788436,18148580,12013624,,17158876,9939604,10264640,17093200,,19936720,14430056,14866228,21095820,,1980,1980,1980,1980,,11490984,12103688,12125580,11087820
8064,1,2460,30,0,2354,0,62040184,54258672,70131668,7920,46949212,,12952508,18799028,18266928,12021720,,17142760,9917796,10131836,17066280,,19920612,14408348,14733784,21068924,,1980,1980,1980,1980,,11505660,12104028,12233068,11106456
8068,1,2461,30,0,2355,0,61630776,54258892,70133480,7920,47029688,,12914656,18807388,18295068,11613664,,17206764,9892464,10108956,17050708,,19984516,14386588,14711336,21051040,,1980,1980,1980,1980,,11523728,12114532,12263040,11128388
8072,1,2462,32,0,2356,0,61242776,54254196,70130084,7920,47077316,,12924324,18817668,18303688,11197096,,17203576,9917160,10094100,17039360,,19981456,14411396,14698500,21038732,,1980,1980,1980,1980,,11531096,12120540,12291292,11134388
8075,1,2463,34,0,2357,0,60871844,55022088,70895500,7920,46330032,,12926900,18825276,18329796,10789872,,17196828,9882200,10054480,17888580,,19974708,14376928,14659400,21884464,,1980,1980,1980,1980,,11538708,12125420,12301100,10364804
8079,1,2464,34,0,2358,0,60785948,55173932,71050124,7920,46152024,,12699720,18861744,17917388,11307096,,17432172,9867460,10044864,17829436,,20210104,14362692,14649916,21827412,,1980,1980,1980,1980,,11285368,12140796,12325780,10400080
8083,1,2465,32,0,2359,0,61388928,54543548,70422476,7920,46736848,,12876520,18855352,17947304,11709752,,17254436,9871032,10013180,17404900,,20032380,14366472,14620604,21403020,,1980,1980,1980,1980,,11472516,12151044,12343020,10770268
8086,2,2466,32,0,2360,0,61805540,54510500,70390892,7920,46691228,,12923836,18856776,18133760,11891168,,17182048,9861956,10264356,17202140,,19960012,14358548,14872052,21200280,,1980,1980,1980,1980,,11518228,12156288,12069844,10946868
8090,1,2467,31,0,2361,0,61876772,54447348,70330580,7920,46734960,,12946856,18898836,18327372,11703708,,17176504,9832984,10052916,17384944,,19954472,14329900,14660948,21385260,,1980,1980,1980,1980,,11547072,12183168,12263660,10741060
8094,1,2468,33,0,2362,0,62118896,54188816,70073160,7920,46999552,,12959604,18898924,18389912,11870456,,17165608,9810556,9986604,17226048,,19944896,14306892,14594996,21226376,,1980,1980,1980,1980,,11561800,12195472,12325632,10916648
8098,1,2469,33,0,2363,0,62168112,54183944,70072792,7920,47070436,,12967748,18888904,18389252,11922208,,17164760,9843432,9995144,17180608,,19944076,14343868,14603844,21181004,,1980,1980,1980,1980,,11569636,12207932,12331880,10960988
8101,1,2470,33,0,2364,0,61612228,54671492,70564184,7920,46513948,,12800332,18496020,18397996,11917880,,17317616,10219152,9973336,17161388,,20101080,14718720,14582580,21161804,,1980,1980,1980,1980,,11366088,11833848,12344796,10969216
8105,1,2471,33,0,2365,0,61632672,54688124,70580780,7920,46532560,,12501904,18786384,18419116,11925268,,17622724,9941012,9947432,17176956,,20406228,14440988,14556140,21177424,,1980,1980,1980,1980,,11115204,12079296,12362700,10975360
8108,1,2472,32,0,2366,0,62036448,54264468,70157524,7920,46910532,,12838044,18875368,18392512,11930524,,17272808,9846316,9981344,17164000,,20056104,14346688,14590220,21164512,,1980,1980,1980,1980,,11388404,12173440,12362956,10985732
8112,1,2473,32,0,2367,0,61594632,54736212,70632852,7920,46501696,,12930148,18905084,17814096,11945304,,17182616,9814688,10598760,17140148,,19965924,14317444,15208816,21140668,,1980,1980,1980,1980,,11488776,12210884,11801804,11000232
8116,1,2474,31,0,2368,0,62017076,54321176,70218684,7920,46869084,,12987644,18904236,18172168,11953028,,17125840,9819676,10228448,17147212,,19909536,14323204,14838196,21147748,,1980,1980,1980,1980,,11526248,12215976,12122472,11004388
8119,1,2475,33,0,2369,0,61375428,54527140,70419244,7920,46666080,,13001616,18518568,17875068,11980176,,17095348,10219520,10088200,17124072,,19879120,14717016,14697476,21125632,,1980,1980,1980,1980,,11548656,11836244,12247484,11033696
8123,1,2476,33,0,2370,0,61945724,54369592,70266612,7920,46757784,,13032464,18826300,18102964,11983996,,17067904,9893104,10294892,17113692,,19851736,14394200,14905416,21115260,,1980,1980,1980,1980,,11579684,12106700,12033556,11037844
8127,1,2477,34,0,2371,0,62139952,54185072,70085164,7920,47010516,,12984636,18897304,18264868,11993144,,17152584,9811472,10123892,17097124,,19936332,14315560,14734556,21098716,,1980,1980,1980,1980,,11583884,12188208,12194504,11043920
8130,1,2478,35,0,2372,0,62010516,54298660,70195336,7920,46849424,,12748984,18932416,18313460,12015656,,17380260,9776924,10063756,17077720,,20162696,14281508,14677932,21073200,,1980,1980,1980,1980,,11319344,12216120,12253336,11060624
8134,1,2479,35,0,2373,0,61565168,54766836,70664160,7920,46407136,,12680972,18944296,18346160,11593740,,17445760,9784520,10028092,17508464,,20228108,14289600,14642796,21503656,,1980,1980,1980,1980,,11237988,12220952,12275896,10672300
8138,1,2480,34,0,2374,0,62013672,54323732,70222976,7920,46885916,,12887760,18954336,18347608,11823968,,17220920,9765972,10032764,17304076,,20003276,14271240,14647840,21300620,,1980,1980,1980,1980,,11451672,12229164,12288224,10916856
8141,1,2481,34,0,2375,0,61328520,54178948,70076360,7920,47076628,,12945988,18967988,17931240,11483304,,17157564,9748316,10056384,17216684,,19939992,14254036,14672088,21210244,,1980,1980,1980,1980,,11508092,12244416,12308152,11015968
8145,1,2482,33,0,2376,0,61722036,54158252,70056776,7920,46984192,,12968524,18981192,18259384,11512936,,17123896,9732280,10118512,17183564,,19906348,14239076,14734104,21177248,,1980,1980,1980,1980,,11524892,12255488,12173048,11030764
8148,1,2483,33,0,2377,0,61836416,54042976,69947132,7920,47117132,,12967512,18980976,18366932,11520996,,17131576,9739408,10002512,17169480,,19914084,14246448,14618592,21168008,,1980,1980,1980,1980,,11533264,12256136,12283352,11044380
8152,1,2484,34,0,2378,0,61143572,54308236,70211456,7920,46852456,,12972716,18248196,18410332,11512328,,17134676,10046648,9959200,17167712,,19917176,14552748,14575548,21165984,,1980,1980,1980,1980,,11541428,11941604,12317600,11051824
8156,1,2485,33,0,2379,0,60840764,54665544,70569976,7920,46567876,,12732804,18395836,18428836,11283288,,17393272,9918636,9943788,17409848,,20174272,14424780,14560316,21410608,,1980,1980,1980,1980,,11273652,12157472,12338716,10798036
8159,1,2486,32,0,2380,0,61339004,54147560,70053340,7920,47032404,,12919928,18510820,18452340,11455916,,17197516,9791892,9908260,17249892,,19978564,14298488,14525308,21250980,,1980,1980,1980,1980,,11468796,12228568,12355828,10979212
8163,1,2487,31,0,2381,0,61529472,54339292,70246320,7920,46711368,,12812104,18742152,18468344,11506872,,17297584,9974212,9888980,17178516,,20078528,14481364,14506620,21179808,,1980,1980,1980,1980,,11324608,11992492,12370488,11023780
8167,1,2488,32,0,2382,0,61644992,54243068,70151060,7920,46811704,,12725744,18900444,18498116,11520688,,17372908,9830592,9860800,17178768,,20153796,14338148,14479032,21180084,,1980,1980,1980,1980,,11227328,12152468,12397636,11034272
8170,1,2489,32,0,2383,0,61601468,54688832,70599524,7920,46398160,,12865556,18966336,18441588,11327988,,17224756,9738952,9952136,17772988,,20005692,14249212,14570428,21774192,,1980,1980,1980,1980,,11378636,12217564,12415820,10386140
8174,1,2490,30,0,2384,0,61819676,54477092,70389960,7920,46619296,,12924788,18773372,18434428,11687088,,17167772,9935960,9954272,17419088,,19952304,14444480,14572872,21420304,,1980,1980,1980,1980,,11430380,12005292,12428948,10754676
8177,2,2491,32,0,2385,0,61745580,54571112,70487268,7920,46574016,,12951432,18907460,18045928,11840760,,17144712,9794324,10361096,17270980,,19929588,14303588,14981892,21272200,,1980,1980,1980,1980,,11454960,12142976,12074696,10901384
8181,1,2492,32,0,2386,0,61702744,54561908,70481876,7920,46510512,,12956624,18941996,17924244,11879880,,17142480,9737088,10454760,17227580,,19927400,14246648,15078952,21228876,,1980,1980,1980,1980,,11463652,12186296,11919432,10941132
8185,1,2493,32,0,2387,0,62063368,54190944,70111252,7920,46839024,,12989520,18937868,18266516,11869464,,17105756,9741048,10119012,17225128,,19890728,14250740,14743352,21226432,,1980,1980,1980,1980,,11492504,12187648,12213776,10945096
8188,1,2494,32,0,2388,0,61713384,54136372,70059324,7920,47024144,,12916136,18953360,17959704,11884184,,17206424,9741320,9981896,17206732,,19991208,14251424,14606596,21210096,,1980,1980,1980,1980,,11508636,12200912,12353088,10961508
8192,1,2495,31,0,2389,0,61604392,54259936,70182360,7920,46898244,,12758928,18959128,17982560,11903776,,17376660,9739836,9962552,17180888,,20160068,14250092,14587868,21184332,,1980,1980,1980,1980,,11332668,12210920,12384788,10969868
8195,1,2496,31,0,2390,0,61738076,54122440,70045868,7920,47028028,,12865332,18972876,17989804,11910064,,17265176,9730124,9940572,17186568,,20048596,14240840,14566368,21190064,,1980,1980,1980,1980,,11451684,12214756,12389428,10972160
8199,1,2497,31,0,2391,0,61224088,54229876,70147916,7920,46940748,,12894684,18589512,18297080,11442812,,17225736,9664868,10081152,17258120,,20009176,14175280,14706688,21256772,,1980,1980,1980,1980,,11479720,12245436,12239652,10975940
8202,1,2498,32,0,2392,0,61082336,54759316,70682820,7920,46426564,,12890940,18587836,18137468,11466092,,17220528,9673480,10200192,17665116,,20003988,14183896,14825924,21669012,,1980,1980,1980,1980,,11482076,12259428,12067672,10617388
8206,1,2499,31,0,2393,0,61590208,54305512,70229352,7920,46856428,,12925280,18614572,18274520,11775836,,17192004,9665356,10094516,17353636,,19975476,14176916,14720416,21356544,,1980,1980,1980,1980,,11504276,12264636,12235620,10851896
8209,1,2500,31,0,2394,0,61590984,54250528,70179312,7920,46840580,,12927364,18634628,18170472,11858520,,17189804,9624504,10174656,17261564,,19973288,14140552,14800988,21264484,,1980,1980,1980,1980,,11508808,12289240,12089128,10953404
8213,1,2501,31,0,2395,0,62159628,54118440,70047568,7920,47003240,,12933552,19071428,18276836,11877812,,17186304,9617956,10066704,17247476,,19969804,14133908,14693436,21250420,,1980,1980,1980,1980,,11513316,12299872,12213428,10976624
8216,1,2502,32,0,2396,0,62236784,54064940,69995924,7920,47106208,,12968372,19053080,18318296,11897036,,17159808,9656692,10016816,17231624,,19943316,14174308,14643720,21234580,,1980,1980,1980,1980,,11543912,12324420,12254872,10983004
8220,1,2503,33,0,2397,0,61931068,54357636,70290712,7920,46766108,,12986388,18717612,18326132,11900936,,17133244,10000272,10008912,17215208,,19918196,14517864,14636460,21218192,,1980,1980,1980,1980,,11558608,11950172,12263952,10993376
8224,2,2504,31,0,2398,0,62039692,54254712,70189564,7920,46862332,,12995840,18800076,18324048,11919728,,17122480,9908112,10020060,17204060,,19909104,14425160,14648236,21207064,,1980,1980,1980,1980,,11575632,12009860,12268952,11007888
8228,1,2505,31,0,2399,0,61672236,54595540,70531672,7920,46513744,,12424164,18981128,18342832,11924112,,17691724,9714636,9979664,17209516,,20478352,14232776,14608000,21212544,,1980,1980,1980,1980,,11024980,12201220,12277336,11010208
8232,1,2506,31,0,2400,0,61359496,54521092,70456556,7920,46639632,,12788560,18783144,18276328,11511464,,17336200,9904536,10090448,17189908,,20122892,14423124,14717080,21193460,,1980,1980,1980,1980,,11337748,11985260,12277788,11038836
8236,1,2507,32,0,2401,0,61469924,54423124,70362300,7920,46746012,,12905148,18978348,18074128,11512300,,17195280,9713928,10328748,17185168,,19981980,14233276,14958576,21188468,,1980,1980,1980,1980,,11490036,12169884,12041708,11044384
8240,1,2508,32,0,2402,0,62047872,54250556,70190200,7920,46847472,,12841616,19033676,18223708,11948872,,17265188,9657216,10156540,17171612,,20051960,14178276,14786848,21173116,,1980,1980,1980,1980,,11359616,12236016,12198900,11052940
8243,1,2509,34,0,2403,0,61903636,54376784,70319464,7920,46701360,,12933540,19049608,18254236,11666252,,17167124,9632148,10110796,17466716,,19953912,14153316,14741460,21470776,,1980,1980,1980,1980,,11463696,12255480,12239944,10742240
8247,1,2510,33,0,2404,0,61678584,54635684,70586752,7920,46595868,,12456580,19062936,18282192,11876876,,17669988,9626184,10102820,17236692,,20464632,14147760,14733604,21240756,,1980,1980,1980,1980,,11119776,12268512,12257404,10950176
8251,1,2511,36,0,2405,0,61382568,54480788,70429464,7920,46711184,,12472948,18670032,18292416,11947172,,17645024,9586120,10093992,17155652,,20439696,14104440,14725572,21159756,,1980,1980,1980,1980,,11136016,12288084,12270128,11016956
8254,1,2512,35,0,2406,0,61731916,54552248,70502672,7920,46584072,,12486672,18972668,18318624,11953952,,17631340,9710732,10053596,17156580,,20426028,14230184,14685756,21160704,,1980,1980,1980,1980,,11150504,12126992,12288780,11017796
8258,1,2513,35,0,2407,0,61415512,54465380,70415028,7920,46751884,,12511640,19095740,18308948,11499184,,17600608,9593084,10067176,17204512,,20395304,14112868,14699440,21207416,,1980,1980,1980,1980,,11175224,12258192,12297736,11020732
8262,1,2514,35,0,2408,0,61907948,54382432,70332912,7920,46817348,,12523528,19116048,18342884,11925488,,17588568,9561636,10031940,17200288,,20383268,14081796,14664980,21202868,,1980,1980,1980,1980,,11187904,12280244,12318556,11030644
8265,1,2515,37,0,2409,0,61953980,54325800,70275716,7920,46870628,,12541568,19128860,18363664,11919888,,17569516,9526552,10021916,17207816,,20364232,14047968,14655152,21208364,,1980,1980,1980,1980,,11204832,12291324,12341936,11032536
8269,1,2516,37,0,2410,0,61495844,54808312,70762784,7920,46349584,,12560328,19159016,18095052,11681448,,17543936,9513364,10293032,17457980,,20338672,14035012,14928072,21461028,,1980,1980,1980,1980,,11219152,12308516,12050528,10771388
8273,1,2517,36,0,2411,0,61472324,54383792,70338576,7920,46793976,,12584688,19153388,18298396,11435852,,17532684,9509872,10068328,17272908,,20328760,14031600,14703784,21274432,,1980,1980,1980,1980,,11247932,12315144,12270744,10960156
8276,2,2518,38,0,2412,0,61564692,54298436,70260208,7920,46947552,,12604360,19080972,18384824,11494536,,17508296,9627372,9973404,17189364,,20304656,14149132,14610704,21195716,,1980,1980,1980,1980,,11264816,12322648,12344532,11015556
8280,1,2519,40,0,2413,0,61652480,54210712,70173640,7920,47012412,,12614680,19123028,18415144,11499628,,17499676,9579920,9946596,17184520,,20296060,14102092,14584580,21190908,,1980,1980,1980,1980,,11276576,12339516,12368640,11027680
8284,1,2520,40,0,2414,0,61447480,54446056,70407656,7920,46772232,,12639912,18689452,18453916,11664200,,17475344,9591536,9913736,17465440,,20271756,14110152,14552360,21473388,,1980,1980,1980,1980,,11294996,12344584,12397852,10734800
8288,1,2521,40,0,2415,0,60821520,54628804,70587460,7920,46625952,,12648512,18273664,18033700,11865644,,17470876,9997988,9901340,17258600,,20268180,14514336,14538368,21266576,,1980,1980,1980,1980,,11308056,11960688,12416188,10941020
8291,1,2522,39,0,2416,0,60601472,54437148,70402404,7920,46778120,,12488716,18154680,18031028,11927048,,17635280,9687788,9926968,17187112,,20433300,14211800,14562192,21195112,,1980,1980,1980,1980,,11128156,12215800,12429496,11004668
8295,1,2523,40,0,2417,0,60817320,54681316,70644228,7920,46414716,,12613812,18015944,18247336,11940228,,17501728,9868388,10142536,17168664,,20299756,14391768,14776032,21176672,,1980,1980,1980,1980,,11265124,12060096,12070544,11018952
8299,1,2524,38,0,2418,0,61557620,54278836,70250828,7920,46653876,,12659728,18403396,18547400,11947096,,17446932,9848804,9823216,17159884,,20245136,14373912,14463308,21168472,,1980,1980,1980,1980,,11302884,11998956,12322000,11030036
8303,1,2525,41,0,2419,0,61874756,53959640,69933560,7920,46997052,,12676012,18578140,18634368,11986236,,17429324,9657072,9748376,17124868,,20227624,14182384,14388776,21134776,,1980,1980,1980,1980,,11317188,12190996,12419944,11068924
8306,1,2526,43,0,2420,0,61656580,54170372,70147768,7920,46735612,,12337868,18643840,18673988,12000884,,17785852,9580680,9703280,17100560,,20585736,14107704,14343844,21110484,,1980,1980,1980,1980,,10950120,12248412,12454228,11082852
8310,1,2527,43,0,2421,0,60868316,54096968,70072204,7920,46824496,,12606684,18437056,17810868,12013708,,17499032,9816644,9698048,17083244,,20298916,14341532,14338532,21093224,,1980,1980,1980,1980,,11241476,12016452,12462896,11103672
8314,1,2528,40,0,2422,0,61113016,54709236,70681628,7920,46148528,,12246360,18592124,18466556,11807976,,17851972,9655232,9895264,17306768,,20650596,14180240,14534972,21315820,,1980,1980,1980,1980,,10836424,12175592,12255464,10881048
8317,2,2529,37,0,2423,0,61456724,54376044,70348540,7920,46522016,,12264392,18670312,18604568,11917452,,17822840,9561932,9768260,17223012,,20621040,14087404,14408116,21231980,,1980,1980,1980,1980,,10843900,12239764,12392000,11046352
8321,1,2530,38,0,2424,0,61165584,54224748,70193500,7920,46628356,,12491056,18698660,18428704,11547164,,17608856,9529368,9937420,17149104,,20407068,14053716,14579468,21153248,,1980,1980,1980,1980,,11079824,12259424,12191492,11097616
8325,1,2531,37,0,2425,0,61008980,53946716,69922276,7920,46927064,,12607012,18693100,18140788,11568080,,17482812,9543836,9785604,17134464,,20281072,14069480,14427276,21144448,,1980,1980,1980,1980,,11183936,12273256,12348512,11121360
8329,1,2532,38,0,2426,0,61349080,54002492,69980004,7920,46819384,,12613600,18712404,18169296,11853780,,17467004,9524768,9743968,17266752,,20265284,14051736,14386156,21276828,,1980,1980,1980,1980,,11192352,12287920,12388904,10950208
8332,1,2533,37,0,2427,0,61492988,54302980,70283592,7920,46487584,,12621924,18953452,18201448,11716164,,17457508,9716164,9716060,17413248,,20255796,14245888,14358632,21423276,,1980,1980,1980,1980,,11206832,12086888,12400468,10793396
8336,1,2534,37,0,2428,0,61743448,54099668,70080548,7920,46856420,,12636480,19004756,18205596,11896616,,17455340,9692048,9728148,17224132,,20253620,14221876,14370860,21234192,,1980,1980,1980,1980,,11219456,12233576,12414668,10988720
8340,1,2535,37,0,2429,0,61416736,54816568,70793492,7920,46040036,,12347376,19060720,18445668,11562972,,17752436,9603696,9909820,17550616,,20549200,14133856,14552428,21558008,,1980,1980,1980,1980,,10888624,12280700,12212084,10658628
8343,1,2536,35,0,2430,0,61674852,54567452,70549816,7920,46323536,,12560896,19097420,18588168,11428368,,17538676,9600204,9756228,17672344,,20335556,14133736,14399524,21681000,,1980,1980,1980,1980,,11125744,12310612,12352996,10534184
8347,1,2537,38,0,2431,0,62117248,54102844,70085452,7920,46724892,,12646564,19084484,18620644,11765556,,17439236,9602336,9729164,17332108,,20236164,14136276,14372644,21340368,,1980,1980,1980,1980,,11212736,12323204,12392328,10796624
8351,1,2538,37,0,2432,0,61824908,53981796,69967712,7920,46925324,,12651480,19126288,18161636,11885504,,17428296,9555732,9781428,17216340,,20225244,14090032,14424712,21227724,,1980,1980,1980,1980,,11222544,12351720,12405712,10945348
8354,1,2539,38,0,2433,0,61758800,54470160,70451956,7920,46387612,,12665964,19145304,18032388,11915144,,17411080,9537564,10334624,17186892,,20208044,14069704,14975832,21198376,,1980,1980,1980,1980,,11233852,12370448,11809924,10973388
8358,1,2540,36,0,2434,0,61741120,54503484,70489344,7920,46387996,,12688984,18768484,18362432,11921220,,17396476,9930852,10000888,17175268,,20193964,14465640,14642972,21186768,,1980,1980,1980,1980,,11253364,12005744,12148792,10980096
8362,1,2541,37,0,2435,0,61809904,54421992,70403676,7920,46453344,,12699980,18665516,18521528,11922880,,17396328,10028956,9835888,17160820,,20193840,14558952,14478552,21172332,,1980,1980,1980,1980,,11265624,11897728,12305776,10984216
8365,1,2542,36,0,2436,0,61501644,54749124,70731160,7920,46200392,,12227284,19021200,18531632,11721528,,17887204,9655772,9835232,17370916,,20683376,14187676,14478072,21382036,,1980,1980,1980,1980,,10897500,12210696,12334836,10757360
8369,1,2543,33,0,2437,0,61838380,54394152,70377056,7920,46513428,,12537988,18895136,18555336,11849920,,17585240,9784312,9788240,17236360,,20381464,14316656,14431452,21247484,,1980,1980,1980,1980,,11172672,12084276,12347328,10909152
8373,1,2544,31,0,2438,0,61701716,54538480,70522132,7920,46342148,,12171196,19079400,18562076,11889044,,17943260,9594208,9805004,17196008,,20739348,14126780,14448764,21207240,,1980,1980,1980,1980,,10767924,12262660,12359176,10952388
8377,1,2545,32,0,2439,0,61543160,54748700,70731784,7920,46269496,,12425188,19131960,18168864,11817148,,17686596,9541104,10199008,17321992,,20482712,14074172,14841820,21333080,,1980,1980,1980,1980,,11031912,12311040,11973928,10952616
8381,1,2546,31,0,2440,0,61583252,54683880,70667384,7920,46292188,,12538224,18741028,18470396,11833604,,17567680,9933196,9891296,17291708,,20363812,14466368,14534388,21302816,,1980,1980,1980,1980,,11144900,11934060,12250500,10962728
8384,1,2547,30,0,2441,0,61642608,54594560,70575996,7920,46258408,,12536992,19025480,18241636,11838500,,17553364,9644724,10102512,17293960,,20349524,14178240,14745852,21302380,,1980,1980,1980,1980,,11148420,12183152,11966448,10960388
8388,1,2548,29,0,2442,0,61984148,54248776,70234156,7920,46616996,,12567564,19104056,18447924,11864604,,17528164,9557172,9888148,17275292,,20324388,14091860,14531728,21286180,,1980,1980,1980,1980,,11171836,12267396,12199808,10977956
8391,1,2549,32,0,2443,0,61692508,54063960,70052552,7920,46759380,,12575332,18715560,18519476,11882140,,17507588,9499012,9811672,17245688,,20303820,14033172,14455816,21259744,,1980,1980,1980,1980,,11175884,12298512,12278172,11006812
8395,1,2550,34,0,2444,0,60819012,54162816,70147840,7920,46795260,,12582432,18648820,18112708,11475052,,17502324,9623688,9808588,17228216,,20298572,14157920,14451328,21240020,,1980,1980,1980,1980,,11178884,12306668,12291616,11018092
8399,1,2551,34,0,2445,0,61301268,54080096,70063540,7920,46857724,,12605092,18667548,18110288,11918340,,17483596,9590988,9808236,17197276,,20279848,14125472,14451472,21206748,,1980,1980,1980,1980,,11201632,12313600,12300816,11041676
8402,1,2552,35,0,2446,0,61625488,54611968,70597660,7920,46320804,,12604244,19104984,18392288,11523972,,17473704,9589656,9952396,17596212,,20269992,14124516,14597612,21605540,,1980,1980,1980,1980,,11206048,12322420,12113372,10678964
8406,1,2553,33,0,2447,0,61821916,54394268,70385788,7920,46451028,,12604920,18910988,18487628,11818380,,17468972,9771784,9834416,17319096,,20265276,14310564,14480144,21329804,,1980,1980,1980,1980,,11208556,12097224,12233160,10912088
8410,1,2554,33,0,2448,0,61505484,54362460,70352056,7920,46632360,,12487304,19077328,18432776,11508076,,17608256,9609712,9951308,17193184,,20404300,14148940,14597112,21201704,,1980,1980,1980,1980,,11068484,12256456,12265452,11041968
8413,1,2555,34,0,2449,0,61338304,54468688,70459288,7920,46422312,,12570096,18759760,18467852,11540596,,17506124,9925856,9891140,17145568,,20302532,14465208,14537260,21154288,,1980,1980,1980,1980,,11166236,11911952,12268104,11076020
8417,1,2556,33,0,2450,0,61232408,54995668,70986460,7920,45945128,,12610024,18596536,18462740,11563108,,17464696,10087672,9898364,17544936,,20261144,14626484,14545164,21553668,,1980,1980,1980,1980,,11193460,11785564,12275040,10691064
8421,1,2557,32,0,2451,0,61510164,54295960,70290436,7920,46548312,,12628736,18932172,18081556,11867700,,17458808,9728768,9855256,17253128,,20255272,14267880,14503344,21263940,,1980,1980,1980,1980,,11211560,12081580,12302288,10952884
8424,1,2558,33,0,2452,0,61682628,54547324,70542240,7920,46357828,,12631880,19011992,18088856,11949900,,17472380,9643948,10276052,17154944,,20268856,14183196,14924416,21165772,,1980,1980,1980,1980,,11217988,12187488,11921912,11030440
8428,1,2559,32,0,2453,0,61679088,54573992,70568236,7920,46314060,,12248232,19056304,18397136,11977416,,17867844,9599352,9980380,17126416,,20664112,14138808,14628660,21136656,,1980,1980,1980,1980,,10878416,12210748,12172952,11051944
8432,1,2560,31,0,2454,0,61188704,54207284,70199948,7920,46703132,,12509304,18620068,18489932,11569400,,17622156,9617540,9861892,17105696,,20418424,14157132,14510692,21113700,,1980,1980,1980,1980,,11144516,12219588,12266636,11072392
8435,1,2561,32,0,2455,0,61269964,54124820,70118844,7920,46796644,,12574384,18633468,18491836,11570276,,17546824,9600744,9878408,17098844,,20343104,14140392,14528720,21106628,,1980,1980,1980,1980,,11213276,12221672,12287156,11074540
8439,1,2562,34,0,2456,0,61051328,54801036,70797532,7920,46179304,,12598732,18632812,18526920,11292864,,17510456,9607568,9842556,17840456,,20308116,14147476,14493024,21848916,,1980,1980,1980,1980,,11239396,12224340,12311824,10403744
8443,1,2563,33,0,2457,0,61488244,54793684,70792056,7920,46123656,,12362964,18865448,18541884,11717948,,17763064,9793876,9827992,17408752,,20559808,14334896,14480156,21417196,,1980,1980,1980,1980,,10981816,12007216,12331160,10803464
8447,1,2564,32,0,2458,0,61975208,54291868,70291772,7920,46607792,,12544852,18990820,18563372,11876164,,17581048,9663256,9800940,17246624,,20377816,14205504,14453364,21255088,,1980,1980,1980,1980,,11166852,12149100,12343468,10948372
8450,1,2565,31,0,2459,0,61741740,54469492,70473152,7920,46324300,,12602720,19041900,18321484,11775636,,17499072,9604328,10041864,17324228,,20295860,14146852,14693544,21336896,,1980,1980,1980,1980,,11220540,12187536,12083492,10832732
8454,1,2566,31,0,2460,0,61986388,54226848,70233020,7920,46611864,,12609104,19047164,18477288,11852832,,17502732,9607548,9879260,17237308,,20299532,14150188,14531264,21252036,,1980,1980,1980,1980,,11228944,12198320,12263388,10921212
8458,1,2567,31,0,2461,0,62087164,54135724,70142584,7920,46743796,,12627088,19021292,18566124,11872660,,17481104,9662416,9774696,17217508,,20277916,14205272,14427092,21232304,,1980,1980,1980,1980,,11245344,12219360,12334192,10944900
8461,1,2568,31,0,2462,0,61265688,54524956,70528408,7920,46309528,,12221860,18589784,18565348,11888696,,17891408,9648004,9781728,17203816,,20687104,14188168,14434508,21218628,,1980,1980,1980,1980,,10791116,12220656,12346628,10951128
8465,1,2569,31,0,2463,0,61553244,54245840,70250540,7920,46616600,,12479920,18604516,18587324,11881484,,17620136,9648464,9761832,17215408,,20415896,14189052,14415324,21230268,,1980,1980,1980,1980,,11061088,12233600,12364268,10957644
8469,1,2570,31,0,2464,0,62012736,54194360,70200472,7920,46618160,,12601528,18908300,18602824,11900084,,17469444,9766260,9766352,17192304,,20266056,14307232,14420016,21207168,,1980,1980,1980,1980,,11186556,12081192,12374452,10975960
8473,1,2571,33,0,2465,0,61508036,54732764,70741892,7920,46140004,,12229636,19004768,18570480,11703152,,17855924,9679796,9794564,17402480,,20653228,14223940,14448528,21416196,,1980,1980,1980,1980,,10811348,12191324,12389204,10748128
8477,1,2572,32,0,2466,0,61569988,54204952,70217912,7920,46592996,,12536960,19018432,18166884,11847712,,17549980,9626968,9772864,17255140,,20347436,14175936,14425632,21268908,,1980,1980,1980,1980,,11080548,12210420,12400664,10901364
8481,1,2573,33,0,2467,0,61753092,54452772,70465704,7920,46374080,,12629092,19038620,18172244,11913136,,17450756,9630792,10195244,17175980,,20248256,14180280,14846752,21190416,,1980,1980,1980,1980,,11183164,12223824,12017944,10949148
8485,1,2574,34,0,2468,0,62091840,54113356,70129856,7920,46659072,,12644616,19044832,18486760,11915632,,17436684,9634724,9879080,17162868,,20234192,14183940,14534376,21177348,,1980,1980,1980,1980,,11190600,12238836,12264584,10965052
8488,1,2575,35,0,2469,0,62143712,54080228,70129948,7920,46840536,,12573516,19068260,18563528,11938408,,17553676,9620076,9764272,17142204,,20350976,14169536,14452740,21156696,,1980,1980,1980,1980,,11210868,12254960,12388916,10985792
8492,1,2576,35,0,2470,0,61744512,54038052,70087540,7920,46895984,,12606468,18612044,18579676,11946324,,17522796,9633540,9740704,17141012,,20320108,14180856,14430928,21155648,,1980,1980,1980,1980,,11229496,12259052,12417060,10990376
8496,1,2577,35,0,2471,0,61901088,54283676,70334908,7920,46549592,,12456112,18872952,18599192,11972832,,17662544,9803020,9700088,17118024,,20459768,14351648,14390796,21132696,,1980,1980,1980,1980,,11064912,12045656,12434340,11004684
8500,1,2578,34,0,2472,0,61743448,54483564,70532628,7920,46486312,,12576008,19028256,18207544,11931640,,17547592,9638820,10107092,17190060,,20344868,14187928,14797972,21201860,,1980,1980,1980,1980,,11191596,12206640,12061048,11027028
8503,1,2579,34,0,2473,0,61258360,54107776,70156180,7920,46804784,,12590452,19060236,18101028,11506644,,17528808,9599940,9800212,17178816,,20326104,14149256,14492236,21188584,,1980,1980,1980,1980,,11215364,12252984,12307880,11028556
8507,1,2580,36,0,2474,0,61011344,54340796,70391524,7920,46547976,,12611932,19073684,17807832,11517896,,17506652,9575096,10086104,17172944,,20303976,14125620,14779204,21182724,,1980,1980,1980,1980,,11221524,12262440,12026168,11037844
8510,1,2581,35,0,2475,0,61334868,54427332,70477684,7920,46394640,,12637316,19078164,18102652,11516736,,17483012,9575664,9776436,17592220,,20280344,14126456,14470096,21600788,,1980,1980,1980,1980,,11246656,12264880,12319044,10564060
8514,1,2582,34,0,2476,0,61694372,54478432,70533956,7920,46390048,,12649760,19076524,18184132,11783956,,17466056,9576952,10103536,17331888,,20263404,14127884,14797408,21345260,,1980,1980,1980,1980,,11256704,12275532,12012788,10845024
8518,1,2583,34,0,2477,0,62131916,54034064,70089224,7920,46755840,,12660344,19063956,18504060,11903556,,17451180,9597416,9793236,17192232,,20248532,14148624,14486440,21205628,,1980,1980,1980,1980,,11261172,12277844,12256872,10959952
8521,2,2584,33,0,2478,0,62115216,54080096,70135488,7920,46729364,,12517608,19060192,18601508,11935908,,17593916,9613884,9696152,17176144,,20391192,14164808,14389884,21189604,,1980,1980,1980,1980,,11092456,12286012,12364332,10986564
8525,1,2585,32,0,2479,0,61801932,54364420,70418284,7920,46377304,,12417064,18825392,18632832,11926644,,17687632,9854748,9653728,17168312,,20484732,14403724,14347988,21181840,,1980,1980,1980,1980,,10984092,12006016,12399636,10987560
8529,1,2586,31,0,2480,0,62118908,54056400,70110916,7920,46751816,,12558108,18992868,18627032,11940900,,17536668,9685460,9662340,17171932,,20333796,14234888,14356768,21185464,,1980,1980,1980,1980,,11135648,12193740,12428620,10993808
8533,1,2587,31,0,2481,0,62034384,54134144,70193900,7920,46683312,,12608308,18867704,18602932,11955440,,17482752,9780416,9725468,17145508,,20279904,14334964,14419980,21159052,,1980,1980,1980,1980,,11185344,12043500,12447532,11006936
8536,2,2588,32,0,2482,0,62170964,53933276,70072344,7920,46936316,,12601500,18999596,18611956,11957912,,17493992,9563760,9724924,17150600,,20291204,14196924,14420060,21164156,,1980,1980,1980,1980,,11196656,12262344,12464876,11012440
8540,1,2589,34,0,2483,0,61372404,54701744,70841452,7920,46085604,,11942304,19042180,18414000,11973920,,18152460,9517588,9891904,17139792,,20948400,14151032,14588664,21153356,,1980,1980,1980,1980,,10515284,12299604,12251980,11018736
8544,1,2590,32,0,2484,0,61312980,54774160,70915604,7920,46052824,,12351572,19062304,18349924,11549180,,17752264,9509976,9943328,17568592,,20548280,14143548,14640376,21583400,,1980,1980,1980,1980,,10925140,12314388,12168136,10645160
8548,1,2591,33,0,2485,0,61467188,54126964,70311456,7920,46695180,,12447280,19073460,18510360,11436088,,17657312,9495636,9730060,17243956,,20453148,14129632,14472624,21256052,,1980,1980,1980,1980,,11088160,12327000,12400516,10879504
8551,1,2592,33,0,2486,0,61222364,53971036,70156284,7920,46910316,,12490072,18646560,18573668,11512064,,17622456,9498584,9679804,17170192,,20418384,14132628,14422948,21182324,,1980,1980,1980,1980,,11140132,12343496,12450164,10976524
8555,1,2593,33,0,2487,0,61475520,54529780,70716712,7920,46210692,,12505368,18805704,18346948,11817500,,17607964,9757164,9890028,17274624,,20403896,14391816,14632264,21288736,,1980,1980,1980,1980,,11146152,12031948,12206324,10826268
8559,1,2594,30,0,2488,0,61044464,54858212,71043520,7920,46082744,,12505296,19002116,17674560,11862492,,17611516,9565668,10409104,17271924,,20407464,14200812,15150104,21285140,,1980,1980,1980,1980,,11156636,12239076,11749936,10937096
8562,1,2595,27,0,2489,0,61017600,54568776,70750824,7920,46254128,,12332516,19053200,18175884,11456000,,17785176,9507412,10039492,17236696,,20580920,14142796,14781072,21246036,,1980,1980,1980,1980,,10956236,12320420,12019924,10957548
8566,1,2596,27,0,2490,0,61739256,54315724,70499076,7920,46492604,,12480352,19103976,18404676,11750252,,17642564,9457752,9837808,17377600,,20438336,14094376,14579704,21386660,,1980,1980,1980,1980,,11102204,12344052,12242128,10804220
8570,1,2597,27,0,2491,0,61966164,54028864,70212968,7920,46718348,,12529724,19120448,18488072,11827920,,17570696,9429468,9734072,17294628,,20366484,14066396,14476392,21303696,,1980,1980,1980,1980,,11145276,12352128,12325812,10895132
8574,1,2598,27,0,2492,0,61983956,54053924,70238492,7920,46759848,,12518724,19136832,18474808,11853592,,17598960,9435984,9743440,17275540,,20394764,14073008,14486092,21284628,,1980,1980,1980,1980,,11147640,12372800,12326312,10913096
8577,1,2599,27,0,2493,0,62000208,54057868,70247888,7920,46811536,,12540432,19096404,18488880,11874492,,17577292,9499744,9727336,17253496,,20373104,14137016,14470372,21267396,,1980,1980,1980,1980,,11157692,12393476,12327212,10933156
8581,1,2600,28,0,2494,0,62030372,53990860,70181532,7920,46854988,,12565980,19094976,18492312,11877104,,17535868,9471228,9730840,17252924,,20331700,14108724,14474248,21266860,,1980,1980,1980,1980,,11182764,12395952,12337516,10938756
8585,1,2601,28,0,2495,0,61628884,53973696,70165560,7920,46880596,,12565748,18680036,18505956,11877144,,17532400,9484156,9728784,17228356,,20328260,14122040,14472944,21242316,,1980,1980,1980,1980,,11182852,12405464,12345148,10947132
8588,1,2602,29,0,2496,0,61742392,54285400,70477520,7920,46522148,,12570932,18784332,18496124,11891004,,17538424,9809480,9711020,17226476,,20334312,14447472,14455284,21240452,,1980,1980,1980,1980,,11186876,12032672,12347168,10955432
8592,1,2603,28,0,2497,0,61942316,54137596,70328064,7920,46805632,,12572492,19007452,18463704,11898668,,17535748,9577428,9805540,17218880,,20331644,14213552,14549964,21232904,,1980,1980,1980,1980,,11189440,12292380,12359704,10964108
8595,1,2604,29,0,2498,0,61314916,54338288,70529016,7920,46555764,,12598552,18765496,18039320,11911548,,17524348,9822676,9782280,17208984,,20320288,14459096,14526608,21223024,,1980,1980,1980,1980,,11200244,12007820,12367544,10980156
8599,1,2605,28,0,2499,0,61809472,54231656,70423916,7920,46593900,,12387972,18994800,18495092,11931608,,17718856,9571332,9763336,17178132,,20514788,14210288,14506648,21192192,,1980,1980,1980,1980,,10957332,12262252,12377704,10996612
8603,1,2606,30,0,2500,0,61851768,54196168,70391696,7920,46646472,,12519744,19097536,18299172,11935316,,17582852,9470908,9974180,17168228,,20378800,14110820,14719788,21182288,,1980,1980,1980,1980,,11127348,12354880,12161388,11002856
8607,1,2607,31,0,2501,0,61625016,53988728,70182988,7920,46865172,,12550600,19119964,18434832,11519620,,17551716,9447920,9820580,17168512,,20347620,14088500,14566348,21180520,,1980,1980,1980,1980,,11165104,12366816,12307832,11025420
8610,1,2608,31,0,2502,0,61273984,53910388,70105164,7920,46921840,,12547464,18716400,18476224,11533896,,17557116,9411152,9782836,17159284,,20353020,14051588,14529244,21171312,,1980,1980,1980,1980,,11169128,12377628,12345304,11029780
8614,1,2609,29,0,2503,0,61120116,54548608,70742592,7920,46280504,,12132516,18956016,18488312,11543272,,17991376,9605820,9765828,17185584,,20785524,14246684,14512732,21197652,,1980,1980,1980,1980,,10728160,12168192,12356016,11028136
8618,1,2610,29,0,2504,0,61318224,54361772,70552184,7920,46537984,,12376016,19108360,18454652,11379196,,17750488,9454492,9811744,17345048,,20546204,14095680,14558848,21351452,,1980,1980,1980,1980,,10972008,12328772,12366900,10870304
8621,1,2611,30,0,2505,0,61583364,54044020,70236176,7920,46797016,,12493784,19144948,18479376,11465256,,17603388,9413772,9776888,17249972,,20399160,14056108,14524392,21256516,,1980,1980,1980,1980,,11092916,12366432,12371556,10966112
8625,1,2612,31,0,2506,0,61669720,53941408,70135124,7920,46879000,,12524300,19160500,18495864,11489056,,17571432,9387380,9766024,17216572,,20367220,14030984,14513776,21223144,,1980,1980,1980,1980,,11111000,12385992,12397624,10984384
8629,1,2613,34,0,2507,0,61978324,54050812,70254060,7920,46719868,,12543024,19170560,18522640,11742100,,17550092,9372772,9738240,17389708,,20347312,14016480,14486436,21403832,,1980,1980,1980,1980,,11128716,12398084,12411668,10781400
8632,1,2614,34,0,2508,0,62099408,53946800,70150652,7920,46899352,,12537436,19161948,18519728,11880296,,17576348,9389324,9738408,17242720,,20373596,14033292,14486916,21256848,,1980,1980,1980,1980,,11140564,12414960,12418656,10925172
8636,1,2615,34,0,2509,0,62167984,53882848,70085100,7920,46990360,,12581216,19124912,18554636,11907220,,17531088,9452504,9685620,17213636,,20328344,14094696,14434272,21227788,,1980,1980,1980,1980,,11167404,12415220,12441328,10966408
8640,1,2616,33,0,2510,0,62053376,54003308,70209476,7920,46870548,,12605568,18976432,18557724,11913652,,17501348,9610360,9679624,17211976,,20299556,14254868,14428864,21226188,,1980,1980,1980,1980,,11193496,12247992,12452028,10977032
8643,1,2617,36,0,2511,0,62246980,53815100,70023808,7920,47042380,,12635548,19108956,18570044,11932432,,17479812,9468024,9680428,17186836,,20278728,14112860,14430028,21202192,,1980,1980,1980,1980,,11215576,12380348,12458756,10987700
8647,1,2618,37,0,2512,0,62359144,53675788,69888924,7920,47150272,,12658908,19155096,18589504,11955636,,17450800,9396540,9666640,17161808,,20251832,14041768,14416672,21178652,,1980,1980,1980,1980,,11237232,12420332,12485992,11006716
8650,2,2619,38,0,2513,0,61812812,54211444,70425984,7920,46610800,,12687340,18905116,18258276,11962080,,17407436,9650424,10002832,17150752,,20208492,14295228,14753012,21169252,,1980,1980,1980,1980,,11263616,12165896,12152332,11028956
8654,1,2620,38,0,2514,0,62256032,53737540,69953624,7920,47038708,,12700544,19090904,18490160,11974424,,17380120,9462344,9770272,17124804,,20181192,14107772,14521288,21143372,,1980,1980,1980,1980,,11277480,12334444,12383544,11043240
8658,1,2621,37,0,2515,0,61787368,54225104,70443740,7920,46586708,,12502132,19135648,18579864,11569724,,17594872,9415188,9673964,17541080,,20394748,14060908,14428428,21559656,,1980,1980,1980,1980,,11048052,12393588,12466216,10678852
8662,1,2622,40,0,2516,0,61899616,53691372,69906656,7920,47048056,,12659380,19174608,18177272,11888356,,17449440,9366972,9643940,17231020,,20249324,14013704,14394392,21249236,,1980,1980,1980,1980,,11216448,12416696,12487296,10927616
8666,1,2623,39,0,2517,0,62452824,53557424,69772596,7920,47244064,,12657840,19184824,18628068,11982092,,17452324,9360116,9618136,17126848,,20252192,14008256,14367076,21145072,,1980,1980,1980,1980,,11263252,12431500,12513672,11035640
8669,1,2624,40,0,2518,0,62134328,53902592,70125904,7920,46942480,,12634616,19211828,18265764,12022120,,17480000,9339568,9990668,17092356,,20279788,13989944,14745568,21110604,,1980,1980,1980,1980,,11273468,12450948,12145280,11072784
8673,1,2625,39,0,2519,0,61889924,54157784,70379544,7920,46673824,,12489500,18796124,18558820,12045480,,17628308,9769932,9696416,17063128,,20426628,14418760,14452276,21081880,,1980,1980,1980,1980,,11084792,12077248,12421088,11090696
8677,1,2626,40,0,2520,0,61299856,53849336,70068752,7920,46904876,,12373840,18261520,18639140,12025356,,17746848,9426388,9583100,17093000,,20547912,14069608,14339436,21111796,,1980,1980,1980,1980,,10967216,12326784,12507660,11103216
8680,2,2627,40,0,2521,0,61230716,53519940,69735840,7920,47254752,,12574676,18368096,18665108,11622836,,17538676,9312796,9577948,17090520,,20339864,13956352,14334536,21105088,,1980,1980,1980,1980,,11169672,12435440,12530376,11119264
8684,1,2628,41,0,2522,0,61298860,53430048,69644712,7920,47350036,,12617316,18390520,18649692,11641332,,17480144,9299876,9578408,17071620,,20281392,13941712,14335424,21086184,,1980,1980,1980,1980,,11222772,12451132,12536708,11139424
8688,1,2629,40,0,2523,0,61399996,53728000,69947536,7920,46930792,,12649488,18682628,18253584,11814296,,17441256,9416072,9550816,17319856,,20242624,14062700,14305928,21336284,,1980,1980,1980,1980,,11237936,12279700,12555576,10857580
8692,1,2630,39,0,2524,0,61483644,53679496,69899940,7920,47040684,,12671880,18797764,18265636,11748364,,17431012,9321396,9558492,17368596,,20232384,13968304,14314208,21385044,,1980,1980,1980,1980,,11268736,12415272,12576600,10780076
8695,2,2631,39,0,2525,0,61866496,54162636,70388692,7920,46680432,,12670652,18934528,18301692,11959624,,17429084,9634324,9935256,17163972,,20230464,14284920,14692876,21180432,,1980,1980,1980,1980,,11281396,12191048,12201740,11006248
8699,1,2632,38,0,2526,0,61220672,54349472,70574804,7920,46368956,,12312072,18690004,18422500,11796096,,17783480,9464952,9793760,17307280,,20583504,14113640,14553976,21323684,,1980,1980,1980,1980,,10911756,12372812,12261828,10822560
8703,2,2633,34,0,2527,0,61116356,54467020,70694292,7920,46208860,,12153788,18763240,18226208,11973120,,17939128,9385488,10002572,17139832,,20741684,14034564,14761768,21156276,,1980,1980,1980,1980,,10700480,12430244,12075468,11002668
8707,1,2634,33,0,2528,0,61780460,53754548,69991160,7920,46877228,,12450024,18761724,18543544,12025168,,17635608,9380904,9655452,17082584,,20438172,14033544,14415556,21103888,,1980,1980,1980,1980,,10995992,12451756,12374428,11055052
8711,1,2635,35,0,2529,0,61534444,53613872,69850584,7920,47153308,,12602648,18789956,18113228,12028612,,17482056,9350608,9699048,17082160,,20284664,14003220,14459220,21103480,,1980,1980,1980,1980,,11145740,12469900,12476864,11060804
8715,1,2636,36,0,2530,0,61882376,53663540,69901444,7920,47035496,,12637920,18795660,18409704,12039092,,17435060,9345312,9819352,17063816,,20237732,13998740,14579820,21085152,,1980,1980,1980,1980,,11173856,12485364,12300672,11075604
8719,1,2637,36,0,2531,0,62036676,53493488,69731364,7920,47195272,,12654380,18810088,18515244,12056964,,17412316,9313816,9720580,17046776,,20215040,13966544,14481660,21068120,,1980,1980,1980,1980,,11182244,12501880,12425836,11085312
8722,1,2638,36,0,2532,0,61765444,53766296,70009564,7920,46882032,,12670928,19030796,18420252,11643468,,17390000,9524808,9810500,17040988,,20192756,14183080,14571376,21062352,,1980,1980,1980,1980,,11198656,12290892,12291856,11100628
8726,1,2639,37,0,2533,0,61536468,54042380,70285676,7920,46787816,,12609288,18762376,18521456,11643348,,17495308,9810384,9706616,17030072,,20297884,14468736,14467608,21051448,,1980,1980,1980,1980,,11216612,12058964,12399056,11113184
8730,1,2640,36,0,2534,0,62148260,53824780,70067128,7920,46877220,,12620024,19101040,18552836,11874360,,17472012,9458484,9672580,17221704,,20274596,14116568,14434140,21241824,,1980,1980,1980,1980,,11227032,12336424,12426760,10887004
8734,1,2641,37,0,2535,0,62428544,53554168,69797672,7920,47170036,,12608556,19206924,18578908,12034156,,17507628,9340112,9633380,17073048,,20310272,13998504,14395664,21093232,,1980,1980,1980,1980,,11240744,12439580,12443448,11046264
8737,2,2642,37,0,2536,0,62062324,54002360,70245648,7920,46885528,,12225472,19242260,18575140,12019452,,17910128,9312468,9659120,17120644,,20712752,13971200,14421672,21140024,,1980,1980,1980,1980,,10857320,12486376,12449332,11092500
8741,1,2643,36,0,2537,0,60752868,54872128,71113020,7920,46031804,,11706044,18859332,18590608,11596884,,18436328,9696180,9650524,17089096,,21237644,14353944,14413416,21108016,,1980,1980,1980,1980,,10358388,12114832,12458544,11100040
8745,1,2644,34,0,2538,0,61683168,54330568,70576212,7920,46365812,,12286564,19150000,18616768,11629836,,17825660,9407556,9606992,17490360,,20626620,14067664,14370056,21511872,,1980,1980,1980,1980,,10851996,12365240,12481000,10667576
8749,1,2645,33,0,2539,0,61800968,53763928,70003276,7920,46912620,,12472860,19257272,18628880,11441956,,17642128,9279460,9586824,17255516,,20443120,13939768,14350324,21270064,,1980,1980,1980,1980,,11042624,12472320,12485584,10912092
8753,1,2646,34,0,2540,0,61948092,53583028,69820604,7920,47127532,,12539436,19264140,18615664,11528852,,17565264,9268668,9597412,17151684,,20366292,13929168,14358988,21166156,,1980,1980,1980,1980,,11114208,12494348,12500844,11018132
8756,1,2647,33,0,2541,0,61395376,53752632,69988268,7920,46994572,,12576112,18621372,18655068,11542824,,17533348,9509588,9573140,17136556,,20334424,14165724,14337072,21151048,,1980,1980,1980,1980,,11133684,12305716,12526064,11029108
8760,1,2648,35,0,2542,0,61575660,53976108,70219964,7920,46761832,,12565016,18742900,18650572,11617172,,17538040,9383436,9563880,17490752,,20339128,14039620,14328448,21512768,,1980,1980,1980,1980,,11139688,12428672,12532620,10660852
8764,1,2649,35,0,2543,0,61800600,53774936,70018792,7920,46911704,,12610976,18789116,18494356,11906152,,17500348,9336200,9740416,17197972,,20301500,13992784,14504308,21220200,,1980,1980,1980,1980,,11169440,12459904,12334132,10948228
8767,1,2650,34,0,2544,0,61875572,54105284,70345588,7920,46581744,,12209188,19079052,18614548,11972784,,17911936,9470180,9614056,17109112,,20711888,14126988,14375308,21131404,,1980,1980,1980,1980,,10787460,12300852,12473776,11019656
8771,1,2651,34,0,2545,0,62289592,53717320,69959088,7920,47020304,,12512348,19169192,18615372,11992680,,17602476,9381776,9634264,17098804,,20403468,14039004,14395504,21121112,,1980,1980,1980,1980,,11060252,12409868,12508112,11042072
8775,1,2652,34,0,2546,0,62070328,53912324,70158460,7920,46766212,,12609124,19215196,18248924,11997084,,17479996,9334800,10017188,17080340,,20281000,13992880,14781908,21102672,,1980,1980,1980,1980,,11142564,12444096,12128940,11050612
8779,1,2653,33,0,2547,0,61960396,53594140,69845876,7920,47102912,,12635284,18789572,18512972,12022568,,17452288,9334820,9738024,17069008,,20253376,13996632,14503460,21092408,,1980,1980,1980,1980,,11161372,12470980,12394676,11075884
8782,2,2654,35,0,2548,0,61672312,53860224,70113684,7920,46840160,,12217320,18798584,18607992,12048416,,17870836,9319636,9630564,17039188,,20673000,13981636,14396372,21062676,,1980,1980,1980,1980,,10780328,12480852,12486800,11092180
8786,1,2655,36,0,2549,0,61682896,53891820,70147796,7920,46851112,,12468884,18800144,18353644,12060224,,17651448,9318172,9900664,17021536,,20453920,13980176,14668656,21045044,,1980,1980,1980,1980,,11036780,12495480,12222384,11096468
8790,1,2656,35,0,2550,0,61535908,53993236,70246760,7920,46786256,,12556052,18813692,18522120,11644044,,17539272,9725400,9718968,17009596,,20341756,14385508,14487548,21031948,,1980,1980,1980,1980,,11153152,12117012,12391768,11124324
8794,1,2657,34,0,2551,0,60876252,54241428,70496348,7920,46395408,,12589516,18343260,18281696,11661780,,17524532,9781096,9943876,16991924,,20327060,14442596,14712872,21013820,,1980,1980,1980,1980,,11179588,11970756,12112668,11132396
8797,1,2658,33,0,2552,0,60823496,54366056,70627472,7920,46427372,,12194440,18652792,18497632,11478632,,17926324,9455908,9751108,17232716,,20730976,14121912,14520372,21254212,,1980,1980,1980,1980,,10809708,12307228,12335664,10974772
8801,1,2659,32,0,2553,0,62017376,53960516,70221372,7920,46714272,,12490220,18954152,18566452,12006552,,17633876,9563776,9655288,17107576,,20438712,14228840,14424908,21128912,,1980,1980,1980,1980,,11086204,12137972,12399600,11090496
8805,1,2660,31,0,2554,0,61961748,54047432,70311812,7920,46668812,,12580712,19100196,18566316,11714524,,17528704,9434496,9670188,17414044,,20333556,14100744,14440020,21437492,,1980,1980,1980,1980,,11177156,12312160,12411720,10767776
8809,1,2661,31,0,2555,0,62281748,53699192,69964280,7920,46998824,,12597832,19163144,18586284,11934488,,17508360,9355892,9647268,17187672,,20313240,14022416,14417548,21211076,,1980,1980,1980,1980,,11183676,12381944,12427004,11006200
8813,1,2662,31,0,2556,0,61918164,54075688,70341332,7920,46698196,,12603832,19148484,18602068,11563780,,17514028,9379744,9624500,17557416,,20318916,14046392,14395224,21580800,,1980,1980,1980,1980,,11194056,12382284,12440520,10681336
8816,1,2663,31,0,2557,0,62226760,53782936,70049680,7920,46999392,,12622376,19100428,18619848,11884108,,17498324,9458472,9601376,17224764,,20303204,14125264,14373164,21248048,,1980,1980,1980,1980,,11223084,12384668,12463280,10928360
8820,1,2664,32,0,2558,0,61592648,54422700,70684096,7920,46327176,,12630728,18994016,18382968,11584936,,17492240,9558256,9841484,17530720,,20297104,14225160,14613960,21547872,,1980,1980,1980,1980,,11236716,12240968,12201604,10647888
8824,1,2665,31,0,2559,0,62002984,53994524,70257016,7920,46732184,,12513440,19080356,18528156,11881032,,17594012,9489716,9690844,17219952,,20398828,14157128,14463908,21237152,,1980,1980,1980,1980,,11099552,12330936,12387096,10914600
8828,1,2666,30,0,2560,0,62159984,53750076,70013216,7920,46826056,,12459116,19101988,18621872,11977008,,17640952,9429640,9563836,17115648,,20445820,14097332,14337168,21132896,,1980,1980,1980,1980,,11003660,12355652,12461992,11004752
8831,1,2667,30,0,2561,0,62215156,53756112,70019956,7920,46976080,,12562276,19101420,18568616,11982844,,17542068,9427544,9681892,17104608,,20347004,14095704,14455364,21121884,,1980,1980,1980,1980,,11132372,12356176,12474532,11013000
8835,1,2668,33,0,2562,0,61978832,53997900,70264244,7920,46697584,,12293644,19132752,18569316,11983120,,17802672,9408744,9661460,17125024,,20607432,14078960,14435548,21142304,,1980,1980,1980,1980,,10830160,12372504,12479644,11015276
8839,1,2669,32,0,2563,0,62250616,53722600,69988136,7920,46977748,,12525076,19143288,18578688,12003564,,17564416,9399568,9656708,17101908,,20369236,14068476,14431220,21119204,,1980,1980,1980,1980,,11055792,12389736,12494676,11037544
8842,2,2670,32,0,2564,0,61493344,53611776,69874632,7920,47076116,,12597384,18715104,18600440,11580416,,17483404,9409868,9625420,17093084,,20288236,14075688,14400276,21110432,,1980,1980,1980,1980,,11130532,12396116,12505348,11044120
8846,1,2671,32,0,2565,0,61449028,53672716,69935772,7920,47132724,,12542280,18697764,18613916,11595068,,17570996,9423760,9612244,17065716,,20375744,14089820,14387336,21082872,,1980,1980,1980,1980,,11143372,12404908,12528100,11056344
8850,1,2672,34,0,2566,0,61571520,54428100,70696020,7920,46412832,,12562532,18735748,18646348,11626892,,17542416,9810064,9594328,17481292,,20348020,14476460,14371376,21500164,,1980,1980,1980,1980,,11157572,12021592,12545620,10688048
8854,1,2673,34,0,2567,0,62210756,53796376,70070600,7920,46992072,,12587404,19046368,18652752,11924232,,17522064,9521276,9581588,17171448,,20327744,14188148,14359312,21195396,,1980,1980,1980,1980,,11182512,12280280,12568696,10960584
8858,1,2674,34,0,2568,0,62024848,54006548,70283784,7920,46799444,,12419088,19145236,18513344,11947180,,17690808,9402896,9727468,17185376,,20495308,14074900,14505316,21208260,,1980,1980,1980,1980,,10991120,12372084,12397248,11038992
8861,2,2675,34,0,2569,0,62093668,53923988,70204156,7920,46917780,,12525560,19137452,18633092,11797564,,17585988,9404532,9606692,17326776,,20390500,14076872,14386176,21350608,,1980,1980,1980,1980,,11133968,12388808,12529284,10865720
8865,1,2676,35,0,2570,0,62360040,53645784,69927996,7920,47129856,,12574656,19191828,18679804,11913752,,17544740,9359576,9531564,17209904,,20349280,14033156,14311772,21233788,,1980,1980,1980,1980,,11165428,12410608,12569244,10984576
8869,1,2677,37,0,2571,0,61950192,54050364,70328316,7920,46667916,,12589944,19193484,18217140,11949624,,17500728,9361660,10024664,17163312,,20306496,14035468,14804140,21182212,,1980,1980,1980,1980,,11179232,12419444,12052508,11016732
8873,1,2678,36,0,2572,0,61875576,54122928,70401368,7920,46630056,,12604764,19209132,18510064,11551616,,17502644,9339928,9713164,17567192,,20308428,14013912,14492924,21586104,,1980,1980,1980,1980,,11205448,12441976,12355832,10626800
8877,1,2679,35,0,2573,0,62343836,53623108,69906968,7920,47069836,,12635632,19173936,18698716,11835552,,17484204,9367352,9497356,17274196,,20290024,14041520,14277272,21298152,,1980,1980,1980,1980,,11219908,12448420,12505392,10896116
8880,1,2680,36,0,2574,0,62079124,53477492,69762092,7920,47229040,,12648748,18741160,18763664,11925552,,17450960,9382056,9463676,17180800,,20256816,14056224,14244268,21204784,,1980,1980,1980,1980,,11242680,12464932,12539976,10981452
8884,1,2681,36,0,2575,0,61735040,53777552,70062316,7920,46793508,,12434204,18758184,18587612,11955040,,17676036,9347580,9607632,17146304,,20480748,14019396,14391856,21170316,,1980,1980,1980,1980,,10996308,12469300,12321348,11006552
8888,1,2682,33,0,2576,0,61949160,53586028,69874664,7920,46981180,,12607440,18590160,18783808,11967752,,17511984,9520304,9437576,17116164,,20316708,14195584,14222176,21140196,,1980,1980,1980,1980,,11186360,12290516,12487000,11017304
8892,1,2683,32,0,2577,0,62336292,53628268,69917508,7920,46968908,,12641980,18936644,18789596,11968072,,17458700,9605976,9428740,17134852,,20263424,14281684,14213500,21158900,,1980,1980,1980,1980,,11233964,12179884,12535236,11019824
8896,1,2684,31,0,2578,0,62001772,53984276,70270924,7920,46610476,,12526072,19079656,18775604,11620440,,17571640,9439360,9477732,17495544,,20377636,14115848,14263128,21514312,,1980,1980,1980,1980,,11073920,12343300,12550556,10642700
8899,1,2685,29,0,2579,0,62238604,53707372,69994284,7920,46818396,,12419144,19144376,18795944,11879140,,17675172,9383568,9418476,17230156,,20480500,14060484,14204368,21248932,,1980,1980,1980,1980,,10953836,12394072,12557320,10913168
8903,1,2686,31,0,2580,0,62239208,53752376,70039612,7920,46818084,,12563676,19143520,18590696,11941316,,17546336,9381116,9641976,17182948,,20351744,14058108,14428020,21201740,,1980,1980,1980,1980,,11108832,12399324,12331148,10978780
8907,1,2687,30,0,2581,0,62196564,53788204,70077808,7920,46809932,,12525656,18957052,18744416,11969440,,17608228,9549364,9492816,17137796,,20413512,14228624,14279048,21156624,,1980,1980,1980,1980,,11138108,12185856,12490464,10995504
8910,2,2688,31,0,2582,0,62391756,53591880,69882700,7920,47013532,,12563000,19086068,18780128,11962560,,17556116,9439796,9440824,17155144,,20361420,14119496,14227772,21174012,,1980,1980,1980,1980,,11160432,12325552,12527736,10999812
8914,1,2689,32,0,2583,0,62457024,53505372,69797976,7920,47085352,,12569404,19117980,18801896,11967744,,17544152,9397752,9431256,17132212,,20350080,14077936,14218836,21151124,,1980,1980,1980,1980,,11171380,12364928,12547060,11001984
8918,1,2690,33,0,2584,0,62484356,53500728,69800244,7920,47150460,,12584972,19143684,18817428,11938272,,17529904,9369720,9421656,17179448,,20337164,14050092,14209396,21203592,,1980,1980,1980,1980,,11183444,12371164,12569820,11026032
8921,1,2691,34,0,2585,0,62484668,53517532,69817840,7920,47197332,,12568800,19153336,18817736,11944796,,17548768,9364272,9429876,17174616,,20356044,14045184,14217844,21198768,,1980,1980,1980,1980,,11197712,12389220,12578680,11031720
8925,1,2692,34,0,2586,0,62406376,53548508,69848664,7920,47085868,,12458256,19161856,18833280,11952984,,17647672,9340408,9401616,17158812,,20454888,14020924,14189868,21182984,,1980,1980,1980,1980,,11052060,12406712,12587212,11039884
8929,1,2693,34,0,2587,0,62233780,53773804,70074712,7920,46852204,,12570100,19167648,18654708,11841324,,17537364,9349428,9586112,17300900,,20344600,14030548,14374756,21324808,,1980,1980,1980,1980,,11158756,12413036,12391084,10889328
8932,1,2694,32,0,2588,0,61597092,53954372,70252160,7920,46727828,,12587104,18745200,18355420,11909368,,17526976,9780876,9438140,17208380,,20334228,14458540,14227044,21232348,,1980,1980,1980,1980,,11179336,12036812,12527588,10984092
8936,1,2695,32,0,2589,0,61451428,54567288,70863148,7920,46078908,,12604772,19017572,18196876,11632208,,17512148,9537004,10026508,17491628,,20319416,14214868,14813004,21515860,,1980,1980,1980,1980,,11204416,12271300,11929248,10673944
8940,1,2696,29,0,2590,0,61764892,54232792,70534336,7920,46416560,,12630792,19099684,18196732,11837684,,17476936,9459628,10022200,17274028,,20284212,14142664,14809188,21298272,,1980,1980,1980,1980,,11216772,12385720,11911416,10902652
8944,1,2697,29,0,2591,0,62242072,53684900,69987468,7920,46857996,,12620588,19145516,18559888,11916080,,17487892,9392156,9636300,17168552,,20295168,14075560,14423912,21192828,,1980,1980,1980,1980,,11225076,12412552,12246104,10974264
8947,1,2698,29,0,2592,0,62398636,53566484,69869740,7920,47022104,,12640664,19145264,18688468,11924240,,17467916,9401556,9518216,17178796,,20275200,14085328,14306088,21203124,,1980,1980,1980,1980,,11235340,12423792,12380908,10982064
8951,1,2699,28,0,2593,0,62158448,53840840,70144576,7920,46829116,,12413144,19164284,18643696,11937324,,17708540,9383040,9591064,17158196,,20515732,14067344,14378948,21182552,,1980,1980,1980,1980,,10995544,12438372,12404880,10990320
8955,1,2700,28,0,2594,0,61900408,54066680,70371556,7920,46620876,,12143132,19169212,18646880,11941184,,17951444,9367276,9586868,17161092,,20758636,14051860,14375568,21185492,,1980,1980,1980,1980,,10775172,12445236,12407912,10992556
8958,1,2701,26,0,2595,0,61721372,54236544,70541448,7920,46308836,,12450376,19010540,18311092,11949364,,17633996,9542752,9906756,17153040,,20441004,14227936,14695036,21177472,,1980,1980,1980,1980,,11014400,12258376,12039104,10996956
8962,1,2702,26,0,2596,0,62189964,53773920,70079440,7920,46819672,,12561376,19125512,18536920,11966156,,17531328,9415364,9677684,17149544,,20338364,14100784,14466252,21174040,,1980,1980,1980,1980,,11127548,12386556,12291928,11013640
8966,1,2703,28,0,2597,0,61823296,53722996,70030912,7920,46935712,,12529768,18718000,18600848,11974680,,17578680,9398756,9611728,17133832,,20385740,14084332,14402496,21158344,,1980,1980,1980,1980,,11139600,12420624,12360228,11015260
8969,1,2704,28,0,2598,0,61883988,53645248,69952704,7920,46969856,,12541320,18755528,18609428,11977712,,17569228,9350796,9607772,17117452,,20376184,14036316,14399164,21141040,,1980,1980,1980,1980,,11149760,12424412,12367160,11028524
8973,1,2705,28,0,2599,0,61843532,54118724,70426952,7920,46474604,,12555916,18687820,18605056,11994740,,17554264,9839800,9623972,17100688,,20361284,14526224,14415652,21123792,,1980,1980,1980,1980,,11160620,11907836,12369504,11036644
8977,1,2706,26,0,2600,0,61955772,54038996,70349760,7920,46603840,,12418200,18972384,18597804,11967384,,17697984,9557816,9626732,17156464,,20504868,14244556,14421000,21179336,,1980,1980,1980,1980,,10990428,12193496,12380924,11038992
8980,1,2707,28,0,2601,0,62080120,53898988,70208196,7920,46697108,,12518452,19117952,18631004,11812712,,17593156,9400360,9580320,17325152,,20400108,14089524,14374788,21343776,,1980,1980,1980,1980,,11101636,12346216,12391440,10857816
8984,1,2708,28,0,2602,0,62230108,53734624,70044708,7920,46876996,,12522708,19165496,18624692,11917212,,17573780,9339096,9606160,17215588,,20380792,14028740,14400956,21234220,,1980,1980,1980,1980,,11130708,12374052,12395748,10976488
8988,1,2709,28,0,2603,0,62229436,53731260,70048636,7920,46765044,,12383920,19238096,18658648,11948772,,17709716,9282812,9556940,17181792,,20516640,13973552,14352112,21206332,,1980,1980,1980,1980,,10967560,12376920,12414644,11005920
8992,1,2710,29,0,2604,0,62358968,53606264,69924380,7920,46907188,,12505244,19241644,18651436,11960644,,17590700,9283452,9579444,17152668,,20397640,13974512,14375008,21177220,,1980,1980,1980,1980,,11082400,12389744,12417284,11017760
8995,2,2711,30,0,2605,0,62346884,53620900,69942384,7920,46951600,,12519440,19211936,18659488,11956020,,17576284,9315220,9579468,17149928,,20383244,14007964,14375196,21175980,,1980,1980,1980,1980,,11103220,12400256,12419600,11028524
8999,1,2712,32,0,2606,0,62408812,53572788,69895120,7920,47007068,,12555008,19224376,18667952,11961476,,17548064,9308552,9564540,17151632,,20355076,14001708,14360640,21177696,,1980,1980,1980,1980,,11125000,12406892,12434428,11040748
9003,1,2713,33,0,2607,0,62046992,53532336,69855844,7920,47076464,,12559896,19234588,18688344,11564164,,17553212,9321392,9543912,17113820,,20360244,14013964,14341148,21140488,,1980,1980,1980,1980,,11134984,12429480,12442028,11069972
9006,1,2714,35,0,2608,0,61923408,53622656,69943796,7920,46860016,,12590080,19013640,18728976,11590712,,17515152,9528804,9494648,17084052,,20323076,14217872,14292348,21110500,,1980,1980,1980,1980,,11156536,12175032,12446336,11082112
9010,1,2715,36,0,2609,0,62131704,53419536,69744336,7920,47098692,,12612680,19181312,18735740,11601972,,17484248,9364356,9496996,17073936,,20293964,14053780,14296196,21100396,,1980,1980,1980,1980,,11183316,12359068,12461288,11095020
9014,1,2716,37,0,2610,0,62564408,53403708,69731760,7920,46933976,,12610348,19220816,18932204,11801040,,17501604,9316776,9281100,17304228,,20311348,14006420,14081940,21332052,,1980,1980,1980,1980,,11199088,12412788,12481900,10840200
9018,1,2717,37,0,2611,0,62487108,53058752,69387012,7920,47198344,,12662572,19247916,18603856,11972764,,17438752,9285716,9196648,17137636,,20248532,13976044,13996968,21165468,,1980,1980,1980,1980,,11228640,12425888,12514996,11028820
9021,2,2718,38,0,2612,0,62022840,53530316,69859444,7920,46720404,,12282132,19252736,18466308,12021664,,17828564,9296892,9326332,17078528,,20638284,13987472,14127320,21106368,,1980,1980,1980,1980,,10869068,12436492,12338736,11076108
9025,1,2719,38,0,2613,0,62478076,53083676,69418096,7920,47167720,,12588552,19288556,18558568,12042400,,17519888,9259704,9244116,17059968,,20329676,13955340,14045252,21087828,,1980,1980,1980,1980,,11134592,12469092,12467824,11096212
9029,1,2720,38,0,2614,0,62623868,52936280,69271464,7920,47357840,,12637992,19299680,18617640,12068556,,17475312,9244076,9179800,17037092,,20284988,13940176,13981360,21064940,,1980,1980,1980,1980,,11239248,12477256,12523740,11117596
9032,1,2721,38,0,2615,0,61987028,53143724,69478444,7920,47131648,,12651100,18866828,18632040,11837060,,17465784,9249380,9158828,17269732,,20275532,13944356,13960928,21297628,,1980,1980,1980,1980,,11251196,12490828,12532624,10857000
9036,1,2722,37,0,2616,0,62221268,52917280,69252748,7920,47358924,,12661136,18899236,18631756,12029140,,17455460,9217672,9157112,17087036,,20265180,13914144,13958404,21115020,,1980,1980,1980,1980,,11259572,12505548,12545828,11047976
9040,1,2723,39,0,2617,0,62262952,53288232,69617528,7920,47049696,,12246268,18911380,19091876,12013428,,17877196,9201368,9102532,17107136,,20686916,13898264,13902596,21129752,,1980,1980,1980,1980,,10878392,12520132,12571964,11079208
9043,1,2724,38,0,2618,0,62594244,52935672,69264292,7920,47322312,,12535364,18940764,19101148,12016968,,17566556,9146076,9110252,17112788,,20376076,13843292,13910688,21134236,,1980,1980,1980,1980,,11107848,12537148,12588608,11088708
9047,1,2725,39,0,2619,0,61957360,53593956,69923872,7920,46761616,,12316772,18932768,18684896,12022924,,17795880,9164512,9526016,17107548,,20605348,13862916,14326604,21129004,,1980,1980,1980,1980,,10895372,12545068,12224204,11096972
9051,1,2726,38,0,2620,0,61723956,53814396,70153428,7920,46434128,,12154828,18936832,19000636,11631660,,17950264,9158652,9218820,17486660,,20758624,13856204,14025200,21513400,,1980,1980,1980,1980,,10761020,12558644,12443832,10670632
9055,1,2727,37,0,2621,0,62201392,53318568,69662664,7920,46906084,,12504112,18717700,19101136,11878444,,17584988,9384464,9107756,17241360,,20393628,14086512,13914416,21268108,,1980,1980,1980,1980,,11074488,12334500,12570164,10926932
9059,1,2728,36,0,2622,0,62407296,53528340,69872332,7920,46665120,,12589920,18685780,19156820,11974776,,17494236,9856104,9048048,17129952,,20302936,14557544,13855044,21156808,,1980,1980,1980,1980,,11160232,11871376,12613928,11019584
9063,1,2729,37,0,2623,0,62418220,53064888,69412724,7920,47100968,,12611244,18660308,19153932,11992736,,17480144,9434252,9039840,17110652,,20290972,14135432,13847472,21138848,,1980,1980,1980,1980,,11187844,12260164,12614912,11038048
9066,1,2730,38,0,2624,0,62283544,53630284,69977724,7920,46461880,,12627020,18968356,18914884,11773284,,17464772,9547188,9281596,17336728,,20275620,14248816,14088280,21365008,,1980,1980,1980,1980,,11196856,12117448,12356080,10791496
9070,1,2731,35,0,2625,0,62491544,53459960,69809172,7920,46748272,,12638352,19199236,18701924,11952032,,17460908,9313904,9523940,17161208,,20273156,14015920,14330592,21189504,,1980,1980,1980,1980,,11224060,12343896,12199244,10981072
9074,1,2732,35,0,2626,0,62872656,53021280,69371592,7920,47133192,,12683532,19264024,18937532,11987568,,17396140,9243368,9278908,17102864,,20208448,13945752,14086204,21131188,,1980,1980,1980,1980,,11250820,12411516,12451740,11019116
9078,1,2733,35,0,2627,0,62989560,52932828,69284412,7920,47259864,,12695340,19280668,19022436,11991116,,17384748,9229864,9200064,17118152,,20197052,13932948,14007912,21146500,,1980,1980,1980,1980,,11265092,12427068,12530108,11037596
9082,1,2734,37,0,2628,0,62750180,53187244,69538116,7920,47026160,,12435496,19269424,19035328,12009932,,17667680,9233800,9173096,17112668,,20478692,13936884,13981512,21141028,,1980,1980,1980,1980,,10996516,12431320,12540084,11058240
9085,1,2735,37,0,2629,0,62353260,53151004,69497092,7920,46988160,,12648576,18873440,18801720,12029524,,17444524,9218420,9418432,17069628,,20255548,13917644,14225904,21097996,,1980,1980,1980,1980,,11205864,12449768,12266868,11065660
9089,1,2736,36,0,2630,0,62185812,53333240,69676664,7920,46832740,,12389464,18903460,18978852,11914036,,17718120,9171616,9248436,17195068,,20527788,13869336,14057448,21222092,,1980,1980,1980,1980,,10986476,12477004,12452660,10916600
9093,1,2737,35,0,2631,0,62504552,52994908,69339908,7920,47179740,,12573460,18900492,19030276,12000324,,17551856,9181544,9183380,17078128,,20362656,13879180,13992860,21105212,,1980,1980,1980,1980,,11181940,12483128,12501116,11013556
9097,1,2738,36,0,2632,0,62520836,53002056,69344856,7920,47276924,,12626080,19342028,18579256,11973472,,17484764,9161152,9195868,17160272,,20295600,13856348,14005544,21187364,,1980,1980,1980,1980,,11229116,12495296,12515848,11036664
9101,1,2739,38,0,2633,0,61759652,53321192,69661144,7920,46931112,,12217540,19347844,18630956,11563312,,17883444,9153868,9147780,17136100,,20695652,13849404,13958780,21157308,,1980,1980,1980,1980,,10859036,12506088,12529008,11036980
9104,2,2740,38,0,2634,0,61740532,54229716,70570812,7920,45942692,,12248988,19031080,18643168,11817296,,17843940,9499396,9582068,17304312,,20655148,14196108,14393892,21325664,,1980,1980,1980,1980,,10808856,12120168,12162468,10851200
9108,2,2741,36,0,2635,0,62693396,53216216,69569236,7920,46667472,,12528336,19498724,18742640,11923696,,17546852,9003304,9470576,17195484,,20358124,13712176,14282096,21216840,,1980,1980,1980,1980,,11084172,12415688,12184552,10983060
9113,1,2742,36,0,2636,0,63135596,52777332,69130960,7920,47102172,,12618852,19612196,18945440,11959108,,17463712,8884516,9255272,17173832,,20275028,13593580,14067144,21195208,,1980,1980,1980,1980,,11172772,12508628,12402336,11018436
9117,1,2743,36,0,2637,0,63224716,52705964,69065396,7920,47271552,,12604932,19594508,19020680,12004596,,17484288,8935716,9172808,17113152,,20295616,13643188,13984872,21141720,,1980,1980,1980,1980,,11183176,12548860,12490296,11049220
9120,1,2744,38,0,2638,0,62212720,53712028,70074276,7920,46301704,,12197184,18970904,19035012,12009620,,17897056,9560052,9145380,17109540,,20708408,14269504,13958172,21138192,,1980,1980,1980,1980,,10799368,11943548,12494068,11064720
9124,1,2745,36,0,2639,0,62944220,52975312,69336816,7920,46935244,,12494728,19382584,19046944,12019964,,17601728,9131676,9150428,17091480,,20411656,13841036,13963936,21120188,,1980,1980,1980,1980,,11040628,12303612,12517956,11073048
9128,1,2746,37,0,2640,0,62579904,53307316,69669456,7920,46574524,,12568656,19285680,19088792,11636776,,17512316,9227040,9101784,17466176,,20322296,13935648,13915456,21496056,,1980,1980,1980,1980,,11140800,12178116,12540304,10715304
9132,1,2747,38,0,2641,0,62196116,52887756,69251164,7920,47054924,,12606564,19452216,18198884,11938452,,17470208,9070616,9160324,17186608,,20281340,13779640,13973500,21216684,,1980,1980,1980,1980,,11171644,12366176,12551384,10965720
9136,1,2748,37,0,2642,0,63131264,52762784,69128072,7920,47075172,,12641432,19554012,18915756,12020064,,17435008,8960764,9284500,17082512,,20246208,13670556,14098708,21112600,,1980,1980,1980,1980,,11193736,12433048,12388844,11059544
9140,1,2749,37,0,2643,0,62731868,52764528,69125656,7920,47019540,,12636820,19339704,19120552,11634792,,17446952,9158184,9108588,17050804,,20258208,13868196,13922196,21077056,,1980,1980,1980,1980,,11204400,12215844,12498964,11100332
9143,1,2750,36,0,2644,0,62550960,52910520,69270680,7920,46827516,,12653252,19506656,18746036,11645016,,17436788,8989116,9457212,17027404,,20248064,13699228,14269716,21053672,,1980,1980,1980,1980,,11210984,12377332,12132284,11106916
9147,1,2751,35,0,2645,0,62892136,53055812,69415956,7920,46796056,,12607568,19564932,19047656,11671980,,17518888,8931632,9158324,17446968,,20331544,13642152,13972476,21469784,,1980,1980,1980,1980,,11237780,12436544,12386384,10735348
9151,1,2752,35,0,2646,0,62499168,52988132,69351592,7920,46781580,,12625636,19592252,18722588,11558692,,17476512,8912704,9479688,17119228,,20289228,13623516,14289484,21149364,,1980,1980,1980,1980,,11252616,12452292,12083308,10993364
9155,1,2753,34,0,2647,0,61541424,53533180,69901880,7920,46223640,,11982588,19595584,18743384,11219868,,18136908,8903620,9464540,17028112,,20949652,13614968,14279764,21057496,,1980,1980,1980,1980,,10624456,12455076,12053392,11090716
9159,1,2754,34,0,2648,0,62157460,52893808,69264708,7920,46867212,,12395316,19605136,18962204,11194804,,17707724,8897772,9214196,17074116,,20522620,13608836,14029596,21103656,,1980,1980,1980,1980,,11004152,12463296,12286072,11113692
9162,2,2755,34,0,2649,0,62942096,52951140,69320584,7920,46766836,,12569860,19637924,19058924,11675388,,17522828,8861636,9123092,17443584,,20337744,13572964,13938920,21470956,,1980,1980,1980,1980,,11170200,12483880,12373288,10739468
9166,2,2756,35,0,2650,0,63245060,52631472,69004280,7920,47082760,,12611716,19648636,19030652,11954056,,17492184,8838748,9146912,17153628,,20307144,13550164,13963032,21183940,,1980,1980,1980,1980,,11205800,12489608,12381668,11005684
9170,1,2757,35,0,2651,0,63231876,52671256,69042428,7920,47022452,,12619828,19670376,19068700,11872972,,17479996,8827660,9129504,17234096,,20295972,13536504,13946068,21263884,,1980,1980,1980,1980,,11228916,12512116,12384512,10896908
9174,1,2758,34,0,2652,0,63385732,52493592,68865312,7920,47198308,,12635376,19681032,19073036,11996288,,17461276,8797468,9123712,17111136,,20277260,13506388,13940708,21140956,,1980,1980,1980,1980,,11233424,12530820,12399640,11034424
9178,1,2759,35,0,2653,0,62857520,53048980,69417340,7920,46732952,,12658808,19202580,19097984,11898148,,17450232,9316656,9079780,17202312,,20266208,14022944,13897120,21231068,,1980,1980,1980,1980,,11260392,12145012,12420668,10906880
9181,1,2760,35,0,2654,0,63283596,52635972,69004716,7920,47090680,,12681208,19518336,19097536,11986516,,17408972,9020272,9089772,17116956,,20224972,13728228,13907772,21143744,,1980,1980,1980,1980,,11275228,12385160,12425432,11004860
9185,1,2761,35,0,2655,0,62569004,53325268,69693900,7920,46470564,,12266368,19600844,19113720,11588072,,17841112,8913808,9059736,17510612,,20656036,13622144,13878244,21537476,,1980,1980,1980,1980,,10885900,12481084,12450072,10653508
9189,1,2762,33,0,2656,0,62754284,53151500,69520276,7920,46408880,,12564628,19078428,19213180,11898048,,17536308,9445136,8958432,17211624,,20351328,14151388,13777108,21240452,,1980,1980,1980,1980,,11144480,11914116,12462688,10887596
9193,1,2763,31,0,2657,0,62982732,52918972,69295736,7920,46700420,,12415276,19441676,19153752,11972028,,17674616,9065468,9061904,17116984,,20489616,13779148,13881136,21145836,,1980,1980,1980,1980,,10979736,12251252,12481364,10988068
9197,1,2764,33,0,2658,0,62952616,52941164,69355560,7920,46707840,,12575772,19554716,18824780,11997348,,17527708,8954216,9359444,17099796,,20342744,13672632,14211500,21128684,,1980,1980,1980,1980,,11160104,12384784,12150844,11012108
9200,2,2765,33,0,2659,0,63340836,52459016,68957428,7920,47133656,,12642884,19584576,19114816,11998560,,17453780,8928868,8975656,17100712,,20268912,13648840,13910020,21129656,,1980,1980,1980,1980,,11209512,12420984,12484304,11018856
9204,2,2766,34,0,2660,0,63320732,52383064,68958236,7920,47152384,,12650844,19420604,19222740,12026544,,17444772,9081760,8780688,17075844,,20261176,13801096,13791164,21104800,,1980,1980,1980,1980,,11225796,12225180,12658160,11043248
9208,1,2767,35,0,2661,0,63449744,52257040,68858724,7920,47363372,,12618236,19541560,19256656,12033292,,17493220,8961136,8735088,17067596,,20309508,13681736,13770920,21096560,,1980,1980,1980,1980,,11252304,12356104,12711328,11043636
9212,1,2768,37,0,2662,0,63206052,52428804,69054012,7920,47118824,,12315072,19583872,19271880,12035228,,17792804,8898924,8677188,17059888,,20609076,13619644,13736344,21088948,,1980,1980,1980,1980,,10923636,12392552,12748380,11054256
9216,1,2769,36,0,2663,0,63416356,52222532,68853172,7920,47399396,,12527876,19597280,19239812,12051388,,17580672,8882348,8714440,17045072,,20396948,13603596,13778460,21074168,,1980,1980,1980,1980,,11162692,12403932,12768032,11064740
9219,2,2770,36,0,2664,0,63551696,52034096,68745876,7920,47612892,,12635288,19620584,19285040,12010784,,17469856,8850320,8603348,17110572,,20286144,13572044,13748160,21139528,,1980,1980,1980,1980,,11253812,12412928,12866912,11079240
9223,1,2771,36,0,2665,0,63200096,52192976,69121052,7920,47495144,,12636676,19237868,19308192,12017360,,17464188,9267828,8348716,17112244,,20280500,13989792,13714724,21136036,,1980,1980,1980,1980,,11264604,12043784,13100336,11086420
9227,1,2772,35,0,2666,0,62973288,52885308,69315092,7920,46709148,,12353540,19533276,19052288,12034184,,17746476,8949068,9096784,17092980,,20566796,13672324,13959132,21116840,,1980,1980,1980,1980,,10946224,12315212,12347076,11100636
9231,1,2773,33,0,2667,0,63052896,52768328,69198976,7920,46669520,,12253396,19713168,19237996,11848336,,17838504,8752772,8908680,17268372,,20657440,13476288,13771480,21293768,,1980,1980,1980,1980,,10830264,12418220,12528264,10892772
9235,1,2774,32,0,2668,0,62248256,52302996,68736764,7920,47157848,,12516252,19762044,18417392,11552568,,17572808,8746960,8842072,17141156,,20391816,13470612,13704800,21169536,,1980,1980,1980,1980,,11111996,12420700,12586640,11038512
9239,1,2775,34,0,2669,0,62591476,52825436,69262428,7920,46614504,,12603504,19757756,18607784,11622432,,17457260,8761912,9108840,17497424,,20276300,13485872,13972292,21527964,,1980,1980,1980,1980,,11189432,12429092,12309620,10686360
9243,1,2776,33,0,2670,0,62365004,52658856,69096368,7920,46753768,,12615388,19787464,18468796,11493356,,17486544,8731860,9248292,17192160,,20305624,13456148,14112256,21222340,,1980,1980,1980,1980,,11194852,12442532,12164088,10952296
9247,1,2777,33,0,2671,0,62726960,52266440,68701492,7920,47121792,,12616100,19810148,18723436,11577276,,17487516,8704628,8983700,17090596,,20306604,13429336,13848196,21117356,,1980,1980,1980,1980,,11211520,12459528,12420700,11030044
9250,1,2778,34,0,2672,0,62677624,52353032,68789372,7920,47089968,,12481456,19831280,18770412,11594476,,17622408,8694012,8970036,17066576,,20441428,13419092,13835488,21093364,,1980,1980,1980,1980,,11039444,12477904,12524048,11048572
9254,1,2779,36,0,2673,0,62816808,52203544,68643376,7920,47243312,,12576560,19857568,18776096,11606584,,17503280,8670020,8958880,17071364,,20322312,13394736,13828164,21098164,,1980,1980,1980,1980,,11146968,12483796,12551084,11061464
9258,1,2780,36,0,2674,0,62481612,52503220,68952292,7920,47022596,,12623724,19455128,18619768,11782992,,17440984,8631860,9106200,17324176,,20260248,13358776,13977284,21355984,,1980,1980,1980,1980,,11180976,12499660,12565844,10776116
9262,1,2781,37,0,2675,0,61841128,52717700,69169240,7920,46861388,,12635824,18623848,18636808,11944648,,17436664,9044504,9090680,17145852,,20255960,13771620,13963992,21177668,,1980,1980,1980,1980,,11197344,12117956,12589556,10956532
9266,1,2782,37,0,2676,0,62443568,52956208,69406696,7920,46560808,,12643120,18936288,18843272,12020888,,17421412,9162092,9314824,17057880,,20240724,13886932,14189312,21089728,,1980,1980,1980,1980,,11213680,11984004,12338840,11024284
9269,1,2783,35,0,2677,0,62904176,52485200,68938396,7920,47070024,,12593196,19278620,19017064,12015296,,17494164,8786056,9133288,17071692,,20313336,13513192,14008320,21103548,,1980,1980,1980,1980,,11223784,12292104,12521472,11032664
9273,1,2784,34,0,2678,0,63334324,52516096,68969996,7920,47039832,,12599044,19621132,19091008,12023140,,17499480,8879152,9064232,17073232,,20318664,13606588,13939624,21105120,,1980,1980,1980,1980,,11242620,12177772,12583744,11035696
9277,1,2785,34,0,2679,0,63497884,52335116,68789804,7920,47234404,,12602872,19738324,19115028,12041660,,17484664,8754880,9035568,17060004,,20303840,13482596,13911444,21091924,,1980,1980,1980,1980,,11255000,12334684,12600476,11044244
9281,1,2786,34,0,2680,0,62745356,53139364,69594572,7920,46562216,,12219544,19794232,19146076,11585504,,17886996,8699160,9010652,17542556,,20706164,13427316,13886712,21574380,,1980,1980,1980,1980,,10876840,12377304,12629616,10678456
9284,1,2787,35,0,2681,0,63357968,52515936,68971800,7920,47088600,,12502236,19805192,19164308,11886232,,17611556,8701772,8982116,17220492,,20430828,13430272,13858548,21252152,,1980,1980,1980,1980,,11132708,12392904,12650720,10912268
9288,1,2788,35,0,2682,0,63390768,52463304,68924900,7920,47090412,,12413396,19831332,19181472,11964568,,17686372,8662984,8966212,17147736,,20505692,13392708,13847088,21179412,,1980,1980,1980,1980,,11012972,12402036,12667472,11007932
9292,1,2789,35,0,2683,0,63103964,52317716,68778040,7920,47297652,,12547980,19827612,19181284,11547088,,17553540,8678432,8966436,17119308,,20372912,13408364,13847656,21149108,,1980,1980,1980,1980,,11165028,12412452,12692628,11027544
9296,1,2790,36,0,2684,0,62694100,52299340,68755096,7920,47368348,,12599556,19762868,19199332,11132344,,17495780,8748232,8940116,17115212,,20315180,13478280,13821376,21140260,,1980,1980,1980,1980,,11202736,12422876,12709580,11033156
9299,1,2791,34,0,2685,0,61215012,53372852,69827468,7920,46296772,,12444252,19805824,17828192,11136744,,17641832,8709328,9907892,17113800,,20460632,13439732,14788244,21138860,,1980,1980,1980,1980,,11032656,12440032,11786676,11037408
9303,1,2792,32,0,2686,0,62241104,53193696,69649688,7920,46370160,,12553328,19804768,18433256,11449752,,17538232,8700824,9718648,17235992,,20357096,13431540,14598344,21262708,,1980,1980,1980,1980,,11144364,12454728,11888272,10882796
9307,1,2793,30,0,2687,0,62995224,52887916,69344136,7920,46615320,,12581792,19837784,18837304,11738344,,17523732,8680788,9299388,17384008,,20342616,13411876,14179324,21410320,,1980,1980,1980,1980,,11176108,12465600,12256316,10717296
9311,1,2794,29,0,2688,0,63267092,52630984,69088896,7920,47031780,,12590580,19840552,18944732,11891228,,17506008,8685560,9219756,17219660,,20324908,13418232,14099748,21246008,,1980,1980,1980,1980,,11199112,12483156,12458392,10891120
9315,1,2795,30,0,2689,0,63020256,52407524,68871744,7920,47188928,,12621432,19852404,18586276,11960144,,17469700,8675140,9120408,17142276,,20288604,13408492,14001204,21173444,,1980,1980,1980,1980,,11217144,12491480,12530940,10949364
9318,1,2796,31,0,2690,0,62593516,52405020,68869848,7920,47204028,,12623804,19865728,18145928,11958056,,17466380,8646920,9147768,17143952,,20285320,13380592,14028804,21175132,,1980,1980,1980,1980,,11219736,12501588,12531696,10951008
9322,1,2797,31,0,2691,0,62266708,52744352,69208704,7920,46879356,,12651212,19471012,18172980,11971504,,17437608,8626172,9561028,17119544,,20257204,13359932,14440832,21150736,,1980,1980,1980,1980,,11244940,12526312,12144636,10963468
9326,1,2798,32,0,2692,0,62259396,52731408,69198076,7920,46836040,,12615496,19201972,18470404,11971524,,17493912,8876224,9248116,17113156,,20313416,13610328,14129968,21144364,,1980,1980,1980,1980,,11255052,12225672,12383052,10972264
9329,2,2799,31,0,2693,0,62675296,52750560,69218124,7920,46822344,,12634688,19514620,18553228,11972760,,17469012,9010768,9163380,17107400,,20288524,13745304,14045680,21138616,,1980,1980,1980,1980,,11275144,12097204,12473948,10976048
9333,1,2800,30,0,2694,0,62682660,52783096,69250672,7920,46792264,,12349304,19779696,18567012,11986648,,17772628,8718216,9175384,17116868,,20591116,13453068,14058324,21148164,,1980,1980,1980,1980,,10949448,12369068,12491196,10982552
9337,1,2801,28,0,2695,0,62710392,52743992,69210912,7920,46856500,,12340620,19862720,18571344,11935708,,17782560,8635716,9145460,17180256,,20599908,13370836,14028640,21211528,,1980,1980,1980,1980,,10925844,12443548,12494348,10992760
9341,1,2802,28,0,2696,0,62648408,52798704,69265604,7920,46746400,,12227380,19887920,18586692,11946416,,17872696,8625728,9135696,17164584,,20689448,13361268,14019076,21195812,,1980,1980,1980,1980,,10796776,12461712,12494800,10993112
9344,2,2803,27,0,2697,0,62853380,52575020,69045096,7920,47015804,,12472124,19854184,18592280,11934792,,17617064,8641868,9131800,17184288,,20433836,13378172,14015532,21217556,,1980,1980,1980,1980,,11044380,12466428,12503640,11001356
9348,2,2804,27,0,2698,0,62683432,53170520,69642048,7920,46604596,,12548296,19861088,18576208,11697840,,17522672,8636512,9581580,17429756,,20339776,13373652,14464472,21464148,,1980,1980,1980,1980,,11141484,12471400,12271516,10720196
9352,1,2805,27,0,2699,0,63031932,52830032,69299316,7920,46967856,,12564364,19875192,18716708,11875668,,17512356,8640752,9437964,17238960,,20329496,13375328,14321144,21273348,,1980,1980,1980,1980,,11148776,12485348,12418248,10915484
9356,1,2806,26,0,2700,0,62917000,52947764,69418660,7920,46850544,,12587372,19628364,18760920,11940344,,17503456,8884648,9389112,17170548,,20321832,13619160,14272504,21205164,,1980,1980,1980,1980,,11161828,12264508,12454056,10970152
9360,1,2807,30,0,2701,0,62647072,53199608,69672500,7920,46637812,,12601924,19336780,18768872,11939496,,17476888,9175496,9373832,17173392,,20296684,13910420,14257888,21207508,,1980,1980,1980,1980,,11180356,12020392,12463088,10973976
9364,1,2808,31,0,2702,0,62976128,52876588,69351864,7920,46953444,,12606876,19666432,18739292,11963528,,17474636,8835132,9405688,17161132,,20294496,13571256,14290352,21195760,,1980,1980,1980,1980,,11202640,12291708,12472184,10986912
9367,1,2809,32,0,2703,0,63133132,52718580,69194440,7920,47099328,,12633248,19750260,18758644,11990980,,17461224,8741168,9387940,17128248,,20281100,13479764,14272860,21160716,,1980,1980,1980,1980,,11215356,12387320,12480732,11015920
9371,1,2810,34,0,2704,0,63174188,52687336,69163460,7920,47173268,,12634496,19790252,18747908,12001532,,17458336,8695936,9422264,17110800,,20278232,13435204,14307320,21142704,,1980,1980,1980,1980,,11240152,12417764,12491776,11023576
9375,1,2811,36,0,2705,0,63217348,52605660,69084256,7920,47217920,,12662188,19789356,18750936,12014868,,17426020,8704124,9395012,17080504,,20245924,13443960,14281956,21112416,,1980,1980,1980,1980,,11248088,12426568,12507284,11035980
9378,1,2812,37,0,2706,0,62883328,52513636,68992068,7920,47297844,,12666552,19816192,18351564,12049020,,17403112,8673040,9388924,17048560,,20223032,13413168,14275392,21080476,,1980,1980,1980,1980,,11262684,12443304,12525076,11066780
9382,1,2813,37,0,2707,0,62496628,52937836,69420032,7920,46839232,,12731464,19527568,18376560,11861036,,17365672,8969708,9356944,17245512,,20186032,13710088,14243724,21280188,,1980,1980,1980,1980,,11285916,12141088,12533752,10878476
9386,1,2814,35,0,2708,0,62982064,52905940,69389228,7920,46942804,,12668512,19739380,18569464,12004708,,17456384,8768116,9576800,17104640,,20276740,13508628,14464516,21139344,,1980,1980,1980,1980,,11296288,12357012,12274528,11014976
9390,1,2815,34,0,2709,0,63267652,52570760,69058632,7920,47265964,,12670220,19828884,18725380,12043168,,17430168,8652972,9425900,17061720,,20252004,13393948,14314192,21098488,,1980,1980,1980,1980,,11319084,12447516,12438820,11060544
9393,1,2816,35,0,2710,0,63223496,52604780,69093532,7920,47162856,,12498680,19860820,18802252,12061744,,17587588,8622096,9350828,17044268,,20409540,13363472,14239412,21081108,,1980,1980,1980,1980,,11108592,12468124,12509164,11076976
9397,1,2817,33,0,2711,0,62931252,52977816,69467412,7920,46889704,,12188300,19867460,18822644,12052848,,17921152,8625768,9341448,17089448,,20742952,13367472,14230652,21126336,,1980,1980,1980,1980,,10773844,12478004,12532188,11105668
9401,1,2818,35,0,2712,0,62812808,52597448,69085220,7920,47209976,,12441616,19463048,18832388,12075756,,17651540,8587020,9306176,17052712,,20473352,13326840,14195572,21089456,,1980,1980,1980,1980,,11049732,12496552,12548048,11115644
9404,2,2819,35,0,2713,0,62538472,52409656,68896536,7920,47364080,,12596756,19469760,18834592,11637364,,17475164,8584788,9311940,17037764,,20296992,13323376,14201700,21074468,,1980,1980,1980,1980,,11185552,12502132,12554556,11121840
9408,1,2820,35,0,2714,0,62224420,52800548,69280584,7920,47031472,,12611176,19492212,18430444,11690588,,17481400,8590804,9285984,17442360,,20303332,13325212,14172984,21479056,,1980,1980,1980,1980,,11206328,12510116,12572656,10742372
9412,1,2821,34,0,2715,0,62338832,52658336,69139088,7920,47094300,,12408344,19500680,18448224,11981584,,17682792,8572220,9271896,17131428,,20504724,13306884,14159268,21168212,,1980,1980,1980,1980,,10970304,12524700,12583444,11015852
9416,1,2822,35,0,2716,0,62720208,52683328,69172588,7920,47099336,,12567824,19611052,18467160,12074172,,17523844,8885188,9253212,17021084,,20345828,13626948,14141932,21057880,,1980,1980,1980,1980,,11137216,12260860,12603360,11097900
9420,1,2823,37,0,2717,0,63210084,52635956,69132944,7920,47132676,,12625372,19806432,18694304,12083976,,17456912,8702200,9434112,17042732,,20278912,13446440,14328040,21079552,,1980,1980,1980,1980,,11185264,12454684,12377504,11115224
9423,2,2824,36,0,2718,0,62558408,52810112,69306396,7920,46885520,,12623336,19244476,18583256,12107340,,17451724,8827204,9535348,16995836,,20273756,13571264,14428696,21032680,,1980,1980,1980,1980,,11194088,12303244,12260508,11127680
9427,1,2825,36,0,2719,0,62497520,52894888,69392308,7920,46882676,,12634400,19376476,18785100,11701544,,17449428,8704128,9327052,17414280,,20271468,13449064,14220748,21451028,,1980,1980,1980,1980,,11210632,12435588,12478144,10758312
9431,1,2826,36,0,2720,0,63084556,52721096,69220424,7920,46977236,,12674724,19575644,18814332,12019856,,17397724,8919496,9311656,17092220,,20220244,13666580,14205584,21128016,,1980,1980,1980,1980,,11250176,12178816,12547852,11000392
9435,1,2827,37,0,2721,0,63327716,52470032,68970872,7920,47298040,,12695720,19743272,18796412,12092312,,17380880,8750536,9337440,17001176,,20203428,13498432,14232028,21036984,,1980,1980,1980,1980,,11266156,12378140,12557040,11096704
9439,1,2828,37,0,2722,0,62420456,52961840,69459452,7920,46792796,,12292632,19851488,18437456,11838880,,17793788,8617196,9280796,17270060,,20616356,13365316,14172956,21304824,,1980,1980,1980,1980,,10912816,12457316,12577592,10845072
9443,1,2829,36,0,2723,0,62688856,52676560,69173608,7920,47002712,,12603548,19849660,18448808,11786840,,17469116,8633960,9266000,17307484,,20291724,13382248,14158460,21341176,,1980,1980,1980,1980,,11165916,12473788,12579504,10783504
9447,1,2830,36,0,2724,0,62925516,52435220,68934664,7920,47329716,,12609856,19878704,18459888,11977068,,17481104,8597592,9254640,17101884,,20303528,13346256,14147236,21137644,,1980,1980,1980,1980,,11261332,12488588,12600652,10979144
9451,1,2831,36,0,2725,0,62668860,52703864,69202440,7920,47054128,,12660824,19493360,18467512,12047164,,17452776,8997364,9215792,17037932,,20275220,13744304,14109112,21073804,,1980,1980,1980,1980,,11294008,12121688,12611576,11026856
9454,1,2832,36,0,2726,0,63414480,52390388,68890596,7920,47349316,,12663312,19792888,18901100,12057180,,17446492,8696188,9214732,17032976,,20268960,13443656,14108244,21069736,,1980,1980,1980,1980,,11302568,12379080,12621292,11046376
9458,1,2833,37,0,2727,0,62924832,52922028,69423076,7920,46900916,,12516780,19866220,18709640,11832192,,17594228,8601068,9433040,17293692,,20415216,13348932,14331344,21327584,,1980,1980,1980,1980,,11131188,12460384,12420716,10888628
9462,1,2834,36,0,2728,0,62974256,52418016,68919460,7920,47332548,,12636548,19897220,18924516,11515972,,17475600,8573588,9206620,17162208,,20296612,13321824,14105516,21195508,,1980,1980,1980,1980,,11260780,12494464,12578960,10998344
9466,1,2835,37,0,2729,0,63016088,52819076,69327388,7920,46895280,,12323204,19913360,18962144,11817380,,17788448,8565640,9153480,17311508,,20610308,13315076,14054212,21347792,,1980,1980,1980,1980,,10905672,12507616,12629452,10852540
9470,1,2836,37,0,2730,0,63206048,52597184,69107384,7920,47081388,,12355088,19940568,18983956,11926436,,17742476,8534224,9129440,17191044,,20564260,13283828,14030720,21228576,,1980,1980,1980,1980,,10940052,12528948,12652616,10959772
9473,1,2837,38,0,2731,0,63446460,52340024,68850980,7920,47338292,,12551984,19948244,18983140,11963092,,17548336,8532116,9117376,17142196,,20370136,13282008,14019036,21179800,,1980,1980,1980,1980,,11149092,12535256,12660824,10993120
9477,1,2838,38,0,2732,0,63546412,52262124,68775208,7920,47467376,,12628720,19922196,19004428,11991068,,17464124,8564352,9109876,17123772,,20285964,13314564,14011648,21163032,,1980,1980,1980,1980,,11218180,12557928,12679340,11011928
9481,1,2839,38,0,2733,0,63460084,52362416,68870408,7920,47356500,,12497984,19924312,19031184,12006604,,17589552,8566584,9094008,17112272,,20411368,13310960,13996468,21151612,,1980,1980,1980,1980,,11053212,12567268,12707260,11028760
9484,1,2840,38,0,2734,0,63246388,52577808,69086304,7920,47158852,,12293156,19919184,19039140,11994908,,17799480,8576684,9087136,17114508,,20621080,13320972,13990352,21153900,,1980,1980,1980,1980,,10829640,12576036,12714208,11038968
9488,1,2841,38,0,2735,0,63605404,52192464,68706748,7920,47483864,,12524496,19952884,19082460,12045564,,17536392,8546072,9039876,17070124,,20358116,13294140,13943256,21111236,,1980,1980,1980,1980,,11071600,12591328,12752544,11068392
9492,1,2842,40,0,2736,0,63296904,52540988,69061692,7920,47155812,,12594044,19738204,18885548,12079108,,17476760,8773016,9247184,17044028,,20298548,13528320,14149668,21085156,,1980,1980,1980,1980,,11142592,12355624,12548652,11108944
9496,1,2843,40,0,2737,0,63692832,52135720,68658332,7920,47542428,,12626576,19927628,19040920,12097708,,17447468,8561728,9105076,17021448,,20269312,13318056,14008364,21062600,,1980,1980,1980,1980,,11163512,12541432,12715772,11121712
9500,1,2844,41,0,2738,0,62535588,52850372,69371976,7920,46909808,,12606420,19557976,18247880,12123312,,17472824,8923732,9459324,16994492,,20294696,13679016,14362588,21035676,,1980,1980,1980,1980,,11171648,12205660,12385712,11146788
9504,1,2845,38,0,2739,0,62348056,52571304,69091588,7920,47001844,,12644860,19184740,18516736,12001720,,17443784,8860532,9173648,17093340,,20265664,13614312,14077472,21134140,,1980,1980,1980,1980,,11191956,12190976,12622172,10996740
9508,1,2846,37,0,2740,0,62928324,52865232,69388244,7920,46832852,,12587148,19612160,18622352,12106664,,17527900,8868332,9484076,16984924,,20349576,13624820,14388104,21025744,,1980,1980,1980,1980,,11208356,12186440,12327596,11110460
9512,1,2847,37,0,2741,0,63547592,52198636,68724168,7920,47374712,,12589732,19850408,18961472,12145980,,17510896,8610144,9142560,16935036,,20332596,13368352,14047328,20975892,,1980,1980,1980,1980,,11214008,12410020,12608476,11142208
9516,1,2848,37,0,2742,0,63285924,52043864,68568372,7920,47547312,,12615708,19907780,19036288,11726148,,17488740,8545168,9065220,16944736,,20310456,13303884,13970480,20983552,,1980,1980,1980,1980,,11239164,12465376,12698004,11144768
9520,1,2849,37,0,2743,0,62077892,53287056,69808548,7920,46327136,,12616020,19935124,17957116,11569632,,17504692,8507312,9721232,17553820,,20326420,13266412,14625204,21590512,,1980,1980,1980,1980,,11249672,12478448,12011564,10587452
9524,1,2850,33,0,2744,0,62089028,52820684,69339184,7920,46684908,,12247396,19923808,18395192,11522632,,17857360,8526360,9284792,17152172,,20678080,13285800,14188896,21186408,,1980,1980,1980,1980,,10876260,12484704,12415972,10907972
9528,1,2851,33,0,2745,0,62731828,52591932,69109152,7920,46875092,,12533272,19958072,18605380,11635104,,17572624,8500220,9481508,17037580,,20393404,13261088,14384908,21069752,,1980,1980,1980,1980,,11141496,12504768,12201016,11027812
9532,1,2852,34,0,2746,0,62781084,52586856,69105680,7920,46944148,,12613808,19979720,18557316,11630240,,17490400,8483624,9541776,17071056,,20311916,13244780,14445728,21103256,,1980,1980,1980,1980,,11231660,12523484,12134392,11054612
9536,1,2853,34,0,2747,0,63055796,52734028,69248664,7920,46867688,,12248676,19915600,18823728,12067792,,17861852,8575564,9259224,17037388,,20682468,13336304,14163320,21066572,,1980,1980,1980,1980,,10867204,12527388,12417088,11056008
9540,1,2854,33,0,2748,0,62868496,52889000,69408424,7920,46620084,,12121596,19763892,18907500,12075508,,17963748,8714736,9177916,17032600,,20784088,13474380,14082620,21067336,,1980,1980,1980,1980,,10736072,12297144,12514176,11072692
9543,2,2855,32,0,2749,0,63029700,52741628,69262092,7920,46708424,,12496448,19918024,18927728,11687500,,17595512,8574280,9149896,17421940,,20415804,13334276,14055276,21456736,,1980,1980,1980,1980,,11054352,12454492,12517624,10681956
9547,1,2856,32,0,2750,0,63479848,52289348,68815196,7920,47154500,,12598072,19981732,18925404,11974640,,17484096,8501900,9163836,17139516,,20304420,13262292,14069476,21179008,,1980,1980,1980,1980,,11163424,12504060,12532080,10954936
9551,1,2857,33,0,2751,0,63125372,52144732,68762712,7920,47378568,,12624308,20032236,18423904,12044924,,17454128,8362940,9271960,17055704,,20274476,13216184,14176848,21095204,,1980,1980,1980,1980,,11187900,12610064,12546044,11034560
9555,1,2858,34,0,2752,0,63166844,51975556,68680672,7920,47505208,,12640600,20010328,18452008,12063908,,17424192,8288424,9242988,17019952,,20244548,13227948,14148668,21059508,,1980,1980,1980,1980,,11200332,12704776,12559168,11040932
9559,1,2859,35,0,2753,0,63377260,52168280,68904816,7920,47308168,,12653676,20031396,18631224,12060964,,17412388,8238168,9490036,17027688,,20234048,13206540,14396980,21067248,,1980,1980,1980,1980,,11211004,12751456,12294344,11051364
9562,2,2860,35,0,2754,0,63617440,51892792,68705656,7920,47632996,,12643456,20033152,18832028,12108804,,17434680,8183244,9296296,16978572,,20256352,13226812,14203560,21018932,,1980,1980,1980,1980,,11219116,12840816,12490472,11082592
9566,2,2861,35,0,2755,0,63399712,52181092,68940316,7920,47472896,,12415956,20023092,18860064,12100600,,17689392,8226920,9266916,16997864,,20509788,13217936,14174352,21038240,,1980,1980,1980,1980,,11044444,12792492,12536616,11099344
9570,1,2862,35,0,2756,0,63402544,52099808,68940124,7920,47460052,,12540840,20094560,18892372,11874772,,17569952,8068192,9223172,17238492,,20390356,13138880,14133356,21277532,,1980,1980,1980,1980,,11169952,12887848,12558024,10844228
9574,1,2863,36,0,2757,0,63235300,51656664,68704868,7920,47925608,,12577844,19711576,18896988,12048892,,17534212,7831724,9235612,17055116,,20354656,13109676,14146336,21094200,,1980,1980,1980,1980,,11214068,13120316,12569088,11022136
9578,1,2864,37,0,2758,0,62876940,51432756,68675752,7920,48211144,,12597948,19310040,18923764,12045188,,17507056,7651420,9187096,17087184,,20327516,13123980,14098092,21126164,,1980,1980,1980,1980,,11222312,13323904,12587624,11077304
9581,1,2865,35,0,2759,0,62355272,53406628,69983120,7920,46167912,,12597828,19394604,18724056,11638784,,17501508,9032180,9386428,17486512,,20321976,13841904,14297720,21521520,,1980,1980,1980,1980,,11234704,11878344,12350772,10704092
9585,1,2866,32,0,2760,0,62850152,52466204,69049004,7920,46996968,,12628128,19816096,18873196,11532732,,17474372,8593392,9230680,17167760,,20294852,13411232,14142172,21200748,,1980,1980,1980,1980,,11247356,12280800,12516168,10952644
9589,1,2867,33,0,2761,0,63167056,52103900,68688552,7920,47323128,,12628936,20013552,18916364,11608204,,17465632,8377764,9188476,17072028,,20287284,13195844,14100396,21105028,,1980,1980,1980,1980,,11258456,12475072,12559456,11030144
9593,1,2868,34,0,2762,0,63554696,52129164,68721312,7920,47252724,,12654452,20101064,18932660,11866520,,17443420,8277696,9167052,17240996,,20266680,13095992,14079356,21279284,,1980,1980,1980,1980,,11274908,12551540,12566152,10860124
9597,1,2869,34,0,2763,0,63391868,52330156,68923340,7920,47159488,,12443900,20055776,18933688,11958504,,17646852,8362192,9168152,17152960,,20470936,13180584,14080556,21191264,,1980,1980,1980,1980,,11044484,12559860,12568652,10986492
9600,2,2870,35,0,2764,0,63222420,52111556,68707388,7920,47410612,,12613484,20080836,18951088,11577012,,17488404,8340176,9176048,17106928,,20313864,13158948,14090164,21144412,,1980,1980,1980,1980,,11219880,12575020,12589168,11026544
9604,1,2871,36,0,2765,0,62701484,52993228,69590180,7920,46484592,,12251800,19900032,18957936,11591716,,17843100,8518960,9129980,17501188,,20668604,13338412,14044744,21538420,,1980,1980,1980,1980,,10893928,12357852,12597020,10635792
9608,1,2872,35,0,2766,0,63480036,52240800,68839520,7920,47141420,,12568700,20038196,18986548,11886592,,17525100,8382288,9116264,17217148,,20349744,13202096,14032500,21255180,,1980,1980,1980,1980,,11134024,12507044,12628396,10871956
9612,1,2873,35,0,2767,0,63756456,51956608,68558124,7920,47462436,,12668048,20092908,18990756,12004744,,17427032,8312108,9119036,17098432,,20251672,13132308,14037228,21136916,,1980,1980,1980,1980,,11252536,12554832,12659692,10995376
9616,1,2874,37,0,2768,0,63412848,52310364,68913740,7920,47149940,,12274800,20114108,19005616,12018324,,17814048,8298312,9114984,17083020,,20638704,13119260,14033832,21121944,,1980,1980,1980,1980,,10887176,12574068,12672664,11016032
9619,1,2875,37,0,2769,0,63723380,51976184,68580424,7920,47422676,,12594060,20092680,19024096,12012544,,17503476,8320020,9081832,17070856,,20328192,13141280,14001144,21109808,,1980,1980,1980,1980,,11136496,12578640,12685336,11022204
9623,1,2876,37,0,2770,0,63528204,52187880,68790920,7920,47275128,,12657336,19767712,19054528,12048628,,17436736,8662740,9050216,17038188,,20261484,13482380,13969904,21077152,,1980,1980,1980,1980,,11240868,12277016,12716772,11040472
9627,1,2877,36,0,2771,0,63269228,52039160,68640964,7920,47526556,,12623072,19527436,19066628,12052092,,17486752,8465436,9046268,17040704,,20311396,13284844,13965044,21079680,,1980,1980,1980,1980,,11251060,12491960,12732564,11050972
9631,1,2878,36,0,2772,0,62766468,52983188,69584872,7920,46627448,,12229620,19618800,18865380,12052668,,17898512,8801072,9249420,17034184,,20723168,13619800,14168724,21073180,,1980,1980,1980,1980,,10877528,12176944,12517500,11055476
9635,1,2879,34,0,2773,0,62711556,52590304,69194164,7920,46914828,,12528788,19514216,19022580,11645972,,17588260,8897776,9086812,17017456,,20412904,13718792,14006772,21055696,,1980,1980,1980,1980,,11121784,12027348,12683968,11081728
9638,2,2880,33,0,2774,0,62924900,52335516,68941424,7920,47123524,,12604372,19626400,19082820,11611308,,17489856,8762084,9021024,17062552,,20314544,13584400,13942304,21100176,,1980,1980,1980,1980,,11219916,12079020,12737608,11086980
9642,1,2881,35,0,2775,0,61977964,53335852,69933540,7920,46258168,,12640544,19842908,18278852,11215660,,17459864,8556068,9404456,17915464,,20284572,13378776,14325308,21944884,,1980,1980,1980,1980,,11244900,12319476,12378160,10315632
9646,1,2882,33,0,2776,0,62792152,52481804,69097172,7920,46878504,,12456600,19965536,18572108,11797908,,17651456,8409616,9110488,17310244,,20475856,13233628,14030368,21357320,,1980,1980,1980,1980,,11038504,12421528,12643328,10775144
9650,1,2883,33,0,2777,0,63136512,52553276,69181884,7920,46910320,,12591508,19939400,18661936,11943668,,17511012,8451864,9428680,17161720,,20335412,13276176,14349072,21221224,,1980,1980,1980,1980,,11184220,12428152,12338020,10959928
9654,1,2884,32,0,2778,0,63588340,52067136,68698040,7920,47291916,,12621856,19968440,18986764,12011280,,17481204,8408160,9090104,17087668,,20305632,13232524,14012676,21147208,,1980,1980,1980,1980,,11218596,12444716,12611484,11017120
9658,1,2885,32,0,2779,0,63183796,52087440,68723376,7920,47425604,,12627336,19886008,18644944,12025508,,17472548,8540088,9005628,17069176,,20296988,13364572,13928664,21133152,,1980,1980,1980,1980,,11237592,12448936,12704384,11034692
9661,1,2886,34,0,2780,0,63661320,52000680,68640464,7920,47465688,,12655648,19899952,19081128,12024592,,17436364,8508648,9008356,17047312,,20260868,13336380,13931904,21111312,,1980,1980,1980,1980,,11249772,12460976,12716528,11038412
9665,1,2887,35,0,2781,0,63389428,52289736,68930620,7920,47203272,,12663620,19929228,18807212,11989368,,17437072,8470044,9276552,17106068,,20261580,13298304,14200620,21170116,,1980,1980,1980,1980,,11260044,12479780,12420932,11042516
9669,1,2888,34,0,2782,0,63459308,52231340,68872756,7920,47255128,,12691540,19935072,18993636,11839060,,17409728,8478888,9087168,17255556,,20234276,13307632,14011416,21319432,,1980,1980,1980,1980,,11286920,12482540,12619564,10866104
9672,2,2889,32,0,2783,0,62224240,53073236,69715572,7920,46474584,,12512204,19957052,17801360,11953624,,17595328,8461900,9887580,17128428,,20419856,13291516,14811868,21192332,,1980,1980,1980,1980,,11081556,12501708,11908752,10982568
9676,2,2890,31,0,2784,0,63012068,52690088,69332176,7920,46781172,,12663124,19973712,18398684,11976548,,17435796,8432336,9714928,17107028,,20260332,13262700,14638180,21170964,,1980,1980,1980,1980,,11228856,12508312,12025048,11018956
9680,1,2891,30,0,2785,0,63041644,52613268,69256216,7920,46761672,,12347132,19986740,18713536,11994236,,17745368,8403360,9382344,17082196,,20569908,13234008,14306148,21146152,,1980,1980,1980,1980,,10879308,12512980,12350384,11019000
9684,1,2892,29,0,2786,0,63477212,52183032,68827884,7920,47237124,,12610952,19993352,18873048,11999860,,17478320,8411260,9202856,17090596,,20302884,13243376,14127020,21154604,,1980,1980,1980,1980,,11151680,12542228,12513324,11029892
9688,1,2893,31,0,2787,0,63521500,52168016,68815620,7920,47380392,,12610416,20018516,18897192,11995376,,17491044,8393664,9187460,17095848,,20319580,13226172,14109964,21159904,,1980,1980,1980,1980,,11234116,12565108,12545272,11035896
9692,1,2894,31,0,2788,0,62921436,52791492,69440304,7920,46741908,,12368020,19991392,18539272,12022752,,17751660,8432380,9558068,17049384,,20580036,13265076,14481692,21113500,,1980,1980,1980,1980,,10967452,12567496,12160444,11046516
9696,1,2895,29,0,2789,0,62703152,52560520,69206908,7920,46923952,,12539596,19590092,18805996,11767468,,17567048,8391340,9286640,17315492,,20395424,13222556,14210772,21378156,,1980,1980,1980,1980,,11147012,12582984,12423704,10770252
9699,1,2896,29,0,2790,0,62780516,52445768,69092500,7920,47020424,,12384320,19624176,18872960,11899060,,17699956,8345388,9198324,17202100,,20528124,13177080,14122668,21264628,,1980,1980,1980,1980,,10962456,12599632,12495832,10962504
9703,1,2897,30,0,2791,0,62992940,52250672,68897484,7920,47274756,,12522148,19631828,18894460,11944504,,17579108,8333776,9185964,17151824,,20407320,13165100,14110700,21214364,,1980,1980,1980,1980,,11124692,12619320,12509928,11020816
9707,1,2898,30,0,2792,0,62860080,52416176,69067344,7920,47084124,,12591712,19403948,18904264,11960156,,17507304,8579508,9175228,17154136,,20335556,13412792,14102296,21216700,,1980,1980,1980,1980,,11171232,12370760,12518604,11023528
9711,1,2899,30,0,2793,0,62612620,52635632,69287500,7920,46884464,,12578308,19573032,18491772,11969508,,17511616,8391796,9596236,17135984,,20339884,13225364,14523696,21198556,,1980,1980,1980,1980,,11176264,12538848,12141924,11027428
9715,1,2900,29,0,2794,0,63406536,52256832,68909240,7920,47204840,,12590320,20040868,18787508,11987840,,17499740,8360056,9280020,17117016,,20328016,13193408,14207644,21180172,,1980,1980,1980,1980,,11183672,12600840,12375428,11044900
9718,2,2901,28,0,2795,0,62504720,52718496,69374600,7920,46965972,,12470984,19171576,18864772,11997388,,17612848,8797224,9202984,17105440,,20441756,13631192,14131000,21170652,,1980,1980,1980,1980,,11043064,12399348,12470824,11052736
9722,1,2902,30,0,2796,0,62729868,52509888,69168796,7920,47232700,,12557280,19275384,18881308,12015896,,17523620,8709724,9196412,17080132,,20352564,13545824,14125036,21145372,,1980,1980,1980,1980,,11151344,12531180,12488988,11061188
9726,1,2903,31,0,2797,0,62419156,52392980,69052264,7920,47309908,,12593060,19342316,18877652,11606128,,17487588,8627612,9203588,17074192,,20316576,13464144,14132680,21138864,,1980,1980,1980,1980,,11173888,12571696,12493284,11071040
9730,1,2904,31,0,2798,0,62012352,52348076,69006408,7920,47364840,,12607816,19326824,18884404,11193308,,17481152,8629120,9179224,17058580,,20310168,13466016,14108520,21121704,,1980,1980,1980,1980,,11199028,12578508,12502276,11085028
9733,2,2905,34,0,2799,0,61585672,53239912,69893424,7920,46623840,,12627064,18500336,18811400,11646872,,17460140,9045140,9284732,17449900,,20289176,13878164,14214192,21511892,,1980,1980,1980,1980,,11206932,12203672,12512544,10700692
9737,2,2906,32,0,2800,0,62231836,52570324,69234124,7920,47179348,,12661744,18825448,18826340,11918304,,17426392,8695992,9274844,17173096,,20255476,13533660,14205064,21239924,,1980,1980,1980,1980,,11227808,12449080,12527476,10974984
9741,1,2907,33,0,2801,0,62452160,52333352,68997776,7920,47410800,,12672928,18912060,18855004,12012168,,17401328,8602432,9246956,17082636,,20230432,13440100,14177668,21149576,,1980,1980,1980,1980,,11240492,12556920,12546980,11066408
9745,1,2908,34,0,2802,0,62596384,52626220,69290628,7920,47116732,,12684808,19043028,18857524,12011024,,17399420,8901752,9246376,17078672,,20228536,13739200,14177272,21145620,,1980,1980,1980,1980,,11246812,12248600,12551272,11070048
9749,1,2909,33,0,2803,0,61943768,53309528,69974716,7920,46607308,,12228576,19252120,18873268,11589804,,17869508,8696532,9225396,17518092,,20698520,13534484,14156672,21585040,,1980,1980,1980,1980,,10882920,12463252,12567956,10693180
9752,1,2910,31,0,2804,0,62924792,52740892,69406632,7920,46950488,,12547720,19559320,18902064,11915688,,17553612,8806616,9195204,17185460,,20382496,13644692,14126980,21252464,,1980,1980,1980,1980,,11128684,12305388,12582776,10933640
9756,1,2911,31,0,2805,0,63257304,52404520,69071388,7920,47314904,,12630660,19704880,18907844,12013920,,17458388,8674804,9191900,17079428,,20287292,13513352,14124148,21146596,,1980,1980,1980,1980,,11224152,12449660,12589664,11051428
9760,1,2912,32,0,2806,0,62750072,52933744,69608780,7920,46888508,,12070664,19756376,18902876,12020156,,18019272,8611608,9215280,17087584,,20855784,13450576,14147712,21154708,,1980,1980,1980,1980,,10718548,12498228,12592048,11079684
9764,1,2913,32,0,2807,0,62459168,52775104,69450380,7920,47025612,,12185096,19772952,18918992,11582128,,17901308,8595336,9188976,17089484,,20737616,13434672,14121900,21156192,,1980,1980,1980,1980,,10820336,12513668,12607928,11083680
9768,1,2914,34,0,2808,0,62658124,53006080,69686032,7920,46845040,,12177980,19731444,18915944,11832756,,17919928,8624408,9187912,17273832,,20756368,13464876,14121108,21343680,,1980,1980,1980,1980,,10838752,12520252,12612100,10873936
9771,2,2915,36,0,2809,0,62453576,52758668,69435148,7920,47065212,,12212104,19757240,18506540,11977692,,17869468,8593604,9177412,17118184,,20707672,13434356,14105040,21188080,,1980,1980,1980,1980,,10859256,12533104,12628756,11044096
9775,1,2916,37,0,2810,0,62800112,52859932,69542792,7920,46963780,,12221728,19754588,18784428,12039368,,17875112,8609892,9320384,17054544,,20713364,13450784,14254156,21124488,,1980,1980,1980,1980,,10875660,12543596,12457804,11086720
9779,1,2917,36,0,2811,0,62921744,52757220,69441740,7920,47120696,,12254136,19719648,18883360,12064600,,17832208,8672788,9212540,17039684,,20672152,13513988,14145900,21109700,,1980,1980,1980,1980,,10902580,12552520,12566192,11099404
9783,1,2918,37,0,2812,0,62338416,52944316,69616180,7920,46937108,,12277108,19306024,18914932,11840352,,17812916,8678744,9190472,17262184,,20652892,13511052,14124256,21327980,,1980,1980,1980,1980,,10927744,12564228,12598976,10846160
9787,1,2919,36,0,2813,0,62246976,52994936,69674936,7920,46812752,,12272004,19446752,18492724,12035496,,17815324,8961952,9174500,17043160,,20655312,13801828,14108784,21109012,,1980,1980,1980,1980,,10934052,12241440,12603072,11034188
9790,2,2920,36,0,2814,0,62349716,53268868,69951996,7920,46512428,,11886592,19653108,18721480,12088536,,18183700,8741324,9358000,16985844,,21025384,13581660,14293224,21051728,,1980,1980,1980,1980,,10577300,12468824,12378620,11087684
9794,2,2921,34,0,2815,0,62821076,52841772,69525264,7920,46996304,,12208524,19716308,18811080,12085164,,17885100,8674772,9287040,16994860,,20725640,13515844,14223012,21060768,,1980,1980,1980,1980,,10843364,12543256,12519480,11090204
9798,1,2922,35,0,2816,0,63014052,52632508,69318716,7920,47175972,,12307040,19750344,18854108,12102560,,17761760,8644064,9243920,16982764,,20602328,13487300,14180408,21048680,,1980,1980,1980,1980,,10946408,12568664,12556592,11104308
9802,1,2923,36,0,2817,0,62353068,52848116,69543048,7920,46924052,,12345348,19740968,18585112,11681640,,17725860,8642000,9508832,16971424,,20566452,13485492,14449652,21041452,,1980,1980,1980,1980,,10983720,12571120,12247836,11121376
9806,1,2924,36,0,2818,0,62619820,52609784,69308064,7920,47196316,,12369264,19776744,18799252,11674560,,17704656,8611500,9312372,16981256,,20545264,13457796,14253380,21051624,,1980,1980,1980,1980,,10996196,12597612,12470916,11131592
9810,1,2925,39,0,2819,0,62679556,52961160,69660384,7920,46900476,,12329420,19802104,18854972,11693060,,17752496,8580268,9236752,17391644,,20592992,13427020,14178336,21462036,,1980,1980,1980,1980,,11012660,12611928,12526756,10749132
9813,2,2926,38,0,2820,0,62636524,53037660,69739952,7920,46825572,,12368288,19406140,18872432,11989664,,17720044,8995324,9212920,17109372,,20560564,13845468,14155128,21178792,,1980,1980,1980,1980,,11041724,12243484,12537752,11002612
9817,1,2927,38,0,2821,0,62604588,53073012,69775900,7920,46831464,,12382764,19735464,18858940,11627420,,17709788,8653220,9226548,17483456,,20550288,13503544,14169040,21553028,,1980,1980,1980,1980,,11051936,12516512,12553180,10709836
9821,1,2928,38,0,2822,0,62181648,53038696,69738036,7920,46837164,,11939924,19415296,18897924,11928504,,18152384,8529516,9183992,17172804,,20991720,13377432,14126788,21242096,,1980,1980,1980,1980,,10664344,12615772,12571608,10985440
9825,1,2929,37,0,2823,0,62459040,52791776,69493504,7920,47126752,,12265840,19303204,18909468,11980528,,17840568,8651272,9192784,17107152,,20679960,13500384,14136688,21176472,,1980,1980,1980,1980,,10936676,12541744,12588868,11059464
9829,1,2930,37,0,2824,0,62646300,53023440,69723196,7920,46795652,,12357560,19348264,18937456,12003020,,17731828,9026288,9163328,17101996,,20571248,13876468,14107700,21167780,,1980,1980,1980,1980,,11020092,12095060,12611748,11068752
9833,1,2931,36,0,2825,0,62321164,53328684,70030476,7920,46532580,,11718896,19647164,18947788,12007316,,18370908,8733804,9136376,17087596,,21210228,13584188,14081060,21155000,,1980,1980,1980,1980,,10387240,12422140,12630168,11093032
9836,2,2932,37,0,2826,0,62413620,52809692,69512904,7920,47093096,,12139748,19244252,18976220,12053400,,17938824,8715088,9106760,17049020,,20778212,13563700,14053280,21117712,,1980,1980,1980,1980,,10765548,12554776,12659840,11112932
9840,2,2933,38,0,2827,0,62001408,52783708,69490044,7920,47103860,,12262488,19276540,18570224,11892156,,17808468,8675620,9089528,17210092,,20647880,13524168,14037492,21280504,,1980,1980,1980,1980,,10913936,12568960,12687304,10933660
9844,1,2934,39,0,2828,0,61976196,53235752,69938244,7920,46627544,,12032800,19312300,18605380,12025716,,18037524,8647596,9482904,17067728,,20876984,13491760,14431348,21138152,,1980,1980,1980,1980,,10643024,12583508,12334984,11066028
9848,1,2935,37,0,2829,0,62071212,52721592,69425392,7920,47111512,,12222628,19295920,18489304,12063360,,17845664,8683508,9169548,17022872,,20685168,13528020,14119932,21092272,,1980,1980,1980,1980,,10838432,12586220,12590952,11095908
9852,1,2936,39,0,2830,0,62135972,53086080,69792492,7920,46739612,,11966848,19314948,18755200,12098976,,18108024,8641508,9332572,17003976,,20946248,13491168,14283052,21072024,,1980,1980,1980,1980,,10568388,12603572,12444612,11123040
9856,1,2937,39,0,2831,0,62378964,53271852,69977396,7920,46546360,,12219660,19345480,18937120,11876704,,17843460,9037788,9160660,17229944,,20681736,13888200,14111812,21295648,,1980,1980,1980,1980,,10805332,12229020,12634224,10877784
9860,1,2938,37,0,2832,0,62970252,52658672,69369128,7920,47124368,,12274460,19648524,19003652,12043616,,17786392,8743284,9080664,17048332,,20624700,13599156,14031224,21114048,,1980,1980,1980,1980,,10877332,12500428,12693128,11053480
9863,2,2939,37,0,2833,0,62830008,52799880,69509816,7920,46962092,,12289132,19735964,18719804,12085108,,17776988,8643812,9377120,17001960,,20615328,13499892,14327840,21066756,,1980,1980,1980,1980,,10886756,12594268,12387168,11093900
9867,2,2940,37,0,2834,0,62278956,53379924,70092256,7920,46500452,,12220964,19769176,18511564,11777252,,17887796,8612304,9580064,17299760,,20726976,13468832,14530984,21365464,,1980,1980,1980,1980,,10900580,12605168,12231444,10763260
9871,2,2941,35,0,2835,0,62720096,52894924,69611148,7920,46874720,,12061192,19805444,18871484,11981976,,18043620,8559476,9191448,17100380,,20882496,13416200,14142124,21170328,,1980,1980,1980,1980,,10709176,12618020,12532592,11014932
9875,2,2942,34,0,2836,0,62922964,52698476,69416340,7920,47029028,,12211400,19673288,18977692,12060584,,17887264,8702812,9091560,17016840,,20726156,13560624,14042736,21086824,,1980,1980,1980,1980,,10858860,12445956,12646616,11077596
9879,2,2943,35,0,2837,0,62438216,53219220,69935136,7920,46537900,,12247836,19767272,18635540,11787568,,17858384,8601580,9446532,17312724,,20697308,13459896,14396816,21381116,,1980,1980,1980,1980,,10891444,12543652,12277160,10825644
9883,1,2944,34,0,2838,0,62610732,53044000,69760668,7920,46724624,,12251832,19804768,18901096,11653036,,17843032,8573568,9176260,17451140,,20681960,13432268,14126948,21519492,,1980,1980,1980,1980,,10897832,12573696,12559280,10693816
9887,1,2945,34,0,2839,0,62986376,52619452,69338196,7920,47096212,,12299536,19818704,18981120,11887016,,17798104,8545488,9079424,17196436,,20637060,13405460,14030428,21265248,,1980,1980,1980,1980,,10935028,12593128,12636652,10931404
9891,1,2946,35,0,2840,0,62300484,52844672,69562592,7920,46865752,,11934376,19848100,18572112,11945896,,18158200,8519168,9039320,17127984,,20996008,13379456,13990308,21196820,,1980,1980,1980,1980,,10582396,12620484,12654068,11008804
9895,1,2947,35,0,2841,0,63046628,52562240,69279704,7920,47172964,,12195592,19853612,19019760,11977664,,17902084,8514096,9038624,17107436,,20739900,13374544,13988968,21176292,,1980,1980,1980,1980,,10842052,12634708,12672204,11024000
9899,1,2948,36,0,2842,0,62923192,52683084,69402352,7920,47074632,,12253872,19832712,18863876,11972732,,17826132,8549148,9195828,17111976,,20663952,13409740,14147820,21180840,,1980,1980,1980,1980,,10913292,12645244,12489936,11026160
9903,1,2949,35,0,2843,0,62282036,52910024,69630568,7920,46843292,,11876244,19853252,18983568,11568972,,18216704,8529004,9071312,17093004,,21054496,13389768,14023936,21162368,,1980,1980,1980,1980,,10528440,12662368,12617712,11034772
9906,2,2950,36,0,2844,0,62187300,52557140,69278788,7920,47174912,,12165544,19448036,18995104,11578616,,17919112,8482164,9070860,17085004,,20756968,13343420,14024004,21154396,,1980,1980,1980,1980,,10802572,12677448,12645704,11049188
9910,1,2951,35,0,2845,0,62212992,52995704,69717972,7920,46747536,,12235236,19679756,18723876,11574124,,17847700,8708460,9353316,17086228,,20685580,13570120,14306632,21155640,,1980,1980,1980,1980,,10860964,12484700,12346672,11055200
9914,1,2952,35,0,2846,0,62501852,52679948,69402892,7920,47136196,,12234920,19820664,18837160,11609108,,17849608,8550132,9241020,17039188,,20687504,13410492,14194764,21110132,,1980,1980,1980,1980,,10869380,12626444,12559968,11080404
9918,1,2953,36,0,2847,0,61573712,53189100,69909836,7920,46564120,,11969144,19717048,18241676,11645844,,18120452,8653900,9407472,17007276,,20958436,13514796,14360744,21075860,,1980,1980,1980,1980,,10616812,12488260,12369072,11089976
9922,1,2954,33,0,2848,0,62275820,53320692,70036692,7920,46428988,,11992832,19820516,18404812,12057660,,18086124,8552980,9682104,16999484,,20924076,13412108,14633960,21066548,,1980,1980,1980,1980,,10576488,12616992,12136612,11098896
9926,1,2955,32,0,2849,0,62381092,52768572,69485764,7920,46946236,,12161420,19390992,18734048,12094632,,17904552,8547920,9340316,16975784,,20742540,13406692,14293664,21042868,,1980,1980,1980,1980,,10766692,12644708,12405152,11129684
9929,2,2956,33,0,2850,0,62461836,52706224,69428996,7920,47103028,,12122084,19423592,18818192,12097968,,17963628,8520256,9246768,16975572,,20801496,13384188,14200772,21042540,,1980,1980,1980,1980,,10798088,12664548,12502788,11137604
9933,1,2957,33,0,2851,0,62616208,53002272,69730396,7920,46798176,,12139336,19663456,18839964,11973452,,17952020,8718508,9242612,17089132,,20789912,13582844,14197184,21160456,,1980,1980,1980,1980,,10812436,12473004,12522824,10989912
9937,1,2958,32,0,2852,0,62534700,53099996,69826592,7920,46674216,,12154532,19792640,18862476,11725052,,17947956,8579776,9217372,17354892,,20785868,13444404,14172172,21424148,,1980,1980,1980,1980,,10824764,12596536,12541960,10710956
9941,1,2959,32,0,2853,0,62394904,52825204,69548564,7920,47000932,,12170308,19822924,18879992,11521680,,17928816,8532916,9210628,17152844,,20766856,13397884,14165664,21218160,,1980,1980,1980,1980,,10838096,12630964,12544068,10987804
9945,1,2960,33,0,2854,0,62534784,53077596,69801360,7920,46655644,,12187792,19671100,18890120,11785772,,17906124,8689116,9179940,17302416,,20744168,13555508,14135356,21366328,,1980,1980,1980,1980,,10849756,12451808,12550924,10803156
9948,2,2961,33,0,2855,0,62360320,52801984,69524804,7920,46987488,,12199196,19346828,18895412,11918884,,17892124,8569428,9154872,17185560,,20730312,13434220,14110776,21249496,,1980,1980,1980,1980,,10862416,12586780,12561552,10976740
9952,1,2962,35,0,2856,0,62521984,52633424,69362268,7920,47149128,,12223496,19426732,18885548,11986208,,17871568,8491540,9180392,17089924,,20710940,13356328,14136576,21158424,,1980,1980,1980,1980,,10889328,12654060,12564124,11041616
9956,1,2963,36,0,2857,0,62058348,53145164,69875264,7920,46843056,,12224580,19371060,18462068,12000640,,17873580,8995620,9186476,17089488,,20712968,13860492,14142844,21158960,,1980,1980,1980,1980,,10918012,12274956,12581524,11068564
9960,1,2964,37,0,2858,0,61630636,53582128,70317512,7920,46369352,,12258744,19260012,18477816,11634064,,17831620,9128100,9156216,17466192,,20671024,13996068,14114620,21535800,,1980,1980,1980,1980,,10938952,12144320,12600396,10685684
9964,1,2965,37,0,2859,0,61620276,53584276,70320916,7920,46389460,,11837288,19364504,18486156,11932328,,18258328,9010944,9151632,17163372,,21097728,13879384,14110728,21233076,,1980,1980,1980,1980,,10561948,12253512,12609096,10964904
9967,2,2966,35,0,2860,0,62342680,53259196,69996468,7920,46574772,,12155640,19385620,18780200,12021220,,17937828,8972828,9291248,17057292,,20777240,13841556,14250628,21127044,,1980,1980,1980,1980,,10811208,12271636,12451220,11040708
9971,1,2967,34,0,2861,0,62361240,53281460,70016868,7920,46630272,,12083068,19397972,18839932,12040268,,18006580,8970944,9259428,17044508,,20845868,13837648,14218900,21114452,,1980,1980,1980,1980,,10735016,12278160,12555344,11061752
9975,1,2968,35,0,2862,0,62150492,53454476,70191448,7920,46413240,,12190388,19407636,18872952,11679516,,17904788,8954920,9187236,17407532,,20744104,13822380,14147628,21477336,,1980,1980,1980,1980,,10855100,12289864,12585196,10683080
9979,1,2969,35,0,2863,0,62100164,53096648,69835136,7920,46762292,,12232900,18994608,18925844,11946812,,17858780,8941800,9162308,17133760,,20698164,13807424,14125784,21203764,,1980,1980,1980,1980,,10879492,12299956,12627692,10955152
9983,1,2970,37,0,2864,0,62266088,53321280,70059428,7920,46479800,,12079236,19239272,18933100,12014480,,18005148,9129624,9141688,17044820,,20843628,13994008,14106892,21114900,,1980,1980,1980,1980,,10709120,12097820,12639944,11032916
9986,2,2971,38,0,2865,0,62453648,53152548,69891036,7920,46766724,,12149160,19339080,18949492,12015916,,17951736,9035924,9119884,17045004,,20790108,13900540,14085284,21115104,,1980,1980,1980,1980,,10827844,12238768,12657972,11042140
9990,1,2972,38,0,2866,0,62143856,53029052,69768216,7920,46882572,,12178300,19384300,18544312,12036944,,17907200,8978572,9116796,17026484,,20745604,13843556,14082444,21096612,,1980,1980,1980,1980,,10869560,12269440,12695220,11048352
9994,1,2973,39,0,2867,0,61908348,53277104,70019820,7920,46611692,,11889788,19407364,18567640,12043556,,18201916,8963708,9082184,17029296,,21041136,13829156,14047908,21101620,,1980,1980,1980,1980,,10541304,12290644,12712464,11067280
9997,2,2974,38,0,2868,0,62211284,53412932,70155912,7920,46517416,,12125844,19426700,18633228,12025512,,17963684,8930124,9454156,17064968,,20802640,13795908,14420144,21137220,,1980,1980,1980,1980,,10781376,12301400,12357000,11077640
10001,2,2975,38,0,2869,0,62182020,53050736,69790388,7920,46882472,,12200660,19415800,18944540,11621020,,17885828,8951292,9149676,17063940,,20724812,13817384,14116936,21131256,,1980,1980,1980,1980,,10851916,12302060,12634708,11093788
10005,2,2976,39,0,2870,0,62193912,53433860,70174244,7920,46440448,,12220380,19443296,19022820,11507416,,17888592,8912088,9032408,17600772,,20728040,13779528,13999872,21666804,,1980,1980,1980,1980,,10860612,12315944,12724392,10539500
10009,2,2977,38,0,2871,0,62186132,53016892,69757720,7920,46858944,,12239644,19436016,18644076,11866396,,17845884,8937916,9003520,17229572,,20685516,13805640,13970948,21295616,,1980,1980,1980,1980,,10883412,12320140,12770740,10884652
10013,1,2978,38,0,2872,0,62406304,53213536,69955388,7920,46662348,,12270380,19440144,18735812,11959968,,17820180,8930696,9340588,17122072,,20659824,13798500,14308920,21188144,,1980,1980,1980,1980,,10914236,12328552,12419424,11000136
10017,1,2979,37,0,2873,0,62683212,52912928,69662260,7920,46972784,,12282772,19430112,18985720,11984608,,17803736,8936324,9080820,17092048,,20643400,13811452,14049272,21158136,,1980,1980,1980,1980,,10920444,12363408,12680992,11007940
10021,1,2980,40,0,2874,0,62350372,52818576,69567160,7920,47102028,,12272108,19011776,19065776,12000712,,17822108,8925504,8983520,17087444,,20661792,13799100,13952668,21153600,,1980,1980,1980,1980,,10947316,12367824,12766592,11020296
10025,1,2981,40,0,2875,0,61898056,53284376,70037260,7920,46601096,,12303676,18511960,19083712,11998708,,17805764,9423616,8968104,17086892,,20647076,14299200,13937912,21153072,,1980,1980,1980,1980,,10963128,11823968,12789524,11024476
10029,1,2982,39,0,2876,0,62333888,53271696,70023804,7920,46578552,,12300556,18910108,19108124,12015100,,17800920,9464964,8945708,17060104,,20642268,14339484,13915732,21126320,,1980,1980,1980,1980,,10972368,11768520,12810764,11026900
10032,2,2983,37,0,2877,0,61814984,53773080,70523024,7920,46095180,,11906396,19207584,19096840,11604164,,18191208,9149228,8949768,17482876,,21030124,14024040,13920056,21548804,,1980,1980,1980,1980,,10528076,12079336,12835732,10652036
10036,2,2984,35,0,2878,0,62226080,53390204,70145252,7920,46439136,,12170588,19337352,18810908,11907232,,17927064,9025368,9258556,17179216,,20766004,13900940,14228692,21249616,,1980,1980,1980,1980,,10805052,12208732,12519680,10905672
10041,1,2985,35,0,2879,0,62008248,53140152,69895780,7920,46613852,,12285996,18924016,18800668,11997568,,17785012,9002188,9264556,17088396,,20623988,13878012,14234976,21158804,,1980,1980,1980,1980,,10906404,12231864,12480112,10995472
10044,2,2986,34,0,2880,0,61678076,53922636,70676644,7920,45819980,,12059232,18949384,18650688,12018772,,18024404,9421336,9418068,17058828,,20863328,14296068,14387980,21129268,,1980,1980,1980,1980,,10667580,11840548,12302948,11008904
10048,1,2987,32,0,2881,0,61927004,53216380,69970904,7920,46574108,,12139508,19254540,18521960,12010996,,17958464,9087124,9104604,17066188,,20797248,13962316,14074700,21136640,,1980,1980,1980,1980,,10841184,12094508,12623136,11015280
10052,2,2988,32,0,2882,0,61387428,53764484,70517484,7920,45993720,,11557832,19354456,18465720,12009420,,18553716,8988080,9152704,17069984,,21390344,13864880,14121788,21140472,,1980,1980,1980,1980,,10229604,12200984,12545696,11017436
10056,2,2989,31,0,2883,0,61518612,53155284,69909856,7920,46509012,,11973876,19378276,18558216,11608244,,18117020,8958964,9045860,17033440,,20953648,13836464,14015444,21104300,,1980,1980,1980,1980,,10614696,12216300,12653832,11024184
10060,2,2990,33,0,2884,0,61666132,53481036,70233408,7920,46320352,,12118512,19365568,18625536,11556516,,17956332,8979632,9424204,17120868,,20793016,13857520,14392444,21190428,,1980,1980,1980,1980,,10764480,12231400,12289880,11034592
10064,1,2991,33,0,2885,0,62256492,53309864,70067160,7920,46408008,,12148208,19382104,18919280,11806900,,17935128,8963956,9114264,17296516,,20772292,13842532,14084760,21367576,,1980,1980,1980,1980,,10783968,12246244,12551532,10826264
10068,1,2992,32,0,2886,0,62504176,53047784,69806600,7920,46655028,,12167608,19409036,18974992,11952540,,17917640,8933344,9045384,17151416,,20754896,13812920,14016300,21222484,,1980,1980,1980,1980,,10798388,12267680,12620452,10968508
10072,1,2993,32,0,2887,0,62540760,52968924,69728428,7920,46730832,,12179020,19418828,18994800,11948112,,17904552,8905212,9025196,17133964,,20741828,13785084,13996460,21205056,,1980,1980,1980,1980,,10812920,12287372,12630220,11000320
10076,1,2994,32,0,2888,0,62598276,52949588,69709504,7920,46772636,,12186408,19432368,19002372,11977128,,17899260,8904448,9045948,17099932,,20736544,13784440,14017484,21171036,,1980,1980,1980,1980,,10815020,12305828,12638924,11012864
10079,1,2995,33,0,2889,0,62181192,52952832,69713620,7920,46839728,,12188936,18986840,19010408,11995008,,17897148,8949896,9006968,17098820,,20734456,13829864,13979060,21170240,,1980,1980,1980,1980,,10821408,12336468,12649736,11032116
10083,1,2996,34,0,2890,0,61749912,52942072,69703432,7920,46879360,,12212304,18986708,18576548,11974352,,17869644,8944036,9013416,17114976,,20706976,13824324,13985692,21186440,,1980,1980,1980,1980,,10840028,12349364,12653840,11036128
10087,1,2997,34,0,2891,0,62027268,53123552,69885964,7920,46697204,,12186276,19246244,18586604,12008144,,17892172,9131700,9011848,17087832,,20729516,14012520,13984596,21159332,,1980,1980,1980,1980,,10842860,12144520,12662960,11046864
10091,1,2998,33,0,2892,0,62205396,53356620,70117824,7920,46478052,,12209648,19388280,18591152,12016316,,17861404,8968916,9447844,17078456,,20698736,13850140,14418980,21149968,,1980,1980,1980,1980,,10852512,12291256,12275488,11058796
10095,1,2999,32,0,2893,0,62453420,53129028,69895392,7920,46791012,,12211960,19424772,18802016,12014672,,17871128,8928228,9265084,17064588,,20709792,13810260,14237820,21137520,,1980,1980,1980,1980,,10875776,12327096,12514520,11073620
