Start,GetPodsTime,Wanted,Running,Creating,Pending,Terminating,Error,Total Active Memory,Total Free Memory,Total Available,Total Buffers,Total Cached,Active,0,1,2,3,Free,0,1,2,3,Available,0,1,2,3,Buffers,0,1,2,3,Cached,0,1,2,3
0,0,0,0,0,0,1,0,1701628,91764824,127726036,20960,37195540,,498504,401220,400300,401604,,22594192,23177348,23212056,22781228,,31858184,31940428,31974908,31952516,,5240,5240,5240,5240,,9571136,9072876,9072652,9478876
2,0,1,0,1,0,0,0,1821736,91622904,127584160,20960,37282584,,498604,401580,400216,521336,,22594108,23192560,23213200,22623036,,31858100,31955644,31976068,31794348,,5240,5240,5240,5240,,9571140,9072868,9072672,9565904
4,1,2,0,2,0,0,0,1942996,91483748,127445088,20960,37362104,,498360,401536,506980,536120,,22597800,23192432,23075636,22617880,,31861804,31955528,31838544,31789212,,5240,5240,5240,5240,,9571144,9072888,9137876,9580196
6,1,3,1,2,0,0,0,2035228,91394584,127356000,20960,37434132,,498760,470532,535752,530184,,22599328,23111340,23046708,22637208,,31863340,31874480,31809636,31808544,,5240,5240,5240,5240,,9571148,9108816,9173964,9580204
9,0,4,2,2,0,0,0,2111636,91305000,127266496,20960,37504672,,509580,536904,529684,535468,,22583996,23028324,23049372,22643308,,31848032,31791496,31812312,31814656,,5240,5240,5240,5240,,9571184,9174184,9173972,9585332
11,0,5,3,2,0,0,0,2303504,91104780,127066360,20960,37639340,,634660,592856,535456,540532,,22434972,22971404,23054516,22643888,,31699036,31734616,31817460,31815248,,5240,5240,5240,5240,,9672268,9197512,9179096,9590464
13,0,6,4,2,0,0,0,2483308,90868076,126829696,20960,37787344,,628556,671224,643200,540328,,22448156,22860052,22908936,22650932,,31712224,31623268,31671904,31822300,,5240,5240,5240,5240,,9672324,9280388,9244160,9590472
15,0,7,5,2,0,0,0,2637084,90702988,126664680,20960,37922084,,633592,665712,675780,662000,,22446892,22895976,22861196,22498924,,31710968,31659196,31624172,31670344,,5240,5240,5240,5240,,9677472,9280404,9285580,9678628
17,0,8,6,2,0,0,0,2676176,90705000,126666760,20960,37950600,,648656,675800,670628,681092,,22442620,22899096,22886336,22476948,,31706708,31662336,31649336,31648380,,5240,5240,5240,5240,,9677480,9290664,9285604,9696852
19,0,9,7,2,0,0,0,2931312,90392728,126354612,20960,38159260,,773876,675624,680828,800984,,22264612,22895304,22875304,22357508,,31528760,31658560,31638304,31528988,,5240,5240,5240,5240,,9783820,9290684,9295856,9788900
21,1,10,8,2,0,0,0,3075980,90288572,126250524,20960,38262080,,768520,686264,799952,821244,,22301268,22890348,22759832,22337124,,31565424,31653612,31522872,31508616,,5240,5240,5240,5240,,9783880,9300948,9368668,9808584
24,0,11,9,2,0,0,0,3167296,90151272,126113304,20960,38337264,,778544,744388,827180,817184,,22292412,22798620,22722600,22337640,,31556584,31561936,31485640,31509144,,5240,5240,5240,5240,,9794180,9324932,9407652,9810500
26,0,12,10,2,0,0,0,3276984,90061756,126023844,20960,38438496,,792500,832128,821488,830868,,22287148,22700552,22742540,22331516,,31551344,31463880,31505584,31503036,,5240,5240,5240,5240,,9794220,9412452,9407692,9824132
28,0,13,11,2,0,0,0,3429496,89873808,125835940,20960,38570848,,930088,825980,837432,835996,,22090108,22716424,22736816,22330460,,31354320,31479760,31499872,31501988,,5240,5240,5240,5240,,9905660,9412464,9423464,9829260
30,0,14,12,2,0,0,0,3655456,89642844,125605068,20960,38739060,,1054780,916504,837396,846776,,21965380,22608516,22742164,22326784,,31229620,31371896,31505228,31498324,,5240,5240,5240,5240,,10007304,9468732,9423468,9839556
32,0,15,13,2,0,0,0,3851932,89454544,125416824,20960,38907092,,1059076,965968,852616,974272,,21984224,22571020,22734596,22164704,,31248472,31334392,31497676,31336284,,5240,5240,5240,5240,,10017612,9517008,9438848,9933624
34,0,16,13,3,0,0,0,4002244,89290420,125252788,20960,39020708,,1069184,976140,959852,997068,,21982984,22570248,22595720,22141468,,31247248,31333640,31358844,31313056,,5240,5240,5240,5240,,10027860,9532396,9504068,9956384
36,0,17,14,3,0,0,0,4074212,89211456,125173896,20960,39094920,,1090644,987776,1003848,991944,,21960120,22553416,22552056,22145864,,31224424,31316820,31315192,31317460,,5240,5240,5240,5240,,10038176,9544456,9555548,9956740
38,1,18,16,2,0,0,0,4349332,88906224,124868796,20960,39318220,,1214932,1003636,998948,1131816,,21786380,22555000,22564640,22000204,,31050748,31318416,31327784,31171848,,5240,5240,5240,5240,,10138984,9559936,9555968,10063332
41,0,19,17,2,0,0,0,4511108,88736580,124699268,20960,39450948,,1230412,1008916,1123928,1147852,,21791572,22558764,22419584,21966660,,31055976,31322184,31182780,31138328,,5240,5240,5240,5240,,10160204,9565056,9641636,10084052
43,0,20,18,2,0,0,0,4648548,88597444,124560220,20960,39561580,,1245352,1085804,1153916,1163476,,21795808,22459152,22382164,21960320,,31060224,31222620,31145384,31131992,,5240,5240,5240,5240,,10175676,9608932,9677552,10099420
45,0,21,19,2,0,0,0,4874424,88330672,124293548,20960,39746796,,1256032,1165976,1278760,1173656,,21785404,22358972,22226832,21959464,,31049836,31122464,30990100,31131148,,5240,5240,5240,5240,,10186172,9687536,9763392,10109696
47,0,22,20,2,0,0,0,4956840,88272156,124235160,20960,39834832,,1281696,1175780,1310444,1188920,,21754836,22357508,22215268,21944544,,31019312,31121004,30978604,31116240,,5240,5240,5240,5240,,10201620,9703316,9804740,10125156
49,0,23,21,2,0,0,0,5247268,87946072,123909188,20960,40073016,,1417140,1185684,1325616,1318828,,21595096,22348272,22207900,21794804,,30859628,31111776,30971244,30966540,,5240,5240,5240,5240,,10312800,9713580,9825288,10221348
51,0,24,22,2,0,0,0,5384612,87815100,123778368,20960,40181708,,1427012,1270368,1335756,1351476,,21594816,22248344,22213108,21758832,,30859404,31011900,30976468,30930596,,5240,5240,5240,5240,,10328688,9765288,9835564,10252168
53,1,25,23,2,0,0,0,5627144,87562652,123526116,20960,40395280,,1442412,1347560,1360884,1476288,,21578996,22181776,22187368,21614512,,30843600,30945432,30950744,30786340,,5240,5240,5240,5240,,10344060,9840808,9860884,10349528
55,1,26,24,2,0,0,0,5708940,87518148,123481840,20960,40466876,,1472700,1357460,1366912,1511868,,21559160,22181064,22188256,21589668,,30823816,30944748,30951640,30761636,,5240,5240,5240,5240,,10359480,9856292,9866796,10384308
58,0,27,25,2,0,0,0,5985068,87189788,123153684,20960,40685192,,1598752,1372648,1497312,1516356,,21395764,22174876,22022908,21596240,,30660544,30938584,30786336,30768220,,5240,5240,5240,5240,,10465744,9871692,9953196,10394560
60,0,28,26,2,0,0,0,6155720,87001724,122965888,20960,40838784,,1619108,1464516,1532936,1539160,,21404236,22037736,21979020,21580732,,30669048,30801516,30742600,30752724,,5240,5240,5240,5240,,10491576,9930852,9998952,10417404
62,0,29,27,2,0,0,0,6268208,86923824,122888128,20960,40944280,,1646392,1526380,1543172,1552264,,21376036,21992176,21995960,21559652,,30640888,30756032,30759560,30731648,,5240,5240,5240,5240,,10507356,9992112,10014352,10430460
64,0,30,28,2,0,0,0,6571684,86556320,122520868,20960,41190180,,1778124,1548268,1669568,1575724,,21207548,21979336,21836260,21533176,,30472528,30743212,30599956,30705172,,5240,5240,5240,5240,,10616820,10019480,10100088,10453792
66,0,31,29,2,0,0,0,6792964,86313656,122278564,20960,41390416,,1800052,1568468,1715036,1709408,,21185840,21978412,21780168,21369236,,30450904,30742292,30544040,30541328,,5240,5240,5240,5240,,10644284,10040092,10151916,10554124
68,1,32,30,2,0,0,0,6937676,86167736,122132916,20960,41506772,,1815976,1645100,1730572,1746028,,21186376,21838024,21786276,21357060,,30451488,30601996,30550160,30529272,,5240,5240,5240,5240,,10660028,10083832,10172436,10590476
70,1,33,31,2,0,0,0,7169664,85930040,121895544,20960,41714500,,1842376,1815600,1756024,1755664,,21170636,21645348,21766812,21347244,,30435780,30409576,30530728,30519460,,5240,5240,5240,5240,,10686124,10224848,10198232,10605296
73,0,34,32,2,0,0,0,7405052,85665560,121631420,20960,41906460,,1857152,1886556,1879660,1781684,,21153664,21581044,21603840,21327012,,30418820,30345448,30367916,30499236,,5240,5240,5240,5240,,10701700,10294548,10278952,10631260
75,0,35,33,2,0,0,0,7645244,85442312,121408592,20960,42127912,,1883900,1906568,1932936,1921840,,21135220,21580104,21562852,21164136,,30400436,30344564,30327100,30336492,,5240,5240,5240,5240,,10727836,10320308,10341320,10738448
77,0,36,34,2,0,0,0,7727212,85383968,121350540,20960,42205640,,1904248,1926140,1943104,1953720,,21102924,21572380,21578320,21130344,,30368188,30336872,30342628,30302852,,5240,5240,5240,5240,,10737976,10340980,10356800,10769884
79,0,37,35,2,0,0,0,8073872,85000776,120967980,20960,42500332,,2059704,1952896,1968924,2092348,,20910812,21556084,21553468,20980412,,30176372,30320656,30317836,30153116,,5240,5240,5240,5240,,10870380,10366828,10382644,10880480
81,0,38,36,2,0,0,0,8262472,84762512,120730180,20960,42651852,,2065316,1973820,2098152,2125184,,20916608,21534452,21357880,20953572,,30182260,30299088,30122420,30126412,,5240,5240,5240,5240,,10881240,10388224,10469416,10912972
83,1,39,37,2,0,0,0,8412476,84656520,120624568,20960,42805048,,2107088,1999680,2156040,2149668,,20885768,21513096,21324784,20932872,,30151496,30277740,30089544,30105788,,5240,5240,5240,5240,,10912192,10414400,10535852,10942604
86,0,40,38,2,0,0,0,8666892,84318528,120287224,20960,43006584,,2246920,2082832,2166500,2170640,,20700396,21384920,21321492,20911720,,29966504,30149772,30086272,30084676,,5240,5240,5240,5240,,11028648,10462764,10551624,10963548
88,0,41,39,2,0,0,0,8965320,84036720,120005964,20960,43267248,,2267120,2182176,2314056,2201968,,20710684,21288096,21160460,20877480,,29976832,30053220,29925436,30050476,,5240,5240,5240,5240,,11054740,10562528,10655664,10994316
90,0,42,40,2,0,0,0,9186444,83791268,119761076,20960,43470248,,2293348,2196988,2354024,2342084,,20698772,21275100,21109276,20708120,,29964984,30040292,29874472,29881328,,5240,5240,5240,5240,,11080904,10583224,10704876,11101244
92,0,43,41,2,0,0,0,9376176,83616544,119586648,20960,43630348,,2319384,2299500,2373736,2383556,,20664128,21156340,21120272,20675804,,29930348,29921628,29885528,29849144,,5240,5240,5240,5240,,11106396,10651804,10730360,11141788
94,0,44,42,2,0,0,0,9523972,83461924,119432424,20960,43771868,,2356936,2379704,2399136,2388196,,20627056,21062572,21090848,20681448,,29893368,29828120,29856124,29854812,,5240,5240,5240,5240,,11132608,10730972,10756176,11152112
96,1,45,43,2,0,0,0,9879032,83074584,119045692,20960,44067432,,2512204,2399776,2538156,2428896,,20446196,21048700,20928184,20651504,,29712776,29814296,29693696,29824924,,5240,5240,5240,5240,,11265056,10756644,10852620,11193112
98,1,46,44,2,0,0,0,9991496,82989112,118960564,20960,44182036,,2538908,2420340,2587056,2445192,,20427596,21045332,20879996,20636188,,29694276,29810952,29645684,29809652,,5240,5240,5240,5240,,11286156,10777304,10909648,11208928
101,0,47,45,2,0,0,0,10355656,82594264,118566300,20960,44494800,,2694604,2451440,2607552,2602060,,20249828,21024244,20856548,20463644,,29516788,29789920,29622280,29637312,,5240,5240,5240,5240,,11418656,10808716,10935668,11331760
103,0,48,46,2,0,0,0,10509328,82414580,118387096,20960,44619304,,2710036,2529500,2633236,2636556,,20231036,20916872,20834152,20432520,,29498044,29682704,29599924,29606424,,5240,5240,5240,5240,,11439252,10852960,10961932,11365160
105,0,49,47,2,0,0,0,10747200,82142680,118115596,20960,44833988,,2740960,2693716,2664368,2648156,,20200612,20716372,20805896,20419800,,29467668,29482492,29571712,29593724,,5240,5240,5240,5240,,11469972,10988532,10992940,11382544
107,0,50,47,3,0,0,0,10996344,81890832,117864256,20960,45048924,,2760964,2755232,2686080,2794068,,20186936,20675096,20798680,20230120,,29454040,29441420,29564560,29404236,,5240,5240,5240,5240,,11490680,11049016,11014232,11494996
109,1,51,47,4,0,0,0,11236172,81627144,117601104,20960,45249876,,2788012,2789024,2824424,2834712,,20174260,20644780,20604724,20203380,,29441412,29411244,29370780,29377668,,5240,5240,5240,5240,,11516936,11088704,11108836,11535400
112,0,52,50,2,0,0,0,11363564,81524008,117498404,20960,45380668,,2825080,2814884,2869484,2854116,,20128372,20622468,20574400,20198768,,29395620,29388948,29340672,29373164,,5240,5240,5240,5240,,11543412,11114456,11162540,11560260
114,0,53,51,2,0,0,0,11588932,81266944,117241808,20960,45582296,,2981408,2840920,2884620,2881984,,19936040,20588380,20568936,20173588,,29203680,29354892,29335228,29348008,,5240,5240,5240,5240,,11671048,11140456,11183072,11587720
116,0,54,52,2,0,0,0,11883376,80963696,116939180,20960,45820140,,3121332,2938684,2915208,2908152,,19776764,20491696,20542092,20153144,,29044776,29258372,29308428,29327604,,5240,5240,5240,5240,,11787860,11205052,11213836,11613392
118,0,55,53,2,0,0,0,12141480,80694476,116670592,20960,46050356,,3145760,3029476,3037140,2929104,,19779348,20398332,20388460,20128336,,29047404,29165312,29155016,29302860,,5240,5240,5240,5240,,11818656,11294508,11302936,11634256
120,0,56,54,2,0,0,0,12399688,80422796,116399576,20960,46279364,,3166868,3044684,3107316,3080820,,19763352,20407636,20319292,19932516,,29031468,29174688,29086120,29107300,,5240,5240,5240,5240,,11839836,11315188,11371940,11752400
122,1,57,55,2,0,0,0,12607556,80198276,116175560,20960,46448580,,3198692,3075924,3220276,3112664,,19734920,20377140,20180556,19905660,,29003064,29144228,28947644,29080624,,5240,5240,5240,5240,,11870948,11346892,11447936,11782804
124,1,58,56,2,0,0,0,12811004,79985100,115962960,20960,46632492,,3218952,3160040,3289208,3142804,,19717816,20250136,20138488,19878660,,28986024,29017456,28905808,29053672,,5240,5240,5240,5240,,11891728,11396800,11525244,11818720
127,0,59,57,2,0,0,0,13084860,79661864,115640428,20960,46874960,,3251232,3264732,3294076,3274820,,19678292,20132700,20131352,19719520,,28946540,28900372,28898724,28894792,,5240,5240,5240,5240,,11922744,11499972,11535588,11916656
129,0,60,58,2,0,0,0,13212232,79592352,115571392,20960,46998004,,3276304,3279492,3336172,3320264,,19653628,20141012,20105596,19692116,,28922032,28908712,28873012,28867636,,5240,5240,5240,5240,,11938612,11520540,11577220,11961632
131,0,61,59,2,0,0,0,13438340,79365560,115345260,20960,47199224,,3439856,3315416,3346696,3336372,,19462760,20118248,20101544,19683008,,28731688,28886008,28869000,28858564,,5240,5240,5240,5240,,12071604,11557020,11587636,11982964
133,1,62,60,2,0,0,0,13786080,78914456,114894956,20960,47489988,,3578548,3337388,3383056,3487088,,19269916,20098928,20058204,19487408,,28539264,28866716,28825716,28663260,,5240,5240,5240,5240,,12188388,11577928,11623536,12100136
135,1,63,61,2,0,0,0,13977648,78741292,114722416,20960,47649184,,3594132,3368308,3502260,3512948,,19296836,20072844,19901176,19470436,,28566248,28840720,28668964,28646484,,5240,5240,5240,5240,,12209064,11609736,11699644,12130740
138,0,64,62,2,0,0,0,14199324,78531356,114513124,20960,47847316,,3624620,3454232,3566376,3554096,,19272356,19956304,19846572,19456124,,28541820,28724384,28614676,28632244,,5240,5240,5240,5240,,12240268,11662460,11772404,12172184
140,0,65,63,2,0,0,0,14359564,78346232,114328544,20960,47999768,,3662316,3561372,3571328,3564548,,19235380,19829588,19841876,19439388,,28504960,28598028,28610016,28615540,,5240,5240,5240,5240,,12266100,11767420,11783256,12182992
142,0,66,64,2,0,0,0,14633084,78050084,114033080,20960,48221212,,3801824,3626784,3608364,3596112,,19064988,19742532,19823484,19419080,,28334892,28511112,28591736,28595340,,5240,5240,5240,5240,,12381312,11805980,11819624,12214296
144,0,67,65,2,0,0,0,14938808,77736924,113720832,20960,48498308,,3834872,3748548,3623492,3731896,,19054988,19636124,19811040,19234772,,28325008,28405180,28579296,28411348,,5240,5240,5240,5240,,12419796,11925964,11835152,12317396
146,1,68,66,2,0,0,0,15143172,77555276,113539792,20960,48662668,,3855544,3743300,3764924,3779404,,19046700,19660852,19634012,19213712,,28316812,28429944,28402572,28390464,,5240,5240,5240,5240,,12440392,11926144,11931796,12364336
149,0,69,67,2,0,0,0,15351844,77317092,113302216,20960,48852672,,3886684,3865104,3807268,3792788,,19012504,19508460,19591132,19204996,,28282664,28277760,28359984,28381808,,5240,5240,5240,5240,,12471640,12014888,11983268,12382876
151,0,70,68,2,0,0,0,15613780,77045156,113030960,20960,49087460,,3907020,3936048,3832604,3938108,,18995724,19433272,19571448,19044712,,28265952,28202840,28340372,28221796,,5240,5240,5240,5240,,12492324,12084452,12014556,12496128
153,0,71,69,2,0,0,0,15848960,76829472,112815900,20960,49286292,,3933768,3982032,3953196,3979964,,18981380,19399808,19441364,19006920,,28251632,28169456,28210520,28184292,,5240,5240,5240,5240,,12518432,12136300,12095336,12536224
155,0,72,70,2,0,0,0,15972028,76718004,112704912,20960,49407292,,3968948,3987892,4013816,4001372,,18935948,19402416,19389860,18989780,,28206296,28172104,28159296,28167216,,5240,5240,5240,5240,,12539640,12141924,12162908,12562820
157,1,73,71,2,0,0,0,16204476,76463956,112451564,20960,49617472,,4123032,4028988,4025336,4027120,,18741664,19362144,19388916,18971232,,28012536,28131896,28158404,28148728,,5240,5240,5240,5240,,12666916,12183224,12178740,12588592
160,0,74,72,2,0,0,0,16528572,76079608,112068008,20960,49887204,,4266456,4034308,4060972,4166836,,18576648,19366344,19359660,18776956,,27847952,28136148,28129176,27954732,,5240,5240,5240,5240,,12788532,12188432,12214656,12695584
162,0,75,73,2,0,0,0,16751452,75856680,111845736,20960,50076936,,4287464,4074820,4181172,4207996,,18574332,19332940,19198544,18750864,,27845700,28102788,27968356,27928892,,5240,5240,5240,5240,,12814824,12229468,12291088,12741556
164,0,76,74,2,0,0,0,16931204,75651380,111640976,20960,50232900,,4319544,4143548,4242944,4225168,,18544544,19226980,19140216,18739640,,27815984,27996992,27910280,27917720,,5240,5240,5240,5240,,12846724,12264720,12362772,12758684
166,0,77,75,2,0,0,0,17225756,75372348,111362684,20960,50497824,,4344480,4257936,4247324,4376016,,18536512,19122412,19135684,18577740,,27807988,27892772,27905776,27756148,,5240,5240,5240,5240,,12871600,12377676,12373100,12875448
168,1,78,76,2,0,0,0,17431692,75134400,111125296,20960,50678876,,4380772,4257584,4387392,4405944,,18498916,19123980,18962048,18549456,,27770428,27894376,27732416,27728076,,5240,5240,5240,5240,,12907604,12383092,12478036,12910144
171,0,79,77,2,0,0,0,17629060,74955524,110947136,20960,50843808,,4395936,4360576,4435576,4436972,,18481096,19007256,18929520,18537652,,27752684,27777940,27700200,27716312,,5240,5240,5240,5240,,12923140,12453128,12526232,12941308
173,0,80,78,2,0,0,0,17803588,74798176,110790348,20960,51011056,,4439556,4443856,4461548,4458628,,18441212,18926996,18914332,18515636,,27712888,27697972,27685108,27694380,,5240,5240,5240,5240,,12954996,12535996,12557708,12962356
175,0,81,79,2,0,0,0,18141536,74400320,110393484,20960,51299044,,4573516,4480648,4477368,4610004,,18267672,18902880,18897420,18332348,,27539880,27673964,27668200,27511440,,5240,5240,5240,5240,,13066404,12578764,12573244,13080632
177,1,82,80,2,0,0,0,18317460,74223712,110217380,20960,51441780,,4604028,4553740,4513180,4646512,,18261156,18796204,18859920,18306432,,27533412,27567440,27630772,27485756,,5240,5240,5240,5240,,13102592,12613172,12609548,13116468
179,1,83,81,2,0,0,0,18487004,74065840,110060056,20960,51608008,,4636968,4662980,4525188,4661868,,18235204,18677492,18856348,18296796,,27507568,27449108,27627232,27476148,,5240,5240,5240,5240,,13123272,12727280,12620220,13137236
182,0,84,82,2,0,0,0,18824268,73684520,109679580,20960,51884092,,4792292,4667660,4671160,4693156,,18031396,18696460,18692976,18263688,,27304168,27468108,27464200,27443104,,5240,5240,5240,5240,,13256056,12737748,12722360,13167928
184,0,85,83,2,0,0,0,19056128,73437160,109432988,20960,52098860,,4807988,4708960,4706428,4832752,,18041508,18662492,18648772,18084388,,27314340,27434204,27420268,27264176,,5240,5240,5240,5240,,13276828,12778896,12767924,13275212
186,0,86,84,2,0,0,0,19242056,73276800,109273284,20960,52256236,,4833440,4801560,4727076,4879980,,18025600,18550416,18643292,18057492,,27298464,27322444,27414832,27237544,,5240,5240,5240,5240,,13302532,12838348,12794172,13321184
188,1,87,85,2,0,0,0,19520648,72982012,108979144,20960,52493260,,4865044,4896376,4858168,4901060,,17993940,18459932,18480636,18047504,,27266848,27232244,27252432,27227620,,5240,5240,5240,5240,,13333680,12932140,12880076,13347364
191,0,88,86,2,0,0,0,19629516,72861708,108859376,20960,52607692,,4896776,4896208,4915120,4921412,,17953984,18460684,18428080,18018960,,27227064,27233044,27200152,27199116,,5240,5240,5240,5240,,13354648,12937456,12947836,13367752
193,0,89,87,2,0,0,0,19921164,72519824,108518252,20960,52846788,,5047944,5005824,4919360,4948036,,17772256,18320776,18428972,17997820,,27045816,27093304,27201108,27178024,,5240,5240,5240,5240,,13482168,13012568,12958344,13393708
195,0,90,88,2,0,0,0,20202108,72204484,108203752,20960,53100384,,5063468,5088136,4961360,5089144,,17769896,18219732,18393216,17821640,,27043516,26992644,27165392,27002200,,5240,5240,5240,5240,,13502956,13095772,12999828,13501828
197,1,91,89,2,0,0,0,20324312,72119616,108119352,20960,53222952,,5099600,5123840,4976860,5124012,,17732324,18214256,18381936,17791100,,27006024,26987244,27154188,26971896,,5240,5240,5240,5240,,13529176,13136336,13015508,13541932
200,0,92,90,2,0,0,0,20637112,71780212,107780720,20960,53467648,,5244692,5135152,5112316,5144952,,17560536,18212208,18229624,17777844,,26834652,26985280,27002112,26958676,,5240,5240,5240,5240,,13650628,13147456,13106536,13563028
202,0,93,91,2,0,0,0,20882296,71544708,107546084,20960,53690660,,5275180,5173260,5257240,5176616,,17540364,18180148,18062504,17761692,,26814592,26953268,26835604,26942620,,5240,5240,5240,5240,,13687004,13185308,13223924,13594424
204,0,94,92,2,0,0,0,21048664,71357436,107359340,20960,53831644,,5292212,5250960,5307892,5197600,,17527292,18077924,18014924,17737296,,26801580,26851264,26788252,26918244,,5240,5240,5240,5240,,13702832,13223720,13289784,13615308
207,0,95,93,2,0,0,0,21362004,71010816,107013592,20960,54117256,,5322560,5360656,5329892,5348896,,17510656,17951200,18002976,17545984,,26785020,26724880,26776364,26727328,,5240,5240,5240,5240,,13733704,13338108,13311712,13733732
209,0,96,94,2,0,0,0,21458888,70928040,106931236,20960,54208768,,5351964,5366412,5361172,5379340,,17481256,17955768,17979372,17511644,,26755748,26729484,26752800,26693204,,5240,5240,5240,5240,,13749432,13348540,13342576,13768220
211,0,97,95,2,0,0,0,21807152,70493984,106497976,20960,54495780,,5504896,5406924,5490560,5404772,,17281452,17918928,17794236,17499368,,26556368,26692712,26567920,26680976,,5240,5240,5240,5240,,13882528,13390140,13428560,13794552
213,1,98,96,2,0,0,0,21902412,70438056,106442520,20960,54593772,,5527856,5418028,5530468,5426060,,17265288,17922084,17767464,17483220,,26540364,26695892,26541400,26664864,,5240,5240,5240,5240,,13898664,13400836,13478864,13815408
216,0,99,96,3,0,0,0,22268076,70040828,106046180,20960,54907808,,5682928,5456244,5552516,5576388,,17106288,17879772,17756976,17297792,,26381788,26653692,26531012,26479688,,5240,5240,5240,5240,,14030916,13437516,13506504,13932872
218,0,100,98,2,0,0,0,22434008,69861940,105867836,20960,55044320,,5693028,5541212,5580656,5619112,,17096696,17754044,17743236,17267964,,26372244,26528104,26517316,26450172,,5240,5240,5240,5240,,14046548,13489484,13533632,13974656
220,0,101,99,2,0,0,0,22614012,69721612,105728200,20960,55216096,,5734032,5628020,5606600,5645360,,17064908,17681500,17714756,17260448,,26340576,26456020,26488900,26442704,,5240,5240,5240,5240,,14075708,13575456,13559260,14005672
223,0,102,100,2,0,0,0,22942220,69367936,105375396,20960,55494592,,5880900,5643780,5632492,5785048,,16898192,17679280,17695556,17094908,,26174268,26453824,26469804,26277500,,5240,5240,5240,5240,,14200200,13596244,13584948,14113200
225,0,103,101,2,0,0,0,23111252,69205944,105213992,20960,55637008,,5896988,5732952,5658588,5822724,,16898052,17564328,17678464,17065100,,26174240,26339076,26452760,26247916,,5240,5240,5240,5240,,14221088,13651208,13610892,14153820
227,0,104,102,2,0,0,0,23373812,68941088,104949912,20960,55855456,,5923028,5830896,5797000,5822888,,16875032,17476516,17521772,17067768,,26151268,26251696,26296316,26250632,,5240,5240,5240,5240,,14247744,13749456,13704224,14154032
229,1,105,103,2,0,0,0,23636060,68617056,104626656,20960,56099956,,5950232,5851564,5840920,5993344,,16848460,17463728,17449392,16855476,,26124768,26238964,26224220,26038704,,5240,5240,5240,5240,,14273820,13775296,13759020,14291820
232,0,106,104,2,0,0,0,23725348,68561868,104571940,20960,56188380,,5986024,5873032,5855868,6010424,,16807824,17450600,17455924,16847520,,26084232,26225884,26230840,26030984,,5240,5240,5240,5240,,14298748,13796568,13780000,14313064
234,0,107,105,2,0,0,0,24075928,68166964,104177876,20960,56479420,,6127124,5898532,5996420,6053852,,16640720,17422168,17268240,16835836,,25917532,26197500,26043436,26019408,,5240,5240,5240,5240,,14416932,13822028,13884160,14356300
236,1,108,106,2,0,0,0,24270092,67938004,103949564,20960,56653420,,6152820,6005464,6043676,6068132,,16616544,17266880,17234636,16819944,,25893448,26042464,26010108,26003544,,5240,5240,5240,5240,,14447968,13896020,13938872,14370560
239,0,109,107,2,0,0,0,24447212,67805980,103818072,20960,56817148,,6186584,6070232,6080320,6110076,,16590236,17214376,17219896,16781472,,25867276,25990212,25995428,25965156,,5240,5240,5240,5240,,14471664,13958784,13974972,14411728
241,0,110,107,3,0,0,0,24749996,67461428,103474156,20960,57069708,,6339012,6178712,6101752,6130520,,16420512,17080432,17200980,16759504,,25697868,25856512,25976536,25943240,,5240,5240,5240,5240,,14600764,14040676,13995704,14432564
243,1,111,109,2,0,0,0,25008684,67182772,103196340,20960,57288012,,6365692,6254684,6241800,6146508,,16390896,17020932,17027696,16743248,,25668392,25797316,25803584,25927048,,5240,5240,5240,5240,,14632176,14115052,14092592,14448192
246,0,112,110,2,0,0,0,25251048,66916660,102930868,20960,57512112,,6390776,6275316,6278976,6305980,,16370652,17014504,16981612,16549892,,25648200,25790948,25757772,25733948,,5240,5240,5240,5240,,14657776,14140988,14139344,14574004
248,0,113,111,2,0,0,0,25464528,66693052,102707976,20960,57701884,,6412624,6311772,6295652,6444480,,16355748,16972424,16979176,16385704,,25633336,25748948,25755404,25570288,,5240,5240,5240,5240,,14679312,14177764,14160772,14684036
251,0,114,112,2,0,0,0,25660284,66487232,102502768,20960,57871084,,6432348,6406384,6331420,6490132,,16339932,16862120,16949620,16335560,,25617600,25638896,25725896,25520376,,5240,5240,5240,5240,,14700284,14239340,14196672,14734788
253,0,115,113,2,0,0,0,25822352,66317476,102333572,20960,58019864,,6471532,6498072,6352388,6500360,,16295924,16745628,16932544,16343380,,25573724,25522672,25708904,25528272,,5240,5240,5240,5240,,14726592,14330476,14217548,14745248
255,1,116,114,2,0,0,0,26160232,65947528,101964492,20960,58296592,,6616428,6508388,6493108,6542308,,16107700,16747320,16773044,16319464,,25385924,25524464,25549676,25504428,,5240,5240,5240,5240,,14849080,14346408,14314472,14786632
258,0,117,115,2,0,0,0,26290240,65851456,101869032,20960,58431424,,6647004,6555996,6534068,6553172,,16092440,16706132,16740020,16312864,,25370800,25483332,25517012,25497888,,5240,5240,5240,5240,,14875140,14393676,14365280,14797328
260,0,118,116,2,0,0,0,26619260,65502080,101520588,20960,58706600,,6792716,6566764,6550496,6709284,,15935128,16702920,16735160,16128872,,25213972,25480240,25512200,25314176,,5240,5240,5240,5240,,14996824,14403996,14386548,14919232
262,0,119,117,2,0,0,0,26839076,65262424,101281700,20960,58887916,,6818308,6603328,6682072,6735368,,15921828,16670548,16565316,16104732,,25200784,25447916,25342640,25290360,,5240,5240,5240,5240,,15028040,14440168,14474400,14945308
265,0,120,118,2,0,0,0,27029240,65044564,101064472,20960,59056892,,6850708,6682228,6740280,6756024,,15895972,16544984,16513456,16090152,,25175004,25322584,25291036,25275848,,5240,5240,5240,5240,,15059292,14484920,14541012,14971668
267,0,121,119,2,0,0,0,27314232,64778860,100799544,20960,59313880,,6876536,6786420,6750084,6901192,,15864240,16474948,16508152,15931520,,25143332,25252900,25285804,25117508,,5240,5240,5240,5240,,15085204,14588676,14556612,15083388
269,0,122,120,2,0,0,0,27488548,64603124,100624456,20960,59460236,,6902220,6851092,6787244,6947992,,15843060,16378524,16488532,15893008,,25122208,25156720,25266248,25079280,,5240,5240,5240,5240,,15111612,14625960,14593072,15129592
272,0,123,121,2,0,0,0,27747228,64274524,100296640,20960,59690040,,6923412,6957636,6902348,6963832,,15827044,16253356,16311748,15882376,,25106284,25031928,25089728,25068700,,5240,5240,5240,5240,,15132792,14731356,14675332,15150560
274,0,124,122,2,0,0,0,27884872,64181744,100204504,20960,59820308,,6960160,6968572,6969128,6987012,,15780836,16272848,16274004,15854056,,25060264,25051468,25052332,25040440,,5240,5240,5240,5240,,15158712,14747084,14741032,15173480
276,0,125,123,2,0,0,0,28232212,63747028,99770668,20960,60115688,,7111184,7004220,6979788,7137020,,15587964,16243488,16266896,15648680,,24867844,25022204,25045240,24835380,,5240,5240,5240,5240,,15285948,14783424,14756592,15289724
279,0,126,124,2,0,0,0,28430232,63547192,99571420,20960,60282636,,7121004,7015332,7122236,7171660,,15588684,16232072,16098172,15628264,,24868604,25010804,24876808,24815204,,5240,5240,5240,5240,,15301936,14794012,14856392,15330296
281,0,127,125,2,0,0,0,28630612,63357256,99382120,20960,60454120,,7157716,7112268,7167608,7193020,,15556780,16121852,16059104,15619520,,24836764,24900816,24838044,24806496,,5240,5240,5240,5240,,15337868,14855676,14909432,15351144
283,1,128,126,2,0,0,0,28793776,63191508,99216952,20960,60612992,,7183316,7198596,7188424,7223440,,15539000,16011236,16040040,15601232,,24819096,24790532,24819044,24788280,,5240,5240,5240,5240,,15353628,14942756,14935756,15380852
286,0,129,127,2,0,0,0,29142284,62785716,98812156,20960,60897800,,7350644,7218880,7326732,7246028,,15335088,15995620,15863932,15591076,,24615692,24775040,24643256,24778168,,5240,5240,5240,5240,,15496908,14968588,15028872,15403432
288,0,130,128,2,0,0,0,29296872,62610716,98637776,20960,61034228,,7350280,7298176,7375812,7272604,,15342672,15889100,15822604,15556340,,24623320,24668728,24602212,24743516,,5240,5240,5240,5240,,15502448,15013296,15089312,15429172
290,1,131,129,2,0,0,0,29599952,62294940,98322872,20960,61308780,,7402628,7402876,7386668,7407780,,15303024,15795252,15825212,15371452,,24583748,24575264,24604872,24558988,,5240,5240,5240,5240,,15554588,15117076,15105356,15531760
293,0,132,130,2,0,0,0,29706912,62205776,98234336,20960,61409040,,7415444,7413584,7422964,7454920,,15290600,15799756,15786888,15328532,,24571484,24579808,24566692,24516352,,5240,5240,5240,5240,,15556684,15132888,15141340,15578128
295,0,133,131,2,0,0,0,30057252,61829708,97859104,20960,61706100,,7583892,7454172,7548348,7470840,,15092384,15776656,15634324,15326344,,24373756,24556748,24414392,24514208,,5240,5240,5240,5240,,15702084,15173988,15230596,15599432
298,0,134,132,2,0,0,0,30282388,61596092,97626144,20960,61905400,,7584028,7470336,7611776,7616248,,15107544,15762780,15578652,15147116,,24388964,24542936,24358976,24335268,,5240,5240,5240,5240,,15707372,15189956,15296704,15711368
300,0,135,133,2,0,0,0,30463052,61441604,97472252,20960,62060656,,7619920,7564016,7626620,7652496,,15087184,15637320,15582244,15134856,,24368664,24417728,24362604,24323256,,5240,5240,5240,5240,,15742240,15250044,15315888,15752484
302,1,136,134,2,0,0,0,30636128,61284648,97317868,20960,62221160,,7644312,7658928,7657296,7675592,,15070028,15536908,15556832,15120880,,24351636,24317648,24337260,24311324,,5240,5240,5240,5240,,15754088,15344832,15346824,15775416
305,0,137,135,2,0,0,0,30964776,60898044,96932180,20960,62489404,,7792156,7678348,7790156,7704116,,14888024,15530992,15382288,15096740,,24170068,24311820,24162976,24287316,,5240,5240,5240,5240,,15881740,15369104,15435124,15803436
307,0,138,136,2,0,0,0,31111956,60724736,96759568,20960,62636528,,7818136,7710424,7855672,7727724,,14840164,15498288,15317356,15068928,,24122408,24279148,24098456,24259556,,5240,5240,5240,5240,,15897988,15401016,15510524,15827000
310,0,139,137,2,0,0,0,31426360,60395936,96431764,20960,62903948,,7964392,7737072,7860560,7864336,,14699920,15475528,15312828,14907660,,23982732,24256460,24093964,24098608,,5240,5240,5240,5240,,16025172,15427148,15521240,15930388
312,0,140,138,2,0,0,0,31614812,60178104,96214536,20960,63062628,,7979636,7820120,7898332,7916724,,14684988,15360308,15276504,14856304,,23967852,24141492,24057696,24047496,,5240,5240,5240,5240,,16046048,15476528,15558984,15981068
314,1,141,139,2,0,0,0,31895680,59886156,95923332,20960,63315236,,8011360,7918608,7918380,8047332,,14669008,15249836,15277012,14690300,,23951924,24031356,24058256,23881796,,5240,5240,5240,5240,,16076988,15575432,15579048,16083768
317,0,142,140,2,0,0,0,32066924,59699556,95739452,20960,63462832,,8029680,7995112,7954260,8087872,,14653408,15160332,15231652,14654164,,23936376,23944128,24013004,23845944,,5240,5240,5240,5240,,16093608,15625388,15615008,16128828
319,0,143,141,2,0,0,0,32329268,59404244,95445048,20960,63689904,,8066168,8097452,8067460,8098188,,14609416,15039344,15084972,14670512,,23892468,23823588,23866620,23862372,,5240,5240,5240,5240,,16129716,15725640,15695292,16139256
321,1,144,142,2,0,0,0,32452812,59345668,95387124,20960,63807288,,8087136,8112132,8130744,8122800,,14584668,15066968,15037204,14656828,,23867916,23851268,23819228,23848712,,5240,5240,5240,5240,,16140284,15746308,15756432,16164264
324,0,145,143,2,0,0,0,32738024,59000928,95043152,20960,64039876,,8247600,8201416,8142832,8146176,,14388336,14947536,15029288,14635768,,23671948,23732028,23811404,23827772,,5240,5240,5240,5240,,16277284,15801396,15774280,16186916
326,0,146,144,2,0,0,0,32907004,58833772,94876796,20960,64201720,,8265340,8299092,8174008,8168564,,14383888,14843600,14992508,14613776,,23667756,23628524,23774676,23805840,,5240,5240,5240,5240,,16288704,15899820,15805492,16207704
329,0,147,145,2,0,0,0,33217480,58493900,94539768,20960,64462060,,8420396,8311204,8292064,8193816,,14191888,14849536,14866340,14586136,,23476192,23634504,23650788,23778284,,5240,5240,5240,5240,,16421016,15916192,15890916,16233936
331,0,148,146,2,0,0,0,33481468,58224988,94271720,20960,64696664,,8430776,8352704,8362940,8335048,,14196976,14821840,14804180,14401992,,23481400,23606908,23588932,23594480,,5240,5240,5240,5240,,16437208,15957264,15960596,16341596
333,1,149,147,2,0,0,0,33685592,58026292,94073760,20960,64877988,,8462132,8368036,8367976,8487448,,14175692,14800508,14801048,14249044,,23460148,23585620,23585836,23442156,,5240,5240,5240,5240,,16468104,15972688,15971008,16466188
336,0,150,148,2,0,0,0,33870296,57850388,93898500,20960,65033188,,8483304,8461320,8414120,8511552,,14167096,14684456,14762136,14236700,,23451624,23469844,23546996,23430036,,5240,5240,5240,5240,,16488764,16032508,16017448,16494468
338,1,151,149,2,0,0,0,34159088,57547132,93595900,20960,65274488,,8510312,8555480,8534752,8558544,,14145312,14599460,14603224,14199136,,23429896,23385104,23388328,23392572,,5240,5240,5240,5240,,16514056,16125992,16093588,16540852
341,0,152,150,2,0,0,0,34291664,57424412,93475832,20960,65411352,,8545764,8581160,8590996,8573744,,14102764,14578676,14562188,14180784,,23389540,23364424,23347612,23374256,,5240,5240,5240,5240,,16537560,16157088,16160328,16556376
343,0,153,151,2,0,0,0,34522776,57185960,93238236,20960,65621044,,8705680,8601344,8600264,8615488,,13916620,14559100,14559264,14150976,,23204044,23344880,23344784,23344528,,5240,5240,5240,5240,,16669864,16177648,16175976,16597556
346,0,154,152,2,0,0,0,34851640,56766524,92819644,20960,65893672,,8846128,8631924,8626924,8746664,,13734760,14527160,14534836,13969768,,23022604,23313016,23320396,23163628,,5240,5240,5240,5240,,16786676,16208848,16202336,16695812
348,0,155,153,2,0,0,0,35040368,56595832,92649676,20960,66047132,,8871812,8717152,8652808,8798596,,13743028,14416300,14507724,13928780,,23030948,23202372,23293352,23123004,,5240,5240,5240,5240,,16818252,16253556,16228056,16747268
350,1,156,154,2,0,0,0,35287760,56351900,92406540,20960,66267140,,8898448,8817236,8775808,8796268,,13730848,14320076,14356352,13944624,,23018844,23106568,23142236,23138892,,5240,5240,5240,5240,,16844124,16358176,16314004,16750836
353,0,157,155,2,0,0,0,35556596,56060716,92116220,20960,66507052,,8934280,8833020,8838564,8950732,,13704272,14318476,14284092,13753876,,22992348,23105012,23070316,22948544,,5240,5240,5240,5240,,16879732,16378996,16377504,16870820
355,1,158,156,2,0,0,0,35747464,55848500,91904724,20960,66660108,,8944456,8853504,8962952,8986552,,13690932,14299812,14142776,13714980,,22979120,23086428,22929252,22909924,,5240,5240,5240,5240,,16890692,16399664,16463700,16906052
358,0,159,157,2,0,0,0,35945892,55632736,91689692,20960,66839652,,8982324,8941340,9014988,9007240,,13646372,14185416,14092928,13708020,,22934600,22972268,22879808,22903016,,5240,5240,5240,5240,,16927604,16454296,16525688,16932064
360,0,160,158,2,0,0,0,36114728,55459360,91517028,20960,67000644,,9004900,9041576,9030332,9037920,,13619152,14086092,14077160,13676956,,22907588,22873304,22864108,22872028,,5240,5240,5240,5240,,16938352,16552528,16546336,16963428
363,0,161,159,2,0,0,0,36409912,55156856,91215220,20960,67245816,,9152524,9132000,9066252,9059136,,13442336,13990168,14054276,13670076,,22731148,22777580,22841284,22865208,,5240,5240,5240,5240,,17064732,16615172,16580952,16984960
365,0,162,160,2,0,0,0,36686216,54881756,90940976,20960,67480612,,9172224,9223752,9193924,9096316,,13431372,13893616,13915864,13640904,,22720332,22681360,22703184,22836100,,5240,5240,5240,5240,,17089284,16706740,16664236,17020352
367,1,163,161,2,0,0,0,36924820,54605516,90665540,20960,67699952,,9212904,9229644,9250468,9231804,,13406492,13889892,13853116,13456016,,22695524,22677668,22640768,22651580,,5240,5240,5240,5240,,17129204,16717880,16731184,17121684
370,0,164,162,2,0,0,0,37042984,54508252,90568892,20960,67808328,,9238648,9263628,9260608,9280100,,13375828,13865304,13850844,13416276,,22665004,22653160,22638560,22612168,,5240,5240,5240,5240,,17143372,16749280,16746664,17169012
372,1,165,163,2,0,0,0,37373460,54141312,90202812,20960,68089152,,9397696,9279608,9297032,9399124,,13180952,13853440,13826720,13280200,,22470580,22641376,22614508,22476348,,5240,5240,5240,5240,,17280780,16765228,16782736,17260408
375,0,166,164,2,0,0,0,37533304,53967032,90029132,20960,68227136,,9397220,9379020,9312944,9444120,,13191892,13716204,13815208,13243728,,22481588,22504404,22603040,22440100,,5240,5240,5240,5240,,17286188,16831948,16798764,17310236
377,1,167,164,3,0,0,0,37822868,53649956,89713024,20960,68470264,,9445048,9466208,9453680,9457932,,13157296,13622276,13643868,13226516,,22447096,22410896,22432060,22422972,,5240,5240,5240,5240,,17333536,16918364,16895828,17322536
380,0,168,166,2,0,0,0,37954132,53545672,89609424,20960,68603840,,9467768,9486808,9500108,9499448,,13132508,13611464,13603544,13198156,,22422536,22400160,22392020,22394708,,5240,5240,5240,5240,,17344096,16944248,16952004,17363492
382,0,169,167,2,0,0,0,38222396,53200756,89265424,20960,68823428,,9621384,9580436,9510572,9510004,,12921616,13489404,13600220,13189516,,22212124,22278404,22388768,22386128,,5240,5240,5240,5240,,17476232,17004988,16967932,17374276
385,0,170,168,2,0,0,0,38513644,52883248,88948764,20960,69085404,,9632312,9674020,9536016,9671296,,12933408,13380892,13573032,12995916,,22223980,22170236,22361652,22192896,,5240,5240,5240,5240,,17491844,17097560,16993728,17502272
387,0,171,169,2,0,0,0,38742940,52662112,88728504,20960,69274528,,9668828,9699260,9676804,9698048,,12904436,13381824,13417412,12958440,,22195128,22171264,22206392,22155720,,5240,5240,5240,5240,,17527964,17128652,17090380,17527532
390,0,172,170,2,0,0,0,38879604,52548984,88615980,20960,69415984,,9701320,9725764,9719004,9733516,,12878716,13361860,13369316,12939092,,22169580,22151356,22158580,22136464,,5240,5240,5240,5240,,17549480,17154568,17142576,17569360
392,0,173,171,2,0,0,0,39095116,52333972,88401712,20960,69605036,,9851696,9748496,9739964,9754960,,12702804,13338628,13367840,12924700,,21994192,22128164,22157236,22122120,,5240,5240,5240,5240,,17670012,17175224,17168952,17590848
395,0,174,172,2,0,0,0,39442140,51946396,88015056,20960,69895480,,10004556,9779672,9863840,9794072,,12531132,13310064,13204828,12900372,,21822992,22099688,21994504,22097872,,5240,5240,5240,5240,,17799540,17206580,17259648,17629712
397,0,175,173,2,0,0,0,39637692,51737352,87806736,20960,70062428,,10036836,9864916,9928908,9807032,,12516640,13187912,13142684,12890116,,21808620,21977796,21932664,22087656,,5240,5240,5240,5240,,17836156,17256600,17327364,17642308
400,0,176,174,2,0,0,0,39928196,51438988,87509256,20960,70322452,,10067420,9967264,9926924,9966588,,12496308,13087676,13152844,12702160,,21788348,21877912,21942864,21900132,,5240,5240,5240,5240,,17866980,17359640,17327596,17768236
402,0,177,175,2,0,0,0,40089832,51297820,87368876,20960,70448952,,10088448,10041876,9970696,9988812,,12475984,13006548,13126252,12689036,,21768116,21797076,21916356,21887328,,5240,5240,5240,5240,,17888076,17400716,17369268,17790892
405,0,178,176,2,0,0,0,40337444,50986192,87058012,20960,70668720,,10109164,10139508,10084948,10003824,,12449104,12871500,12986900,12678688,,21741316,21662376,21777268,21877052,,5240,5240,5240,5240,,17908972,17503348,17444960,17811440
407,0,179,177,2,0,0,0,40570928,50717268,86789912,20960,70884456,,10125652,10149640,10142760,10152876,,12435656,12874784,12923576,12483252,,21727916,21665780,21714244,21681972,,5240,5240,5240,5240,,17925132,17519036,17512888,17927400
410,0,180,178,2,0,0,0,40717388,50621468,86698844,20960,71023280,,10183012,10178920,10157952,10197504,,12379592,12863180,12915156,12463540,,21676160,21654260,21705916,21662508,,5240,5240,5240,5240,,17970624,17548692,17528464,17975500
412,0,181,179,2,0,0,0,41009328,50265532,86343840,20960,71257376,,10321580,10273356,10190260,10224132,,12195500,12749288,12878072,12442672,,21492536,21540636,21668944,21641724,,5240,5240,5240,5240,,18087620,17608328,17559740,18001688
415,0,182,180,2,0,0,0,41301416,49962296,86041504,20960,71523420,,10347392,10374380,10210452,10369192,,12177500,12650512,12869528,12264756,,21474640,21442260,21660460,21464144,,5240,5240,5240,5240,,18119456,17709220,17580436,18114308
417,1,183,181,2,0,0,0,41505632,49771020,85850980,20960,71697756,,10374160,10390016,10350468,10390988,,12161544,12656076,12700264,12253136,,21458756,21447884,21491508,21452832,,5240,5240,5240,5240,,18146008,17730092,17681752,18139904
420,0,184,182,2,0,0,0,41642620,49646364,85726948,20960,71833172,,10391284,10425596,10397188,10428552,,12148708,12627492,12641516,12228648,,21446108,21419364,21433052,21428424,,5240,5240,5240,5240,,18156616,17766244,17733520,18176792
422,1,185,183,2,0,0,0,41996092,49224092,85305608,20960,72129904,,10556328,10442380,10428068,10569316,,11938084,12617652,12626532,12041824,,21235904,21409604,21418184,21241916,,5240,5240,5240,5240,,18294348,17782124,17769456,18283976
425,0,186,184,2,0,0,0,42152844,49074384,85156672,20960,72262444,,10557516,10535296,10449584,10610448,,11956564,12491200,12610360,12016260,,21254464,21283452,21402068,21216688,,5240,5240,5240,5240,,18299800,17841988,17790980,18329676
427,1,187,185,2,0,0,0,42405596,48810852,84893972,20960,72482400,,10583996,10629688,10565044,10626868,,11951204,12388880,12462936,12007832,,21249156,21181512,21254984,21208320,,5240,5240,5240,5240,,18325472,17936212,17875328,18345388
430,0,188,186,2,0,0,0,42551600,48693876,84777700,20960,72620148,,10617160,10645488,10624700,10664252,,11921544,12384056,12412476,11975800,,21219708,21176748,21204880,21176364,,5240,5240,5240,5240,,18346580,17956956,17934368,18382244
432,1,189,187,2,0,0,0,42873064,48317548,84402228,20960,72880400,,10760840,10681464,10745804,10684956,,11751652,12341116,12271616,11953164,,21050260,21133880,21064320,21153768,,5240,5240,5240,5240,,18468468,17992992,18016072,18402868
435,0,190,188,2,0,0,0,43001420,48202972,84288340,20960,73009664,,10793344,10697656,10794800,10715620,,11719340,12335160,12226908,11921564,,21018140,21127996,21019948,21122256,,5240,5240,5240,5240,,18494384,18009040,18072460,18433780
437,1,191,189,2,0,0,0,43285660,47834612,83920812,20960,73244356,,10943548,10791076,10815156,10735880,,11532380,12191100,12210676,11900456,,20831616,20984200,21003784,21101212,,5240,5240,5240,5240,,18622428,18068820,18098468,18454640
440,0,192,190,2,0,0,0,43544440,47560708,83647956,20960,73468340,,10958088,10885048,10835188,10866116,,11519556,12106756,12196732,11737664,,20818892,20900276,20989940,20938848,,5240,5240,5240,5240,,18643088,18162724,18118968,18543560
442,1,193,191,2,0,0,0,43781748,47367352,83455536,20960,73689344,,10995024,10906024,10861144,11019556,,11498108,12108868,12181272,11579104,,20797548,20902480,20974608,20780900,,5240,5240,5240,5240,,18679736,18188752,18144896,18675960
445,0,194,192,2,0,0,0,43942916,47207944,83296780,20960,73815132,,11009916,10985028,10888464,11059508,,11495212,12002688,12155844,11554200,,20794728,20796552,20949236,20756264,,5240,5240,5240,5240,,18695184,18233252,18171776,18714920
447,1,195,193,2,0,0,0,44231696,46899384,82989028,20960,74066396,,11045668,11092592,11018852,11074584,,11463640,11902796,11997464,11535484,,20763240,20697060,20791128,20737600,,5240,5240,5240,5240,,18731208,18341548,18257784,18735856
450,0,196,194,2,0,0,0,44367320,46781864,82872244,20960,74202192,,11067824,11108788,11078176,11112532,,11444444,11895856,11937140,11504424,,20744264,20690200,20731180,20706600,,5240,5240,5240,5240,,18742616,18362456,18325248,18771872
452,1,197,195,2,0,0,0,44598456,46566164,82657344,20960,74407980,,11240324,11134772,11094676,11128684,,11258528,11885036,11934080,11488520,,20558928,20679452,20728232,20690732,,5240,5240,5240,5240,,18885104,18388652,18345884,18788340
455,0,198,196,2,0,0,0,44874256,46207476,82299500,20960,74626816,,11369064,11214316,11125564,11165312,,11070248,11780052,11897852,11459324,,20371140,20574688,20692032,20661640,,5240,5240,5240,5240,,18991892,18433552,18376912,18824460
457,1,199,197,2,0,0,0,45152472,45877416,81970392,20960,74869644,,11406032,11316548,11254952,11174940,,11040052,11663580,11723588,11450196,,20341016,20458684,20518112,20652580,,5240,5240,5240,5240,,19034236,18537116,18463208,18835084
460,0,200,198,2,0,0,0,45394032,45657156,81750908,20960,75091812,,11422112,11337948,11312532,11321440,,11032564,11653964,11691224,11279404,,20333636,20449128,20486000,20482144,,5240,5240,5240,5240,,19049800,18563744,18530528,18947740
462,1,201,199,2,0,0,0,45602264,45417992,81512376,20960,75268668,,11457756,11368964,11435480,11340064,,10998644,11642920,11519788,11256640,,20299768,20438172,20314880,20459556,,5240,5240,5240,5240,,19085812,18594728,18616920,18971208
465,0,202,199,3,0,0,0,45829352,45191240,81286556,20960,75470516,,11478292,11389564,11490128,11471368,,10991480,11621768,11485856,11092136,,20292692,20417088,20281280,20295496,,5240,5240,5240,5240,,19106584,18615440,18679208,19069284
467,1,203,201,2,0,0,0,46012612,44990000,81086080,20960,75632300,,11503884,11474452,11515640,11518636,,10964000,11508920,11465708,11051372,,20265292,20304512,20261240,20255036,,5240,5240,5240,5240,,19132644,18667804,18710240,19121612
470,0,204,202,2,0,0,0,46192552,44837040,80933840,20960,75796456,,11543432,11572088,11537116,11539916,,10928456,11416076,11454408,11038100,,20229952,20212040,20249980,20241868,,5240,5240,5240,5240,,19159060,18763932,18731108,19142356
473,0,205,203,2,0,0,0,46529648,44441796,80541628,20960,76070952,,11692108,11588724,11680876,11567940,,10740584,11407304,11273596,11020312,,20042504,20203348,20069560,20226216,,5240,5240,5240,5240,,19286244,18784576,18829896,19170236
475,1,206,204,2,0,0,0,46697312,44288164,80388768,20960,76225632,,11707348,11684484,11717496,11587984,,10751004,11287432,11238688,11011040,,20053008,20083816,20034976,20216968,,5240,5240,5240,5240,,19306956,18847840,18879984,19190852
478,0,207,205,2,0,0,0,46989408,43963048,80064460,20960,76482268,,11739840,11780572,11753440,11715556,,10724836,11196720,11222492,10819000,,20026940,19993392,20018852,20025276,,5240,5240,5240,5240,,19338224,18942856,18916024,19285164
480,1,208,206,2,0,0,0,47091540,43886156,79988124,20960,76581880,,11783136,11795712,11769668,11743024,,10692976,11172200,11221448,10799532,,19995244,19968972,20017884,20006024,,5240,5240,5240,5240,,19369120,18963872,18932020,19316868
483,0,209,206,3,0,0,0,47434956,43448220,79551160,20960,76858840,,11904276,11828028,11921232,11781420,,10513512,11138460,11028044,10768204,,19816184,19935284,19824836,19974856,,5240,5240,5240,5240,,19470000,18995260,19038320,19355260
485,1,210,208,2,0,0,0,47606476,43288868,79392716,20960,77018272,,11946848,11910948,11951912,11796768,,10483176,11029260,11004068,10772364,,19786000,19826388,19801204,19979124,,5240,5240,5240,5240,,19517576,19044720,19085192,19370784
488,0,211,209,2,0,0,0,47916916,42984960,79091752,20960,77294396,,11962884,12012312,11987868,11953852,,10481168,10935184,10982692,10585916,,19784048,19734732,19779892,19793080,,5240,5240,5240,5240,,19533284,19145820,19121084,19494208
491,0,212,210,2,0,0,0,48026876,42872116,78979676,20960,77404420,,12006356,12033492,12006276,11980752,,10442196,10918788,10957036,10554096,,19745360,19718444,19754320,19761552,,5240,5240,5240,5240,,19564436,19172084,19142376,19525524
493,0,213,211,2,0,0,0,48296680,42558120,78666524,20960,77620880,,12144880,12103540,12041576,12006684,,10262740,10832552,10922620,10540208,,19566344,19632436,19719980,19747764,,5240,5240,5240,5240,,19681336,19209820,19178172,19551552
496,0,214,212,2,0,0,0,48489156,42383996,78493192,20960,77805192,,12177980,12215376,12063608,12032192,,10240884,10724456,10901204,10517452,,19544720,19524780,19698640,19725052,,5240,5240,5240,5240,,19708164,19320264,19199560,19577204
498,1,215,213,2,0,0,0,48804968,42030960,78143148,20960,78058244,,12325536,12225592,12199328,12054512,,10096220,10725560,10699512,10509668,,19400424,19525988,19499360,19717376,,5240,5240,5240,5240,,19830780,19336428,19293048,19597988
501,0,216,214,2,0,0,0,49063336,41751160,77864336,20960,78297300,,12345612,12255904,12252460,12209360,,10089248,10691808,10653348,10316756,,19393604,19492332,19453552,19524848,,5240,5240,5240,5240,,19856668,19367216,19354900,19718516
503,1,217,215,2,0,0,0,49175264,41696380,77812208,20960,78406832,,12385792,12284588,12267508,12237376,,10057344,10678196,10667968,10292872,,19363908,19478764,19468260,19501276,,5240,5240,5240,5240,,19885264,19393608,19375804,19752156
506,0,218,216,2,0,0,0,49535284,41308356,77425136,20960,78699384,,12535820,12315316,12410772,12273376,,9865184,10655812,10519144,10268216,,19172300,19456436,19319716,19476684,,5240,5240,5240,5240,,20012488,19424644,19473932,19788320
509,0,219,217,2,0,0,0,49705140,41110552,77228088,20960,78846268,,12552804,12396896,12461224,12294216,,9855812,10530832,10472612,10251296,,19163044,19331676,19273552,19459816,,5240,5240,5240,5240,,20033300,19469080,19534844,19809044
511,1,220,218,2,0,0,0,49977560,40819372,76937736,20960,79094152,,12583752,12486876,12466040,12440892,,9839804,10444196,10475708,10059664,,19147104,19245436,19276692,19268504,,5240,5240,5240,5240,,20064592,19562496,19545268,19921796
514,0,221,219,2,0,0,0,50095332,40702092,76820956,20960,79208552,,12607640,12513620,12497740,12476332,,9812380,10423128,10452536,10014048,,19119780,19224412,19253584,19223180,,5240,5240,5240,5240,,20075464,19594108,19576496,19962484
516,1,222,220,2,0,0,0,50435916,40323608,76443580,20960,79494332,,12772584,12528060,12523024,12612248,,9609760,10409612,10426792,9877444,,18917712,19211016,19227904,19086948,,5240,5240,5240,5240,,20218316,19609380,19602120,20064516
519,0,223,221,2,0,0,0,50651412,40117628,76238348,20960,79675368,,12783372,12554244,12660136,12653660,,9616468,10387020,10261848,9852292,,18924472,19188476,19063312,19062088,,5240,5240,5240,5240,,20234384,19635488,19694640,20110856
522,0,224,222,2,0,0,0,50824100,39919048,76040464,20960,79817720,,12824732,12628452,12701176,12669740,,9573212,10288420,10203588,9853828,,18881348,19090076,19005368,19063672,,5240,5240,5240,5240,,20275972,19668896,19746472,20126380
524,1,225,223,2,0,0,0,51043916,39707100,75829452,20960,80018320,,12841596,12780400,12712528,12709392,,9571888,10119700,10197548,9817964,,18880092,18922044,18999420,19027896,,5240,5240,5240,5240,,20291472,19797448,19763596,20165804
527,0,226,224,2,0,0,0,51224840,39549360,75672372,20960,80186580,,12884132,12870700,12747976,12722032,,9530232,10017440,10185256,9816432,,18838652,18820132,18987176,19026412,,5240,5240,5240,5240,,20322864,19886932,19798540,20178244
530,0,227,225,2,0,0,0,51560312,39140760,75264732,20960,80462092,,13025916,12887276,12883848,12763272,,9345152,10001404,10023660,9770544,,18653988,18804172,18825896,18980676,,5240,5240,5240,5240,,20440544,19911752,19889728,20220068
532,1,228,226,2,0,0,0,51805196,38911956,75036852,20960,80694736,,13055820,12918688,12928952,12901736,,9333032,9994168,9980136,9604620,,18641968,18797016,18782732,18815136,,5240,5240,5240,5240,,20476684,19942844,19951804,20323404
535,0,229,227,2,0,0,0,52023848,38673652,74799360,20960,80873288,,13086100,12942344,13053248,12942156,,9312052,9972588,9827956,9561056,,18621048,18775500,18630900,18771912,,5240,5240,5240,5240,,20507464,19964624,20032876,20368324
537,1,230,228,2,0,0,0,52190732,38510888,74637368,20960,81017736,,13107380,13034844,13100828,12947680,,9292380,9874032,9783568,9560908,,18601504,18677200,18586864,18771800,,5240,5240,5240,5240,,20528672,20019696,20095384,20373984
540,0,231,229,2,0,0,0,52485636,38182932,74310348,20960,81282360,,13133204,13119056,13122184,13111192,,9272668,9782880,9768564,9358820,,18581844,18586428,18571924,18570152,,5240,5240,5240,5240,,20554732,20107632,20116072,20503924
542,1,232,230,2,0,0,0,52613224,38088576,74216652,20960,81408620,,13173912,13146192,13157984,13135136,,9231040,9762664,9753124,9341748,,18540424,18566348,18556572,18553308,,5240,5240,5240,5240,,20584924,20138908,20152032,20532756
545,0,233,231,2,0,0,0,52937392,37689232,73818248,20960,81664996,,13320988,13167776,13293412,13155216,,9031216,9746316,9579172,9332528,,18341068,18550076,18382948,18544156,,5240,5240,5240,5240,,20708024,20159704,20244040,20553228
548,0,234,232,2,0,0,0,53136828,37498320,73628048,20960,81840984,,13341676,13262060,13340652,13192440,,9031292,9618768,9541888,9306372,,18341224,18422748,18345976,18518100,,5240,5240,5240,5240,,20734612,20215612,20301048,20589712
550,1,235,233,2,0,0,0,53318340,37316608,73447032,20960,82017940,,13386540,13356020,13360312,13215468,,8987560,9519164,9525960,9283924,,18297636,18323532,18330128,18495736,,5240,5240,5240,5240,,20766164,20313140,20326820,20611816
553,0,236,234,2,0,0,0,53639576,36959280,73090760,20960,82290504,,13529680,13361148,13381680,13367068,,8823856,9531884,9503948,9099592,,18134480,18336324,18308212,18311744,,5240,5240,5240,5240,,20888292,20324052,20347476,20730684
556,0,237,235,2,0,0,0,53823420,36787632,72919916,20960,82450008,,13550216,13455072,13422496,13395636,,8809896,9425736,9470408,9081592,,18120620,18230484,18274748,18294064,,5240,5240,5240,5240,,20914172,20383144,20388800,20763892
558,1,238,236,2,0,0,0,54085260,36491500,72624720,20960,82668024,,13570860,13543644,13548464,13422292,,8798820,9322112,9316276,9054292,,18109600,18127268,18120988,18266864,,5240,5240,5240,5240,,20935276,20472432,20469760,20790556
561,0,239,237,2,0,0,0,54323880,36255684,72389896,20960,82885920,,13599428,13549524,13599148,13575780,,8772708,9323960,9267632,8891384,,18083572,18129240,18072648,18104436,,5240,5240,5240,5240,,20961780,20483220,20530460,20910460
564,0,240,237,3,0,0,0,54433688,36159660,72294548,20960,82996156,,13640456,13580708,13611480,13601044,,8734720,9307300,9255768,8861872,,18045832,18112652,18060916,18075148,,5240,5240,5240,5240,,20993252,20513808,20548156,20940940
566,1,241,239,2,0,0,0,54799936,35741528,71881640,20960,83302912,,13781668,13603012,13652628,13762628,,8568712,9287332,9213336,8672148,,17880352,18092772,18018588,17889928,,5240,5240,5240,5240,,21110044,20535272,20589204,21068392
569,0,242,240,2,0,0,0,55006920,35517408,71658264,20960,83475448,,13807120,13623884,13783136,13792780,,8551656,9261908,9067436,8636408,,17863360,18067376,17873056,17854472,,5240,5240,5240,5240,,21141172,20556032,20676552,21101692
571,1,243,241,2,0,0,0,55219208,35312028,71453524,20960,83653772,,13833504,13718056,13849100,13818548,,8527012,9145656,9008084,8631276,,17838796,17951364,17813956,17849408,,5240,5240,5240,5240,,21166700,20610516,20748912,21127644
574,0,244,242,2,0,0,0,55382068,35165112,71307312,20960,83815648,,13871488,13812284,13848812,13849484,,8490240,9042116,9024060,8608696,,17802232,17848172,17829984,17826924,,5240,5240,5240,5240,,21193048,20709740,20754224,21158636
577,0,245,243,2,0,0,0,55696844,34785248,70928500,20960,84079388,,13999540,13828148,13886596,13982560,,8315644,9028932,8987980,8452692,,17628108,17835116,17794000,17671276,,5240,5240,5240,5240,,21299792,20730872,20790136,21258588
579,1,246,244,2,0,0,0,55811896,34702608,70846524,20960,84191980,,14039216,13859148,13891732,14021800,,8296980,9006144,8982072,8417412,,17609628,17812388,17788156,17636352,,5240,5240,5240,5240,,21331352,20761812,20795580,21303236
582,0,247,245,2,0,0,0,56128848,34320036,70464868,20960,84448888,,14164932,13890020,14036360,14037536,,8136896,8974460,8804792,8403888,,17449928,17780780,17611260,17622900,,5240,5240,5240,5240,,21435956,20792944,20902160,21317828
585,0,248,245,3,0,0,0,56316228,34117216,70266904,20960,84610244,,14195248,13976048,14078188,14066744,,8116152,8860676,8758068,8382320,,17429276,17671396,17564796,17601436,,5240,5240,5240,5240,,21471896,20841936,20948688,21347724
587,1,249,247,2,0,0,0,56593092,33862604,70013280,20960,84857012,,14224056,14078656,14206384,14083996,,8099008,8757572,8634312,8371712,,17412304,17568672,17441400,17590904,,5240,5240,5240,5240,,21500616,20946692,21045004,21364700
590,0,250,248,2,0,0,0,56843664,33579072,69730656,20960,85085968,,14259708,14086660,14266384,14230912,,8067716,8761720,8567444,8182192,,17381120,17572896,17374904,17401736,,5240,5240,5240,5240,,21536844,20962276,21107404,21479444
593,0,251,249,2,0,0,0,57001012,33429000,69581304,20960,85216968,,14282940,14175316,14271620,14271136,,8048528,8654956,8567028,8158488,,17362016,17466428,17374548,17378312,,5240,5240,5240,5240,,21558312,21016992,21118136,21523528
595,1,252,250,2,0,0,0,57201872,33256316,69413464,20960,85411520,,14317160,14271532,14317028,14296152,,8015832,8567512,8538288,8134684,,17329540,17379296,17350016,17354612,,5240,5240,5240,5240,,21584584,21113592,21163948,21549396
598,0,253,250,3,0,0,0,57478112,32943200,69101296,20960,85637548,,14473324,14358452,14331588,14314748,,7847404,8453048,8523756,8118992,,17161572,17265196,17335540,17338988,,5240,5240,5240,5240,,21716776,21170916,21179440,21570416
601,0,254,252,2,0,0,0,57752816,32640368,68799304,20960,85874784,,14488396,14452900,14460944,14350576,,7831856,8377220,8346264,8085028,,17146116,17189792,17158324,17305072,,5240,5240,5240,5240,,21737908,21264016,21266104,21606756
603,1,255,253,2,0,0,0,57881444,32523112,68682776,20960,86010148,,14530968,14472300,14515836,14362340,,7790760,8356284,8293304,8082764,,17105236,17168916,17105724,17302900,,5240,5240,5240,5240,,21769460,21289836,21333232,21617620
606,0,256,254,2,0,0,0,58209792,32138420,68299172,20960,86282620,,14671404,14508368,14516232,14513788,,7624652,8322884,8302304,7888580,,16939656,17135624,17114768,17109124,,5240,5240,5240,5240,,21886876,21326284,21333588,21735872
609,0,257,255,2,0,0,0,58414152,31910836,68072416,20960,86456300,,14697204,14531076,14647684,14538188,,7607124,8308316,8130988,7864408,,16922216,17121140,16943872,17085188,,5240,5240,5240,5240,,21917840,21347580,21424960,21765920
612,0,258,256,2,0,0,0,58558952,31791368,67953632,20960,86593628,,14729332,14566208,14699292,14564120,,7580436,8278552,8078700,7853680,,16895780,17091448,16891860,17074544,,5240,5240,5240,5240,,21938792,21381140,21481972,21791724
614,1,259,257,2,0,0,0,58832996,31489544,67652744,20960,86815756,,14884968,14642496,14708760,14596772,,7397536,8165768,8094420,7831820,,16713340,16978980,16907640,17052784,,5240,5240,5240,5240,,22070992,21423440,21497624,21823700
617,0,260,258,2,0,0,0,59117432,31213768,67377932,20960,87071568,,14889796,14746712,14749992,14730932,,7403388,8068888,8077012,7664480,,16719304,16882516,16890348,16885764,,5240,5240,5240,5240,,22081640,21527176,21538536,21924216
620,0,261,259,2,0,0,0,59238268,31100556,67265400,20960,87192880,,14936384,14767404,14766312,14768168,,7352748,8051636,8064136,7632036,,16668824,16865364,16877552,16853660,,5240,5240,5240,5240,,22117676,21553072,21554652,21967480
622,1,262,260,2,0,0,0,59516772,30781608,66947456,20960,87413240,,15082644,14854676,14795552,14783900,,7178692,7941460,8037476,7623980,,16495244,16755512,16850972,16845728,,5240,5240,5240,5240,,22239904,21608680,21581348,21983308
625,0,263,261,2,0,0,0,59787480,30492404,66659152,20960,87656680,,15103468,14952564,14916848,14814600,,7189696,7839972,7866952,7595784,,16506328,16654404,16680828,16817592,,5240,5240,5240,5240,,22265928,21706560,21669940,22014252
628,0,264,262,2,0,0,0,60028616,30231324,66399052,20960,87867812,,15134664,14979052,14962184,14952716,,7155012,7828696,7828248,7419368,,16471780,16643232,16642476,16641564,,5240,5240,5240,5240,,22297180,21738084,21714052,22118496
630,1,265,263,2,0,0,0,60204964,30050788,66219188,20960,88017580,,15151604,15064212,14997788,14991360,,7134364,7712068,7811000,7393356,,16451192,16526880,16625284,16615832,,5240,5240,5240,5240,,22312812,21787356,21755344,22162068
633,0,266,264,2,0,0,0,60472884,29780936,65950248,20960,88244568,,15183280,15160244,15116168,15013192,,7108612,7612012,7672500,7387812,,16425556,16427248,16487084,16610360,,5240,5240,5240,5240,,22344220,21886420,21830960,22182968
636,0,267,265,2,0,0,0,60629800,29623976,65794036,20960,88410732,,15205512,15186300,15194456,15043532,,7077536,7593892,7591508,7361040,,16394672,16409212,16406464,16583688,,5240,5240,5240,5240,,22360464,21917880,21918404,22213984
638,1,268,266,2,0,0,0,60962932,29220332,65391424,20960,88684684,,15360988,15220020,15194616,15187308,,6876380,7571900,7595280,7176772,,16194000,16387332,16410328,16399764,,5240,5240,5240,5240,,22487568,21949376,21924260,22323480
641,0,269,267,2,0,0,0,61172096,28996340,65168188,20960,88862120,,15370644,15251024,15328992,15221436,,6894732,7535452,7428212,7137944,,16212456,16350928,16243560,16361244,,5240,5240,5240,5240,,22503564,21980364,22015772,22362420
644,0,270,268,2,0,0,0,61423644,28748968,64921692,20960,89090916,,15407820,15265660,15382352,15367812,,6867488,7522432,7391656,6967392,,16185292,16337976,16207364,16191060,,5240,5240,5240,5240,,22541156,21995896,22078440,22475424
646,1,271,269,2,0,0,0,61592316,28591532,64764968,20960,89234048,,15423428,15359956,15406756,15402176,,6854708,7410808,7381572,6944444,,16172588,16226644,16197340,16168396,,5240,5240,5240,5240,,22556120,22056476,22109720,22511732
649,1,272,270,2,0,0,0,61790976,28409444,64583672,20960,89419932,,15466900,15458708,15438524,15426844,,6805276,7304100,7354252,6945816,,16123288,16120364,16170144,16169876,,5240,5240,5240,5240,,22587272,22154620,22141476,22536564
652,0,273,271,2,0,0,0,62057140,28081416,64256560,20960,89636016,,15610688,15534912,15448452,15463088,,6622372,7204104,7344808,6910132,,15940932,16020600,16160748,16134280,,5240,5240,5240,5240,,22709208,22202288,22151800,22572720
655,0,274,272,2,0,0,0,62335556,27789232,63965340,20960,89870948,,15632540,15624848,15596632,15481536,,6600992,7129324,7165468,6893448,,15919644,15946164,15981792,16117740,,5240,5240,5240,5240,,22735428,22292712,22253924,22588884
657,1,275,273,2,0,0,0,62578992,27540200,63717292,20960,90103524,,15652656,15651980,15630564,15643792,,6594116,7106724,7138976,6700384,,15912900,15923680,15955600,15925112,,5240,5240,5240,5240,,22756112,22323736,22305416,22718260
660,1,276,274,2,0,0,0,62691864,27440356,63618052,20960,90211420,,15688568,15683556,15650900,15668840,,6562788,7082168,7114356,6681044,,15881756,15899184,15931060,15906052,,5240,5240,5240,5240,,22782040,22355520,22326292,22747568
663,0,277,276,1,0,0,0,63040372,27045952,63224652,20960,90492708,,15847596,15704836,15797876,15690064,,6376916,7068996,6937748,6662292,,15696388,15886088,15754796,15887380,,5240,5240,5240,5240,,22919460,22376196,22428136,22768916
666,0,278,276,2,0,0,0,63288072,26773764,62953460,20960,90720504,,15853720,15735280,15841112,15857960,,6373252,7041152,6909324,6450036,,15692800,15858328,15726696,15675636,,5240,5240,5240,5240,,22930680,22407148,22479892,22902784
668,1,279,277,2,0,0,0,63441340,26615084,62795404,20960,90851820,,15884648,15802720,15871216,15882756,,6344216,6942144,6884404,6444320,,15663844,15759616,15701868,15670076,,5240,5240,5240,5240,,22961572,22440916,22516084,22933248
671,0,280,278,2,0,0,0,63633808,26447884,62629044,20960,91029040,,15918164,15918796,15887548,15909300,,6321896,6827924,6868988,6429076,,15641768,15645816,15686528,15654932,,5240,5240,5240,5240,,22982572,22555452,22531584,22959432
674,0,281,279,2,0,0,0,63978380,26043484,62225792,20960,91324156,,16067532,15924388,15929288,16057172,,6130556,6836524,6835056,6241348,,15450916,15654468,15652716,15467692,,5240,5240,5240,5240,,23110332,22565704,22573708,23074412
676,1,282,280,2,0,0,0,64145260,25859996,62042964,20960,91464936,,16080100,16027660,15940592,16096908,,6115460,6688640,6822012,6233884,,15435956,15506868,15639736,15460404,,5240,5240,5240,5240,,23126388,22636424,22584048,23118076
679,1,283,281,2,0,0,0,64401104,25601944,61785896,20960,91679368,,16105440,16106132,16071812,16117720,,6109496,6623308,6647944,6221196,,15430048,15441896,15466072,15447880,,5240,5240,5240,5240,,23152244,22714192,22673804,23139128
682,0,284,282,2,0,0,0,64550588,25481568,61666192,20960,91830076,,16138260,16136512,16133020,16142796,,6095112,6608140,6584224,6194092,,15415828,15426836,15402684,15420844,,5240,5240,5240,5240,,23173332,22749772,22742340,23164632
685,0,285,283,2,0,0,0,64856232,25140592,61326156,20960,92076232,,16287544,16158152,16246476,16164060,,5905736,6591884,6467468,6175504,,15226900,15410636,15286276,15402344,,5240,5240,5240,5240,,23301076,22771416,22817792,23185948
687,1,286,284,2,0,0,0,65052168,24916760,61103180,20960,92255492,,16303580,16247104,16305444,16196040,,5895720,6467972,6407864,6145204,,15217020,15287028,15227004,15372128,,5240,5240,5240,5240,,23321988,22826092,22890508,23216904
690,0,287,285,2,0,0,0,65308264,24635240,60822544,20960,92476620,,16329656,16345232,16312328,16321048,,5880768,6371640,6410420,5972412,,15202148,15191072,15229624,15199700,,5240,5240,5240,5240,,23347820,22923004,22896932,23308864
693,0,288,286,2,0,0,0,65439020,24548296,60736324,20960,92604268,,16363292,16358212,16347492,16370024,,5857404,6368132,6382152,5940608,,15178984,15187704,15201456,15168180,,5240,5240,5240,5240,,23369332,22941364,22933140,23360432
695,1,289,287,2,0,0,0,65760080,24183284,60372240,20960,92864360,,16513428,16394936,16466244,16385472,,5669452,6334536,6243920,5935376,,14991516,15154152,15063532,15163040,,5240,5240,5240,5240,,23496568,22977572,23014232,23375988
698,0,290,288,2,0,0,0,65887996,24079984,60269672,20960,92995528,,16539944,16415664,16519892,16412496,,5654436,6319920,6192176,5913452,,14976716,15139648,15012120,15141188,,5240,5240,5240,5240,,23518080,22998780,23076928,23401740
701,0,291,289,2,0,0,0,66238888,23650404,59841144,20960,93287112,,16686972,16448468,16551316,16552132,,5467616,6287864,6171908,5723016,,14790416,15107684,14991920,14951124,,5240,5240,5240,5240,,23640380,23030176,23107880,23508676
704,0,292,290,2,0,0,0,66373528,23534072,59725620,20960,93399884,,16701824,16521684,16571964,16578056,,5482496,6177936,6153052,5720588,,14805404,14998072,14973128,14949016,,5240,5240,5240,5240,,23661596,23069772,23128636,23539880
706,1,293,291,2,0,0,0,66653376,23168868,59360372,20960,93666296,,16738908,16619696,16597196,16697576,,5446444,6068264,6120956,5533204,,14769480,14888784,14941112,14760996,,5240,5240,5240,5240,,23697836,23167976,23154460,23646024
709,0,294,292,2,0,0,0,66858824,22960464,59152788,20960,93848240,,16754672,16634500,16729984,16739668,,5442756,6065768,5941880,5510060,,14765812,14886384,14762488,14738104,,5240,5240,5240,5240,,23713408,23188660,23253524,23692648
712,0,295,293,2,0,0,0,67042804,22764904,58958028,20960,93994852,,16791652,16720132,16775532,16755488,,5408432,5959592,5895504,5501376,,14731628,14780436,14716436,14729528,,5240,5240,5240,5240,,23749724,23239004,23297556,23708568
714,1,296,294,2,0,0,0,67211116,22594064,58787952,20960,94161388,,16811088,16812720,16796044,16791264,,5369268,5857416,5893828,5473552,,14692632,14678644,14714872,14701804,,5240,5240,5240,5240,,23761136,23332448,23323188,23744616
717,1,297,295,2,0,0,0,67464912,22373440,58568208,20960,94387392,,16982092,16838032,16827832,16816956,,5189324,5845224,5879344,5459548,,14513324,14666580,14700436,14687868,,5240,5240,5240,5240,,23898380,23363848,23354524,23770640
720,0,298,296,2,0,0,0,67721048,22085116,58280820,20960,94587424,,17111228,16916800,16848780,16844240,,5042788,5754220,5859100,5429008,,14367256,14575816,14680268,14657480,,5240,5240,5240,5240,,24005136,23409756,23375328,23797204
723,0,299,297,2,0,0,0,68017896,21758576,57955168,20960,94843084,,17151328,17005696,16990256,16870616,,5014636,5664276,5673236,5406428,,14339228,14486212,14494764,14634964,,5240,5240,5240,5240,,24051540,23496600,23471800,23823144
725,1,300,298,2,0,0,0,68218996,21524012,57720780,20960,95055104,,17162552,17010104,17030284,17016056,,5012340,5628024,5643696,5239952,,14337016,14449160,14465580,14469024,,5240,5240,5240,5240,,24063064,23526788,23528828,23936424
728,0,301,299,2,0,0,0,68335096,21414036,57611456,20960,95162624,,17205136,17040940,17046168,17042852,,4963804,5602332,5636828,5211072,,14288688,14423608,14458776,14440384,,5240,5240,5240,5240,,24093024,23557700,23544704,23967196
731,0,302,300,2,0,0,0,68656912,21065400,57263796,20960,95429704,,17349028,17140740,17088000,17079144,,4781728,5491412,5609596,5182664,,14107108,14312964,14431644,14412080,,5240,5240,5240,5240,,24215196,23624800,23586428,24003280
733,1,303,301,2,0,0,0,68888108,20821712,57020868,20960,95630148,,17370764,17222200,17201340,17093804,,4779388,5424936,5450728,5166660,,14104892,14246840,14273036,14396100,,5240,5240,5240,5240,,24241780,23704228,23665552,24018588
736,1,304,301,3,0,0,0,69109744,20569300,56768444,20960,95844276,,17391616,17249860,17243280,17224988,,4761176,5404480,5412756,4990888,,14086760,14226500,14234468,14220716,,5240,5240,5240,5240,,24262536,23737584,23734284,24109872
739,0,305,303,2,0,0,0,69212368,20466444,56665236,20960,95969368,,17409076,17276080,17260008,17267204,,4712744,5382532,5402096,4969072,,14037468,14204684,14223908,14199176,,5240,5240,5240,5240,,24293000,23763576,23750200,24162592
742,0,306,304,2,0,0,0,69555624,20072576,56272472,20960,96241540,,17563956,17304740,17409664,17277264,,4535704,5350364,5215352,4971156,,13860956,14172596,14037576,14201344,,5240,5240,5240,5240,,24420076,23792260,23856024,24173180
744,1,307,305,2,0,0,0,69747352,19884288,56085176,20960,96420272,,17585116,17392484,17446348,17323404,,4524552,5230468,5198020,4931248,,13849900,14053068,14020644,14161564,,5240,5240,5240,5240,,24446924,23844940,23908860,24219548
747,0,308,306,2,0,0,0,70026384,19573640,55775484,20960,96667024,,17606216,17494820,17477224,17448124,,4508596,5127420,5177940,4759684,,13834052,13950448,14000612,13990372,,5240,5240,5240,5240,,24467604,23948240,23939808,24311372
749,1,309,307,2,0,0,0,70265016,19344840,55547588,20960,96880568,,17637972,17504380,17510204,17612460,,4472964,5134060,5145512,4592304,,13798508,13957148,13968284,13823648,,5240,5240,5240,5240,,24498536,23964020,23971344,24446668
752,1,310,308,2,0,0,0,70388296,19215352,55418712,20960,96997320,,17668104,17535604,17544332,17640256,,4441604,5102380,5098108,4573260,,13767312,13925528,13920980,13804892,,5240,5240,5240,5240,,24519484,23995256,24002808,24479772
755,0,311,309,2,0,0,0,70712440,18831492,55035940,20960,97249028,,17821224,17557944,17671584,17661688,,4278700,5083032,4916664,4553096,,13604964,13906272,13739892,13784812,,5240,5240,5240,5240,,24647164,24016532,24084928,24500404
758,0,312,310,2,0,0,0,70876044,18655644,54861016,20960,97398692,,17833164,17642552,17721120,17679208,,4263080,4967180,4889320,4536064,,13589488,13790728,13712924,13767876,,5240,5240,5240,5240,,24663604,24068024,24151088,24515976
761,0,313,311,2,0,0,0,71070264,18485884,54692032,20960,97586520,,17885268,17746920,17742452,17695624,,4222476,4853732,4882752,4526924,,13549056,13677728,13706412,13758836,,5240,5240,5240,5240,,24705696,24177524,24171712,24531588
763,1,314,312,2,0,0,0,71401352,18099884,54306968,20960,97855164,,18025164,17761864,17882540,17731784,,4050324,4852380,4699580,4497600,,13377372,13676488,13523524,13729584,,5240,5240,5240,5240,,24822844,24191336,24273140,24567844
766,1,315,313,2,0,0,0,71564320,17926224,54134096,20960,98000796,,18042592,17856916,17923308,17741504,,4041464,4735544,4660468,4488748,,13368612,13559956,13484732,13720796,,5240,5240,5240,5240,,24843688,24254108,24324788,24578212
769,0,316,314,2,0,0,0,71873700,17602564,53811412,20960,98273692,,18074340,17943772,17949688,17905900,,4016824,4654128,4659152,4272460,,13344048,13478916,13483508,13504940,,5240,5240,5240,5240,,24874816,24339296,24350680,24708900
772,0,317,315,2,0,0,0,71995828,17497276,53706900,20960,98396188,,18114880,17970604,17980512,17929832,,3974440,4624940,4638556,4259340,,13301932,13449828,13463048,13492092,,5240,5240,5240,5240,,24906028,24370632,24381860,24737668
774,1,318,316,2,0,0,0,72346016,17114252,53324972,20960,98680040,,18259912,17996936,18122796,17966372,,3789004,4608648,4475032,4241568,,13116904,13433648,13299944,13474476,,5240,5240,5240,5240,,25028088,24396452,24481128,24774372
777,1,319,317,2,0,0,0,72532352,16947452,53159028,20960,98855720,,18285848,18098032,18167140,17981332,,3776092,4506604,4429152,4235604,,13104140,13331944,13254352,13468592,,5240,5240,5240,5240,,25059364,24465168,24541312,24789876
780,0,320,318,2,0,0,0,72805176,16640944,52853440,20960,99091164,,18308416,18183160,18184060,18129540,,3766700,4412332,4424956,4036956,,13094812,13238032,13250240,13270356,,5240,5240,5240,5240,,25080832,24547744,24556820,24905768
783,0,321,319,2,0,0,0,73041888,16383828,52597192,20960,99305508,,18343064,18210004,18210068,18278752,,3739012,4379444,4405036,3860336,,13067256,13205256,13230412,13094268,,5240,5240,5240,5240,,25116876,24580652,24583128,25024852
785,1,322,320,2,0,0,0,73141228,16305048,52519044,20960,99399088,,18369708,18237056,18230216,18304248,,3709056,4362040,4380952,3853000,,13037456,13187912,13206420,13087256,,5240,5240,5240,5240,,25132540,24606528,24604156,25055864
788,1,323,321,2,0,0,0,73478112,15915168,52130276,20960,99679236,,18530620,18346136,18266888,18334468,,3526496,4219504,4342532,3826636,,12855428,13045712,13168136,13061000,,5240,5240,5240,5240,,25270076,24682872,24640304,25085984
791,0,324,322,2,0,0,0,73712000,15665276,51881268,20960,99871528,,18541092,18413496,18395940,18361472,,3520300,4156492,4179060,3809424,,12849300,12983124,13004976,13043868,,5240,5240,5240,5240,,25285656,24749828,24724016,25112028
794,0,325,323,2,0,0,0,73835080,15567304,51783972,20960,100004832,,18563332,18429072,18443468,18399208,,3499636,4151516,4140848,3775304,,12828820,12978220,12967084,13009848,,5240,5240,5240,5240,,25296300,24770996,24788280,25149256
796,1,326,324,2,0,0,0,74186508,15196896,51414660,20960,100289620,,18734344,18465656,18572188,18414320,,3317544,4116916,3999996,3762440,,12647256,12943712,12826580,12997112,,5240,5240,5240,5240,,25444204,24807616,24873284,25164516
799,1,327,325,2,0,0,0,74415000,14948172,51166812,20960,100507496,,18739096,18480732,18620448,18574724,,3316356,4111500,3954368,3565948,,12646140,12938356,12781344,12800972,,5240,5240,5240,5240,,25454716,24823080,24937612,25292088
802,0,328,326,2,0,0,0,74574324,14785020,51004564,20960,100636188,,18753984,18574844,18643752,18601744,,3298672,3986704,3931056,3568588,,12628596,12813912,12758136,12803920,,5240,5240,5240,5240,,25470364,24882932,24959540,25323352
805,0,329,327,2,0,0,0,74776316,14584488,50804820,20960,100823540,,18803212,18671292,18674424,18627388,,3250456,3885304,3903644,3545084,,12580600,12712860,12730840,12780520,,5240,5240,5240,5240,,25506940,24977048,24990416,25349136
807,1,330,328,2,0,0,0,75103072,14205076,50426392,20960,101090104,,18958636,18675888,18805576,18662972,,3052016,3898020,3749216,3505824,,12382660,12725672,12576724,12741336,,5240,5240,5240,5240,,25638984,24987648,25077888,25385584
810,0,331,329,2,0,0,0,75333236,13963284,50185644,20960,101307724,,18976004,18706536,18851564,18799132,,3037004,3870992,3703932,3351356,,12367748,12698712,12531840,12587344,,5240,5240,5240,5240,,25661448,25018644,25139192,25488440
813,0,332,330,2,0,0,0,75507572,13779416,50002440,20960,101453040,,19001360,18802804,18862908,18840500,,3013056,3751572,3701812,3312976,,12343896,12579516,12529804,12549224,,5240,5240,5240,5240,,25687196,25081784,25149564,25534496
815,1,333,331,2,0,0,0,75703208,13591520,49815472,20960,101636928,,19037980,18893892,18909880,18861456,,2966896,3661028,3664616,3298980,,12297980,12489428,12492692,12535372,,5240,5240,5240,5240,,25713348,25171708,25196660,25555212
818,1,334,332,2,0,0,0,75958220,13305676,49530616,20960,101838412,,19180564,18964508,18920120,18893028,,2807800,3576244,3651528,3270104,,12139316,12405008,12479708,12506584,,5240,5240,5240,5240,,25833172,25211596,25207176,25586468
821,0,335,332,3,0,0,0,76268520,12962652,49188648,20960,102107516,,19201632,19070996,19075900,18919992,,2777700,3476208,3465420,3243324,,12109420,12305308,12294032,12479888,,5240,5240,5240,5240,,25859056,25320284,25315856,25612320
824,0,336,334,2,0,0,0,76511648,12683184,48910184,20960,102337928,,19244228,19088124,19104644,19074652,,2739048,3468760,3443948,3031428,,12070888,12297984,12272816,12268496,,5240,5240,5240,5240,,25902604,25341748,25360500,25733076
827,0,337,335,2,0,0,0,76620496,12573876,48801576,20960,102444920,,19274664,19114136,19129036,19102660,,2707132,3441884,3429932,2994928,,12039156,12271184,12258916,12232320,,5240,5240,5240,5240,,25924340,25367716,25386268,25766596
829,1,338,336,2,0,0,0,76938320,12229564,48458280,20960,102705432,,19409524,19134572,19155052,19239172,,2560572,3424780,3403264,2840948,,11893020,12254176,12232352,12078732,,5240,5240,5240,5240,,26034400,25388964,25412100,25869968
832,1,339,336,3,0,0,0,77122072,12040672,48270100,20960,102852512,,19404460,19162036,19275736,19279840,,2574316,3397668,3251564,2817124,,11906824,12227148,12080964,12055164,,5240,5240,5240,5240,,26034432,25414984,25488500,25914596
835,1,340,337,3,0,0,0,77271708,11863748,48093928,20960,102984500,,19405200,19265028,19305616,19295864,,2580260,3264088,3211176,2808224,,11912812,12093856,12040876,12046384,,5240,5240,5240,5240,,26034468,25485088,25534256,25930688
838,1,341,337,4,0,0,0,77338684,11809804,48045076,20960,103048756,,19414448,19310376,19304724,19309136,,2574812,3208996,3228984,2797012,,11907528,12039204,12058756,12039588,,5240,5240,5240,5240,,26034648,25534600,25534316,25945192
842,1,342,338,4,0,0,0,77411028,11619008,47921332,20960,103114448,,19445540,19310320,19345780,19309388,,2491180,3222072,3109696,2796060,,11848956,12052336,11981360,12038680,,5240,5240,5240,5240,,26059292,25534648,25575200,25945308
847,1,343,338,5,0,0,0,77439352,11595124,47899204,20960,103115156,,19437688,19354500,19338076,19309088,,2513244,3165020,3122296,2794564,,11871516,11995588,11994740,12037360,,5240,5240,5240,5240,,26059360,25534856,25575532,25945408
852,0,344,338,6,0,0,0,77471420,10618696,47868112,20960,104058104,,19437896,19346832,19337896,19348796,,2333852,3132756,2424172,2727916,,11873596,12001912,11998056,11994548,,5240,5240,5240,5240,,26241284,25571576,26277432,25967812
857,1,345,338,7,0,0,0,77482244,8221572,47641744,20960,106229352,,19450224,19346848,19340328,19344844,,1653124,2388612,1805252,2374584,,11844604,11940608,11946584,11909948,,5240,5240,5240,5240,,26891944,26255480,26844156,26237772
863,0,346,338,7,0,0,1,77529828,5298464,47468764,20960,108970592,,19456516,19347068,19380968,19345276,,400636,1776148,1370920,1750760,,11772052,11911312,11864452,11920948,,5240,5240,5240,5240,,28065040,26837892,27195848,26871812
868,0,347,338,8,0,0,1,77697112,4259880,47509636,20892,109962036,,19726056,19373808,19358124,19239124,,1139044,1180120,840920,1099796,,11759468,11807496,11935836,12006836,,5172,5240,5240,5240,,27319592,27329548,27795344,27517552
871,1,348,337,8,0,0,3,77850592,5266124,47484548,18820,109017988,,19742208,19341220,19398044,19369120,,373860,664580,1568260,2659424,,11836564,11955812,11787512,11904660,,3100,5240,5240,5240,,28159168,27991040,26920132,25947648
875,0,349,335,9,0,0,5,77982116,4889256,47578680,18624,109489204,,19756620,19403692,19440764,19381040,,350544,1594652,275596,2668464,,11815864,11889276,11936136,11937404,,2904,5240,5240,5240,,28165316,26993816,28360108,25969964
878,0,350,335,10,0,0,5,78497432,3870756,47379000,13516,110325812,,19693316,19611144,19779388,19413584,,350128,345300,1874576,1300752,,11832176,11896296,11869124,11781404,,2904,2428,2944,5240,,28181068,28267320,26698068,27179356
882,1,351,335,11,0,0,5,79216392,3015604,47555608,13364,111287228,,19668876,19928776,19947232,19671508,,1754108,558996,436952,265548,,11828072,11906456,11892788,11928292,,2908,2420,2948,5088,,26712628,28050676,28160328,28363596
886,0,352,335,12,0,0,5,78858536,9571648,47530196,11304,104584980,,19798404,19474956,19911312,19673864,,2257040,632272,4610860,2071476,,11769840,11967788,11938696,11853872,,2908,2424,2948,3024,,26212516,27847180,24036128,26489156
889,0,353,335,13,0,0,5,78943396,12428004,47568560,11304,101791252,,19817684,19466964,19942944,19715804,,4397040,2299456,4535104,1196404,,11820060,12043804,11910496,11794200,,2908,2424,2948,3024,,24122772,26282180,24083104,27303196
893,0,354,336,13,0,0,5,78918464,18662688,47358092,11304,95365368,,19880020,19369808,19982240,19686396,,2989004,8698240,3623388,3352056,,11693260,12091336,11715796,11857700,,2908,2424,2948,3024,,25401964,19952916,24798656,25211832
897,0,355,336,14,0,0,5,79229240,14251888,46772744,11304,99333272,,19873732,19627840,19974336,19753332,,317140,8444672,2667900,2822176,,11543796,11908604,11656652,11663692,,2908,2424,2948,3024,,27923312,20170008,25693372,25546580
901,0,356,336,15,0,0,5,79295324,11284732,46587720,11296,102112380,,19915244,19663716,19973920,19742444,,378532,6696308,1938836,2271056,,11733556,11428316,11655576,11770272,,2900,2424,2948,3024,,28048680,21439804,26421108,26202788
905,0,357,336,16,0,0,5,79121300,7608372,46508608,11296,105504568,,19921720,19657212,19974240,19568128,,384480,4802736,764932,1656224,,11719132,11403044,11654412,11732020,,2900,2424,2948,3024,,28025064,23304844,27593324,26581336
909,1,358,336,17,0,0,5,79064412,4536412,46401244,11152,108661924,,19904908,19703596,19674276,19781632,,669208,3121736,238796,506672,,11517316,11217740,11843976,11822212,,2900,2424,2948,2880,,27540192,24800136,28309016,28012580
913,1,359,335,18,0,0,6,79090952,5522604,46759424,11148,108043696,,19932704,19672596,19734492,19751160,,357936,4329192,241976,593500,,11719748,11445444,11791804,11802428,,2900,2424,2944,2880,,28071280,23819300,28249388,27903728
917,1,360,335,19,0,0,6,78978508,8373812,46947292,11148,105353080,,19943160,19702024,19676556,19656768,,365472,5095340,1462216,1450784,,11721456,11534376,11869152,11822308,,2900,2424,2944,2880,,28044152,23144008,27104700,27060220
921,1,361,334,20,0,0,7,78826204,14289636,46902368,11136,99205636,,19751724,19703864,19704464,19666152,,1265108,6719044,4299576,2005908,,11809780,11554588,11749048,11788952,,2888,2424,2944,2880,,27036220,21540516,24151212,26477688
925,1,362,333,21,0,0,8,79063272,14161320,46522956,11136,99155492,,19905756,19727364,19732448,19697704,,4599720,4950612,2565008,2045980,,11639000,11439008,11757768,11687180,,2888,2424,2944,2880,,23735700,23192668,25893100,26334024
929,0,363,332,22,0,0,9,79051920,8621028,46259760,11136,104538212,,20020748,19738732,19629936,19662504,,2383400,2808136,1825256,1604236,,11443596,11495424,11666412,11654328,,2888,2424,2944,2880,,25885516,25389120,26494824,26768752
932,1,364,332,23,0,0,9,79141284,6657144,46174024,11136,106497960,,19966012,19696292,19772912,19706068,,1215516,2014620,335408,3091600,,11436460,11382612,11769824,11585128,,2888,2424,2944,2880,,27041928,26064024,28126776,25265232
936,0,365,332,24,0,0,9,79339824,3598188,46673412,11124,109831876,,20004100,19772044,19842740,19720940,,2177680,506944,330388,583176,,11520464,11701356,11746744,11704848,,2888,2424,2932,2880,,26031496,27888404,28103760,27808216
940,0,366,332,25,0,0,9,79445836,8468524,46471016,11124,104943036,,20016472,19879260,19799752,19750352,,495500,5522920,1033684,1416420,,11575480,11477420,11729624,11688492,,2888,2424,2932,2880,,27760724,22837348,27387816,26957148
944,0,367,332,26,0,0,9,80368312,11245192,46021176,11124,101728004,,20026588,20863312,19705348,19773064,,442784,2968240,5750664,2083504,,11578712,11411460,11450820,11580184,,2888,2424,2932,2880,,27815380,25325860,22403028,26183736
948,0,368,332,27,0,0,9,81207404,5490996,45644144,11124,107294468,,20075516,21571076,19778896,19781916,,460396,2347768,1977656,705176,,11560220,11459128,11210948,11413848,,2888,2424,2932,2880,,27782096,25993460,25934036,27584876
952,0,369,333,27,0,0,9,81410528,10556072,45873352,11124,102130244,,20109460,21697432,19832888,19770748,,523804,6222896,3272300,537072,,11564096,11595920,11047360,11665976,,2888,2424,2932,2880,,27719312,22107880,24468920,27834132
956,0,370,334,27,0,0,9,80725112,8890232,45783952,11124,103845216,,19926884,21287204,19749344,19761680,,540640,3337016,4492948,519628,,11568964,11370004,11140136,11704848,,2888,2424,2932,2880,,27708656,24913660,23351692,27871208
960,0,371,334,28,0,0,9,79273612,5626948,45893224,11124,107209744,,19858436,19809168,19827784,19778224,,519420,2761252,1720952,625324,,11594940,11416672,11169416,11712196,,2888,2424,2932,2880,,27756224,25536492,26144568,27772460
965,0,372,334,29,0,0,9,79270784,4137420,46483152,11124,109108856,,19790840,19813328,19871072,19795544,,1238300,606800,1777808,514512,,11539948,11633992,11611292,11697920,,2888,2424,2932,2880,,26969784,27742348,26527820,27868904
969,1,373,334,29,0,0,10,79095332,8848348,45131936,11124,102879380,,19774416,19866164,19855420,19599332,,6179188,537308,1563284,568568,,11331460,11626028,10292640,11881808,,2888,2424,2932,2880,,21876328,27776336,25423988,27802728
974,0,374,334,29,1,0,10,79290496,11841080,45191720,11124,100037460,,19784080,19884976,19852092,19769348,,7112392,508704,3762440,457544,,11384248,11614124,10403284,11790064,,2888,2424,2932,2880,,20997836,27791220,23338616,27909788
978,0,375,333,31,0,0,11,79292120,10146368,45560420,11124,102014580,,19822996,19879480,19901036,19688608,,7869860,482336,743556,1050616,,11358236,11629524,10774836,11797824,,2888,2424,2932,2880,,20213860,27832272,26726532,27241916
982,0,376,333,31,1,0,11,79284064,14313156,46129336,11124,98611440,,19862412,19890384,19863884,19667384,,7208000,496652,750128,5858376,,11354064,11610940,11610724,11553608,,2888,2424,2932,2880,,20871556,27797500,27553148,22389236
986,0,377,333,33,0,0,11,79195564,14816316,46107196,11124,98093820,,19870368,19875292,19851592,19598312,,6235384,987952,310068,7282912,,11378556,11441716,11639456,11647468,,2888,2424,2932,2880,,21867328,27137480,28022460,21066552
990,1,378,334,34,0,0,10,79069200,19551476,46084244,11124,93278756,,19871156,19744196,19851684,19602164,,4312520,5382244,297700,9559012,,11252524,11567780,11640564,11623376,,2888,2424,2932,2880,,23663080,22815976,28029836,18769864
994,1,379,335,33,0,0,11,79124888,17425828,45425076,11124,94774456,,19862020,19772244,19815248,19675376,,2914440,5822840,246360,8442188,,11238080,11112028,11676984,11397984,,2888,2424,2932,2880,,25046584,21998404,28069388,19660080
999,1,380,336,33,0,0,11,79323956,18731072,45555752,11124,93644776,,19873728,19828408,19912460,19709360,,2100632,9857200,600712,6172528,,11274508,11556524,11553424,11171296,,2888,2424,2932,2880,,25895804,18412824,27633952,21702196
1003,0,381,336,34,0,0,11,79229828,15065212,45354312,11124,96926284,,19658316,19923476,19922176,19725860,,1409856,9395064,354116,3906176,,11329416,11555756,11608896,10860244,,2888,2424,2932,2880,,26445900,18873204,27953956,23653224
1006,1,382,335,35,0,0,12,79433152,16308336,45501712,11124,95981636,,19916528,19905340,19919060,19692224,,194552,7160196,2835144,6118444,,11384260,11523800,11449112,11144540,,2888,2424,2932,2880,,27878552,21073888,25299952,21729244
1010,1,383,335,36,0,0,12,79276880,13246880,45725560,11124,99121708,,19698228,19926680,19927240,19724732,,278984,5178316,2969956,4819624,,11399824,11511480,11252216,11562040,,2888,2424,2932,2880,,27665808,23042532,24970776,23442592
1014,1,384,337,35,0,0,12,79478440,13848084,45731416,11124,98672976,,19903132,19919032,19896972,19759304,,259256,2631564,7031440,3925824,,11492844,11432284,11458400,11347888,,2888,2424,2932,2880,,27918144,25509672,21124244,24120916
1018,1,385,337,36,0,0,12,79585044,11917572,44711016,11124,99587184,,19917700,19936596,19998300,19732448,,1122696,862436,3975356,5957084,,11422592,11423664,11160168,10704592,,2888,2424,2932,2880,,26985420,27267776,23884200,21449788
1023,1,386,337,36,1,0,12,79408452,11778128,44029004,11124,99205536,,19898800,19867388,19949068,19693196,,4073864,572840,2757792,4373632,,11130844,11569092,11132432,10196636,,2888,2424,2932,2880,,23744540,27690040,25067544,22703412
1027,1,387,337,38,0,0,12,79343536,15850596,44928112,11124,96035856,,19850208,19848696,19903684,19740948,,6022300,533332,2105272,7189692,,11267952,11589172,11293552,10777436,,2888,2424,2932,2880,,21935956,27746268,25882100,20471532
1032,0,388,337,38,1,0,12,79497108,18214416,44028324,11124,92781868,,19921464,19881900,19944636,19749108,,8580752,397944,1881532,7354188,,11304692,11529188,10261844,10932600,,2888,2424,2932,2880,,19423008,27819088,25074732,20465040
1036,1,389,337,38,1,0,13,79451956,17411344,44967720,11124,94517296,,19874092,19872720,19962916,19742228,,10416428,153144,1471452,5370320,,11472080,11481964,10652172,11361504,,2888,2424,2932,2880,,17760348,28009980,25875196,22871772
1041,1,390,338,40,0,0,12,79487408,13233652,44836752,11124,98735188,,19928744,19844384,19947412,19766868,,10204028,262352,1205148,1562124,,11395596,11334584,11120216,10986356,,2888,2424,2932,2880,,17896436,27925084,26608932,26304736
1045,1,391,338,41,0,0,12,79388944,16128908,44914792,11124,95947268,,19916812,19797376,19925340,19749416,,9692712,3989616,1753416,693164,,11371416,11420824,11274988,10847564,,2888,2424,2932,2880,,18383420,24115688,26414572,27033588
1049,1,392,338,42,0,0,12,79090300,19533376,45793096,11124,92839360,,19798944,19654912,19847124,19789320,,7311148,10677572,567268,977388,,11156244,11721420,11653308,11262124,,2888,2424,2932,2880,,20425472,17750572,27688472,26974844
1054,0,393,337,42,0,0,14,79125128,14718060,45547404,11124,97641620,,19917180,19613088,19817876,19776984,,3331600,8350416,2345876,690168,,11232824,11419792,11453308,11441480,,2888,2424,2932,2880,,24591396,19775980,25806668,27467576
1058,0,394,338,41,0,0,15,79085652,11819820,45879744,11124,100882976,,19926324,19599040,19775304,19784984,,230884,10448608,583800,556528,,11443696,11377888,11651336,11406824,,2888,2424,2932,2880,,27909696,17570448,27754252,27648580
1062,0,395,339,40,1,0,15,79068680,14013104,45858048,11124,98647352,,19897480,19695904,19738096,19737200,,1087320,9650988,2144200,1130596,,11455076,11762148,11492280,11148544,,2888,2424,2932,2880,,27050360,18818020,26036536,26742436
1066,1,396,339,42,0,0,15,79226764,13556512,44821212,11124,98198812,,19921296,19756696,19774700,19774072,,548920,6629144,2723880,3654568,,11459736,11269476,11265984,10826016,,2888,2424,2932,2880,,27594096,21345332,25249352,24010032
1070,1,397,339,43,0,0,15,79393576,9984032,45546728,11124,102381820,,19947188,19927144,19802088,19717156,,559120,6094936,2669540,660436,,11433316,11439932,11161092,11512388,,2888,2424,2932,2880,,27556860,22050224,25233412,27541324
1075,1,398,339,43,1,0,15,79429840,11237372,45116800,11124,100910332,,19964184,19914832,19805012,19745812,,619124,6033080,3824292,760876,,11411760,11350380,11063592,11291068,,2888,2424,2932,2880,,27475684,22022308,24004196,27408144
1080,1,399,339,45,0,0,15,79407864,9251056,45319168,11124,103141972,,19928712,19894616,19815308,19769228,,554436,3416696,4732684,547240,,11425028,11358368,11172380,11363392,,2888,2424,2932,2880,,27553376,24640372,23279508,27668716
1085,1,400,339,46,0,0,15,79345348,5255016,45881440,11124,107448548,,19944320,19898136,19843996,19658896,,515856,597628,568932,3572600,,11428276,11455400,11542260,11455504,,2888,2424,2932,2880,,27595232,27579036,27668324,24605956
1090,0,401,339,47,0,0,15,79483516,3790224,45682024,11124,108677588,,19936900,19922784,19837708,19786124,,531524,421408,1689268,1148024,,11428732,11468868,11406280,11378144,,2888,2424,2932,2880,,27580464,27734980,26442892,26919252
1095,0,402,339,47,1,0,15,79374024,3544860,45225240,11124,108481092,,19827760,19900772,19877820,19767672,,1356892,406444,564280,1217244,,11338184,11503680,11409812,10973564,,2888,2424,2932,2880,,26534864,27779856,27532600,26633772
1100,1,403,338,49,0,0,16,79247732,6399632,45384408,11124,105957900,,19656848,19913068,19876648,19801168,,3538900,401092,1396188,1063452,,11490288,11463116,11182980,11248024,,2888,2424,2932,2880,,24489940,27742276,26663460,27062224
1105,0,404,339,48,1,0,16,79000984,8509596,46009556,11124,103951292,,19457888,19912052,19857816,19773228,,6191932,612844,743428,961392,,11518492,11473216,11532948,11484900,,2888,2424,2932,2880,,21735496,27526516,27476544,27212736
1109,1,405,339,50,0,0,16,78875740,14587176,46466708,11124,98359732,,19347596,19892804,19870712,19764628,,10963332,550516,562352,2510976,,11965064,11494504,11536412,11470728,,2888,2424,2932,2880,,17418884,27625852,27665416,25649580
1113,1,406,339,51,0,0,16,78950176,22002352,46116364,11124,90806016,,19354856,19862436,19888076,19844808,,11009556,8730436,479400,1782960,,12011364,11416684,11491484,11196832,,2888,2424,2932,2880,,17419060,19388036,27706608,26292312
1117,1,407,338,52,0,0,17,78764828,22239400,45582644,11124,89873676,,19380484,19901696,19649440,19833208,,11088540,6226136,1773440,3151284,,12090484,11284020,11426652,10781488,,2888,2424,2932,2880,,17426784,21756756,26370568,24319568
1121,0,408,338,53,0,0,17,78967720,16991784,45917452,11124,95542272,,19459592,19893216,19824248,19790664,,11028608,3359644,472868,2130664,,12036812,11245760,11573484,11061396,,2888,2424,2932,2880,,17439072,24581336,27787552,25734312
1125,0,409,338,54,0,0,17,78951232,15006752,46473568,11124,97965156,,19459284,19917744,19760720,19813484,,11019548,486528,2394068,1106608,,12021840,11373064,11611304,11467360,,2888,2424,2932,2880,,17433296,27581884,25904464,27045512
1128,1,410,338,55,0,0,17,78547460,17239808,46917552,11124,96065624,,19365308,19846296,19553212,19782644,,11130672,537956,4339772,1231408,,12132944,11528892,11872556,11383160,,2888,2424,2932,2880,,17433400,27637788,24154900,26839536
1132,1,411,340,54,0,0,17,78593012,23346596,46566680,11124,89676640,,19372936,19897508,19489648,19832920,,11131156,522068,10937576,755796,,12133512,11459412,11962264,11011492,,2888,2424,2932,2880,,17438688,27619968,17674516,26943468
1135,1,412,340,55,0,0,17,78567724,23797984,46428768,11124,89113380,,19374628,19894360,19497760,19800976,,11130820,409996,10940920,1316248,,12133220,11427796,11965648,10902104,,2888,2424,2932,2880,,17438816,27715880,17684916,26273768
1139,0,413,340,56,0,0,17,78694072,23417896,46793044,11124,89859596,,19427648,19912048,19534436,19819940,,11073364,475852,10932456,936224,,12075920,11449124,11957344,11310656,,2888,2424,2932,2880,,17445480,27660368,17691224,27062524
1143,0,414,340,57,0,0,17,78782964,27721976,45914872,11124,84688288,,19452744,19897892,19607388,19824940,,11046976,4807736,10862184,1005080,,12049668,11044724,11893556,10926924,,2888,2424,2932,2880,,17446628,22927456,17704168,26610036
1146,1,415,340,58,0,0,17,78685560,30471324,45524288,11124,81573784,,19461844,19845544,19588164,19790008,,11036724,7043836,10838660,1552104,,12039472,11234736,11865244,10384836,,2888,2424,2932,2880,,17451904,20890904,17709780,25521196
1150,1,416,340,59,0,0,17,78655948,27623376,46085864,11124,84988832,,19464064,19870720,19523528,19797636,,11033308,4048144,10959144,1582780,,12036144,11270964,11984452,10794304,,2888,2424,2932,2880,,17452052,23922804,17713776,25900200
1154,1,417,340,60,0,0,17,78747052,26866264,45627428,11124,85297064,,19513812,19877404,19528604,19827232,,10977172,3614732,10953988,1320372,,11983736,10910880,11979408,10753404,,2888,2424,2932,2880,,17462176,23994188,17719088,26121612
1159,0,418,340,60,1,0,17,78578624,25084908,46233232,11124,88063484,,19386800,19860260,19542420,19789144,,11118572,1947640,10942872,1075824,,12121668,10960088,11972452,11179024,,2888,2424,2932,2880,,17458672,25894188,17729820,26980804
1162,0,419,340,62,0,0,17,78582168,24785352,46764452,11124,88711340,,19385904,19911892,19584688,19699684,,11118476,2195652,10896312,574912,,12121640,11132772,11926012,11584028,,2888,2424,2932,2880,,17463984,25818072,17733928,27695356
1166,0,420,340,63,0,0,17,78637468,26073324,46459396,11124,87122852,,19397692,19916540,19613372,19709864,,11106960,1277376,10864732,2824256,,12110236,11197876,11894580,11256704,,2888,2424,2932,2880,,17469748,26800396,17734076,25118632
1169,1,421,340,64,0,0,17,78604448,28271328,46499632,11124,84850524,,19415476,19964556,19619436,19604980,,11091180,2211604,10858408,4110136,,12094552,11146192,11888304,11370584,,2888,2424,2932,2880,,17470924,25643196,17734128,24002276
1173,0,422,340,64,1,0,17,78529948,36645064,46907468,11124,76896128,,19479164,19913220,19623464,19514100,,11021308,3959028,10855452,10809276,,12026816,11329700,11885376,11665576,,2888,2424,2932,2880,,17478304,24079452,17734152,17604220
1176,1,423,340,66,0,0,17,79558244,33518244,46925820,11124,79996736,,19485528,20939868,19671796,19461052,,11012952,784972,10799240,10921080,,12018632,11290956,11838960,11777272,,2888,2424,2932,2880,,17478500,27213572,17744092,17560572
1180,1,424,340,66,1,0,17,78460412,36215880,46712708,11124,77081592,,19495880,19897556,19556836,19510140,,10999980,3390056,10908668,10917176,,12005708,10987284,11938736,11780980,,2888,2424,2932,2880,,17484876,24288832,17734408,17573476
1184,1,425,340,66,2,0,17,78324816,35657680,46973572,11124,77908744,,19504792,19911128,19541748,19367148,,10992648,2649668,10931600,11083764,,11998456,11072776,11961552,11940788,,2888,2424,2932,2880,,17490892,25115904,17734216,17567732
1188,1,426,340,66,3,0,17,78477788,34018748,47176900,11124,79767692,,19511884,19967420,19545908,19452576,,10982616,1103744,10925556,11006832,,11988500,11369028,11955560,11863812,,2888,2424,2932,2880,,17493100,26972484,17734284,17567824
1192,1,427,340,66,4,0,17,78262024,35443624,46906584,11124,77889924,,19524128,19943096,19339424,19455376,,10972844,2324904,11140044,11005832,,11978812,10894900,12169992,11862880,,2888,2424,2932,2880,,17498352,25277808,17545784,17567980
1195,1,428,339,66,5,0,18,78307476,34721176,46586180,11124,78294028,,19529104,19937548,19382900,19457924,,10967180,1643960,11108864,11001172,,11973180,10615784,12138944,11858272,,2888,2424,2932,2880,,17499856,25679648,17546316,17568208
1199,0,429,339,66,6,0,18,78388844,35506136,46580260,11124,77509816,,19543540,19958292,19408736,19478276,,10952776,2496248,11079724,10977388,,11958868,10676952,12109872,11834568,,2888,2424,2932,2880,,17505112,24888844,17546448,17569412
1203,0,430,339,66,7,0,18,78379924,35593768,46809056,11124,77635612,,19584892,19947708,19414200,19433124,,10895084,2598340,11074112,11026232,,11901380,10920012,12104320,11883344,,2888,2424,2932,2880,,17511456,25029644,17547072,17547440
1206,0,431,339,66,8,0,18,78229716,35270168,47031256,11124,78181028,,19439888,19928052,19418152,19443624,,11063432,2118672,11068568,11019496,,12069544,10986176,12098840,11876696,,2888,2424,2932,2880,,17510900,25575376,17547188,17547564
1209,1,432,339,66,9,0,18,78290976,35089024,47260300,11124,78598392,,19441464,19977592,19423564,19448356,,11058916,1950008,11063072,11017028,,12065088,11227560,12093392,11874260,,2888,2424,2932,2880,,17517232,25985284,17548276,17547600
1213,0,433,339,66,10,0,18,78316296,34724440,47248224,11124,78956968,,19446192,19970192,19427812,19472100,,11058008,1619256,11057996,10989180,,12064248,11242416,12088360,11853200,,2888,2424,2932,2880,,17522420,26331540,17548388,17554620
1216,1,434,339,66,11,0,18,78332012,34353276,47165800,11124,79252528,,19472844,19954552,19434428,19470188,,11029304,1320564,11049888,10953520,,12035660,11238060,12080316,11811764,,2888,2424,2932,2880,,17522612,26625184,17550600,17554132
1220,1,435,339,66,12,0,18,78334812,33868508,47203692,11124,79762292,,19533768,19946136,19437908,19417000,,10963748,803372,11049260,11052128,,11970324,11240968,12079740,11912660,,2888,2424,2932,2880,,17528004,27126560,17551552,17556176
1223,1,436,339,66,13,0,18,78249020,33714724,47351840,11124,80075820,,19537228,19835912,19451792,19424088,,10961548,720448,10989140,11043588,,11968164,11459668,12019816,11904192,,2888,2424,2932,2880,,17529192,27436308,17552052,17558268
1229,1,437,339,66,14,0,18,77954800,33661080,47801204,11124,80487616,,19548752,19638944,19339668,19427436,,10948840,520600,11153404,11038236,,11955536,11762908,12183872,11898888,,2888,2424,2932,2880,,17534568,27842612,17551896,17558540
1232,0,438,339,66,15,0,18,77950864,37599160,47766772,11124,76497472,,19551484,19620540,19338484,19440356,,10944808,4477640,11152856,11023856,,11951556,11747224,12183388,11884604,,2888,2424,2932,2880,,17534656,23852132,17552004,17558680
1235,0,439,339,66,16,0,18,77814008,43967328,47798604,11124,70144852,,19554056,19471500,19340472,19447980,,10941840,10855968,11153052,11016468,,11948636,11789064,12183624,11877280,,2888,2424,2932,2880,,17534780,17499188,17552052,17558832
1238,0,440,339,66,17,0,18,77827672,43978104,47809572,11124,70150372,,19556516,19471836,19342308,19457012,,10941720,10875756,11152756,11007872,,11948592,11808880,12183384,11868716,,2888,2424,2932,2880,,17534908,17499236,17552184,17564044
1240,1,441,339,66,18,0,18,77853884,43991904,47824064,11124,70151424,,19561704,19474512,19354148,19463520,,10933380,10919488,11138040,11000996,,11940288,11852636,12168712,11862428,,2888,2424,2932,2880,,17535108,17499328,17552312,17564676
1243,0,442,339,66,19,0,18,77961272,43933664,47776844,11124,70164916,,19566140,19515912,19413024,19466196,,10931608,10931304,11071832,10998920,,11938540,11875256,12102660,11860388,,2888,2424,2932,2880,,17536080,17510356,17553740,17564740
1246,0,443,339,66,20,0,18,77981024,43914748,47749896,11124,70160868,,19568376,19524568,19419092,19468988,,10929596,10923024,11066504,10995624,,11936580,11858776,12097388,11857152,,2888,2424,2932,2880,,17537244,17502420,17555300,17565904
1248,1,444,339,66,21,0,18,77942072,44043844,47881168,11124,70164312,,19570784,19475848,19422984,19472456,,10927316,11064768,11061536,10990224,,11934356,12002492,12092480,11851840,,2888,2424,2932,2880,,17537316,17504644,17555360,17566992
1251,0,445,339,66,22,0,18,77946432,44045680,47883172,11124,70164532,,19572276,19473968,19426268,19473920,,10927480,11065492,11061908,10990800,,11934568,12003256,12092896,11852452,,2888,2424,2932,2880,,17537364,17504692,17555420,17567056
1254,0,446,339,66,23,0,18,77954828,44041036,47878716,11124,70164772,,19572728,19476676,19429900,19475524,,10925360,11067200,11058336,10990140,,11932508,12005016,12089364,11851828,,2888,2424,2932,2880,,17537424,17504752,17555452,17567144
1256,1,447,339,66,24,0,18,77967896,44029256,47867084,11124,70171116,,19573332,19479904,19438164,19476496,,10922984,11070368,11046268,10989636,,11930160,12008236,12077340,11851348,,2888,2424,2932,2880,,17537528,17505716,17560644,17567228
1259,0,448,339,66,25,0,18,77978268,44018540,47856540,11124,70173284,,19575852,19482824,19441168,19478424,,10921184,11066772,11043588,10986996,,11928400,12004676,12074692,11848772,,2888,2424,2932,2880,,17537600,17506752,17560744,17568188
1262,0,449,339,66,26,0,18,77998268,43996916,47835144,11124,70181296,,19576856,19490992,19445528,19484892,,10920216,11058364,11040616,10977720,,11927480,11996328,12071772,11839564,,2888,2424,2932,2880,,17538748,17507128,17561912,17573508
1264,1,450,339,66,27,0,18,78015276,43977932,47816648,11124,70182824,,19578408,19499564,19447916,19489388,,10918248,11051344,11039352,10968988,,11925560,11989368,12070556,11831164,,2888,2424,2932,2880,,17539804,17507220,17561956,17573844
1267,0,451,339,66,28,0,18,78012460,43975140,47814168,11124,70185252,,19569844,19502608,19452444,19487564,,10922136,11048248,11033388,10971368,,11929492,11986320,12064628,11833728,,2888,2424,2932,2880,,17540012,17507300,17563840,17574100
1270,0,452,339,66,29,0,18,78022592,43971872,47811044,11124,70185588,,19572048,19509760,19452532,19488252,,10920772,11045944,11034080,10971076,,11928188,11984048,12065332,11833476,,2888,2424,2932,2880,,17540180,17507336,17563928,17574144
1272,1,453,339,66,30,0,18,78073708,43908264,47756160,11124,70195824,,19574340,19513456,19456356,19529556,,10914708,11038768,11027008,10927780,,11922172,11977252,12058740,11797996,,2888,2424,2932,2880,,17540256,17508052,17565428,17582088
1275,0,454,339,66,31,0,18,77954232,44042628,47887260,11124,70194960,,19575048,19542128,19456684,19380372,,10915384,11009072,11029736,11088436,,11923412,11951296,12061528,11951024,,2888,2424,2932,2880,,17541836,17512060,17565556,17575508
1278,0,455,339,66,32,0,18,77963040,43978036,47819152,11124,70194572,,19533000,19528276,19456108,19445656,,10952164,10978632,11026532,11020708,,11960160,11917300,12058400,11883292,,2888,2424,2932,2880,,17541872,17510540,17566756,17575404
1281,0,456,339,66,33,0,18,77855316,44140180,47981356,11124,70195772,,19471628,19485444,19456088,19442156,,11020960,11070376,11026220,11022624,,12028900,12009056,12058132,11885268,,2888,2424,2932,2880,,17541940,17510508,17566828,17576496
1283,1,457,339,66,34,0,18,77858008,44136180,47977496,11124,70197264,,19473568,19482216,19457612,19444612,,11020480,11068732,11024716,11022252,,12028480,12007420,12056652,11884944,,2888,2424,2932,2880,,17543168,17510636,17566912,17576548
1286,1,458,339,66,35,0,18,77869036,44110280,47951800,11124,70204920,,19476144,19481408,19457276,19454208,,11009052,11068848,11022600,11009780,,12017112,12007596,12054576,11872516,,2888,2424,2932,2880,,17543320,17510736,17567036,17583828
1289,0,459,339,66,36,0,18,77870056,44099056,47945812,11124,70211624,,19522948,19485296,19395208,19466604,,10961320,11073276,11071540,10992920,,11974576,12012052,12103472,11855712,,2888,2424,2932,2880,,17548860,17511812,17566996,17583956
1292,0,460,339,66,37,0,18,78136504,43789604,47636848,11124,70308836,,19730852,19487964,19443148,19474540,,10691196,11070612,11041124,10986672,,11704640,12009456,12073236,11849516,,2888,2424,2932,2880,,17643592,17512892,17567212,17585140
1295,0,461,339,66,38,0,18,78411264,43362296,47318860,11124,70512160,,19978016,19503316,19447780,19482152,,10290096,11055404,11035068,10981728,,11412644,11994332,12067228,11844656,,2888,2424,2932,2880,,17844200,17513208,17569420,17585332
1298,1,462,339,66,39,0,18,78380496,42833292,47317460,11124,71039804,,19935292,19507124,19450504,19487576,,9771460,11051036,11032560,10978236,,11421504,11990008,12064752,11841196,,2888,2424,2932,2880,,18371704,17513272,17569460,17585368
1301,1,463,339,66,40,0,18,78300512,41178192,47051872,11124,72430284,,19916968,19512584,19380372,19490588,,8049192,11044676,11109464,10974860,,11088712,11983704,12141596,11837860,,2888,2424,2932,2880,,19761080,17514372,17569420,17585412
1305,0,464,339,66,41,0,18,78282200,39279152,46777100,11124,74056796,,19909628,19516396,19361256,19494920,,6148748,11040720,11119116,10970568,,10812368,11979812,12151292,11833628,,2888,2424,2932,2880,,21385276,17514484,17570508,17586528
1308,0,465,339,66,42,0,18,78297732,37168076,46286080,11124,75682152,,19909248,19520264,19365428,19502792,,4045360,11036956,11125080,10960680,,10328876,11976104,12157308,11823792,,2888,2424,2932,2880,,23004884,17514624,17570592,17592052
1311,1,466,339,66,43,0,18,78326320,36176344,46179632,11124,76567108,,19924228,19520616,19377668,19503808,,3068176,11037776,11110404,10959988,,10236800,11976996,12142684,11823152,,2888,2424,2932,2880,,23889500,17514704,17570680,17592224
1314,1,467,339,66,44,0,18,78406176,35500060,46266404,11124,77330648,,19958412,19523784,19417372,19506608,,2438472,11034720,11069620,10957248,,10369920,11973980,12102036,11820468,,2888,2424,2932,2880,,24650648,17515756,17570912,17593332
1317,1,468,339,66,45,0,18,78440048,34662680,46226200,11124,78126872,,19968460,19525168,19439924,19506496,,1633592,11030308,11043588,10955192,,10361996,11969604,12076144,11818456,,2888,2424,2932,2880,,25446644,17515796,17571052,17593380
1321,0,469,339,66,46,0,18,78448560,33595292,46211944,11124,79179140,,19972712,19526216,19442720,19506912,,577364,11020376,11042280,10955272,,10358732,11959732,12074896,11818584,,2888,2424,2932,2880,,26498608,17515888,17571176,17593468
1324,0,470,339,66,47,0,18,78538532,33792344,47217424,11124,79966556,,19970160,19575516,19485680,19507176,,885308,10964840,10989340,10952856,,11469512,11904384,12027308,11816220,,2888,2424,2932,2880,,27275012,17521328,17576660,17593556
1327,0,471,339,66,48,0,18,78045704,34244048,47347320,11124,79452228,,19763804,19394700,19373264,19513936,,1039652,11141968,11117580,10944848,,11307120,12081376,12150540,11808284,,2888,2424,2932,2880,,26760500,17521216,17571700,17598812
1330,1,472,338,66,49,0,19,78098316,38566952,47433448,11124,75219284,,19724256,19494948,19365108,19514004,,5434000,11060368,11124668,10947916,,11464720,11999972,12157372,11811384,,2888,2424,2932,2880,,22527512,17521568,17571340,17598864
1333,1,473,338,66,50,0,19,77983336,43908808,47771368,11124,70228020,,19618132,19491668,19359276,19514260,,10775496,11058024,11128848,10946440,,11802128,11997668,12161616,11809956,,2888,2424,2932,2880,,17534028,17521656,17572424,17599912
1336,0,474,338,66,51,0,19,77963308,43932532,47795224,11124,70229404,,19622968,19493676,19360032,19486632,,10777112,11055928,11131576,10967916,,11803792,11995608,12164396,11831428,,2888,2424,2932,2880,,17535244,17521736,17572516,17599908
1339,0,475,338,66,52,0,19,77706000,44220580,48083408,11124,70045856,,19352956,19502744,19366152,19484148,,11063868,11049420,11126908,10980384,,12090472,11989164,12159776,11843996,,2888,2424,2932,2880,,17350440,17522812,17572568,17600036
1341,1,476,338,66,53,0,19,77749932,44199752,48062828,11124,70048500,,19352476,19510840,19398596,19488020,,11096588,11038732,11088192,10976240,,12123216,11978536,12121164,11839912,,2888,2424,2932,2880,,17350492,17523984,17572700,17601324
1344,0,477,338,66,54,0,19,77790896,44178596,48041920,11124,70049816,,19353816,19515708,19431516,19489856,,11114792,11034988,11052956,10975860,,12141464,11974840,12086048,11839568,,2888,2424,2932,2880,,17350548,17525036,17572836,17601396
1347,0,478,338,66,55,0,19,77808624,44168272,48031768,11124,70056236,,19355768,19518944,19436524,19497388,,11121940,11033176,11049224,10963932,,12148652,11973060,12082364,11827692,,2888,2424,2932,2880,,17350656,17525144,17573844,17606592
1349,1,479,338,66,56,0,19,77813732,44174636,48040328,11124,70058604,,19358388,19527652,19441588,19486104,,11133140,11027244,11045012,10969240,,12159884,11969220,12078212,11833012,,2888,2424,2932,2880,,17350720,17527344,17573904,17606636
1352,0,480,338,66,57,0,19,77816832,44166276,48032144,11124,70059808,,19360112,19531400,19445168,19480152,,11130476,11024904,11040988,10969908,,12157280,11966924,12074224,11833716,,2888,2424,2932,2880,,17350812,17528320,17573952,17606724
1355,0,481,338,66,58,0,19,77827488,44161556,48027616,11124,70061268,,19362200,19534600,19447012,19483676,,11127748,11021972,11038600,10973236,,12154612,11964036,12071852,11837116,,2888,2424,2932,2880,,17350872,17529388,17574020,17606988
1358,0,482,338,66,59,0,19,77844304,44146896,48013124,11124,70066800,,19365652,19541124,19448804,19488724,,11125684,11014924,11037368,10968920,,12152548,11957044,12070676,11832856,,2888,2424,2932,2880,,17350988,17534668,17574076,17607068
1360,1,483,338,66,60,0,19,77862732,44126612,47993000,11124,70067412,,19367356,19543152,19454328,19497896,,11125300,11012536,11029476,10959300,,12152228,11954660,12062824,11823288,,2888,2424,2932,2880,,17351048,17534912,17574232,17607220
1363,0,484,338,66,61,0,19,77886688,44098940,47965488,11124,70073832,,19370752,19544632,19456380,19514924,,11121432,11010200,11025920,10941388,,12148384,11952364,12059308,11805432,,2888,2424,2932,2880,,17352176,17534948,17574296,17612412
1365,1,485,338,66,62,0,19,77895276,44098440,47965212,11124,70075016,,19372740,19545608,19459620,19517308,,11127672,11009780,11021984,10939004,,12154660,11952008,12055440,11803104,,2888,2424,2932,2880,,17353156,17535020,17574372,17612468
1368,1,486,338,66,63,0,19,77908528,44074204,47947488,11124,70081924,,19373080,19546816,19459816,19528816,,11125944,11008476,11021136,10918648,,12152984,11950776,12054624,11789104,,2888,2424,2932,2880,,17353396,17535164,17574436,17618928
1371,0,487,338,66,64,0,19,77772088,44232096,48102328,11124,70080972,,19369272,19547824,19463040,19391952,,11128612,11007728,11019592,11076164,,12155680,11950080,12053116,11943452,,2888,2424,2932,2880,,17354580,17535212,17575448,17615732
1376,0,488,338,66,65,0,19,77804684,44173400,48043772,11124,70088632,,19299196,19549424,19466304,19489760,,11180720,11001928,11018128,10972624,,12207552,11944332,12051736,11840152,,2888,2424,2932,2880,,17354580,17536420,17576520,17621112
1379,0,489,338,66,66,0,19,77810632,44170344,48040892,11124,70096236,,19299876,19550760,19472576,19487420,,11180684,11003408,11010416,10975836,,12207564,11945860,12044072,11843396,,2888,2424,2932,2880,,17354628,17536540,17582848,17622220
1381,1,490,338,66,67,0,19,77821468,44167348,48038116,11124,70103792,,19299728,19557384,19474136,19490220,,11186728,10996100,11010080,10974440,,12213644,11938636,12043768,11842068,,2888,2424,2932,2880,,17354720,17542688,17583056,17623328
1384,0,491,338,66,68,0,19,77833372,44166324,48037264,11124,70106096,,19306320,19557700,19475360,19493992,,11192132,10995452,11007796,10970944,,12219084,11938032,12041516,11838632,,2888,2424,2932,2880,,17355676,17542776,17583184,17624460
1386,1,492,338,66,69,0,19,77863516,44134704,48005928,11124,70108532,,19328208,19558024,19476068,19501216,,11170036,10995168,11008412,10961088,,12197132,11937776,12042172,11828848,,2888,2424,2932,2880,,17356808,17542868,17584288,17624568
1389,1,493,338,66,70,0,19,77722012,44273720,48144912,11124,70108596,,19358244,19436828,19413480,19513460,,11134516,11124236,11067268,10947700,,12161700,12066716,12100972,11815524,,2888,2424,2932,2880,,17356912,17542808,17584236,17624640
1392,0,494,338,66,71,0,19,77867312,44117308,47988888,11124,70115504,,19357960,19525444,19460976,19522932,,11128480,11030960,11022768,10935100,,12155704,11973616,12056620,11802948,,2888,2424,2932,2880,,17357024,17543184,17584500,17630796
1395,0,495,338,66,72,0,19,77873304,44132868,48004680,11124,70118060,,19353288,19529532,19462176,19528308,,11148328,11026468,11024096,10933976,,12175580,11969196,12058004,11801900,,2888,2424,2932,2880,,17357092,17545356,17584552,17631060
1397,1,496,338,66,73,0,19,77859412,44134416,48006364,11124,70118308,,19330832,19531496,19463684,19533400,,11159228,11025888,11022292,10927008,,12186508,11968632,12056236,11794988,,2888,2424,2932,2880,,17357148,17545420,17584596,17631144
1400,0,497,338,66,74,0,19,77842652,44138520,48010604,11124,70119864,,19350124,19520416,19436880,19535232,,11145712,11028272,11038300,10926236,,12173040,11971032,12072244,11794288,,2888,2424,2932,2880,,17358468,17545476,17584592,17631328
1403,0,498,338,66,75,0,19,77792148,44185656,48057836,11124,70121784,,19353008,19523012,19376448,19539680,,11147628,11027720,11088572,10921736,,12175020,11970512,12122484,11789820,,2888,2424,2932,2880,,17358576,17545512,17585316,17632380
1405,1,499,338,66,76,0,19,77810360,44182456,48054760,11124,70129056,,19358520,19526324,19378252,19547264,,11143456,11028016,11096472,10914512,,12170880,11970836,12130420,11782624,,2888,2424,2932,2880,,17359636,17545536,17586360,17637524
1408,0,500,338,66,77,0,19,77821744,44174416,48046932,11124,70129320,,19362976,19532064,19379228,19547476,,11140708,11022804,11097536,10913368,,12168176,11965688,12131532,11781536,,2888,2424,2932,2880,,17359696,17545604,17586420,17637600
1411,0,501,338,66,78,0,19,77847232,44149880,48022636,11124,70130708,,19365844,19539712,19392388,19549288,,11138728,11011680,11088792,10910680,,12166236,11954636,12122860,11778904,,2888,2424,2932,2880,,17359736,17545812,17586512,17638648
1413,1,502,338,66,79,0,19,77873592,44135520,48008492,11124,70132144,,19368524,19547840,19406624,19550604,,11136808,11008728,11080112,10909872,,12164364,11951744,12114232,11778152,,2888,2424,2932,2880,,17359820,17545892,17586604,17639828
1416,1,503,338,66,80,0,19,77923344,44085300,47958556,11124,70138660,,19371056,19554480,19445080,19552728,,11134692,11002060,11040564,10907984,,12162316,11945092,12074832,11776316,,2888,2424,2932,2880,,17360868,17551136,17586784,17639872
1419,0,504,338,66,81,0,19,77943128,44054592,47928228,11124,70139168,,19375008,19558140,19457144,19552836,,11129612,10987948,11030164,10906868,,12157276,11931208,12064508,11775236,,2888,2424,2932,2880,,17360904,17551500,17586848,17639916
1422,0,505,338,66,82,0,19,77960780,43993352,47867112,11124,70144536,,19377632,19564556,19459876,19558716,,11127528,10940280,11026656,10898888,,12155232,11883520,12061056,11767304,,2888,2424,2932,2880,,17360944,17551580,17586904,17645108
1424,1,506,338,66,83,0,19,77878516,44127556,48001288,11124,70146760,,19378240,19476580,19463840,19559856,,11125352,11083028,11021776,10897400,,12153076,12026124,12056216,11765872,,2888,2424,2932,2880,,17361128,17551460,17588964,17645208
1427,1,507,338,66,84,0,19,77931024,44069616,47943676,11124,70148224,,19379108,19525464,19465856,19560596,,11123504,11029232,11021528,10895352,,12151280,11972500,12056000,11763896,,2888,2424,2932,2880,,17361276,17552660,17589008,17645280
1430,0,508,338,66,85,0,19,77940812,44054176,47928416,11124,70158764,,19380472,19526768,19472604,19560968,,11122792,11026912,11011116,10893356,,12150608,11970244,12045628,11761936,,2888,2424,2932,2880,,17361328,17557876,17594248,17645312
1432,1,509,338,66,86,0,19,77951084,44048056,47926548,11124,70163044,,19378692,19533936,19476520,19561936,,11123132,11019556,11007612,10897756,,12151012,11967012,12042172,11766352,,2888,2424,2932,2880,,17361380,17562000,17594292,17645372
1435,1,510,338,66,87,0,19,77837840,44157416,48037936,11124,70170440,,19379340,19535928,19480028,19442544,,11122508,11015988,11003136,11015784,,12150436,11963468,12037760,11886272,,2888,2424,2932,2880,,17361440,17562032,17594464,17652504
1438,0,511,338,66,88,0,19,77944096,44053888,47934880,11124,70170984,,19380112,19544448,19482352,19537184,,11123816,11002420,10999740,10927912,,12151776,11949976,12034408,11798720,,2888,2424,2932,2880,,17361464,17562192,17594512,17652816
1440,1,512,338,66,89,0,19,77958276,44037440,47918660,11124,70172208,,19381360,19551988,19485584,19539344,,11121904,10992296,10998980,10924260,,12149900,11939936,12033684,11795140,,2888,2424,2932,2880,,17361504,17562276,17595524,17652904
1443,1,513,338,66,90,0,19,77959804,44038200,47919596,11124,70172564,,19374356,19555596,19487560,19542292,,11120332,10997616,10997180,10923072,,12148360,11945328,12031916,11793992,,2888,2424,2932,2880,,17361532,17562348,17595732,17652952
1446,0,514,338,66,91,0,19,77941680,44045992,47927508,11124,70174960,,19351248,19563876,19488516,19538040,,11147168,10990500,10995336,10912988,,12175200,11938236,12030140,11783932,,2888,2424,2932,2880,,17362712,17563368,17595884,17652996
1449,0,515,338,66,92,0,19,77901696,44086912,47968452,11124,70189384,,19305684,19573628,19490584,19531800,,11191152,10982488,10993344,10919928,,12219100,11930260,12028204,11790888,,2888,2424,2932,2880,,17363584,17569504,17597096,17659200
1451,1,516,338,66,93,0,19,77884328,44100556,47982276,11124,70189792,,19303496,19575664,19472528,19532640,,11185992,10978100,11012408,10924056,,12213980,11925932,12047300,11795064,,2888,2424,2932,2880,,17363732,17569616,17597176,17659268
1454,0,517,338,66,94,0,19,77885940,44115124,47997052,11124,70190084,,19297100,19576992,19475316,19536532,,11206372,10976628,11011664,10920460,,12234376,11924528,12046608,11791540,,2888,2424,2932,2880,,17363808,17569692,17597248,17659336
1457,0,518,338,66,95,0,19,77900500,44108108,47990208,11124,70191740,,19303824,19577948,19476204,19542524,,11204936,10977032,11008180,10917960,,12233004,11924968,12043156,11789080,,2888,2424,2932,2880,,17363940,17569836,17597376,17660588
1460,0,519,338,66,96,0,19,77918632,44090440,47972756,11124,70192076,,19313584,19579072,19477228,19548748,,11194232,10975968,11009072,10911168,,12222392,11923936,12044108,11782320,,2888,2424,2932,2880,,17364032,17569888,17597460,17660696
1462,1,520,338,66,97,0,19,77974624,44026684,47909308,11124,70193640,,19351540,19581732,19478496,19562856,,11148020,10974104,11008096,10896464,,12176316,11922104,12043180,11767708,,2888,2424,2932,2880,,17364228,17570008,17597544,17661860
1465,1,521,338,66,98,0,19,77989552,44004476,47890572,11124,70197356,,19360812,19583124,19481348,19564268,,11134888,10969508,11003792,10896288,,12166492,11917576,12038932,11767572,,2888,2424,2932,2880,,17367720,17570092,17597628,17661916
1468,0,522,338,66,99,0,19,77881132,44124056,48007184,11124,70194512,,19245268,19584980,19483564,19567320,,11259016,10968000,11000148,10896892,,12287380,11916176,12035364,11768264,,2888,2424,2932,2880,,17364448,17570284,17597772,17662008
1473,0,523,338,66,100,0,19,77898488,44094576,47977688,11124,70198904,,19284164,19587536,19458464,19568324,,11221620,10962680,11014940,10895336,,12249940,11910884,12050124,11766740,,2888,2424,2932,2880,,17366580,17572516,17597760,17662048
1476,0,524,338,66,101,0,19,77856580,44140548,48023784,11124,70205180,,19281204,19593872,19412016,19569488,,11224536,10961036,11059688,10895288,,12252920,11909296,12094852,11766716,,2888,2424,2932,2880,,17366652,17577764,17598692,17662072
1479,0,525,338,66,102,0,19,77846896,44154472,48037844,11124,70207432,,19283092,19594680,19399180,19569944,,11226816,10958828,11074012,10894816,,12255240,11907124,12109216,11766264,,2888,2424,2932,2880,,17367836,17578732,17598744,17662120
1481,1,526,338,66,103,0,19,77866248,44138668,48022316,11124,70213772,,19294136,19595572,19405404,19571136,,11215136,10956928,11075788,10890816,,12243640,11905312,12111040,11762324,,2888,2424,2932,2880,,17367916,17579788,17603908,17662160
1484,1,527,338,66,104,0,19,77851372,44142916,48026800,11124,70220264,,19336932,19531024,19410652,19572764,,11170652,11012108,11069356,10890800,,12199284,11960516,12104656,11762344,,2888,2424,2932,2880,,17369168,17584940,17603960,17662196
1487,1,528,338,66,105,0,19,77947400,44065188,47949388,11124,70221552,,19362548,19567496,19443344,19574012,,11142932,10987068,11046384,10888804,,12171668,11935528,12081804,11760388,,2888,2424,2932,2880,,17370172,17585056,17604092,17662232
1490,0,529,338,66,106,0,19,77974564,44039144,47923520,11124,70224908,,19367940,19569536,19462060,19575028,,11139028,10986564,11024328,10889224,,12167824,11935028,12059812,11760856,,2888,2424,2932,2880,,17371328,17585184,17606108,17662288
1493,0,530,338,66,107,0,19,77804256,44189012,48077588,11124,70050020,,19371976,19574216,19490148,19367916,,11136020,10981288,10983972,11087732,,12164852,11929812,12023700,11959224,,2888,2424,2932,2880,,17371404,17586320,17610456,17481840
1496,0,531,338,66,108,0,19,77718612,44287656,48172288,11124,70047284,,19370236,19575860,19524752,19247764,,11134472,10978548,10945840,11228796,,12163360,11927152,11981568,12100208,,2888,2424,2932,2880,,17371460,17586404,17607568,17481852
1498,1,532,337,66,109,0,20,77643800,44368080,48252812,11124,70053456,,19372456,19575892,19353900,19341552,,11133044,10970888,11129868,11134280,,12161992,11919560,12165392,12005868,,2888,2424,2932,2880,,17371520,17591604,17607112,17483220
1501,1,533,337,66,110,0,20,77688660,44312868,48197840,11124,70055076,,19376720,19570912,19397064,19343964,,11128516,10964416,11089400,11130536,,12157516,11913112,12125036,12002176,,2888,2424,2932,2880,,17371580,17591632,17608428,17483436
1504,0,534,337,66,111,0,20,77704916,44306628,48191744,11124,70060424,,19380848,19581212,19395200,19347656,,11124576,10964744,11091248,11126060,,12153628,11913464,12126908,11997744,,2888,2424,2932,2880,,17371644,17596796,17608456,17483528
1507,0,535,337,66,112,0,20,77715328,44304780,48190088,11124,70061728,,19382540,19585796,19397620,19349372,,11123132,10964760,11091008,11125880,,12152228,11913508,12126732,11997620,,2888,2424,2932,2880,,17371700,17596816,17609600,17483612
1509,1,536,337,66,113,0,20,77732476,44293496,48179000,11124,70067168,,19384316,19592500,19403724,19351936,,11122884,10960748,11087076,11122788,,12152016,11909540,12122852,11994592,,2888,2424,2932,2880,,17371816,17602004,17609668,17483680
1512,0,537,337,66,114,0,20,77794840,44224848,48110724,11124,70074792,,19386788,19610660,19442440,19354952,,11118472,10939164,11047712,11119500,,12147664,11888072,12083636,11991352,,2888,2424,2932,2880,,17372880,17607232,17610920,17483760
1515,0,538,337,66,115,0,20,77831272,44187480,48073596,11124,70077300,,19389108,19612448,19469052,19360664,,11116828,10940628,11017376,11112648,,12146072,11889588,12053396,11984540,,2888,2424,2932,2880,,17374092,17607280,17611016,17484912
1517,1,539,337,66,116,0,20,77841688,44174948,48061212,11124,70078456,,19389356,19614604,19473500,19364228,,11115780,10938460,11013164,11107544,,12145072,11887436,12049220,11979484,,2888,2424,2932,2880,,17374204,17608232,17611056,17484964
1520,1,540,337,66,117,0,20,77859196,44160192,48048708,11124,70090996,,19391188,19628000,19477772,19362236,,11114236,10925028,11008944,11111984,,12143576,11876092,12045068,11983972,,2888,2424,2932,2880,,17374248,17620632,17611112,17485004
1523,0,541,337,66,118,0,20,77858968,44139656,48032440,11124,70097716,,19392856,19629420,19481132,19355560,,11111260,10925664,11006428,11096304,,12140644,11876776,12042596,11972424,,2888,2424,2932,2880,,17374328,17620780,17612316,17490292
1525,1,542,337,66,119,0,20,77871384,44124944,48017948,11124,70103284,,19393800,19636144,19483384,19358056,,11112456,10916652,11002016,11093820,,12141888,11867828,12038236,11969996,,2888,2424,2932,2880,,17374524,17626020,17612392,17490348
1528,1,543,337,66,120,0,20,77877752,44119120,48012308,11124,70104588,,19393956,19637404,19486604,19359788,,11111320,10913200,10999516,11095084,,12140800,11864424,12035776,11971308,,2888,2424,2932,2880,,17374592,17626176,17612436,17491384
1531,0,544,337,66,121,0,20,77891140,44106068,47999436,11124,70111060,,19395212,19645228,19490768,19359932,,11108276,10906680,10994652,11096460,,12137804,11857956,12030940,11972736,,2888,2424,2932,2880,,17374636,17632504,17612468,17491452
1534,0,545,337,66,122,0,20,77893244,44102468,47995960,11124,70116420,,19383528,19644872,19499072,19365772,,11113912,10908404,10985540,11094612,,12143464,11859652,12021892,11970952,,2888,2424,2932,2880,,17374704,17632528,17617668,17491520
1536,1,546,337,66,123,0,20,77921144,44083868,47977596,11124,70127980,,19384864,19657344,19501304,19377632,,11117340,10894760,10982392,11089376,,12146940,11846048,12018804,11965804,,2888,2424,2932,2880,,17374752,17643812,17617756,17491660
1539,1,547,337,66,124,0,20,77925200,44080184,47974128,11124,70128248,,19385844,19658132,19502648,19378576,,11116376,10894176,10982264,11087368,,12146016,11845552,12018712,11963848,,2888,2424,2932,2880,,17374800,17643916,17617796,17491736
1542,0,548,337,66,125,0,20,77959572,44037824,47934924,11124,70137728,,19372928,19663668,19503516,19419460,,11122200,10889496,10982356,11043772,,12151864,11840944,12018852,11923264,,2888,2424,2932,2880,,17374840,17649148,17617844,17495896
1545,0,549,337,66,126,0,20,77912864,44074592,47968920,11124,70138156,,19319356,19665804,19504284,19423420,,11170388,10886244,10981840,11036120,,12200016,11837728,12018372,11912804,,2888,2424,2932,2880,,17375856,17650220,17617904,17494176
1547,1,550,337,66,127,0,20,77734676,44274260,48170648,11124,70145156,,19289140,19598896,19508348,19338292,,11210800,10952328,10976564,11134568,,12240428,11903784,12015184,12011252,,2888,2424,2932,2880,,17376012,17654988,17619992,17494164
1550,0,551,337,66,128,0,20,77773472,44247364,48144008,11124,70146324,,19292620,19638156,19509364,19333332,,11218448,10916576,10975464,11136876,,12248120,11868148,12014140,12013600,,2888,2424,2932,2880,,17376956,17655104,17620060,17494204
1553,0,552,337,66,129,0,20,77782780,44240688,48137548,11124,70148828,,19296052,19639832,19509524,19337372,,11214280,10913008,10976392,11137008,,12244000,11864616,12015140,12013792,,2888,2424,2932,2880,,17378132,17655136,17620180,17495380
1555,1,553,337,66,130,0,20,77805548,44217496,48114596,11124,70149268,,19313180,19642772,19509440,19340156,,11192700,10915788,10974940,11134068,,12222516,11867460,12013724,12010896,,2888,2424,2932,2880,,17378244,17655204,17620332,17495488
1558,1,554,337,66,131,0,20,77866212,44155692,48053068,11124,70150672,,19350712,19645360,19511816,19358324,,11155744,10913176,10973152,11113620,,12185664,11864896,12011960,11990548,,2888,2424,2932,2880,,17378384,17655248,17621444,17495596
1561,1,555,337,66,132,0,20,77879260,44134808,48032452,11124,70152992,,19374244,19646964,19497100,19360952,,11129020,10909548,10985328,11110912,,12159044,11861304,12024204,11987900,,2888,2424,2932,2880,,17379540,17655284,17621536,17496632
1564,1,556,337,66,133,0,20,77893556,44126584,48024428,11124,70155204,,19377504,19650660,19500048,19365344,,11128072,10907296,10983244,11107972,,12158124,11859088,12022200,11985016,,2888,2424,2932,2880,,17380520,17655312,17622640,17496732
1567,1,557,337,66,134,0,20,77912256,44107804,48005852,11124,70160708,,19385128,19655676,19500568,19370884,,11117864,10902604,10985432,11101904,,12147988,11854424,12024436,11979004,,2888,2424,2932,2880,,17385840,17655344,17622736,17496788
1570,0,558,337,66,135,0,20,77896704,44107924,48006080,11124,70162020,,19386648,19652252,19481260,19376544,,11117040,10899632,10993636,11097616,,12147208,11851468,12032640,11974764,,2888,2424,2932,2880,,17385924,17655352,17622788,17497956
1573,0,559,337,66,136,0,20,77842388,44160232,48058452,11124,70162136,,19390256,19648020,19424524,19379588,,11113296,10901696,11051648,11093592,,12143520,11853548,12090600,11970784,,2888,2424,2932,2880,,17385988,17655376,17622768,17498004
1576,0,560,337,66,137,0,20,77675904,44342924,48240920,11124,70026304,,19394612,19486880,19412320,19382092,,11110572,11066212,11075156,11090984,,12140848,12017708,12114140,11968224,,2888,2424,2932,2880,,17386068,17519368,17622812,17498056
1578,1,561,336,66,138,0,21,77689584,44321516,48219700,11124,70027576,,19398884,19493280,19414376,19383044,,11105512,11055648,11070308,11090048,,12135832,12007176,12109348,11967344,,2888,2424,2932,2880,,17387088,17519420,17622892,17498176
1581,1,562,336,66,139,0,21,77705596,44308948,48207340,11124,70027844,,19400688,19497476,19422328,19385104,,11102428,11051824,11064756,11089940,,12132796,12003392,12103860,11967292,,2888,2424,2932,2880,,17387140,17519464,17623004,17498236
1584,0,563,336,66,140,0,21,77753540,44251868,48150504,11124,70043160,,19403256,19504212,19458772,19387300,,11096456,11044228,11025424,11085760,,12126880,11995856,12064616,11963152,,2888,2424,2932,2880,,17388244,17524640,17631044,17499232
1587,0,564,336,66,141,0,21,77797872,44206112,48105032,11124,70048812,,19406880,19515428,19486396,19389168,,11093676,11040432,10990852,11081152,,12124164,11992128,12030148,11958592,,2888,2424,2932,2880,,17388300,17529912,17631320,17499280
1589,1,565,336,66,142,0,21,77811908,44189056,48088196,11124,70050316,,19409048,19511748,19501360,19389752,,11091088,11040584,10977840,11079544,,12121624,11992324,12017204,11957044,,2888,2424,2932,2880,,17388416,17530000,17632528,17499372
1592,1,566,336,66,143,0,21,77787156,44216080,48115352,11124,70055660,,19375632,19517916,19503236,19390372,,11114572,11042088,10979168,11080252,,12145092,11993880,12018580,11957800,,2888,2424,2932,2880,,17388436,17535168,17632636,17499420
1595,0,567,336,66,144,0,21,77838500,44166444,48069456,11124,70065804,,19397296,19544872,19504220,19392112,,11098184,11013996,10976796,11077468,,12128792,11969328,12016264,11955072,,2888,2424,2932,2880,,17388540,17544012,17632704,17500548
1598,0,568,336,66,145,0,21,77866288,44131212,48031236,11124,70062952,,19398820,19568728,19505688,19393052,,11099548,10980124,10977328,11074212,,12130220,11932324,12016848,11951844,,2888,2424,2932,2880,,17388612,17540940,17632788,17500612
1600,1,569,336,66,146,0,21,77696072,44308920,48208780,11124,70067760,,19400888,19396368,19508140,19390676,,11096828,11160592,10975160,11076340,,12127580,12112460,12014708,11954032,,2888,2424,2932,2880,,17388692,17545576,17632824,17500668
1603,0,570,336,66,147,0,21,77797396,44215760,48117920,11124,70076408,,19400048,19491736,19513420,19392192,,11096016,11072564,10971584,11075596,,12126800,12024656,12011176,11955288,,2888,2424,2932,2880,,17388728,17550960,17633956,17502764
1606,0,571,336,66,148,0,21,77805896,44214800,48117236,11124,70081724,,19401460,19498296,19514504,19391636,,11101428,11067636,10970892,11074844,,12132252,12019776,12010524,11954684,,2888,2424,2932,2880,,17388772,17556132,17634004,17502816
1608,1,572,336,66,149,0,21,77782560,44245300,48148004,11124,70081980,,19403492,19501264,19518784,19359020,,11099024,11065860,10965888,11114528,,12129896,12018060,12005588,11994460,,2888,2424,2932,2880,,17388824,17556192,17634068,17502896
1611,1,573,336,66,150,0,21,77800080,44225804,48128716,11124,70089616,,19406116,19511152,19522584,19360228,,11096220,11055624,10961076,11112884,,12127140,12007884,12000832,11992860,,2888,2424,2932,2880,,17388900,17562540,17635216,17502960
1614,0,574,336,66,151,0,21,77803752,44211792,48114916,11124,70089848,,19395576,19522792,19523160,19362224,,11102880,11037156,10961720,11110036,,12133852,11989488,12001512,11990064,,2888,2424,2932,2880,,17388948,17562620,17635260,17503020
1617,0,575,336,66,152,0,21,77785784,44216944,48120196,11124,70100384,,19367784,19539348,19523176,19355476,,11123964,11024876,10959912,11108192,,12154940,11977260,11999728,11988268,,2888,2424,2932,2880,,17388976,17572980,17635296,17503132
1619,1,576,336,66,153,0,21,77715312,44284248,48189572,11124,70107592,,19308768,19548192,19510756,19347596,,11183760,11016468,10964916,11119104,,12216716,11968904,12004760,11999192,,2888,2424,2932,2880,,17390960,17578144,17635316,17503172
1622,1,577,336,66,154,0,21,77724020,44298108,48203716,11124,70108184,,19309680,19554488,19509992,19349860,,11191020,11012524,10971896,11122668,,12224012,11965020,12011836,12002848,,2888,2424,2932,2880,,17391064,17578256,17635436,17503428
1625,0,578,336,66,155,0,21,77745752,44270760,48180664,11124,70118656,,19313840,19563172,19515108,19353632,,11180664,11001736,10967064,11121296,,12213712,11954276,12011156,12001520,,2888,2424,2932,2880,,17391120,17584436,17639580,17503520
1628,0,579,336,66,156,0,21,77779404,44244612,48155460,11124,70122764,,19329964,19568592,19516692,19364156,,11174416,10995708,10965680,11108808,,12208276,11948304,12009804,11989076,,2888,2424,2932,2880,,17392956,17586596,17639620,17503592
1630,1,580,336,66,157,0,21,77831696,44196328,48107452,11124,70128308,,19361864,19575916,19519296,19374620,,11146656,10986744,10965856,11097072,,12180612,11939404,12010024,11977412,,2888,2424,2932,2880,,17393124,17591788,17639720,17503676
1633,1,581,336,66,158,0,21,77868884,44156936,48068268,11124,70138864,,19380440,19582120,19525592,19380732,,11125784,10981356,10959712,11090084,,12159824,11934052,12003908,11970484,,2888,2424,2932,2880,,17393272,17596940,17644904,17503748
1636,0,582,336,66,159,0,21,77885572,44139252,48050828,11124,70146280,,19388748,19587116,19526832,19382876,,11117108,10974784,10959004,11088356,,12151204,11927544,12003264,11968816,,2888,2424,2932,2880,,17394416,17602132,17644972,17504760
1639,0,583,336,66,160,0,21,77899252,44126364,48038160,11124,70152836,,19391368,19594572,19528560,19384752,,11115696,10970292,10955552,11084824,,12149820,11923104,11999876,11965360,,2888,2424,2932,2880,,17395512,17607436,17645052,17504836
1641,1,584,336,66,161,0,21,77903752,44108396,48020372,11124,70156072,,19394952,19596112,19526168,19386520,,11112344,10967688,10944364,11084000,,12146536,11920544,11988720,11964572,,2888,2424,2932,2880,,17395608,17608464,17646116,17505884
1644,0,585,336,66,162,0,21,77883100,44101016,48013144,11124,70164380,,19396392,19603828,19493708,19389172,,11109704,10955584,10954424,11081304,,12143944,11908504,11998760,11961936,,2888,2424,2932,2880,,17395672,17614708,17647060,17506940
1647,0,586,336,66,163,0,21,77856408,44154292,48066564,11124,70164560,,19399692,19605580,19459148,19391988,,11105756,10952716,11017852,11077968,,12140056,11905680,12062176,11958652,,2888,2424,2932,2880,,17395756,17614744,17647072,17506988
1649,1,587,336,66,164,0,21,77855068,44152552,48065008,11124,70171008,,19402476,19612352,19446856,19393384,,11103068,10944376,11026284,11078824,,12137400,11897396,12070644,11959568,,2888,2424,2932,2880,,17395796,17620008,17648156,17507048
1652,1,588,336,66,165,0,21,77857024,44156912,48069572,11124,70171304,,19401664,19612652,19447544,19395164,,11103500,10945432,11033356,11074624,,12137868,11898496,12077784,11955424,,2888,2424,2932,2880,,17395820,17620064,17648284,17507136
1655,0,589,336,66,166,0,21,77871020,44150880,48063728,11124,70176716,,19397528,19618640,19459008,19395844,,11111092,10940380,11026052,11073356,,12145496,11893492,12070544,11954196,,2888,2424,2932,2880,,17395892,17625244,17648396,17507184
1658,0,590,336,66,167,0,21,77912660,44116920,48030056,11124,70182196,,19399152,19624820,19492144,19396544,,11110764,10937892,10994456,11073808,,12145248,11891064,12039056,11954688,,2888,2424,2932,2880,,17395984,17630480,17648500,17507232
1660,1,591,336,66,168,0,21,77818388,44205800,48119044,11124,70189604,,19403440,19502876,19514728,19397344,,11106156,11061268,10964952,11073424,,12140676,12014376,12009636,11954356,,2888,2424,2932,2880,,17398172,17635540,17648596,17507296
1663,1,592,336,66,169,0,21,77916284,44106028,48019632,11124,70191024,,19404908,19590540,19522012,19398824,,11101776,10975868,10957436,11070948,,12136340,11929144,12002204,11951944,,2888,2424,2932,2880,,17398236,17635692,17648668,17508428
1666,0,593,336,66,170,0,21,77920344,44099412,48013220,11124,70191260,,19406272,19592300,19523520,19398252,,11099576,10974296,10955284,11070256,,12134188,11927604,12000112,11951316,,2888,2424,2932,2880,,17398272,17635744,17648736,17508508
1669,0,594,336,66,171,0,21,77801952,44222940,48136768,11124,70191320,,19408284,19595760,19524376,19273532,,11099456,10968372,10960116,11194996,,12134080,11921732,12005008,12075948,,2888,2424,2932,2880,,17398296,17635788,17648792,17508444
1671,1,595,336,66,172,0,21,77909188,44118952,48033132,11124,70198816,,19410756,19600028,19532184,19366220,,11097368,10965596,10949344,11106644,,12132068,11918988,11994260,11987816,,2888,2424,2932,2880,,17398424,17637756,17653956,17508680
1674,1,596,336,66,173,0,21,77905192,44111636,48026000,11124,70199024,,19413012,19588208,19535168,19368804,,11094744,10965740,10947276,11103876,,12129488,11919172,11992224,11985116,,2888,2424,2932,2880,,17398476,17637816,17653988,17508744
1677,0,597,336,66,174,0,21,77916108,44109952,48024524,11124,70202376,,19416024,19590432,19537596,19372056,,11091960,10974444,10944584,11098964,,12126764,11927920,11989580,11980260,,2888,2424,2932,2880,,17399580,17637884,17655040,17509872
1680,0,598,336,66,175,0,21,77913528,44104596,48019400,11124,70203688,,19418128,19595304,19526072,19374024,,11089128,10970812,10949408,11095248,,12123988,11924352,11994456,11976604,,2888,2424,2932,2880,,17399700,17638948,17655100,17509940
1682,1,599,336,66,176,0,21,77928920,44087188,48002152,11124,70209116,,19420544,19604560,19526920,19376896,,11088312,10961488,10943596,11093792,,12123196,11915064,11988704,11975188,,2888,2424,2932,2880,,17399760,17644108,17655188,17510060
1685,1,600,336,66,177,0,21,77938024,44088256,48003408,11124,70210632,,19413212,19615064,19528596,19381152,,11098712,10949404,10948108,11092032,,12133636,11903032,11993260,11973480,,2888,2424,2932,2880,,17399828,17645460,17655232,17510112
1688,0,601,336,66,178,0,21,77922908,44090932,48006264,11124,70212040,,19388232,19626320,19530288,19378068,,11110960,10939492,10953756,11086724,,12145912,11893200,11998936,11968216,,2888,2424,2932,2880,,17399844,17646676,17655292,17510228
1691,0,602,336,66,179,0,21,77888976,44126240,48041712,11124,70212324,,19352180,19630008,19531304,19375484,,11153452,10935656,10954340,11082792,,12188380,11889412,11999588,11964332,,2888,2424,2932,2880,,17399884,17646812,17655356,17510272
1693,1,603,336,66,180,0,21,77868940,44138404,48054072,11124,70214552,,19333512,19630920,19533056,19371452,,11172924,10931624,10953620,11080236,,12207884,11885428,11998916,11961844,,2888,2424,2932,2880,,17401948,17646860,17655404,17510340
1696,1,604,336,66,181,0,21,77867976,44134352,48050140,11124,70222004,,19326864,19633000,19535312,19372800,,11166056,10928812,10952352,11087132,,12201020,11882672,11997688,11968760,,2888,2424,2932,2880,,17408072,17648112,17655452,17510368
1699,0,605,336,66,182,0,21,77884480,44123220,48039216,11124,70227408,,19331724,19634592,19544188,19373976,,11164472,10926904,10943348,11088496,,12199504,11880808,11988732,11970172,,2888,2424,2932,2880,,17408184,17648164,17660648,17510412
1702,0,606,336,66,183,0,21,77916324,44116992,48033264,11124,70232796,,19349128,19641024,19546740,19379432,,11165544,10920940,10941160,11089348,,12200660,11874916,11986588,11971100,,2888,2424,2932,2880,,17408268,17653352,17660696,17510480
1704,1,607,336,66,184,0,21,77965948,44067440,47984016,11124,70239512,,19378860,19641604,19553084,19392400,,11133124,10920900,10933912,11079504,,12168372,11874924,11979380,11961340,,2888,2424,2932,2880,,17408484,17653448,17665932,17511648
1707,0,608,336,66,185,0,21,78004520,44023968,47940812,11124,70251060,,19402716,19643600,19564560,19393644,,11104672,10920096,10920808,11078392,,12140028,11874172,11966340,11960272,,2888,2424,2932,2880,,17409580,17653500,17676244,17511736
1710,0,609,336,66,186,0,21,78015228,44011932,47933052,11124,70256696,,19408244,19645188,19566800,19394996,,11099068,10917676,10917976,11077212,,12138552,11871804,11963544,11959152,,2888,2424,2932,2880,,17413824,17653672,17677408,17511792
1712,1,610,336,66,187,0,21,78020024,44004196,47925476,11124,70263004,,19404140,19646100,19573100,19396684,,11101340,10916896,10912788,11073172,,12140880,11871060,11958380,11955156,,2888,2424,2932,2880,,17413944,17653764,17682564,17512732
1715,1,611,336,66,188,0,21,78011684,43994472,47915976,11124,70269436,,19399696,19646416,19566780,19398792,,11100536,10915424,10905588,11072924,,12140140,11869660,11951224,11954952,,2888,2424,2932,2880,,17414000,17653860,17688724,17512852
1718,0,612,336,66,189,0,21,77979244,44033184,47954852,11124,70274836,,19402916,19651028,19524856,19400444,,11103020,10910660,10947140,11072364,,12142688,11864952,11992736,11954476,,2888,2424,2932,2880,,17414076,17658072,17688700,17513988
1721,0,613,336,66,190,0,21,77956380,44068396,47992260,11124,70282436,,19404568,19645724,19505108,19400980,,11103568,10917728,10975092,11072008,,12143276,11872040,12022768,11954176,,2888,2424,2932,2880,,17414140,17658084,17696132,17514080
1723,1,614,336,66,191,0,21,77914132,44091500,48015464,11124,70284672,,19408872,19603520,19499560,19402180,,11098800,10955256,10964736,11072708,,12138544,11909564,12012440,11954916,,2888,2424,2932,2880,,17415316,17658056,17697120,17514180
1726,1,615,336,66,192,0,21,77939780,44083340,48007568,11124,70290140,,19414424,19614100,19506112,19405144,,11094712,10949628,10969532,11069468,,12134512,11904072,12017268,11951716,,2888,2424,2932,2880,,17415376,17658184,17702296,17514284
1729,0,616,336,66,193,0,21,77840316,44192964,48117292,11124,70291316,,19416620,19616484,19526536,19280676,,11091024,10945268,10962564,11194108,,12130876,11899748,12010400,12076268,,2888,2424,2932,2880,,17415428,17658224,17702432,17515232
1732,0,617,336,66,194,0,21,77972044,44053608,47978384,11124,70296884,,19419972,19619680,19563416,19368976,,11088284,10941716,10919848,11103760,,12128208,11896244,11967796,11986136,,2888,2424,2932,2880,,17415500,17658268,17707672,17515444
1734,1,618,336,66,195,0,21,77997948,44029780,47954832,11124,70297192,,19425288,19621868,19579308,19371484,,11080932,10939400,10907276,11102172,,12120900,11893984,11955344,11984604,,2888,2424,2932,2880,,17415584,17658328,17707780,17515500
1737,1,619,336,66,196,0,21,78017368,44009304,47934516,11124,70308708,,19425904,19624104,19591740,19375620,,11081756,10936504,10891848,11099196,,12121760,11891116,11939960,11981680,,2888,2424,2932,2880,,17415616,17658352,17718084,17516656
1740,1,620,336,66,197,0,21,78026632,43988744,47914148,11124,70314032,,19431156,19628468,19589400,19377608,,11073240,10932688,10886560,11096256,,12113280,11887344,11934736,11978788,,2888,2424,2932,2880,,17420780,17658396,17718144,17516712
1743,1,621,336,66,198,0,21,78034052,43992604,47918240,11124,70319380,,19434168,19634624,19584320,19380940,,11073200,10930596,10896460,11092348,,12113312,11885288,11944696,11974944,,2888,2424,2932,2880,,17420856,17658432,17723316,17516776
1746,1,622,336,66,199,0,21,78045896,43982620,47908464,11124,70324800,,19435396,19631924,19593236,19385340,,11073232,10928116,10891984,11089288,,12113412,11882824,11940280,11971948,,2888,2424,2932,2880,,17420944,17658452,17728560,17516844
1749,1,623,336,66,200,0,21,78026660,43996352,47922424,11124,70316052,,19436476,19601592,19598748,19389844,,11071720,10956476,10886340,11081816,,12111952,11911236,11934696,11964540,,2888,2424,2932,2880,,17420996,17648572,17729572,17516912
1752,1,624,335,66,201,0,22,77876152,44159228,48085264,11124,70159208,,19437436,19436576,19606872,19395268,,11068880,11135560,10878236,11076552,,12109140,12090176,11926636,11959312,,2888,2424,2932,2880,,17421060,17487220,17733952,17516976
1755,1,625,335,66,202,0,22,77885980,44152744,48078932,11124,70159456,,19440576,19437000,19609592,19398812,,11066936,11134320,10876388,11075100,,12107240,12088964,11924832,11957896,,2888,2424,2932,2880,,17421148,17487268,17734028,17517012
1758,0,626,335,66,203,0,22,77903236,44135940,48062356,11124,70164784,,19441204,19443160,19617880,19400992,,11066376,11129840,10866836,11072888,,12106728,12084532,11915328,11955768,,2888,2424,2932,2880,,17421196,17487316,17739184,17517088
1760,1,627,335,66,204,0,22,77897436,44130708,48057272,11124,70167120,,19427980,19445984,19621576,19401896,,11069428,11129168,10861068,11071044,,12109804,12083892,11909616,11953960,,2888,2424,2932,2880,,17421236,17488324,17740424,17517136
1763,1,628,335,66,205,0,22,77869112,44124624,48051336,11124,70177640,,19392420,19452676,19635272,19388744,,11089560,11119676,10848428,11066960,,12129952,12074440,11897040,11949904,,2888,2424,2932,2880,,17421232,17488460,17750744,17517204
1766,0,629,335,66,206,0,22,77838108,44175444,48102260,11124,70180152,,19361228,19455384,19637836,19383660,,11137692,11115732,10847104,11074916,,12178060,12070556,11895748,11957896,,2888,2424,2932,2880,,17422252,17489536,17751048,17517316
1769,0,630,335,66,207,0,22,77827760,44176652,48103644,11124,70182460,,19345148,19455544,19642896,19384172,,11149956,11114880,10840504,11071312,,12190336,12069772,11889196,11954340,,2888,2424,2932,2880,,17422300,17489596,17753196,17517368
1771,1,631,335,66,208,0,22,77835320,44180560,48107748,11124,70182704,,19349508,19457632,19643500,19384680,,11154128,11114360,10839480,11072592,,12194564,12069288,11888220,11955676,,2888,2424,2932,2880,,17422364,17489664,17753240,17517436
1774,1,632,335,66,209,0,22,77852808,44175324,48102756,11124,70184016,,19358016,19459180,19644548,19391064,,11152640,11113344,10839260,11070080,,12193144,12068312,11888056,11953244,,2888,2424,2932,2880,,17423480,17489724,17753296,17517516
1777,0,633,335,66,210,0,22,77865992,44161696,48089396,11124,70184276,,19364628,19459520,19645696,19396148,,11141772,11113892,10837520,11068512,,12182372,12068904,11886368,11951752,,2888,2424,2932,2880,,17423568,17489752,17753356,17517600
1780,0,634,335,66,211,0,22,77902792,44135200,48063124,11124,70184504,,19392928,19460844,19646364,19402656,,11115740,11112708,10838432,11068320,,12156436,12067752,11887324,11951612,,2888,2424,2932,2880,,17423668,17489784,17753392,17517660
1782,1,635,335,66,212,0,22,77927880,44052732,47985304,11124,70190404,,19416636,19460204,19646608,19404432,,11038940,11111296,10837096,11065400,,12084148,12066408,11886020,11948728,,2888,2424,2932,2880,,17428288,17489896,17753440,17518780
1785,1,636,335,66,213,0,22,77829804,44198944,48127388,11124,70191172,,19352484,19424472,19647320,19405528,,11147692,11148324,10837320,11065608,,12188608,12103480,11886300,11949000,,2888,2424,2932,2880,,17428292,17490000,17753492,17519388
1788,0,637,335,66,214,0,22,77815788,44224788,48155324,11124,70193684,,19340080,19426972,19640556,19408180,,11167668,11147212,10843156,11066752,,12210524,12102416,11892176,11950208,,2888,2424,2932,2880,,17430140,17490044,17753540,17519960
1791,0,638,335,66,215,0,22,77620040,44403888,48334340,11124,70193736,,19335416,19429912,19583436,19271276,,11171856,11144804,10885580,11201648,,12214780,12100052,11934572,12084936,,2888,2424,2932,2880,,17430268,17490140,17753496,17519832
1793,1,639,335,66,216,0,22,77706684,44309156,48239976,11124,70194124,,19335728,19433624,19567392,19369940,,11169268,11139284,10896808,11103796,,12212232,12094568,11945816,11987360,,2888,2424,2932,2880,,17430320,17490176,17753512,17520116
1796,1,640,335,66,217,0,22,77707976,44319784,48250812,11124,70194340,,19346620,19435180,19553524,19372652,,11161728,11137540,10919808,11100708,,12204756,12092900,11968832,11984324,,2888,2424,2932,2880,,17430380,17490264,17753528,17520168
1799,0,641,335,66,218,0,22,77554016,44473684,48404840,11124,70018152,,19390204,19436992,19349960,19376860,,11116696,11134956,11126792,11095240,,12159868,12090376,12175672,11978924,,2888,2424,2932,2880,,17430524,17490324,17577068,17520236
1802,0,642,334,66,219,0,23,77625976,44425228,48362984,11124,70024952,,19418764,19441360,19386732,19379120,,11087532,11131652,11110980,11095064,,12130804,12087120,12166264,11978796,,2888,2424,2932,2880,,17430632,17490404,17583612,17520304
1804,1,643,334,66,220,0,23,77684532,44346272,48278460,11124,70019432,,19420240,19446316,19436468,19381508,,11083796,11126076,11045620,11090780,,12127144,12081588,12095148,11974580,,2888,2424,2932,2880,,17430708,17490476,17577856,17520392
1807,1,644,334,66,221,0,23,77635056,44417240,48349492,11124,70019508,,19423644,19450648,19374232,19386532,,11083204,11123448,11122264,11088324,,12126592,12078988,12171744,11972168,,2888,2424,2932,2880,,17430748,17490508,17577696,17520556
1810,0,645,334,66,222,0,23,77654584,44390800,48323304,11124,70019828,,19429092,19452968,19379972,19392552,,11078932,11120848,11110888,11080132,,12122364,12076476,12160440,11964024,,2888,2424,2932,2880,,17430788,17490632,17577808,17520600
1813,0,646,334,66,223,0,23,77664520,44367028,48299728,11124,70020136,,19431792,19453772,19381136,19397820,,11073568,11107524,11111692,11074244,,12117064,12063188,12161284,11958192,,2888,2424,2932,2880,,17430852,17490716,17577840,17520728
1815,1,647,334,66,224,0,23,77679816,44358336,48291212,11124,70025572,,19439564,19454060,19383416,19402776,,11066576,11109580,11113060,11069120,,12110100,12065292,12162696,11953124,,2888,2424,2932,2880,,17436032,17490756,17577968,17520816
1818,1,648,334,66,225,0,23,77681008,44354284,48287372,11124,70025920,,19441952,19446896,19386640,19405520,,11064300,11118568,11105348,11066068,,12107884,12074316,12155056,11950116,,2888,2424,2932,2880,,17436128,17490812,17578052,17520928
1821,0,649,334,66,226,0,23,77702668,44340708,48274036,11124,70026208,,19445096,19440280,19410976,19406316,,11060836,11131408,11080068,11068396,,12104468,12087184,12129880,11952504,,2888,2424,2932,2880,,17436200,17490876,17578152,17520980
1824,0,650,334,66,227,0,23,77718572,44327284,48260828,11124,70027576,,19448852,19442228,19420056,19407436,,11056472,11131012,11073044,11066756,,12100160,12086852,12122908,11950908,,2888,2424,2932,2880,,17436272,17492064,17578212,17521028
1826,1,651,334,66,228,0,23,77723892,44319996,48253712,11124,70027880,,19448524,19443784,19423464,19408120,,11055684,11129248,11069432,11065632,,12099404,12085132,12119332,11949844,,2888,2424,2932,2880,,17436360,17492156,17578272,17521092
1829,0,652,334,66,229,0,23,77733960,44312884,48246812,11124,70028140,,19451432,19445088,19427676,19409764,,11054984,11129772,11066352,11061776,,12098756,12085712,12116308,11946036,,2888,2424,2932,2880,,17436444,17492232,17578324,17521140
1832,0,653,334,66,230,0,23,77745520,44296764,48230892,11124,70028408,,19453000,19451096,19430892,19410532,,11052644,11122660,11060668,11060792,,12096472,12078644,12110668,11945108,,2888,2424,2932,2880,,17436512,17492284,17578396,17521216
1834,1,654,334,66,231,0,23,77749948,44281312,48215652,11124,70028664,,19453760,19457840,19433800,19404548,,11051028,11115032,11058700,11056552,,12094908,12071080,12108744,11940920,,2888,2424,2932,2880,,17436568,17492348,17578472,17521276
1837,1,655,334,66,232,0,23,77746488,44275856,48210380,11124,70028844,,19454844,19458404,19435796,19397444,,11049516,11114048,11057332,11054960,,12093428,12070156,12107436,11939360,,2888,2424,2932,2880,,17436604,17492408,17578524,17521308
1840,0,656,334,66,233,0,23,77746548,44272428,48207148,11124,70029044,,19456912,19458860,19438260,19392516,,11048572,11111056,11053468,11059332,,12092524,12067224,12103620,11943780,,2888,2424,2932,2880,,17436636,17492468,17578584,17521356
1843,0,657,334,66,234,0,23,77747604,44270804,48205744,11124,70030344,,19456656,19457632,19440688,19392628,,11047652,11108968,11051912,11062272,,12091664,12065184,12102124,11946772,,2888,2424,2932,2880,,17436696,17492540,17579688,17521420
1845,1,658,334,66,235,0,23,77624172,44403300,48338212,11124,70030308,,19457136,19326092,19442836,19398108,,11045672,11242940,11051336,11063352,,12089724,12198972,12101576,11947940,,2888,2424,2932,2880,,17436736,17492348,17579724,17521500
1848,1,659,334,66,236,0,23,77738412,44298624,48240676,11124,70037612,,19445592,19426564,19443712,19422544,,11059744,11148128,11050820,11039932,,12103860,12104440,12101124,11931252,,2888,2424,2932,2880,,17436800,17492624,17579848,17528340
1851,0,660,334,66,237,0,23,77768052,44261932,48197932,11124,70031756,,19446720,19429852,19445648,19445832,,11057208,11145288,11048540,11010896,,12101380,12101668,12098884,11896000,,2888,2424,2932,2880,,17436916,17492692,17579960,17522188
1853,1,661,334,66,238,0,23,77598232,44441076,48376788,11124,70031444,,19447468,19431172,19447428,19272164,,11058684,11140868,11046196,11195328,,12102892,12097300,12096600,12079996,,2888,2424,2932,2880,,17437016,17492744,17580064,17521620
1856,1,662,334,66,239,0,23,77684252,44339200,48275288,11124,70036984,,19439840,19435160,19448420,19360832,,11050204,11139068,11042092,11107836,,12094432,12095536,12092560,11992760,,2888,2424,2932,2880,,17442144,17492828,17580132,17521880
1859,1,663,334,66,240,0,23,77612800,44440500,48376640,11124,70037060,,19362916,19437188,19448844,19363852,,11151180,11137376,11042924,11109020,,12195320,12093888,12093424,11994008,,2888,2424,2932,2880,,17442052,17492864,17580200,17521944
1862,0,664,334,66,241,0,23,77604588,44429248,48365540,11124,70037272,,19350232,19438856,19449108,19366392,,11150648,11134228,11040116,11104256,,12194820,12090760,12090668,11989292,,2888,2424,2932,2880,,17442116,17492892,17580256,17522008
1865,0,665,334,66,242,0,23,77612412,44422584,48359116,11124,70037516,,19351436,19442608,19448976,19369392,,11148928,11129620,11040440,11103596,,12193152,12086240,12091032,11988692,,2888,2424,2932,2880,,17442172,17492972,17580308,17522064
1867,1,666,334,66,243,0,23,77538212,44503628,48440256,11124,70037664,,19352572,19448296,19355544,19381800,,11154368,11125188,11134816,11089256,,12198632,12081848,12185340,11974436,,2888,2424,2932,2880,,17442216,17493064,17580228,17522156
1870,1,667,334,66,244,0,23,77577916,44467572,48404456,11124,70037940,,19374464,19450736,19367912,19384804,,11134888,11122324,11124972,11085388,,12179240,12079028,12175584,11970604,,2888,2424,2932,2880,,17442300,17493108,17580324,17522208
1873,0,668,334,66,245,0,23,77638736,44390960,48328176,11124,70038288,,19427988,19452440,19369036,19389272,,11074412,11111576,11123828,11081144,,12118944,12068320,12174488,11966424,,2888,2424,2932,2880,,17442508,17493152,17580360,17522268
1876,0,669,334,66,246,0,23,77655912,44379696,48317088,11124,70038548,,19436340,19453028,19370724,19395820,,11067016,11109160,11126904,11076616,,12111604,12065948,12177604,11961932,,2888,2424,2932,2880,,17442572,17493192,17580424,17522360
1879,0,670,334,66,247,0,23,77684004,44345356,48283000,11124,70038892,,19438560,19454536,19390524,19400384,,11065992,11107428,11099144,11072792,,12110636,12064244,12149952,11958168,,2888,2424,2932,2880,,17442628,17493248,17580532,17522484
1881,1,671,334,66,248,0,23,77675248,44351760,48289624,11124,70039132,,19441644,19454856,19377284,19401464,,11063268,11107924,11109940,11070628,,12107956,12064792,12160816,11956060,,2888,2424,2932,2880,,17442668,17493312,17580604,17522548
1884,1,672,334,66,249,0,23,77688588,44342676,48280756,11124,70039364,,19442944,19455656,19385344,19404644,,11060692,11112484,11101404,11068096,,12105420,12069416,12152336,11953584,,2888,2424,2932,2880,,17442724,17493372,17580660,17522608
1887,0,673,334,66,250,0,23,77700940,44324760,48263032,11124,70044732,,19446080,19462724,19387092,19405044,,11056120,11106060,11097436,11065144,,12100908,12063044,12148412,11950668,,2888,2424,2932,2880,,17442796,17498548,17580728,17522660
1890,0,674,334,66,251,0,23,77708240,44317184,48255652,11124,70045068,,19448128,19463152,19390704,19406256,,11054216,11104256,11095916,11062796,,12099056,12061276,12146936,11948384,,2888,2424,2932,2880,,17442844,17498684,17580832,17522708
1892,1,675,334,66,252,0,23,77719276,44302380,48241032,11124,70045352,,19451620,19457252,19403620,19406784,,11054432,11103736,11084316,11059896,,12099304,12060784,12135408,11945536,,2888,2424,2932,2880,,17442916,17498740,17580928,17522768
1895,1,676,334,66,253,0,23,77742992,44292304,48231220,11124,70050784,,19459724,19450436,19423220,19409612,,11046096,11118932,11065516,11061760,,12091020,12076028,12116712,11947460,,2888,2424,2932,2880,,17448096,17498784,17581080,17522824
1898,1,677,334,66,254,0,23,77754980,44283664,48222824,11124,70051020,,19462464,19451916,19430908,19409692,,11043444,11119236,11060668,11060316,,12088424,12076384,12111936,11946080,,2888,2424,2932,2880,,17448144,17498844,17581148,17522884
1901,0,678,334,66,255,0,23,77762932,44277844,48217212,11124,70051256,,19463544,19452764,19434612,19412012,,11040428,11119888,11056148,11061380,,12085464,12077100,12107452,11947196,,2888,2424,2932,2880,,17448208,17498916,17581196,17522936
1904,0,679,334,66,256,0,23,77763324,44261892,48201460,11124,70051456,,19463852,19450944,19436500,19412028,,11038416,11111072,11055108,11057296,,12083504,12068324,12106476,11943156,,2888,2424,2932,2880,,17448256,17498964,17581252,17522984
1906,1,680,334,66,257,0,23,77686056,44330088,48272572,11124,70055680,,19464768,19363964,19442812,19414512,,11039468,11185180,11049916,11055524,,12084600,12145112,12101376,11941484,,2888,2424,2932,2880,,17448320,17501828,17581352,17524180
1912,0,681,334,66,258,0,23,77746636,44269960,48212744,11124,70057072,,19455224,19430692,19445148,19415572,,11028860,11140016,11046120,11054964,,12074092,12100036,12097632,11940984,,2888,2424,2932,2880,,17448416,17501840,17581408,17525408
1915,0,682,334,66,259,0,23,77607376,44415216,48357968,11124,70057092,,19456452,19429432,19446564,19274928,,11036044,11139920,11043872,11195380,,12081320,12099988,12095444,12081216,,2888,2424,2932,2880,,17448492,17501912,17581460,17525228
1918,0,683,334,66,260,0,23,77714268,44322680,48265860,11124,70057552,,19458288,19432260,19448816,19374904,,11040280,11141952,11042088,11098360,,12085620,12102064,12093704,11984472,,2888,2424,2932,2880,,17448552,17501992,17581508,17525500
1920,1,684,334,66,261,0,23,77722036,44317292,48260648,11124,70058632,,19458972,19435820,19449832,19377412,,11043404,11136580,11040916,11096392,,12088788,12096736,12092580,11982544,,2888,2424,2932,2880,,17448600,17502928,17581560,17525544
1923,1,685,334,66,262,0,23,77739760,44301288,48244840,11124,70063948,,19466096,19443196,19450808,19379660,,11037508,11130728,11039836,11093216,,12082948,12090928,12091552,11979412,,2888,2424,2932,2880,,17453772,17502972,17581604,17525600
1926,0,686,334,66,263,0,23,77747820,44294796,48238592,11124,70065204,,19468656,19446336,19451808,19381020,,11037220,11126228,11038620,11092728,,12082704,12086508,12090392,11978988,,2888,2424,2932,2880,,17454812,17503052,17581668,17525672
1929,0,687,334,66,264,0,23,77726872,44283052,48227028,11124,70065560,,19464368,19452708,19433940,19375856,,11031192,11120208,11039784,11091868,,12076708,12080536,12091608,11978176,,2888,2424,2932,2880,,17454848,17503288,17581708,17525716
1931,1,688,334,66,265,0,23,77698800,44307548,48251672,11124,70065736,,19422856,19457352,19439844,19378748,,11068960,11115496,11034044,11089048,,12114476,12075872,12085932,11975392,,2888,2424,2932,2880,,17454840,17503336,17581772,17525788
1934,1,689,334,66,266,0,23,77635032,44378596,48304144,11124,70047180,,19367832,19443852,19441220,19382128,,11130088,11119556,11038916,11090036,,12175552,12061324,12090836,11976432,,2888,2424,2932,2880,,17454788,17484728,17581808,17525856
1937,0,690,334,66,267,0,23,77636168,44363768,48312448,11124,70071416,,19368636,19445096,19436152,19386284,,11134140,11096596,11047436,11085596,,12179656,12061356,12099404,11972032,,2888,2424,2932,2880,,17455872,17507720,17581856,17525968
1940,0,691,334,66,268,0,23,77605640,44395140,48344008,11124,70071596,,19369064,19448540,19387712,19400324,,11135988,11098964,11089100,11071088,,12181556,12063788,12141048,11957616,,2888,2424,2932,2880,,17455920,17507784,17581840,17526052
1942,1,692,334,66,269,0,23,77620448,44389680,48338756,11124,70071860,,19384976,19450116,19382124,19403232,,11121508,11097248,11104368,11066556,,12167148,12062128,12156340,11953140,,2888,2424,2932,2880,,17455992,17507864,17581880,17526124
1945,1,693,334,66,270,0,23,77647768,44357328,48306692,11124,70072260,,19416788,19450824,19374884,19405272,,11083348,11096152,11111792,11066036,,12129120,12061088,12163800,11952684,,2888,2424,2932,2880,,17456208,17507912,17581904,17526236
1948,0,694,334,66,271,0,23,77686088,44325052,48274612,11124,70077652,,19450936,19451156,19376596,19407400,,11055040,11097136,11110032,11062844,,12100904,12062092,12162088,11949528,,2888,2424,2932,2880,,17461428,17507948,17581968,17526308
1951,0,695,334,66,272,0,23,77715796,44295868,48245692,11124,70077992,,19455744,19453236,19398488,19408328,,11046700,11098044,11089024,11062100,,12092636,12063048,12141180,11948828,,2888,2424,2932,2880,,17461500,17507988,17582068,17526436
1953,1,696,334,66,273,0,23,77721464,44279116,48229184,11124,70078372,,19456480,19453564,19401516,19409904,,11046276,11096976,11076276,11059588,,12092264,12062040,12128492,11946388,,2888,2424,2932,2880,,17461568,17508120,17582124,17526560
1956,1,697,334,66,274,0,23,77717220,44279220,48229480,11124,70078580,,19458880,19454016,19392300,19412024,,11045580,11094924,11079828,11058888,,12091592,12060048,12132092,11945748,,2888,2424,2932,2880,,17461604,17508168,17582172,17526636
1959,1,698,334,66,275,0,23,77724192,44281880,48232352,11124,70079844,,19462192,19455364,19393460,19413176,,11041416,11094396,11088396,11057672,,12087488,12059564,12140708,11944592,,2888,2424,2932,2880,,17462704,17508212,17582220,17526708
1962,0,699,334,66,276,0,23,77730724,44275896,48226548,11124,70080060,,19465316,19455364,19394860,19415184,,11037188,11093660,11089632,11055416,,12083300,12058868,12141988,11942392,,2888,2424,2932,2880,,17462776,17508252,17582272,17526760
1964,1,700,334,66,277,0,23,77739788,44270668,48221488,11124,70080236,,19467456,19455392,19401868,19415072,,11035408,11093804,11086148,11055308,,12081564,12059060,12138552,11942312,,2888,2424,2932,2880,,17462828,17508296,17582316,17526796
1967,1,701,334,66,278,0,23,77757216,44253024,48204120,11124,70080596,,19463812,19456364,19420132,19416908,,11037076,11093648,11068320,11053980,,12083304,12058948,12120820,11941048,,2888,2424,2932,2880,,17462916,17508352,17582408,17526920
1970,1,702,334,66,279,0,23,77699900,44284288,48235600,11124,70080816,,19464572,19392144,19433936,19409248,,11030440,11146748,11052840,11054260,,12076692,12112076,12105428,11941404,,2888,2424,2932,2880,,17462948,17508380,17582496,17526992
1973,0,703,334,66,280,0,23,77716152,44282536,48234076,11124,70081060,,19466276,19403576,19436868,19409432,,11029300,11146568,11051284,11055384,,12075604,12111964,12103920,11942588,,2888,2424,2932,2880,,17462988,17508464,17582552,17527056
1976,0,704,334,66,281,0,23,77590196,44423660,48375172,11124,70081048,,19468280,19405736,19438544,19277636,,11027648,11144904,11050124,11200984,,12074012,12110344,12102808,12088008,,2888,2424,2932,2880,,17463052,17508508,17582616,17526872
1978,1,705,334,66,282,0,23,77705840,44296068,48250024,11124,70088600,,19475276,19407988,19442888,19379688,,11020352,11144600,11045056,11086060,,12066756,12110076,12097796,11975396,,2888,2424,2932,2880,,17468208,17508544,17582664,17529184
1981,1,706,334,66,283,0,23,77712072,44291004,48245160,11124,70088924,,19474268,19411112,19444112,19382580,,11021744,11141148,11044584,11083528,,12068188,12106668,12097364,11972940,,2888,2424,2932,2880,,17468288,17508616,17582748,17529272
1984,0,707,334,66,284,0,23,77720200,44279392,48233776,11124,70089160,,19476252,19410772,19446428,19386748,,11024292,11130984,11043500,11080616,,12070784,12096556,12096356,11970080,,2888,2424,2932,2880,,17468328,17508664,17582828,17529340
1987,0,708,334,66,285,0,23,77725540,44270376,48224996,11124,70089416,,19477600,19419204,19447312,19381424,,11024220,11123652,11041840,11080664,,12070756,12089300,12094736,11970204,,2888,2424,2932,2880,,17468376,17508740,17582872,17529428
1990,0,709,334,66,286,0,23,77719908,44271328,48226112,11124,70089604,,19480444,19422848,19432152,19384464,,11020964,11121256,11052208,11076900,,12067552,12086948,12105132,11966480,,2888,2424,2932,2880,,17468428,17508788,17582916,17529472
1992,1,710,334,66,287,0,23,77737584,44268228,48223220,11124,70089828,,19481832,19428620,19439600,19387532,,11020760,11117584,11047632,11082252,,12067392,12083320,12100636,11971872,,2888,2424,2932,2880,,17468480,17508848,17582992,17529508
1995,1,711,334,66,288,0,23,77750580,44258496,48213680,11124,70090120,,19482312,19434292,19441680,19392296,,11017032,11113848,11048296,11079320,,12063712,12079628,12101344,11968996,,2888,2424,2932,2880,,17468520,17508960,17583036,17529604
1998,1,712,334,66,289,0,23,77754448,44238192,48193616,11124,70090372,,19482948,19441232,19444928,19385340,,11015236,11104204,11045452,11073300,,12061976,12070056,12098552,11963032,,2888,2424,2932,2880,,17468580,17509036,17583096,17529660
2001,0,713,334,66,290,0,23,77773344,44219312,48174952,11124,70094964,,19483736,19449212,19446272,19394124,,11014544,11096960,11045276,11062532,,12061332,12062868,12098424,11952328,,2888,2424,2932,2880,,17468664,17513412,17583156,17529732
2004,0,714,334,66,291,0,23,77747076,44232216,48188016,11124,70101296,,19452508,19451144,19447596,19395828,,11033720,11095608,11042272,11060616,,12080500,12061580,12095480,11950456,,2888,2424,2932,2880,,17474848,17513472,17583204,17529772
2007,0,715,334,66,292,0,23,77699128,44302512,48258376,11124,70101404,,19399708,19452016,19449696,19397708,,11097816,11097428,11041224,11066044,,12144536,12063432,12094480,11955928,,2888,2424,2932,2880,,17474828,17513508,17583256,17529812
2009,1,716,334,66,293,0,23,77676500,44308396,48264432,11124,70101660,,19387016,19452136,19437824,19399524,,11103192,11097560,11044504,11063140,,12149944,12063612,12097792,11953084,,2888,2424,2932,2880,,17474860,17513596,17583316,17529888
2012,1,717,334,66,294,0,23,77668140,44320552,48276796,11124,70101908,,19386912,19453932,19416240,19411056,,11109712,11095656,11060596,11054588,,12156508,12061764,12113912,11944612,,2888,2424,2932,2880,,17474904,17513660,17583372,17529972
2015,1,718,334,66,295,0,23,77650416,44346672,48303148,11124,70102248,,19402692,19454908,19381380,19411436,,11093232,11093240,11106700,11053500,,12140120,12059416,12160020,11943592,,2888,2424,2932,2880,,17475060,17513744,17583384,17530060
2018,0,719,334,66,296,0,23,77690856,44316696,48273448,11124,70102524,,19439428,19456580,19382244,19412604,,11067160,11091996,11107008,11050532,,12114184,12058212,12160368,11940684,,2888,2424,2932,2880,,17475192,17513792,17583432,17530108
2021,0,720,334,66,297,0,23,77716004,44288328,48245336,11124,70102784,,19457856,19458324,19388684,19411140,,11045264,11091312,11100396,11051356,,12092384,12057576,12153828,11941548,,2888,2424,2932,2880,,17475288,17513844,17583496,17530156
2024,0,721,334,66,298,0,23,77736016,44269604,48226820,11124,70102996,,19464356,19459200,19399704,19412756,,11038576,11089332,11088884,11052812,,12085752,12055644,12142384,11943040,,2888,2424,2932,2880,,17475344,17513892,17583564,17530196
2026,1,722,334,66,299,0,23,77736124,44257944,48215416,11124,70103284,,19472100,19458192,19392280,19413552,,11030944,11089648,11082256,11055096,,12078176,12056016,12135824,11945400,,2888,2424,2932,2880,,17475404,17513968,17583644,17530268
2029,1,723,334,66,300,0,23,77723092,44258012,48220136,11124,70109180,,19462968,19459604,19404476,19396044,,11037596,11089332,11088860,11042224,,12084892,12055752,12142500,11936992,,2888,2424,2932,2880,,17475464,17514032,17584904,17534780
2032,1,724,334,66,301,0,23,77589120,44384396,48346472,11124,70115228,,19471768,19319196,19399752,19398404,,11027820,11231168,11083608,11041800,,12075160,12197400,12137288,11936624,,2888,2424,2932,2880,,17480620,17513856,17585920,17534832
2035,0,725,334,66,302,0,23,77698636,44276980,48239528,11124,70115732,,19474808,19423556,19400828,19399444,,11024744,11126152,11086700,11039384,,12072148,12092692,12140424,11934264,,2888,2424,2932,2880,,17480704,17514164,17585968,17534896
2038,0,726,334,66,303,0,23,77663176,44314148,48276848,11124,70115900,,19477952,19425996,19412780,19346448,,11021696,11123572,11075888,11092992,,12069132,12090156,12129716,11987844,,2888,2424,2932,2880,,17480748,17514204,17586064,17534884
2040,1,727,334,66,304,0,23,77713028,44261012,48224024,11124,70116240,,19482596,19428052,19435584,19366796,,11015460,11120996,11050408,11074148,,12062964,12087616,12104312,11969132,,2888,2424,2932,2880,,17480808,17514248,17586152,17535032
2043,1,728,334,66,305,0,23,77726132,44249656,48212884,11124,70116524,,19486236,19430948,19439584,19369364,,11013216,11116464,11046784,11073192,,12060772,12083128,12100752,11968232,,2888,2424,2932,2880,,17480888,17514304,17586252,17535080
2046,0,729,334,66,306,0,23,77720460,44258956,48222304,11124,70116732,,19487436,19419276,19441784,19371964,,11010524,11128908,11048432,11071092,,12058112,12095576,12102440,11966176,,2888,2424,2932,2880,,17480928,17514336,17586312,17535156
2049,0,730,334,66,307,0,23,77732308,44247888,48211488,11124,70122112,,19494736,19422880,19440344,19374348,,11005732,11128356,11046616,11067184,,12053388,12095084,12100688,11962328,,2888,2424,2932,2880,,17486116,17514392,17586368,17535236
2051,1,731,334,66,308,0,23,77737528,44239468,48203260,11124,70122316,,19497216,19426680,19435872,19377760,,11003748,11124484,11047780,11063456,,12051452,12091256,12101904,11958648,,2888,2424,2932,2880,,17486160,17514428,17586444,17535284
2054,1,732,334,66,309,0,23,77748816,44230488,48194456,11124,70122656,,19497676,19432164,19437668,19381308,,11003344,11118412,11047696,11061036,,12051092,12085224,12101876,11956264,,2888,2424,2932,2880,,17486208,17514472,17586660,17535316
2057,0,733,334,66,310,0,23,77775036,44202048,48166228,11124,70127996,,19498128,19450852,19439852,19386204,,11004932,11092632,11047520,11056964,,12052740,12059500,12101752,11952236,,2888,2424,2932,2880,,17486260,17519660,17586712,17535364
2060,0,734,334,66,311,0,23,77773724,44184520,48152908,11124,70132296,,19498684,19450060,19442600,19382380,,11001864,11088020,11043744,11050892,,12049712,12058940,12098032,11946224,,2888,2424,2932,2880,,17486300,17523788,17586772,17535436
2063,0,735,334,66,312,0,23,77784076,44179408,48148092,11124,70132532,,19500928,19452428,19445340,19385380,,10998520,11088100,11040484,11052304,,12046412,12059184,12094804,11947692,,2888,2424,2932,2880,,17486356,17523872,17586812,17535492
2065,1,736,334,66,313,0,23,77792960,44171116,48140056,11124,70132852,,19502468,19454636,19446828,19389028,,10996888,11085880,11041660,11046688,,12044840,12057012,12096060,11942144,,2888,2424,2932,2880,,17486408,17523916,17586916,17535612
2068,1,737,334,66,314,0,23,77796260,44171936,48141032,11124,70133016,,19502624,19455232,19447488,19390916,,10999256,11084540,11042572,11045568,,12047244,12055716,12097004,11941068,,2888,2424,2932,2880,,17486444,17523960,17586956,17535656
2071,0,738,334,66,315,0,23,77792504,44163000,48132308,11124,70138392,,19508324,19456052,19450836,19377292,,10989376,11082716,11037764,11053144,,12037420,12053948,12092264,11948676,,2888,2424,2932,2880,,17491624,17524020,17587024,17535724
2074,0,739,334,66,316,0,23,77802592,44155144,48124652,11124,70138632,,19508904,19461568,19453624,19378496,,10988456,11077988,11037780,11050920,,12036536,12049284,12092320,11946512,,2888,2424,2932,2880,,17491652,17524080,17587112,17535788
2076,1,740,334,66,317,0,23,77764488,44193260,48162884,11124,70138764,,19460616,19463512,19454532,19385828,,11024848,11083876,11035912,11048624,,12072896,12055228,12090492,11944268,,2888,2424,2932,2880,,17491620,17524148,17587144,17535852
2079,1,741,334,66,318,0,23,77738500,44223548,48193352,11124,70139076,,19431768,19464192,19455800,19386740,,11061320,11080032,11033476,11048720,,12109368,12051436,12088112,11944436,,2888,2424,2932,2880,,17491656,17524240,17587244,17535936
2082,1,742,334,66,319,0,23,77721236,44236728,48206728,11124,70139332,,19418672,19464784,19449964,19387816,,11079088,11080588,11028576,11048476,,12127172,12052032,12083288,11944236,,2888,2424,2932,2880,,17491748,17524284,17587316,17535984
2085,0,743,334,66,320,0,23,77690896,44257488,48227624,11124,70139468,,19411916,19464804,19414756,19399420,,11078612,11080552,11061036,11037288,,12126716,12052068,12115716,11933124,,2888,2424,2932,2880,,17491768,17524356,17587292,17536052
2088,0,744,334,66,321,0,23,77670380,44280828,48251140,11124,70139656,,19410304,19466500,19394048,19399528,,11086016,11080060,11078876,11035876,,12134184,12051612,12133564,11931780,,2888,2424,2932,2880,,17491824,17524392,17587304,17536136
2090,1,745,334,66,322,0,23,77690980,44274660,48245220,11124,70139936,,19435784,19467256,19387960,19399980,,11063344,11078660,11096032,11036624,,12111628,12050272,12150748,11932572,,2888,2424,2932,2880,,17491968,17524460,17587332,17536176
2093,1,746,334,66,323,0,23,77602908,44368032,48342268,11124,70148952,,19488708,19327084,19387392,19399724,,11006468,11221996,11097156,11042412,,12058520,12193412,12151916,11938420,,2888,2424,2932,2880,,17500984,17524272,17587420,17536276
2096,0,747,334,66,324,0,23,77744764,44216340,48187560,11124,70146112,,19509996,19432320,19400084,19402364,,10973776,11116316,11086652,11039596,,12022324,12088036,12141536,11935664,,2888,2424,2932,2880,,17497620,17524592,17587536,17536364
2099,0,748,334,66,325,0,23,77480356,44479476,48451064,11124,70146444,,19386564,19435588,19392924,19265280,,11108392,11114216,11089120,11167748,,12157384,12086000,12144052,12063628,,2888,2424,2932,2880,,17498024,17524664,17587584,17536172
2102,0,749,334,66,326,0,23,77571288,44388996,48361016,11124,70146920,,19385268,19438072,19385560,19362388,,11107072,11110568,11095432,11075924,,12156112,12082388,12150400,11972116,,2888,2424,2932,2880,,17498080,17524696,17587628,17536516
2104,1,750,334,66,327,0,23,77588764,44389264,48361520,11124,70147156,,19385764,19440404,19397076,19365520,,11110984,11108316,11094892,11075072,,12160084,12080188,12149920,11971328,,2888,2424,2932,2880,,17498136,17524760,17587688,17536572
2107,1,751,334,66,328,0,23,77596420,44386484,48358936,11124,70147444,,19386040,19443548,19398452,19368380,,11114588,11106036,11095020,11070840,,12163728,12077968,12150112,11967128,,2888,2424,2932,2880,,17498192,17524816,17587784,17536652
2110,1,752,334,66,329,0,23,77622812,44349888,48324724,11124,70149832,,19412196,19445180,19394676,19370760,,11094000,11104296,11082936,11068656,,12143272,12076272,12140172,11965008,,2888,2424,2932,2880,,17498308,17524896,17589916,17536712
2113,0,753,334,66,330,0,23,77705220,44261448,48236620,11124,70160564,,19459008,19455472,19417196,19373544,,11042128,11095040,11059292,11064988,,12091540,12067064,12116640,11961376,,2888,2424,2932,2880,,17503576,17530132,17590032,17536824
2116,0,754,334,66,331,0,23,77753508,44214324,48189748,11124,70160884,,19488648,19460864,19426372,19377624,,11012776,11087236,11055792,11058520,,12062272,12059304,12113184,11954988,,2888,2424,2932,2880,,17503664,17530176,17590084,17536960
2119,0,755,334,66,332,0,23,77777452,44180308,48163328,11124,70168748,,19492112,19450896,19451276,19383168,,11008880,11090640,11025588,11055200,,12058432,12062736,12090424,11951736,,2888,2424,2932,2880,,17503728,17530236,17597728,17537056
2121,1,756,334,66,333,0,23,77640040,44328320,48304144,11124,70161476,,19493444,19453388,19305468,19387740,,11007400,11088684,11182280,11049956,,12057008,12060828,12239748,11946560,,2888,2424,2932,2880,,17503784,17530280,17590252,17537160
2126,1,757,334,66,334,0,23,77658300,44274044,48254392,11124,70166044,,19497496,19455240,19313852,19391712,,11003968,11091800,11132944,11045332,,12053652,12064032,12194720,11941988,,2888,2424,2932,2880,,17503864,17530368,17594548,17537264
2129,1,758,334,66,335,0,23,77670484,44267584,48248140,11124,70166276,,19502292,19467188,19308832,19392172,,10995352,11078192,11145484,11048556,,12045088,12050484,12207300,11945268,,2888,2424,2932,2880,,17503904,17530428,17594600,17537344
2132,0,759,334,66,336,0,23,77670368,44264512,48245260,11124,70166504,,19506820,19461128,19308996,19393424,,10995316,11075376,11146380,11047440,,12045092,12047716,12208244,11944208,,2888,2424,2932,2880,,17503944,17530488,17594640,17537432
2135,0,760,334,66,337,0,23,77690156,44244540,48225556,11124,70166808,,19510540,19461604,19330360,19387652,,10990304,11076828,11137908,11039500,,12040136,12049212,12199884,11936324,,2888,2424,2932,2880,,17504004,17530528,17594784,17537492
2137,1,761,334,66,338,0,23,77737504,44201896,48183208,11124,70167144,,19512776,19462700,19372560,19389468,,10986728,11077584,11095444,11042140,,12036596,12050004,12157584,11939024,,2888,2424,2932,2880,,17504076,17530568,17594948,17537552
2140,1,762,334,66,339,0,23,77774232,44156072,48137652,11124,70167440,,19514556,19462704,19406688,19390284,,10985540,11076932,11051548,11042052,,12035476,12049408,12113808,11938960,,2888,2424,2932,2880,,17504148,17530628,17595084,17537580
2143,1,763,334,66,340,0,23,77778756,44166728,48148520,11124,70167648,,19515100,19463596,19408856,19391204,,10985456,11079696,11054944,11046632,,12035440,12052216,12117252,11943612,,2888,2424,2932,2880,,17504196,17530672,17595124,17537656
2146,0,764,334,66,341,0,23,77774996,44155628,48137836,11124,70168240,,19516108,19469136,19412440,19377312,,10982504,11070660,11052248,11050216,,12032752,12043240,12114608,11947236,,2888,2424,2932,2880,,17504528,17530748,17595220,17537744
2149,0,765,334,66,342,0,23,77789844,44151384,48133816,11124,70168580,,19518416,19472688,19415856,19382884,,10980660,11077612,11048504,11044608,,12030956,12050244,12110928,11941688,,2888,2424,2932,2880,,17504580,17530800,17595336,17537864
2152,0,766,334,66,343,0,23,77792868,44152980,48135624,11124,70168892,,19517748,19472884,19418644,19383592,,10980924,11075172,11046228,11050656,,12031264,12047848,12108716,11947796,,2888,2424,2932,2880,,17504680,17530856,17595428,17537928
2154,1,767,334,66,344,0,23,77656020,44278748,48261504,11124,70169040,,19517464,19332384,19422528,19383644,,10979384,11210260,11040440,11048664,,12029780,12182736,12103140,11945848,,2888,2424,2932,2880,,17504772,17530648,17595644,17537976
2157,1,768,334,66,345,0,23,77805864,44132332,48122600,11124,70176740,,19517936,19437368,19428304,19422256,,10976492,11109892,11034492,11011456,,12026924,12082672,12097224,11915780,,2888,2424,2932,2880,,17504816,17530944,17595740,17545240
2160,0,769,334,66,346,0,23,77785904,44097220,48085136,11124,70174568,,19503708,19441016,19433068,19408112,,10982568,11103692,11030020,10980940,,12033052,12076516,12092812,11882756,,2888,2424,2932,2880,,17504868,17530992,17595816,17542892
2163,0,770,334,66,347,0,23,77737216,44195456,48183600,11124,70174512,,19504296,19441204,19434184,19357532,,10982576,11101784,11027684,11083412,,12033124,12074668,12090536,11985272,,2888,2424,2932,2880,,17504924,17531048,17595884,17542656
2166,0,771,334,66,348,0,23,77737728,44198172,48186508,11124,70174780,,19504264,19443864,19436376,19353224,,10985248,11100468,11026448,11086008,,12035836,12073400,12089348,11987924,,2888,2424,2932,2880,,17504972,17531116,17595936,17542756
2168,1,772,334,66,349,0,23,77737288,44202708,48191200,11124,70174960,,19497684,19446512,19436808,19356284,,10992940,11099884,11023432,11086452,,12043552,12072856,12086376,11988416,,2888,2424,2932,2880,,17504996,17531180,17595992,17542792
2171,1,773,334,66,350,0,23,77699520,44233068,48223708,11124,70182312,,19449028,19454568,19437836,19358088,,11036704,11091044,11020356,11084964,,12089296,12064080,12083352,11986980,,2888,2424,2932,2880,,17507040,17536360,17596064,17542848
2174,0,774,334,66,351,0,23,77657048,44284796,48275652,11124,70182448,,19390660,19457536,19438348,19370504,,11109236,11087700,11018284,11069576,,12161836,12060784,12081340,11971692,,2888,2424,2932,2880,,17506976,17536408,17596120,17542944
2177,0,775,334,66,352,0,23,77672056,44279632,48270692,11124,70182724,,19391576,19463000,19439940,19377540,,11108668,11084232,11023444,11063288,,12161308,12057364,12086564,11965456,,2888,2424,2932,2880,,17507060,17536476,17596184,17543004
2179,1,776,334,66,353,0,23,77684480,44268384,48259680,11124,70183008,,19393644,19468556,19440980,19381300,,11108052,11077852,11023700,11058780,,12160744,12051048,12086864,11961024,,2888,2424,2932,2880,,17507108,17536536,17596248,17543116
2182,1,777,334,66,354,0,23,77698876,44255720,48247232,11124,70183236,,19404412,19470420,19438440,19385604,,11102992,11075328,11023180,11054220,,12155744,12048572,12086408,11956508,,2888,2424,2932,2880,,17507172,17536588,17596312,17543164
2185,1,778,334,66,355,0,23,77744892,44179400,48171216,11124,70183528,,19461252,19472712,19418464,19392464,,11032536,11072300,11027888,11046676,,12085484,12045604,12091136,11948992,,2888,2424,2932,2880,,17507356,17536652,17596332,17543188
2188,0,779,334,66,356,0,23,77782780,44143104,48135428,11124,70184108,,19488724,19466240,19430812,19397004,,11004860,11066992,11027456,11043796,,12058136,12040332,12090780,11946180,,2888,2424,2932,2880,,17507700,17536684,17596400,17543324
2191,0,780,334,66,357,0,23,77763124,44144440,48141536,11124,70188928,,19473208,19459920,19431208,19398788,,10997752,11078796,11026544,11041348,,12055676,12052160,12089924,11943776,,2888,2424,2932,2880,,17512364,17536716,17596448,17543400
2193,1,781,334,66,358,0,23,77769732,44140376,48137712,11124,70189196,,19475836,19461104,19431688,19401104,,10998852,11079936,11024212,11037376,,12056824,12053356,12087636,11939896,,2888,2424,2932,2880,,17512424,17536776,17596504,17543492
2196,1,782,334,66,359,0,23,77718608,44187672,48185140,11124,70189352,,19478124,19461580,19376908,19401996,,10994824,11081056,11073564,11038228,,12052860,12054540,12136952,11940788,,2888,2424,2932,2880,,17512480,17536864,17596460,17543548
2199,0,783,334,66,360,0,23,77662928,44243892,48241436,11124,70189460,,19480620,19462260,19315580,19404468,,10993328,11080624,11134676,11035264,,12051412,12054156,12198012,11937856,,2888,2424,2932,2880,,17512528,17536912,17596436,17543584
2202,0,784,334,66,361,0,23,77669352,44248048,48245804,11124,70189712,,19483648,19469300,19310136,19406268,,10989868,11074924,11151508,11031748,,12047992,12048528,12214880,11934404,,2888,2424,2932,2880,,17512576,17536980,17596464,17543692
2204,1,785,334,66,362,0,23,77668140,44237272,48235228,11124,70189928,,19485940,19468024,19308900,19405276,,10985944,11069576,11150192,11031560,,12044124,12043220,12213620,11934264,,2888,2424,2932,2880,,17512620,17537024,17596536,17543748
2207,1,786,334,66,363,0,23,77683124,44221604,48219832,11124,70190196,,19492852,19468172,19315892,19406208,,10979788,11069116,11141580,11031120,,12038020,12042824,12205084,11933904,,2888,2424,2932,2880,,17512680,17537084,17596604,17543828
2210,1,787,334,66,364,0,23,77729576,44173436,48171968,11124,70190612,,19495464,19469484,19357428,19407200,,10975784,11069296,11096388,11031968,,12034072,12043060,12160024,11934812,,2888,2424,2932,2880,,17512764,17537152,17596788,17543908
2213,0,788,334,66,365,0,23,77770548,44142948,48141764,11124,70190900,,19497404,19470096,19395084,19407964,,10975012,11068628,11067240,11032068,,12033344,12042432,12131036,11934952,,2888,2424,2932,2880,,17512820,17537196,17596932,17543952
2216,0,789,334,66,366,0,23,77801544,44107040,48109500,11124,70194700,,19499004,19485548,19408424,19408568,,10973540,11048476,11055944,11029080,,12031928,12025756,12119808,11932008,,2888,2424,2932,2880,,17512880,17540792,17597016,17544012
2218,1,790,334,66,367,0,23,77807620,44061468,48065560,11124,70201444,,19499728,19487708,19411120,19409064,,10971564,11009028,11053092,11027784,,12029992,11987780,12117020,11930768,,2888,2424,2932,2880,,17512912,17547380,17597096,17544056
2221,1,791,334,66,368,0,23,77681864,44225100,48224620,11124,70197000,,19499884,19359064,19413236,19409680,,10963136,11184220,11049804,11027940,,12021628,12158240,12113784,11930968,,2888,2424,2932,2880,,17512984,17542712,17597140,17544164
2224,0,792,334,66,369,0,23,77728024,44186496,48186232,11124,70197044,,19500084,19437704,19416096,19374140,,10964572,11110120,11046668,11065136,,12023112,12084168,12110700,11968252,,2888,2424,2932,2880,,17513028,17542568,17597196,17544252
2227,0,793,334,66,370,0,23,77734148,44176024,48175980,11124,70197300,,19501964,19435304,19420020,19376860,,10961232,11107092,11043844,11063856,,12019832,12081192,12107928,11967028,,2888,2424,2932,2880,,17513124,17542612,17597252,17544312
2230,0,794,334,66,371,0,23,77743488,44176260,48176436,11124,70197552,,19502472,19437280,19424424,19379312,,10970172,11106680,11038100,11061308,,12028840,12080820,12102248,11964528,,2888,2424,2932,2880,,17513192,17542684,17597312,17544364
2232,1,795,334,66,372,0,23,77746732,44172080,48172420,11124,70197748,,19496240,19440960,19427784,19381748,,10971300,11104692,11036816,11059272,,12029980,12078880,12101028,11962532,,2888,2424,2932,2880,,17513208,17542728,17597376,17544436
2235,1,796,334,66,373,0,23,77740824,44154064,48154584,11124,70197948,,19485420,19452108,19431592,19371704,,10980052,11086272,11028860,11058880,,12038776,12060528,12093112,11962168,,2888,2424,2932,2880,,17513260,17542800,17597420,17544468
2238,0,797,334,66,374,0,23,77743124,44148056,48148772,11124,70198172,,19486176,19455504,19434996,19366448,,10979604,11082644,11026232,11059576,,12038388,12056944,12090524,11962916,,2888,2424,2932,2880,,17513312,17542840,17597484,17544536
2241,0,798,334,66,375,0,23,77742492,44153692,48154636,11124,70198388,,19479820,19459136,19435432,19368104,,10984984,11078096,11027012,11063600,,12043808,12052452,12091384,11966992,,2888,2424,2932,2880,,17513360,17542896,17597544,17544588
2244,0,799,334,66,376,0,23,77730344,44160288,48161400,11124,70198612,,19459652,19462532,19436352,19371808,,10989824,11075592,11026264,11068608,,12048668,12049992,12090688,11972052,,2888,2424,2932,2880,,17513384,17542956,17597612,17544660
2246,1,800,334,66,377,0,23,77669744,44233596,48234800,11124,70198796,,19398792,19466788,19426992,19377172,,11067112,11071928,11030816,11063740,,12125904,12046364,12095304,11967228,,2888,2424,2932,2880,,17513332,17543004,17597700,17544760
2249,1,801,334,66,378,0,23,77665600,44234720,48236096,11124,70198976,,19371092,19470764,19428348,19395396,,11092136,11068256,11030116,11044212,,12150932,12042732,12094656,11947776,,2888,2424,2932,2880,,17513336,17543044,17597752,17544844
2252,0,802,334,66,379,0,23,77674232,44234756,48236380,11124,70199228,,19372656,19474100,19430212,19397264,,11096960,11067144,11029400,11041252,,12155828,12041668,12093988,11944896,,2888,2424,2932,2880,,17513404,17543096,17597804,17544924
2255,0,803,334,66,380,0,23,77684136,44234276,48236108,11124,70204596,,19372264,19480420,19431576,19399876,,11101584,11062752,11030684,11039256,,12160488,12037324,12095340,11942956,,2888,2424,2932,2880,,17513440,17548260,17597908,17544988
2257,1,804,334,66,381,0,23,77730592,44189204,48191344,11124,70204924,,19414864,19482052,19433008,19400668,,11059324,11062364,11028432,11039084,,12118384,12036980,12093144,11942836,,2888,2424,2932,2880,,17513620,17548304,17597968,17545032
2260,1,805,334,66,382,0,23,77775708,44140152,48142620,11124,70205248,,19457616,19482564,19434860,19400668,,11018568,11058668,11025532,11037384,,12077776,12033352,12090300,11941192,,2888,2424,2932,2880,,17513756,17548376,17598028,17545088
2263,1,806,334,66,383,0,23,77792692,44119952,48122636,11124,70205568,,19471076,19484796,19435308,19401512,,11001960,11057240,11023704,11037048,,12061232,12031968,12088532,11940904,,2888,2424,2932,2880,,17513828,17548456,17598084,17545200
2266,0,807,334,66,384,0,23,77800284,44111120,48114004,11124,70205816,,19473372,19486504,19437676,19402732,,11000056,11053768,11021976,11035320,,12059388,12028536,12086848,11939232,,2888,2424,2932,2880,,17513896,17548500,17598160,17545260
2269,0,808,334,66,385,0,23,77773164,44126068,48129108,11124,70205972,,19477980,19486688,19404132,19404364,,10995116,11054892,11043780,11032280,,12054500,12029716,12108640,11936252,,2888,2424,2932,2880,,17513948,17548552,17598148,17545324
2271,1,809,334,66,386,0,23,77724056,44185104,48188304,11124,70206152,,19481336,19487736,19349640,19405344,,10990836,11056784,11106688,11030796,,12050280,12031656,12171556,11934812,,2888,2424,2932,2880,,17514012,17548596,17598156,17545388
2274,1,810,334,66,387,0,23,77693612,44197364,48200696,11124,70206312,,19484468,19488468,19314788,19405888,,10988332,11057260,11123304,11028468,,12047812,12032188,12188144,11932552,,2888,2424,2932,2880,,17514048,17548656,17598120,17545488
2277,1,811,334,66,388,0,23,77697704,44199300,48202816,11124,70206604,,19488140,19488304,19314704,19406556,,10984828,11056244,11129868,11028360,,12044356,12031224,12194748,11932488,,2888,2424,2932,2880,,17514108,17548740,17598196,17545560
2280,0,812,334,66,389,0,23,77710812,44182916,48186660,11124,70206832,,19488880,19489068,19326108,19406756,,10976216,11053360,11123956,11029384,,12035796,12028380,12188912,11933572,,2888,2424,2932,2880,,17514156,17548784,17598276,17545616
2283,0,813,334,66,390,0,23,77677080,44197732,48201760,11124,70207168,,19493136,19424716,19352544,19406684,,10973060,11097368,11096980,11030324,,12032704,12072416,12162056,11934584,,2888,2424,2932,2880,,17514252,17548800,17598396,17545720
2286,0,814,334,66,391,0,23,77712352,44195128,48199496,11124,70207532,,19494860,19444144,19400616,19372732,,10969900,11103120,11056328,11065780,,12029584,12078248,12121584,11970080,,2888,2424,2932,2880,,17514308,17548876,17598572,17545776
2288,1,815,334,66,392,0,23,77732576,44170356,48174948,11124,70207760,,19497640,19446816,19412536,19375584,,10968064,11098904,11042632,11060756,,12027804,12074072,12107952,11965120,,2888,2424,2932,2880,,17514348,17548912,17598660,17545840
2291,1,816,334,66,393,0,23,77742268,44167236,48172032,11124,70208024,,19497932,19450188,19416180,19377968,,10972740,11095048,11040180,11059268,,12032524,12070284,12105560,11963664,,2888,2424,2932,2880,,17514392,17548992,17598764,17545876
2294,1,817,334,66,394,0,23,77742516,44163132,48168128,11124,70208216,,19500264,19443300,19418112,19380840,,10972924,11097372,11036356,11056480,,12032752,12072644,12101776,11960956,,2888,2424,2932,2880,,17514444,17549016,17598804,17545952
2297,0,818,334,66,395,0,23,77751032,44155360,48160544,11124,70208412,,19501216,19446356,19420260,19383200,,10970056,11094408,11037600,11053296,,12029928,12069724,12103068,11957824,,2888,2424,2932,2880,,17514488,17549068,17598852,17546004
2300,0,819,334,66,396,0,23,77760152,44148816,48154228,11124,70208752,,19502428,19448936,19423420,19385368,,10967108,11094856,11036468,11050384,,12027044,12070224,12101996,11954964,,2888,2424,2932,2880,,17514632,17549128,17598928,17546064
2302,1,820,334,66,397,0,23,77774904,44136460,48142080,11124,70214068,,19502760,19456296,19427008,19388840,,10968332,11086844,11031100,11050184,,12028304,12062264,12096684,11954828,,2888,2424,2932,2880,,17514676,17554292,17598972,17546128
2305,1,821,334,66,398,0,23,77779008,44107552,48113372,11124,70214272,,19489532,19471272,19424072,19394132,,10972716,11070968,11020580,11043288,,12032716,12046460,12086212,11947984,,2888,2424,2932,2880,,17514696,17554372,17599024,17546180
2308,1,822,334,66,399,0,23,77771636,44115064,48121072,11124,70214556,,19490288,19480528,19424028,19376792,,10977612,11065752,11033172,11038528,,12037648,12041308,12098860,11943256,,2888,2424,2932,2880,,17514780,17554444,17599112,17546220
2311,0,823,334,66,400,0,23,77780068,44111572,48117732,11124,70214764,,19490380,19483488,19427756,19378444,,10977604,11060816,11032556,11040596,,12037668,12036420,12098284,11945360,,2888,2424,2932,2880,,17514832,17554492,17599180,17546260
2314,0,824,334,66,401,0,23,77786212,44115272,48121656,11124,70214988,,19490828,19485468,19428928,19380988,,10980900,11062364,11030284,11041724,,12041024,12038016,12096060,11946556,,2888,2424,2932,2880,,17514896,17554544,17599220,17546328
2316,1,825,334,66,402,0,23,77743304,44158296,48164804,11124,70215172,,19441996,19488212,19430788,19382308,,11027064,11055772,11028140,11047320,,12087160,12031476,12093968,11952200,,2888,2424,2932,2880,,17514868,17554648,17599280,17546376
2319,1,826,334,66,403,0,23,77718916,44185404,48196164,11124,70219472,,19410104,19489356,19431632,19387824,,11059520,11055716,11028600,11041568,,12123688,12031472,12094480,11946524,,2888,2424,2932,2880,,17518972,17554700,17599356,17546444
2322,0,827,334,66,404,0,23,77703196,44188472,48199444,11124,70219696,,19380180,19490560,19433896,19398560,,11076472,11054708,11026984,11030308,,12140644,12030520,12092940,11935340,,2888,2424,2932,2880,,17518968,17554772,17599436,17546520
2325,0,828,334,66,405,0,23,77707352,44182896,48194032,11124,70219912,,19380096,19490168,19435560,19401528,,11079964,11052764,11023480,11026688,,12144184,12028604,12089468,11931776,,2888,2424,2932,2880,,17519032,17554824,17599480,17546576
2328,0,829,334,66,406,0,23,77717828,44172596,48188020,11124,70224212,,19380648,19492192,19441240,19403748,,11081148,11051376,11013984,11026088,,12145416,12027264,12084112,11931228,,2888,2424,2932,2880,,17519080,17554868,17603628,17546636
2330,1,830,334,66,407,0,23,77784528,44129724,48145552,11124,70224716,,19443048,19494108,19443208,19404164,,11032256,11052008,11012252,11033208,,12096744,12027948,12082444,11938416,,2888,2424,2932,2880,,17519364,17554912,17603740,17546700
2333,1,831,334,66,408,0,23,77798984,44111180,48127240,11124,70224968,,19455152,19494404,19444008,19405420,,11016232,11051344,11011676,11031928,,12080776,12027348,12081936,11937180,,2888,2424,2932,2880,,17519420,17554980,17603812,17546756
2336,0,832,334,66,409,0,23,77825552,44083844,48100188,11124,70225308,,19478604,19495076,19444884,19406988,,10991136,11050452,11012576,11029680,,12055776,12026516,12082900,11934996,,2888,2424,2932,2880,,17519512,17555040,17603940,17546816
2339,0,833,334,66,410,0,23,77830216,44066208,48082712,11124,70230612,,19481596,19501168,19439116,19408336,,10988836,11041264,11009136,11026972,,12053532,12017360,12079480,11932340,,2888,2424,2932,2880,,17519604,17560192,17603952,17546864
2342,0,834,334,66,411,0,23,77809072,44075768,48092444,11124,70230900,,19482168,19501408,19418420,19407076,,10978844,11041304,11027672,11027948,,12043604,12017448,12098036,11933356,,2888,2424,2932,2880,,17519704,17560248,17604020,17546928
2344,1,835,334,66,412,0,23,77613704,44272408,48289004,11124,70230884,,19484364,19359212,19362812,19407316,,10982520,11181720,11078764,11029404,,12047336,12157688,12149096,11934884,,2888,2424,2932,2880,,17519764,17560072,17604028,17547020
2347,1,836,334,66,413,0,23,77645748,44259052,48276032,11124,70231252,,19487092,19465228,19320408,19373020,,10981692,11080456,11131180,11065724,,12046540,12056720,12201496,11971276,,2888,2424,2932,2880,,17519796,17560356,17604016,17547084
2350,1,837,334,66,414,0,23,77661836,44257040,48274260,11124,70231484,,19492240,19467548,19326128,19375920,,10976448,11077488,11139724,11063380,,12041336,12053800,12210120,11969004,,2888,2424,2932,2880,,17519832,17560404,17604104,17547144
2353,0,838,334,66,415,0,23,77669436,44236588,48254028,11124,70231740,,19496628,19463068,19331648,19378092,,10972428,11071312,11133696,11059152,,12037384,12047688,12204144,11964812,,2888,2424,2932,2880,,17519908,17560464,17604172,17547196
2356,0,839,334,66,416,0,23,77701216,44206028,48223732,11124,70232072,,19496912,19465128,19359352,19379824,,10971736,11073860,11102432,11058000,,12036752,12050276,12172996,11963708,,2888,2424,2932,2880,,17519968,17560512,17604360,17547232
2359,0,840,334,66,417,0,23,77751412,44157456,48175484,11124,70232384,,19499304,19468464,19401068,19382576,,10971400,11069608,11057880,11058568,,12036456,12046080,12128604,11964344,,2888,2424,2932,2880,,17520008,17560560,17604516,17547300
2361,1,841,334,66,418,0,23,77764952,44137648,48155888,11124,70232620,,19500840,19470752,19408152,19385208,,10968772,11068364,11045824,11054688,,12033880,12044872,12116608,11960528,,2888,2424,2932,2880,,17520060,17560600,17604576,17547384
2364,1,842,334,66,419,0,23,77782568,44122716,48141192,11124,70232888,,19501492,19468392,19422448,19390236,,10967632,11072016,11032944,11050124,,12032784,12048576,12103824,11956008,,2888,2424,2932,2880,,17520100,17560676,17604680,17547432
2367,1,843,334,66,420,0,23,77778384,44109832,48128520,11124,70233108,,19502708,19470676,19412360,19392640,,10967432,11059220,11036168,11047012,,12032640,12035852,12107092,11952936,,2888,2424,2932,2880,,17520168,17560748,17604728,17547464
2370,1,844,334,66,421,0,23,77792204,44099336,48118248,11124,70233368,,19504404,19475068,19415500,19397232,,10964076,11058924,11033880,11042456,,12029348,12035604,12104856,11948440,,2888,2424,2932,2880,,17520236,17560796,17604808,17547528
2373,0,845,334,66,422,0,23,77805604,44088956,48108100,11124,70238732,,19505032,19482776,19417796,19400000,,10961664,11054936,11033488,11038868,,12026992,12031660,12104532,11944916,,2888,2424,2932,2880,,17520288,17565972,17604884,17547588
2376,0,846,334,66,423,0,23,77820076,44078504,48097836,11124,70239484,,19505456,19490160,19423116,19401344,,10961904,11048484,11029880,11038236,,12027244,12025260,12100968,11944364,,2888,2424,2932,2880,,17520356,17566448,17605008,17547672
2378,1,847,334,66,424,0,23,77828824,44073804,48093352,11124,70239712,,19506500,19492160,19426856,19403308,,10962508,11047644,11028740,11034912,,12027904,12024476,12099896,11941076,,2888,2424,2932,2880,,17520408,17566516,17605084,17547704
2381,1,848,334,66,425,0,23,77813536,44050756,48070508,11124,70239936,,19494396,19498916,19429952,19390272,,10959040,11039948,11029280,11022488,,12024472,12016864,12100488,11928684,,2888,2424,2932,2880,,17520440,17566624,17605128,17547744
2384,1,849,334,66,426,0,23,77810752,44047216,48067144,11124,70240132,,19494592,19499992,19432284,19383884,,10956600,11041460,11028712,11020444,,12022080,12018432,12099956,11926676,,2888,2424,2932,2880,,17520504,17566676,17605172,17547780
2387,1,850,334,66,427,0,23,77816524,44067516,48087660,11124,70240376,,19495212,19500864,19436180,19384268,,10967888,11043964,11023824,11031840,,12033408,12020984,12095144,11938124,,2888,2424,2932,2880,,17520544,17566728,17605276,17547828
2390,0,851,334,66,428,0,23,77784928,44110096,48130432,11124,70240576,,19461016,19502272,19436804,19384836,,11007868,11041692,11022052,11038484,,12073400,12018760,12093416,11944856,,2888,2424,2932,2880,,17520564,17566772,17605324,17547916
2393,0,852,334,66,429,0,23,77749408,44147692,48168164,11124,70240732,,19403036,19503572,19441164,19401636,,11066228,11039288,11017500,11024676,,12131704,12016400,12088940,11931120,,2888,2424,2932,2880,,17520504,17566840,17605400,17547988
2396,0,853,334,66,430,0,23,77738004,44151132,48171828,11124,70240944,,19387664,19506256,19442360,19401724,,11067072,11036892,11016224,11030944,,12132592,12014084,12087704,11937448,,2888,2424,2932,2880,,17520540,17566912,17605440,17548052
2398,1,854,334,66,431,0,23,77733656,44165408,48186280,11124,70241168,,19379884,19508392,19443288,19402092,,11079468,11036068,11014092,11035780,,12145028,12013296,12085616,11942340,,2888,2424,2932,2880,,17520604,17566952,17605512,17548100
2401,1,855,334,66,432,0,23,77765708,44143968,48165092,11124,70246552,,19405756,19513952,19443600,19402400,,11066336,11027464,11014548,11035620,,12132008,12004740,12086116,11942228,,2888,2424,2932,2880,,17520700,17572148,17605552,17548152
2404,1,856,334,66,433,0,23,77811800,44085120,48106604,11124,70251212,,19446876,19513832,19444972,19406120,,11015588,11026940,11011276,11031316,,12081396,12004272,12082924,11938012,,2888,2424,2932,2880,,17525124,17572196,17605656,17548236
2407,0,857,334,66,434,0,23,77664340,44244320,48265836,11124,70251344,,19469496,19475212,19446232,19273400,,11000884,11069944,11010972,11162520,,12066792,12047328,12082676,12069040,,2888,2424,2932,2880,,17525228,17572292,17605752,17548072
2410,0,858,334,66,435,0,23,77780996,44127364,48153032,11124,70255612,,19488268,19478728,19439344,19374656,,10978652,11066036,11017072,11065604,,12048340,12043480,12088816,11972396,,2888,2424,2932,2880,,17529124,17572360,17605788,17548340
2413,0,859,334,66,436,0,23,77779744,44078596,48100912,11124,70257364,,19495716,19482444,19419380,19382204,,10933012,11059392,11030484,11055708,,11999164,12036912,12102252,11962584,,2888,2424,2932,2880,,17530696,17572424,17605824,17548420
2417,0,860,334,66,437,0,23,77651828,44250812,48273076,11124,70262308,,19389108,19485532,19392424,19384764,,11083836,11057596,11054300,11055080,,12149800,12035176,12126080,11962020,,2888,2424,2932,2880,,17535504,17572484,17605840,17548480
2420,0,861,334,66,438,0,23,77606160,44292076,48314472,11124,70267576,,19388192,19487948,19343436,19386584,,11077320,11056844,11105716,11052196,,12143304,12034452,12177512,11959204,,2888,2424,2932,2880,,17540660,17572512,17605852,17548552
2422,1,862,334,66,439,0,23,77597072,44297160,48319700,11124,70272852,,19388248,19494468,19325608,19388748,,11086100,11049244,11110392,11051424,,12152124,12026900,12182204,11958472,,2888,2424,2932,2880,,17540708,17577684,17605864,17548596
2425,1,863,334,66,440,0,23,77618992,44287524,48310276,11124,70278196,,19394236,19500424,19331044,19393288,,11080036,11043292,11118308,11045888,,12146120,12021008,12190172,11952976,,2888,2424,2932,2880,,17545892,17577752,17605924,17548628
2428,1,864,334,66,441,0,23,77701340,44214788,48237936,11124,70283788,,19461892,19496316,19343988,19399144,,11012152,11043080,11120240,11039316,,12078440,12020828,12192208,11946460,,2888,2424,2932,2880,,17551212,17577780,17606076,17548720
2431,1,865,334,66,442,0,23,77780752,44128844,48152360,11124,70284152,,19504980,19502948,19371820,19401004,,10967296,11037656,11086980,11036912,,12033732,12015468,12159044,11944116,,2888,2424,2932,2880,,17551364,17577848,17606168,17548772
2434,0,866,334,66,443,0,23,77813860,44095168,48118984,11124,70289572,,19511996,19503356,19394496,19404012,,10960216,11036440,11063964,11034548,,12026692,12014300,12136176,11941816,,2888,2424,2932,2880,,17556524,17577896,17606320,17548832
2437,0,867,334,66,444,0,23,77840620,44037056,48061364,11124,70290148,,19516332,19498080,19420120,19406088,,10954612,11040852,11011224,11030368,,12021140,12018748,12083752,11937724,,2888,2424,2932,2880,,17556568,17577936,17606668,17548976
2442,1,868,334,66,445,0,23,77749264,44143368,48167716,11124,70300384,,19530984,19498440,19313256,19406584,,10938732,11039276,11134992,11030368,,12005368,12017272,12207304,11937772,,2888,2424,2932,2880,,17566936,17578080,17606344,17549024
2445,0,869,334,66,446,0,23,77751080,44147996,48172932,11124,70300996,,19534908,19499360,19307892,19408920,,10935376,11044368,11138928,11029324,,12002068,12022400,12211676,11936788,,2888,2424,2932,2880,,17566992,17578112,17606800,17549092
2448,0,870,334,66,447,0,23,77763376,44138604,48163756,11124,70306344,,19544844,19500852,19308472,19409208,,10924284,11043584,11143496,11027240,,11991000,12021668,12216312,11934776,,2888,2424,2932,2880,,17572156,17578164,17606868,17549156
2450,1,871,334,66,448,0,23,77788544,44116456,48141916,11124,70306676,,19546960,19507144,19324348,19410092,,10921184,11038648,11131276,11025348,,11987956,12016804,12204200,11932956,,2888,2424,2932,2880,,17572208,17578244,17606984,17549240
2453,1,872,334,66,449,0,23,77839040,44066448,48092184,11124,70317208,,19555380,19517848,19377096,19388716,,10913136,11024996,11084676,11043640,,11979952,12003212,12157760,11951260,,2888,2424,2932,2880,,17577384,17583428,17607144,17549252
2456,1,873,334,66,450,0,23,77882472,44015844,48041888,11124,70322632,,19562724,19519232,19410140,19390376,,10902372,11023000,11044460,11046012,,11969268,12001280,12117668,11953672,,2888,2424,2932,2880,,17582568,17583488,17607280,17549296
2459,1,874,334,66,451,0,23,77889956,44004872,48031136,11124,70322900,,19565628,19520416,19414124,19389788,,10900264,11020940,11039232,11044436,,11967220,11999268,12112488,11952160,,2888,2424,2932,2880,,17582640,17583536,17607364,17549360
2462,1,875,334,66,452,0,23,77899528,43992892,48019328,11124,70328192,,19571988,19521184,19416272,19390084,,10890132,11019020,11036484,11047256,,11957112,11997404,12109772,11955040,,2888,2424,2932,2880,,17587784,17583596,17607400,17549412
2465,0,876,334,66,453,0,23,77909768,43981144,48007864,11124,70328500,,19573112,19521200,19418948,19396508,,10888532,11017140,11036172,11039300,,11955572,11995568,12109552,11947172,,2888,2424,2932,2880,,17587840,17583668,17607492,17549500
2468,0,877,334,66,454,0,23,77669172,44234752,48263376,11124,70335644,,19580836,19391708,19422524,19274104,,10887428,11143572,11033332,11170420,,11954516,12123964,12106760,12078136,,2888,2424,2932,2880,,17593116,17585620,17607564,17549344
2471,0,878,334,66,455,0,23,77898712,44001796,48033120,11124,70343604,,19586612,19490016,19425600,19396484,,10880872,11053044,11030712,11037168,,11948020,12033680,12104204,11947216,,2888,2424,2932,2880,,17598296,17585860,17607660,17551788
2473,1,879,334,66,456,0,23,77934044,43958300,47987892,11124,70347220,,19587012,19498296,19430512,19418224,,10880816,11045616,11025948,11005920,,11948024,12026296,12099484,11914088,,2888,2424,2932,2880,,17598388,17591088,17607792,17549952
2476,1,880,334,66,457,0,23,77785140,44103920,48133504,11124,70352344,,19587844,19497520,19434868,19264908,,10877684,11043772,11020828,11161636,,11945052,12024496,12094396,12069560,,2888,2424,2932,2880,,17603672,17591152,17607856,17549664
2479,1,881,334,66,458,0,23,77793340,44098024,48127908,11124,70357752,,19595036,19501124,19438412,19258768,,10870260,11040656,11016404,11170704,,11937688,12021440,12090064,12078716,,2888,2424,2932,2880,,17608856,17591212,17607940,17549744
2482,1,882,334,66,459,0,23,77795276,44100536,48130624,11124,70357964,,19595380,19504464,19440372,19255060,,10871432,11039936,11016004,11173164,,11938912,12020772,12089716,12081224,,2888,2424,2932,2880,,17608908,17591264,17608004,17549788
2485,0,883,334,66,460,0,23,77809572,44085832,48116148,11124,70363328,,19601228,19506760,19441252,19260332,,10865032,11034472,11014052,11172276,,11932560,12015368,12087816,12080404,,2888,2424,2932,2880,,17614080,17591320,17608068,17549860
2488,0,884,334,66,461,0,23,77775712,44128724,48159200,11124,70363476,,19529404,19511024,19442924,19292360,,10944200,11033120,11011528,11139876,,12011660,12014056,12085348,12048136,,2888,2424,2932,2880,,17614000,17591364,17608116,17549996
2491,0,885,334,66,462,0,23,77783648,44116108,48146856,11124,70363736,,19459496,19516428,19443408,19364316,,11002892,11027944,11010608,11074664,,12070292,12008940,12084468,11983156,,2888,2424,2932,2880,,17613928,17591428,17608156,17550224
2493,1,886,334,66,463,0,23,77804044,44097204,48128188,11124,70369096,,19460000,19526096,19444252,19373696,,11006864,11015752,11010856,11063732,,12074320,11996788,12084780,11972300,,2888,2424,2932,2880,,17613980,17596584,17608220,17550312
2496,1,887,334,66,464,0,23,77808556,44091696,48122912,11124,70369368,,19457760,19527616,19445676,19377504,,11009476,11013832,11008492,11059896,,12076972,11994932,12082488,11968520,,2888,2424,2932,2880,,17614036,17596688,17608292,17550352
2499,0,888,334,66,465,0,23,77826848,44069908,48101388,11124,70369648,,19473660,19528628,19447000,19377560,,10990972,11013496,11009028,11056412,,12058576,11994664,12083068,11965080,,2888,2424,2932,2880,,17614156,17596752,17608340,17550400
2502,0,889,334,66,466,0,23,77859568,44015628,48047432,11124,70370200,,19519428,19524572,19435428,19380140,,10951936,11000592,11010544,11052556,,12019700,11981788,12084640,11961304,,2888,2424,2932,2880,,17614308,17596968,17608392,17550532
2505,0,890,334,66,467,0,23,77901952,43974564,48006640,11124,70370604,,19558052,19525232,19435928,19382740,,10910352,11000624,11013412,11050176,,11978244,11981872,12087548,11958976,,2888,2424,2932,2880,,17614472,17597076,17608440,17550616
2507,1,891,334,66,468,0,23,77915556,43971004,48003312,11124,70370872,,19565716,19525880,19436540,19387420,,10903420,11005160,11015560,11046864,,11971372,11986460,12089748,11955732,,2888,2424,2932,2880,,17614524,17597128,17608524,17550696
2510,1,892,334,66,469,0,23,77915632,43963820,47996344,11124,70371096,,19569196,19519164,19437188,19390084,,10898732,11002452,11018340,11044296,,11966720,11983808,12092600,11953216,,2888,2424,2932,2880,,17614568,17597188,17608592,17550748
2513,1,893,334,66,470,0,23,77847268,44031848,48064468,11124,70371196,,19570940,19513944,19366076,19396308,,10897524,11024180,11070364,11039780,,11965588,12005588,12144556,11948736,,2888,2424,2932,2880,,17614636,17597236,17608532,17550792
2516,0,894,334,66,471,0,23,77809000,44098636,48131412,11124,70376512,,19574996,19525020,19309864,19399120,,10892412,11016368,11153452,11036404,,11960516,11997844,12227608,11945444,,2888,2424,2932,2880,,17614712,17602424,17608496,17550880
2519,0,895,334,66,472,0,23,77818928,44088616,48121596,11124,70376704,,19579588,19526056,19311864,19401420,,10886692,11015748,11153160,11033016,,11954844,11997272,12227376,11942104,,2888,2424,2932,2880,,17614756,17602472,17608548,17550928
2522,0,896,334,66,473,0,23,77830924,44073524,48106728,11124,70376964,,19584720,19531212,19312952,19402040,,10882120,11009876,11149844,11031684,,11950316,11991456,12224104,11940852,,2888,2424,2932,2880,,17614808,17602536,17608612,17551008
2524,1,897,334,66,474,0,23,77880288,44015744,48049272,11124,70377280,,19589128,19537412,19348068,19405680,,10876488,10998292,11113796,11027168,,11944728,11979928,12188220,11936396,,2888,2424,2932,2880,,17614856,17602592,17608768,17551064
2527,1,898,334,66,475,0,23,77909224,43984540,48018312,11124,70377524,,19591764,19538724,19371556,19407180,,10874876,11001752,11080984,11026928,,11943160,11983456,12155504,11936192,,2888,2424,2932,2880,,17614900,17602656,17608860,17551108
2530,1,899,334,66,476,0,23,77932716,43950396,47990068,11124,70383572,,19594140,19518980,19411088,19408508,,10870912,11013296,11041824,11024364,,11939264,12000588,12116500,11933716,,2888,2424,2932,2880,,17614968,17608348,17609044,17551212
2533,1,900,334,66,477,0,23,77931612,43905332,47940100,11124,70378684,,19590080,19512400,19418568,19410564,,10869404,10978708,11035124,11022096,,11937808,11960944,12109856,11931492,,2888,2424,2932,2880,,17615024,17603304,17609104,17551252
2536,1,901,334,66,478,0,23,77809136,44086552,48121072,11124,70378376,,19590616,19387076,19420364,19411080,,10874564,11153712,11036312,11021964,,11943016,12135516,12111108,11931432,,2888,2424,2932,2880,,17615072,17602808,17609172,17551324
2539,1,902,334,66,479,0,23,77809188,44082168,48116908,11124,70378728,,19591764,19381812,19422964,19412648,,10871032,11157176,11032508,11021452,,11939532,12139044,12107364,11930968,,2888,2424,2932,2880,,17615128,17602892,17609268,17551440
2542,1,903,334,66,480,0,23,77817432,44076116,48111100,11124,70378984,,19593808,19381740,19428388,19413496,,10868284,11157936,11028688,11021208,,11936828,12139876,12103604,11930792,,2888,2424,2932,2880,,17615176,17602968,17609336,17551504
2545,0,904,334,66,481,0,23,77813360,44086092,48121284,11124,70379204,,19593532,19381548,19430704,19407576,,10870972,11169384,11023908,11021828,,11939580,12151376,12098880,11931448,,2888,2424,2932,2880,,17615236,17603016,17609408,17551544
2548,0,905,334,66,482,0,23,77828028,44066144,48103644,11124,70381536,,19594328,19430864,19435632,19367204,,10873128,11108048,11019532,11065436,,11941800,12090200,12094548,11977096,,2888,2424,2932,2880,,17615300,17603188,17609460,17553588
2551,0,906,334,66,483,0,23,77795108,44096416,48134092,11124,70381724,,19596020,19498856,19439324,19260908,,10871380,11042000,11015600,11167436,,11940092,12024340,12090676,12078984,,2888,2424,2932,2880,,17615348,17603384,17609520,17553472
2554,0,907,334,66,484,0,23,77800672,44089392,48127296,11124,70381952,,19597508,19501768,19440876,19260520,,10868436,11039856,11012420,11168680,,11937188,12022252,12087572,12080284,,2888,2424,2932,2880,,17615392,17603436,17609596,17553528
2556,1,908,334,66,485,0,23,77806932,44091116,48129220,11124,70382168,,19597572,19505820,19442868,19260672,,10869604,11037688,11010716,11173108,,11938404,12020156,12085916,12084744,,2888,2424,2932,2880,,17615432,17603516,17609652,17553568
2559,1,909,334,66,486,0,23,77805100,44088016,48126372,11124,70382408,,19580736,19508660,19443680,19272024,,10888028,11034480,11009460,11156048,,11956888,12017000,12084708,12067776,,2888,2424,2932,2880,,17615484,17603560,17609708,17553656
2562,1,910,334,66,487,0,23,77775448,44109892,48148460,11124,70382644,,19496056,19511892,19439696,19327804,,10963424,11032952,11005628,11107888,,12032180,12015544,12080936,12019800,,2888,2424,2932,2880,,17615384,17603640,17609784,17553836
2565,1,911,334,66,488,0,23,77786796,44085652,48124428,11124,70382904,,19460556,19514752,19440188,19371300,,10989032,11029112,11004676,11062832,,12057764,12011728,12080040,11974896,,2888,2424,2932,2880,,17615368,17603668,17609840,17554028
2568,0,912,334,66,489,0,23,77801592,44079868,48118908,11124,70383252,,19460904,19519472,19441916,19379300,,10998000,11023592,11004328,11053948,,12066776,12006280,12079744,11966108,,2888,2424,2932,2880,,17615480,17603764,17609896,17554112
2571,0,913,334,66,490,0,23,77807388,44076496,48115720,11124,70383532,,19466496,19523892,19436252,19380748,,10993392,11018844,11009696,11054564,,12062232,12001596,12085144,11966748,,2888,2424,2932,2880,,17615564,17603856,17609956,17554156
2573,1,914,334,66,491,0,23,77839348,44049892,48089432,11124,70383868,,19487220,19530164,19437692,19384272,,10972772,11011556,11015500,11050064,,12041752,11994368,12091012,11962300,,2888,2424,2932,2880,,17615692,17603952,17610024,17554200
2576,1,915,334,66,492,0,23,77915268,43985396,48027812,11124,70386792,,19551816,19537452,19438412,19387588,,10915936,11004712,11016860,11047888,,11985568,11989640,12092416,11960188,,2888,2424,2932,2880,,17616348,17606072,17610100,17554272
2579,1,916,334,66,493,0,23,77940556,43945232,47987856,11124,70387016,,19569812,19539320,19439916,19391508,,10888764,10999448,11014420,11042600,,11958476,11984416,12089996,11954968,,2888,2424,2932,2880,,17616428,17606116,17610128,17554344
2582,1,917,334,66,494,0,23,77951592,43941440,47984320,11124,70387292,,19573444,19539072,19441168,19397908,,10890460,11000396,11013040,11037544,,11960228,11985424,12088688,11949980,,2888,2424,2932,2880,,17616480,17606180,17610220,17554412
2585,0,918,334,66,495,0,23,77910108,43973628,48016660,11124,70387504,,19574940,19540772,19392388,19402008,,10890832,10998940,11051072,11032784,,11960656,11984032,12126704,11945268,,2888,2424,2932,2880,,17616536,17606300,17610212,17554456
2588,0,919,334,66,496,0,23,77863236,44028128,48071280,11124,70387632,,19576020,19541880,19341712,19403624,,10888136,10999172,11108744,11032076,,11958024,11984320,12184360,11944576,,2888,2424,2932,2880,,17616596,17606368,17610188,17554480
2591,0,920,334,66,497,0,23,77841652,44046712,48092104,11124,70389884,,19580500,19542060,19313788,19405304,,10884520,10999316,11134040,11028836,,11954944,11985040,12210172,11941948,,2888,2424,2932,2880,,17617156,17606944,17610704,17555080
2594,0,921,334,66,498,0,23,77851336,44038048,48083624,11124,70390088,,19587084,19543132,19314392,19406728,,10876112,10998124,11135440,11028372,,11946588,11983896,12211600,11941540,,2888,2424,2932,2880,,17617204,17606992,17610740,17555152
2596,1,922,334,66,499,0,23,77881592,44018928,48064796,11124,70390420,,19585716,19543452,19344240,19408184,,10879720,10996736,11117244,11025228,,11950236,11982564,12193528,11938468,,2888,2424,2932,2880,,17617276,17607040,17610868,17555236
2599,1,923,334,66,500,0,23,77920868,43976664,48022884,11124,70390808,,19589080,19545436,19377164,19409188,,10876548,10994516,11081056,11024544,,11947128,11980408,12157508,11937840,,2888,2424,2932,2880,,17617344,17607108,17611040,17555316
2602,1,924,334,66,501,0,23,77948212,43941596,47988108,11124,70391152,,19592364,19546612,19400244,19408992,,10873728,10995588,11048236,11024044,,11944376,11981532,12124812,11937388,,2888,2424,2932,2880,,17617404,17607180,17611164,17555404
2605,1,925,334,66,502,0,23,77972448,43922520,47969264,11124,70391404,,19595712,19546808,19418708,19411220,,10871344,10994240,11032084,11024852,,11942032,11980248,12108732,11938252,,2888,2424,2932,2880,,17617452,17607248,17611244,17555460
2608,1,926,334,66,503,0,23,77904900,43983644,48030464,11124,70391564,,19595796,19476524,19420872,19411708,,10868168,11060352,11031812,11023312,,11938888,12046272,12108508,11936796,,2888,2424,2932,2880,,17617488,17607172,17611324,17555580
2611,0,927,334,66,504,0,23,77814404,44065312,48112240,11124,70391660,,19596144,19383316,19423100,19411844,,10867060,11147452,11029576,11021224,,11937840,12133276,12106356,11934768,,2888,2424,2932,2880,,17617548,17607072,17611392,17555648
2614,0,928,334,66,505,0,23,77821384,44064824,48111992,11124,70391908,,19597484,19384428,19426528,19412944,,10866752,11151384,11026432,11020256,,11937588,12137272,12103280,11933852,,2888,2424,2932,2880,,17617600,17607148,17611460,17555700
2617,0,929,334,66,506,0,23,77829452,44060472,48107864,11124,70392132,,19599852,19384820,19431096,19413684,,10864608,11154276,11021868,11019720,,11935488,12140236,12098784,11933356,,2888,2424,2932,2880,,17617644,17607220,17611528,17555740
2620,0,930,334,66,507,0,23,77831344,44055352,48102972,11124,70392364,,19600436,19394228,19436184,19400496,,10864100,11145928,11016220,11029104,,11935044,12131980,12093156,11942792,,2888,2424,2932,2880,,17617708,17607312,17611556,17555788
2622,1,931,334,66,508,0,23,77803644,44069484,48117268,11124,70392536,,19599972,19446136,19434004,19323532,,10862836,11093772,11011852,11101024,,11933820,12079972,12088836,12014640,,2888,2424,2932,2880,,17617760,17607456,17611604,17555716
2625,1,932,334,66,509,0,23,77800256,44077868,48125912,11124,70392788,,19603160,19488996,19438952,19269148,,10859788,11052380,11010184,11155516,,11930824,12038732,12087244,12069112,,2888,2424,2932,2880,,17617808,17607604,17611680,17555696
2628,1,933,334,66,510,0,23,77815056,44074272,48122576,11124,70393052,,19604036,19509200,19440080,19261740,,10859164,11031968,11010644,11172496,,11930240,12018424,12087784,12086128,,2888,2424,2932,2880,,17617852,17607708,17611760,17555732
2631,1,934,334,66,511,0,23,77826332,44072336,48120868,11124,70393308,,19590144,19511656,19441664,19282868,,10873960,11029600,11009240,11159536,,11945056,12016112,12086440,12073260,,2888,2424,2932,2880,,17617900,17607768,17611816,17555824
2634,0,935,334,66,512,0,23,77804592,44063600,48112908,11124,70394072,,19548144,19515136,19442664,19298648,,10892344,11025284,11010560,11135412,,11963448,12012424,12087792,12049244,,2888,2424,2932,2880,,17617900,17608396,17611848,17555928
2637,0,936,334,66,513,0,23,77803864,44087888,48137420,11124,70394352,,19479520,19518056,19443800,19362488,,10981160,11021208,11011896,11073624,,12052180,12008388,12089180,11987672,,2888,2424,2932,2880,,17617816,17608472,17611904,17556160
2640,0,937,334,66,514,0,23,77812340,44080244,48130008,11124,70394596,,19465452,19522320,19444132,19380436,,10997316,11017904,11011868,11053156,,12068356,12005124,12089216,11967312,,2888,2424,2932,2880,,17617836,17608524,17611968,17556268
2643,0,938,334,66,515,0,23,77822952,44079608,48129600,11124,70394804,,19464956,19528368,19446324,19383304,,11008808,11011292,11008496,11051012,,12079900,11998576,12085920,11965204,,2888,2424,2932,2880,,17617888,17608584,17612036,17556296
2645,1,939,334,66,516,0,23,77846768,44055832,48106084,11124,70395072,,19486832,19531512,19441644,19386780,,10987088,11007384,11015220,11046140,,12058280,11994736,12092696,11960372,,2888,2424,2932,2880,,17617988,17608652,17612092,17556340
2648,1,940,334,66,517,0,23,77908076,43988748,48039356,11124,70395484,,19539016,19537192,19442028,19389840,,10932712,10999196,11014036,11042804,,12004096,11986612,12091540,11957108,,2888,2424,2932,2880,,17618188,17608756,17612128,17556412
2651,1,941,334,66,518,0,23,77941868,43952612,48003460,11124,70395716,,19567420,19538648,19441744,19394056,,10900236,10999820,11013392,11039164,,11971712,11987252,12090960,11953536,,2888,2424,2932,2880,,17618276,17608776,17612188,17556476
2654,1,942,334,66,519,0,23,77956172,43936272,47987372,11124,70395976,,19574756,19541904,19442260,19397252,,10890900,10996840,11012752,11035780,,11962440,11984316,12090380,11950236,,2888,2424,2932,2880,,17618344,17608816,17612256,17556560
2657,1,943,334,66,520,0,23,77920648,43952824,48004096,11124,70396152,,19575688,19542408,19401120,19401432,,10881060,10997076,11043568,11031120,,11952664,11984620,12121192,11945620,,2888,2424,2932,2880,,17618400,17608908,17612240,17556604
2660,1,944,334,66,521,0,23,77894496,43990308,48043780,11124,70398344,,19577992,19544700,19366132,19405672,,10881540,10993504,11087304,11027960,,11953196,11981108,12166988,11942488,,2888,2424,2932,2880,,17618452,17608964,17614292,17556636
2663,0,945,334,66,522,0,23,77856960,44026672,48080328,11124,70398536,,19580688,19545364,19324268,19406640,,10878292,10992968,11130228,11025184,,11950008,11980636,12209884,11939800,,2888,2424,2932,2880,,17618512,17609032,17614272,17556720
2666,0,946,334,66,523,0,23,77860884,44016184,48070056,11124,70398748,,19583016,19545568,19323572,19408728,,10877408,10991740,11124476,11022560,,11949164,11979460,12204192,11937240,,2888,2424,2932,2880,,17618552,17609084,17614332,17556780
2669,0,947,334,66,524,0,23,77882284,44005404,48059512,11124,70399056,,19587988,19545628,19338916,19409752,,10871316,10993196,11120088,11020804,,11943112,11980960,12199888,11935552,,2888,2424,2932,2880,,17618612,17609164,17614428,17556852
2671,1,948,334,66,525,0,23,77916424,43973936,48028368,11124,70399496,,19593412,19547456,19365520,19410036,,10867900,10989732,11095004,11021300,,11939772,11977560,12174952,11936084,,2888,2424,2932,2880,,17618720,17609256,17614600,17556920
2674,1,949,334,66,526,0,23,77961636,43933864,47992656,11124,70403856,,19595400,19552180,19403088,19410968,,10871112,10987180,11054412,11021160,,11943040,11979140,12134484,11935992,,2888,2424,2932,2880,,17618776,17613388,17614720,17556972
2677,1,950,334,66,527,0,23,77976236,43904892,47963932,11124,70404124,,19597680,19551992,19415972,19410592,,10868724,10986356,11031212,11018600,,11940712,11978372,12111356,11933492,,2888,2424,2932,2880,,17618832,17613452,17614792,17557048
2680,1,951,334,66,528,0,23,77945036,43917020,47976228,11124,70404304,,19599812,19510524,19423448,19411252,,10865100,11003248,11028208,11020464,,11937124,11995236,12108440,11935428,,2888,2424,2932,2880,,17618872,17613428,17614888,17557116
2683,1,952,334,66,529,0,23,77872676,43999152,48058464,11124,70404428,,19600136,19440320,19420636,19411584,,10862908,11092684,11024044,11019516,,11934980,12084588,12104344,11934552,,2888,2424,2932,2880,,17618920,17613344,17614948,17557216
2686,0,953,334,66,530,0,23,77824476,44050484,48109948,11124,70404592,,19601244,19387040,19423888,19412304,,10860980,11141756,11027356,11020392,,11933116,12133640,12107712,11935480,,2888,2424,2932,2880,,17618984,17613320,17615012,17557276
2689,0,954,334,66,531,0,23,77831740,44043572,48103256,11124,70404888,,19603408,19386644,19428548,19413140,,10858176,11147392,11022820,11015184,,11930372,12139344,12103232,11930308,,2888,2424,2932,2880,,17619052,17613388,17615124,17557324
2692,0,955,334,66,532,0,23,77820652,44071692,48133676,11124,70407216,,19603688,19397412,19432740,19386812,,10858760,11143552,11022304,11047076,,11931016,12135608,12102780,11964272,,2888,2424,2932,2880,,17619112,17613492,17615180,17559432
2695,0,956,334,66,533,0,23,77832228,44058524,48120780,11124,70407516,,19604688,19444492,19435264,19347784,,10860540,11098500,11019792,11079692,,11932832,12090708,12100312,11996928,,2888,2424,2932,2880,,17619148,17613644,17615232,17559492
2697,1,957,334,66,534,0,23,77799920,44091156,48153504,11124,70407644,,19605440,19470384,19440268,19283828,,10858740,11071312,11013964,11147140,,11931080,12063592,12094544,12064288,,2888,2424,2932,2880,,17619204,17613712,17615320,17559408
2700,1,958,334,66,535,0,23,77823276,44059056,48121704,11124,70407952,,19606656,19511456,19442804,19262360,,10858708,11025072,11009716,11165560,,11931112,12017512,12090360,12082720,,2888,2424,2932,2880,,17619260,17613880,17615384,17559428
2703,1,959,334,66,536,0,23,77828392,44060256,48123136,11124,70408220,,19600612,19513708,19445880,19268192,,10858856,11023100,11007488,11170812,,11931304,12015608,12088184,12088040,,2888,2424,2932,2880,,17619320,17613960,17615432,17559508
2706,1,960,334,66,537,0,23,77836104,44048860,48111992,11124,70408492,,19572684,19517076,19447832,19298512,,10879212,11020384,11007472,11141792,,11951664,12012964,12088208,12059156,,2888,2424,2932,2880,,17619328,17614028,17615484,17559652
2709,1,961,334,66,538,0,23,77798188,44093764,48157344,11124,70408952,,19488004,19519440,19449796,19340948,,10975672,11020624,11004044,11093424,,12048280,12013256,12084836,12010972,,2888,2424,2932,2880,,17619468,17614084,17615568,17559832
2712,1,962,334,66,539,0,23,77821552,44073896,48137692,11124,70409176,,19473340,19523152,19451056,19374004,,10994292,11016304,11002380,11060920,,12066928,12008960,12083216,11978588,,2888,2424,2932,2880,,17619500,17614108,17615616,17559952
2715,0,963,334,66,540,0,23,77835600,44056640,48121160,11124,70409916,,19471268,19528764,19451912,19383656,,10995612,11008508,11002712,11049808,,12068300,12001708,12083616,11967536,,2888,2424,2932,2880,,17619548,17614656,17615692,17560020
2718,0,964,334,66,541,0,23,77848644,44034308,48099088,11124,70410156,,19474360,19534232,19453128,19386924,,10989220,11003048,10998724,11043316,,12061968,11996320,12079704,11961096,,2888,2424,2932,2880,,17619608,17614728,17615752,17560068
2721,0,965,334,66,542,0,23,77885136,43999588,48064696,11124,70410484,,19512168,19537460,19446520,19388988,,10953808,10999972,11003348,11042460,,12026716,11993308,12084372,11960300,,2888,2424,2932,2880,,17619776,17614796,17615788,17560124
2723,1,966,334,66,543,0,23,77945148,43940552,48005988,11124,70410812,,19565972,19539916,19446968,19392292,,10893680,10998644,11008252,11039976,,11966768,11992028,12089316,11957876,,2888,2424,2932,2880,,17619936,17614852,17615840,17560184
2726,1,967,334,66,544,0,23,77944532,43929448,47995088,11124,70411012,,19568564,19539140,19439452,19397376,,10890520,10996488,11008884,11033556,,11963672,11989904,12089984,11951528,,2888,2424,2932,2880,,17619988,17614888,17615876,17560260
2729,1,968,334,66,545,0,23,77872924,43982816,48051156,11124,70413632,,19535092,19542308,19389676,19405848,,10930452,10994612,11032088,11025664,,12006048,11988136,12113248,11943724,,2888,2424,2932,2880,,17622356,17614996,17615928,17560352
2735,1,969,334,66,546,0,23,77766792,44109964,48178136,11124,70413492,,19473340,19543700,19340888,19408864,,10997504,10991780,11098568,11022112,,12072848,11985372,12179696,11940220,,2888,2424,2932,2880,,17622064,17615072,17615904,17560452
2738,1,970,334,66,547,0,23,77743104,44130688,48199040,11124,70413688,,19467652,19544172,19319932,19411348,,10997160,10992800,11121936,11018792,,12072536,11986448,12203080,11936976,,2888,2424,2932,2880,,17622108,17615140,17615916,17560524
2741,0,971,334,66,548,0,23,77757176,44124472,48193056,11124,70413920,,19468308,19545648,19330432,19412788,,10999772,10989980,11117500,11017220,,12075200,11983664,12198724,11935468,,2888,2424,2932,2880,,17622164,17615164,17616004,17560588
2744,0,972,334,66,549,0,23,77778308,44101960,48170832,11124,70414236,,19482524,19546372,19336364,19413048,,10984452,10992116,11106852,11018540,,12059976,11985832,12188172,11936852,,2888,2424,2932,2880,,17622260,17615200,17616124,17560652
2746,1,973,334,66,550,0,23,77881180,44009280,48078572,11124,70414680,,19536080,19546476,19384304,19414320,,10929988,10991236,11070756,11017300,,12005668,11985012,12152244,11935648,,2888,2424,2932,2880,,17622428,17615260,17616292,17560700
2749,1,974,334,66,551,0,23,77967868,43898312,47973464,11124,70420580,,19574860,19546496,19431916,19414596,,10880068,10988704,11012952,11016588,,11955888,11982532,12100060,11934984,,2888,2424,2932,2880,,17622560,17615312,17621968,17560740
2752,1,975,334,66,552,0,23,77862884,44008568,48078692,11124,70415532,,19577700,19533872,19334072,19417240,,10878736,11001352,11114316,11014164,,11954600,11995216,12196200,11932676,,2888,2424,2932,2880,,17622604,17615352,17616708,17560868
2757,1,976,334,66,553,0,23,77770936,44096368,48166360,11124,70415340,,19582156,19450028,19320516,19418236,,10874496,11071132,11137716,11013024,,11950420,12064924,12219428,11931588,,2888,2424,2932,2880,,17622664,17615276,17616444,17560956
2760,1,977,334,66,554,0,23,77706784,44165484,48235620,11124,70415540,,19584368,19387584,19316372,19418460,,10872740,11142400,11140128,11010216,,11948732,12136116,12221924,11928848,,2888,2424,2932,2880,,17622736,17615196,17616588,17561020
2763,1,978,334,66,555,0,23,77705252,44168588,48238920,11124,70415724,,19589368,19387956,19316184,19411744,,10867456,11149844,11141364,11009924,,11943504,12143636,12223196,11928584,,2888,2424,2932,2880,,17622784,17615268,17616628,17561044
2766,1,979,334,66,556,0,23,77699092,44184204,48254752,11124,70415968,,19594784,19403484,19332324,19368500,,10868992,11136348,11124388,11054476,,11945088,12130228,12206308,11973128,,2888,2424,2932,2880,,17622836,17615356,17616728,17561048
2769,0,980,334,66,557,0,23,77742688,44143784,48214704,11124,70416416,,19598336,19441104,19390664,19312584,,10867340,11100224,11064328,11111892,,11943484,12094260,12146448,12030512,,2888,2424,2932,2880,,17622916,17615520,17616948,17561032
2772,1,981,334,66,558,0,23,77778708,44084056,48159360,11124,70420824,,19600676,19483724,19419920,19274388,,10863420,11045368,11030944,11144324,,11939604,12039544,12113172,12067040,,2888,2424,2932,2880,,17622952,17615660,17617064,17565148
2775,0,982,334,66,559,0,23,77810644,44076444,48152020,11124,70421136,,19601868,19507700,19422568,19278508,,10861720,11028008,11028164,11158552,,11937960,12022268,12110460,12081332,,2888,2424,2932,2880,,17623020,17615748,17617136,17565232
2778,1,983,334,66,560,0,23,77840752,44049224,48127136,11124,70423444,,19602524,19515980,19428268,19293980,,10857172,11021360,11025212,11145480,,11933460,12015696,12109624,12068356,,2888,2424,2932,2880,,17623056,17615820,17619248,17565320
2781,1,984,334,66,561,0,23,77894684,43990752,48068992,11124,70423784,,19603532,19518688,19431456,19341008,,10858688,11017224,11021988,11092852,,11935036,12011616,12106440,12015900,,2888,2424,2932,2880,,17623120,17615876,17619296,17565492
2784,1,985,334,66,562,0,23,77937424,43942116,48022500,11124,70426020,,19604760,19521648,19434292,19376724,,10857856,11013696,11017784,11052780,,11934268,12008160,12102300,11977772,,2888,2424,2932,2880,,17623176,17615948,17619360,17567536
2787,1,986,334,66,563,0,23,77955708,43873380,47952316,11124,70424540,,19605940,19526396,19438668,19384704,,10856364,11008220,11012492,10996304,,11932816,12002736,12097064,11919700,,2888,2424,2932,2880,,17623216,17616000,17619416,17565908
2790,0,987,334,66,564,0,23,77864432,44008372,48087388,11124,70424544,,19607072,19529144,19442724,19285492,,10855440,11006408,11009292,11137232,,11931944,12000960,12093928,12060556,,2888,2424,2932,2880,,17623296,17616040,17619480,17565728
2793,0,988,334,66,565,0,23,77873052,44006008,48085216,11124,70424732,,19607224,19535220,19444800,19285808,,10854732,11000924,11006760,11143592,,11931288,11995532,12091456,12066940,,2888,2424,2932,2880,,17623328,17616096,17619548,17565760
2795,1,989,334,66,566,0,23,77877240,43995440,48074872,11124,70424988,,19607044,19537008,19447180,19286008,,10847528,10998196,11004800,11144916,,11924144,11992872,12089536,12068320,,2888,2424,2932,2880,,17623384,17616164,17619592,17565848
2798,1,990,334,66,567,0,23,77882496,43993872,48073568,11124,70425248,,19607704,19539916,19449232,19285644,,10847900,10995336,11004672,11145964,,11924580,11990080,12089480,12069428,,2888,2424,2932,2880,,17623456,17616232,17619664,17565896
2801,1,991,334,66,568,0,23,77918248,43964416,48044380,11124,70425628,,19607804,19541960,19451036,19317448,,10854424,10993568,11001204,11115220,,11931144,11988360,12086064,12038812,,2888,2424,2932,2880,,17623580,17616316,17619712,17566020
2804,1,992,334,66,569,0,23,77880332,44006996,48087136,11124,70425840,,19531112,19542840,19452192,19354188,,10934036,10992560,11000868,11079532,,12010684,11987396,12085776,12003280,,2888,2424,2932,2880,,17623508,17616360,17619772,17566200
2807,1,993,334,66,570,0,23,77861384,44025652,48105980,11124,70426112,,19475972,19545096,19452876,19387440,,10992804,10989928,10999376,11043544,,12069392,11984820,12084356,11967412,,2888,2424,2932,2880,,17623496,17616416,17619840,17566360
2810,1,994,334,66,571,0,23,77859808,44029600,48110184,11124,70426412,,19468244,19546776,19454936,19389852,,11003660,10987276,10998440,11040224,,12080292,11982236,12083484,11964172,,2888,2424,2932,2880,,17623564,17616488,17619924,17566436
2813,1,995,334,66,572,0,23,77863712,44020408,48101228,11124,70426648,,19468908,19546744,19453588,19394472,,11002512,10983968,10996608,11037320,,12079204,11979008,12081712,11961304,,2888,2424,2932,2880,,17623616,17616568,17619988,17566476
2816,0,996,334,66,573,0,23,77870544,44009452,48090484,11124,70426900,,19485104,19547932,19439444,19398064,,10982852,10983184,11009784,11033632,,12059648,11978268,12094900,11957668,,2888,2424,2932,2880,,17623724,17616616,17619996,17566564
2819,0,997,334,66,574,0,23,77943836,43929764,48011180,11124,70427308,,19551412,19548932,19442480,19401012,,10912696,10982632,11004760,11029676,,11989672,11977752,12089956,11953800,,2888,2424,2932,2880,,17623892,17616660,17620092,17566664
2822,0,998,334,66,575,0,23,77974340,43902672,47984384,11124,70427600,,19576684,19548936,19443576,19405144,,10885764,10982804,11007072,11027032,,11962848,11977984,12092336,11951216,,2888,2424,2932,2880,,17624012,17616708,17620160,17566720
2825,0,999,334,66,576,0,23,77976152,43891716,47973676,11124,70427860,,19579476,19542916,19444452,19409308,,10883488,10978736,11007504,11021988,,11960636,11973972,12092836,11946232,,2888,2424,2932,2880,,17624076,17616772,17620224,17566788
2828,0,1000,334,66,577,0,23,77873424,43974172,48056208,11124,70427932,,19583256,19503640,19372300,19414228,,10880248,11013992,11063820,11016112,,11957440,12009264,12149100,11940404,,2888,2424,2932,2880,,17624136,17616796,17620160,17566840
2830,1,1001,334,66,578,0,23,77778724,44066496,48148556,11124,70427956,,19585168,19459524,19317632,19416400,,10877188,11056372,11119608,11013328,,11954456,12051588,12204844,11937668,,2888,2424,2932,2880,,17624208,17616744,17620112,17566892
2833,1,1002,334,66,579,0,23,77724008,44126432,48208612,11124,70428128,,19585936,19402888,19317152,19418032,,10876968,11103960,11134712,11010792,,11954284,12099120,12220000,11935208,,2888,2424,2932,2880,,17624268,17616696,17620180,17566984
2836,1,1003,334,66,580,0,23,77712888,44150244,48232616,11124,70428324,,19588044,19386468,19318892,19419484,,10876412,11124492,11138072,11011268,,11953748,12119688,12223420,11935760,,2888,2424,2932,2880,,17624304,17616728,17620236,17567056
2839,1,1004,334,66,581,0,23,77775648,44111184,48199680,11124,70434608,,19595904,19438736,19319804,19421204,,10867288,11096976,11137028,11009892,,11944704,12098112,12222432,11934432,,2888,2424,2932,2880,,17624372,17622780,17620348,17567108
2842,1,1005,334,66,582,0,23,78015204,43832676,47922304,11124,70518252,,19598772,19596344,19398396,19421692,,10863732,10905504,11055380,11008060,,11941188,11907428,12141040,11932648,,2888,2424,2932,2880,,17624428,17706060,17620608,17567156
2845,1,1006,334,66,583,0,23,78146376,43557592,47718188,11124,70588036,,19599924,19700940,19422744,19422768,,10860048,10668960,11021636,11006948,,11937560,11741644,12107384,11931600,,2888,2424,2932,2880,,17624484,17775612,17620724,17567216
2848,1,1007,334,66,584,0,23,78220440,41696580,47337268,11124,72068836,,19602456,19768788,19425364,19423832,,10855736,8809188,11025388,11006268,,11933304,11361760,12111216,11930988,,2888,2424,2932,2880,,17624600,19256132,17620816,17567288
2851,1,1008,334,66,585,0,23,78233900,39217212,47564556,11124,74772236,,19603572,19800020,19427804,19402504,,10855120,6317196,11020168,11024728,,11932724,11576304,12106044,11949484,,2888,2424,2932,2880,,17624644,21959408,17620864,17567320
2854,1,1009,334,66,586,0,23,78357444,36448144,47414068,11124,77384416,,19601964,19920140,19431736,19403604,,10846432,3560816,11015344,11025552,,11924112,11438304,12101288,11950364,,2888,2424,2932,2880,,17624708,24571400,17620928,17567380
2857,1,1010,334,66,587,0,23,78338356,33968676,47215904,11124,79659184,,19603312,19892688,19437732,19404624,,10854836,1078792,11011512,11023536,,11932560,11237400,12097516,11948428,,2888,2424,2932,2880,,17624784,26845936,17620996,17567468
2862,1,1011,334,66,588,0,23,78251676,35754820,46522472,11124,77371392,,19605548,19873632,19443420,19329076,,10851428,2813668,11008208,11081516,,11929232,10492572,12094272,12006396,,2888,2424,2932,2880,,17624864,24558024,17621048,17567456
2866,1,1012,334,66,589,0,23,78162688,35423644,47413276,11124,78593200,,19606308,19818748,19450048,19287584,,10853424,2422752,11001584,11145884,,11931276,11323460,12087740,12070800,,2888,2424,2932,2880,,17624984,25779500,17621156,17567560
2871,1,1013,334,66,590,0,23,78146140,34625148,47418524,11124,79396160,,19607940,19797844,19452344,19288012,,10850704,1629016,10999912,11145516,,11928644,11333256,12086140,12070484,,2888,2424,2932,2880,,17625076,26582248,17621216,17567620
2875,0,1014,334,66,591,0,23,78119036,36099068,46924956,11124,77430504,,19608172,19730936,19445952,19333976,,10850980,3152564,10997428,11098096,,11928992,10889040,12083720,12023204,,2888,2424,2932,2880,,17625152,24616316,17621280,17567756
2878,1,1015,334,66,592,0,23,78054884,35527828,47146264,11124,78223156,,19523356,19709544,19449452,19372532,,10938580,2541436,10991592,11056220,,12016508,11066204,12082044,11981508,,2888,2424,2932,2880,,17625064,25404700,17625448,17567944
2881,1,1016,334,66,593,0,23,77962244,38462200,46703120,11124,74849052,,19471436,19647292,19450488,19393028,,10968996,5461524,10998484,11033196,,12048924,10606628,12088976,11958592,,2888,2424,2932,2880,,17627060,22028468,17625476,17568048
2884,1,1017,334,66,594,0,23,77943924,43235500,47150768,11124,70524188,,19470860,19626152,19451732,19395180,,10977572,10227920,10999048,11030960,,12057560,11047188,12089616,11956404,,2888,2424,2932,2880,,17627108,17703436,17625556,17568088
2887,1,1018,334,66,595,0,23,77821380,43693752,47609232,11124,70442112,,19470752,19503888,19447432,19399308,,10985896,10690728,10989580,11027548,,12065956,11510032,12080208,11953036,,2888,2424,2932,2880,,17627180,17621116,17625652,17568164
2890,1,1019,334,66,596,0,23,77876236,43732340,47648088,11124,70442456,,19507572,19518028,19448340,19402296,,10958768,10758140,10990584,11024848,,12038960,11577488,12081252,11950388,,2888,2424,2932,2880,,17627316,17621236,17625692,17568212
2893,1,1020,334,66,597,0,23,77938416,43713740,47629856,11124,70442856,,19566280,19521616,19448740,19401780,,10892816,10806824,10992636,11021464,,11973188,11626228,12083376,11947064,,2888,2424,2932,2880,,17627528,17621296,17625756,17568276
2896,1,1021,334,66,598,0,23,77959932,43765872,47682220,11124,70443136,,19578592,19524528,19450680,19406132,,10881696,10871988,10993264,11018924,,11962148,11691440,12084044,11944588,,2888,2424,2932,2880,,17627604,17621352,17625840,17568340
2899,1,1022,334,66,599,0,23,77971500,43787892,47704508,11124,70443476,,19582016,19526948,19451020,19411516,,10880292,10899204,10993160,11015236,,11960796,11718712,12084036,11940964,,2888,2424,2932,2880,,17627664,17621456,17625932,17568424
2902,1,1023,334,66,600,0,23,77878872,43912540,47829248,11124,70443572,,19584680,19528560,19350848,19414784,,10877412,10924308,11099248,11011572,,11957996,11743876,12190032,11937344,,2888,2424,2932,2880,,17627728,17621548,17625836,17568460
2905,1,1024,334,66,601,0,23,77860796,43929432,47846280,11124,70443732,,19586352,19534164,19324216,19416064,,10875320,10936044,11105740,11012328,,11955932,11755664,12196528,11938156,,2888,2424,2932,2880,,17627772,17621596,17625844,17568520
2908,1,1025,334,66,602,0,23,77870100,43941644,47858656,11124,70443892,,19591084,19537640,19324116,19417260,,10871704,10941396,11116604,11011940,,11952368,11761044,12207436,11937808,,2888,2424,2932,2880,,17627816,17621624,17625896,17568556
2911,0,1026,334,66,603,0,23,77884580,43943700,47860988,11124,70444188,,19597060,19539988,19329396,19418136,,10866188,10951056,11116052,11010404,,11946916,11770756,12206968,11936348,,2888,2424,2932,2880,,17627876,17621676,17626004,17568632
2914,0,1027,334,66,604,0,23,77925808,43886996,47804600,11124,70444532,,19596236,19543052,19366024,19420496,,10850232,10947008,11081916,11007840,,11931004,11766768,12172996,11933832,,2888,2424,2932,2880,,17627948,17621732,17626172,17568680
2917,1,1028,334,66,605,0,23,77981276,43835448,47753376,11124,70444860,,19600244,19544320,19415716,19420996,,10850236,10945864,11032512,11006836,,11931084,11765672,12123748,11932872,,2888,2424,2932,2880,,17628016,17621780,17626332,17568732
2920,0,1029,334,66,606,0,23,77997796,43824940,47743096,11124,70445092,,19603236,19544592,19427972,19421996,,10857932,10947424,11014932,11004652,,11938828,11767292,12106248,11930728,,2888,2424,2932,2880,,17628064,17621848,17626416,17568764
2923,0,1030,334,66,607,0,23,77984044,43838152,47756504,11124,70445356,,19604520,19546252,19430432,19402840,,10856680,10953420,11014104,11013948,,11937624,11773352,12105472,11940056,,2888,2424,2932,2880,,17628116,17621972,17626468,17568800
2926,0,1031,334,66,608,0,23,77989724,43834884,47753468,11124,70445592,,19605224,19546816,19433140,19404544,,10854504,10953212,11011560,11015608,,11935492,11773192,12103008,11941776,,2888,2424,2932,2880,,17628164,17622024,17626532,17568872
2929,0,1032,334,66,609,0,23,77989416,43834636,47753420,11124,70445816,,19605328,19540336,19437504,19406248,,10853332,10954344,11008576,11018384,,11934376,11774356,12100096,11944592,,2888,2424,2932,2880,,17628216,17622072,17626608,17568920
2932,0,1033,334,66,610,0,23,77990320,43845288,47764292,11124,70446128,,19606912,19536980,19441208,19405220,,10850556,10971588,11006116,11017028,,11931672,11791632,12097684,11943304,,2888,2424,2932,2880,,17628296,17622196,17626660,17568976
2934,1,1034,334,66,611,0,23,77979888,43861536,47780732,11124,70446352,,19608472,19538052,19444896,19388468,,10850092,10969200,11004184,11038060,,11931252,11789296,12095808,11964376,,2888,2424,2932,2880,,17628348,17622248,17626744,17569012
2937,1,1035,334,66,612,0,23,77890232,43919564,47838836,11124,70446448,,19609048,19528212,19444424,19308548,,10849184,10966792,10995452,11108136,,11930380,11786948,12087128,12034380,,2888,2424,2932,2880,,17628384,17622304,17626800,17568960
2940,1,1036,334,66,613,0,23,77877760,43954956,47874460,11124,70446672,,19610056,19534156,19447952,19285596,,10849404,10969012,10995956,11140584,,11930652,11789240,12087712,12066856,,2888,2424,2932,2880,,17628432,17622368,17626876,17568996
2943,1,1037,334,66,614,0,23,77859796,43965592,47885300,11124,70446916,,19611528,19510132,19450592,19287544,,10846788,10984696,10994300,11139808,,11928100,11804924,12086124,12066152,,2888,2424,2932,2880,,17628492,17622380,17626952,17569092
2946,1,1038,334,66,615,0,23,77833784,44005648,47925532,11124,70447140,,19611552,19466108,19452544,19303580,,10846012,11032528,10996828,11130280,,11927388,11852736,12088696,12056712,,2888,2424,2932,2880,,17628556,17622368,17626996,17569220
2949,1,1039,334,66,616,0,23,77844260,43984124,47904220,11124,70447372,,19584688,19464776,19454364,19340432,,10852976,11046972,10994976,11089200,,11934352,11867216,12086892,12015760,,2888,2424,2932,2880,,17628552,17622424,17627044,17569352
2952,1,1040,334,66,617,0,23,77790284,44051908,47972184,11124,70447564,,19493128,19467840,19455504,19373812,,10964348,11043144,10994252,11050164,,12045644,11863452,12086240,11976848,,2888,2424,2932,2880,,17628460,17622488,17627108,17569508
2955,1,1041,334,66,618,0,23,77813056,44011244,47931772,11124,70447824,,19472308,19490504,19456592,19393652,,10976136,11014044,10992812,11028252,,12057424,11834464,12084844,11955040,,2888,2424,2932,2880,,17628448,17622600,17627176,17569600
2958,1,1042,334,66,619,0,23,77836004,44001936,47922764,11124,70448104,,19471900,19509020,19459236,19395848,,10985692,10998956,10991344,11025944,,12067044,11819448,12083468,11952804,,2888,2424,2932,2880,,17628516,17622676,17627244,17569668
2961,1,1043,334,66,620,0,23,77858468,43969120,47894288,11124,70452464,,19485980,19522392,19452396,19397700,,10972124,10986160,10986920,11023916,,12057656,11806736,12079072,11950824,,2888,2424,2932,2880,,17632692,17622772,17627268,17569732
2964,0,1044,334,66,621,0,23,77918156,43926880,47852376,11124,70452808,,19537392,19525752,19452980,19402032,,10919588,10984788,10995028,11027476,,12005288,11805424,12087232,11954432,,2888,2424,2932,2880,,17632864,17622828,17627328,17569788
2967,1,1045,334,66,622,0,23,77956716,43894012,47819868,11124,70453160,,19570556,19528720,19452880,19404560,,10892664,10980868,10996728,11023752,,11978516,11801580,12088980,11950792,,2888,2424,2932,2880,,17633000,17622904,17627384,17569872
2970,0,1046,334,66,623,0,23,77977728,43870348,47796444,11124,70453412,,19583384,19530980,19453984,19409380,,10877784,10977704,10994836,11020024,,11963716,11798468,12087144,11947116,,2888,2424,2932,2880,,17633064,17622956,17627464,17569928
2973,0,1047,334,66,624,0,23,77973168,43858560,47784892,11124,70453660,,19586264,19535840,19437840,19413224,,10872528,10974332,10995504,11016196,,11958520,11795148,12087876,11943348,,2888,2424,2932,2880,,17633124,17623056,17627500,17569980
2976,0,1048,334,66,625,0,23,77894676,43937840,47864252,11124,70453744,,19585736,19538488,19354212,19416240,,10870940,10970716,11083968,11012216,,11956964,11791608,12176252,11939428,,2888,2424,2932,2880,,17633168,17623132,17627404,17570040
2979,0,1049,334,66,626,0,23,77872940,43964728,47891264,11124,70453912,,19589268,19538640,19327204,19417828,,10869540,10969636,11116668,11008884,,11955620,11790572,12208936,11936136,,2888,2424,2932,2880,,17633228,17623184,17627416,17570084
2981,1,1050,334,66,627,0,23,77879856,43961308,47888076,11124,70454148,,19593136,19540092,19327976,19418652,,10867532,10968960,11117816,11007000,,11953668,11789944,12210128,11934336,,2888,2424,2932,2880,,17633284,17623232,17627468,17570164
2984,1,1051,334,66,628,0,23,77907368,43943148,47870224,11124,70454448,,19598808,19540160,19348692,19419708,,10862880,10968728,11106892,11004648,,11949060,11789776,12199336,11932052,,2888,2424,2932,2880,,17633324,17623296,17627592,17570236
2987,1,1052,334,66,629,0,23,77957964,43883012,47810364,11124,70454716,,19602860,19542604,19390572,19421928,,10855528,10966236,11057060,11004188,,11941756,11787332,12149636,11931640,,2888,2424,2932,2880,,17633368,17623352,17627716,17570280
2990,1,1053,334,66,630,0,23,77993936,43837692,47765372,11124,70455048,,19605660,19542312,19423748,19422216,,10851068,10960080,11023788,11002756,,11937356,11781224,12116528,11930264,,2888,2424,2932,2880,,17633428,17623404,17627876,17570340
2993,1,1054,334,66,631,0,23,77999948,43839700,47767624,11124,70455292,,19608000,19537776,19431464,19422708,,10851140,10970992,11012464,11005104,,11937484,11792212,12105276,11932652,,2888,2424,2932,2880,,17633484,17623468,17627952,17570388
2996,1,1055,334,66,632,0,23,77988740,43821108,47749240,11124,70455500,,19609228,19536204,19432940,19410368,,10850324,10958600,11003992,11008192,,11936712,11779852,12096876,11935800,,2888,2424,2932,2880,,17633528,17623516,17628004,17570452
2999,1,1056,334,66,633,0,23,77982684,43844828,47773192,11124,70455764,,19611072,19534924,19431956,19404732,,10848956,10973816,11008508,11013548,,11935384,11795124,12101452,11941232,,2888,2424,2932,2880,,17633600,17623572,17628068,17570524
3002,1,1057,334,66,634,0,23,77989604,43841256,47769800,11124,70455960,,19612276,19536984,19435560,19404784,,10847508,10971996,11006564,11015188,,11933972,11793368,12099564,11942896,,2888,2424,2932,2880,,17633636,17623632,17628128,17570564
3005,1,1058,334,66,635,0,23,77986620,43843412,47772192,11124,70456176,,19612348,19532588,19438932,19402752,,10846488,10971240,11008204,11017480,,11933008,11792664,12101272,11945248,,2888,2424,2932,2880,,17633688,17623684,17628192,17570612
3008,0,1059,334,66,636,0,23,77953812,43859752,47788676,11124,70456336,,19613912,19533052,19444920,19361928,,10844888,10976348,11003356,11035160,,11931456,11797824,12096480,11962916,,2888,2424,2932,2880,,17633744,17623736,17628260,17570596
3011,0,1060,334,66,637,0,23,77911180,43929704,47858788,11124,70456492,,19615620,19531056,19448728,19315776,,10844056,10978436,10997696,11109516,,11930684,11799948,12090892,12037264,,2888,2424,2932,2880,,17633804,17623776,17628324,17570588
3014,0,1061,334,66,638,0,23,77881908,43942812,47872044,11124,70456712,,19615872,19526448,19451616,19287972,,10842640,10971472,10995896,11132804,,11929308,11793016,12089136,12060584,,2888,2424,2932,2880,,17633864,17623848,17628376,17570624
3017,0,1062,334,66,639,0,23,77859792,43960416,47891880,11124,70458940,,19616684,19494744,19453900,19294464,,10842112,10996948,10993540,11127816,,11928816,11820552,12086848,12055664,,2888,2424,2932,2880,,17633900,17625904,17628444,17570692
3020,0,1063,334,66,640,0,23,77861716,43981960,47913648,11124,70459204,,19618172,19476796,19457608,19309140,,10841460,11028216,10987656,11124628,,11928216,11851852,12081032,12052548,,2888,2424,2932,2880,,17633948,17625992,17628504,17570760
3023,0,1064,334,66,641,0,23,77868992,43937908,47869872,11124,70459488,,19579228,19478996,19459504,19351264,,10843488,11028132,10986284,11080004,,11930256,11851804,12079724,12008088,,2888,2424,2932,2880,,17633956,17626028,17628572,17570932
3025,1,1065,334,66,642,0,23,77821484,43998812,47930912,11124,70459648,,19502156,19484748,19459420,19375160,,10933932,11024236,10988128,11052516,,12020624,11847976,12081608,11980704,,2888,2424,2932,2880,,17633868,17626124,17628624,17571032
3028,1,1066,334,66,643,0,23,77843460,43986124,47918512,11124,70459956,,19486492,19503428,19460432,19393108,,10961500,11004672,10987424,11032528,,12048220,11828508,12080960,11960824,,2888,2424,2932,2880,,17633908,17626232,17628676,17571140
3031,1,1067,334,66,644,0,23,77851768,43985240,47917856,11124,70460200,,19474028,19520476,19461880,19395384,,10982556,10986416,10984896,11031372,,12069284,11810344,12078496,11959732,,2888,2424,2932,2880,,17633920,17626328,17628748,17571204
3034,1,1068,334,66,645,0,23,77878852,43934920,47867832,11124,70460504,,19491400,19533472,19455404,19398576,,10955464,10974592,10977448,11027416,,12042292,11798604,12071104,11955832,,2888,2424,2932,2880,,17634028,17626408,17628812,17571256
3037,1,1069,334,66,646,0,23,77981096,43827604,47767656,11124,70467572,,19585936,19536084,19456412,19402664,,10857380,10970912,10978020,11021292,,11951160,11794984,12071736,11949776,,2888,2424,2932,2880,,17640924,17626468,17628856,17571324
3040,1,1070,334,66,647,0,23,77896304,43928840,47862432,11124,70461052,,19493856,19537520,19458608,19406320,,10961068,10969072,10979700,11019000,,12048224,11793196,12073480,11947532,,2888,2424,2932,2880,,17634228,17626524,17628924,17571376
3043,1,1071,334,66,648,0,23,77904980,43926504,47860348,11124,70461296,,19503388,19536012,19452268,19413312,,10956176,10969908,10986288,11014132,,12043412,11794096,12080112,11942728,,2888,2424,2932,2880,,17634304,17626584,17628968,17571440
3046,1,1072,334,66,649,0,23,77865764,43971460,47905440,11124,70461452,,19503776,19536804,19409560,19415624,,10955156,10969856,11036224,11010224,,12042424,11794088,12130056,11938872,,2888,2424,2932,2880,,17634360,17626632,17628968,17571492
3049,1,1073,334,66,650,0,23,77823028,44003436,47937592,11124,70461668,,19504212,19541688,19359236,19417892,,10955224,10965752,11076596,11005864,,12042552,11790056,12170412,11934572,,2888,2424,2932,2880,,17634424,17626700,17628992,17571552
3052,1,1074,334,66,651,0,23,77802096,44012344,47946684,11124,70461860,,19516644,19533924,19331100,19420428,,10944732,10960076,11101992,11005544,,12032144,11784428,12195800,11934312,,2888,2424,2932,2880,,17634516,17626748,17628992,17571604
3055,1,1075,334,66,652,0,23,77862160,43967408,47902088,11124,70462228,,19564624,19535912,19340064,19421560,,10898124,10962020,11104372,11002892,,11985708,11786424,12198252,11931704,,2888,2424,2932,2880,,17634684,17626836,17629060,17571648
3058,1,1076,334,66,653,0,23,77890936,43942120,47877124,11124,70462564,,19582668,19535012,19351208,19422048,,10877360,10973396,11088328,11003036,,11965032,11797864,12182324,11931904,,2888,2424,2932,2880,,17634772,17626904,17629176,17571712
3061,1,1077,334,66,654,0,23,77936792,43892276,47827608,11124,70462920,,19586548,19534352,19393028,19422864,,10872588,10971100,11046692,11001896,,11960304,11795612,12140860,11930832,,2888,2424,2932,2880,,17634824,17626968,17629352,17571776
3064,1,1078,334,66,655,0,23,77972284,43854556,47790192,11124,70463220,,19590748,19532568,19423924,19425044,,10867532,10969896,11018468,10998660,,11955300,11794472,12112764,11927656,,2888,2424,2932,2880,,17634876,17627028,17629472,17571844
3067,1,1079,334,66,656,0,23,77852244,43978936,47914736,11124,70463380,,19593280,19532884,19313508,19412572,,10863944,10971340,11136580,11007072,,11951764,11795980,12230892,11936100,,2888,2424,2932,2880,,17634936,17627092,17629444,17571908
3073,1,1080,334,66,657,0,23,77858596,43967028,47903144,11124,70463632,,19598348,19534744,19319688,19405816,,10859148,10960596,11135228,11012056,,11947060,11785348,12229604,11941132,,2888,2424,2932,2880,,17635024,17627200,17629464,17571944
3076,0,1081,334,66,658,0,23,77855248,43964776,47901156,11124,70463924,,19600896,19537612,19309428,19407312,,10858112,10958176,11138588,11009900,,11946076,11782988,12233016,11939076,,2888,2424,2932,2880,,17635072,17627256,17629536,17572060
3079,0,1082,334,66,659,0,23,77847852,43973204,47909756,11124,70464128,,19603916,19541040,19309316,19393580,,10854740,10960384,11138868,11019212,,11942760,11785248,12233340,11948408,,2888,2424,2932,2880,,17635132,17627312,17629584,17572100
3082,0,1083,334,66,660,0,23,77827652,44005704,47942512,11124,70464392,,19606892,19542868,19345868,19332024,,10847572,10958360,11104828,11094944,,11935652,11783272,12199424,12024164,,2888,2424,2932,2880,,17635188,17627396,17629700,17572108
3085,0,1084,334,66,661,0,23,77882688,43939552,47876700,11124,70464728,,19609548,19543720,19415472,19313948,,10845716,10957436,11029080,11107320,,11933852,11782416,12123920,12036512,,2888,2424,2932,2880,,17635248,17627460,17629936,17572084
3088,0,1085,334,66,662,0,23,77846356,43949284,47886564,11124,70464880,,19611328,19523652,19424284,19287092,,10846364,10972684,11021284,11108952,,11934528,11797704,12116180,12038152,,2888,2424,2932,2880,,17635300,17627500,17629992,17572088
3090,1,1086,334,66,663,0,23,77837956,43967708,47905212,11124,70465108,,19612076,19506044,19427700,19292136,,10843676,10995172,11016648,11112212,,11931896,11820196,12111608,12041512,,2888,2424,2932,2880,,17635348,17627512,17630060,17572188
3093,1,1087,334,66,664,0,23,77834104,43972236,47909956,11124,70465348,,19613428,19486464,19430596,19303616,,10842504,11007176,11014264,11108292,,11930772,11832212,12109288,12037684,,2888,2424,2932,2880,,17635408,17627532,17630124,17572284
3096,1,1088,334,66,665,0,23,77885824,43941964,47880020,11124,70465748,,19614156,19486692,19433416,19351560,,10842808,11011988,11010116,11077052,,11931144,11837092,12105188,12006596,,2888,2424,2932,2880,,17635532,17627592,17630168,17572456
3099,1,1089,334,66,666,0,23,77966016,43864252,47807052,11124,70470540,,19615432,19497892,19436776,19415916,,10843116,11007580,11009228,11004328,,11931504,11832740,12104352,11938456,,2888,2424,2932,2880,,17635584,17627664,17630224,17577068
3102,1,1090,334,66,667,0,23,77961932,43835060,47773828,11124,70466468,,19574844,19513644,19440696,19432748,,10859932,10991216,11006256,10977656,,11948300,11816492,12101424,11907612,,2888,2424,2932,2880,,17635560,17627772,17630264,17572872
3105,1,1091,334,66,668,0,23,77825916,43982412,47921140,11124,70466388,,19568752,19530524,19448596,19278044,,10869732,10974316,10998108,11140256,,11958124,11799696,12093324,12069996,,2888,2424,2932,2880,,17635592,17627880,17630320,17572596
3108,1,1092,334,66,669,0,23,77830120,43972028,47911020,11124,70466652,,19569456,19536832,19451828,19272004,,10867992,10972240,10991216,11140580,,11956440,11797676,12086524,12070380,,2888,2424,2932,2880,,17635644,17627932,17630412,17572664
3111,1,1093,334,66,670,0,23,77824084,43982220,47921400,11124,70466840,,19562124,19537496,19453444,19271020,,10877336,10963060,10991392,11150432,,11965832,11788536,12086760,12080272,,2888,2424,2932,2880,,17635688,17627976,17630468,17572708
3114,0,1094,334,66,671,0,23,77815872,44014420,47953860,11124,70467132,,19551348,19532288,19455524,19276712,,10902600,10971936,10990140,11149744,,11991156,11797476,12085572,12079656,,2888,2424,2932,2880,,17635780,17628044,17630532,17572776
3117,0,1095,334,66,672,0,23,77851444,43961956,47901724,11124,70467452,,19503252,19530572,19456812,19360808,,10944464,10966096,10986784,11064612,,12032980,11791700,12082256,11994788,,2888,2424,2932,2880,,17635736,17628104,17630572,17573040
3120,0,1096,334,66,673,0,23,77886024,43942512,47882580,11124,70467760,,19509172,19530180,19457844,19388828,,10949100,10975172,10983384,11034856,,12037664,11800836,12078904,11965176,,2888,2424,2932,2880,,17635788,17628156,17630632,17573184
3123,0,1097,334,66,674,0,23,77894188,43935872,47876192,11124,70468016,,19510748,19533788,19458256,19391396,,10947996,10972384,10984200,11031292,,12036616,11798080,12079808,11961688,,2888,2424,2932,2880,,17635844,17628188,17630708,17573276
3126,0,1098,334,66,675,0,23,77903404,43916872,47857416,11124,70468232,,19516384,19531480,19460140,19395400,,10943920,10962488,10983016,11027448,,12032608,11788240,12078684,11957884,,2888,2424,2932,2880,,17635912,17628248,17630768,17573304
3128,1,1099,334,66,676,0,23,77948976,43871916,47812776,11124,70468612,,19559672,19531232,19461084,19396988,,10900924,10959508,10984536,11026948,,11989768,11785320,12080260,11957428,,2888,2424,2932,2880,,17636068,17628364,17630824,17573356
3131,1,1100,334,66,677,0,23,77977704,43831812,47772964,11124,70468928,,19587356,19532336,19458152,19399860,,10867616,10959864,10981192,11023140,,11956580,11785708,12076984,11953692,,2888,2424,2932,2880,,17636184,17628436,17630892,17573416
3134,1,1101,334,66,678,0,23,77989468,43829892,47771292,11124,70469172,,19591668,19534908,19458408,19404484,,10863968,10965380,10980360,11020184,,11952996,11791276,12076216,11950804,,2888,2424,2932,2880,,17636248,17628488,17630956,17573480
3137,1,1102,334,66,679,0,23,78003392,43821808,47763444,11124,70469436,,19594088,19538184,19460604,19410516,,10859416,10965512,10984968,11011912,,11948492,11791444,12080892,11942616,,2888,2424,2932,2880,,17636304,17628540,17631024,17573568
3140,1,1103,334,66,680,0,23,78012396,43813176,47755056,11124,70469688,,19596608,19541004,19461000,19413784,,10858828,10963212,10982888,11008248,,11947988,11789204,12078872,11938992,,2888,2424,2932,2880,,17636380,17628604,17631088,17573616
3143,1,1104,334,66,681,0,23,77935264,43897368,47839316,11124,70469772,,19598556,19543920,19376608,19416180,,10858244,10960168,11073332,11005624,,11947460,11786212,12169228,11936416,,2888,2424,2932,2880,,17636432,17628688,17630996,17573656
3146,1,1105,334,66,682,0,23,77880368,43943344,47885424,11124,70469892,,19601924,19545148,19314496,19418800,,10854648,10958488,11126488,11003720,,11943916,11784596,12222332,11934580,,2888,2424,2932,2880,,17636484,17628744,17630936,17573728
3149,1,1106,334,66,683,0,23,77887976,43940124,47882436,11124,70470140,,19606120,19546816,19314652,19420388,,10850484,10957252,11130012,11002376,,11939788,11783424,12225912,11933312,,2888,2424,2932,2880,,17636524,17628812,17630996,17573808
3152,1,1107,334,66,684,0,23,77894240,43936960,47879536,11124,70470416,,19609476,19549056,19314976,19420732,,10847236,10956052,11132488,11001184,,11936592,11782272,12228468,11932204,,2888,2424,2932,2880,,17636596,17628856,17631072,17573892
3155,1,1108,334,66,685,0,23,77924124,43901676,47844520,11124,70470680,,19611148,19549860,19341420,19421696,,10845120,10954976,11100852,11000728,,11934552,11781244,12196944,11931780,,2888,2424,2932,2880,,17636652,17628912,17631192,17573924
3158,0,1109,334,66,686,0,23,77994776,43829184,47772432,11124,70471064,,19612136,19543864,19415572,19423204,,10843060,10957320,11030772,10998032,,11932552,11783644,12127096,11929140,,2888,2424,2932,2880,,17636708,17628960,17631416,17573980
3161,0,1110,334,66,687,0,23,77994496,43827836,47771308,11124,70471288,,19612480,19529496,19428424,19424096,,10842812,10976812,11009892,10998320,,11932348,11803180,12106296,11929484,,2888,2424,2932,2880,,17636752,17629000,17631496,17574040
3164,0,1111,334,66,688,0,23,77964428,43829848,47773488,11124,70471460,,19613228,19495792,19430976,19424432,,10838708,10986100,11008544,10996496,,11928292,11812452,12105004,11927740,,2888,2424,2932,2880,,17636800,17628984,17631560,17574116
3167,0,1112,334,66,689,0,23,77962592,43844292,47788196,11124,70471724,,19614412,19488672,19433992,19425516,,10842192,11001088,11006844,10994168,,11931840,11827496,12103372,11925488,,2888,2424,2932,2880,,17636864,17629044,17631620,17574196
3169,1,1113,334,66,690,0,23,77969112,43843440,47789584,11124,70473972,,19615084,19491440,19436756,19425832,,10841752,11001048,11006128,10994512,,11931448,11829560,12102708,11925868,,2888,2424,2932,2880,,17636916,17631148,17631676,17574232
3173,0,1114,334,66,691,0,23,77984436,43833316,47781312,11124,70475948,,19608632,19508712,19440808,19426284,,10833520,10999900,11005316,10994580,,11923268,11830116,12101956,11925972,,2888,2424,2932,2880,,17636972,17632960,17631732,17574284
3176,0,1115,334,66,692,0,23,77755908,44067112,48013548,11124,70474296,,19588456,19411172,19448324,19307956,,10867168,11098088,10997812,11104044,,11956920,11926752,12094524,12035352,,2888,2424,2932,2880,,17636980,17631328,17631812,17574176
3180,1,1116,334,66,693,0,23,77768228,44039208,47985812,11124,70474488,,19569136,19474200,19452376,19272516,,10875384,11031452,10991084,11141288,,11965188,11860140,12087868,12072616,,2888,2424,2932,2880,,17637024,17631356,17631884,17574224
3183,1,1117,334,66,694,0,23,77768144,44042896,47989732,11124,70474724,,19569624,19470608,19455104,19272808,,10876496,11032996,10989884,11143520,,11966360,11861736,12086744,12074892,,2888,2424,2932,2880,,17637088,17631408,17631960,17574268
3186,0,1118,334,66,695,0,23,77745260,44069304,48016344,11124,70474924,,19544576,19472176,19456152,19272356,,10896000,11033584,10987024,11152696,,11985912,11862376,12083940,12084116,,2888,2424,2932,2880,,17637128,17631456,17632016,17574324
3189,1,1119,334,66,696,0,23,77805940,44035868,47983244,11124,70475264,,19526852,19485688,19458768,19334632,,10931904,11025780,10984960,11093224,,12021828,11854644,12081908,12024864,,2888,2424,2932,2880,,17637132,17631540,17632056,17574536
3192,0,1120,334,66,697,0,23,77871524,43930344,47878104,11124,70475632,,19509360,19523380,19455384,19383400,,10922812,10981248,10987792,11038492,,12012748,11810248,12084808,11970300,,2888,2424,2932,2880,,17637144,17631668,17632116,17574704
3195,0,1121,334,66,698,0,23,77884164,43928740,47876760,11124,70475940,,19510072,19526472,19456580,19391040,,10931828,10978524,10987168,11031220,,12021824,11807564,12084252,11963120,,2888,2424,2932,2880,,17637208,17631716,17632212,17574804
3198,0,1122,334,66,699,0,23,77905824,43926008,47874324,11124,70476240,,19521172,19531932,19458524,19394196,,10936648,10975016,10986368,11027976,,12026724,11804128,12083540,11959932,,2888,2424,2932,2880,,17637288,17631792,17632304,17574856
3201,0,1123,334,66,700,0,23,77927100,43907460,47855960,11124,70476428,,19533996,19537412,19459264,19396428,,10927812,10969516,10984552,11025580,,12017972,11798668,12081752,11957568,,2888,2424,2932,2880,,17637372,17631828,17632336,17574892
3204,0,1124,334,66,701,0,23,77981460,43846484,47795300,11124,70481068,,19578304,19540044,19460068,19403044,,10881028,10966300,10984048,11015108,,11971352,11795492,12081284,11947172,,2888,2424,2932,2880,,17637560,17631872,17632388,17579248
3206,1,1125,334,66,702,0,23,78003204,43825772,47774836,11124,70481316,,19591296,19543768,19461364,19406776,,10865088,10963620,10982712,11014352,,11955476,11792864,12080028,11946468,,2888,2424,2932,2880,,17637620,17631932,17632464,17579300
3209,1,1126,334,66,703,0,23,78016936,43811008,47760360,11124,70481572,,19594768,19545576,19462872,19413720,,10861436,10960360,10978892,11010320,,11951884,11789668,12076292,11942516,,2888,2424,2932,2880,,17637676,17631984,17632540,17579372
3212,1,1127,334,66,704,0,23,78030820,43799448,47751056,11124,70483880,,19597384,19549808,19463264,19420364,,10859248,10956296,10981212,11002692,,11949752,11785636,12078676,11936992,,2888,2424,2932,2880,,17637736,17632028,17632636,17581480
3215,1,1128,334,66,705,0,23,78005004,43810480,47762228,11124,70484028,,19599324,19551368,19430360,19423952,,10855272,10953872,11001312,11000024,,11945836,11783264,12098748,11934380,,2888,2424,2932,2880,,17637800,17632072,17632612,17581544
3218,1,1129,334,66,706,0,23,77919580,43897552,47849312,11124,70489168,,19603012,19552532,19331792,19432244,,10852444,10952072,11103660,10989376,,11943052,11781516,12200968,11923776,,2888,2424,2932,2880,,17637852,17632128,17632492,17586696
3221,1,1130,334,66,707,0,23,77912504,43895824,47847796,11124,70489364,,19606624,19553232,19318492,19434156,,10850096,10950912,11107636,10987180,,11940748,11780428,12204992,11921628,,2888,2424,2932,2880,,17637888,17632196,17632528,17586752
3224,1,1131,334,66,708,0,23,77926780,43891348,47843620,11124,70494776,,19609708,19553484,19324036,19439552,,10845736,10950544,11111440,10983628,,11936440,11780112,12208888,11918180,,2888,2424,2932,2880,,17637940,17632244,17632620,17591972
3227,1,1132,334,66,709,0,23,77958028,43864708,47817256,11124,70495056,,19612092,19555548,19349644,19440744,,10842568,10948804,11092064,10981272,,11933340,11778420,12189624,11915872,,2888,2424,2932,2880,,17638004,17632296,17632736,17592020
3230,1,1133,334,66,710,0,23,77995656,43829904,47782648,11124,70500712,,19614312,19556428,19376420,19448496,,10840520,10950908,11063864,10974612,,11931312,11780564,12161532,11909240,,2888,2424,2932,2880,,17638048,17632348,17632872,17597444
3233,0,1134,334,66,711,0,23,78046840,43772236,47725352,11124,70501060,,19615340,19557468,19424592,19449440,,10839088,10948012,11016192,10968944,,11929940,11777744,12114036,11903632,,2888,2424,2932,2880,,17638100,17632412,17633036,17597512
3236,0,1135,334,66,712,0,23,78060124,43760480,47713848,11124,70506428,,19615708,19557640,19431740,19455036,,10837912,10948216,11010072,10964280,,11928816,11778032,12107972,11899028,,2888,2424,2932,2880,,17638152,17632492,17633092,17602692
3239,0,1136,334,66,713,0,23,77997684,43823192,47776676,11124,70511700,,19616712,19486620,19434500,19459852,,10837440,11017624,11007776,10960352,,11928388,11847364,12105740,11895184,,2888,2424,2932,2880,,17638196,17632436,17633168,17607900
3242,0,1137,334,66,714,0,23,78023156,43794840,47748592,11124,70511952,,19617860,19507604,19437656,19460036,,10836568,10993980,11006008,10958284,,11927568,11823812,12104036,11893176,,2888,2424,2932,2880,,17638252,17632516,17633228,17607956
3245,0,1138,334,66,715,0,23,78026440,43787912,47741852,11124,70517276,,19610876,19508868,19439976,19466720,,10838540,10994816,11003948,10950608,,11929584,11824692,12102032,11885544,,2888,2424,2932,2880,,17638292,17632572,17633288,17613124
3247,1,1139,334,66,716,0,23,78018052,43785256,47739428,11124,70517524,,19603748,19510372,19444180,19459752,,10839864,10997180,10998860,10949352,,11930952,11827116,12097008,11884352,,2888,2424,2932,2880,,17638364,17632628,17633352,17613180
3250,1,1140,334,66,717,0,23,77901384,43885408,47839612,11124,70522672,,19575976,19500860,19451692,19372856,,10861568,11007460,10990484,11025896,,11952668,11837460,12088688,11960796,,2888,2424,2932,2880,,17638372,17632688,17633408,17618204
3253,1,1141,334,66,718,0,23,77814104,43981716,47936012,11124,70527860,,19569136,19470152,19452220,19322596,,10872892,11034808,10981392,11092624,,11964028,11864812,12079664,12027508,,2888,2424,2932,2880,,17638404,17632692,17633464,17623300
3256,1,1142,334,66,719,0,23,77818248,43985148,47939672,11124,70528108,,19563036,19478276,19454420,19322516,,10881532,11032080,10977688,11093848,,11972716,11862144,12076036,12028776,,2888,2424,2932,2880,,17638448,17632748,17633552,17623360
3259,1,1143,334,66,720,0,23,77823536,43979364,47934112,11124,70533476,,19557112,19482180,19456872,19327372,,10882280,11029492,10975612,11091980,,11973524,11859604,12074004,12026980,,2888,2424,2932,2880,,17638512,17632816,17633608,17628540
3262,1,1144,334,66,721,0,23,77848892,43952396,47907476,11124,70533824,,19522064,19489028,19458844,19378956,,10913064,11021640,10975568,11042124,,12004296,11851856,12074028,11977296,,2888,2424,2932,2880,,17638492,17632940,17633676,17628716
3265,1,1145,334,66,722,0,23,77928192,43883744,47839196,11124,70539376,,19524720,19510452,19459616,19433404,,10920088,10996320,10978480,10988856,,12011376,11826624,12076996,11924200,,2888,2424,2932,2880,,17638544,17633036,17633756,17634040
3268,1,1146,334,66,723,0,23,77958916,43855636,47811416,11124,70539696,,19511124,19534188,19461856,19451748,,10936432,10971096,10978052,10970056,,12027748,11801516,12076640,11905512,,2888,2424,2932,2880,,17638576,17633144,17633828,17634148
3271,1,1147,334,66,724,0,23,77976364,43832896,47788960,11124,70539980,,19523124,19535260,19463704,19454276,,10923892,10969256,10974460,10965288,,12015296,11799720,12073124,11900820,,2888,2424,2932,2880,,17638664,17633196,17633904,17634216
3274,1,1148,334,66,725,0,23,78020740,43791348,47747704,11124,70540296,,19560144,19537484,19464588,19458524,,10889684,10966812,10973524,10961328,,11981240,11797324,12072228,11896912,,2888,2424,2932,2880,,17638816,17633244,17633956,17634280
3277,1,1149,334,66,726,0,23,78050284,43757756,47714468,11124,70540608,,19583812,19540164,19465752,19460556,,10864396,10965392,10971124,10956844,,11956068,11796000,12069896,11892504,,2888,2424,2932,2880,,17638908,17633336,17634016,17634348
3280,1,1150,334,66,727,0,23,78068776,43734992,47695992,11124,70544888,,19591432,19542940,19466556,19467848,,10850432,10962536,10971544,10950480,,11942176,11793184,12070356,11890276,,2888,2424,2932,2880,,17638968,17633380,17634056,17638484
3283,1,1151,334,66,728,0,23,78078508,43725944,47687204,11124,70545140,,19594336,19544744,19467336,19472092,,10853400,10958576,10968444,10945524,,11945188,11789276,12067336,11885404,,2888,2424,2932,2880,,17639016,17633428,17634128,17638568
3286,1,1152,334,66,729,0,23,78068060,43739952,47701448,11124,70545388,,19596040,19547668,19445884,19478468,,10857832,10957380,10985848,10938892,,11949688,11788128,12084788,11878844,,2888,2424,2932,2880,,17639076,17633484,17634180,17638648
3289,1,1153,334,66,730,0,23,78026412,43775896,47737508,11124,70545512,,19598420,19550416,19396488,19481088,,10854456,10954540,11029788,10937112,,11946384,11785328,12128680,11877116,,2888,2424,2932,2880,,17639140,17633528,17634144,17638700
3292,1,1154,334,66,731,0,23,77971368,43838896,47800648,11124,70545700,,19603896,19551388,19333440,19482644,,10851992,10955456,11097280,10934168,,11943972,11786312,12196144,11874220,,2888,2424,2932,2880,,17639188,17633640,17634104,17638768
3295,1,1155,334,66,732,0,23,77964144,43835640,47797556,11124,70545876,,19606192,19552768,19319744,19485440,,10848792,10953140,11103392,10930316,,11940808,11784048,12202268,11870432,,2888,2424,2932,2880,,17639232,17633700,17634116,17638828
3298,1,1156,334,66,733,0,23,77969856,43834360,47796576,11124,70546160,,19608812,19539540,19335384,19486120,,10848584,10958084,11096788,10930904,,11940664,11789016,12195784,11871112,,2888,2424,2932,2880,,17639288,17633720,17634232,17638920
3301,0,1157,334,66,734,0,23,77997472,43830340,47792888,11124,70546484,,19610200,19538128,19362048,19487096,,10844764,10970328,11082320,10932928,,11936904,11801344,12181440,11873200,,2888,2424,2932,2880,,17639356,17633796,17634356,17638976
3304,0,1158,334,66,735,0,23,78039736,43788092,47750936,11124,70546784,,19612336,19540508,19398608,19488284,,10840808,10966400,11048128,10932756,,11933008,11797460,12147392,11873076,,2888,2424,2932,2880,,17639408,17633848,17634504,17639024
3307,0,1159,334,66,736,0,23,78071156,43750064,47713176,11124,70547040,,19613956,19541332,19426056,19489812,,10839652,10966212,11013508,10930692,,11931888,11797316,12112888,11871084,,2888,2424,2932,2880,,17639448,17633888,17634616,17639088
3309,1,1160,334,66,737,0,23,78071076,43738868,47702224,11124,70547288,,19615076,19532044,19433848,19490108,,10837356,10968052,11003320,10930140,,11929644,11799204,12102772,11870604,,2888,2424,2932,2880,,17639496,17633952,17634672,17639168
3312,1,1161,334,66,738,0,23,78061144,43733380,47696972,11124,70547576,,19615976,19521528,19432888,19490752,,10837592,10967452,10999608,10928728,,11929928,11798632,12099148,11869264,,2888,2424,2932,2880,,17639540,17633972,17634768,17639296
3315,1,1162,334,66,739,0,23,78056880,43742476,47706316,11124,70547804,,19617052,19510856,19437764,19491208,,10835324,10982816,10996340,10927996,,11927736,11814044,12095940,11868596,,2888,2424,2932,2880,,17639620,17634004,17634824,17639356
3318,1,1163,334,66,740,0,23,78058848,43749156,47713172,11124,70547980,,19611652,19513172,19441572,19492452,,10841056,10986368,10995448,10926284,,11933512,11817632,12095096,11866932,,2888,2424,2932,2880,,17639656,17634040,17634880,17639404
3321,1,1164,334,66,741,0,23,77982992,43782416,47748528,11124,70550108,,19591540,19513464,19449004,19428984,,10839784,10987880,10987796,10966956,,11932252,11819152,12089548,11907576,,2888,2424,2932,2880,,17639672,17634068,17636980,17639388
3324,1,1165,334,66,742,0,23,77912992,43855260,47821548,11124,70550264,,19578424,19498032,19453108,19383428,,10853464,10999696,10986432,11015668,,11945964,11831060,12088248,11956276,,2888,2424,2932,2880,,17639700,17634156,17637032,17639376
3327,1,1166,334,66,743,0,23,77837660,43938312,47904716,11124,70550392,,19571904,19475988,19455160,19334608,,10864664,11021460,10983920,11068268,,11957192,11852840,12085816,12008868,,2888,2424,2932,2880,,17639736,17634180,17637108,17639368
3330,1,1167,334,66,744,0,23,77846972,43934660,47901316,11124,70550628,,19569584,19482852,19460088,19334448,,10868216,11014004,10980516,11071924,,11960816,11845448,12082472,12012580,,2888,2424,2932,2880,,17639804,17634236,17637172,17639416
3333,1,1168,334,66,745,0,23,77844480,43973160,47940032,11124,70550852,,19538120,19483608,19462136,19360616,,10917312,11015280,10978440,11062128,,12009916,11846772,12080448,12002896,,2888,2424,2932,2880,,17639800,17634300,17637220,17639532
3336,1,1169,334,66,746,0,23,77885976,43930612,47897784,11124,70551244,,19522208,19495172,19464956,19403640,,10920912,11012956,10977740,11019004,,12013536,11844504,12079816,11959928,,2888,2424,2932,2880,,17639832,17634368,17637292,17639752
3339,1,1170,334,66,747,0,23,77945956,43871440,47839040,11124,70551640,,19506292,19532516,19465352,19441796,,10947336,10973260,10977528,10973316,,12039996,11804992,12079636,11914416,,2888,2424,2932,2880,,17639852,17634540,17637336,17639912
3342,1,1171,334,66,748,0,23,77976152,43838864,47806792,11124,70551952,,19518028,19536756,19466864,19454504,,10937036,10968228,10975016,10958584,,12029776,11800020,12077200,11899796,,2888,2424,2932,2880,,17639932,17634600,17637412,17640008
3345,1,1172,334,66,749,0,23,78019212,43794284,47766284,11124,70556056,,19554736,19539224,19468488,19456764,,10898756,10965780,10971724,10958024,,11995432,11797608,12073960,11899284,,2888,2424,2932,2880,,17643896,17634640,17637452,17640068
3348,1,1173,334,66,750,0,23,77975536,43839004,47808816,11124,70553792,,19500564,19543756,19469272,19461944,,10952448,10962500,10970108,10953948,,12046672,11794392,12072436,11895316,,2888,2424,2932,2880,,17641352,17634704,17637552,17640184
3353,1,1174,334,66,751,0,23,77992896,43827620,47797680,11124,70554008,,19513704,19544836,19469456,19464900,,10944612,10960324,10969612,10953072,,12038904,11792300,12071984,11894492,,2888,2424,2932,2880,,17641372,17634804,17637596,17640236
3356,1,1175,334,66,752,0,23,78005536,43811528,47783888,11124,70556328,,19512940,19550648,19471000,19470948,,10940572,10954120,10968072,10948764,,12034892,11788220,12070512,11890264,,2888,2424,2932,2880,,17641428,17636916,17637664,17640320
3359,1,1176,334,66,753,0,23,77978212,43822616,47795116,11124,70556460,,19515324,19542384,19443780,19476724,,10941832,10958384,10979876,10942524,,12036196,11792516,12082320,11884084,,2888,2424,2932,2880,,17641468,17636940,17637676,17640376
3362,1,1177,334,66,754,0,23,77947120,43869816,47842544,11124,70556684,,19521336,19539548,19408104,19478132,,10938316,10968080,11027060,10936360,,12032740,11802288,12129528,11877988,,2888,2424,2932,2880,,17641536,17637016,17637688,17640444
3365,1,1178,334,66,755,0,23,77964536,43842920,47815940,11124,70556964,,19584440,19540796,19358696,19480604,,10868792,10963292,11072824,10938012,,11963440,11797528,12175276,11879696,,2888,2424,2932,2880,,17641748,17637044,17637668,17640504
3368,1,1179,334,66,756,0,23,77941248,43865292,47838516,11124,70557176,,19592020,19542888,19324176,19482164,,10860884,10962516,11105652,10936240,,11955592,11796844,12208088,11877992,,2888,2424,2932,2880,,17641804,17637140,17637664,17640568
3371,1,1180,334,66,757,0,23,77975248,43841124,47814676,11124,70557496,,19597104,19545576,19349720,19482848,,10856472,10961104,11088884,10934664,,11951232,11795500,12191452,11876492,,2888,2424,2932,2880,,17641860,17637212,17637784,17640640
3374,1,1181,334,66,758,0,23,78007904,43810272,47791892,11124,70565632,,19598408,19547072,19378128,19484296,,10856172,10958228,11063304,10932568,,11950984,11792664,12173796,11874448,,2888,2424,2932,2880,,17641912,17637248,17645772,17640700
3377,1,1182,334,66,759,0,23,78066824,43738476,47712820,11124,70558280,,19601528,19548060,19431688,19485548,,10852780,10957224,10996780,10931692,,11947644,11791708,12099828,11873640,,2888,2424,2932,2880,,17641964,17637300,17638260,17640756
3380,1,1183,334,66,760,0,23,78020164,43795296,47775908,11124,70564480,,19604772,19552388,19374232,19488772,,10846888,10952376,11067376,10928656,,11941836,11786916,12174436,11872720,,2888,2424,2932,2880,,17642044,17637348,17642220,17642868
3383,1,1184,334,66,761,0,23,78024408,43782700,47763508,11124,70564700,,19607524,19548444,19379104,19489336,,10845380,10952508,11056252,10928560,,11940372,11787100,12163372,11872664,,2888,2424,2932,2880,,17642088,17637400,17642284,17642928
3386,1,1185,334,66,762,0,23,78010896,43784404,47765436,11124,70564924,,19611104,19528012,19380644,19491136,,10841956,10952972,11062584,10926892,,11937000,11787600,12169760,11871076,,2888,2424,2932,2880,,17642144,17637436,17642344,17643000
3389,1,1186,334,66,763,0,23,78008764,43785884,47767116,11124,70565112,,19613784,19521248,19381984,19491748,,10837788,10962536,11060896,10924664,,11932884,11797192,12168128,11868912,,2888,2424,2932,2880,,17642192,17637464,17642396,17643060
3392,1,1187,334,66,764,0,23,78034196,43746536,47728064,11124,70565448,,19616792,19522616,19424412,19470376,,10833420,10971276,11012340,10929500,,11928564,11805972,12119772,11873756,,2888,2424,2932,2880,,17642252,17637528,17642592,17643076
3395,1,1188,334,66,765,0,23,78012832,43761212,47745016,11124,70567724,,19619868,19521372,19443840,19427752,,10828776,10964272,10994716,10973448,,11926044,11799032,12102228,11917712,,2888,2424,2932,2880,,17644368,17637608,17642676,17643072
3398,0,1189,334,66,766,0,23,77931868,43856280,47840168,11124,70567844,,19621172,19491656,19446512,19372528,,10827596,11002944,10990048,11035692,,11924916,11837704,12097620,11979928,,2888,2424,2932,2880,,17644416,17637604,17642756,17643068
3401,0,1190,334,66,767,0,23,77891104,43909780,47893828,11124,70568012,,19622532,19481736,19449196,19337640,,10828516,11024508,10989624,11067132,,11925876,11859328,12097260,12011364,,2888,2424,2932,2880,,17644460,17637668,17642820,17643064
3404,0,1191,334,66,768,0,23,77912844,43909096,47893404,11124,70568308,,19622652,19488132,19449140,19352920,,10830280,11020232,10987644,11070940,,11927688,11855112,12095340,12015264,,2888,2424,2932,2880,,17644504,17637764,17642884,17643156
3407,0,1192,334,66,769,0,23,77956728,43858692,47843328,11124,70568744,,19623568,19488380,19452816,19391964,,10829808,11017976,10984796,11026112,,11927252,11852908,12092588,11970580,,2888,2424,2932,2880,,17644564,17637812,17642984,17643384
3410,0,1193,334,66,770,0,23,77951916,43867084,47852208,11124,70569096,,19609072,19499780,19455932,19387132,,10841076,11008656,10984884,11032468,,11938624,11843668,12092724,11977192,,2888,2424,2932,2880,,17644648,17637892,17643032,17643524
3415,1,1194,334,66,771,0,23,77964148,43842836,47828240,11124,70569344,,19576096,19540708,19460672,19386672,,10866212,10965724,10976704,11034196,,11963736,11800908,12084648,11978948,,2888,2424,2932,2880,,17644636,17638060,17643136,17643512
3418,1,1195,334,66,772,0,23,77970760,43834732,47820372,11124,70569580,,19576536,19543440,19463488,19387296,,10866060,10961684,10974544,11032444,,11963652,11796924,12082540,11977256,,2888,2424,2932,2880,,17644692,17638120,17643192,17643576
3421,1,1196,334,66,773,0,23,77960236,43842416,47828348,11124,70569876,,19577732,19529220,19465172,19388112,,10866412,10970892,10972616,11032496,,11964056,11806200,12080716,11977376,,2888,2424,2932,2880,,17644752,17638180,17643292,17643652
3424,1,1197,334,66,774,0,23,77940220,43862632,47848756,11124,70570076,,19540780,19532440,19466316,19400684,,10896816,10969500,10973040,11023276,,11994492,11804836,12081184,11968244,,2888,2424,2932,2880,,17644776,17638220,17643340,17643740
3427,1,1198,334,66,775,0,23,77964864,43832288,47818740,11124,70570452,,19509408,19535044,19466956,19453456,,10934920,10966812,10971688,10958868,,12032596,11802208,12079908,11904028,,2888,2424,2932,2880,,17644772,17638268,17643412,17644000
3430,1,1199,334,66,776,0,23,77984360,43815224,47801916,11124,70570696,,19515612,19538248,19468312,19462188,,10927688,10964284,10969624,10953628,,12025432,11799732,12077884,11898868,,2888,2424,2932,2880,,17644832,17638328,17643456,17644080
3433,1,1200,334,66,777,0,23,77991916,43817264,47804204,11124,70570944,,19516576,19540036,19468940,19466364,,10936032,10962164,10968764,10950304,,12033824,11797692,12077104,11895584,,2888,2424,2932,2880,,17644892,17638400,17643536,17644116
3436,1,1201,334,66,778,0,23,78020924,43786848,47774116,11124,70571268,,19537912,19543476,19469268,19470268,,10912264,10959876,10968068,10946640,,12010184,11795460,12076480,11891992,,2888,2424,2932,2880,,17645008,17638468,17643604,17644188
3439,1,1202,334,66,779,0,23,78012148,43798228,47785696,11124,70571480,,19585480,19547576,19406368,19472724,,10868760,10958176,11028376,10942916,,11966836,11793808,12136720,11888332,,2888,2424,2932,2880,,17645168,17638512,17643544,17644256
3442,1,1203,334,66,780,0,23,78015344,43785852,47773568,11124,70571716,,19595572,19551964,19392744,19475064,,10858264,10953648,11032092,10941848,,11956396,11789336,12140492,11887344,,2888,2424,2932,2880,,17645228,17638560,17643596,17644332
3445,1,1204,334,66,781,0,23,78018148,43768568,47756476,11124,70571912,,19598712,19554348,19384428,19480660,,10855064,10950748,11027880,10934876,,11953248,11786484,12136316,11880428,,2888,2424,2932,2880,,17645280,17638608,17643632,17644392
3448,1,1205,334,66,782,0,23,78025732,43778448,47766592,11124,70572160,,19601748,19555572,19384876,19483536,,10851736,10948220,11045128,10933364,,11949960,11784032,12153632,11878968,,2888,2424,2932,2880,,17645320,17638684,17643716,17644440
3451,1,1206,334,66,783,0,23,78030668,43786644,47775100,11124,70572460,,19604444,19556896,19383080,19486248,,10849332,10946988,11060000,10930324,,11947648,11782856,12168596,11876000,,2888,2424,2932,2880,,17645412,17638744,17643788,17644516
3454,1,1207,334,66,784,0,23,78017660,43779328,47770044,11124,70574728,,19608028,19553604,19367100,19488928,,10844364,10948920,11060968,10925076,,11942728,11786888,12169612,11870816,,2888,2424,2932,2880,,17645456,17640840,17643836,17644596
3457,1,1208,334,66,785,0,23,78020612,43769080,47760024,11124,70574988,,19611376,19547472,19372192,19489572,,10839292,10946516,11059448,10923824,,11937688,11784524,12168168,11869644,,2888,2424,2932,2880,,17645488,17640912,17643908,17644680
3460,1,1209,334,66,786,0,23,78013532,43772664,47763816,11124,70575200,,19615236,19533836,19374480,19489980,,10835536,10956268,11058524,10922336,,11934004,11794304,12167308,11868200,,2888,2424,2932,2880,,17645556,17640944,17643972,17644728
3463,0,1210,334,66,787,0,23,78019824,43769452,47760800,11124,70575408,,19617164,19526680,19385676,19490304,,10831508,10969512,11046404,10922028,,11929992,11807612,12155256,11867940,,2888,2424,2932,2880,,17645576,17641000,17644044,17644788
3466,0,1211,334,66,788,0,23,78064724,43732968,47726740,11124,70577848,,19618944,19532540,19421320,19491920,,10828460,10965840,11016376,10922292,,11927016,11803996,12127440,11868288,,2888,2424,2932,2880,,17645660,17641072,17646252,17644864
3469,1,1212,334,66,789,0,23,78076248,43718868,47712912,11124,70578100,,19619688,19524444,19439956,19492160,,10829524,10969480,10997972,10921892,,11928144,11807692,12109112,11867964,,2888,2424,2932,2880,,17645712,17641128,17646328,17644932
3472,1,1213,334,66,790,0,23,78038460,43727900,47722132,11124,70578288,,19621216,19504220,19443116,19469908,,10826708,10984900,10992116,10924176,,11925372,11823124,12103332,11870304,,2888,2424,2932,2880,,17645756,17641144,17646404,17644984
3475,1,1214,334,66,791,0,23,78004568,43778800,47777164,11124,70582512,,19626560,19491844,19448112,19438052,,10821112,10989832,10989676,10978180,,11923848,11828096,12100944,11924276,,2888,2424,2932,2880,,17649912,17641188,17646456,17644956
3478,1,1215,334,66,792,0,23,78004852,43773888,47772536,11124,70582716,,19627740,19493260,19452716,19431136,,10817916,10997916,10984868,10973188,,11920772,11836256,12096188,11919320,,2888,2424,2932,2880,,17649952,17641256,17646512,17644996
3481,1,1216,334,66,793,0,23,78008168,43778740,47780036,11124,70585472,,19627240,19493528,19456992,19430408,,10819132,11001436,10979080,10979092,,11922060,11842212,12090460,11925304,,2888,2424,2932,2880,,17650032,17643792,17646568,17645080
3484,1,1217,334,66,794,0,23,77892684,43901032,47900428,11124,70583552,,19601164,19434836,19460640,19396044,,10849224,11059936,10974940,11016932,,11952172,11898636,12086412,11963208,,2888,2424,2932,2880,,17650032,17641724,17646664,17645132
3489,1,1218,334,66,795,0,23,77875956,43914796,47914308,11124,70583572,,19580076,19441968,19464672,19389240,,10863496,11061500,10972280,11017520,,11966500,11900120,12083824,11963864,,2888,2424,2932,2880,,17650092,17641548,17646732,17645200
3492,1,1219,334,66,796,0,23,77873364,43917596,47917336,11124,70583788,,19579984,19436188,19466344,19390848,,10865264,11066728,10969296,11016308,,11968308,11905416,12080904,11962708,,2888,2424,2932,2880,,17650132,17641604,17646800,17645252
3495,1,1220,334,66,797,0,23,77887536,43906156,47906148,11124,70584052,,19593544,19430864,19466564,19396564,,10853520,11067688,10966648,11018300,,11956660,11906420,12078304,11964764,,2888,2424,2932,2880,,17650232,17641648,17646844,17645328
3498,1,1221,334,66,798,0,23,77889128,43920608,47920896,11124,70584344,,19528884,19462588,19468496,19429160,,10924768,11038944,10968388,10988508,,12027872,11877800,12080104,11935120,,2888,2424,2932,2880,,17650184,17641784,17646908,17645468
3501,1,1222,334,66,799,0,23,77931932,43862880,47863520,11124,70584684,,19515640,19506932,19467952,19441408,,10924044,10999312,10966224,10973300,,12027172,11838340,12078012,11919996,,2888,2424,2932,2880,,17650208,17641944,17646980,17645552
3504,1,1223,334,66,800,0,23,77979148,43823532,47824536,11124,70585044,,19521140,19524496,19468868,19464644,,10928452,10977304,10966072,10951704,,12031660,11816424,12077940,11898512,,2888,2424,2932,2880,,17650292,17642028,17647060,17645664
3507,1,1224,334,66,801,0,23,77992464,43804256,47805460,11124,70585244,,19528044,19528048,19469408,19466964,,10918228,10973552,10964536,10947940,,12021484,11812716,12076460,11894800,,2888,2424,2932,2880,,17650340,17642076,17647116,17645712
3510,1,1225,334,66,802,0,23,78032372,43761928,47763456,11124,70585568,,19565788,19531416,19463984,19471184,,10882820,10970960,10963336,10944812,,11986244,11810176,12075300,11891736,,2888,2424,2932,2880,,17650504,17642136,17647152,17645776
3513,1,1226,334,66,803,0,23,78022332,43761944,47763700,11124,70585800,,19599068,19535124,19414556,19473584,,10851696,10969388,11001908,10938952,,11955232,11808664,12113848,11885956,,2888,2424,2932,2880,,17650624,17642188,17647132,17645856
3516,1,1227,334,66,804,0,23,78002708,43787100,47789064,11124,70586004,,19601260,19536764,19386692,19477992,,10850292,10965984,11035936,10934888,,11953908,11805316,12147892,11881948,,2888,2424,2932,2880,,17650692,17642240,17647144,17645928
3519,1,1228,334,66,805,0,23,78016336,43783080,47785300,11124,70586260,,19605988,19542496,19387296,19480556,,10844180,10961880,11043096,10933924,,11947832,11801276,12155148,11881044,,2888,2424,2932,2880,,17650732,17642304,17647240,17645984
3522,1,1229,334,66,806,0,23,78031628,43766340,47768764,11124,70586460,,19608232,19547512,19392356,19483528,,10843040,10955896,11035576,10931828,,11946752,11795312,12147704,11878996,,2888,2424,2932,2880,,17650792,17642328,17647312,17646028
3525,1,1230,334,66,807,0,23,78027040,43757856,47760504,11124,70586716,,19610080,19549440,19381912,19485608,,10841556,10951068,11037204,10928028,,11945336,11790540,12149376,11875252,,2888,2424,2932,2880,,17650860,17642400,17647360,17646096
3528,1,1231,334,66,808,0,23,78032056,43771752,47774672,11124,70586964,,19616088,19552904,19374564,19488500,,10836928,10950432,11059628,10924764,,11940756,11789968,12171876,11872072,,2888,2424,2932,2880,,17650904,17642448,17647436,17646176
3531,1,1232,334,66,809,0,23,78040148,43770264,47773484,11124,70587288,,19618232,19555236,19377140,19489540,,10833460,10948328,11063772,10924704,,11937364,11787932,12176092,11872096,,2888,2424,2932,2880,,17651008,17642524,17647504,17646252
3534,1,1233,334,66,810,0,23,78047252,43758708,47762104,11124,70587520,,19621852,19556356,19378752,19490292,,10828332,10945204,11062228,10922944,,11932276,11784856,12174608,11870364,,2888,2424,2932,2880,,17651052,17642592,17647564,17646312
3537,1,1234,334,66,811,0,23,78069456,43731624,47735284,11124,70587772,,19622848,19559324,19395640,19491644,,10827136,10942384,11040224,10921880,,11931144,11782084,12152700,11869356,,2888,2424,2932,2880,,17651116,17642628,17647660,17646368
3540,1,1235,334,66,812,0,23,78105260,43688204,47692176,11124,70588076,,19623556,19560784,19427956,19492964,,10826860,10940872,11001860,10918612,,11930920,11780636,12114472,11866148,,2888,2424,2932,2880,,17651164,17642684,17647796,17646432
3543,1,1236,334,66,813,0,23,78120192,43673040,47677248,11124,70592624,,19624736,19561780,19443124,19490552,,10826252,10939052,10991060,10916676,,11930364,11778868,12103764,11864252,,2888,2424,2932,2880,,17651220,17642744,17647896,17650764
3546,1,1237,334,66,814,0,23,78063828,43713496,47717904,11124,70592792,,19625552,19527496,19447260,19463520,,10826676,10971220,10988812,10926788,,11930872,11811036,12101580,11874416,,2888,2424,2932,2880,,17651300,17642740,17647952,17650800
3549,1,1238,334,66,815,0,23,78034568,43759384,47763960,11124,70592956,,19627160,19522112,19449560,19435736,,10824712,10973668,10986996,10974008,,11928936,11813552,12099836,11921636,,2888,2424,2932,2880,,17651332,17642800,17648020,17650804
3552,1,1239,334,66,816,0,23,78038600,43750292,47755076,11124,70593184,,19628624,19522060,19453376,19434540,,10819516,10976880,10982068,10971828,,11923800,11816808,12094956,11919512,,2888,2424,2932,2880,,17651400,17642848,17648080,17650856
3555,1,1240,334,66,817,0,23,78008652,43773052,47778036,11124,70593368,,19598660,19521452,19456308,19432232,,10848004,10977420,10977228,10970400,,11952308,11817404,12090192,11918132,,2888,2424,2932,2880,,17651404,17642900,17648168,17650896
3558,1,1241,334,66,818,0,23,77938848,43864684,47869816,11124,70593524,,19584788,19478064,19459084,19416912,,10862384,11023116,10975300,11003884,,11966712,11863100,12088332,11951672,,2888,2424,2932,2880,,17651432,17642892,17648232,17650968
3561,1,1242,334,66,819,0,23,77877588,43904964,47910340,11124,70598892,,19586104,19438280,19462564,19390640,,10859708,11070944,10970456,11003856,,11964104,11910960,12083556,11951720,,2888,2424,2932,2880,,17651504,17642932,17648308,17656148
3565,0,1243,334,66,820,0,23,77877264,43903092,47908628,11124,70599048,,19578328,19434672,19467628,19396636,,10870260,11067220,10967444,10998168,,11974696,11907256,12080608,11946068,,2888,2424,2932,2880,,17651540,17642956,17648368,17656184
3568,1,1244,334,66,821,0,23,77890588,43904084,47911900,11124,70601348,,19581780,19435076,19469188,19404544,,10872008,11067092,10966612,10998372,,11978552,11907184,12079820,11946344,,2888,2424,2932,2880,,17653652,17643008,17648432,17656256
3571,1,1245,334,66,822,0,23,77898196,43883140,47891256,11124,70601624,,19550180,19457144,19469700,19421172,,10887412,11047988,10964360,10983380,,11993988,11888184,12077644,11931440,,2888,2424,2932,2880,,17653672,17643112,17648492,17656348
3574,1,1246,334,66,823,0,23,77947264,43843960,47852472,11124,70602004,,19516300,19509880,19470976,19450108,,10927236,10995040,10962116,10959568,,12033812,11835416,12075480,11907764,,2888,2424,2932,2880,,17653668,17643292,17648564,17656480
3577,1,1247,334,66,824,0,23,77994444,43799068,47807964,11124,70602388,,19519768,19528140,19473012,19473524,,10925944,10972220,10960632,10940272,,12032584,11812708,12074068,11888604,,2888,2424,2932,2880,,17653728,17643404,17648640,17656616
3580,1,1248,334,66,825,0,23,78010152,43791396,47800472,11124,70602572,,19526312,19532888,19473284,19477668,,10925604,10968604,10960812,10936376,,12032300,11809132,12074296,11884744,,2888,2424,2932,2880,,17653788,17643448,17648684,17656652
3583,1,1249,334,66,826,0,23,78042208,43758324,47767688,11124,70602888,,19564224,19536492,19459884,19481608,,10887276,10969020,10970428,10931600,,11994108,11809596,12083964,11880020,,2888,2424,2932,2880,,17653920,17643520,17648740,17656708
3586,1,1250,334,66,827,0,23,78053620,43738588,47748224,11124,70607440,,19592044,19539288,19437132,19485156,,10858748,10965756,10984152,10929932,,11965724,11806384,12097700,11878416,,2888,2424,2932,2880,,17654052,17643580,17653024,17656784
3589,1,1251,334,66,828,0,23,78024840,43755860,47765688,11124,70607656,,19599540,19542656,19395652,19486992,,10849524,10961724,11018740,10925872,,11956576,11802408,12132292,11874412,,2888,2424,2932,2880,,17654120,17643640,17653056,17656840
3592,1,1252,334,66,829,0,23,78034524,43752128,47762224,11124,70607912,,19603056,19545196,19396732,19489540,,10845128,10959416,11024612,10922972,,11952240,11800160,12138224,11871600,,2888,2424,2932,2880,,17654172,17643692,17653112,17656936
3595,1,1253,334,66,830,0,23,78058160,43738064,47748384,11124,70613304,,19607280,19548876,19407592,19494412,,10841888,10955796,11021816,10918564,,11949044,11796584,12135500,11867256,,2888,2424,2932,2880,,17654256,17643748,17658304,17656996
3598,1,1254,334,66,831,0,23,78078628,43706760,47717324,11124,70618652,,19609776,19553616,19418720,19496516,,10839268,10948960,11002584,10915948,,11946472,11789812,12116364,11864676,,2888,2424,2932,2880,,17654308,17643796,17663520,17657028
3601,1,1255,334,66,832,0,23,78058056,43731992,47742724,11124,70618828,,19613260,19556484,19390016,19498296,,10834216,10944532,11039572,10913672,,11941484,11785408,12153368,11862464,,2888,2424,2932,2880,,17654360,17643828,17663540,17657100
3604,1,1256,334,66,833,0,23,78069308,43706908,47717932,11124,70619128,,19618820,19557956,19391900,19500632,,10828316,10945340,11021848,10911404,,11935652,11786284,12135736,11860260,,2888,2424,2932,2880,,17654444,17643892,17663628,17657164
3607,1,1257,334,66,834,0,23,78075700,43700600,47711904,11124,70619412,,19620940,19559260,19394788,19500712,,10827116,10943164,11020032,10910288,,11934516,11784168,12133988,11859232,,2888,2424,2932,2880,,17654500,17643956,17663700,17657256
3610,1,1258,334,66,835,0,23,78101056,43696052,47707640,11124,70619760,,19622332,19559732,19416952,19502040,,10827084,10942728,11017336,10908904,,11934552,11783800,12131384,11857904,,2888,2424,2932,2880,,17654572,17644024,17663820,17657344
3613,1,1259,334,66,836,0,23,78133848,43663284,47675180,11124,70620056,,19624644,19561372,19444484,19503348,,10823308,10941604,10991744,10906628,,11930836,11782724,12105928,11855692,,2888,2424,2932,2880,,17654628,17644068,17663960,17657400
3616,1,1260,334,66,837,0,23,78143324,43649936,47662068,11124,70620300,,19625332,19561796,19459316,19496880,,10824456,10941356,10976336,10907788,,11932024,11782532,12090620,11856892,,2888,2424,2932,2880,,17654672,17644128,17664056,17657444
3619,1,1261,334,66,838,0,23,78086324,43693148,47705420,11124,70620504,,19626316,19534116,19463844,19462048,,10821024,10959124,10972188,10940812,,11928652,11800324,12086520,11889924,,2888,2424,2932,2880,,17654728,17644160,17664164,17657452
3623,0,1262,334,66,839,0,23,78055680,43713032,47725548,11124,70620764,,19626360,19521524,19466544,19441252,,10819608,10968400,10968256,10956768,,11927288,11809644,12082680,11905936,,2888,2424,2932,2880,,17654776,17644200,17664284,17657504
3626,0,1263,334,66,840,0,23,78024564,43744288,47735324,11124,70599304,,19612744,19500608,19469456,19441756,,10838088,10980668,10964848,10960684,,11945824,11800288,12079316,11909896,,2888,2424,2932,2880,,17654828,17622596,17664328,17657552
3629,0,1264,334,66,841,0,23,78007360,43752528,47766384,11124,70622164,,19606984,19493404,19473312,19433660,,10835724,10972020,10958972,10985812,,11943500,11814328,12073476,11935080,,2888,2424,2932,2880,,17654868,17645284,17664376,17657636
3632,0,1265,334,66,842,0,23,77961248,43774952,47788988,11124,70622332,,19586560,19480416,19477200,19417072,,10838604,10994372,10955288,10986688,,11946404,11836724,12069856,11936004,,2888,2424,2932,2880,,17654892,17645328,17664436,17657676
3635,1,1266,334,66,843,0,23,77889972,43829548,47843728,11124,70626756,,19584492,19426456,19478968,19400056,,10839156,11033200,10955496,11001696,,11947004,11875536,12070120,11951068,,2888,2424,2932,2880,,17659216,17645312,17664492,17657736
3638,1,1267,334,66,844,0,23,77881700,43870156,47884604,11124,70627096,,19590440,19412712,19481548,19397000,,10848096,11055672,10953192,11013196,,11956016,11898052,12067904,11962632,,2888,2424,2932,2880,,17659288,17645356,17664624,17657828
3641,1,1268,334,66,845,0,23,77885504,43876076,47890764,11124,70627320,,19585024,19413792,19483328,19403360,,10850956,11064976,10949932,11010212,,11958928,11907420,12064708,11959708,,2888,2424,2932,2880,,17659336,17645416,17664680,17657888
3644,1,1269,334,66,846,0,23,77919148,43850392,47865372,11124,70627624,,19555892,19440884,19487076,19435296,,10887796,11039780,10947444,10975372,,11995780,11882316,12062272,11925004,,2888,2424,2932,2880,,17659348,17645512,17664736,17658028
3647,1,1270,334,66,847,0,23,77920168,43859984,47875204,11124,70627856,,19518868,19468684,19489120,19443496,,10932556,11014640,10945600,10967188,,12040532,11857300,12060484,11916888,,2888,2424,2932,2880,,17659340,17645636,17664788,17658092
3650,1,1271,334,66,848,0,23,77996220,43764712,47780376,11124,70628300,,19525876,19507880,19488892,19473572,,10924472,10968624,10942568,10929048,,12032516,11811448,12057524,11878888,,2888,2424,2932,2880,,17659408,17645796,17664860,17658236
3653,1,1272,334,66,849,0,23,78043128,43718524,47739848,11124,70639144,,19564164,19512784,19489408,19476772,,10887760,10963256,10939972,10927536,,12001260,11806136,12055012,11877440,,2888,2424,2932,2880,,17670024,17645864,17664944,17658312
3656,1,1273,334,66,850,0,23,78051352,43690140,47706584,11124,70634188,,19592556,19515856,19462280,19480660,,10836568,10961508,10967208,10924856,,11945084,11804424,12082256,11874820,,2888,2424,2932,2880,,17664968,17645900,17664956,17658364
3659,1,1274,334,66,851,0,23,77982472,43772484,47789056,11124,70634224,,19540760,19516996,19441252,19483464,,10903848,10959760,10980532,10928344,,12012340,11802732,12095616,11878368,,2888,2424,2932,2880,,17664860,17645956,17664988,17658420
3662,1,1275,334,66,852,0,23,77972284,43786288,47803028,11124,70638700,,19546036,19522456,19417572,19486220,,10896008,10955536,11010472,10924272,,12004552,11798572,12125552,11874352,,2888,2424,2932,2880,,17664936,17646024,17669264,17658476
3665,1,1276,334,66,853,0,23,77973568,43784572,47801600,11124,70638992,,19547404,19525388,19410768,19490008,,10894572,10951448,11019044,10919508,,12003176,11794568,12134188,11869668,,2888,2424,2932,2880,,17665008,17646100,17669332,17658552
3668,1,1277,334,66,854,0,23,78000352,43762156,47779508,11124,70644448,,19548580,19529708,19429628,19492436,,10895736,10948380,11000252,10917788,,12004420,11791552,12115508,11868028,,2888,2424,2932,2880,,17665076,17646156,17674580,17658636
3671,1,1278,334,66,855,0,23,78016564,43740232,47757812,11124,70644788,,19576336,19532376,19412956,19494896,,10872480,10942828,11007008,10917916,,11981264,11786040,12122304,11868204,,2888,2424,2932,2880,,17665252,17646224,17674624,17658688
3674,1,1279,334,66,856,0,23,78044324,43692264,47710144,11124,70650300,,19610452,19533284,19404512,19496076,,10833340,10940688,11002484,10915752,,11942252,11783944,12117840,11866108,,2888,2424,2932,2880,,17665380,17646284,17679856,17658780
3678,0,1280,334,66,857,0,23,78062452,43691052,47709188,11124,70655656,,19613932,19535584,19415148,19497788,,10829936,10939916,11006380,10914820,,11938908,11783252,12121808,11865220,,2888,2424,2932,2880,,17665436,17646356,17685040,17658824
3680,1,1281,334,66,858,0,23,78074964,43696144,47714584,11124,70655980,,19617652,19536432,19422448,19498432,,10827196,10942440,11013576,10912932,,11936232,11785840,12129092,11863420,,2888,2424,2932,2880,,17665500,17646424,17685140,17658916
3683,1,1282,334,66,859,0,23,78096092,43673684,47692384,11124,70661268,,19620016,19537196,19439368,19499512,,10826432,10939504,10996744,10911004,,11935508,11782952,12112348,11861576,,2888,2424,2932,2880,,17665540,17646480,17690252,17658996
3686,1,1283,334,66,860,0,23,78141676,43623484,47645288,11124,70664544,,19623452,19538560,19478236,19501428,,10826212,10936568,10950768,10909936,,11935340,11780060,12069332,11860556,,2888,2424,2932,2880,,17665596,17646516,17693352,17659080
3689,1,1284,334,66,861,0,23,77995996,43736532,47755704,11124,70666996,,19626200,19525632,19376944,19467220,,10821312,10932436,11055640,10927144,,11930492,11775960,12171452,11877800,,2888,2424,2932,2880,,17665648,17646548,17695684,17659116
3695,1,1285,334,66,862,0,23,77966212,43767564,47787028,11124,70672372,,19631300,19500164,19381504,19453244,,10815440,10952112,11050140,10949872,,11924720,11795700,12166028,11900580,,2888,2424,2932,2880,,17665756,17646612,17700836,17659168
3698,1,1286,334,66,863,0,23,77949532,43782440,47802152,11124,70672616,,19633012,19498340,19377196,19440984,,10813192,10959972,11055048,10954228,,11922536,11803616,12170996,11905004,,2888,2424,2932,2880,,17665816,17646664,17700904,17659232
3701,1,1287,334,66,864,0,23,77950556,43790380,47810296,11124,70672860,,19635660,19503132,19377208,19434556,,10811896,10963308,11054640,10960536,,11921288,11807004,12170664,11911340,,2888,2424,2932,2880,,17665856,17646724,17700984,17659296
3704,1,1288,334,66,865,0,23,77915492,43853968,47874092,11124,70673064,,19637164,19479204,19397564,19401560,,10810676,10991432,11034376,11017484,,11920120,11835152,12150504,11968316,,2888,2424,2932,2880,,17665916,17646736,17701092,17659320
3707,1,1289,334,66,866,0,23,77981412,43776944,47797444,11124,70673440,,19638472,19456068,19470816,19416056,,10807740,11010656,10963932,10994616,,11917236,11854400,12080284,11945524,,2888,2424,2932,2880,,17665968,17646764,17701312,17659396
3710,1,1290,334,66,867,0,23,77939376,43824564,47845280,11124,70678012,,19644128,19412656,19489840,19392752,,10802644,11052156,10943512,11026252,,11912212,11895884,12059980,11977204,,2888,2424,2932,2880,,17670312,17646764,17701460,17659476
3713,1,1291,334,66,868,0,23,77949868,43813252,47834216,11124,70678260,,19644512,19413012,19493232,19399112,,10801156,11057132,10938904,11016060,,11910772,11900916,12055440,11967088,,2888,2424,2932,2880,,17670364,17646812,17701528,17659556
3716,1,1292,334,66,869,0,23,78001988,43769548,47790880,11124,70678616,,19645152,19440128,19496356,19420352,,10801176,11039768,10936188,10992416,,11910852,11883680,12052800,11943548,,2888,2424,2932,2880,,17670428,17646932,17701604,17659652
3719,1,1293,334,66,870,0,23,78055316,43707896,47733388,11124,70682852,,19589680,19471036,19500692,19493908,,10860868,11006016,10932996,10908016,,11970516,11850052,12049660,11863160,,2888,2424,2932,2880,,17670392,17647068,17701716,17663676
3722,1,1294,334,66,871,0,23,77940068,43830288,47852152,11124,70679152,,19576692,19494224,19503164,19365988,,10868504,10981828,10928604,11051352,,11978180,11825980,12045324,12002668,,2888,2424,2932,2880,,17670420,17647204,17701776,17659752
3725,1,1295,334,66,872,0,23,77970428,43791412,47813608,11124,70679512,,19576824,19508048,19508352,19377204,,10867200,10961632,10923900,11038680,,11976944,11805884,12040700,11990080,,2888,2424,2932,2880,,17670492,17647324,17701876,17659820
3729,0,1296,334,66,873,0,23,77976464,43781544,47803944,11124,70679736,,19575848,19512712,19515500,19372404,,10864916,10960332,10916916,11039380,,11974712,11804628,12033772,11990832,,2888,2424,2932,2880,,17670540,17647368,17701944,17659884
3732,0,1297,334,66,874,0,23,77983776,43771260,47793944,11124,70685168,,19577728,19515060,19518184,19372804,,10860456,10957008,10913140,11040656,,11970336,11801356,12030080,11992172,,2888,2424,2932,2880,,17675748,17647440,17702032,17659948
3735,0,1298,334,66,875,0,23,78006420,43752732,47775700,11124,70689704,,19549912,19517960,19521008,19417540,,10890628,10957860,10910636,10993608,,12000524,11802276,12027632,11945268,,2888,2424,2932,2880,,17675748,17647500,17702092,17664364
3738,0,1299,334,66,876,0,23,78077376,43675448,47698840,11124,70694416,,19556028,19525884,19522968,19472496,,10883880,10947612,10908384,10935572,,11993880,11792096,12025436,11887428,,2888,2424,2932,2880,,17675852,17651856,17702148,17664560
3741,1,1300,334,66,877,0,23,78089176,43668960,47692600,11124,70694732,,19558672,19529612,19526036,19474856,,10884824,10943440,10908292,10932404,,11994868,11787980,12025420,11884332,,2888,2424,2932,2880,,17675924,17651920,17702256,17664632
3744,1,1301,334,66,878,0,23,78128572,43634488,47658436,11124,70705284,,19580064,19538968,19526548,19482992,,10866796,10934916,10905628,10927148,,11976956,11779520,12022816,11879144,,2888,2424,2932,2880,,17676040,17657100,17702312,17669832
3747,1,1302,334,66,879,0,23,78180200,43584008,47608292,11124,70715856,,19613712,19548828,19526888,19490772,,10833748,10926760,10903952,10919548,,11944040,11771428,12021220,11871604,,2888,2424,2932,2880,,17676168,17662288,17702392,17675008
3750,1,1303,334,66,880,0,23,78195464,43565336,47589844,11124,70716136,,19622732,19550180,19528272,19494280,,10825140,10923772,10901772,10914652,,11935492,11768508,12019080,11866764,,2888,2424,2932,2880,,17676236,17662396,17702444,17675060
3753,1,1304,334,66,881,0,23,78200924,43535480,47560248,11124,70726812,,19626636,19557096,19513976,19503216,,10821136,10915576,10894308,10904460,,11931564,11760380,12011660,11856644,,2888,2424,2932,2880,,17676308,17667768,17702488,17680248
3756,1,1305,334,66,882,0,23,78216860,43534292,47559276,11124,70732160,,19630332,19563748,19515132,19507648,,10818172,10911924,10901504,10902692,,11928640,11756788,12018924,11854924,,2888,2424,2932,2880,,17676348,17672952,17702552,17680308
3759,1,1306,334,66,883,0,23,78226424,43525572,47550836,11124,70732428,,19632732,19566344,19515240,19512108,,10813236,10910528,10906012,10895796,,11923776,11755444,12023492,11848124,,2888,2424,2932,2880,,17676424,17673000,17702612,17680392
3762,1,1307,334,66,884,0,23,78226092,43509800,47535272,11124,70737752,,19637112,19563524,19508956,19516500,,10808716,10897596,10909780,10893708,,11919308,11742552,12027328,11846084,,2888,2424,2932,2880,,17676472,17678156,17702676,17680448
3765,1,1308,334,66,885,0,23,78148328,43592632,47622280,11124,70741996,,19638192,19555632,19434012,19520492,,10807212,10907984,10988428,10889008,,11917860,11757040,12105940,11841440,,2888,2424,2932,2880,,17676540,17682312,17702640,17680504
3768,1,1309,334,66,886,0,23,78084416,43653476,47683296,11124,70747248,,19640504,19543824,19378308,19521780,,10804812,10927672,11032708,10888284,,11915528,11776812,12150152,11840804,,2888,2424,2932,2880,,17676604,17687480,17702572,17680592
3771,1,1310,334,66,887,0,23,78085804,43647520,47677540,11124,70747440,,19642296,19539900,19379612,19523996,,10801204,10929592,11031036,10885688,,11911972,11778780,12148516,11838272,,2888,2424,2932,2880,,17676656,17687512,17702616,17680656
3774,1,1311,334,66,888,0,23,78095432,43652004,47682348,11124,70752028,,19644296,19540816,19384960,19525360,,10800084,10931836,11035880,10884204,,11910924,11781084,12153472,11836868,,2888,2424,2932,2880,,17676724,17691848,17702724,17680732
3778,0,1312,334,66,889,0,23,78089728,43675008,47705596,11124,70752280,,19645300,19502084,19416112,19526232,,10799692,10978336,11013992,10882988,,11910576,11827596,12131720,11835704,,2888,2424,2932,2880,,17676772,17691856,17702856,17680796
3781,0,1313,334,66,890,0,23,78127636,43622796,47653716,11124,70752644,,19647120,19484188,19470012,19526316,,10798740,10979232,10960472,10884352,,11909688,11828524,12078392,11837112,,2888,2424,2932,2880,,17676840,17691924,17703048,17680832
3784,0,1314,334,66,891,0,23,78104648,43622292,47653440,11124,70752868,,19648352,19463748,19493108,19499440,,10798748,10995436,10936208,10891900,,11909776,11844752,12054224,11844688,,2888,2424,2932,2880,,17676912,17691952,17703144,17680860
3787,0,1315,334,66,892,0,23,78110860,43624804,47656192,11124,70757408,,19649156,19466620,19496104,19498980,,10797156,10993252,10934272,10900124,,11908228,11842628,12052340,11852996,,2888,2424,2932,2880,,17676956,17696292,17703200,17680960
3790,0,1316,334,66,893,0,23,78189404,43551004,47588968,11124,70764124,,19642956,19547232,19499516,19499700,,10794644,10923496,10931228,10901636,,11905768,11779208,12049396,11854596,,2888,2424,2932,2880,,17677012,17702768,17703308,17681036
3793,1,1317,334,66,894,0,23,78062932,43652684,47684620,11124,70763160,,19601228,19460372,19503132,19498200,,10816732,11005212,10926676,10904064,,11927840,11854792,12044920,11857068,,2888,2424,2932,2880,,17676992,17701716,17703376,17681076
3796,1,1318,334,66,895,0,23,77983092,43749108,47781136,11124,70768300,,19587852,19495652,19505440,19394148,,10847944,10976432,10922344,11002388,,11959080,11826100,12040652,11955304,,2888,2424,2932,2880,,17677032,17706844,17703440,17680984
3800,0,1319,334,66,896,0,23,77978056,43738680,47770952,11124,70768644,,19581336,19493316,19511248,19392156,,10848376,10978748,10916628,10994928,,11959576,11828468,12034984,11947924,,2888,2424,2932,2880,,17677088,17707004,17703488,17681064
3803,0,1320,334,66,897,0,23,77995496,43741608,47774220,11124,70774128,,19587740,19499196,19515840,19392720,,10849276,10977440,10914620,11000272,,11960592,11827224,12033056,11953348,,2888,2424,2932,2880,,17677228,17712176,17703568,17681156
3806,0,1321,334,66,898,0,23,78015256,43729912,47762808,11124,70776776,,19566220,19533312,19518848,19396876,,10874432,10942108,10910224,11003148,,11985740,11792012,12028752,11956304,,2888,2424,2932,2880,,17677220,17714632,17703696,17681228
3809,0,1322,334,66,899,0,23,78110948,43639192,47672472,11124,70779972,,19565408,19574240,19521320,19449980,,10871200,10899020,10908688,10960284,,11982544,11749068,12027264,11913596,,2888,2424,2932,2880,,17677260,17717568,17703764,17681380
3812,0,1323,334,66,900,0,23,78154564,43600500,47634100,11124,70785408,,19559948,19585044,19521840,19487732,,10886620,10889124,10905412,10919344,,11998008,11739236,12024052,11872804,,2888,2424,2932,2880,,17677300,17722752,17703828,17681528
3815,0,1324,334,66,901,0,23,78175000,43580244,47614120,11124,70785696,,19571728,19588108,19524080,19491084,,10877656,10884296,10903108,10915184,,11989128,11734460,12021800,11868732,,2888,2424,2932,2880,,17677396,17722800,17703888,17681612
3818,1,1325,334,66,902,0,23,78208900,43545912,47580116,11124,70790392,,19599200,19590604,19524772,19494324,,10849532,10883908,10903432,10909040,,11961116,11734124,12022196,11862680,,2888,2424,2932,2880,,17681820,17722900,17703968,17681704
3821,1,1326,334,66,903,0,23,78246320,43510468,47544980,11124,70790688,,19627992,19594404,19526948,19496976,,10816144,10881104,10903096,10910124,,11927824,11731376,12021960,11863820,,2888,2424,2932,2880,,17681912,17722956,17704060,17681760
3824,1,1327,334,66,904,0,23,78262124,43499880,47534608,11124,70795184,,19632400,19601288,19527876,19500560,,10814948,10873364,10903436,10908132,,11926700,11723692,12022352,11861864,,2888,2424,2932,2880,,17681984,17727292,17704112,17681796
3827,1,1328,334,66,905,0,23,78238136,43482552,47517800,11124,70795740,,19634708,19605684,19514308,19483436,,10812272,10870228,10905568,10894484,,11924072,11720620,12024520,11848588,,2888,2424,2932,2880,,17682044,17727352,17704156,17682188
3830,1,1329,334,66,906,0,23,78251784,43470224,47505764,11124,70801316,,19637512,19613284,19514496,19486492,,10809664,10860552,10906908,10893100,,11921556,11711028,12025900,11847280,,2888,2424,2932,2880,,17682128,17732724,17704200,17682264
3833,1,1330,334,66,907,0,23,78256768,43470996,47506800,11124,70801592,,19640856,19617956,19507100,19490856,,10804972,10857568,10919716,10888740,,11916928,11708092,12038788,11842992,,2888,2424,2932,2880,,17682188,17732772,17704280,17682352
3836,1,1331,334,66,908,0,23,78247156,43478384,47514432,11124,70803904,,19642748,19621324,19487824,19495260,,10802480,10854204,10936020,10885680,,11914492,11704796,12055148,11839996,,2888,2424,2932,2880,,17682276,17734892,17704336,17682400
3839,1,1332,334,66,909,0,23,78200468,43523908,47560060,11124,70809144,,19651956,19622460,19428300,19497752,,10790600,10849252,10999312,10884744,,11902644,11699888,12118408,11839120,,2888,2424,2932,2880,,17687444,17734940,17704296,17682464
3843,0,1333,334,66,910,0,23,78159928,43552640,47588948,11124,70814412,,19658716,19623508,19378508,19499196,,10782552,10851892,11035680,10882516,,11894676,11702580,12154744,11836948,,2888,2424,2932,2880,,17692632,17734992,17704268,17682520
3845,1,1334,334,66,911,0,23,78170716,43559272,47595844,11124,70814712,,19659660,19624524,19384496,19502036,,10782676,10851780,11044424,10880392,,11894852,11702544,12163544,11834904,,2888,2424,2932,2880,,17692716,17735064,17704328,17682604
3849,0,1335,334,66,912,0,23,78186236,43544824,47581716,11124,70820140,,19667504,19625764,19390268,19502700,,10776440,10846464,11043640,10878280,,11888696,11697296,12162856,11832868,,2888,2424,2932,2880,,17697900,17735132,17704432,17682676
3852,1,1336,334,66,913,0,23,78230544,43496212,47533460,11124,70820504,,19667836,19626840,19432212,19503656,,10776400,10845712,10993880,10880220,,11888696,11696616,12113284,11834864,,2888,2424,2932,2880,,17697956,17735208,17704608,17682732
3855,1,1337,334,66,914,0,23,78209816,43506060,47543500,11124,70825804,,19673392,19570608,19474864,19490952,,10771996,10894412,10953092,10886560,,11884352,11745256,12072656,11841236,,2888,2424,2932,2880,,17703124,17735144,17704768,17682768
3858,1,1338,334,66,915,0,23,78210228,43492392,47530100,11124,70826092,,19674188,19557288,19494456,19484296,,10769272,10896736,10930424,10895960,,11881688,11747632,12050092,11850688,,2888,2424,2932,2880,,17703188,17735196,17704868,17682840
3861,1,1339,334,66,916,0,23,78207512,43504860,47542824,11124,70826360,,19675336,19556828,19497360,19477988,,10767704,10910432,10932824,10893900,,11880212,11761380,12052528,11848704,,2888,2424,2932,2880,,17703312,17735248,17704908,17682892
3864,1,1340,334,66,917,0,23,78183204,43520124,47558320,11124,70826572,,19647812,19557312,19500104,19477976,,10787556,10909896,10929272,10893400,,11900092,11760908,12049056,11848264,,2888,2424,2932,2880,,17703320,17735312,17704988,17682952
3867,1,1341,334,66,918,0,23,78095356,43599380,47637732,11124,70826708,,19616864,19531028,19504432,19443032,,10801944,10935772,10925444,10936220,,11914492,11786816,12045324,11891100,,2888,2424,2932,2880,,17703332,17735332,17705080,17682964
3871,0,1342,334,66,919,0,23,77839704,43862512,47900860,11124,70670580,,19603384,19340936,19509848,19385536,,10828568,11127660,10918928,10987356,,11941172,11978628,12038880,11942180,,2888,2424,2932,2880,,17703388,17579132,17705152,17682908
3874,0,1343,333,66,920,0,24,77819848,43893656,47932164,11124,70670768,,19596200,19341296,19514192,19368160,,10836772,11128732,10913956,11014196,,11949396,11979736,12033968,11969064,,2888,2424,2932,2880,,17703408,17579188,17705216,17682956
3877,1,1344,333,66,921,0,24,77830588,43890620,47929404,11124,70671036,,19580896,19357768,19517836,19374088,,10851848,11120972,10908144,11009656,,11964536,11972068,12028200,11964600,,2888,2424,2932,2880,,17703472,17579272,17705260,17683032
3880,0,1345,333,66,922,0,24,77892212,43827092,47866300,11124,70671460,,19593364,19386604,19521952,19390292,,10835224,11092992,10905408,10993468,,11948016,11944224,12025548,11948512,,2888,2424,2932,2880,,17703576,17579420,17705344,17683120
3883,1,1346,333,66,923,0,24,77936952,43791520,47831132,11124,70671876,,19576232,19409696,19523400,19427624,,10857640,11076384,10902012,10955484,,11970484,11927740,12022244,11910664,,2888,2424,2932,2880,,17703616,17579548,17705444,17683268
3886,1,1347,333,66,924,0,24,77996728,43726496,47766452,11124,70672220,,19587540,19419156,19524776,19465256,,10851896,11064268,10900372,10909960,,11964832,11915672,12020668,11865280,,2888,2424,2932,2880,,17703712,17579596,17705504,17683408
3889,1,1348,333,66,925,0,24,78018924,43701072,47741244,11124,70672436,,19599288,19424420,19525296,19469920,,10838040,11058820,10899292,10904920,,11951028,11910268,12019636,11860312,,2888,2424,2932,2880,,17703768,17579644,17705548,17683476
3892,1,1349,333,66,926,0,24,78051124,43670976,47711472,11124,70677092,,19626684,19428800,19526404,19469236,,10814136,11053560,10898068,10905212,,11927272,11905064,12018476,11860660,,2888,2424,2932,2880,,17708232,17579704,17705620,17683536
3895,1,1350,333,66,927,0,24,78076712,43648844,47689628,11124,70677372,,19646268,19430760,19527700,19471984,,10795076,11051188,10897120,10905460,,11908308,11902736,12017604,11860980,,2888,2424,2932,2880,,17708328,17579748,17705692,17683604
3898,1,1351,333,66,928,0,24,78087204,43633824,47674848,11124,70682752,,19659704,19435648,19514924,19476928,,10781900,11048712,10898844,10904368,,11895196,11900324,12019352,11859976,,2888,2424,2932,2880,,17713520,17579816,17705732,17683684
3901,1,1352,333,66,929,0,24,78098972,43624120,47665432,11124,70683008,,19663536,19439048,19515564,19480824,,10779352,11042684,10903624,10898460,,11892716,11894372,12024228,11854116,,2888,2424,2932,2880,,17713572,17579892,17705804,17683740
3904,1,1353,333,66,930,0,24,78114532,43609600,47651120,11124,70688552,,19671544,19441600,19516384,19485004,,10770240,11041448,10904024,10893888,,11883656,11893192,12024656,11849616,,2888,2424,2932,2880,,17718768,17580136,17705836,17683812
3907,1,1354,333,66,931,0,24,78122116,43588436,47630236,11124,70693952,,19679836,19443956,19509568,19488756,,10760740,11036860,10900720,10890116,,11874232,11888684,12021404,11845916,,2888,2424,2932,2880,,17723964,17580220,17705888,17683880
3910,1,1355,333,66,932,0,24,78099472,43614672,47656680,11124,70694200,,19683916,19445648,19479104,19490804,,10758056,11034980,10933532,10888104,,11871616,11886840,12054260,11843964,,2888,2424,2932,2880,,17724032,17580260,17705932,17683976
3913,1,1356,333,66,933,0,24,78043520,43681048,47723180,11124,70703992,,19694604,19447504,19405352,19496060,,10747540,11035368,11015852,10882288,,11861160,11887288,12136500,11838232,,2888,2424,2932,2880,,17729460,17580324,17705872,17688336
3917,0,1357,333,66,934,0,24,78030680,43701020,47743416,11124,70709364,,19700628,19448304,19384240,19497508,,10739384,11033328,11047700,10880608,,11853068,11885332,12168400,11836616,,2888,2424,2932,2880,,17734640,17580412,17705916,17688396
3920,0,1358,333,66,935,0,24,78039372,43684556,47727152,11124,70713888,,19701680,19449268,19382920,19505504,,10738216,11031204,11041292,10873844,,11851932,11883264,12162036,11829920,,2888,2424,2932,2880,,17734684,17580480,17705960,17692764
3923,0,1359,333,66,936,0,24,78073384,43646316,47689204,11124,70724412,,19708512,19451216,19403252,19510404,,10731284,11031920,11016224,10866888,,11845084,11884044,12137064,11823012,,2888,2424,2932,2880,,17739876,17580540,17706064,17697932
3926,0,1360,333,66,937,0,24,78093868,43601180,47644384,11124,70729884,,19709168,19437596,19436696,19510408,,10729532,11030224,10985092,10856332,,11843400,11882372,12106088,11812524,,2888,2424,2932,2880,,17739948,17580596,17706212,17703128
3929,1,1361,333,66,938,0,24,78089964,43616452,47659968,11124,70735292,,19715924,19381200,19481500,19511340,,10724176,11083832,10943452,10864992,,11838116,11935980,12064612,11821260,,2888,2424,2932,2880,,17745136,17580584,17706360,17703212
3932,1,1362,333,66,939,0,24,78083236,43611300,47655056,11124,70740640,,19717224,19375176,19494900,19495936,,10722348,11084536,10930120,10874296,,11836336,11936724,12051404,11830592,,2888,2424,2932,2880,,17745192,17580624,17706472,17708352
3935,1,1363,333,66,940,0,24,78077112,43595672,47640180,11124,70751664,,19723356,19375364,19476180,19502212,,10717700,11091908,10913676,10872388,,11831744,11944156,12035536,11828744,,2888,2424,2932,2880,,17750360,17580696,17707060,17713548
3938,1,1364,333,66,941,0,24,77991856,43690288,47734872,11124,70756868,,19673728,19333024,19479036,19506068,,10770968,11137168,10912804,10869348,,11884988,11989400,12034716,11825768,,2888,2424,2932,2880,,17750344,17580676,17707112,17718736
3941,1,1365,333,66,942,0,24,77992488,43674528,47719352,11124,70772464,,19672188,19354336,19482756,19483208,,10760832,11122172,10910052,10881472,,11874932,11974508,12032020,11837892,,2888,2424,2932,2880,,17755536,17580784,17707172,17728972
3944,1,1366,333,66,943,0,24,77939320,43757960,47802984,11124,70782900,,19664192,19340032,19487596,19447500,,10772392,11148628,10907860,10929080,,11886528,12001040,12029896,11885520,,2888,2424,2932,2880,,17760692,17580856,17707240,17734112
3947,1,1367,333,66,944,0,24,77912540,43770492,47815740,11124,70788260,,19655868,19340424,19491836,19424412,,10771360,11150908,10906828,10941396,,11885532,12003384,12028952,11897872,,2888,2424,2932,2880,,17760732,17580920,17707340,17739268
3950,1,1368,333,66,945,0,24,77934428,43752288,47797848,11124,70798816,,19649172,19346932,19497416,19440908,,10781596,11142392,10899820,10928480,,11895828,11994956,12022036,11885028,,2888,2424,2932,2880,,17765916,17581008,17707432,17744460
3953,1,1369,333,66,946,0,24,77994516,43705980,47751896,11124,70801664,,19649864,19385748,19498568,19460336,,10786128,11099808,10898104,10921940,,11900432,11952512,12020360,11878592,,2888,2424,2932,2880,,17766000,17581156,17707492,17747016
3957,0,1370,333,66,947,0,24,78052364,43638156,47684412,11124,70807148,,19645900,19413552,19500844,19492068,,10783632,11068388,10896164,10889972,,11897996,11921204,12018460,11846752,,2888,2424,2932,2880,,17771200,17581256,17707548,17747144
3960,0,1371,333,66,948,0,24,78104832,43590404,47637076,11124,70807580,,19656940,19414220,19503588,19530084,,10782272,11067772,10893456,10846904,,11896736,11920668,12015840,11803832,,2888,2424,2932,2880,,17771328,17581336,17707624,17747292
3963,0,1372,333,66,949,0,24,78137368,43559048,47606024,11124,70813020,,19679660,19418620,19504288,19534800,,10759928,11063264,10890672,10845184,,11874476,11916224,12013136,11802188,,2888,2424,2932,2880,,17776536,17581404,17707712,17747368
3966,1,1373,333,66,950,0,24,78166756,43530576,47581932,11124,70817412,,19697224,19423684,19504900,19540948,,10741940,11060868,10890104,10837664,,11856592,11913896,12012644,11798800,,2888,2424,2932,2880,,17776636,17581468,17707788,17751520
3969,1,1374,333,66,951,0,24,78211740,43478840,47532748,11124,70825092,,19732640,19429020,19506188,19543892,,10693980,11055796,10892168,10836896,,11810992,11908900,12014752,11798104,,2888,2424,2932,2880,,17784100,17581576,17707836,17751580
3972,1,1375,333,66,952,0,24,78105404,43596036,47648280,11124,70828440,,19623636,19436508,19494088,19551172,,10821608,11047692,10898716,10828020,,11936696,11900872,12021392,11789320,,2888,2424,2932,2880,,17787196,17581660,17707924,17751660
3977,1,1376,333,66,953,0,24,78108056,43589208,47641552,11124,70828544,,19619308,19439512,19494644,19554592,,10822536,11045036,10898872,10822764,,11937536,11898292,12021628,11784096,,2888,2424,2932,2880,,17787076,17581760,17708012,17751696
3981,1,1377,333,66,954,0,24,78097460,43579072,47631728,11124,70833956,,19616864,19441340,19481560,19557696,,10831628,11040688,10888496,10818260,,11946708,11894016,12011316,11779688,,2888,2424,2932,2880,,17792276,17581836,17708064,17751780
3984,1,1378,333,66,955,0,24,77902432,43803340,47856040,11124,70701712,,19616316,19443212,19423580,19419324,,10832416,11039068,10982316,10949540,,11947576,11892448,12105092,11910924,,2888,2424,2932,2880,,17792356,17581896,17708024,17619436
3987,1,1379,333,66,956,0,24,77945212,43768652,47821660,11124,70707888,,19684116,19445016,19406692,19409388,,10763532,11038728,10986244,10980148,,11878904,11892164,12109040,11941552,,2888,2424,2932,2880,,17797700,17581948,17708040,17620200
3990,1,1380,332,66,957,0,25,77953872,43737144,47790472,11124,70708200,,19733828,19445332,19365280,19409432,,10704140,11035764,11019000,10978240,,11819664,11889272,12141808,11939728,,2888,2424,2932,2880,,17797856,17582016,17708060,17620268
3993,1,1381,332,66,958,0,25,77960824,43735356,47788964,11124,70708480,,19735976,19446288,19368500,19410060,,10700228,11035248,11023720,10976160,,11815812,11888812,12146640,11937700,,2888,2424,2932,2880,,17797908,17582076,17708168,17620328
3996,1,1382,332,66,959,0,25,78043160,43657204,47715848,11124,70713612,,19739088,19448028,19444200,19411844,,10700520,11032924,10950072,10973688,,11816152,11886552,12077840,11935304,,2888,2424,2932,2880,,17798004,17582136,17713068,17620404
4000,1,1383,332,66,960,0,25,77967184,43719876,47774168,11124,70709136,,19742960,19428588,19389412,19406224,,10696832,11033980,11013024,10976040,,11812556,11887644,12136240,11937728,,2888,2424,2932,2880,,17798088,17582172,17708408,17620468
4003,1,1384,332,66,961,0,25,77932832,43761360,47817856,11124,70715776,,19744660,19369908,19433120,19385144,,10695368,11109440,10966660,10989892,,11811156,11963060,12092032,11951608,,2888,2424,2932,2880,,17798288,17582136,17714852,17620500
4006,1,1385,332,66,962,0,25,77943532,43759704,47816452,11124,70721148,,19751732,19370788,19434152,19386860,,10689860,11115280,10964872,10989692,,11805708,11968960,12090308,11951476,,2888,2424,2932,2880,,17798344,17582188,17720048,17620568
4009,1,1386,332,66,963,0,25,77939232,43767452,47826484,11124,70723468,,19758156,19363852,19435816,19381408,,10683820,11114460,10965776,11003396,,11801764,11968184,12091308,11965228,,2888,2424,2932,2880,,17800448,17582248,17720152,17620620
4012,1,1387,332,66,964,0,25,77942824,43747172,47806488,11124,70728936,,19761952,19337032,19479316,19364524,,10680880,11135820,10918720,11011752,,11798888,11989584,12044408,11973608,,2888,2424,2932,2880,,17800540,17582284,17725428,17620684
4016,0,1388,332,66,965,0,25,77919296,43782112,47819732,11124,70711540,,19744776,19351204,19492408,19330908,,10690492,11129012,10906772,11055836,,11786612,11982888,12032508,12017724,,2888,2424,2932,2880,,17782952,17582388,17725480,17620720
4019,0,1389,332,66,966,0,25,77886892,43793816,47854064,11124,70734204,,19746204,19344384,19495124,19301180,,10662528,11139040,10903684,11088564,,11781160,11992960,12029468,12050476,,2888,2424,2932,2880,,17805464,17582444,17725540,17620756
4022,0,1390,332,66,967,0,25,77897908,43784332,47844852,11124,70739604,,19746548,19357032,19506700,19287628,,10667592,11123728,10892228,11100784,,11786288,11977756,12018092,12062716,,2888,2424,2932,2880,,17805552,17582540,17730740,17620772
4025,0,1391,332,66,968,0,25,77924012,43756004,47816804,11124,70739948,,19747888,19368340,19509752,19298032,,10664308,11116040,10889232,11086424,,11783060,11970140,12015164,12048440,,2888,2424,2932,2880,,17805612,17582612,17730868,17620856
4028,0,1392,332,66,969,0,25,78023476,43659596,47722916,11124,70756328,,19752648,19392468,19517972,19360388,,10657668,11090484,10881560,11029884,,11776496,11944716,12007572,11994132,,2888,2424,2932,2880,,17810044,17582752,17736064,17627468
4031,1,1393,332,66,970,0,25,77971012,43708040,47769760,11124,70754732,,19754848,19411344,19520208,19284612,,10655172,11073484,10875044,11104340,,11774068,11927816,12001108,12066768,,2888,2424,2932,2880,,17810144,17582872,17736140,17625576
4035,1,1394,332,66,971,0,25,78015060,43664228,47728168,11124,70767112,,19760816,19424048,19529704,19300492,,10649100,11056552,10867560,11091016,,11768084,11913016,11993700,12053368,,2888,2424,2932,2880,,17815348,17585004,17741336,17625424
4038,1,1395,332,66,972,0,25,78024892,43655492,47721704,11124,70774548,,19762140,19426824,19537152,19298776,,10648848,11051888,10860760,11093996,,11767880,11908412,11986964,12058448,,2888,2424,2932,2880,,17815396,17585064,17746520,17627568
4041,1,1396,332,66,973,0,25,78041284,43637524,47704000,11124,70785080,,19767644,19431180,19538900,19303560,,10642488,11049872,10858716,11086448,,11761592,11906488,11984972,12050948,,2888,2424,2932,2880,,17820616,17585160,17746572,17632732
4044,1,1397,332,66,974,0,25,78069056,43612540,47679340,11124,70790612,,19767348,19434600,19546760,19320348,,10645200,11046864,10851452,11069024,,11764380,11903536,11977788,12033636,,2888,2424,2932,2880,,17820768,17585224,17751776,17632844
4047,1,1398,332,66,975,0,25,78049332,43610692,47679904,11124,70798528,,19684280,19441592,19552508,19370952,,10709768,11038500,10844424,11018000,,11828876,11897428,11970804,11982796,,2888,2424,2932,2880,,17820688,17587488,17757000,17633352
4050,1,1399,332,66,976,0,25,78014488,43631412,47700808,11124,70798720,,19621724,19445100,19552900,19394764,,10759960,11035256,10843696,10992500,,11879012,11894236,11970144,11957416,,2888,2424,2932,2880,,17820628,17587540,17757080,17633472
4053,1,1400,332,66,977,0,25,78030920,43625256,47694892,11124,70808372,,19621284,19447872,19562688,19399076,,10767588,11034008,10834640,10989020,,11886696,11893052,11961140,11954004,,2888,2424,2932,2880,,17820684,17587616,17766524,17633548
4057,0,1401,332,66,978,0,25,78038468,43626644,47696620,11124,70808708,,19621384,19449524,19564468,19403092,,10777748,11032088,10831440,10985368,,11896936,11891232,11958032,11950420,,2888,2424,2932,2880,,17820764,17587708,17766616,17633620
4060,0,1402,332,66,979,0,25,78074996,43595844,47666152,11124,70814168,,19647596,19451612,19569828,19405960,,10762700,11027424,10826044,10979676,,11882024,11886612,11952700,11944816,,2888,2424,2932,2880,,17820900,17587760,17771800,17633708
4063,0,1403,332,66,980,0,25,78047260,43617292,47691924,11124,70823624,,19705080,19452128,19480720,19409332,,10700548,11027696,10913076,10975972,,11820052,11886964,12043736,11941172,,2888,2424,2932,2880,,17821076,17587860,17780916,17633772
4066,1,1404,332,66,981,0,25,78083668,43591452,47666348,11124,70829152,,19733536,19452684,19483604,19413844,,10680604,11027828,10912448,10970572,,11800220,11887144,12043156,11935828,,2888,2424,2932,2880,,17821188,17587908,17786224,17633832
4069,1,1405,332,66,982,0,25,78096156,43579660,47654808,11124,70834520,,19735908,19454128,19489292,19416828,,10678480,11024276,10908124,10968780,,11798132,11883660,12038908,11934108,,2888,2424,2932,2880,,17821236,17587976,17791412,17633896
4072,1,1406,332,66,983,0,25,78087100,43583532,47658944,11124,70845388,,19738880,19448756,19478784,19420680,,10675316,11023388,10918272,10966556,,11795040,11882852,12049092,11931960,,2888,2424,2932,2880,,17821304,17588060,17802040,17633984
4075,1,1407,332,66,984,0,25,77883864,43755772,47831176,11124,70691372,,19565740,19399564,19497004,19421556,,10832164,11056008,10903744,10963856,,11951700,11915440,12034712,11929324,,2888,2424,2932,2880,,17667092,17588020,17802208,17634052
4078,1,1408,331,66,985,0,26,77885740,43763760,47839428,11124,70702000,,19569860,19370984,19522676,19422220,,10833516,11096448,10868908,10964888,,11953104,11955916,11999964,11930444,,2888,2424,2932,2880,,17667164,17588116,17812544,17634176
4081,1,1409,331,66,986,0,26,77883868,43781852,47857740,11124,70707332,,19575132,19357108,19528448,19423180,,10834180,11121616,10863024,10963032,,11953820,11981120,11994144,11928656,,2888,2424,2932,2880,,17667216,17588148,17817724,17634244
4085,0,1410,331,66,987,0,26,77920320,43746896,47823032,11124,70722196,,19581132,19343256,19570544,19425388,,10831724,11131156,10824528,10959488,,11951424,11990680,11955752,11925176,,2888,2424,2932,2880,,17667276,17588196,17832368,17634356
4088,0,1411,331,66,988,0,26,77950124,43713488,47790004,11124,70722612,,19583636,19356356,19584256,19425876,,10836272,11105104,10813040,10959072,,11956016,11964768,11944392,11924828,,2888,2424,2932,2880,,17667340,17588336,17832496,17634440
4091,0,1412,331,66,989,0,26,77960080,43701356,47778144,11124,70725556,,19585076,19347824,19600432,19426748,,10833940,11113548,10795912,10957956,,11953748,11973252,11927356,11923788,,2888,2424,2932,2880,,17667404,17588376,17835272,17634504
4094,0,1413,331,66,990,0,26,77929112,43739520,47816480,11124,70725740,,19587120,19352648,19603996,19385348,,10833428,11121456,10792864,10991772,,11953292,11981232,11924360,11957596,,2888,2424,2932,2880,,17667460,17588452,17835320,17634508
4097,1,1414,331,66,991,0,26,77940092,43725960,47803176,11124,70725992,,19588648,19363620,19609272,19378552,,10832332,11112776,10788368,10992484,,11952260,11972648,11919916,11958352,,2888,2424,2932,2880,,17667520,17588544,17835376,17634552
4100,1,1415,331,66,992,0,26,77974308,43697000,47774516,11124,70726304,,19591488,19393040,19611764,19378016,,10828404,11085060,10784444,10999092,,11948388,11945048,11916048,11965032,,2888,2424,2932,2880,,17667580,17588660,17835436,17634628
4103,1,1416,331,66,993,0,26,77998080,43677256,47755112,11124,70726680,,19592576,19411828,19614164,19379512,,10826972,11064344,10783552,11002388,,11947040,11924448,11915216,11968408,,2888,2424,2932,2880,,17667664,17588804,17835508,17634704
4106,1,1417,331,66,994,0,26,77990672,43680256,47758392,11124,70731292,,19593556,19426208,19616384,19354524,,10825392,11053844,10781012,11020008,,11945516,11914040,11912764,11986072,,2888,2424,2932,2880,,17667748,17588888,17835584,17639072
4109,1,1418,331,66,995,0,26,77976412,43687404,47770088,11124,70735908,,19594016,19458076,19619064,19305256,,10825468,11014880,10777668,11069388,,11945636,11879564,11909456,12035432,,2888,2424,2932,2880,,17667816,17593428,17835624,17639040
4113,0,1419,331,66,996,0,26,77818260,43852456,47931072,11124,70731860,,19594852,19289036,19622224,19312148,,10823960,11188508,10772384,11067604,,11944180,12048856,11904280,12033756,,2888,2424,2932,2880,,17667904,17589056,17835720,17639180
4117,1,1420,331,66,997,0,26,77836232,43851304,47930072,11124,70737080,,19588040,19288084,19623820,19336288,,10828084,11198420,10771916,11052884,,11948392,12058696,11903840,12019144,,2888,2424,2932,2880,,17667984,17588936,17835748,17644412
4120,1,1421,331,66,998,0,26,77805856,43869292,47948272,11124,70737292,,19504068,19289244,19625236,19387308,,10899928,11198536,10770300,11000528,,12020132,12058888,11902268,11966984,,2888,2424,2932,2880,,17667884,17589008,17835796,17644604
4124,0,1422,331,66,999,0,26,77585276,44097220,48176368,11124,70555764,,19468672,19288332,19417732,19410540,,10941280,11198464,10980444,10977032,,12061504,12058892,12112376,11943596,,2888,2424,2932,2880,,17667908,17589092,17648924,17649840
4127,0,1423,330,66,1000,0,27,77651460,44012976,48092524,11124,70561340,,19446256,19367428,19417104,19420672,,10956428,11113816,10978720,10964012,,12076672,11974504,12110712,11930636,,2888,2424,2932,2880,,17667940,17589344,17649044,17655012
4130,1,1424,330,66,1001,0,27,77701080,43979056,48058956,11124,70561692,,19447144,19412768,19418744,19422424,,10963204,11066908,10987144,10961800,,12083520,11927748,12119208,11928480,,2888,2424,2932,2880,,17668008,17589496,17649116,17655072
4133,1,1425,330,66,1002,0,27,77716908,43960180,48040372,11124,70567132,,19463516,19416208,19406092,19431092,,10952340,11061844,10992876,10953120,,12072756,11922768,12124972,11919876,,2888,2424,2932,2880,,17668100,17589584,17649148,17660300
4136,1,1426,330,66,1003,0,27,77707832,43973280,48053744,11124,70567440,,19524256,19419040,19329388,19435148,,10897260,11058900,11067608,10949512,,12017896,11919888,12199628,11916332,,2888,2424,2932,2880,,17668312,17589648,17649100,17660380
4139,1,1427,330,66,1004,0,27,77735108,43954876,48035660,11124,70567772,,19548916,19421552,19323512,19441128,,10875160,11058760,11077336,10943620,,11995900,11919824,12209412,11910524,,2888,2424,2932,2880,,17668416,17589724,17649172,17660460
4142,1,1428,330,66,1005,0,27,77748000,43928860,48009924,11124,70568112,,19561092,19426412,19317192,19443304,,10856164,11052800,11078300,10941596,,11977000,11913920,12210452,11908552,,2888,2424,2932,2880,,17668548,17589776,17649248,17660540
4145,1,1429,330,66,1006,0,27,77734080,43950664,48031972,11124,70568364,,19563196,19432584,19291932,19446368,,10854248,11047552,11109788,10939076,,11975144,11908752,12241984,11906092,,2888,2424,2932,2880,,17668604,17589860,17649276,17660624
4148,1,1430,330,66,1007,0,27,77783656,43902128,47983788,11124,70568736,,19566216,19438472,19331708,19447260,,10854548,11041148,11068344,10938088,,11975508,11902420,12200676,11905184,,2888,2424,2932,2880,,17668668,17589936,17649412,17660720
4151,1,1431,330,66,1008,0,27,77796604,43887288,47969196,11124,70569052,,19570484,19442668,19334344,19449108,,10849716,11036452,11066056,10935064,,11970740,11897780,12198452,11902224,,2888,2424,2932,2880,,17668732,17590020,17649480,17660820
4155,0,1432,330,66,1009,0,27,77811328,43875344,47961644,11124,70573460,,19578024,19446356,19337224,19449724,,10839152,11031920,11069916,10934356,,11964340,11893328,12202392,11901584,,2888,2424,2932,2880,,17672900,17590104,17649568,17660888
4158,1,1433,330,66,1010,0,27,77840636,43844028,47930596,11124,70573752,,19582828,19447376,19359332,19451100,,10835244,11031960,11047528,10929296,,11960500,11893420,12180096,11896580,,2888,2424,2932,2880,,17672976,17590168,17649660,17660948
4161,1,1434,330,66,1011,0,27,77867076,43818152,47905028,11124,70574100,,19586608,19450660,19377264,19452544,,10832800,11027212,11029816,10928324,,11958116,11888752,12162504,11895656,,2888,2424,2932,2880,,17673028,17590280,17649800,17660992
4164,1,1435,330,66,1012,0,27,77879252,43798992,47886168,11124,70574408,,19589852,19451352,19391396,19446652,,10829404,11025656,11006828,10937104,,11954788,11887268,12139592,11904520,,2888,2424,2932,2880,,17673092,17590352,17649856,17661108
4167,1,1436,330,66,1013,0,27,77865516,43812076,47899476,11124,70574680,,19592560,19453028,19398036,19421892,,10825928,11024048,11004264,10957836,,11951372,11885716,12137104,11925284,,2888,2424,2932,2880,,17673160,17590412,17649976,17661132
4170,1,1437,330,66,1014,0,27,77864688,43818220,47905872,11124,70574928,,19595164,19453148,19401988,19414388,,10823244,11022280,11001852,10970844,,11948768,11884028,12134748,11938328,,2888,2424,2932,2880,,17673240,17590492,17650028,17661168
4173,1,1438,330,66,1015,0,27,77866004,43809268,47897136,11124,70579520,,19599812,19455376,19403932,19406884,,10814436,11018676,10998504,10977652,,11940028,11880468,12131452,11945188,,2888,2424,2932,2880,,17677672,17590540,17650084,17661224
4176,1,1439,330,66,1016,0,27,77861972,43798072,47886172,11124,70589156,,19604852,19454996,19407212,19394912,,10806936,11016872,10994844,10979420,,11932584,11878736,12127884,11946968,,2888,2424,2932,2880,,17682836,17590608,17650192,17665520
4179,1,1440,330,66,1017,0,27,77866660,43792480,47880872,11124,70594600,,19609992,19456096,19410348,19390224,,10805564,11015252,10991700,10979964,,11931268,11877172,12124796,11947636,,2888,2424,2932,2880,,17688016,17590672,17650280,17665632
4183,0,1441,330,66,1018,0,27,77808504,43841820,47932396,11124,70596848,,19611856,19459220,19410568,19326860,,10804980,11015776,10991368,11029696,,11930748,11879804,12124524,11997320,,2888,2424,2932,2880,,17688124,17592776,17650336,17665612
4186,0,1442,330,66,1019,0,27,77774264,43877360,47968152,11124,70602216,,19617900,19409976,19413848,19332540,,10798812,11052900,10988028,11037620,,11924660,11916932,12121256,12005304,,2888,2424,2932,2880,,17693316,17592804,17650404,17665692
4189,1,1443,330,66,1020,0,27,77675692,43981272,48072124,11124,70607472,,19618196,19304208,19414816,19338472,,10799400,11155544,10986060,11040268,,11925292,12019452,12119364,12008016,,2888,2424,2932,2880,,17693380,17592680,17650492,17670920
4192,1,1444,330,66,1021,0,27,77685284,43990608,48081776,11124,70617744,,19603716,19290984,19416220,19374364,,10808184,11184404,10986988,11011032,,11934124,12048368,12120376,11978908,,2888,2424,2932,2880,,17698516,17592732,17650572,17675924
4195,1,1445,330,66,1022,0,27,77657712,44023952,48115324,11124,70627612,,19536552,19295088,19418308,19407764,,10876604,11183760,10985308,10978280,,12002496,12047768,12118760,11946300,,2888,2424,2932,2880,,17703580,17597056,17650668,17676308
4198,1,1446,330,66,1023,0,27,77680816,43987304,48079020,11124,70633104,,19501608,19321284,19419216,19438708,,10906028,11155928,10984500,10940848,,12031940,12020068,12118024,11908988,,2888,2424,2932,2880,,17703608,17597196,17650748,17681552
4201,1,1447,330,66,1024,0,27,77732032,43940812,48032892,11124,70643708,,19486256,19383772,19419032,19442972,,10927928,11092772,10983504,10936608,,12053884,11957112,12117084,11904812,,2888,2424,2932,2880,,17708756,17602532,17650796,17681624
4204,1,1448,330,66,1025,0,27,77800280,43873496,47965964,11124,70649232,,19500944,19428940,19420104,19450292,,10913156,11048256,10982172,10929912,,12039204,11912752,12115824,11898184,,2888,2424,2932,2880,,17708856,17602692,17650876,17686808
4207,1,1449,330,66,1026,0,27,77776452,43901280,47993956,11124,70659680,,19522336,19437276,19361356,19455484,,10894220,11041908,11038936,10926216,,12020368,11906468,12172568,11894552,,2888,2424,2932,2880,,17714072,17607888,17650856,17686864
4211,0,1450,330,66,1027,0,27,77804436,43883924,47976876,11124,70670208,,19575340,19440016,19325912,19463168,,10844128,11037000,11082852,10919944,,11970432,11901608,12216492,11888344,,2888,2424,2932,2880,,17719340,17607948,17650868,17692052
4214,1,1451,330,66,1028,0,27,77856548,43829828,47923132,11124,70680816,,19609016,19448328,19325516,19473688,,10807664,11026716,11085836,10909612,,11934112,11891384,12219536,11878100,,2888,2424,2932,2880,,17719488,17613124,17650940,17697264
4217,1,1452,330,66,1029,0,27,77856616,43819640,47913200,11124,70686212,,19610048,19457964,19312660,19475944,,10805420,11018252,11089904,10906064,,11931944,11883004,12223644,11874608,,2888,2424,2932,2880,,17719564,17618324,17650980,17697344
4220,1,1453,330,66,1030,0,27,77889848,43793152,47887028,11124,70696808,,19618884,19462312,19324160,19484492,,10800368,11014496,11082828,10895460,,11926952,11879304,12216700,11864072,,2888,2424,2932,2880,,17724744,17618384,17651116,17702564
4223,1,1454,330,66,1031,0,27,77907888,43757116,47851236,11124,70697096,,19622044,19469092,19332112,19484640,,10797612,11006344,11056808,10896352,,11924252,11871196,12190776,11865012,,2888,2424,2932,2880,,17724828,17618456,17651208,17702604
4226,1,1455,330,66,1032,0,27,77939312,43726076,47820480,11124,70712716,,19630164,19478524,19339316,19491308,,10784932,10996964,11054600,10889580,,11911628,11861884,12188644,11858324,,2888,2424,2932,2880,,17729996,17623644,17651280,17707796
4229,1,1456,330,66,1033,0,27,77981468,43695496,47790224,11124,70723292,,19641524,19485320,19362084,19492540,,10775860,10993136,11037628,10888872,,11902604,11858120,12171808,11857692,,2888,2424,2932,2880,,17735168,17628832,17651412,17707880
4232,1,1457,330,66,1034,0,27,78012156,43660312,47755316,11124,70728748,,19647100,19486528,19380096,19498432,,10770280,10989440,11016836,10883756,,11897080,11854492,12151108,11852636,,2888,2424,2932,2880,,17735232,17628932,17651508,17713076
4235,1,1458,330,66,1035,0,27,78034576,43636012,47731368,11124,70739340,,19655620,19494196,19382624,19502136,,10760700,10981968,11014888,10878456,,11887588,11847116,12149244,11847420,,2888,2424,2932,2880,,17740436,17634136,17651588,17713180
4239,0,1459,330,66,1036,0,27,78017180,43640332,47735836,11124,70744612,,19656624,19494796,19399136,19466624,,10761024,10981496,10994140,10903672,,11887972,11846688,12128584,11872592,,2888,2424,2932,2880,,17740500,17634180,17651676,17718256
4242,0,1460,330,66,1037,0,27,78033152,43631388,47727148,11124,70755276,,19662996,19501616,19401844,19466696,,10754180,10973844,10994168,10909196,,11881196,11839088,12128676,11878188,,2888,2424,2932,2880,,17745832,17639364,17651740,17718340
4245,1,1461,330,66,1038,0,27,78052348,43601888,47697940,11124,70770088,,19673460,19502064,19404108,19472716,,10743696,10971572,10978392,10908228,,11870748,11836880,12112996,11877316,,2888,2424,2932,2880,,17755256,17639432,17651840,17723560
4248,1,1462,330,66,1039,0,27,78068396,43589492,47685848,11124,70785140,,19674252,19508548,19410080,19475516,,10742660,10966124,10975416,10905292,,11869800,11831512,12110088,11874448,,2888,2424,2932,2880,,17755344,17644648,17651996,17733152
4251,1,1463,330,66,1040,0,27,78081264,43555704,47652368,11124,70794872,,19680736,19514724,19413080,19472724,,10735480,10955500,10974096,10890628,,11862712,11820968,12108820,11859868,,2888,2424,2932,2880,,17760584,17649000,17652052,17733236
4254,1,1464,330,66,1041,0,27,78048004,43597572,47694380,11124,70809684,,19685028,19523100,19411884,19427992,,10729920,10950344,10973076,10944232,,11857212,11815868,12107876,11913424,,2888,2424,2932,2880,,17764960,17654288,17652124,17738312
4257,1,1465,330,66,1042,0,27,77999052,43644196,47741180,11124,70820136,,19694736,19488864,19415220,19400232,,10722248,10978568,10975956,10967424,,11849608,11844088,12110828,11936656,,2888,2424,2932,2880,,17775268,17654280,17652236,17738352
4261,0,1466,330,66,1043,0,27,77945172,43709392,47806492,11124,70836252,,19695384,19420896,19417204,19411688,,10721460,11051420,10976612,10959900,,11848848,11916868,12111560,11929216,,2888,2424,2932,2880,,17775304,17664760,17652316,17743872
4264,1,1467,330,66,1044,0,27,77913160,43763656,47861024,11124,70857008,,19685580,19369824,19418568,19439188,,10733612,11110740,10977804,10941500,,11861048,11976192,12112828,11910956,,2888,2424,2932,2880,,17785596,17669884,17652388,17749140
4267,1,1468,330,66,1045,0,27,77936964,43726292,47823956,11124,70867604,,19671296,19375608,19419588,19470472,,10734600,11107252,10974356,10910084,,11862084,11972764,12109448,11879660,,2888,2424,2932,2880,,17790768,17675104,17652456,17749276
4270,1,1469,330,66,1046,0,27,77945100,43719628,47817500,11124,70893528,,19618960,19400460,19420868,19504812,,10788224,11085032,10971684,10874688,,11915652,11950644,12106812,11844392,,2888,2424,2932,2880,,17801020,17685440,17652528,17754540
4273,1,1470,330,66,1047,0,27,77977216,43693928,47792164,11124,70904100,,19592792,19447000,19418688,19518736,,10826656,11035516,10971436,10860320,,11954112,11901292,12106636,11830124,,2888,2424,2932,2880,,17806156,17685596,17652600,17759748
4276,1,1471,330,66,1048,0,27,78028184,43631196,47729788,11124,70914788,,19606720,19479128,19420300,19522036,,10806604,10993740,10973556,10857296,,11934124,11859640,12108848,11827176,,2888,2424,2932,2880,,17811340,17690880,17652704,17759864
4279,1,1472,330,66,1049,0,27,78055952,43616392,47715344,11124,70929172,,19628312,19518408,19384164,19525068,,10793232,10956452,11013824,10852884,,11920868,11822520,12149104,11822852,,2888,2424,2932,2880,,17820888,17691028,17656964,17760292
4282,1,1473,330,66,1050,0,27,78072036,43585716,47689688,11124,70942580,,19688060,19521236,19334044,19528696,,10726204,10954216,11056336,10848960,,11858760,11820380,12191576,11818972,,2888,2424,2932,2880,,17834160,17691156,17656924,17760340
4285,1,1474,330,66,1051,0,27,78129452,43524308,47624068,11124,70943620,,19740676,19524556,19332284,19531936,,10660924,10950852,11066084,10846448,,11789092,11817076,12201380,11816520,,2888,2424,2932,2880,,17829880,17691224,17662124,17760392
4289,0,1475,330,66,1052,0,27,78032896,43605724,47705620,11124,70948172,,19650776,19529644,19316084,19536392,,10749176,10945580,11070952,10840016,,11877324,11811864,12206288,11810144,,2888,2424,2932,2880,,17829748,17691540,17666436,17760448
4292,1,1476,330,66,1053,0,27,78028928,43626500,47726612,11124,70953524,,19645780,19535020,19308032,19540096,,10754872,10941896,11089040,10840692,,11883036,11808244,12224428,11810904,,2888,2424,2932,2880,,17829780,17691596,17671608,17760540
4295,1,1477,330,66,1054,0,27,78084424,43587284,47687772,11124,70959040,,19647808,19540136,19354536,19541944,,10762032,10935536,11052636,10837080,,11890252,11801972,12188192,11807356,,2888,2424,2932,2880,,17829828,17691688,17676932,17760592
4298,1,1478,330,66,1055,0,27,78113496,43556492,47657276,11124,70964576,,19658440,19545264,19365560,19544232,,10756492,10932000,11035456,10832544,,11884796,11798516,12171092,11802872,,2888,2424,2932,2880,,17829920,17691836,17682176,17760644
4301,1,1479,330,66,1056,0,27,78182464,43491876,47593072,11124,70964992,,19715460,19548600,19372180,19546224,,10696332,10929000,11035708,10830836,,11824864,11795572,12171412,11801224,,2888,2424,2932,2880,,17830140,17691888,17682248,17760716
4305,1,1480,330,66,1057,0,27,78227108,43449956,47551448,11124,70970456,,19719604,19549572,19409380,19548552,,10697852,10927456,10996056,10828592,,11826412,11794076,12131888,11799072,,2888,2424,2932,2880,,17830180,17691952,17687532,17760792
4308,1,1481,330,66,1058,0,27,78268852,43396004,47510180,11124,70988332,,19723612,19551296,19444996,19548948,,10692212,10925000,10948192,10830600,,11820820,11791688,12096520,11801152,,2888,2424,2932,2880,,17830220,17692040,17705200,17760872
4311,1,1482,330,66,1059,0,27,77881176,43786672,47888676,11124,70790752,,19727408,19551948,19301856,19299964,,10686596,10923804,11107400,11068872,,11815248,11790596,12243560,12039272,,2888,2424,2932,2880,,17830260,17692140,17692988,17575364
4316,1,1483,329,66,1060,0,28,77745208,43923732,48025320,11124,70663920,,19579808,19553948,19310936,19300516,,10826752,10922532,11096752,11077696,,11954992,11789408,12232784,12048136,,2888,2424,2932,2880,,17698500,17692228,17697756,17575436
4319,1,1484,328,66,1061,0,29,77747700,43933420,48035224,11124,70664340,,19582544,19556192,19307708,19301256,,10833240,10920112,11100988,11079080,,11961528,11787036,12237072,12049588,,2888,2424,2932,2880,,17698548,17692276,17698008,17575508
4322,1,1485,328,66,1062,0,29,77747256,43944404,48048504,11124,70671896,,19588008,19558252,19312088,19288908,,10838008,10918116,11096468,11091812,,11966376,11787096,12232620,12062412,,2888,2424,2932,2880,,17698664,17694436,17703192,17575604
4326,0,1486,328,66,1063,0,29,77787668,43901972,48006476,11124,70672260,,19591684,19558872,19373928,19263184,,10832504,10915868,11034332,11119268,,11960904,11784976,12170712,12089884,,2888,2424,2932,2880,,17698736,17694496,17703412,17575616
4329,0,1487,328,66,1064,0,29,77814676,43881944,47986772,11124,70677792,,19594684,19560660,19437152,19222180,,10830668,10915256,10966068,11169952,,11959128,11784420,12102672,12140552,,2888,2424,2932,2880,,17698832,17694584,17708772,17575604
4332,1,1488,328,66,1065,0,29,77765456,43903956,48008948,11124,70677976,,19596180,19511644,19441424,19216208,,10830152,10941656,10961940,11170208,,11958664,11810828,12098596,12140860,,2888,2424,2932,2880,,17698916,17694588,17708816,17575656
4335,1,1489,328,66,1066,0,29,77741480,43924892,48033240,11124,70686640,,19596104,19459168,19448736,19237472,,10827576,10993032,10952888,11151396,,11956148,11862164,12089608,12125320,,2888,2424,2932,2880,,17698976,17694556,17714000,17579108
4338,1,1490,328,66,1067,0,29,77720972,43915580,48022900,11124,70685556,,19597664,19402532,19452228,19268548,,10825936,11063404,10948868,11077372,,11954576,11932516,12085656,12050152,,2888,2424,2932,2880,,17699068,17694532,17714072,17577884
4342,0,1491,328,66,1068,0,29,77690708,44004640,48110584,11124,70689368,,19598788,19389236,19461804,19240880,,10823560,11090552,10939920,11150608,,11952284,11959704,12076800,12121796,,2888,2424,2932,2880,,17699160,17694604,17719288,17576316
4345,1,1492,328,66,1069,0,29,77744072,43952552,48058852,11124,70689752,,19598520,19430992,19466292,19248268,,10822768,11053696,10934476,11141612,,11951556,11923020,12071432,12112844,,2888,2424,2932,2880,,17699224,17694780,17719364,17576384
4348,1,1493,328,66,1070,0,29,77736688,43955820,48062404,11124,70695188,,19542312,19472740,19477788,19243848,,10877396,11010120,10924284,11144020,,12006172,11879612,12061292,12115328,,2888,2424,2932,2880,,17699212,17694948,17724572,17576456
4351,1,1494,328,66,1071,0,29,77762284,43933556,48040392,11124,70695440,,19542804,19491756,19482388,19245336,,10883288,10986980,10916880,11146408,,12012116,11856564,12053956,12117756,,2888,2424,2932,2880,,17699260,17695044,17724636,17576500
4354,1,1495,328,66,1072,0,29,77818748,43871784,47979032,11124,70700988,,19543208,19520724,19491260,19263556,,10884256,10951852,10907616,11128060,,12013160,11821580,12044764,12099528,,2888,2424,2932,2880,,17699340,17695172,17729852,17576624
4357,1,1496,328,66,1073,0,29,77870680,43807352,47915004,11124,70701440,,19541880,19523616,19492928,19312256,,10875356,10950132,10904504,11077360,,12004344,11819932,12041728,12049000,,2888,2424,2932,2880,,17699420,17695268,17729940,17576812
4360,1,1497,328,66,1074,0,29,77871208,43807236,47915168,11124,70706840,,19526404,19528400,19500224,19316180,,10895176,10944928,10895920,11071212,,12024220,11814800,12033228,12042920,,2888,2424,2932,2880,,17699476,17695340,17735136,17576888
4363,1,1498,328,66,1075,0,29,77849644,43816284,47924424,11124,70707048,,19495888,19532112,19500696,19320948,,10912284,10940980,10895676,11067344,,12041340,11810932,12033048,12039104,,2888,2424,2932,2880,,17699492,17695416,17735204,17576936
4367,0,1499,328,66,1076,0,29,77859500,43812864,47921248,11124,70707324,,19496132,19538276,19501808,19323284,,10917060,10933216,10898140,11064448,,12046180,11803228,12035572,12036268,,2888,2424,2932,2880,,17699548,17695516,17735264,17576996
